EVENT_ID,CZ_NAME_STR,BEGIN_LOCATION,BEGIN_DATE,BEGIN_TIME,EVENT_TYPE,MAGNITUDE,TOR_F_SCALE,DEATHS_DIRECT,INJURIES_DIRECT,DAMAGE_PROPERTY_NUM,DAMAGE_CROPS_NUM,STATE_ABBR,CZ_TIMEZONE,MAGNITUDE_TYPE,EPISODE_ID,CZ_TYPE,CZ_FIPS,WFO,INJURIES_INDIRECT,DEATHS_INDIRECT,SOURCE,FLOOD_CAUSE,TOR_LENGTH,TOR_WIDTH,BEGIN_RANGE,BEGIN_AZIMUTH,END_RANGE,END_AZIMUTH,END_LOCATION,END_DATE,END_TIME,BEGIN_LAT,BEGIN_LON,END_LAT,END_LON,EVENT_NARRATIVE,EPISODE_NARRATIVE,ABSOLUTE_ROWNUMBER
77891,DEKALB CO.,VALLEY HEAD,01/10/2008,1930,Flash Flood, , ,0,0,5000,0,AL,CST-6, ,13875,C,49,HUN,0,0,Emergency Manager,Heavy Rain, , ,0.36,NNW,0.31,N,VALLEY HEAD,01/10/2008,2030,34.5746,-85.6329,34.5739,-85.6302,"Heavy rainfall from training thunderstorms produced flood waters of one foot in depth on Lowery Road near Hammondville.","A low pressure system moved northeast from eastern Kansas into the Great Lakes region, while rapidly deepening.  Numerous strong to severe thunderstorms developed ahead of a strong trailing cold front which pushed in northwest Alabama during the afternoon hours and into northwestern Georgia after midnight. Some of these severe storms produced isolated reports of hail and flash flooding.",1
75623,MOBILE CO.,TANNER WILLIAMS,01/31/2008,1940,Flash Flood, , ,0,0,0,0,AL,CST-6, ,13545,C,97,MOB,0,0,Emergency Manager,Heavy Rain, , ,0,N,0,N,MOFFET,01/31/2008,2100,30.72,-88.37,30.85,-88.38,"","Heavy rains of 3 to 5 inches in the eastern part of Escambia County flooded secondary roads which had to be closed for an hour. Additional heavy rains of 4 to 5 inches caused secondary roads to also be closed in northern Baldwin County for an hour. Street flooding was also observed west of Big Creek Lake in Mobile County where some roads were impassable.",2
75619,ESCAMBIA CO.,BOYKIN,01/31/2008,2100,Flash Flood, , ,0,0,0,0,AL,CST-6, ,13545,C,53,MOB,0,0,Emergency Manager,Heavy Rain, , ,0,N,0,N,DIXIE,01/31/2008,2200,31.15,-86.88,31.15,-86.73,"","Heavy rains of 3 to 5 inches in the eastern part of Escambia County flooded secondary roads which had to be closed for an hour. Additional heavy rains of 4 to 5 inches caused secondary roads to also be closed in northern Baldwin County for an hour. Street flooding was also observed west of Big Creek Lake in Mobile County where some roads were impassable.",3
75622,BALDWIN CO.,STOCKTON,01/31/2008,2100,Flash Flood, , ,0,0,0,0,AL,CST-6, ,13545,C,3,MOB,0,0,Emergency Manager,Heavy Rain, , ,0,N,0,N,PERDIDO,01/31/2008,2200,31,-87.85,31.02,-87.63,"","Heavy rains of 3 to 5 inches in the eastern part of Escambia County flooded secondary roads which had to be closed for an hour. Additional heavy rains of 4 to 5 inches caused secondary roads to also be closed in northern Baldwin County for an hour. Street flooding was also observed west of Big Creek Lake in Mobile County where some roads were impassable.",4
83689,MARSHALL CO.,ARAB,02/06/2008,634,Flash Flood, , ,0,0,27000,0,AL,CST-6, ,14728,C,95,HUN,0,0,Emergency Manager,Heavy Rain, , ,1.95,W,1.84,W,ARAB,02/06/2008,734,34.3209,-86.5342,34.3244,-86.5309,"A bridge was reported washed out near Sundown drive one mile west of Arab.  Ankle deep water was reported at a residence 1 mile south of Arab.","The WFO Huntsville County Warning Area experienced the worst tornado outbreak in 19 years on February 6, 2008.  While the number of observed tornadoes was low (4), the area experienced two EF-4 tornadoes, the first time the area has witnessed more than one devastating tornado on the same day since 1974.  ||This event was part of a large tornado outbreak which spanned both February 5th (Super Tuesday) and 6th (Wednesday).  A series of tornadic supercell thunderstorms swept across the Mid-South and Southeast states ahead of a potent cold front.",5
83692,MARSHALL CO.,ALBERTVILLE,02/06/2008,639,Flash Flood, , ,0,0,0,0,AL,CST-6, ,14728,C,95,HUN,0,0,Emergency Manager,Heavy Rain, , ,0.88,NW,0.79,S,LANE,02/06/2008,739,34.2782,-86.2317,34.298,-86.2291,"Flash flooding was reported on several streets in Albertville including Highway 205 and Rose Road.","The WFO Huntsville County Warning Area experienced the worst tornado outbreak in 19 years on February 6, 2008.  While the number of observed tornadoes was low (4), the area experienced two EF-4 tornadoes, the first time the area has witnessed more than one devastating tornado on the same day since 1974.  ||This event was part of a large tornado outbreak which spanned both February 5th (Super Tuesday) and 6th (Wednesday).  A series of tornadic supercell thunderstorms swept across the Mid-South and Southeast states ahead of a potent cold front.",6
90714,LOWNDES CO.,COLLIRENE,03/04/2008,605,Flash Flood, , ,0,0,0,0,AL,CST-6, ,15835,C,85,BMX,0,0,Emergency Manager,Heavy Rain, , ,0.48,SSE,0.61,S,COLLIRENE,03/04/2008,605,32.1734,-86.8273,32.1736,-86.8286,"Residents of a home in the Collirene Community had to be rescued, after becoming trapped in the home due to flash flooding.","An intense upper level disturbance and associated surface cold front helped produce locally heavy rain and isolated severe weather, including two tornadoes, across central Alabama.",7
92348,LAUDERDALE CO.,ROGERSVILLE,04/04/2008,824,Flash Flood, , ,0,0,1000,0,AL,CST-6, ,15463,C,77,HUN,0,0,Emergency Manager,Heavy Rain, , ,0.57,W,0.79,W,ROGERSVILLE,04/04/2008,930,34.83,-87.29,34.8311,-87.2974,"Minor flash flooding occurred in many locations across the Rogersville community.","Numerous strong to severe thunderstorms developed ahead of a cold front across northern Alabama during the morning of April 4th.  Scattered wind damage and isolated tornadoes impacted the area.",8
93019,MOBILE CO.,GRAND BAY,04/05/2008,200,Flash Flood, , ,0,0,15000,0,AL,CST-6, ,16169,C,97,MOB,0,0,Newspaper,Heavy Rain, , ,0,N,0,N,MOBILE BROOKLEY FLD,04/05/2008,700,30.47,-88.35,30.62,-88.05,"","Heavy rainfall fell across the coastal counties on April 5.  The heavy rainfall caused several streets to flood across the area.  Many streets had to be closed because of high water for several hours.  A couple of cars were partially submerged by the high water.  Rainfall totals across the two counties were estimated to be between six and nine inches.  The high water also caused Bayou Sara in Mobile county to rise above flood stage on April 5.  Both the Styx and the Fish rivers in Baldwin counties also rose above flood stage on April 6.  Water approached homes in both counties, but never made it into any of them.",9
93020,BALDWIN CO.,FAIRHOPE,04/05/2008,200,Flash Flood, , ,0,0,10000,0,AL,CST-6, ,16169,C,3,MOB,0,0,Newspaper,Heavy Rain, , ,0,N,5,NE,SEMINOLE,04/05/2008,1000,30.52,-87.9,30.52,-87.48,"","Heavy rainfall fell across the coastal counties on April 5.  The heavy rainfall caused several streets to flood across the area.  Many streets had to be closed because of high water for several hours.  A couple of cars were partially submerged by the high water.  Rainfall totals across the two counties were estimated to be between six and nine inches.  The high water also caused Bayou Sara in Mobile county to rise above flood stage on April 5.  Both the Styx and the Fish rivers in Baldwin counties also rose above flood stage on April 6.  Water approached homes in both counties, but never made it into any of them.",10
93322,CHOCTAW CO.,GILBERTOWN,04/11/2008,1800,Flash Flood, , ,0,0,0,0,AL,CST-6, ,16218,C,23,MOB,0,0,Emergency Manager,Heavy Rain, , ,6,W,1,S,ISNEY,04/11/2008,2100,31.87,-88.4223,31.7076,-88.45,"","Heavy rains on April 11 caused temporary street flooding.  Rainfall totals of three to four inches caused several streets across rural parts of southwest Alabama to temporary flood.  The streets had to be closed for several hours due to the high water.",11
93324,CLARKE CO.,COFFEEVILLE,04/11/2008,1800,Flash Flood, , ,0,0,0,0,AL,CST-6, ,16218,C,25,MOB,0,0,Emergency Manager,Heavy Rain, , ,0,S,0,E,COFFEEVILLE,04/11/2008,2100,31.75,-88.1,31.75,-88.0319,"","Heavy rains on April 11 caused temporary street flooding.  Rainfall totals of three to four inches caused several streets across rural parts of southwest Alabama to temporary flood.  The streets had to be closed for several hours due to the high water.",12
93326,WASHINGTON CO.,MILLRY,04/11/2008,1800,Flash Flood, , ,0,0,0,0,AL,CST-6, ,16218,C,129,MOB,0,0,Emergency Manager,Heavy Rain, , ,4,NW,0,WSW,MILLRY,04/11/2008,2100,31.6709,-88.3681,31.6079,-88.3828,"","Heavy rains on April 11 caused temporary street flooding.  Rainfall totals of three to four inches caused several streets across rural parts of southwest Alabama to temporary flood.  The streets had to be closed for several hours due to the high water.",13
93333,WASHINGTON CO.,COPELAND CO,04/18/2008,2100,Flash Flood, , ,0,0,0,0,AL,CST-6, ,16221,C,129,MOB,0,0,Emergency Manager,Heavy Rain, , ,0,SW,2,SW,YELLOW PINE,04/18/2008,2230,31.57,-88.43,31.3795,-88.454,"","Heavy rains on April 18 caused temporary street flooding across the central part of Washington county.  Several side roads had to be closed for more than an hour due to flooding.  Four to five inches of rain fell across the area in a three hour period.",14
104654,MOBILE CO.,MOFFET,05/03/2008,900,Flash Flood, , ,0,0,0,0,AL,CST-6, ,18008,C,97,MOB,0,0,Emergency Manager,Heavy Rain, , ,2.53,NW,1.33,ENE,CHUNCHULA,05/03/2008,1000,30.8763,-88.4097,30.9305,-88.1625,"","Heavy rains fell across the central part of Mobile county causing temporary flooding of streets and secondary roads.  Some of the roads had to be closed for about an hour due to the high water.  Rainfall totals of three to four inches fell across the central part of the county.",15
104673,BALDWIN CO.,MONTROSE,05/16/2008,830,Flash Flood, , ,0,0,10000,0,AL,CST-6, ,18010,C,3,MOB,0,0,Emergency Manager,Heavy Rain, , ,1.47,SSE,2.36,NNE,SEMINOLE,05/16/2008,1000,30.5493,-87.8947,30.5528,-87.4704,"","Heavy rains fell across the south parts of Mobile and Baldwin counties and caused temporary flooding of streets and secondary roads.  Some of the roads had to be closed for more than an hour due to the heavy rains.  The roads that were flooded were generally south of I-10.  The heavy rains caused soil to be washed away at a construction site in Fairhope.  Rainfall totals of three to four inches fell across the area.",16
104672,MOBILE CO.,GRAND BAY,05/16/2008,830,Flash Flood, , ,0,0,0,0,AL,CST-6, ,18010,C,97,MOB,0,0,Emergency Manager,Heavy Rain, , ,2.03,WSW,4.55,E,SOUTH ORCHARD,05/16/2008,1000,30.4605,-88.3823,30.4729,-88.1234,"","Heavy rains fell across the south parts of Mobile and Baldwin counties and caused temporary flooding of streets and secondary roads.  Some of the roads had to be closed for more than an hour due to the heavy rains.  The roads that were flooded were generally south of I-10.  The heavy rains caused soil to be washed away at a construction site in Fairhope.  Rainfall totals of three to four inches fell across the area.",17
106414,LAUDERDALE CO.,ZIP CITY,05/27/2008,730,Flash Flood, , ,0,0,0,0,AL,CST-6, ,18153,C,77,HUN,0,0,Emergency Manager,Heavy Rain, , ,2.23,N,0.59,N,ZIP CITY,05/27/2008,1630,34.9823,-87.6709,34.9754,-87.6686,"Heavy rainfall and resulting flash flooding caused county road 298 to be closed.","On the morning of June 27th, strong to severe thunderstorms formed along multiple pre-frontal boundaries ahead of a slow moving cold front over northern Tennessee. As these rounds of thunderstorm activity moved southeast, several rounds of heavy rainfall occurred west of interstate 65. Several flash flooding ocurrences and heavy rainfall totals were a result across northwestern Alabama before the cold front pushed south of the area on the morning of the 28th. Scattered damaging winds also occured with these severe storms.",18
106118,LAWRENCE CO.,MT MORIAH,05/27/2008,730,Flash Flood, , ,0,0,0,0,AL,CST-6, ,18153,C,79,HUN,0,0,Emergency Manager,Heavy Rain, , ,0.61,NW,0.81,NNW,MT MORIAH,05/27/2008,1330,34.5569,-87.2266,34.5596,-87.2236,"Slow moving thunderstorms across the area produced flash flooding with two feet of water reported over the road.","On the morning of June 27th, strong to severe thunderstorms formed along multiple pre-frontal boundaries ahead of a slow moving cold front over northern Tennessee. As these rounds of thunderstorm activity moved southeast, several rounds of heavy rainfall occurred west of interstate 65. Several flash flooding ocurrences and heavy rainfall totals were a result across northwestern Alabama before the cold front pushed south of the area on the morning of the 28th. Scattered damaging winds also occured with these severe storms.",19
106147,LAUDERDALE CO.,ROGERSVILLE,05/27/2008,732,Flash Flood, , ,0,0,5000,0,AL,CST-6, ,18153,C,77,HUN,0,0,Emergency Manager,Heavy Rain, , ,1.96,W,1.04,W,ROGERSVILLE,05/27/2008,1330,34.834,-87.3142,34.8278,-87.3047,"Torrential  rainfall inundated the area of downtown Rogersville along and near Lee Street.  Here, several inches of water was reported over roadways and water rose over sidewalks and entered downtown businessess as well. Particularly hard hit was Barabara's Wedding Shop at the corner of Lee street and Wheeler street.","On the morning of June 27th, strong to severe thunderstorms formed along multiple pre-frontal boundaries ahead of a slow moving cold front over northern Tennessee. As these rounds of thunderstorm activity moved southeast, several rounds of heavy rainfall occurred west of interstate 65. Several flash flooding ocurrences and heavy rainfall totals were a result across northwestern Alabama before the cold front pushed south of the area on the morning of the 28th. Scattered damaging winds also occured with these severe storms.",20
112231,LAUDERDALE CO.,OLIVER,05/27/2008,732,Flash Flood, , ,0,0,0,0,AL,CST-6, ,18153,C,77,HUN,0,0,Newspaper,Heavy Rain, , ,0.65,N,0.67,NW,OLIVER,05/27/2008,1332,34.8294,-87.2509,34.8205,-87.2505,"Heavy rainfall and flash flooding caused the county road department to close county road 562.","On the morning of June 27th, strong to severe thunderstorms formed along multiple pre-frontal boundaries ahead of a slow moving cold front over northern Tennessee. As these rounds of thunderstorm activity moved southeast, several rounds of heavy rainfall occurred west of interstate 65. Several flash flooding ocurrences and heavy rainfall totals were a result across northwestern Alabama before the cold front pushed south of the area on the morning of the 28th. Scattered damaging winds also occured with these severe storms.",21
106299,LIMESTONE CO.,RIPLEY,05/27/2008,800,Flash Flood, , ,0,0,500,0,AL,CST-6, ,18153,C,83,HUN,0,0,Emergency Manager,Heavy Rain, , ,2.92,NNE,3.16,WNW,BLACKBURN,05/27/2008,1630,34.79,-87.1031,34.79,-87.1,"Heavy rainfall caused several inches of running water in residences along Lakeview Street near 7 Mile Post Road.","On the morning of June 27th, strong to severe thunderstorms formed along multiple pre-frontal boundaries ahead of a slow moving cold front over northern Tennessee. As these rounds of thunderstorm activity moved southeast, several rounds of heavy rainfall occurred west of interstate 65. Several flash flooding ocurrences and heavy rainfall totals were a result across northwestern Alabama before the cold front pushed south of the area on the morning of the 28th. Scattered damaging winds also occured with these severe storms.",22
106294,LAWRENCE CO.,FLOWER HILL,05/27/2008,800,Flash Flood, , ,0,0,0,0,AL,CST-6, ,18153,C,79,HUN,0,0,Emergency Manager,Heavy Rain, , ,0.97,W,1.61,NNW,FLOWER HILL,05/27/2008,1630,34.6795,-87.167,34.6858,-87.1519,"Very heavy rainfall caused rising water to flow under recreational vehicles at the Mallard Creek Wildlife management area.","On the morning of June 27th, strong to severe thunderstorms formed along multiple pre-frontal boundaries ahead of a slow moving cold front over northern Tennessee. As these rounds of thunderstorm activity moved southeast, several rounds of heavy rainfall occurred west of interstate 65. Several flash flooding ocurrences and heavy rainfall totals were a result across northwestern Alabama before the cold front pushed south of the area on the morning of the 28th. Scattered damaging winds also occured with these severe storms.",23
106330,LAUDERDALE CO.,ELGIN,05/27/2008,830,Flash Flood, , ,0,0,0,0,AL,CST-6, ,18153,C,77,HUN,0,0,Emergency Manager,Heavy Rain, , ,1.18,NW,0.61,ESE,HUSTONTOWN,05/27/2008,1630,34.8599,-87.3969,34.8197,-87.4036,"Heavy rainfall caused several inches of running water to accumulate over county road 51 near Toonersville.","On the morning of June 27th, strong to severe thunderstorms formed along multiple pre-frontal boundaries ahead of a slow moving cold front over northern Tennessee. As these rounds of thunderstorm activity moved southeast, several rounds of heavy rainfall occurred west of interstate 65. Several flash flooding ocurrences and heavy rainfall totals were a result across northwestern Alabama before the cold front pushed south of the area on the morning of the 28th. Scattered damaging winds also occured with these severe storms.",24
106598,LAUDERDALE CO.,THREET,05/27/2008,830,Flash Flood, , ,1,0,30000,0,AL,CST-6, ,18153,C,77,HUN,0,0,Emergency Manager,Heavy Rain, , ,2,SSW,0,NNE,RHODESVILLE,05/27/2008,1630,34.923,-87.8326,34.9048,-87.8494,"Rounds of thunderstorms producing very heavy rainfall caused several inches of water to cover the roadway on the Natchez Parkway, about a half mile from the Alabama Highway 20 intersection near Central Heights. This caused a 72 year old man to hydroplane off the road at this location into a nearby creek, which was 7 to 8 feet deep.  Tragically, he was unable to swim to shore and passed away.","On the morning of June 27th, strong to severe thunderstorms formed along multiple pre-frontal boundaries ahead of a slow moving cold front over northern Tennessee. As these rounds of thunderstorm activity moved southeast, several rounds of heavy rainfall occurred west of interstate 65. Several flash flooding ocurrences and heavy rainfall totals were a result across northwestern Alabama before the cold front pushed south of the area on the morning of the 28th. Scattered damaging winds also occured with these severe storms.",25
106395,COLBERT CO.,LEIGHTON,05/27/2008,930,Flash Flood, , ,0,0,0,0,AL,CST-6, ,18153,C,33,HUN,0,0,Emergency Manager,Heavy Rain, , ,0.8,WNW,0.51,WSW,LEIGHTON,05/27/2008,1630,34.7033,-87.5335,34.6966,-87.5353,"Heavy rainfall from training thunderstorms produced several inches of running water over several roadways in the Leighton community.","On the morning of June 27th, strong to severe thunderstorms formed along multiple pre-frontal boundaries ahead of a slow moving cold front over northern Tennessee. As these rounds of thunderstorm activity moved southeast, several rounds of heavy rainfall occurred west of interstate 65. Several flash flooding ocurrences and heavy rainfall totals were a result across northwestern Alabama before the cold front pushed south of the area on the morning of the 28th. Scattered damaging winds also occured with these severe storms.",26
106353,COLBERT CO.,CHEROKEE,05/27/2008,1100,Flash Flood, , ,0,0,0,0,AL,CST-6, ,18153,C,33,HUN,0,0,Emergency Manager,Heavy Rain, , ,0.69,N,1.46,NE,CHEROKEE,05/27/2008,1630,34.76,-87.97,34.7598,-87.9563,"Very heavy rainfall caused many streets in the Cherokee community to flood.  Some roads, including a portion of North Pike Street was closed due to flash flooding. Some reports of between 6 inches and 1 foot of water over roadways were received. One report of water 2 feet deep at the intersection of Mulberry Lane and Georgetown Road was received. Other streets which were heavily affected by this flash flooding were:  Pine Street, 6th Street, Mulberry Lane, Georgetown Road, and Virginia Street.","On the morning of June 27th, strong to severe thunderstorms formed along multiple pre-frontal boundaries ahead of a slow moving cold front over northern Tennessee. As these rounds of thunderstorm activity moved southeast, several rounds of heavy rainfall occurred west of interstate 65. Several flash flooding ocurrences and heavy rainfall totals were a result across northwestern Alabama before the cold front pushed south of the area on the morning of the 28th. Scattered damaging winds also occured with these severe storms.",27
106373,COLBERT CO.,SPRING VLY,05/27/2008,1158,Flash Flood, , ,0,0,0,0,AL,CST-6, ,18153,C,33,HUN,0,0,Fire Department/Rescue,Heavy Rain, , ,1,NNE,1.16,NE,SPRING VLY,05/27/2008,1630,34.6629,-87.6219,34.6574,-87.6204,"Heavy rainfall produced flash flooding across the road between Old Highway 20 and 6th Street near the Spring Valley Fire Department.","On the morning of June 27th, strong to severe thunderstorms formed along multiple pre-frontal boundaries ahead of a slow moving cold front over northern Tennessee. As these rounds of thunderstorm activity moved southeast, several rounds of heavy rainfall occurred west of interstate 65. Several flash flooding ocurrences and heavy rainfall totals were a result across northwestern Alabama before the cold front pushed south of the area on the morning of the 28th. Scattered damaging winds also occured with these severe storms.",28
106385,CULLMAN CO.,LORETTO,05/27/2008,1350,Flash Flood, , ,0,0,0,0,AL,CST-6, ,18153,C,43,HUN,0,0,Emergency Manager,Heavy Rain, , ,3.36,SSE,4.18,E,BREMEN,05/27/2008,1830,34.0281,-86.8903,33.9723,-86.8981,"Heavy rainfall caused several inches of running water to accumulate across County Road 223 between Dodge City and Valley Grove.","On the morning of June 27th, strong to severe thunderstorms formed along multiple pre-frontal boundaries ahead of a slow moving cold front over northern Tennessee. As these rounds of thunderstorm activity moved southeast, several rounds of heavy rainfall occurred west of interstate 65. Several flash flooding ocurrences and heavy rainfall totals were a result across northwestern Alabama before the cold front pushed south of the area on the morning of the 28th. Scattered damaging winds also occured with these severe storms.",29
108826,CALHOUN CO.,(ANB)ANNISTON CALHOU,05/27/2008,1715,Flash Flood, , ,0,0,15000,0,AL,CST-6, ,18576,C,15,BMX,0,0,Fire Department/Rescue,Heavy Rain, , ,1.59,NE,1.67,NE,(ANB)ANNISTON CALHOU,05/27/2008,1815,33.5987,-85.8339,33.6006,-85.83,"Water was running over the roads at a depth of up to one foot.  A dozen cars were flooded in a parking lot at the intersection of Elm Street and AL-21.","Heavy rain associated with thunderstorms caused isolated flooding in eastern Alabama.",30
107920,MADISON CO.,BELL FACTORY,06/01/2008,1535,Flash Flood, , ,0,0,0,0,AL,CST-6, ,18351,C,89,HUN,0,0,Amateur Radio,Heavy Rain, , ,1.53,SE,1.65,SE,BELL FACTORY,06/01/2008,1835,34.807,-86.4581,34.8059,-86.4585,"Several severe thunderstorms during the afternoon hours caused flash flooding along the Barry Springs Creek at the intersection of Maysville Road and Bell Factory Road in northeast Huntsville.  Ten inches of water was reported over the road in this location.","A weakening cold front pushed into a very moist and unstable air mass with dewpoints in the upper 60s and wet-bulb zero heights around 11,000 feet.  The presence of marginally colder and drier air aloft produced large hail and damaging winds as the front moved through northern Alabama. Some training of thunderstorms produced isolated flash flooding.",31
107927,COLBERT CO.,NITRATE CITY,06/01/2008,1550,Flash Flood, , ,0,0,0,0,AL,CST-6, ,18351,C,33,HUN,0,0,Amateur Radio,Heavy Rain, , ,1.73,WNW,0.76,W,(MSL)MUSCLE SHOALS A,06/01/2008,1850,34.7554,-87.5798,34.7537,-87.6432,"Repeated rounds of strong to severe thunderstorms produced heavy rainfall. This caused flash flooding in the following locations: the outer lanes of Jackson Highway, Wilson Dam Road between 6th Street and Avalon Road, and at the Taco Bell on Woodward Avenue.","A weakening cold front pushed into a very moist and unstable air mass with dewpoints in the upper 60s and wet-bulb zero heights around 11,000 feet.  The presence of marginally colder and drier air aloft produced large hail and damaging winds as the front moved through northern Alabama. Some training of thunderstorms produced isolated flash flooding.",32
110505,MOBILE CO.,SPRING HILL,06/10/2008,1315,Flash Flood, , ,0,0,5000,0,AL,CST-6, ,18789,C,97,MOB,0,0,Emergency Manager,Heavy Rain, , ,2.17,SE,2.24,NE,COTTAGE HILL,06/10/2008,1340,30.676,-88.1265,30.6717,-88.1237,"Heavy rains from stationary thunderstorms caused standing water near the mall area. The water was high enough to enter a few cars.","Pulse thunderstorms caused flash flooding in Mobile.",33
107960,MORGAN CO.,OAKWORTH,06/13/2008,1800,Flash Flood, , ,0,0,0,0,AL,CST-6, ,18457,C,103,HUN,0,0,Emergency Manager,Heavy Rain, , ,1.29,NNW,1.25,SW,FLINT CITY,06/13/2008,2100,34.5879,-86.9863,34.5167,-86.9748,"Training strong thunderstorms produced excessive rainfall over the city of Decatur. Many roads in Decatur were affected. Runoff up to 8 inches deep was reported near the intersection of Veterans Drive and 14th Street in Decatur. Also, flash flood waters climbed to a depth of two feet along 4th Avenue between 10th and 11th street, and water up to one foot entered the Rescue Squad Building on Old Highway 31 in Flint City.","Redeveloping strong to severe showers and thunderstorms produce one to 2 inches of rainfall across much of northern Alabama, with locally around 3 inches in some areas over a 2 to 3 hour period. This caused some localized flash flooding in Morgan county.",34
100075,COLBERT CO.,VALDOSTA,06/25/2008,1838,Flash Flood, , ,0,0,0,0,AL,CST-6, ,16963,C,33,HUN,0,0,Fire Department/Rescue,Heavy Rain, , ,0.31,NE,0.38,NE,VALDOSTA,06/25/2008,1908,34.7231,-87.7161,34.7232,-87.7157,"Six inches of running water was reported between the 9000 and 11000 block of Frankfort Road.","Several clusters of pulse severe thunderstorms affected north Alabama during the evening hours.  The two strongest storms produced downbursts in Hazel Green in Madison County and in central Colbert County south of Tuscumbia and Muscle Shoals.",35
112493,LIMESTONE CO.,WHEELER LAKE NORTH,07/09/2008,1508,Flash Flood, , ,0,0,0,0,AL,CST-6, ,19089,C,83,HUN,0,0,Emergency Manager,Heavy Rain, , ,1.56,SE,1.85,SSE,WHEELER LAKE NORTH,07/09/2008,2000,34.8168,-87.1278,34.7976,-87.1279,"Slow moving thunderstorms produced intense rainfall rates with seven inches of water covering a portion of Shaw road in western portions of Athens.","A cold front pushed southeast into the Ohio Valley during the early afternoon hours on this day.  Ahead of this front, a boundary developed which became the focusing mechanism for scattered showers and severe thunderstorms producing damaging winds and flooding rains.  This activity developed in the late afternoon hours. Just before this activity developed dewpoints were around 70 degrees, CAPE values were around 2000 J/KG, and strong daytime heating occurred.",36
112502,MADISON CO.,NORMAL,07/09/2008,1559,Flash Flood, , ,0,0,0,0,AL,CST-6, ,19089,C,89,HUN,0,0,Newspaper,Heavy Rain, , ,1.88,SSW,1.85,SSW,NORMAL,07/09/2008,1800,34.7538,-86.5891,34.752,-86.59,"Intense rainfall rates from strong to severe thunderstorms produced flash flooding at the intersection of Washington Street and Washington Circle in Huntsville.","A cold front pushed southeast into the Ohio Valley during the early afternoon hours on this day.  Ahead of this front, a boundary developed which became the focusing mechanism for scattered showers and severe thunderstorms producing damaging winds and flooding rains.  This activity developed in the late afternoon hours. Just before this activity developed dewpoints were around 70 degrees, CAPE values were around 2000 J/KG, and strong daytime heating occurred.",37
112512,DEKALB CO.,FT PAYNE ISBELL ARPT,07/09/2008,1800,Flash Flood, , ,0,0,0,0,AL,CST-6, ,19089,C,49,HUN,0,0,Emergency Manager,Heavy Rain, , ,3.45,N,2.75,NE,HENAGAR,07/09/2008,1930,34.5194,-85.728,34.5023,-85.7502,"Intense rainfall rates from strong to severe thunderstorms caused six inches of water to cover portions of County Road 121 in the Blake community.","A cold front pushed southeast into the Ohio Valley during the early afternoon hours on this day.  Ahead of this front, a boundary developed which became the focusing mechanism for scattered showers and severe thunderstorms producing damaging winds and flooding rains.  This activity developed in the late afternoon hours. Just before this activity developed dewpoints were around 70 degrees, CAPE values were around 2000 J/KG, and strong daytime heating occurred.",38
112514,CULLMAN CO.,WEST PT,07/10/2008,1655,Flash Flood, , ,0,0,0,0,AL,CST-6, ,19091,C,43,HUN,0,0,Emergency Manager,Heavy Rain, , ,0.9,NW,1.01,WNW,WEST PT,07/10/2008,1900,34.24,-86.96,34.2332,-86.9597,"A nearly stationary strong thunderstorm produced heavy rainfall during the afternoon hours, producing reports of up to a foot of water flowing over roadways in the West point area.","A nearly stationary strong thunderstorm produced intense rainfall rates in northern and western Cullman county. Such slow movement caused flash flooding in these areas, particularly in the West Point area.",39
122186,LIMESTONE CO.,FRENCH MILL,07/31/2008,1640,Flash Flood, , ,0,0,0,0,AL,CST-6, ,20245,C,83,HUN,0,0,NWS Employee,Heavy Rain, , ,3,W,2.25,NE,STEWERDS STORE,07/31/2008,1940,34.7745,-86.9326,34.751,-86.9302,"A slow moving severe thunderstorm dumped intense rainfall over portions of east central Limestone county. This produced widespread flash flooding in the Indian Trace Subdivision and in the Canebrake Subdivision.","A weak area of convergence extending southwest from an area of low pressure in the New England area pushed southeast through northern Alabama by midnight on the 31st.  Very moist low level moisture ahead of this convergence combined with dry air aloft to produce scattered microburst wind damage, particularly near and west of interstate 65.",40
132742,MOBILE CO.,MOBILE BATES FLD,08/16/2008,1600,Flash Flood, , ,0,0,0,0,AL,CST-6, ,22589,C,97,MOB,0,0,Emergency Manager,Heavy Rain, , ,0,N,3.79,SW,SPRING HILL,08/16/2008,1630,30.68,-88.23,30.6858,-88.1725,"","Heavy rains caused some streets in the central part of the county to be closed due to high water.  Radar estimated 3-5 inches of rain fell across this area.  The roads were closed for about thirty minutes and reopened after the runoff had drained.",41
133449,PIKE CO.,TROY,08/23/2008,1330,Flash Flood, , ,0,0,0,0,AL,CST-6, ,22264,C,109,BMX,0,0,Emergency Manager,Heavy Rain / Tropical System, , ,1.12,NE,1.72,ENE,TROY,08/23/2008,1430,31.81,-85.9551,31.806,-85.955,"A few roads in the city of Troy became temporarily impassable due to heavy rainfall associated with the remnants of Tropical Storm Fay.","Tropical Storm Fay, and its remnants after landfall, brought high winds, heavy rain, and numerous tornadoes to Central Alabama.",42
132744,BALDWIN CO.,SPANISH FT,08/25/2008,110,Flash Flood, , ,0,0,2000,0,AL,CST-6, ,22591,C,3,MOB,0,0,Emergency Manager,Heavy Rain / Tropical System, , ,3,N,2.79,NNW,BRIDGEHEAD,08/25/2008,1000,30.7234,-87.9,30.69,-87.9332,"Heavy rains on the backside of Fay brought street flooding and forced several roads to be closed along the eastern shore for hours.  Radar estimated that five to eight inches of rain fell across the area.  The storms kept moving over the same general area and caused several side streets to flood and become impassable.  Only minor damage was reported as a result of the heavy rain.","Heavy rains on the back side of Fay brought flooding to parts of southwest Alabama.",43
132748,MOBILE CO.,ALABAMA PORT,08/25/2008,110,Flash Flood, , ,0,0,20000,0,AL,CST-6, ,22591,C,97,MOB,0,0,Emergency Manager,Heavy Rain / Tropical System, , ,0,N,1.7,ESE,SARALAND,08/25/2008,1000,30.37,-88.12,30.8131,-88.0389,"Heavy rains on the backside of Fay brought street flooding and forced several roads to be closed near the Bay.  Radar estimated that five to eight inches of rain fell across the area.  The storms kept moving over the same general area and caused several side streets to flood and become impassable.  The hardest hit areas were along the Dog River and along Bayou Sara.  Because of above normal tides the heavy rains caused water to rapidly rise and several homes had to be evacuated.  The only damage reported was to the lower part of some homes.","Heavy rains on the back side of Fay brought flooding to parts of southwest Alabama.",44
133451,JEFFERSON CO.,MORGAN,08/25/2008,1030,Flash Flood, , ,0,0,0,0,AL,CST-6, ,22264,C,73,BMX,0,0,Amateur Radio,Heavy Rain / Tropical System, , ,0.73,NNW,0.78,NNE,MORGAN,08/25/2008,1130,33.3402,-86.9234,33.3342,-86.918,"Morgan Road, near Interstate 65, was temporarily closed due to 2 feet of standing water caused by heavy rainfall associated with the remnants of Tropical Storm Fay.","Tropical Storm Fay, and its remnants after landfall, brought high winds, heavy rain, and numerous tornadoes to Central Alabama.",45
132750,CRENSHAW CO.,PETREY,08/25/2008,1330,Flash Flood, , ,0,0,0,0,AL,CST-6, ,22591,C,41,MOB,0,0,Emergency Manager,Heavy Rain / Tropical System, , ,2.07,NNE,5.63,ESE,HONORAVILLE,08/25/2008,1500,31.878,-86.1877,31.8825,-86.3306,"Heavy rains on the backside of Fay brought street flooding and forced several roads to be closed in the central and east parts of the county.  Several roads were closed for more than an hour due to high water. Radar estimated that three to five inches of rain fell across the area.  The storms kept moving over the same general area for several hours. No damage was reported from the heavy rains.","Heavy rains on the back side of Fay brought flooding to parts of southwest Alabama.",46
134891,BALDWIN CO.,MONTROSE,09/01/2008,1530,Flash Flood, , ,0,0,5000,0,AL,CST-6, ,23099,C,3,MOB,0,0,Emergency Manager,Heavy Rain, , ,0.63,NW,3.1,NW,LILLIAN,09/01/2008,2200,30.5754,-87.9085,30.4039,-87.4539,"Heavy rains from Gustav brought flooding to most of the county.  The heavy rains began around mid day and lasted into the evening.  Rainfall estimates of 4-6 inches were widespread across the county with isolated areas receiving more.  The Loxley area measured a total of 8.40 inches of rain and Robertsdale measured 7.46 inches. Many streets had standing water in them and had to be closed for several hours due to high water.","Gustav brought heavy rains to the area and caused many roads to flood and they had to be closed for several hours due to high water.",47
134861,MOBILE CO.,PIERCIE,09/01/2008,1530,Flash Flood, , ,0,0,250000,0,AL,CST-6, ,23099,C,97,MOB,0,0,Emergency Manager,Heavy Rain, , ,3.11,WNW,12.23,NE,MOBILE AEROSPACE ARP,09/01/2008,2200,30.768,-88.418,30.6429,-88.0582,"Heavy rains from Gustav brought flooding to generally the north and east parts of Mobile county.  The heavy rains began around mid day and lasted into the evening.  Rainfall estimates of 6-8 inches were widespread across the area.  Many streets had standing water in them and had to be closed for several hours due to high water.  The heaviest rains occurred in downtown Mobile and near Saraland.  Heavy rains along with storm surge caused Bayou Sara in Saraland to reach the second highest reading in over ten years.  The water forced several people along the bayou to evacuate.","Gustav brought heavy rains to the area and caused many roads to flood and they had to be closed for several hours due to high water.",48
134890,WASHINGTON CO.,ESCATAWPA,09/01/2008,1530,Flash Flood, , ,0,0,4000,0,AL,CST-6, ,23099,C,129,MOB,0,0,Emergency Manager,Heavy Rain, , ,3.1,SW,5,NE,CALVERT,09/01/2008,2200,31.2483,-88.4372,31.1559,-88.0108,"Heavy rains from Gustav brought flooding to generally the southwest part of Washington county.  The heavy rains began around mid day and lasted into the evening.  Rainfall estimates of 6-8 inches were widespread across the southwest part of the county.  Many streets had standing water in them and had to be closed for several hours due to high water.","Gustav brought heavy rains to the area and caused many roads to flood and they had to be closed for several hours due to high water.",49
137523,BALDWIN CO.,GULF SHRS,10/07/2008,445,Flash Flood, , ,0,0,0,0,AL,CST-6, ,23584,C,3,MOB,0,0,Emergency Manager,Heavy Rain, , ,1.46,WNW,2.48,N,ORANGE BEACH,10/07/2008,800,30.2846,-87.7039,30.3012,-87.5734,"","Heavy rains fell along the coast during the early morning hours causing street flooding.  Several roads were closed due to high water between Gulf Shores and Orange Beach.  Rainfall estimates of 6-8 inches were received.",50
137980,MADISON CO.,MADISON,10/08/2008,745,Flash Flood, , ,0,0,5000,0,AL,CST-6, ,23646,C,89,HUN,0,0,Emergency Manager,Heavy Rain, , ,1.52,WNW,2.32,E,MADISON,10/08/2008,1045,34.7055,-86.7959,34.6993,-86.7343,"Intense rainfall produced flash flooding in many locations in the Monrovia and Madison communities. Hardest hit areas were along Knox Creek, Jeff Road in Monrovia, and Mill Road in Madison.  High water along Knox Creek flooded garages of up to 5 homes on Tobacco road and Blueberry Dr.  Portions of Mill road near Madison City Public Works Department were closed due to flash flooding.  Also, along Indian Creek in the Monrovia area, water came up to people's doorsteps along Jeff Road.  Flash flooding was also reported on Sanderson Road.","A slow moving frontal boundary pushed east across northern Alabama on October 8th, 2008. Strong southerly winds from the Gulf of Mexico ahead of the front allowed dewpoints to climb to near 65 degrees.  This abundant moisture combined with potent lift (enhanced by a strong wave of low pressure developing along the front) and produced very heavy rainfall and flash flooding in portions of Marshall and Madison counties in northern Alabama.  A few isolated severe storms produced straight lined wind damage as well.",51
139751,MADISON CO.,(HSV)HUNTSVILLE JONE,11/14/2008,1900,Flash Flood, , ,0,0,0,0,AL,CST-6, ,23978,C,89,HUN,0,0,Broadcast Media,Heavy Rain, , ,1.22,SE,1.38,SW,NUNN STORE,11/15/2008,503,34.6174,-86.7549,34.6197,-86.5064,"Heavy rainfall between 2 and 5 inches of rainfall fell in less than 12 hours.  One COCORAHS site 5.9 miles southeast of Huntsville received 2.35 inches of a total 4.26 inches in 2 hours.  This caused some minor flash flooding in southeastern portions of Madison county.  The Huntsville Times received reports from Huntsville police of debris in the road and flooding at the intersection of Bailey Cover Road and Cecil Ashburn Drive.  Also, reports were received of officers being called to several streets in the area to assess water levels for possible road closing in that area.","Abundant moisture ahead of a strong cold front produced heavy rainfall between 2 and 5 inches in portions of northern Alabama east of interstate 65. This caused minor flash flooding in southeastern portions of Madison county and very heavy rainfall in western Jackson county.",52
139939,COLBERT CO.,CHEROKEE,12/09/2008,2155,Flash Flood, , ,0,0,0,0,AL,CST-6, ,24017,C,33,HUN,0,0,Trained Spotter,Heavy Rain, , ,1.78,NNW,1.9,W,CHEROKEE,12/10/2008,700,34.7749,-87.9777,34.745,-88.0032,"A trained spotter reported heavy rainfall causing ditches and creeks to flood in and near the city of Cherokee.","A warm front pushed northeast from Mississippi into northern Alabama producing widespread rainfall during the afternoon of the 9th.  A squall line then produced another round of heavy rainfall, along with several small bow echoes.  One of these stronger bow echoes resulted in an EF-2 tornado in Jackson County after midnight on the 10th.||Widespread rain amounts of 3 to 5 inches, locally near 6 inches, fell in Madison, Limestone, Morgan, and Lawrence counties resulting in widespread river and local flash flooding.",53
140002,LAUDERDALE CO.,WEEDEN HGTS,12/09/2008,2230,Flash Flood, , ,0,0,0,0,AL,CST-6, ,24017,C,77,HUN,0,0,Trained Spotter,Heavy Rain, , ,0.44,W,0.7,WNW,WEEDEN HGTS,12/10/2008,700,34.8299,-87.6278,34.8338,-87.6386,"Heavy rainfall caused flash flooding under the overpass of US highway 43 and State highway 20 in Florence.","A warm front pushed northeast from Mississippi into northern Alabama producing widespread rainfall during the afternoon of the 9th.  A squall line then produced another round of heavy rainfall, along with several small bow echoes.  One of these stronger bow echoes resulted in an EF-2 tornado in Jackson County after midnight on the 10th.||Widespread rain amounts of 3 to 5 inches, locally near 6 inches, fell in Madison, Limestone, Morgan, and Lawrence counties resulting in widespread river and local flash flooding.",54
139938,LAWRENCE CO.,FLOWER HILL,12/09/2008,2255,Flash Flood, , ,0,0,0,0,AL,CST-6, ,24017,C,79,HUN,0,0,Law Enforcement,Heavy Rain, , ,1,SE,4.29,WNW,RED BANK,12/10/2008,700,34.6683,-87.1394,34.779,-87.4196,"Heavy rainfall caused flash flooding over portions of highway 101 near Town Creek and Moulton and along portions of county road 222.","A warm front pushed northeast from Mississippi into northern Alabama producing widespread rainfall during the afternoon of the 9th.  A squall line then produced another round of heavy rainfall, along with several small bow echoes.  One of these stronger bow echoes resulted in an EF-2 tornado in Jackson County after midnight on the 10th.||Widespread rain amounts of 3 to 5 inches, locally near 6 inches, fell in Madison, Limestone, Morgan, and Lawrence counties resulting in widespread river and local flash flooding.",55
145790,MORGAN CO.,MOULTON HGTS,12/09/2008,2315,Flash Flood, , ,0,0,50000,0,AL,CST-6, ,24017,C,103,HUN,0,0,Newspaper,Heavy Rain, , ,1.51,WNW,3.83,NE,HUNTSVILLE LACEYS SP,12/10/2008,900,34.6084,-87.0446,34.5465,-86.5703,"Four to Six inches of rainfall produced flash flooding on several roads in Morgan County.  Some of the roads which were flooded included the followed:  Ipsco, Mud Tavern, Gum Springs Cutoff, Ruth Mountain, Foreman Bottom, Six-Mile Creek, Pleasant Valley, Wilson and River Loop.  A few of the roads were washed out.","A warm front pushed northeast from Mississippi into northern Alabama producing widespread rainfall during the afternoon of the 9th.  A squall line then produced another round of heavy rainfall, along with several small bow echoes.  One of these stronger bow echoes resulted in an EF-2 tornado in Jackson County after midnight on the 10th.||Widespread rain amounts of 3 to 5 inches, locally near 6 inches, fell in Madison, Limestone, Morgan, and Lawrence counties resulting in widespread river and local flash flooding.",56
139986,MADISON CO.,MADISON CO JET PORT,12/09/2008,2345,Flash Flood, , ,0,0,120000,0,AL,CST-6, ,24017,C,89,HUN,0,0,NWS Employee,Heavy Rain, , ,0.8,WNW,2.37,WNW,HARVEST,12/10/2008,700,34.6524,-86.7937,34.8553,-86.7865,"Widespread flash flooding was reported over portions of western and northwestern Madison County. Flood waters were most prevalent in Harvest, Toney, Madison, and central and northern portions of Huntsville. Flood reports began at 11:45 PM on the 9th, lasting into morning rush hour.  Roads that experienced significant flash flooding included: Old Railroad Bed road, Ford Chapel Road, Production Road at Huntsville International Airport, Wall Triana Highway, County Line Road, Pulaski Pike, Moores Mill Road near Winchester Road, the intersection of Kelly Springs Road and Bob Wade Lane, and Martin Luther King Jr. Highway.  Several vehicles stalled out in flood water around 1:00 AM at the intersection of Nick Fitchard Road and Highway 53.  Flood waters forced the evacuation of a trailer park at the intersection of Trademark Drive and James Record Road in Huntsville around 4:25 AM on the 10th. Several cars were underwater at this location. Between 3 and 6 inches of rain fell in these areas in less than 12 hours.","A warm front pushed northeast from Mississippi into northern Alabama producing widespread rainfall during the afternoon of the 9th.  A squall line then produced another round of heavy rainfall, along with several small bow echoes.  One of these stronger bow echoes resulted in an EF-2 tornado in Jackson County after midnight on the 10th.||Widespread rain amounts of 3 to 5 inches, locally near 6 inches, fell in Madison, Limestone, Morgan, and Lawrence counties resulting in widespread river and local flash flooding.",57
141352,LAMAR CO.,CREWS,12/10/2008,15,Flash Flood, , ,0,0,0,0,AL,CST-6, ,24300,C,75,BMX,0,0,Emergency Manager,Heavy Rain, , ,0.76,W,0.67,WSW,CREWS,12/10/2008,200,33.8987,-88.1431,33.8958,-88.1498,"Street flooding, up to one and a half feet deep, was reported on AL-118, west of Sulligent.","A developing strong storm system across the Southeastern United States caused several severe thunderstorms and locally heavy rainfall.  Cold air surging in on the back side of the storm system caused the rain to turn over to snow, some of which became heavy.",58
139996,LIMESTONE CO.,UNION HILL,12/10/2008,30,Flash Flood, , ,0,0,0,0,AL,CST-6, ,24017,C,83,HUN,0,0,Law Enforcement,Heavy Rain, , ,2.15,NNE,3.67,ESE,ARDMORE,12/10/2008,700,35,-87.19,34.99,-86.8,"Limestone County 911 center reported flash flooding occurring throughout the entire county, especially in the Belle Mina area.","A warm front pushed northeast from Mississippi into northern Alabama producing widespread rainfall during the afternoon of the 9th.  A squall line then produced another round of heavy rainfall, along with several small bow echoes.  One of these stronger bow echoes resulted in an EF-2 tornado in Jackson County after midnight on the 10th.||Widespread rain amounts of 3 to 5 inches, locally near 6 inches, fell in Madison, Limestone, Morgan, and Lawrence counties resulting in widespread river and local flash flooding.",59
139942,COLBERT CO.,TUSCUMBIA,12/10/2008,100,Flash Flood, , ,0,0,0,0,AL,CST-6, ,24017,C,33,HUN,0,0,Trained Spotter,Heavy Rain, , ,1.08,N,1.31,SSW,TUSCUMBIA,12/10/2008,700,34.7455,-87.7019,34.7257,-87.7016,"Heavy rainfall produced flash flooding in portions of Tuscumbia.  Cave street was officially closed due to flash flooding near Deshler High School.","A warm front pushed northeast from Mississippi into northern Alabama producing widespread rainfall during the afternoon of the 9th.  A squall line then produced another round of heavy rainfall, along with several small bow echoes.  One of these stronger bow echoes resulted in an EF-2 tornado in Jackson County after midnight on the 10th.||Widespread rain amounts of 3 to 5 inches, locally near 6 inches, fell in Madison, Limestone, Morgan, and Lawrence counties resulting in widespread river and local flash flooding.",60
141359,ETOWAH CO.,EAST GASDEN,12/10/2008,535,Flash Flood, , ,0,0,0,0,AL,CST-6, ,24300,C,55,BMX,0,0,Emergency Manager,Heavy Rain, , ,0.62,NNW,0.68,N,EAST GASDEN,12/10/2008,630,34.008,-86.0049,34.016,-86.0003,"Several streets were closed on downtown Gadsden, due to high water from heavy rain, including Meighan Drive, 4th Street, and Bay Street.","A developing strong storm system across the Southeastern United States caused several severe thunderstorms and locally heavy rainfall.  Cold air surging in on the back side of the storm system caused the rain to turn over to snow, some of which became heavy.",61
140643,ESCAMBIA CO.,APPLETON,12/10/2008,718,Flash Flood, , ,0,0,0,0,AL,CST-6, ,24144,C,53,MOB,0,0,Emergency Manager,Heavy Rain, , ,0.29,WSW,0,WSW,APPLETON,12/10/2008,1000,31.1177,-87.074,31.1178,-87.0755,"","Slow moving thunderstorms produced 6 to 8 inches of rain across portions of of southwest Alabama. Several roads were flooded and closed for a period of time around Andalusia. Other roads were flooded and closed for a period of time around Brewton and Robertsdale.",62
140644,BALDWIN CO.,ROBERTSDALE,12/10/2008,730,Flash Flood, , ,0,0,0,0,AL,CST-6, ,24144,C,3,MOB,0,0,Emergency Manager,Heavy Rain, , ,0,N,0.91,E,ROBERTSDALE,12/10/2008,1030,30.55,-87.72,30.5493,-87.7053,"","Slow moving thunderstorms produced 6 to 8 inches of rain across portions of of southwest Alabama. Several roads were flooded and closed for a period of time around Andalusia. Other roads were flooded and closed for a period of time around Brewton and Robertsdale.",63
140642,COVINGTON CO.,ANDALUSIA,12/10/2008,745,Flash Flood, , ,0,0,0,0,AL,CST-6, ,24144,C,39,MOB,0,0,Emergency Manager,Heavy Rain, , ,0,N,0.81,NNE,ANDALUSIA,12/10/2008,1030,31.3,-86.48,31.3166,-86.4701,"","Slow moving thunderstorms produced 6 to 8 inches of rain across portions of of southwest Alabama. Several roads were flooded and closed for a period of time around Andalusia. Other roads were flooded and closed for a period of time around Brewton and Robertsdale.",64
141364,TUSCALOOSA CO.,SAMANTHA,12/11/2008,1427,Flash Flood, , ,0,0,0,0,AL,CST-6, ,24300,C,125,BMX,0,0,Emergency Manager,Heavy Rain, , ,1.49,E,1.57,E,SAMANTHA,12/11/2008,1600,33.4229,-87.5945,33.4217,-87.5943,"Heavy rain caused water to flow over a bridge on CR-38, east of the Samantha Community.","A developing strong storm system across the Southeastern United States caused several severe thunderstorms and locally heavy rainfall.  Cold air surging in on the back side of the storm system caused the rain to turn over to snow, some of which became heavy.",65
141365,WALKER CO.,SIPSEY,12/11/2008,1427,Flash Flood, , ,0,0,0,0,AL,CST-6, ,24300,C,127,BMX,0,0,Emergency Manager,Heavy Rain, , ,0.58,ENE,0.65,ENE,SIPSEY,12/11/2008,1600,33.8223,-87.0703,33.8224,-87.0714,"Heavy rain caused water to flow over a bridge near the Sipsey Community.","A developing strong storm system across the Southeastern United States caused several severe thunderstorms and locally heavy rainfall.  Cold air surging in on the back side of the storm system caused the rain to turn over to snow, some of which became heavy.",66
141366,MARION CO.,HACKLEBURG,12/11/2008,1449,Flash Flood, , ,0,0,0,0,AL,CST-6, ,24300,C,93,BMX,0,0,Emergency Manager,Heavy Rain, , ,1.98,NNE,2.17,NNE,HACKLEBURG,12/11/2008,1600,34.296,-87.8054,34.2938,-87.8046,"Heavy rain caused water to flow over a bridge just north of Hackelburg.","A developing strong storm system across the Southeastern United States caused several severe thunderstorms and locally heavy rainfall.  Cold air surging in on the back side of the storm system caused the rain to turn over to snow, some of which became heavy.",67
152601,BLOUNT CO.,ALLGOOD,01/06/2009,610,Flash Flood, , ,0,0,200000,0,AL,CST-6, ,26087,C,9,BMX,0,0,Emergency Manager,Heavy Rain, , ,0.59,NNW,1.02,SE,CHAMPION,01/06/2009,2100,33.9274,-86.505,33.9023,-86.4075,"Heavy rainfall produced flooding at several locations across Blount County.  Several roads in the city of Oneonta had to be closed due to high water.   A section of CR-30 near Susan Moore was washed out.  Flooding was also reported on Tumlin Drive, southwest of Hayden.  One woman had to be rescued after her vehicle was swept away near Oneonta, and another motorist in the same area was rescued after having their vehicle become encircled by flood waters.  At least two mobile homes were heavily damaged by flood waters.","A slow moving frontal system caused several large areas of showers and thunderstorms to move across Central Alabama, during the period from January 5 to January 7.  Some of the thunderstorms became severe, producing sporadic wind damage.  Storm total rainfall from the storms ranged from 1 to 3 inches south of Interstate 20, to 3 to 7 inches north of the Interstate.  The highest rainfall totals, of over 6 inches, occurred in a broad swath from Walker to Etowah Counties.  Numerous locations, again mainly north of Interstate 20, saw significant flash flooding due to the heavy rainfall, which later turned into river flooding that lasted for several more days.",68
152623,TUSCALOOSA CO.,MOORES BRIDGE,01/06/2009,1000,Flash Flood, , ,0,0,25000,0,AL,CST-6, ,26087,C,125,BMX,0,0,Emergency Manager,Heavy Rain, , ,1.33,SSW,3.42,NNW,ECHOLA,01/06/2009,2000,33.4314,-87.7863,33.3902,-87.8151,"Heavy rainfall produced flooding at several locations across the northern half of Tuscaloosa County.  Binion Creek overflowed its banks, causing a section of Old Fayette Road to become closed.  At least a dozen other roads were closed due to flood waters.","A slow moving frontal system caused several large areas of showers and thunderstorms to move across Central Alabama, during the period from January 5 to January 7.  Some of the thunderstorms became severe, producing sporadic wind damage.  Storm total rainfall from the storms ranged from 1 to 3 inches south of Interstate 20, to 3 to 7 inches north of the Interstate.  The highest rainfall totals, of over 6 inches, occurred in a broad swath from Walker to Etowah Counties.  Numerous locations, again mainly north of Interstate 20, saw significant flash flooding due to the heavy rainfall, which later turned into river flooding that lasted for several more days.",69
152624,ETOWAH CO.,PANA,01/06/2009,1115,Flash Flood, , ,0,0,100000,0,AL,CST-6, ,26087,C,55,BMX,0,0,Emergency Manager,Heavy Rain, , ,3.13,NE,0.74,NNE,CRUDUP,01/06/2009,2130,34.064,-86.2439,34.0902,-86.0147,"Heavy rainfall produced flooding at several locations across Etowah County.  Flood waters helped wash away a culvert and underlying water line northwest of the city of Attalla.  A private dam near the Gallant Community broke, producing up to 12 feet of flooding in the area, and causing about a dozen houses to be evacuated.  Around 12 roads in the county were closed due to flood water.","A slow moving frontal system caused several large areas of showers and thunderstorms to move across Central Alabama, during the period from January 5 to January 7.  Some of the thunderstorms became severe, producing sporadic wind damage.  Storm total rainfall from the storms ranged from 1 to 3 inches south of Interstate 20, to 3 to 7 inches north of the Interstate.  The highest rainfall totals, of over 6 inches, occurred in a broad swath from Walker to Etowah Counties.  Numerous locations, again mainly north of Interstate 20, saw significant flash flooding due to the heavy rainfall, which later turned into river flooding that lasted for several more days.",70
152625,ST. CLAIR CO.,WHITNEY,01/06/2009,1201,Flash Flood, , ,0,0,10000,0,AL,CST-6, ,26087,C,115,BMX,0,0,Emergency Manager,Heavy Rain, , ,1.89,SE,2.05,E,CALDWELL,01/06/2009,2130,33.8516,-86.2756,33.8134,-86.3168,"Heavy rainfall produced flooding at several locations across Saint Clair County.  Several roads became impassable due to high water, and had to be closed.","A slow moving frontal system caused several large areas of showers and thunderstorms to move across Central Alabama, during the period from January 5 to January 7.  Some of the thunderstorms became severe, producing sporadic wind damage.  Storm total rainfall from the storms ranged from 1 to 3 inches south of Interstate 20, to 3 to 7 inches north of the Interstate.  The highest rainfall totals, of over 6 inches, occurred in a broad swath from Walker to Etowah Counties.  Numerous locations, again mainly north of Interstate 20, saw significant flash flooding due to the heavy rainfall, which later turned into river flooding that lasted for several more days.",71
152626,FAYETTE CO.,FAYETTE,01/06/2009,1230,Flash Flood, , ,0,0,10000,0,AL,CST-6, ,26087,C,57,BMX,0,0,Emergency Manager,Heavy Rain, , ,1.37,N,1.23,N,FAYETTE,01/06/2009,2100,33.6999,-87.8289,33.699,-87.8301,"Heavy rainfall produced flooding at several locations across Fayette County.  At least one business on Temple Avenue, in the city of Fayette, was damaged due to flood waters.","A slow moving frontal system caused several large areas of showers and thunderstorms to move across Central Alabama, during the period from January 5 to January 7.  Some of the thunderstorms became severe, producing sporadic wind damage.  Storm total rainfall from the storms ranged from 1 to 3 inches south of Interstate 20, to 3 to 7 inches north of the Interstate.  The highest rainfall totals, of over 6 inches, occurred in a broad swath from Walker to Etowah Counties.  Numerous locations, again mainly north of Interstate 20, saw significant flash flooding due to the heavy rainfall, which later turned into river flooding that lasted for several more days.",72
152627,CHEROKEE CO.,CENTRE,01/06/2009,1315,Flash Flood, , ,0,0,25000,0,AL,CST-6, ,26087,C,19,BMX,0,0,Emergency Manager,Heavy Rain, , ,1.3,ESE,0.97,WSW,CENTRE MUNI ARPT,01/06/2009,2230,34.1405,-85.6604,34.1655,-85.6498,"Heavy rainfall produced flooding at several locations across Cherokee County.  Around a half a dozen roads were closed due to high water.  One car on Park Street, in the city of Centre, was swept away by flood waters, briefly trapping its occupant.","A slow moving frontal system caused several large areas of showers and thunderstorms to move across Central Alabama, during the period from January 5 to January 7.  Some of the thunderstorms became severe, producing sporadic wind damage.  Storm total rainfall from the storms ranged from 1 to 3 inches south of Interstate 20, to 3 to 7 inches north of the Interstate.  The highest rainfall totals, of over 6 inches, occurred in a broad swath from Walker to Etowah Counties.  Numerous locations, again mainly north of Interstate 20, saw significant flash flooding due to the heavy rainfall, which later turned into river flooding that lasted for several more days.",73
152628,LAMAR CO.,CREWS,01/06/2009,1400,Flash Flood, , ,0,0,100000,0,AL,CST-6, ,26087,C,75,BMX,0,0,Emergency Manager,Heavy Rain, , ,4.91,WNW,3.68,W,MOLLOY,01/06/2009,2100,33.932,-88.2065,33.7243,-88.2422,"Heavy rainfall produced flooding at numerous locations across Lamar County.  Close to 40 roads were closed due to high water, including 10 that were completely washed out.  Just east of Vernon, 3 people were rescued without injury after their car was caught in fast moving flood waters.","A slow moving frontal system caused several large areas of showers and thunderstorms to move across Central Alabama, during the period from January 5 to January 7.  Some of the thunderstorms became severe, producing sporadic wind damage.  Storm total rainfall from the storms ranged from 1 to 3 inches south of Interstate 20, to 3 to 7 inches north of the Interstate.  The highest rainfall totals, of over 6 inches, occurred in a broad swath from Walker to Etowah Counties.  Numerous locations, again mainly north of Interstate 20, saw significant flash flooding due to the heavy rainfall, which later turned into river flooding that lasted for several more days.",74
152630,WALKER CO.,MANCHESTER,01/06/2009,1400,Flash Flood, , ,0,0,200000,0,AL,CST-6, ,26087,C,127,BMX,0,0,Emergency Manager,Heavy Rain, , ,1.19,ESE,1.05,NW,MANCHESTER,01/06/2009,2000,33.8932,-87.2809,33.9502,-87.3482,"Heavy rainfall produced flooding at several locations across Walker County.  A bingo hall east of Jasper became flooded, and around 70 people had to be rescued.  Bevill Road near Cordova became flooded, cutting off access to an apartment complex and trapping some of its residents.  Four more people, including a 4 year old boy, were trapped by flood waters on Mitchell Road, south of the Boldo Community.  The child and 2 of the adults were treated for possible hypothermia.  The flood evolved into a river flooding situation, especially on the Mulberry Fork and Warrior River, and took several more days to completely receed.","A slow moving frontal system caused several large areas of showers and thunderstorms to move across Central Alabama, during the period from January 5 to January 7.  Some of the thunderstorms became severe, producing sporadic wind damage.  Storm total rainfall from the storms ranged from 1 to 3 inches south of Interstate 20, to 3 to 7 inches north of the Interstate.  The highest rainfall totals, of over 6 inches, occurred in a broad swath from Walker to Etowah Counties.  Numerous locations, again mainly north of Interstate 20, saw significant flash flooding due to the heavy rainfall, which later turned into river flooding that lasted for several more days.",75
152629,PICKENS CO.,PICKENSVILLE,01/06/2009,1400,Flash Flood, , ,2,1,50000,0,AL,CST-6, ,26087,C,107,BMX,0,0,Emergency Manager,Heavy Rain, , ,1.88,WNW,6.08,SSW,PICKENSVILLE,01/06/2009,2100,33.2375,-88.3012,33.1939,-88.2861,"Heavy rainfall produced flooding at several locations across Pickens County.  At least 5 roads were closed due to high water, and 2 bridges were washed out.  Flash flooding caused a bridge to wash out on Antioch Chuch Road, over Buncomb Creek.  A mother and child subsequently drove off the washed out roadway, and drowned in the flood waters. A second vehicle following behind also drove into the creek at the same place, but the occupants were successfully rescued.","A slow moving frontal system caused several large areas of showers and thunderstorms to move across Central Alabama, during the period from January 5 to January 7.  Some of the thunderstorms became severe, producing sporadic wind damage.  Storm total rainfall from the storms ranged from 1 to 3 inches south of Interstate 20, to 3 to 7 inches north of the Interstate.  The highest rainfall totals, of over 6 inches, occurred in a broad swath from Walker to Etowah Counties.  Numerous locations, again mainly north of Interstate 20, saw significant flash flooding due to the heavy rainfall, which later turned into river flooding that lasted for several more days.",76
152506,MADISON CO.,GURLEY,01/06/2009,1526,Flash Flood, , ,0,0,0,0,AL,CST-6, ,25832,C,89,HUN,0,0,Emergency Manager,Heavy Rain, , ,2.43,W,1.32,W,GURLEY,01/06/2009,2130,34.7009,-86.4228,34.6935,-86.427,"Heavy rainfall caused flash flooding to occur at the intersection of Little Cove Road and McMullen Road, leaving the intersection completely underwater.","An area of low pressure developed along a stalled frontal boundary across northeastern Alabama.  Heavy rainfall and thunderstorms developed along and behind the front as the low moved northeast.  This system produced flooding rainfall across much of central and northeastern Alabama.|Stream and creek flooding lasted into the 7th.",77
152631,WINSTON CO.,LYNN,01/06/2009,1530,Flash Flood, , ,0,0,5000,0,AL,CST-6, ,26087,C,133,BMX,0,0,Emergency Manager,Heavy Rain, , ,0.72,E,1.44,SE,LYNN,01/06/2009,1530,34.052,-87.5377,34.0474,-87.5454,"Heavy rainfall washed out a bridge on CR-347, near the Lynn Community.","A slow moving frontal system caused several large areas of showers and thunderstorms to move across Central Alabama, during the period from January 5 to January 7.  Some of the thunderstorms became severe, producing sporadic wind damage.  Storm total rainfall from the storms ranged from 1 to 3 inches south of Interstate 20, to 3 to 7 inches north of the Interstate.  The highest rainfall totals, of over 6 inches, occurred in a broad swath from Walker to Etowah Counties.  Numerous locations, again mainly north of Interstate 20, saw significant flash flooding due to the heavy rainfall, which later turned into river flooding that lasted for several more days.",78
152509,DEKALB CO.,VALLEY HEAD,01/06/2009,1602,Flash Flood, , ,0,0,0,0,AL,CST-6, ,25832,C,49,HUN,0,0,NWS Employee,Heavy Rain, , ,0.58,ENE,0.9,ESE,VALLEY HEAD,01/06/2009,2300,34.5722,-85.6202,34.5676,-85.6204,"At least six inches of flood water was observed atop Alabama Highway 117 in the Valley Head area.","An area of low pressure developed along a stalled frontal boundary across northeastern Alabama.  Heavy rainfall and thunderstorms developed along and behind the front as the low moved northeast.  This system produced flooding rainfall across much of central and northeastern Alabama.|Stream and creek flooding lasted into the 7th.",79
152510,LAUDERDALE CO.,ROGERSVILLE,01/06/2009,1610,Flash Flood, , ,0,0,0,0,AL,CST-6, ,25832,C,77,HUN,0,0,Emergency Manager,Heavy Rain, , ,1.74,WNW,0.44,WSW,ROGERSVILLE,01/06/2009,2000,34.8381,-87.309,34.8217,-87.3046,"Heavy rainfall caused flash flooding which closed Turner Lindsey Road in Rogersville.","An area of low pressure developed along a stalled frontal boundary across northeastern Alabama.  Heavy rainfall and thunderstorms developed along and behind the front as the low moved northeast.  This system produced flooding rainfall across much of central and northeastern Alabama.|Stream and creek flooding lasted into the 7th.",80
152545,LAUDERDALE CO.,ANDERSON,01/06/2009,1655,Flash Flood, , ,0,0,0,0,AL,CST-6, ,25832,C,77,HUN,0,0,Emergency Manager,Heavy Rain, , ,1.42,NNW,1.27,NNW,ANDERSON,01/06/2009,2000,34.9396,-87.2778,34.9269,-87.2721,"County Road 522 in Anderson was closed due to flash flooding.","An area of low pressure developed along a stalled frontal boundary across northeastern Alabama.  Heavy rainfall and thunderstorms developed along and behind the front as the low moved northeast.  This system produced flooding rainfall across much of central and northeastern Alabama.|Stream and creek flooding lasted into the 7th.",81
152547,MARSHALL CO.,NORTH ARAB,01/06/2009,1700,Flash Flood, , ,0,0,0,0,AL,CST-6, ,25832,C,95,HUN,0,0,Emergency Manager,Heavy Rain, , ,0.92,WSW,1.14,SW,ARAB,01/06/2009,2200,34.3442,-86.5345,34.3044,-86.527,"Emergency managers reported numerous roads closed in the Arab area due to flash flooding.","An area of low pressure developed along a stalled frontal boundary across northeastern Alabama.  Heavy rainfall and thunderstorms developed along and behind the front as the low moved northeast.  This system produced flooding rainfall across much of central and northeastern Alabama.|Stream and creek flooding lasted into the 7th.",82
152548,LAUDERDALE CO.,UPPER GREEN HILL,01/06/2009,1705,Flash Flood, , ,0,0,0,0,AL,CST-6, ,25832,C,77,HUN,0,0,Emergency Manager,Heavy Rain, , ,1.14,NNW,0.43,ENE,PRITTON,01/06/2009,1930,34.9957,-87.5059,34.9984,-87.5779,"Heavy rainfall caused flash flooding which closed County Road 130 in the Green Hill area near the Alabama and Tennessee state line.","An area of low pressure developed along a stalled frontal boundary across northeastern Alabama.  Heavy rainfall and thunderstorms developed along and behind the front as the low moved northeast.  This system produced flooding rainfall across much of central and northeastern Alabama.|Stream and creek flooding lasted into the 7th.",83
152607,JACKSON CO.,SCOTTSBORO,01/06/2009,1800,Flash Flood, , ,0,0,0,0,AL,CST-6, ,25832,C,71,HUN,0,0,Newspaper,Heavy Rain, , ,2.27,WNW,1.78,NE,PLEASANT HILL,01/07/2009,100,34.6804,-86.0679,34.5982,-86.1057,"According to the Scottsboro Street Department, twenty roads in Scottsboro were closed or partially blocked due to flash flooding.","An area of low pressure developed along a stalled frontal boundary across northeastern Alabama.  Heavy rainfall and thunderstorms developed along and behind the front as the low moved northeast.  This system produced flooding rainfall across much of central and northeastern Alabama.|Stream and creek flooding lasted into the 7th.",84
152551,DEKALB CO.,ARONA,01/06/2009,1930,Flash Flood, , ,0,0,150000,0,AL,CST-6, ,25832,C,49,HUN,0,0,Emergency Manager,Heavy Rain, , ,1.5,NNW,1.71,SSW,COLLINSVILLE,01/07/2009,200,34.24,-86.09,34.23,-85.88,"Heavy rainfall produced widespread and serious flash flooding across DeKalb County.  Numerous roads were closed and several were destroyed or damaged as a result. Particularly hard hit towns were Ider, Sylvania, Fyffe, Fort Payne, and Henagar. Some roads damaged or washed away included:  CR 739 (Ider), CR 112 (Sylvania), and Troxtel Road (Henagar).  Some additional roads that were closed included:  Elliot Drive and Wright Road (Henegar), CR 50 (Peek's Corner), CR 776 and 131 (near Ider), CR 1002 (north of Fort Payne).","An area of low pressure developed along a stalled frontal boundary across northeastern Alabama.  Heavy rainfall and thunderstorms developed along and behind the front as the low moved northeast.  This system produced flooding rainfall across much of central and northeastern Alabama.|Stream and creek flooding lasted into the 7th.",85
152555,MORGAN CO.,CENTER GROVE,01/06/2009,2026,Flash Flood, , ,0,0,0,0,AL,CST-6, ,25832,C,103,HUN,0,0,Public,Heavy Rain, , ,1.17,ESE,2.26,SE,CENTER GROVE,01/06/2009,2230,34.3733,-86.6112,34.3656,-86.6106,"Continuing heavy rainfall caused Cotaco Creek to cover portions of Ruth road.  The water was reported to be 1 to 2 feet deep and flowing quickly.","An area of low pressure developed along a stalled frontal boundary across northeastern Alabama.  Heavy rainfall and thunderstorms developed along and behind the front as the low moved northeast.  This system produced flooding rainfall across much of central and northeastern Alabama.|Stream and creek flooding lasted into the 7th.",86
152557,MARSHALL CO.,RUTH,01/06/2009,2032,Flash Flood, , ,0,0,0,0,AL,CST-6, ,25832,C,95,HUN,0,0,Public,Heavy Rain, , ,0.98,NNW,1.09,N,RUTH,01/06/2009,2332,34.3837,-86.5742,34.3816,-86.5723,"Continuing heavy rainfall produced flash flooding one foot deep on Eagle Rock Drive near the Ruth community. Water was reported three feet deep on the shoulder.","An area of low pressure developed along a stalled frontal boundary across northeastern Alabama.  Heavy rainfall and thunderstorms developed along and behind the front as the low moved northeast.  This system produced flooding rainfall across much of central and northeastern Alabama.|Stream and creek flooding lasted into the 7th.",87
156689,TUSCALOOSA CO.,RIVER VIEW,02/27/2009,1255,Flash Flood, , ,0,0,0,0,AL,CST-6, ,26743,C,125,BMX,0,0,NWS Employee,Heavy Rain, , ,0.87,SSE,0.63,ENE,RIVER VIEW,02/27/2009,1600,33.2092,-87.5423,33.2223,-87.5424,"Several roads around the University of Alabama campus became flooded and temporarily impassable.","A slow moving cold front brought an extended period of severe weather and heavy rain, that lasted about 24 hours.  The storms produced damaging winds, large hail, flooding rains, and at least 4 tornadoes.",88
154492,MARSHALL CO.,GRASSY,02/27/2009,1315,Flash Flood, , ,0,0,0,0,AL,CST-6, ,26402,C,95,HUN,0,0,Emergency Manager,Heavy Rain, , ,1.34,SW,0.93,SSW,GRASSY,02/27/2009,2115,34.3345,-86.464,34.3249,-86.4599,"Flash flooding was reported on Apollo Road near the Grassy community.","Showers and some strong thunderstorms ahead of a slow moving cold front pushed into northwestern Alabama during the early morning hours on the 27th.  This front slowly pushed south of the Tennessee River before stalling late on the 27th. Heavy rainfall continued to fall through the early morning hours on the 28th.  This produced 2 to 5 inches of rainfall across several counties in northern Alabama located south of the Tennessee River, which caused some areas of flash flooding.",89
154514,CULLMAN CO.,ARKADELPHIA,02/27/2009,1517,Flash Flood, , ,0,0,0,0,AL,CST-6, ,26402,C,43,HUN,0,0,Emergency Manager,Heavy Rain, , ,1.46,WNW,2.46,S,ARKADELPHIA,02/28/2009,17,33.9046,-86.9949,33.8892,-86.9702,"Flash flooding was reported along Alabama highway 91 between mile markers 6 and 7.","Showers and some strong thunderstorms ahead of a slow moving cold front pushed into northwestern Alabama during the early morning hours on the 27th.  This front slowly pushed south of the Tennessee River before stalling late on the 27th. Heavy rainfall continued to fall through the early morning hours on the 28th.  This produced 2 to 5 inches of rainfall across several counties in northern Alabama located south of the Tennessee River, which caused some areas of flash flooding.",90
156695,TUSCALOOSA CO.,SAMANTHA,02/27/2009,1601,Flash Flood, , ,0,0,0,0,AL,CST-6, ,26743,C,125,BMX,0,0,Emergency Manager,Heavy Rain, , ,2.52,WNW,2.37,WNW,SAMANTHA,02/27/2009,1900,33.4381,-87.658,33.4365,-87.6569,"Old Fayette Road at Brady Montgomery Road became temporarily impassable and was closed due to high water.","A slow moving cold front brought an extended period of severe weather and heavy rain, that lasted about 24 hours.  The storms produced damaging winds, large hail, flooding rains, and at least 4 tornadoes.",91
154520,MORGAN CO.,CENTER GROVE,02/27/2009,1615,Flash Flood, , ,0,0,0,0,AL,CST-6, ,26402,C,103,HUN,0,0,Law Enforcement,Heavy Rain, , ,2.36,N,3.17,SSE,CENTER GROVE,02/28/2009,15,34.414,-86.6337,34.3729,-86.6282,"The Morgan County Sheriff's department reported road closures due to flash flooding at the intersection of Apple Grove and Ruth Mountain Roads, and portions of Pine Ridge and Foreman Bottoms Roads.","Showers and some strong thunderstorms ahead of a slow moving cold front pushed into northwestern Alabama during the early morning hours on the 27th.  This front slowly pushed south of the Tennessee River before stalling late on the 27th. Heavy rainfall continued to fall through the early morning hours on the 28th.  This produced 2 to 5 inches of rainfall across several counties in northern Alabama located south of the Tennessee River, which caused some areas of flash flooding.",92
156713,PICKENS CO.,STANSEL,02/27/2009,1730,Flash Flood, , ,0,0,0,0,AL,CST-6, ,26743,C,107,BMX,0,0,Emergency Manager,Heavy Rain, , ,0.36,E,0.6,ESE,STANSEL,02/27/2009,2030,33.3295,-88.0239,33.3281,-88.0256,"Three to six inches of rain caused several roads across Pickens County to become temporarily impassable, including around the city of Reform.","A slow moving cold front brought an extended period of severe weather and heavy rain, that lasted about 24 hours.  The storms produced damaging winds, large hail, flooding rains, and at least 4 tornadoes.",93
156724,LAMAR CO.,MOLLOY,02/28/2009,142,Flash Flood, , ,0,0,5000,0,AL,CST-6, ,26743,C,75,BMX,0,0,Emergency Manager,Heavy Rain, , ,2.66,S,0.85,S,MOLLOY,02/28/2009,600,33.6918,-88.2065,33.6601,-88.1931,"Rainfall of 3 to 6 inches across Lamar County caused as many as 60 county roads to become temporarily closed due to high water.","A slow moving cold front brought an extended period of severe weather and heavy rain, that lasted about 24 hours.  The storms produced damaging winds, large hail, flooding rains, and at least 4 tornadoes.",94
154570,LIMESTONE CO.,REID,03/26/2009,400,Flash Flood, , ,0,0,0,0,AL,CST-6, ,26416,C,83,HUN,0,0,Newspaper,Heavy Rain, , ,0.15,N,1.49,SSE,REID,03/26/2009,1100,34.7522,-87.0301,34.7365,-87.0261,"Heavy rainfall caused flash flooding which closed portions of Moyers road.","Heavy rainfall pushed into northwestern Alabama on the morning of the 26th.  This front later pushed northward and stalled across northwestern Alabama during the day. The forcing associated with this system produced between 2 and 4 inches of rainfall primarily in locations west of interstate 65. Some minor flash flooding from this rainfall closed roads in Morgan, Limestone, and Lauderdale counties.",95
154571,LIMESTONE CO.,O NEAL,03/26/2009,400,Flash Flood, , ,0,0,0,0,AL,CST-6, ,26416,C,83,HUN,0,0,Newspaper,Heavy Rain, , ,2.37,ESE,2.34,NNW,ATHENS,03/26/2009,1100,34.8368,-86.9914,34.8301,-86.9898,"Heavy rainfall caused flash flooding which closed a section of Airport road in Athens.","Heavy rainfall pushed into northwestern Alabama on the morning of the 26th.  This front later pushed northward and stalled across northwestern Alabama during the day. The forcing associated with this system produced between 2 and 4 inches of rainfall primarily in locations west of interstate 65. Some minor flash flooding from this rainfall closed roads in Morgan, Limestone, and Lauderdale counties.",96
154534,MORGAN CO.,CENTER GROVE,03/26/2009,500,Flash Flood, , ,0,0,0,0,AL,CST-6, ,26416,C,103,HUN,0,0,Newspaper,Heavy Rain, , ,1.27,ESE,2.26,SE,CENTER GROVE,03/26/2009,1100,34.3756,-86.6083,34.3624,-86.6054,"Flash flooding forced the closure of Ruth Mountain road west of Arab.","Heavy rainfall pushed into northwestern Alabama on the morning of the 26th.  This front later pushed northward and stalled across northwestern Alabama during the day. The forcing associated with this system produced between 2 and 4 inches of rainfall primarily in locations west of interstate 65. Some minor flash flooding from this rainfall closed roads in Morgan, Limestone, and Lauderdale counties.",97
154532,MORGAN CO.,FALKVILLE,03/26/2009,500,Flash Flood, , ,0,0,0,0,AL,CST-6, ,26416,C,103,HUN,0,0,Newspaper,Heavy Rain, , ,1.64,W,0.5,WSW,FALKVILLE,03/26/2009,1100,34.3694,-86.9288,34.3575,-86.93,"Flash flooding forced the closure of Douglas road near Falkville.","Heavy rainfall pushed into northwestern Alabama on the morning of the 26th.  This front later pushed northward and stalled across northwestern Alabama during the day. The forcing associated with this system produced between 2 and 4 inches of rainfall primarily in locations west of interstate 65. Some minor flash flooding from this rainfall closed roads in Morgan, Limestone, and Lauderdale counties.",98
154535,MORGAN CO.,DANVILLE,03/26/2009,500,Flash Flood, , ,0,0,0,0,AL,CST-6, ,26416,C,103,HUN,0,0,Newspaper,Heavy Rain, , ,2.26,E,3.46,W,MASSEY,03/26/2009,1100,34.4174,-87.0404,34.3681,-87.0443,"Flash flooding forced the closure of New Cut road southwest of Hartselle.","Heavy rainfall pushed into northwestern Alabama on the morning of the 26th.  This front later pushed northward and stalled across northwestern Alabama during the day. The forcing associated with this system produced between 2 and 4 inches of rainfall primarily in locations west of interstate 65. Some minor flash flooding from this rainfall closed roads in Morgan, Limestone, and Lauderdale counties.",99
160581,MOBILE CO.,CITRONELLE,03/27/2009,135,Flash Flood, , ,0,0,0,0,AL,CST-6, ,27347,C,97,MOB,0,0,Emergency Manager,Heavy Rain, , ,2.43,NW,1.75,WNW,CITRONELLE,03/27/2009,235,31.1077,-88.2552,31.0884,-88.2509,"Slow moving thunderstorms produced 3 to 5 inches of rain that flooded many roads in Citronelle.","A line of thunderstorms ahead of a cold front produced heavy rain that caused flash flooding across portions of southwest Alabama.",100
160582,WASHINGTON CO.,MC INTOSH,03/27/2009,153,Flash Flood, , ,0,0,0,0,AL,CST-6, ,27347,C,129,MOB,0,0,Emergency Manager,Heavy Rain, , ,0,N,0.64,W,MC INTOSH,03/27/2009,253,31.27,-88.03,31.2718,-88.0431,"Heavy rains from slow moving thunderstorms flooded roads in McIntosh.","A line of thunderstorms ahead of a cold front produced heavy rain that caused flash flooding across portions of southwest Alabama.",101
161790,AUTAUGA CO.,FORESTER,03/27/2009,800,Flash Flood, , ,0,0,50000,0,AL,CST-6, ,27508,C,1,BMX,0,0,Newspaper,Heavy Rain, , ,1.91,NW,1.37,SW,FORESTER,03/27/2009,1800,32.449,-86.6437,32.4142,-86.6389,"A large section of the southern portion of Autauga County, from Autaugaville eastward to near Prattville, experienced flash flooding due to several days of excessive rainfall.  Rainfall of 5 to 7 inches over the course of 4 days caused several creeks and small tributaries to the Alabama River to come out of their banks.  The hardest hit area was near Noland Creek, on CR-29 between Autaugaville and Prattville.  Flood waters rose to knee-deep levels in several rooms of a church in that area.  About 10,000 sandbags were placed around the church, and local police officers loaded the church's pews onto a flatbed truck to minimize the damage.","An intense low pressure system and associated cold front brought high winds, scattered strong to severe thunderstorms, and locally heavy rain to central Alabama.",102
161499,MOBILE CO.,CITRONELLE,03/28/2009,248,Flash Flood, , ,0,0,0,0,AL,CST-6, ,27510,C,97,MOB,0,0,Law Enforcement,Heavy Rain, , ,0,N,1.66,WNW,CITRONELLE,03/28/2009,348,31.08,-88.23,31.0874,-88.2503,"Heavy rains flooded numerous streets in Citronelle.","Thunderstorms moved across southwest Alabama and produced several reports of large hail, wind damage and flooding.",103
161500,MOBILE CO.,MOBILE,03/28/2009,248,Flash Flood, , ,0,0,0,0,AL,CST-6, ,27510,C,97,MOB,0,0,Law Enforcement,Heavy Rain, , ,0,N,1.64,ENE,MERTZ,03/28/2009,348,30.7,-88.08,30.6846,-88.0516,"Heavy rains flooded numerous streets in and around Mobile.","Thunderstorms moved across southwest Alabama and produced several reports of large hail, wind damage and flooding.",104
161501,MOBILE CO.,GRAND BAY,03/28/2009,325,Flash Flood, , ,0,0,0,0,AL,CST-6, ,27510,C,97,MOB,0,0,Law Enforcement,Heavy Rain, , ,3,E,2.51,SSW,ST ELMO ARPT,03/28/2009,425,30.47,-88.2996,30.4881,-88.2875,"Heavy Rains produced flooding along I-10 in Grand Bay.","Thunderstorms moved across southwest Alabama and produced several reports of large hail, wind damage and flooding.",105
161506,BALDWIN CO.,LOXLEY,03/28/2009,445,Flash Flood, , ,0,0,0,0,AL,CST-6, ,27510,C,3,MOB,0,0,Emergency Manager,Heavy Rain, , ,0,N,1,WNW,LOXLEY,03/28/2009,545,30.62,-87.75,30.6215,-87.7571,"Heavy rains caused widespread flooding of road ways around Loxley.","Thunderstorms moved across southwest Alabama and produced several reports of large hail, wind damage and flooding.",106
163122,HOUSTON CO.,PETERMAN,03/28/2009,700,Flash Flood, , ,0,0,500000,0,AL,CST-6, ,27774,C,69,TAE,0,0,Emergency Manager,Heavy Rain, , ,2.56,E,1.92,NW,ARDILLA,03/28/2009,1230,31.1965,-85.4269,31.1908,-85.3796,"Extensive flooding was reported in and around Dothan.  Some roadways were covered with up to six feet of water.  Several homes had up to two feet of water inside.  Residents of several apartment buildings were evacuated.","Several lines of severe thunderstorms raked southeast Alabama on the 28th and produced reports of large hail, wind damage and flash flooding.",107
163123,GENEVA CO.,GENEVA,03/28/2009,720,Flash Flood, , ,0,0,0,0,AL,CST-6, ,27774,C,61,TAE,0,0,Public,Heavy Rain, , ,0.75,N,0.76,N,GENEVA,03/28/2009,750,31.0408,-85.8716,31.039,-85.8714,"Knee deep water was reported in Geneva at North Merritt Street and Hart Street.","Several lines of severe thunderstorms raked southeast Alabama on the 28th and produced reports of large hail, wind damage and flash flooding.",108
158810,MORGAN CO.,MOULTON HGTS,04/02/2009,1555,Flash Flood, , ,0,0,0,0,AL,CST-6, ,26174,C,103,HUN,0,0,Emergency Manager,Heavy Rain, , ,2.19,N,0.59,WSW,GRIFFIN ADDITION,04/02/2009,2155,34.6316,-87.0172,34.5779,-87.0415,"Flash flooding was reported in the city of Decatur.","A powerful low pressure system tracked from Arkansas into the Ohio Valley, lifting a warm front north during the afternoon, and pushing a cold front during the evening hours.  Two quasi-linear convective systems (QLCS) tracked east through the Tennessee Valley, resulting in two waves of severe thunderstorms that produced four tornadoes of EF0 and EF1 intensity, wind damage, and several short duration flash floods, mainly in urban areas of Huntsville and Decatur.  Damaging non-thunderstorm winds occurred behind the cold frontal passage, enhanced by a possible gravity wave.",109
158817,LIMESTONE CO.,OAKLAND EAST,04/02/2009,1614,Flash Flood, , ,0,0,0,0,AL,CST-6, ,26174,C,83,HUN,0,0,Emergency Manager,Heavy Rain, , ,0.31,NNW,0.36,SSW,PARKER,04/02/2009,2214,34.734,-86.8226,34.7021,-86.8268,"Flash flooding was reported at the intersection of Huntsville-Browns Ferry Road and Burgreen Road in Limestone county.","A powerful low pressure system tracked from Arkansas into the Ohio Valley, lifting a warm front north during the afternoon, and pushing a cold front during the evening hours.  Two quasi-linear convective systems (QLCS) tracked east through the Tennessee Valley, resulting in two waves of severe thunderstorms that produced four tornadoes of EF0 and EF1 intensity, wind damage, and several short duration flash floods, mainly in urban areas of Huntsville and Decatur.  Damaging non-thunderstorm winds occurred behind the cold frontal passage, enhanced by a possible gravity wave.",110
158832,MADISON CO.,HUNTSVILLE,04/02/2009,1730,Flash Flood, , ,0,0,0,0,AL,CST-6, ,26174,C,89,HUN,0,0,Emergency Manager,Heavy Rain, , ,1.59,NE,1.82,ESE,HUNTSVILLE,04/02/2009,2330,34.7433,-86.5971,34.7257,-86.6001,"Flash flooding occurred in several locations across southern and eastern sections of Huntsville, particularly in locations near Memorial Parkway.  Some of these locations included the intersections of Memorial Parkway/Clinton Avenue and Memorial Parkway/Weatherly Road.  Also the 700 block of Lily Flagg Road and the 500 block of Garth road experienced some flash flooding. Timing of flash flooding was estimated.","A powerful low pressure system tracked from Arkansas into the Ohio Valley, lifting a warm front north during the afternoon, and pushing a cold front during the evening hours.  Two quasi-linear convective systems (QLCS) tracked east through the Tennessee Valley, resulting in two waves of severe thunderstorms that produced four tornadoes of EF0 and EF1 intensity, wind damage, and several short duration flash floods, mainly in urban areas of Huntsville and Decatur.  Damaging non-thunderstorm winds occurred behind the cold frontal passage, enhanced by a possible gravity wave.",111
158956,MADISON CO.,MONROVIA,04/02/2009,1915,Flash Flood, , ,0,0,0,0,AL,CST-6, ,26174,C,89,HUN,0,0,Trained Spotter,Heavy Rain, , ,1.44,SW,1.26,SW,MONROVIA,04/02/2009,1920,34.7573,-86.7401,34.7527,-86.7394,"Flash flooding was reported at Lawsons Ridge Road in Madison.","A powerful low pressure system tracked from Arkansas into the Ohio Valley, lifting a warm front north during the afternoon, and pushing a cold front during the evening hours.  Two quasi-linear convective systems (QLCS) tracked east through the Tennessee Valley, resulting in two waves of severe thunderstorms that produced four tornadoes of EF0 and EF1 intensity, wind damage, and several short duration flash floods, mainly in urban areas of Huntsville and Decatur.  Damaging non-thunderstorm winds occurred behind the cold frontal passage, enhanced by a possible gravity wave.",112
158965,MADISON CO.,LILY FLAG,04/02/2009,1924,Flash Flood, , ,0,0,0,0,AL,CST-6, ,26174,C,89,HUN,0,0,Trained Spotter,Heavy Rain, , ,0.83,NW,0.54,WSW,LILY FLAG,04/03/2009,124,34.6578,-86.5812,34.6482,-86.575,"Heavy rainfall caused flash flooding along South Memorial Parkway.","A powerful low pressure system tracked from Arkansas into the Ohio Valley, lifting a warm front north during the afternoon, and pushing a cold front during the evening hours.  Two quasi-linear convective systems (QLCS) tracked east through the Tennessee Valley, resulting in two waves of severe thunderstorms that produced four tornadoes of EF0 and EF1 intensity, wind damage, and several short duration flash floods, mainly in urban areas of Huntsville and Decatur.  Damaging non-thunderstorm winds occurred behind the cold frontal passage, enhanced by a possible gravity wave.",113
158969,MADISON CO.,DUG HILL,04/02/2009,1935,Flash Flood, , ,0,0,0,0,AL,CST-6, ,26174,C,89,HUN,0,0,Emergency Manager,Heavy Rain, , ,2.15,W,1.61,WSW,DUG HILL,04/03/2009,140,34.7149,-86.5374,34.7078,-86.5326,"Flash flooding was reported along Governors Drive and Mone Sano Boulevard in Huntsville.","A powerful low pressure system tracked from Arkansas into the Ohio Valley, lifting a warm front north during the afternoon, and pushing a cold front during the evening hours.  Two quasi-linear convective systems (QLCS) tracked east through the Tennessee Valley, resulting in two waves of severe thunderstorms that produced four tornadoes of EF0 and EF1 intensity, wind damage, and several short duration flash floods, mainly in urban areas of Huntsville and Decatur.  Damaging non-thunderstorm winds occurred behind the cold frontal passage, enhanced by a possible gravity wave.",114
158970,MADISON CO.,CLUTTSVILLE,04/02/2009,1935,Flash Flood, , ,0,0,0,0,AL,CST-6, ,26174,C,89,HUN,0,0,Emergency Manager,Heavy Rain, , ,0.71,SSW,0.74,SSW,CLUTTSVILLE,04/03/2009,135,34.8211,-86.7762,34.8175,-86.7736,"Flash flooding was reported at the intersection of Old Railroad Bed road and Orvill Smith Road in Harvest.","A powerful low pressure system tracked from Arkansas into the Ohio Valley, lifting a warm front north during the afternoon, and pushing a cold front during the evening hours.  Two quasi-linear convective systems (QLCS) tracked east through the Tennessee Valley, resulting in two waves of severe thunderstorms that produced four tornadoes of EF0 and EF1 intensity, wind damage, and several short duration flash floods, mainly in urban areas of Huntsville and Decatur.  Damaging non-thunderstorm winds occurred behind the cold frontal passage, enhanced by a possible gravity wave.",115
158972,MADISON CO.,JEFF,04/02/2009,1950,Flash Flood, , ,0,0,0,0,AL,CST-6, ,26174,C,89,HUN,0,0,Emergency Manager,Heavy Rain, , ,3.4,E,4.86,SW,CLUTTSVILLE,04/03/2009,150,34.8212,-86.6602,34.8251,-86.7748,"Dry creek was reported flooding Plummer road.  Also numerous reportes of flooding were received across western portions of Madison county.","A powerful low pressure system tracked from Arkansas into the Ohio Valley, lifting a warm front north during the afternoon, and pushing a cold front during the evening hours.  Two quasi-linear convective systems (QLCS) tracked east through the Tennessee Valley, resulting in two waves of severe thunderstorms that produced four tornadoes of EF0 and EF1 intensity, wind damage, and several short duration flash floods, mainly in urban areas of Huntsville and Decatur.  Damaging non-thunderstorm winds occurred behind the cold frontal passage, enhanced by a possible gravity wave.",116
161086,MORGAN CO.,GRIFFIN ADDITION,04/10/2009,1349,Flash Flood, , ,0,0,0,0,AL,CST-6, ,26486,C,103,HUN,0,0,NWS Employee,Heavy Rain, , ,2.07,SSW,0.3,N,NEEL,04/10/2009,1949,34.5516,-87.0416,34.4924,-87.0495,"Heavy rainfall caused flash flooding to occur and producing half a foot of standing water over Danville Road southwest of Decatur.","A strong upper level storm moving across the Mississipi Valley brought a dry line and cold front into north Alabama during the afternoon and early evening hours.  Several classic supercell thunderstorms developed by early afternoon in northwest Alabama, sweeping across the remainder of north Alabama during mid to late afternoon hours.  Many of the storms produced very large hail, up to baseball and softball sized, producing significant damage, especially from Decatur through Madison and northwest Huntsville.   One of the supercells produced a long track tornado producing damage of up to EF-3 intensity which struck northeastern Marshall County, crossed Lake Guntersville, and moved into southern DeKalb County.",117
168051,CLARKE CO.,FULTON,04/12/2009,2345,Flash Flood, , ,0,0,50000,0,AL,CST-6, ,28529,C,25,MOB,0,0,Emergency Manager,Heavy Rain, , ,0,N,1.72,NE,FULTON,04/13/2009,345,31.78,-87.73,31.7873,-87.7217,"Heavy rains from a thunderstorm flooded the fire department and post office in Fulton. Water also covered the railroad tracks near Fulton.","Thunderstorms produced large hail, damaging winds and flash flooding across southwest Alabama.",118
168841,LAUDERDALE CO.,WHITEHEAD,05/01/2009,1553,Flash Flood, , ,0,0,0,0,AL,CST-6, ,27620,C,77,HUN,0,0,Emergency Manager,Heavy Rain, , ,1.1,N,1.04,N,WHITEHEAD,05/01/2009,1930,34.8957,-87.3236,34.8858,-87.32,"Heavy rains from thunderstorms caused water to cover the road at the intersection of CR 76 and CR 89.","A mesoscale convective system (MCS) produced a large complex of showers and strong to severe thunderstorms during the afternoon hours. Large hail, damaging wind gusts, and flooding from heavy rainfall occurred with this system.  Also, lightning sparked a fire on the roof of an attic at a church in Falkville.",119
168839,MADISON CO.,HUNTSVILLE PARK,05/01/2009,1625,Flash Flood, , ,0,0,0,0,AL,CST-6, ,27620,C,89,HUN,0,0,Emergency Manager,Heavy Rain, , ,1.36,E,2.92,ENE,CHELSEA,05/01/2009,1800,34.6966,-86.5965,34.6863,-86.5984,"Heavy rains from thunderstorms caused water six inches deep to occur over Airport Road in southeast portions of Huntsville.","A mesoscale convective system (MCS) produced a large complex of showers and strong to severe thunderstorms during the afternoon hours. Large hail, damaging wind gusts, and flooding from heavy rainfall occurred with this system.  Also, lightning sparked a fire on the roof of an attic at a church in Falkville.",120
168854,MORGAN CO.,DECATUR,05/01/2009,1820,Flash Flood, , ,0,0,0,0,AL,CST-6, ,27620,C,103,HUN,0,0,Broadcast Media,Heavy Rain, , ,0.87,NNW,1.55,ESE,AUSTINVILLE,05/02/2009,2030,34.631,-86.9877,34.5688,-86.9952,"Heavy rainfall from thunderstorms prompted several reports of flash flooding along AL Highway 20.","A mesoscale convective system (MCS) produced a large complex of showers and strong to severe thunderstorms during the afternoon hours. Large hail, damaging wind gusts, and flooding from heavy rainfall occurred with this system.  Also, lightning sparked a fire on the roof of an attic at a church in Falkville.",121
193340,MORGAN CO.,FLINT CITY,05/01/2009,2000,Flash Flood, , ,0,0,0,0,AL,CST-6, ,27620,C,103,HUN,0,0,Broadcast Media,Heavy Rain, , ,1.28,SSW,1.4,ENE,OAK RIDGE,05/01/2009,2140,34.5025,-86.977,34.4885,-86.9697,"Flash flooding was reported on US Highway 31 between Decatur and Hartselle near the Conoco station.","A mesoscale convective system (MCS) produced a large complex of showers and strong to severe thunderstorms during the afternoon hours. Large hail, damaging wind gusts, and flooding from heavy rainfall occurred with this system.  Also, lightning sparked a fire on the roof of an attic at a church in Falkville.",122
193347,LIMESTONE CO.,UNION HILL,05/01/2009,2000,Flash Flood, , ,0,0,0,0,AL,CST-6, ,27620,C,83,HUN,0,0,Law Enforcement,Heavy Rain, , ,2.07,N,3.47,WSW,WHEELER LAKE NORTH,05/01/2009,2200,35,-87.2,34.82,-87.2,"Heavy rainfall caused widespread flash flooding, especially in the western portion of the county.","A mesoscale convective system (MCS) produced a large complex of showers and strong to severe thunderstorms during the afternoon hours. Large hail, damaging wind gusts, and flooding from heavy rainfall occurred with this system.  Also, lightning sparked a fire on the roof of an attic at a church in Falkville.",123
173308,MORGAN CO.,FALKVILLE,05/01/2009,2035,Flash Flood, , ,0,0,0,0,AL,CST-6, ,27620,C,103,HUN,0,0,Newspaper,Heavy Rain, , ,1.98,NNE,2.36,NE,LACON,05/02/2009,2140,34.3979,-86.8916,34.3379,-86.8928,"Heavy rainfall from strong to severe thunderstorms caused locations between Nat Key Road and East Lacon Road to be covered with water.","A mesoscale convective system (MCS) produced a large complex of showers and strong to severe thunderstorms during the afternoon hours. Large hail, damaging wind gusts, and flooding from heavy rainfall occurred with this system.  Also, lightning sparked a fire on the roof of an attic at a church in Falkville.",124
173316,MORGAN CO.,DANVILLE,05/01/2009,2043,Flash Flood, , ,0,0,0,0,AL,CST-6, ,27620,C,103,HUN,0,0,Newspaper,Heavy Rain, , ,2.54,E,3.52,WNW,MASSEY,05/01/2009,2230,34.4144,-87.036,34.3735,-87.0322,"Heavy rainfall from strong to severe thunderstorms caused water to cover the road at portions of New Cut Road.","A mesoscale convective system (MCS) produced a large complex of showers and strong to severe thunderstorms during the afternoon hours. Large hail, damaging wind gusts, and flooding from heavy rainfall occurred with this system.  Also, lightning sparked a fire on the roof of an attic at a church in Falkville.",125
173210,LAWRENCE CO.,NORTHEAST SMITH,05/01/2009,2050,Flash Flood, , ,0,0,0,0,AL,CST-6, ,27620,C,79,HUN,0,0,Emergency Manager,Heavy Rain, , ,3.01,WSW,2.4,SSE,KIMO,05/01/2009,2145,34.5818,-87.3681,34.4774,-87.2143,"Heavy rainfall from strong to severe thunderstorms caused water to cover CR 222, CR 434, CR 150 and CR 217 between Chalybeate Springs and Hillsboro.","A mesoscale convective system (MCS) produced a large complex of showers and strong to severe thunderstorms during the afternoon hours. Large hail, damaging wind gusts, and flooding from heavy rainfall occurred with this system.  Also, lightning sparked a fire on the roof of an attic at a church in Falkville.",126
169213,DEKALB CO.,BEATY XRDS,05/02/2009,1015,Flash Flood, , ,0,0,0,0,AL,CST-6, ,28789,C,49,HUN,0,0,Emergency Manager,Heavy Rain, , ,1.84,ESE,2.01,SE,BEATY XRDS,05/02/2009,1055,34.6865,-85.6522,34.6663,-85.6501,"Flash flooding on occurred on CR 739 near the intersection with CR 651, causing the the roadway to become impassable.","Scattered thunderstorms along a weak frontal boundary sparked morning and afternoon thunderstorms which produced flash flooding and isolated wind damage.  Also, general flooding of creeks and streams was noted.",127
169214,FRANKLIN CO.,RED BAY MUNI ARPT,05/02/2009,1400,Flash Flood, , ,0,0,0,0,AL,CST-6, ,28789,C,59,HUN,0,0,Law Enforcement,Heavy Rain, , ,0.71,W,1.67,S,RED BAY MUNI ARPT,05/02/2009,1715,34.4514,-88.1623,34.4367,-88.1529,"Extensive flash flooding was reported in the Red Bay area. Particularly hard hit were locations along 4th Avenue SW, Gober Road, and Mccarthy Road.","Scattered thunderstorms along a weak frontal boundary sparked morning and afternoon thunderstorms which produced flash flooding and isolated wind damage.  Also, general flooding of creeks and streams was noted.",128
171719,CULLMAN CO.,HOLMES GAP,05/03/2009,1340,Flash Flood, , ,0,0,0,0,AL,CST-6, ,29150,C,43,HUN,0,0,Newspaper,Heavy Rain, , ,1.21,S,1.23,S,HOLMES GAP,05/03/2009,1440,34.2325,-86.8482,34.2289,-86.848,"Heavy rainfall from strong to severe thunderstorms produced flash flooding across Childhaven Road where it crosses George Lake.","Scattered low-topped thunderstorms, some of which were supercells, produced two tornadoes and scattered wind damage during the afternoon and early evening hours.  Isolated flash flooding was also reported.  The second tornado was produced from a rogue supercell that was tied closely with an upper level disturbance tracking rapidly northeast through northern Alabama.",129
172949,MORGAN CO.,DECATUR,05/03/2009,1340,Flash Flood, , ,0,0,0,0,AL,CST-6, ,29150,C,103,HUN,0,0,Newspaper,Heavy Rain, , ,1.46,S,1.52,S,DECATUR,05/03/2009,1440,34.5991,-86.9764,34.5961,-86.9767,"Heavy rain from strong to severe thunderstorms caused six inches to one foot of water to accumulate across much of Delano park in Decatur.","Scattered low-topped thunderstorms, some of which were supercells, produced two tornadoes and scattered wind damage during the afternoon and early evening hours.  Isolated flash flooding was also reported.  The second tornado was produced from a rogue supercell that was tied closely with an upper level disturbance tracking rapidly northeast through northern Alabama.",130
171730,MADISON CO.,CAVE SPG,05/03/2009,1653,Flash Flood, , ,0,0,7000,0,AL,CST-6, ,29150,C,89,HUN,0,0,Emergency Manager,Heavy Rain, , ,0.59,NW,0.49,W,CAVE SPG,05/03/2009,1822,34.605,-86.4284,34.599,-86.4279,"Heavy rainfall from strong to severe thunderstorms produced flash flooding across Cave Spring Road in the Owens Crossroads area.  One car was pushed off the roadway onto its side into a flooded ditch.  No one was injured in the car.  Some construction on a washed out bridge at this locations from previous rains was undone.","Scattered low-topped thunderstorms, some of which were supercells, produced two tornadoes and scattered wind damage during the afternoon and early evening hours.  Isolated flash flooding was also reported.  The second tornado was produced from a rogue supercell that was tied closely with an upper level disturbance tracking rapidly northeast through northern Alabama.",131
171024,MADISON CO.,FARLEY,05/03/2009,1738,Flash Flood, , ,0,0,1000,0,AL,CST-6, ,29150,C,89,HUN,0,0,Emergency Manager,Heavy Rain, , ,2.19,NE,2.3,NE,FARLEY,05/03/2009,1822,34.6239,-86.5448,34.6218,-86.5446,"Runoff from heavy rain caused water to flow over Danmann Circle in southeast Huntsville, which flooded portions of a house.","Scattered low-topped thunderstorms, some of which were supercells, produced two tornadoes and scattered wind damage during the afternoon and early evening hours.  Isolated flash flooding was also reported.  The second tornado was produced from a rogue supercell that was tied closely with an upper level disturbance tracking rapidly northeast through northern Alabama.",132
170974,CULLMAN CO.,GOOD HOPE,05/06/2009,415,Flash Flood, , ,0,0,0,0,AL,CST-6, ,27149,C,43,HUN,0,0,Emergency Manager,Heavy Rain, , ,0.67,WSW,0.49,WSW,GOOD HOPE,05/06/2009,630,34.0973,-86.8813,34.0943,-86.8852,"Heavy rainfall from strong to severe thunderstorms caused several inches of water to cover CR 616 near the intersection of Highway 69 and interstate 65.","Strong thunderstorms erupted around Midnight on the 6th in northwest Alabama and tracked across portions of north Alabama. The storms produced one to three inches of rainfall in parts of Lawrence, Morgan, Cullman and Marshall Counties resulting in a few instances of flash flooding. Following this first round of thunderstorms, a vigorous quasi-linear convective system (QLCS) advanced eastward from northern Mississippi into northwest Alabama before sunrise.  This system strengthened as it encountered increasing instability.  Given high amounts of low level wind shear, a break in the line resulted as a strong comma head / mesocyclone developed.  This storm evolved into its own miniature supercell spawning three tornadoes along its track from eastern Lawrence through Morgan, Limestone and Madison Counties.  The tornado in Limestone and Madison County produced up to EF2 damage along its 10.9 mile track, narrowly missing an elementary school, high school, and two churches in Madison.  Other reports of thunderstorm wind damage were received with these storms.",133
170153,MARSHALL CO.,DOUGLAS,05/06/2009,525,Flash Flood, , ,0,0,10000,0,AL,CST-6, ,27149,C,95,HUN,0,0,Emergency Manager,Heavy Rain, , ,3.24,SSE,1.65,SSE,DOUGLAS,05/06/2009,900,34.1243,-86.3172,34.1072,-86.3007,"Heavy rainfall from strong to severe thunderstorms caused several roads to be flooded in eastern portions of Marshall county.  These roads included: Summerville Road and Forest Forest Grove Road.  More serious flooding occurred on Old Jordan Road, Gene Brown Road, and Needmore Road.  In these locations, roads were closed and a few bridges were washed out. One of these bridges was White Oak Creek bridge, which crosses a portion of Slab Creek.","Strong thunderstorms erupted around Midnight on the 6th in northwest Alabama and tracked across portions of north Alabama. The storms produced one to three inches of rainfall in parts of Lawrence, Morgan, Cullman and Marshall Counties resulting in a few instances of flash flooding. Following this first round of thunderstorms, a vigorous quasi-linear convective system (QLCS) advanced eastward from northern Mississippi into northwest Alabama before sunrise.  This system strengthened as it encountered increasing instability.  Given high amounts of low level wind shear, a break in the line resulted as a strong comma head / mesocyclone developed.  This storm evolved into its own miniature supercell spawning three tornadoes along its track from eastern Lawrence through Morgan, Limestone and Madison Counties.  The tornado in Limestone and Madison County produced up to EF2 damage along its 10.9 mile track, narrowly missing an elementary school, high school, and two churches in Madison.  Other reports of thunderstorm wind damage were received with these storms.",134
170966,MARSHALL CO.,MT OLIVE,05/06/2009,525,Flash Flood, , ,0,0,0,0,AL,CST-6, ,27149,C,95,HUN,0,0,Emergency Manager,Heavy Rain, , ,0.83,NE,2.04,SW,OLEANDER,05/06/2009,715,34.4575,-86.5585,34.4099,-86.5431,"Heavy rainfall from strong to severe storms caused water to cover the following roads south of Morgan City: Mount View Road, Mount Olive Church Road, Midway Road.","Strong thunderstorms erupted around Midnight on the 6th in northwest Alabama and tracked across portions of north Alabama. The storms produced one to three inches of rainfall in parts of Lawrence, Morgan, Cullman and Marshall Counties resulting in a few instances of flash flooding. Following this first round of thunderstorms, a vigorous quasi-linear convective system (QLCS) advanced eastward from northern Mississippi into northwest Alabama before sunrise.  This system strengthened as it encountered increasing instability.  Given high amounts of low level wind shear, a break in the line resulted as a strong comma head / mesocyclone developed.  This storm evolved into its own miniature supercell spawning three tornadoes along its track from eastern Lawrence through Morgan, Limestone and Madison Counties.  The tornado in Limestone and Madison County produced up to EF2 damage along its 10.9 mile track, narrowly missing an elementary school, high school, and two churches in Madison.  Other reports of thunderstorm wind damage were received with these storms.",135
170967,MADISON CO.,FARLEY,05/06/2009,525,Flash Flood, , ,0,0,0,0,AL,CST-6, ,27149,C,89,HUN,0,0,NWS Employee,Heavy Rain, , ,1.55,E,1.74,E,FARLEY,05/06/2009,715,34.6009,-86.5427,34.5958,-86.544,"Flash flooding was reported at Bailey Cove Road at Old Brook Trail.","Strong thunderstorms erupted around Midnight on the 6th in northwest Alabama and tracked across portions of north Alabama. The storms produced one to three inches of rainfall in parts of Lawrence, Morgan, Cullman and Marshall Counties resulting in a few instances of flash flooding. Following this first round of thunderstorms, a vigorous quasi-linear convective system (QLCS) advanced eastward from northern Mississippi into northwest Alabama before sunrise.  This system strengthened as it encountered increasing instability.  Given high amounts of low level wind shear, a break in the line resulted as a strong comma head / mesocyclone developed.  This storm evolved into its own miniature supercell spawning three tornadoes along its track from eastern Lawrence through Morgan, Limestone and Madison Counties.  The tornado in Limestone and Madison County produced up to EF2 damage along its 10.9 mile track, narrowly missing an elementary school, high school, and two churches in Madison.  Other reports of thunderstorm wind damage were received with these storms.",136
170968,MORGAN CO.,FLINT CITY,05/06/2009,704,Flash Flood, , ,0,0,0,0,AL,CST-6, ,27149,C,103,HUN,0,0,Mesonet,Heavy Rain, , ,1.06,NNW,1.02,NNW,FLINT CITY,05/06/2009,800,34.5345,-86.9758,34.5305,-86.975,"Heavy rainfall from strong to severe thunderstorms completely submerged Old Highway 31 at the Poole Valley intersection. This area was closed by the Public Works Department of Decatur around 704 AM CST.","Strong thunderstorms erupted around Midnight on the 6th in northwest Alabama and tracked across portions of north Alabama. The storms produced one to three inches of rainfall in parts of Lawrence, Morgan, Cullman and Marshall Counties resulting in a few instances of flash flooding. Following this first round of thunderstorms, a vigorous quasi-linear convective system (QLCS) advanced eastward from northern Mississippi into northwest Alabama before sunrise.  This system strengthened as it encountered increasing instability.  Given high amounts of low level wind shear, a break in the line resulted as a strong comma head / mesocyclone developed.  This storm evolved into its own miniature supercell spawning three tornadoes along its track from eastern Lawrence through Morgan, Limestone and Madison Counties.  The tornado in Limestone and Madison County produced up to EF2 damage along its 10.9 mile track, narrowly missing an elementary school, high school, and two churches in Madison.  Other reports of thunderstorm wind damage were received with these storms.",137
175998,LAMAR CO.,CREWS,05/06/2009,745,Flash Flood, , ,0,0,10000,0,AL,CST-6, ,30072,C,75,BMX,0,0,Emergency Manager,Heavy Rain, , ,1.17,WSW,0.75,WSW,CREWS,05/06/2009,1000,33.8944,-88.1493,33.8939,-88.1436,"An estimated 3 to 4 inches of rain caused US-278 in Sulligent to become impassable due to flooding.","An upper level disturbance and a nearby stationary front combined to produce numerous severe thunderstorms across Central Alabama, that included damaging winds, large hail, and several tornadoes.",138
171687,LAUDERDALE CO.,PRITTON,05/06/2009,751,Flash Flood, , ,0,0,0,0,AL,CST-6, ,27149,C,77,HUN,0,0,Emergency Manager,Heavy Rain, , ,2.49,ENE,2,NNW,HOLLOWAY,05/06/2009,955,34.9991,-87.5827,34.8871,-87.5343,"Heavy rainfall from strong to severe thunderstorms closed several roads in eastern portions of Lauderdale county. Roads that were closed included:  Turner Lindsey Road in Rogersville, CR 379/CR 130 in the Greenhill area, CR 156/CR 520/CR 534/CR 522 in the Anderson area, and CR 502 in the Lexington area.","Strong thunderstorms erupted around Midnight on the 6th in northwest Alabama and tracked across portions of north Alabama. The storms produced one to three inches of rainfall in parts of Lawrence, Morgan, Cullman and Marshall Counties resulting in a few instances of flash flooding. Following this first round of thunderstorms, a vigorous quasi-linear convective system (QLCS) advanced eastward from northern Mississippi into northwest Alabama before sunrise.  This system strengthened as it encountered increasing instability.  Given high amounts of low level wind shear, a break in the line resulted as a strong comma head / mesocyclone developed.  This storm evolved into its own miniature supercell spawning three tornadoes along its track from eastern Lawrence through Morgan, Limestone and Madison Counties.  The tornado in Limestone and Madison County produced up to EF2 damage along its 10.9 mile track, narrowly missing an elementary school, high school, and two churches in Madison.  Other reports of thunderstorm wind damage were received with these storms.",139
176052,AUTAUGA CO.,FAYS,05/07/2009,700,Flash Flood, , ,0,0,530000,0,AL,CST-6, ,30077,C,1,BMX,0,0,Emergency Manager,Heavy Rain, , ,2.2,SSE,1.84,WSW,PINE LEVEL,05/07/2009,1200,32.449,-86.4116,32.5736,-86.5022,"Numerous county roads and city streets became impassable and suffered extensive damage due to flooding caused by torrential rainfall. The city of Prattville was the hardest hit area, as the storm water drainage system was extensively damaged. At least 32 homes and 6 business also suffered damage due to the flooding. Several residents of a mobile home community had to be evacuated when flood waters threatened their homes.","A slow moving area of thunderstorms brought considerable flash flooding to several counties in central and southeast Alabama. A relatively narrow but rather long swath of rainfall of 3 to more than 7 inches stretched from northeastern Autauga County, across the city of Montgomery, and into southern Russell and northern Barbour Counties. Peak rainfall amounts approached 10 inches.",140
176054,MACON CO.,SHORTER,05/07/2009,700,Flash Flood, , ,0,0,100000,0,AL,CST-6, ,30077,C,87,BMX,0,0,Emergency Manager,Heavy Rain, , ,1.66,W,0.52,NW,CHESSON,05/07/2009,1200,32.3998,-85.9584,32.336,-85.968,"Flash flooding caused numerous roads to become impassable.  High water was reported on several city and county roads, in and around the city of Tuskegee.","A slow moving area of thunderstorms brought considerable flash flooding to several counties in central and southeast Alabama. A relatively narrow but rather long swath of rainfall of 3 to more than 7 inches stretched from northeastern Autauga County, across the city of Montgomery, and into southern Russell and northern Barbour Counties. Peak rainfall amounts approached 10 inches.",141
176051,ELMORE CO.,MILLBROOK,05/07/2009,700,Flash Flood, , ,0,0,4900000,0,AL,CST-6, ,30077,C,51,BMX,0,0,Emergency Manager,Heavy Rain, , ,1.11,WNW,2.8,SW,PRATTVILLE JCT,05/07/2009,1200,32.4844,-86.3882,32.4577,-86.3601,"Numerous county roads and city streets became impassable and suffered extensive damage due to flooding caused by torrential rainfall.  The cities of Wetumpka, Millbrook, and Deatsville were especially hard hit. At least 43 homes, 10 business, and 2 churches also suffered damage due to the flooding. The Millbrook city parks and recreation areas suffered substantial damage.","A slow moving area of thunderstorms brought considerable flash flooding to several counties in central and southeast Alabama. A relatively narrow but rather long swath of rainfall of 3 to more than 7 inches stretched from northeastern Autauga County, across the city of Montgomery, and into southern Russell and northern Barbour Counties. Peak rainfall amounts approached 10 inches.",142
176053,MONTGOMERY CO.,MONTGOMERY,05/07/2009,700,Flash Flood, , ,1,0,1800000,0,AL,CST-6, ,30077,C,101,BMX,0,0,Emergency Manager,Heavy Rain, , ,1.31,W,0.31,NNE,HOPE HULL,05/07/2009,1200,32.3777,-86.3223,32.318,-86.3326,"The city of Montgomery experienced extensive flash flooding due to a period of very heavy rainfall. An estimated 10+ inches of rain fell in portions of Montgomery County in about a six hour time frame. The downtown area, including the capitol district, was hit especially hard.  At least three feet of water flowed into the basement of the Statehouse building, and state legislators temporarily moved to backup chambers in the old Capitol. Numerous streets downtown were closed, and numerous cars became stranded in the high water. One 67 year old man drowned when his car was swept away by flood waters in Montgomery.","A slow moving area of thunderstorms brought considerable flash flooding to several counties in central and southeast Alabama. A relatively narrow but rather long swath of rainfall of 3 to more than 7 inches stretched from northeastern Autauga County, across the city of Montgomery, and into southern Russell and northern Barbour Counties. Peak rainfall amounts approached 10 inches.",143
176050,BULLOCK CO.,MITCHELL,05/07/2009,900,Flash Flood, , ,0,0,100000,0,AL,CST-6, ,30077,C,11,BMX,0,0,Emergency Manager,Heavy Rain, , ,1.86,SSW,6.61,SW,HECTOR,05/07/2009,1400,32.2245,-85.9406,32.1025,-85.9529,"Flash flooding caused numerous roads to become impassable.  High water was reported on several county roads, in and around the city of Union Springs.","A slow moving area of thunderstorms brought considerable flash flooding to several counties in central and southeast Alabama. A relatively narrow but rather long swath of rainfall of 3 to more than 7 inches stretched from northeastern Autauga County, across the city of Montgomery, and into southern Russell and northern Barbour Counties. Peak rainfall amounts approached 10 inches.",144
173996,CHOCTAW CO.,BOLINGER,05/07/2009,2100,Flash Flood, , ,0,0,75000,0,AL,CST-6, ,29704,C,23,MOB,0,0,Emergency Manager,Heavy Rain, , ,2.42,W,2.88,NE,AQUILLA,05/08/2009,0,31.7863,-88.3706,31.7276,-88.372,"A nearly stationary thunderstorm produced rainfall amounts of 7 to 9 inches during a 3 to 4 hour period. The heavy rains flooded several homes and numerous roads across southern Choctaw county.","A slow moving thunderstorm produced 7 to 9 inches of rain that flooded numerous roads and several homes in southern Choctaw county.",145
174360,MORGAN CO.,DANVILLE,05/13/2009,900,Flash Flood, , ,0,0,0,0,AL,CST-6, ,29267,C,103,HUN,0,0,Newspaper,Heavy Rain, , ,2.75,E,3.43,WNW,MASSEY,05/13/2009,1000,34.4144,-87.0322,34.3735,-87.037,"Runoff produced flooding on New Cut Road.","Scattered showers and thunderstorms with heavy downpours and frequent lightning occurred during the morning hours on the 13th along a frontal boundary.",146
174362,MORGAN CO.,OAKWORTH,05/13/2009,900,Flash Flood, , ,0,0,0,0,AL,CST-6, ,29267,C,103,HUN,0,0,Newspaper,Heavy Rain, , ,0.48,NE,0.67,SE,OAKWORTH,05/13/2009,1000,34.5746,-86.9737,34.5626,-86.9717,"Heavy rainfall caused 1 to 2 feet of water to accumulate on County Club Road in southeast Decatur.","Scattered showers and thunderstorms with heavy downpours and frequent lightning occurred during the morning hours on the 13th along a frontal boundary.",147
171763,MADISON CO.,HILLSBORO,05/15/2009,1140,Flash Flood, , ,0,0,0,0,AL,CST-6, ,27144,C,89,HUN,0,0,Emergency Manager,Heavy Rain, , ,0.28,S,1.86,NNE,NEW MARKET,05/15/2009,1440,34.9259,-86.4305,34.9121,-86.4221,"Heavy rainfall caused flash flooding which closure of Old Mountain Fork Road near Winchester Road.","A very unstable air mass developed as early as midday across the central Tennessee Valley.  Scattered strong to severe thunderstorms developed by late morning producing very heavy rainfall that resulted in isolated flash flooding in northeast Madison County.  A few of these initial storms produced small hail.  As instability increased during the mid to late afternoon, more numerous thunderstorms developed.  Outflow boundary collisions triggered rapid development of new storms which became severe rather quickly in a few instances.  A few reports of large hail and damaging winds were received into the mid evening hours.  Isolated flash flooding occurred again in northeastern Madison County and in the town of Bridgeport in Jackson County where water depth climbed up to two feet.  One person was struck by lightning in the town of Fairview in Cullman County.  Additional thunderstorms moved northwest out of Georgia during the late evening hours producing additional rainfall, but diminished rather quickly after midnight.",148
171772,MADISON CO.,ROSEBORO,05/15/2009,1745,Flash Flood, , ,0,0,0,0,AL,CST-6, ,27144,C,89,HUN,0,0,NWS Employee,Heavy Rain, , ,1.15,NW,0.76,NNE,PLEVNA,05/15/2009,1915,34.9901,-86.4161,34.9808,-86.4162,"Heavy rainfall from strong to severe thunderstorms produced water six inches deep over Alabama Line Road. Also, water was reported flowing across Honey Drive nearby.","A very unstable air mass developed as early as midday across the central Tennessee Valley.  Scattered strong to severe thunderstorms developed by late morning producing very heavy rainfall that resulted in isolated flash flooding in northeast Madison County.  A few of these initial storms produced small hail.  As instability increased during the mid to late afternoon, more numerous thunderstorms developed.  Outflow boundary collisions triggered rapid development of new storms which became severe rather quickly in a few instances.  A few reports of large hail and damaging winds were received into the mid evening hours.  Isolated flash flooding occurred again in northeastern Madison County and in the town of Bridgeport in Jackson County where water depth climbed up to two feet.  One person was struck by lightning in the town of Fairview in Cullman County.  Additional thunderstorms moved northwest out of Georgia during the late evening hours producing additional rainfall, but diminished rather quickly after midnight.",149
171792,JACKSON CO.,BRIDGEPORT,05/15/2009,1945,Flash Flood, , ,0,0,0,0,AL,CST-6, ,27144,C,71,HUN,0,0,Law Enforcement,Heavy Rain, , ,0.44,SE,0.34,SE,BRIDGEPORT,05/15/2009,2300,34.9451,-85.7249,34.9421,-85.7168,"Strong to severe thunderstorms caused two to three feet of water to accumulate over Broadway Avenue between 8th and 9th Street.  Other streets that were impacted included:  Bleeker Street, Aldhouse Avenue, and Moore Avenue.","A very unstable air mass developed as early as midday across the central Tennessee Valley.  Scattered strong to severe thunderstorms developed by late morning producing very heavy rainfall that resulted in isolated flash flooding in northeast Madison County.  A few of these initial storms produced small hail.  As instability increased during the mid to late afternoon, more numerous thunderstorms developed.  Outflow boundary collisions triggered rapid development of new storms which became severe rather quickly in a few instances.  A few reports of large hail and damaging winds were received into the mid evening hours.  Isolated flash flooding occurred again in northeastern Madison County and in the town of Bridgeport in Jackson County where water depth climbed up to two feet.  One person was struck by lightning in the town of Fairview in Cullman County.  Additional thunderstorms moved northwest out of Georgia during the late evening hours producing additional rainfall, but diminished rather quickly after midnight.",150
176280,RANDOLPH CO.,ROANOKE,05/16/2009,930,Flash Flood, , ,0,0,50000,0,AL,CST-6, ,30103,C,111,BMX,0,0,Emergency Manager,Heavy Rain, , ,1.79,E,0.76,WNW,ROCK MILLS,05/16/2009,1200,33.1453,-85.3195,33.158,-85.3016,"Several roads in and near the city of Roanoke were closed due to flash flooding.  These roads included Chestnut Road, Louina Road, and CR-45 near Rockstand Road.  County Road 41, near the Corinth Community, had four feet of water rushing across it.","Slow moving thunderstorms produced flash flooding in Randolph County.",151
172941,MADISON CO.,ROSEBORO,05/16/2009,1545,Flash Flood, , ,0,0,0,0,AL,CST-6, ,27141,C,89,HUN,0,0,NWS Employee,Heavy Rain, , ,1.05,NNW,1.1,NNW,ROSEBORO,05/16/2009,1645,34.9944,-86.4056,34.9861,-86.4022,"Six inches of water was reported flowing over Alabama Line Road along the state border and over Honey Drive near the Jenny River just west of Plevna.","A broken line of strong and severe thunderstorms dropped southeast through the central Tennessee Valley during the afternoon hours on the 16th.  A couple of the storms knocked trees down.  Due to saturated conditions from previous rainfall and flooding, isolated flash flooding repeated itself from a day before in portions of Madison County.",152
175318,MOBILE CO.,DAUPHIN IS,05/23/2009,930,Flash Flood, , ,0,0,0,0,AL,CST-6, ,29722,C,97,MOB,0,0,Emergency Manager,Heavy Rain, , ,0.59,WNW,0.55,NNW,DAUPHIN IS,05/23/2009,1030,30.252,-88.1296,30.253,-88.1222,"Heavy rains caused flooding on the west end of Dauphin Island. The road was closed on the west end of Dauphin Island due to the high water.","Heavy rains from slow moving thunderstorms produced flash flooding in southern Mobile county.",153
174059,MOBILE CO.,BAYOU LA BATRE,05/23/2009,930,Flash Flood, , ,0,0,0,0,AL,CST-6, ,29722,C,97,MOB,0,0,Emergency Manager,Heavy Rain, , ,2.39,WNW,2,W,BAYOU LA BATRE,05/23/2009,1030,30.4111,-88.2679,30.4005,-88.258,"A thunderstorm produced 5 to 7 inches of rain that caused flooding along Highway 188 in Bayou La Batre.","Heavy rains from slow moving thunderstorms produced flash flooding in southern Mobile county.",154
176287,SUMTER CO.,EPES,05/27/2009,430,Flash Flood, , ,0,0,10000,0,AL,CST-6, ,30105,C,119,BMX,0,0,Law Enforcement,Heavy Rain, , ,2.8,W,2.67,W,EPES,05/27/2009,530,32.7037,-88.1679,32.7009,-88.1686,"The intersection of CR-20 and AL-39 was washed out due to heavy rainfall.","A weak cold front pushing through the southeast states caused isolated severe thunderstorms across central Alabama, including damaging winds and large hail.",155
161804,MORGAN CO.,DECATUR,05/27/2009,1715,Flash Flood, , ,0,0,0,0,AL,CST-6, ,27544,C,103,HUN,0,0,Law Enforcement,Heavy Rain, , ,0.69,S,1.56,SSE,CEDAR LAKE,05/27/2009,1830,34.61,-86.98,34.5473,-86.9681,"The Decatur Police Department reported flash flooding on multiple streets in the city of Decatur.  At least 8 inches of water was reported over 6th Avenue.","A warm and unstable atmosphere existed during the afternoon hours leading to clusters of strong to severe thunderstorms.  These storms developed in northwest and north central Alabama and slowly tracked southeast producing local, but very heavy rainfall of 3 to 4 inches in a one to two hour period.  The resulting rapid runoff produced flash flooding in portions of Lawrence and Morgan counties, including the cities of Caddo and Decatur.  A couple of these storms also produced isolated wind damage.",156
161808,LAWRENCE CO.,MT MORIAH,05/27/2009,1718,Flash Flood, , ,0,0,0,0,AL,CST-6, ,27544,C,79,HUN,0,0,Emergency Manager,Heavy Rain, , ,2.13,ESE,2.44,ESE,MT MORIAH,05/27/2009,1820,34.5352,-87.1871,34.5369,-87.1844,"Flash flooding was reported along County Road 317 between Highway 24 and County Road 460.","A warm and unstable atmosphere existed during the afternoon hours leading to clusters of strong to severe thunderstorms.  These storms developed in northwest and north central Alabama and slowly tracked southeast producing local, but very heavy rainfall of 3 to 4 inches in a one to two hour period.  The resulting rapid runoff produced flash flooding in portions of Lawrence and Morgan counties, including the cities of Caddo and Decatur.  A couple of these storms also produced isolated wind damage.",157
161796,LAWRENCE CO.,MT MORIAH,05/27/2009,1720,Flash Flood, , ,0,0,500,0,AL,CST-6, ,27544,C,79,HUN,0,0,Emergency Manager,Heavy Rain, , ,2.38,SE,2.22,SE,MT MORIAH,05/27/2009,1920,34.5292,-87.1867,34.5279,-87.1859,"Flash flooding produced high water which surrounded a trailer along  County Road 320.  Two dogs drowned in the flood water.","A warm and unstable atmosphere existed during the afternoon hours leading to clusters of strong to severe thunderstorms.  These storms developed in northwest and north central Alabama and slowly tracked southeast producing local, but very heavy rainfall of 3 to 4 inches in a one to two hour period.  The resulting rapid runoff produced flash flooding in portions of Lawrence and Morgan counties, including the cities of Caddo and Decatur.  A couple of these storms also produced isolated wind damage.",158
161792,LAWRENCE CO.,MT MORIAH,05/27/2009,1720,Flash Flood, , ,0,0,0,0,AL,CST-6, ,27544,C,79,HUN,0,0,Emergency Manager,Heavy Rain, , ,0.53,SSE,0.97,SSE,MT MORIAH,05/27/2009,1820,34.5429,-87.2163,34.5388,-87.2155,"Flash flooding was reported at the 2000 Block of County Road 170 just west of County Road 217.","A warm and unstable atmosphere existed during the afternoon hours leading to clusters of strong to severe thunderstorms.  These storms developed in northwest and north central Alabama and slowly tracked southeast producing local, but very heavy rainfall of 3 to 4 inches in a one to two hour period.  The resulting rapid runoff produced flash flooding in portions of Lawrence and Morgan counties, including the cities of Caddo and Decatur.  A couple of these storms also produced isolated wind damage.",159
179994,LAMAR CO.,BEAVERTON,06/04/2009,1445,Flash Flood, , ,0,0,0,0,AL,CST-6, ,30711,C,75,BMX,0,0,Emergency Manager,Heavy Rain, , ,0.53,NE,0.64,NE,BEAVERTON,06/04/2009,1601,33.9344,-88.0224,33.9338,-88.0251,"Eight inches of running water was reported over CR-49, in Beaverton.","Slow moving thunderstorms with very heavy rain led to flash flooding in parts of Lamar County.",160
173722,LIMESTONE CO.,THACH,06/04/2009,1500,Flash Flood, , ,0,0,0,0,AL,CST-6, ,27804,C,83,HUN,0,0,Emergency Manager,Heavy Rain, , ,0.72,NW,1.7,SW,THACH,06/04/2009,1600,34.9268,-86.9096,34.9069,-86.9197,"Heavy rainfall produced flash flooding across a couple of roads in the Thach community.","Slow moving thunderstorms developed between 2 and 3 pm producing intense rainfall and isolated flash flooding.",161
179995,LAMAR CO.,VERNON,06/04/2009,1515,Flash Flood, , ,0,0,0,0,AL,CST-6, ,30711,C,75,BMX,0,0,Emergency Manager,Heavy Rain, , ,0.79,E,0.46,NE,VERNON,06/04/2009,1700,33.7483,-88.1064,33.7648,-88.104,"Two feet of running water was reported over AL-18 West, one foot of running water was reported over AL-17, and eighteen inches of water was reported over CR-9, all in the city of Vernon.","Slow moving thunderstorms with very heavy rain led to flash flooding in parts of Lamar County.",162
163219,MADISON CO.,ELKWOOD,06/04/2009,1610,Flash Flood, , ,0,0,0,0,AL,CST-6, ,27804,C,89,HUN,0,0,Public,Heavy Rain, , ,1.03,SSE,2.27,NNW,NEW SHARON,06/04/2009,1700,34.9666,-86.722,34.9681,-86.662,"Slow moving thunderstorms developed between 2 and 3 pm producing intense rainfall and isolated flash flooding.  The rain fell so quickly that drainage ditches flooded onto several roads and residential yards in northwestern Madison County.  Flooding was reported on Charity Lane, Bobo Section Road and Pulaski Pike.","Slow moving thunderstorms developed between 2 and 3 pm producing intense rainfall and isolated flash flooding.",163
182842,LAMAR CO.,VERNON,06/12/2009,1827,Flash Flood, , ,0,0,0,0,AL,CST-6, ,30713,C,75,BMX,0,0,Emergency Manager,Heavy Rain, , ,0.99,E,0.36,NE,VERNON,06/12/2009,1930,33.7523,-88.1031,33.7605,-88.1068,"Several roads in the downtown area of Vernon became temporarily impassable due to flooding.","A warm unstable air mass, and several upper level disturbances, helped spark a multi-day period of strong to severe thunderstorms.  Several clusters of thunderstorms, including apparent derechos, caused widespread wind damage and isolated reports of large hail across central Alabama.",164
164568,MADISON CO.,CHASE,06/12/2009,1930,Flash Flood, , ,0,0,0,0,AL,CST-6, ,28044,C,89,HUN,0,0,Amateur Radio,Heavy Rain, , ,1.48,NE,0.91,NNE,CHASE,06/12/2009,2000,34.7976,-86.5351,34.7961,-86.5381,"Heavy downpours of up to one inch in 30 minutes produced rapid runoff and brief flash flooding.  Up to eight inches of water covered portions of Moores Mill Road between U.S. Highway 72 and Winchester Road.","A cluster of severe thunderstorms developed during the middle of the afternoon producing isolated wind damage in northwestern Alabama.  These storms were found ahead of an advancing long-lived derecho with a long history of damaging winds and tornadoes in Oklahoma, Arkansas and northern Mississippi.  This line of storms reached northern Alabama during the early evening hours of the 12th and was responsible for sporadic wind damage.",165
164626,COLBERT CO.,BARTON,06/14/2009,915,Flash Flood, , ,0,0,0,0,AL,CST-6, ,28061,C,33,HUN,0,0,Trained Spotter,Heavy Rain, , ,0.86,WNW,0.76,WNW,BARTON,06/14/2009,945,34.7338,-87.8943,34.7347,-87.8943,"Intense rainfall in a short period of time resulted in brief flash flooding, with up to 8 inches of water on U.S. Highway 72 at the intersection of Barton Road in the town of Barton.","A cluster of severe thunderstorms intensified near the Memphis, Tennessee metropolitan area just after 7:00 AM CDT on the 14th.  A bow echo developed with this cluster of storms and accelerated east-southeast across northern Mississippi and into northwest Alabama between 10:00 AM and 11:30 AM CDT.  A brief EF-1 tornado occurred northwest of Moulton in Lawrence county.  Numerous trees and some power lines were knocked down with straight-line winds.  One report of brief flash flooding occurred in the town of Barton.",166
183034,JEFFERSON CO.,ACIPCO,06/14/2009,1052,Flash Flood, , ,0,0,0,0,AL,CST-6, ,30713,C,73,BMX,0,0,Law Enforcement,Heavy Rain, , ,1.02,SW,1.04,SW,ACIPCO,06/14/2009,1200,33.5078,-86.8301,33.5071,-86.831,"Street flooding caused a portion of 3rd Avenue and 4th Street to become temporarily impassable.","A warm unstable air mass, and several upper level disturbances, helped spark a multi-day period of strong to severe thunderstorms.  Several clusters of thunderstorms, including apparent derechos, caused widespread wind damage and isolated reports of large hail across central Alabama.",167
183041,SHELBY CO.,PARAMOUNT,06/14/2009,1100,Flash Flood, , ,0,0,10000,0,AL,CST-6, ,30713,C,117,BMX,0,0,Law Enforcement,Heavy Rain, , ,1.38,SE,1.44,SSE,PARAMOUNT,06/14/2009,1230,33.3046,-86.8147,33.3041,-86.8175,"Several roads were flooded in Pelham, and were temporarily impassable.","A warm unstable air mass, and several upper level disturbances, helped spark a multi-day period of strong to severe thunderstorms.  Several clusters of thunderstorms, including apparent derechos, caused widespread wind damage and isolated reports of large hail across central Alabama.",168
175259,MORGAN CO.,DECATUR,06/15/2009,1800,Flash Flood, , ,0,0,0,0,AL,CST-6, ,28085,C,103,HUN,0,0,Newspaper,Heavy Rain, , ,0.67,SSE,0.82,S,DECATUR,06/16/2009,2000,34.6106,-86.977,34.6034,-86.9799,"Heavy rainfall caused water to accumulate to the door handles of cars at 9th and 6th Avenue.","A cluster of supercell thunderstorms developed in western Tennessee during the afternoon hours, dropping southeast into northwestern and north central Alabama during the early to middle evening hours.  These storms produced copious amounts of large hail, some of it over 3 inches in diameter in the Decatur area.  Damaging winds of 65 to 95 mph were estimated, knocking down numerous large trees in the path of these storms.  The strongest estimated winds up to 95 mph occurred in a 16 square mile area affecting portions of Eva, Center Dale, and Gum Pond.  Flash flooding became a problem due to intense rainfall of 1 to 3 inches, particularly in Decatur and Hartselle in Morgan County.  Nearly continuous lightning was reported with these storms.  Observers noticed spectacular anvil crawler and cloud to ground lightning strikes.  Numerous power outages were reported due to power lines being knocked down or due to lightning strikes.",169
175333,MORGAN CO.,HARTSELLE,06/15/2009,1830,Flash Flood, , ,0,0,0,0,AL,CST-6, ,28085,C,103,HUN,0,0,Trained Spotter,Heavy Rain, , ,1.33,NW,1.28,NW,HARTSELLE,06/16/2009,2130,34.446,-86.9431,34.4429,-86.9419,"Flooding occurred near a ditch along Stewart Street NW in Hartselle. Water was reported covering road and flooding structures there.","A cluster of supercell thunderstorms developed in western Tennessee during the afternoon hours, dropping southeast into northwestern and north central Alabama during the early to middle evening hours.  These storms produced copious amounts of large hail, some of it over 3 inches in diameter in the Decatur area.  Damaging winds of 65 to 95 mph were estimated, knocking down numerous large trees in the path of these storms.  The strongest estimated winds up to 95 mph occurred in a 16 square mile area affecting portions of Eva, Center Dale, and Gum Pond.  Flash flooding became a problem due to intense rainfall of 1 to 3 inches, particularly in Decatur and Hartselle in Morgan County.  Nearly continuous lightning was reported with these storms.  Observers noticed spectacular anvil crawler and cloud to ground lightning strikes.  Numerous power outages were reported due to power lines being knocked down or due to lightning strikes.",170
192540,MARSHALL CO.,BOAZ,06/28/2009,1603,Flash Flood, , ,0,0,0,0,AL,CST-6, ,30255,C,95,HUN,0,0,Emergency Manager,Heavy Rain, , ,2.01,WNW,1.78,WNW,BOAZ,06/28/2009,1803,34.211,-86.2025,34.2086,-86.2041,"Heavy rainfall caused water to cover a bridge at Slab Creek southwest of Albertville.","Thunderstorms developed in an unstable air mass ahead of an approaching cold front during the afternoon hours.  Most of the activity occurred east of interstate 65.  A miniature supercell produced a tornado near the Albertville Airport in Marshall County. Thunderstorm wind damage was also reported in Morgan and Cullman Counties.  Southern and western portions of Marshall county also received two to three inches of rainfall in a short time leading to minor flash flooding.",171
177533,LAUDERDALE CO.,POWELL,07/05/2009,300,Flash Flood, , ,0,0,0,0,AL,CST-6, ,30333,C,77,HUN,0,0,Emergency Manager,Heavy Rain, , ,1.67,NNE,2.49,ENE,UPPER GREEN HILL,07/05/2009,600,34.9924,-87.2189,34.9985,-87.4568,"Between 3 and 5 inches of rainfall from training strong to severe thunderstorms produced flash flooding which closed several roads in eastern Lauderdale county. Most of the closed roads were in the Lexington, Anderson, and Rogersville areas.","Strong to severe thunderstorms trained along a pre-existing boundary produced by a decayed MCS stretching across eastern Lauderdale and western Limestone counties  during the early morning hours. Damaging winds knocked down a few trees northwest and southeast of Athens. These training storms produced between 3 and 5 inches of rainfall over eastern portions of Lauderdale county.  Flash flooding occurred as a result, closing several county roads, mainly in the Lexington, Anderson, and Rogersville communities.",172
191394,MADISON CO.,MADISON XRDS,07/12/2009,2230,Flash Flood, , ,0,0,0,0,AL,CST-6, ,30351,C,89,HUN,0,0,Law Enforcement,Heavy Rain, , ,2.29,S,1.27,NNE,JEFF,07/13/2009,330,34.8671,-86.7163,34.8438,-86.7086,"Two feet of water was reported by a highway patrol unit on Carters Gin Road in the Toney area.","A second MCS within 24 hours pushed southeast across northern Alabama. This system downed trees in portions of Lauderdale, Madison, and Marshall counties in Alabama. Intense rainfall rates combined with previous rainfall from an early morning MCS, caused isolated flash flooding to occur in portions of downtown Huntsville. Intense and frequent lightning helped cause extensive power outages in Madison and eastern Lauderdale counties.  At one point, about 2,500 homes and businesses had power outages.",173
177669,MADISON CO.,HUNTSVILLE,07/12/2009,2240,Flash Flood, , ,0,0,0,0,AL,CST-6, ,30351,C,89,HUN,0,0,Broadcast Media,Heavy Rain, , ,1.49,NE,1.79,NE,HUNTSVILLE,07/13/2009,340,34.7443,-86.6005,34.7423,-86.6004,"Flash flooding from intense rainfall rates from strong to severe thunderstorms  caused Cook Avenue to be closed.","A second MCS within 24 hours pushed southeast across northern Alabama. This system downed trees in portions of Lauderdale, Madison, and Marshall counties in Alabama. Intense rainfall rates combined with previous rainfall from an early morning MCS, caused isolated flash flooding to occur in portions of downtown Huntsville. Intense and frequent lightning helped cause extensive power outages in Madison and eastern Lauderdale counties.  At one point, about 2,500 homes and businesses had power outages.",174
191453,JEFFERSON CO.,ENSLEY,07/13/2009,715,Flash Flood, , ,0,0,10000,0,AL,CST-6, ,32723,C,73,BMX,0,0,Newspaper,Heavy Rain, , ,1.22,ESE,1.33,ESE,ENSLEY,07/13/2009,900,33.5125,-86.8808,33.5109,-86.8808,"Heavy rains caused water to overflow several streets in the Ensley area.  A vehicle became stranded in flood waters, near the intersection of 18th Street and Avenue V.","A cold front moved into Alabama, and became stationary, causing a several day period of isolated severe thunderstorms.",175
187466,LAUDERDALE CO.,FLORENCE,07/16/2009,900,Flash Flood, , ,0,0,0,0,AL,CST-6, ,31956,C,77,HUN,0,0,Broadcast Media,Heavy Rain, , ,1.73,WSW,0.31,SW,FLORENCE,07/16/2009,1300,34.7901,-87.698,34.7793,-87.696,"Several inches of water covered the Coffee Road underpass in Florence. At least one car stalled while trying to drive through the flooded roadway.","Scattered thunderstorms continuing to train over ground saturated from overnight rainfall produced flash flooding, primarily in the Florence community.",176
177615,COLBERT CO.,MUSCLE SHOALS,08/01/2009,1510,Flash Flood, , ,0,0,0,0,AL,CST-6, ,30350,C,33,HUN,0,0,Trained Spotter,Heavy Rain, , ,0.39,SSE,0.4,SSE,MUSCLE SHOALS,08/01/2009,1620,34.7445,-87.6683,34.7463,-87.6683,"Flash flooding produced high water up to a half foot deep on Woodward Avenue near the Tractor Supply Company in Muscle Shoals.","Clusters of heavy rain producing thunderstorms enveloped north Alabama during the late afternoon and early evening of the 1st.  Several of these storms dumped 1 to 3 inches of rain in a very short time resulting in brief flash flooding in Colbert, Morgan and Jackson Counties.  One severe storm knocked a tree down in Jackson County.",177
177623,MORGAN CO.,GRIFFIN ADDITION,08/01/2009,1645,Flash Flood, , ,0,0,0,0,AL,CST-6, ,30350,C,103,HUN,0,0,Emergency Manager,Heavy Rain, , ,2.89,WSW,2.94,WSW,GRIFFIN ADDITION,08/01/2009,1745,34.5628,-87.0763,34.5629,-87.0744,"High water resulting from heavy rainfall closed a road near the intersection of Hudson Road and Lamon Drive in Decatur.","Clusters of heavy rain producing thunderstorms enveloped north Alabama during the late afternoon and early evening of the 1st.  Several of these storms dumped 1 to 3 inches of rain in a very short time resulting in brief flash flooding in Colbert, Morgan and Jackson Counties.  One severe storm knocked a tree down in Jackson County.",178
177626,MORGAN CO.,MOULTON HGTS,08/01/2009,1645,Flash Flood, , ,0,0,0,0,AL,CST-6, ,30350,C,103,HUN,0,0,Emergency Manager,Heavy Rain, , ,1.14,W,1.43,NW,MOULTON HGTS,08/01/2009,1745,34.6,-87.04,34.6156,-87.0396,"Flash flooding was reported along Old Trinity Lane between Trinity and Decatur.","Clusters of heavy rain producing thunderstorms enveloped north Alabama during the late afternoon and early evening of the 1st.  Several of these storms dumped 1 to 3 inches of rain in a very short time resulting in brief flash flooding in Colbert, Morgan and Jackson Counties.  One severe storm knocked a tree down in Jackson County.",179
177627,JACKSON CO.,DUTTON,08/01/2009,1815,Flash Flood, , ,0,0,0,0,AL,CST-6, ,30350,C,71,HUN,0,0,Law Enforcement,Heavy Rain, , ,1,SE,1.04,SSE,DUTTON,08/01/2009,1931,34.6088,-85.9189,34.6014,-85.9191,"High water was reported on County Road 47 in Dutton.","Clusters of heavy rain producing thunderstorms enveloped north Alabama during the late afternoon and early evening of the 1st.  Several of these storms dumped 1 to 3 inches of rain in a very short time resulting in brief flash flooding in Colbert, Morgan and Jackson Counties.  One severe storm knocked a tree down in Jackson County.",180
191819,LAUDERDALE CO.,SULLIVAN XRDS,08/11/2009,1552,Flash Flood, , ,0,0,0,0,AL,CST-6, ,31957,C,77,HUN,0,0,Public,Heavy Rain, , ,1.33,WNW,1.53,W,SULLIVAN XRDS,08/11/2009,1722,34.91,-87.82,34.9006,-87.8048,"Flash flooding was reported in north central Lauderdale county, particularly on CR 81 in the Central Heights area and CR 11 in the Cloverdale community.","Training showers and strong thunderstorms caused flash flooding to ocurr in central Lauderdale county. Also some trees were blown down by winds from these storms in the Cloverdale community.",181
191514,SHELBY CO.,QUITO,08/18/2009,1810,Flash Flood, , ,0,0,0,0,AL,CST-6, ,32788,C,117,BMX,0,0,Emergency Manager,Heavy Rain, , ,3.53,ENE,3.41,ENE,QUITO,08/18/2009,1930,33.39,-86.69,33.3947,-86.6857,"Heavy rains caused water to flow over AL-119, near Briarwood Christian School.","A very moist and tropical air mass, ushered in by the remnants of Tropical Storm Claudette, led to several days of thunderstorms with very heavy rainfall across Central Alabama.",182
191516,BLOUNT CO.,CLEVELAND,08/20/2009,1515,Flash Flood, , ,0,0,0,0,AL,CST-6, ,32788,C,9,BMX,0,0,Amateur Radio,Heavy Rain, , ,2.07,W,2.08,W,CLEVELAND,08/20/2009,1700,33.9796,-86.6161,33.9803,-86.6148,"Heavy rain caused water to cover the road, which led to the closure of AL-160 at Locust Fork.","A very moist and tropical air mass, ushered in by the remnants of Tropical Storm Claudette, led to several days of thunderstorms with very heavy rainfall across Central Alabama.",183
191517,LAMAR CO.,KENNEDY,08/20/2009,1520,Flash Flood, , ,0,0,0,0,AL,CST-6, ,32788,C,75,BMX,0,0,Public,Heavy Rain, , ,0.9,NW,1.09,NNW,KENNEDY,08/20/2009,1630,33.59,-87.99,33.5905,-87.9868,"Six inches of water was reported to be flowing across CR-49, near Kennedy.","A very moist and tropical air mass, ushered in by the remnants of Tropical Storm Claudette, led to several days of thunderstorms with very heavy rainfall across Central Alabama.",184
191829,CULLMAN CO.,TRIMBLE,08/20/2009,1605,Flash Flood, , ,0,0,0,0,AL,CST-6, ,32865,C,43,HUN,0,0,Newspaper,Heavy Rain, , ,1.38,N,2.14,S,TRIMBLE,08/20/2009,1705,34.12,-86.95,34.0911,-86.9479,"Flash flooding was reported along CR 813 and 616 near Good Hope.","Slow moving strong thunderstorms along a weak boundary across central AL and strong daytime heating, produced of two to four inches of rainfall over southeastern portions of Cullman county. This produced some isolated flash flooding in the Good Hope area. Some scattered power outages occurred due to the intense lightning activity.",185
191519,TUSCALOOSA CO.,NORTHPORT,08/20/2009,1640,Flash Flood, , ,0,0,0,0,AL,CST-6, ,32788,C,125,BMX,0,0,Fire Department/Rescue,Heavy Rain, , ,0,N,0.14,S,NORTHPORT,08/20/2009,1900,33.22,-87.58,33.218,-87.58,"Six inches of water was flowing across 5th Street, near Main Avenue, in Northport.","A very moist and tropical air mass, ushered in by the remnants of Tropical Storm Claudette, led to several days of thunderstorms with very heavy rainfall across Central Alabama.",186
191521,JEFFERSON CO.,WALKER CHAPEL,08/20/2009,1700,Flash Flood, , ,0,0,0,0,AL,CST-6, ,32788,C,73,BMX,0,0,Public,Heavy Rain, , ,0.69,NE,0.78,NE,WALKER CHAPEL,08/20/2009,1900,33.6079,-86.8227,33.6063,-86.8247,"Up to six inches of water was flowing across Walker Chapel Road, in Fultondale.","A very moist and tropical air mass, ushered in by the remnants of Tropical Storm Claudette, led to several days of thunderstorms with very heavy rainfall across Central Alabama.",187
191522,TUSCALOOSA CO.,NORTHPORT,08/20/2009,1700,Flash Flood, , ,0,0,0,0,AL,CST-6, ,32788,C,125,BMX,0,0,Law Enforcement,Heavy Rain, , ,1.37,NE,1.37,NE,NORTHPORT,08/20/2009,1900,33.2364,-87.5666,33.2332,-87.5657,"Heavy rains caused water to flow over a bridge, on Hunter Creek Road, just south of McFarland Boulevard.","A very moist and tropical air mass, ushered in by the remnants of Tropical Storm Claudette, led to several days of thunderstorms with very heavy rainfall across Central Alabama.",188
191525,PIKE CO.,BRUNDIDGE,08/21/2009,1545,Flash Flood, , ,0,0,0,0,AL,CST-6, ,32788,C,109,BMX,0,0,Public,Heavy Rain, , ,0.97,W,0.72,W,BRUNDIDGE,08/21/2009,1730,31.7217,-85.8364,31.7194,-85.8364,"Six inches of water was flowing across S.A. Graham Boulevard, in Brundidge.","A very moist and tropical air mass, ushered in by the remnants of Tropical Storm Claudette, led to several days of thunderstorms with very heavy rainfall across Central Alabama.",189
191527,PIKE CO.,SPRING HILL,08/21/2009,1600,Flash Flood, , ,0,0,0,0,AL,CST-6, ,32788,C,109,BMX,0,0,Public,Heavy Rain, , ,1.5,NNW,1.5,NNW,SPRING HILL,08/21/2009,1730,31.7,-85.96,31.6958,-85.9615,"Water was reported flowing over Elba Highway, just north of the Spring Hill community.","A very moist and tropical air mass, ushered in by the remnants of Tropical Storm Claudette, led to several days of thunderstorms with very heavy rainfall across Central Alabama.",190
198007,DALLAS CO.,SAFFORD,09/05/2009,1800,Flash Flood, , ,0,0,10000,0,AL,CST-6, ,34195,C,47,BMX,0,0,Emergency Manager,Heavy Rain, , ,0.71,ESE,0.56,E,SAFFORD,09/05/2009,1830,32.2763,-87.3587,32.2807,-87.361,"A portion of CR-115, near the Safford community, was washed out do to heavy rainfall.","A warm and unstable air mass led to the development of slow moving showers and thunderstorms over several days across Central Alabama.  The slow moving storms caused very heavy rain in some locations, which led to isolated flash flooding.",191
192530,MADISON CO.,HUNTSVILLE PARK,09/08/2009,1431,Flash Flood, , ,0,0,0,0,AL,CST-6, ,32871,C,89,HUN,0,0,Amateur Radio,Heavy Rain, , ,1.86,ENE,2.8,E,HUNTSVILLE PARK,09/08/2009,1800,34.7066,-86.5882,34.7037,-86.5865,"The two outside lanes of Drake Avenue were reported unusable due to flash flooding between Memorial Parkway and Whitesburg.","A decaying frontal boundary produced widespread showers and strong to severe thunderstorms across northern Alabama.  These storms produced damaging winds and some large hail, primarily along and west of a Madison to Morgan county line. Surface dewpoints in the upper 60s to lower 70s allowed these slow moving storms to produce heavy rainfall causing flash flooding in the Huntsville metro area.",192
192518,MADISON CO.,CHELSEA,09/08/2009,1450,Flash Flood, , ,0,0,0,0,AL,CST-6, ,32871,C,89,HUN,0,0,Emergency Manager,Heavy Rain, , ,1.84,ENE,2.31,E,CHELSEA,09/08/2009,1800,34.6886,-86.5893,34.684,-86.5892,"Minor street flooding was reported at Country Club just west of Memorial Parkway.","A decaying frontal boundary produced widespread showers and strong to severe thunderstorms across northern Alabama.  These storms produced damaging winds and some large hail, primarily along and west of a Madison to Morgan county line. Surface dewpoints in the upper 60s to lower 70s allowed these slow moving storms to produce heavy rainfall causing flash flooding in the Huntsville metro area.",193
192529,MADISON CO.,OAKWOOD COLLEGE,09/08/2009,1454,Flash Flood, , ,0,0,0,0,AL,CST-6, ,32871,C,89,HUN,0,0,Broadcast Media,Heavy Rain, , ,0.79,NW,0.73,NW,OAKWOOD COLLEGE,09/08/2009,1800,34.7573,-86.6407,34.7563,-86.6402,"Water over Jordan Lane near Woody Anderson Ford was reported to be one and a half feet deep.","A decaying frontal boundary produced widespread showers and strong to severe thunderstorms across northern Alabama.  These storms produced damaging winds and some large hail, primarily along and west of a Madison to Morgan county line. Surface dewpoints in the upper 60s to lower 70s allowed these slow moving storms to produce heavy rainfall causing flash flooding in the Huntsville metro area.",194
192519,MADISON CO.,NORMAL,09/08/2009,1547,Flash Flood, , ,0,0,0,0,AL,CST-6, ,32871,C,89,HUN,0,0,Broadcast Media,Heavy Rain, , ,1.87,SSW,1.83,NE,HUNTSVILLE,09/08/2009,1800,34.7541,-86.5898,34.7494,-86.5897,"Flash flooding caused Washington Street from Oakwood Avenue to Washington Circle to the closed.","A decaying frontal boundary produced widespread showers and strong to severe thunderstorms across northern Alabama.  These storms produced damaging winds and some large hail, primarily along and west of a Madison to Morgan county line. Surface dewpoints in the upper 60s to lower 70s allowed these slow moving storms to produce heavy rainfall causing flash flooding in the Huntsville metro area.",195
192520,MADISON CO.,HUNTSVILLE,09/08/2009,1600,Flash Flood, , ,0,0,0,0,AL,CST-6, ,32871,C,89,HUN,0,0,Law Enforcement,Heavy Rain, , ,1.49,NE,1.6,NE,HUNTSVILLE,09/08/2009,1800,34.7444,-86.6004,34.7424,-86.6,"Flash flooding on Cook Avenue between Memorial Parkway and Church Street partially submerged a car attempting to drive through the high water.","A decaying frontal boundary produced widespread showers and strong to severe thunderstorms across northern Alabama.  These storms produced damaging winds and some large hail, primarily along and west of a Madison to Morgan county line. Surface dewpoints in the upper 60s to lower 70s allowed these slow moving storms to produce heavy rainfall causing flash flooding in the Huntsville metro area.",196
198061,TALLAPOOSA CO.,CAMP HILL,09/14/2009,1030,Flash Flood, , ,0,0,5000,0,AL,CST-6, ,34201,C,123,BMX,0,0,Emergency Manager,Heavy Rain, , ,0.41,NNW,3.9,ESE,CAMP HILL,09/14/2009,1800,32.8055,-85.6525,32.7948,-85.6343,"Several roads around Camp Hill, including AL-50 and CR-89, had to be closed due to high water making them temporarily impassable.","The approach of a slow moving upper level disturbance helped spark slow moving thunderstorms, causing flooding in Tallapoosa County.",197
198239,CRENSHAW CO.,RUTLEDGE,09/15/2009,1945,Flash Flood, , ,0,0,25000,0,AL,CST-6, ,34249,C,41,MOB,0,0,Emergency Manager,Heavy Rain, , ,1.45,WSW,1.22,ESE,RUTLEDGE,09/15/2009,2130,31.7226,-86.3431,31.7256,-86.3031,"Chicken houses flooded off county Road 77 near Rutledge. Portions of Alabama State Highway 10 near Rutledge closed due to flooding.  Some homes were flooded in the Rutledge area.","Numerous strong to severe thunderstorms move gradually west to east across South Central Alabama during the mid to late evening hours, producing wind damage and flooding.",198
198021,MONTGOMERY CO.,MONTGOMERY,09/16/2009,1300,Flash Flood, , ,0,0,0,0,AL,CST-6, ,34197,C,101,BMX,0,0,Emergency Manager,Heavy Rain, , ,1.92,S,1.92,SSE,MONTGOMERY,09/16/2009,1500,32.3523,-86.2981,32.3612,-86.2952,"At least one road in downtown Montgomery had to be closed due to flooding.","A slow moving upper level disturbance helped spark several days of thunderstorms across Central Alabama.  The storms were slow moving, and produced very heavy rainfall in some locations, which led to flash flooding.",199
198026,WINSTON CO.,HALEYVILLE POSEY ARP,09/16/2009,1840,Flash Flood, , ,0,0,2000,0,AL,CST-6, ,34197,C,133,BMX,0,0,Law Enforcement,Heavy Rain, , ,0.84,NNW,0.72,WSW,HALEYVILLE POSEY ARP,09/16/2009,2000,34.2913,-87.6057,34.2749,-87.6228,"A car became stalled due to high water near Posey Field Airport near Haleyville, and water was flowing over CR-11, about a mile east of the Airport.","A slow moving upper level disturbance helped spark several days of thunderstorms across Central Alabama.  The storms were slow moving, and produced very heavy rainfall in some locations, which led to flash flooding.",200
193950,LAUDERDALE CO.,OAKLAND,09/16/2009,1900,Flash Flood, , ,0,0,0,0,AL,CST-6, ,33230,C,77,HUN,0,0,Law Enforcement,Heavy Rain, , ,1.72,WNW,0.47,NNE,PICKAVICK LAKE,09/16/2009,2230,34.8426,-87.8062,34.7856,-87.8069,"Many county roads were closed due to flash flooding from the Florence community northeastward through Killen and into the Lexington community. Water was reported up to mailboxes in low water crossings near CR 393 north of Killen. Other closed county roads included:  CR 31, CR 34 between CR 25 and highway 64, CR 2, Helton Drive at Cox Creek Parkway, and CR 15.","Numerous showers and isolated thunderstorms developed in a tropical air mass ahead of a nearly stationary low pressure system over southern Missouri during the late afternoon and evening hours. These heavy showers produced 3 to 5 inches of rainfall over portions of northwestern Alabama, with locally heavier amounts near Killen and Lexington in Lauderdale county.",201
193959,LAWRENCE CO.,WREN,09/16/2009,1945,Flash Flood, , ,0,0,0,0,AL,CST-6, ,33230,C,79,HUN,0,0,Law Enforcement,Heavy Rain, , ,2.31,W,2.33,SSW,WREN,09/16/2009,2230,34.4336,-87.3204,34.414,-87.292,"Flash flooding was reported on CR 92, CR 95, and CR 100 in the Wren community.","Numerous showers and isolated thunderstorms developed in a tropical air mass ahead of a nearly stationary low pressure system over southern Missouri during the late afternoon and evening hours. These heavy showers produced 3 to 5 inches of rainfall over portions of northwestern Alabama, with locally heavier amounts near Killen and Lexington in Lauderdale county.",202
194602,LAUDERDALE CO.,WATERLOO,09/17/2009,713,Flash Flood, , ,0,0,0,0,AL,CST-6, ,33392,C,77,HUN,0,0,Emergency Manager,Heavy Rain, , ,0.06,S,0.66,S,WATERLOO,09/17/2009,913,34.9191,-88.0698,34.9111,-88.0692,"Roads were reported flooded in the Waterloo community.","A tropical air mass and weak disturbances moving north ahead of an approaching cold front produced strong thunderstorms with very heavy rainfall. Rainfall amounts in Lauderdale county varied from 3 to 5 inches.",203
197627,LAUDERDALE CO.,GREEN HILL,09/17/2009,806,Flash Flood, , ,0,0,0,0,AL,CST-6, ,33392,C,77,HUN,0,0,Emergency Manager,Heavy Rain, , ,3.62,WSW,3.29,ESE,PRITTON,09/17/2009,1230,34.956,-87.5616,34.956,-87.566,"County road 34 flooded on CR 34 near Greenhill.","A tropical air mass and weak disturbances moving north ahead of an approaching cold front produced strong thunderstorms with very heavy rainfall. Rainfall amounts in Lauderdale county varied from 3 to 5 inches.",204
194572,LAUDERDALE CO.,WILSON LAKE,09/17/2009,847,Flash Flood, , ,0,0,0,0,AL,CST-6, ,33392,C,77,HUN,0,0,Emergency Manager,Heavy Rain, , ,2.03,E,1.31,ESE,EAST KILLEN,09/17/2009,1100,34.833,-87.4943,34.8588,-87.4922,"County road 473 was closed due to flooding.","A tropical air mass and weak disturbances moving north ahead of an approaching cold front produced strong thunderstorms with very heavy rainfall. Rainfall amounts in Lauderdale county varied from 3 to 5 inches.",205
194577,LAUDERDALE CO.,PRITTON,09/17/2009,1022,Flash Flood, , ,0,0,0,0,AL,CST-6, ,33392,C,77,HUN,0,0,Emergency Manager,Heavy Rain, , ,2.69,E,2.99,E,PRITTON,09/17/2009,1230,34.9805,-87.5726,34.9753,-87.5699,"CR 130 at Dalton Bottoms was flooded near CR 8 in the Green Hill community.","A tropical air mass and weak disturbances moving north ahead of an approaching cold front produced strong thunderstorms with very heavy rainfall. Rainfall amounts in Lauderdale county varied from 3 to 5 inches.",206
197632,LAUDERDALE CO.,PETERSVILLE,09/17/2009,1030,Flash Flood, , ,0,0,0,0,AL,CST-6, ,33392,C,77,HUN,0,0,Emergency Manager,Heavy Rain, , ,0.7,SSE,0.84,NNE,NORTH FLORENCE,09/17/2009,1430,34.8409,-87.6748,34.8399,-87.6747,"Gresham Road was closed between Helton and Chisolm roads.","A tropical air mass and weak disturbances moving north ahead of an approaching cold front produced strong thunderstorms with very heavy rainfall. Rainfall amounts in Lauderdale county varied from 3 to 5 inches.",207
194591,LAUDERDALE CO.,KILLEN,09/17/2009,1058,Flash Flood, , ,0,0,0,0,AL,CST-6, ,33392,C,77,HUN,0,0,Emergency Manager,Heavy Rain, , ,0.77,WNW,0.56,W,KILLEN,09/17/2009,1258,34.8725,-87.5433,34.87,-87.5431,"Flooding was reported on CR 65 just off highway 43 in the Bush Creek community of Killen.","A tropical air mass and weak disturbances moving north ahead of an approaching cold front produced strong thunderstorms with very heavy rainfall. Rainfall amounts in Lauderdale county varied from 3 to 5 inches.",208
197633,LAUDERDALE CO.,NORTH FLORENCE,09/17/2009,1119,Flash Flood, , ,0,0,0,0,AL,CST-6, ,33392,C,77,HUN,0,0,Emergency Manager,Heavy Rain, , ,0.65,SSW,0.64,S,NORTH FLORENCE,09/17/2009,1430,34.8208,-87.6823,34.8196,-87.6821,"One foot of water covered the road on a portion of Wood Avenue.","A tropical air mass and weak disturbances moving north ahead of an approaching cold front produced strong thunderstorms with very heavy rainfall. Rainfall amounts in Lauderdale county varied from 3 to 5 inches.",209
194574,LAUDERDALE CO.,JACKSONBURG,09/17/2009,1121,Flash Flood, , ,0,0,0,0,AL,CST-6, ,33392,C,77,HUN,0,0,Emergency Manager,Heavy Rain, , ,1.29,WNW,1.24,W,JACKSONBURG,09/17/2009,1300,34.8854,-87.6919,34.8831,-87.6917,"County road 24 between Parker Drive and Hazelwood Drive was flooded.","A tropical air mass and weak disturbances moving north ahead of an approaching cold front produced strong thunderstorms with very heavy rainfall. Rainfall amounts in Lauderdale county varied from 3 to 5 inches.",210
197634,LAUDERDALE CO.,NORTH FLORENCE,09/17/2009,1125,Flash Flood, , ,0,0,0,0,AL,CST-6, ,33392,C,77,HUN,0,0,Public,Heavy Rain, , ,1.27,SSW,0.67,WNW,FLORENCE,09/17/2009,1330,34.8126,-87.6872,34.8082,-87.6896,"Public reported water covering several roads on the UNA campus. Some of these roads were impassable.","A tropical air mass and weak disturbances moving north ahead of an approaching cold front produced strong thunderstorms with very heavy rainfall. Rainfall amounts in Lauderdale county varied from 3 to 5 inches.",211
197635,LAUDERDALE CO.,GREEN HILL,09/17/2009,1133,Flash Flood, , ,0,0,0,0,AL,CST-6, ,33392,C,77,HUN,0,0,Emergency Manager,Heavy Rain, , ,1.72,S,1.57,S,GREEN HILL,09/17/2009,1300,34.9452,-87.5013,34.9393,-87.4931,"County road 379 was closed in the Green Hill community.","A tropical air mass and weak disturbances moving north ahead of an approaching cold front produced strong thunderstorms with very heavy rainfall. Rainfall amounts in Lauderdale county varied from 3 to 5 inches.",212
197637,LAUDERDALE CO.,GREEN HILL,09/17/2009,1133,Flash Flood, , ,0,0,0,0,AL,CST-6, ,33392,C,77,HUN,0,0,Emergency Manager,Heavy Rain, , ,1.3,W,1.21,W,GREEN HILL,09/17/2009,1300,34.9707,-87.523,34.9698,-87.5233,"Fairground road was flooded near the Senior Center.","A tropical air mass and weak disturbances moving north ahead of an approaching cold front produced strong thunderstorms with very heavy rainfall. Rainfall amounts in Lauderdale county varied from 3 to 5 inches.",213
197642,LAUDERDALE CO.,NORTH FLORENCE,09/17/2009,1159,Flash Flood, , ,0,0,0,0,AL,CST-6, ,33392,C,77,HUN,0,0,Emergency Manager,Heavy Rain, , ,0.51,E,0.64,E,NORTH FLORENCE,09/17/2009,1300,34.8307,-87.6711,34.8292,-87.6709,"Flooding was reported on Florence Blvd near Meinke Blvd. Flooding was reported at the intersection of Creekwood and Mars Hill.","A tropical air mass and weak disturbances moving north ahead of an approaching cold front produced strong thunderstorms with very heavy rainfall. Rainfall amounts in Lauderdale county varied from 3 to 5 inches.",214
197644,LAUDERDALE CO.,WHITEHEAD,09/17/2009,1159,Flash Flood, , ,0,0,0,0,AL,CST-6, ,33392,C,77,HUN,0,0,Emergency Manager,Heavy Rain, , ,1.3,ENE,1.85,ENE,WHITEHEAD,09/17/2009,1300,34.8896,-87.3003,34.8861,-87.3041,"County road 76 flooded at the bridge just before CR 547 in the Anderson community.","A tropical air mass and weak disturbances moving north ahead of an approaching cold front produced strong thunderstorms with very heavy rainfall. Rainfall amounts in Lauderdale county varied from 3 to 5 inches.",215
198027,CALHOUN CO.,DUKE,09/17/2009,1630,Flash Flood, , ,0,0,5000,0,AL,CST-6, ,34197,C,15,BMX,0,0,Public,Heavy Rain, , ,1.15,W,0.76,W,DUKE,09/17/2009,1745,33.83,-85.92,33.8263,-85.9227,"Flooding described as major was reported on Ben Martin Drive, west of the Wellington community.  The underpinning was removed from several mobile homes in the area.","A slow moving upper level disturbance helped spark several days of thunderstorms across Central Alabama.  The storms were slow moving, and produced very heavy rainfall in some locations, which led to flash flooding.",216
198028,SHELBY CO.,SCOTROCK,09/17/2009,1800,Flash Flood, , ,0,0,0,0,AL,CST-6, ,34197,C,117,BMX,0,0,Public,Heavy Rain, , ,0.48,S,0.48,SSW,SCOTROCK,09/17/2009,2000,33.2431,-86.8211,33.2452,-86.8217,"About a foot of water was flowing over First Avenue West, near the Alabaster Public Library.","A slow moving upper level disturbance helped spark several days of thunderstorms across Central Alabama.  The storms were slow moving, and produced very heavy rainfall in some locations, which led to flash flooding.",217
198030,SHELBY CO.,KEYSTONE,09/17/2009,1815,Flash Flood, , ,0,0,20000,0,AL,CST-6, ,34197,C,117,BMX,0,0,Amateur Radio,Heavy Rain, , ,1.89,W,1.74,W,KEYSTONE,09/17/2009,2000,33.2696,-86.8527,33.2668,-86.8524,"Flood waters entered several homes in the Hillsboro Lane and Rocky Ridge Drive areas of Helena.","A slow moving upper level disturbance helped spark several days of thunderstorms across Central Alabama.  The storms were slow moving, and produced very heavy rainfall in some locations, which led to flash flooding.",218
198031,JEFFERSON CO.,CRUMLEY CHAPEL,09/17/2009,1825,Flash Flood, , ,0,0,0,0,AL,CST-6, ,34197,C,73,BMX,0,0,Amateur Radio,Heavy Rain, , ,1.02,NNW,0.92,NNW,CRUMLEY CHAPEL,09/17/2009,2030,33.5633,-86.9079,33.5622,-86.908,"One person was trapped in a home by flood waters, at the 1500 block pf Pratt Highway in Forestdale.","A slow moving upper level disturbance helped spark several days of thunderstorms across Central Alabama.  The storms were slow moving, and produced very heavy rainfall in some locations, which led to flash flooding.",219
198032,JEFFERSON CO.,WOODLAWN,09/17/2009,1840,Flash Flood, , ,0,0,25000,0,AL,CST-6, ,34197,C,73,BMX,0,0,Emergency Manager,Heavy Rain, , ,0.61,NW,0.7,NNW,WOODLAWN,09/17/2009,2030,33.5369,-86.8067,33.537,-86.8055,"Several water rescues were made around the Birmingham Metro area due to the flooding, including a woman that was trapped in her vehicle by flood waters along Village Creek.","A slow moving upper level disturbance helped spark several days of thunderstorms across Central Alabama.  The storms were slow moving, and produced very heavy rainfall in some locations, which led to flash flooding.",220
198034,ST. CLAIR CO.,MARGARET,09/17/2009,1917,Flash Flood, , ,0,0,0,0,AL,CST-6, ,34197,C,115,BMX,0,0,Law Enforcement,Heavy Rain, , ,1.53,WNW,1.49,WNW,MARGARET,09/17/2009,2200,33.6853,-86.4758,33.6846,-86.4748,"Flooding was reported on Main Street, near the Post Office, in Margaret.","A slow moving upper level disturbance helped spark several days of thunderstorms across Central Alabama.  The storms were slow moving, and produced very heavy rainfall in some locations, which led to flash flooding.",221
198035,ST. CLAIR CO.,ODENVILLE,09/17/2009,1920,Flash Flood, , ,0,0,5000,0,AL,CST-6, ,34197,C,115,BMX,0,0,Law Enforcement,Heavy Rain, , ,0.35,W,0.07,W,ODENVILLE,09/17/2009,2200,33.6807,-86.406,33.6791,-86.4065,"Flooding was reported in portions of Odenville.  A car on Foreman Drive began to float in the flood waters.","A slow moving upper level disturbance helped spark several days of thunderstorms across Central Alabama.  The storms were slow moving, and produced very heavy rainfall in some locations, which led to flash flooding.",222
198038,SHELBY CO.,HELENA,09/17/2009,1945,Flash Flood, , ,0,0,25000,0,AL,CST-6, ,34197,C,117,BMX,0,0,Trained Spotter,Heavy Rain, , ,1.11,SSE,1.24,SSE,HELENA,09/17/2009,2030,33.2859,-86.8409,33.2884,-86.8409,"Water was flowing over the road at the intersection of CR-52 and CR-17 in Helena.  At least a dozen vehicles became trapped and roads had to be closed at Joe Tucker Park, due to flood waters flowing over the spillway there.","A slow moving upper level disturbance helped spark several days of thunderstorms across Central Alabama.  The storms were slow moving, and produced very heavy rainfall in some locations, which led to flash flooding.",223
198039,ST. CLAIR CO.,MARGARET,09/17/2009,2020,Flash Flood, , ,0,0,50000,0,AL,CST-6, ,34197,C,115,BMX,0,0,Emergency Manager,Heavy Rain, , ,4.41,WNW,4.17,NW,SANIE,09/17/2009,2200,33.7058,-86.5203,33.7008,-86.5224,"Flooding, described as major, was reported in Argo, with almost a foot of water into some businesses on Main Street.","A slow moving upper level disturbance helped spark several days of thunderstorms across Central Alabama.  The storms were slow moving, and produced very heavy rainfall in some locations, which led to flash flooding.",224
198040,JEFFERSON CO.,LEEDS,09/17/2009,2325,Flash Flood, , ,0,0,50000,0,AL,CST-6, ,34197,C,73,BMX,0,0,Law Enforcement,Heavy Rain, , ,0.58,W,0.75,SSW,LEEDS,09/18/2009,30,33.55,-86.56,33.537,-86.556,"Many streets in the city of Leeds had to be closed due to flooding.  Several cars became stranded in the flood waters.","A slow moving upper level disturbance helped spark several days of thunderstorms across Central Alabama.  The storms were slow moving, and produced very heavy rainfall in some locations, which led to flash flooding.",225
197332,COLBERT CO.,LANE SPGS,09/18/2009,1630,Flash Flood, , ,0,0,5000,0,AL,CST-6, ,34089,C,33,HUN,0,0,Emergency Manager,Heavy Rain, , ,2.67,SSE,3.01,SE,MT HESTER,09/18/2009,2200,34.7924,-87.9593,34.6857,-87.9861,"Widespread flash flooding closed several roads across central Colbert County between Cherokee and Tuscumbia. Some roads closed in and around Cherokee included:  Moody Lane, several locations along old Lee Highway, and 6th Street.  Some of this flooding was so severe that a senior citizen center in Cherokee and a home along Old Lee highway was flooded. Flooding extended as far east as the intersection of Baker Lane and Highway 72.","Shower and thunderstorm activity produced 3 to 6 inches of rainfall across poritons of northwestern Alabama. This caused widespread flash flooding across the central portion of Colbert County. The flash flooding was so significant that over six inches of water flooded a senior citizen center in the community of Cherokee.",226
198041,TUSCALOOSA CO.,RIVER VIEW,09/18/2009,1845,Flash Flood, , ,0,0,10000,0,AL,CST-6, ,34197,C,125,BMX,0,0,Public,Heavy Rain, , ,1.43,NW,1.35,NW,RIVER VIEW,09/18/2009,1930,33.2368,-87.5644,33.2357,-87.5645,"At least six inches of flowing water was reported in the Willow Brook Trailer Park.","A slow moving upper level disturbance helped spark several days of thunderstorms across Central Alabama.  The storms were slow moving, and produced very heavy rainfall in some locations, which led to flash flooding.",227
198043,LAMAR CO.,CREWS,09/18/2009,1900,Flash Flood, , ,0,0,5000,0,AL,CST-6, ,34197,C,75,BMX,0,0,Emergency Manager,Heavy Rain, , ,1.78,ENE,0.67,NE,CREWS,09/18/2009,2215,33.9109,-88.1019,33.9161,-88.1038,"All four lanes of US-278, east of Sulligent, had to be closed due to water flowing over them.","A slow moving upper level disturbance helped spark several days of thunderstorms across Central Alabama.  The storms were slow moving, and produced very heavy rainfall in some locations, which led to flash flooding.",228
198045,FAYETTE CO.,FAYETTE,09/18/2009,1900,Flash Flood, , ,0,0,10000,0,AL,CST-6, ,34197,C,57,BMX,0,0,Trained Spotter,Heavy Rain, , ,0.75,N,0.52,NW,FAYETTE,09/18/2009,2130,33.6908,-87.8288,33.6852,-87.8349,"Several streets in the city of Fayette, including the intersection of US-43 and AL-18, became impassable due to flooding.","A slow moving upper level disturbance helped spark several days of thunderstorms across Central Alabama.  The storms were slow moving, and produced very heavy rainfall in some locations, which led to flash flooding.",229
198047,WALKER CO.,JASPER,09/18/2009,1942,Flash Flood, , ,0,0,5000,0,AL,CST-6, ,34197,C,127,BMX,0,0,Trained Spotter,Heavy Rain, , ,0.66,N,0.95,W,JASPER,09/18/2009,2115,33.8394,-87.2781,33.8315,-87.3001,"Numerous roads in the city of Jasper were covered with water and became temporarily impassable.","A slow moving upper level disturbance helped spark several days of thunderstorms across Central Alabama.  The storms were slow moving, and produced very heavy rainfall in some locations, which led to flash flooding.",230
198051,ELMORE CO.,DEATSVILLE,09/19/2009,100,Flash Flood, , ,0,0,2000,0,AL,CST-6, ,34197,C,51,BMX,0,0,Emergency Manager,Heavy Rain, , ,0.69,S,0.96,S,DEATSVILLE,09/19/2009,300,32.61,-86.4,32.6046,-86.4034,"Several roads around the city of Deatsville had to be closed due to high water.","A slow moving upper level disturbance helped spark several days of thunderstorms across Central Alabama.  The storms were slow moving, and produced very heavy rainfall in some locations, which led to flash flooding.",231
198055,AUTAUGA CO.,PINE FLAT,09/19/2009,200,Flash Flood, , ,0,0,1000000,0,AL,CST-6, ,34197,C,1,BMX,0,0,Emergency Manager,Heavy Rain, , ,0.54,SE,0.83,SSE,PINE FLAT,09/19/2009,400,32.644,-86.444,32.6419,-86.4468,"More than 40 cars of a train derailed near the Mortar Creek crossing, due to a portion of the tracks being washed out from heavy rain.  A portion of CR-64 neaby was also washed out.","A slow moving upper level disturbance helped spark several days of thunderstorms across Central Alabama.  The storms were slow moving, and produced very heavy rainfall in some locations, which led to flash flooding.",232
198056,TALLAPOOSA CO.,HACKNEYVILLE,09/19/2009,825,Flash Flood, , ,0,0,5000,0,AL,CST-6, ,34197,C,123,BMX,0,0,Emergency Manager,Heavy Rain, , ,2.22,NW,2.49,WNW,HACKNEYVILLE,09/19/2009,1000,33.09,-85.95,33.0856,-85.9491,"Martin Road, and Red Barn Road, both had to closed due to water running over the roads.","A slow moving upper level disturbance helped spark several days of thunderstorms across Central Alabama.  The storms were slow moving, and produced very heavy rainfall in some locations, which led to flash flooding.",233
198058,CLAY CO.,MELLOW VLY,09/19/2009,900,Flash Flood, , ,0,0,0,0,AL,CST-6, ,34197,C,27,BMX,0,0,Emergency Manager,Heavy Rain, , ,2.07,S,1.43,S,MELLOW VLY,09/19/2009,1000,33.15,-85.75,33.1509,-85.7474,"A portion of AL-49 became temporarily impassable, due to high water.","A slow moving upper level disturbance helped spark several days of thunderstorms across Central Alabama.  The storms were slow moving, and produced very heavy rainfall in some locations, which led to flash flooding.",234
198057,COOSA CO.,KELLYTON,09/19/2009,900,Flash Flood, , ,0,0,5000,0,AL,CST-6, ,34197,C,37,BMX,0,0,Law Enforcement,Heavy Rain, , ,4.76,S,4.2,S,KELLYTON,09/19/2009,1000,32.9119,-86.018,32.9198,-86.0166,"Several county roads around Coosa County had to be closed due to water over them, including CR-119, CR-16, CR-112, and CR-37.","A slow moving upper level disturbance helped spark several days of thunderstorms across Central Alabama.  The storms were slow moving, and produced very heavy rainfall in some locations, which led to flash flooding.",235
198059,CLAY CO.,HATCHETT,09/19/2009,900,Flash Flood, , ,0,0,0,0,AL,CST-6, ,34197,C,27,BMX,0,0,Emergency Manager,Heavy Rain, , ,0.69,S,1.43,SSE,HATCHETT,09/19/2009,1000,33.12,-86.05,33.1207,-86.0434,"A portion of CR-7 near the Brownsville community became temporarily impassable due to high water.","A slow moving upper level disturbance helped spark several days of thunderstorms across Central Alabama.  The storms were slow moving, and produced very heavy rainfall in some locations, which led to flash flooding.",236
198062,BIBB CO.,FAIRDALE,09/19/2009,1235,Flash Flood, , ,0,0,0,0,AL,CST-6, ,34197,C,7,BMX,0,0,Law Enforcement,Heavy Rain, , ,0.92,SSE,0.85,SSE,FAIRDALE,09/19/2009,1430,32.9383,-87.1425,32.9403,-87.1423,"The intersection of Mill Street and Maple Street, in the city of Brent, became temporarily impassable due to high water.","A slow moving upper level disturbance helped spark several days of thunderstorms across Central Alabama.  The storms were slow moving, and produced very heavy rainfall in some locations, which led to flash flooding.",237
198063,PERRY CO.,PERRYVILLE,09/19/2009,1600,Flash Flood, , ,0,0,0,0,AL,CST-6, ,34197,C,105,BMX,0,0,Emergency Manager,Heavy Rain, , ,5.41,NNE,5.17,NNE,PERRYVILLE,09/19/2009,1830,32.6946,-87.0918,32.6945,-87.0943,"Overflow of Oakmulgee Creek caused road closures near the intersection of AL-219 and CR-64, east of the Sprott community.","A slow moving upper level disturbance helped spark several days of thunderstorms across Central Alabama.  The storms were slow moving, and produced very heavy rainfall in some locations, which led to flash flooding.",238
198065,LEE CO.,SALEM,09/19/2009,1730,Flash Flood, , ,0,0,0,0,AL,CST-6, ,34197,C,81,BMX,0,0,Law Enforcement,Heavy Rain, , ,0.44,W,0.6,WNW,SALEM,09/19/2009,2000,32.6012,-85.2374,32.603,-85.2438,"Water was flowing over the road at the intersection of US-280 and Lee Road 175, near the Salem community.","A slow moving upper level disturbance helped spark several days of thunderstorms across Central Alabama.  The storms were slow moving, and produced very heavy rainfall in some locations, which led to flash flooding.",239
198066,CHAMBERS CO.,CUSSETA,09/19/2009,1750,Flash Flood, , ,0,0,0,0,AL,CST-6, ,34197,C,17,BMX,0,0,Law Enforcement,Heavy Rain, , ,2,WNW,0.87,ENE,TUCKERSBURG,09/19/2009,2000,32.7929,-85.3107,32.7795,-85.3176,"Water was flowing across the roadway in the Cusseta community.","A slow moving upper level disturbance helped spark several days of thunderstorms across Central Alabama.  The storms were slow moving, and produced very heavy rainfall in some locations, which led to flash flooding.",240
198067,RUSSELL CO.,LADONIA,09/19/2009,1825,Flash Flood, , ,0,0,0,0,AL,CST-6, ,34197,C,113,BMX,0,0,Emergency Manager,Heavy Rain, , ,2.1,NE,2.23,NE,LADONIA,09/19/2009,2000,32.4911,-85.044,32.4903,-85.0425,"Water was flowing over the bridge at Opelika Road and Cutrate Road, in Phenix City.","A slow moving upper level disturbance helped spark several days of thunderstorms across Central Alabama.  The storms were slow moving, and produced very heavy rainfall in some locations, which led to flash flooding.",241
197317,LAUDERDALE CO.,CENTER STAR,09/20/2009,1715,Flash Flood, , ,0,0,0,0,AL,CST-6, ,34082,C,77,HUN,0,0,Public,Heavy Rain, , ,1.81,WSW,1.68,WSW,CENTER STAR,09/20/2009,1830,34.8611,-87.48,34.8593,-87.4797,"Two to four inches of rainfall caused flooding across portions of CR 31 near the intersection of Highway 72. A parking lot near this intersection was reported flooded also.","During the afternoon and evening hours on the 20th, showers and thunderstorms developed across northwestern Alabama. This activity produced two to four inches of rainfall across extreme southeastern Lauderdale, northwestern Lawrence, and eastern Colbert county.  This produced some flash flooding near Killen, Alabama.",242
198068,MARION CO.,HACKLEBURG,09/20/2009,1750,Flash Flood, , ,0,0,0,0,AL,CST-6, ,34197,C,93,BMX,0,0,Public,Heavy Rain, , ,1.84,S,1.67,S,HACKLEBURG,09/20/2009,1830,34.2434,-87.8188,34.2412,-87.8175,"Union Hill Cemetary Road became temporarily impassable due to water flowing over it.","A slow moving upper level disturbance helped spark several days of thunderstorms across Central Alabama.  The storms were slow moving, and produced very heavy rainfall in some locations, which led to flash flooding.",243
198069,FAYETTE CO.,FAYETTE,09/20/2009,1800,Flash Flood, , ,0,0,0,0,AL,CST-6, ,34197,C,57,BMX,0,0,Emergency Manager,Dam / Levee Break, , ,0.69,N,0.69,NW,FAYETTE,09/20/2009,1930,33.69,-87.83,33.6897,-87.839,"Flooding was reported on several downtown streets in the city of Fayette.","A slow moving upper level disturbance helped spark several days of thunderstorms across Central Alabama.  The storms were slow moving, and produced very heavy rainfall in some locations, which led to flash flooding.",244
198070,PICKENS CO.,PICKENSVILLE,09/20/2009,1835,Flash Flood, , ,0,0,10000,0,AL,CST-6, ,34197,C,107,BMX,0,0,Emergency Manager,Heavy Rain, , ,1.16,W,1.85,WSW,PICKENSVILLE,09/20/2009,2000,33.23,-88.29,33.2215,-88.3043,"Water was flowing over AL-86 in several spots, both west and east of the city of Pickensville.  Several roads in the city of Carrollton also had to be closed due to flooding.","A slow moving upper level disturbance helped spark several days of thunderstorms across Central Alabama.  The storms were slow moving, and produced very heavy rainfall in some locations, which led to flash flooding.",245
198135,BIBB CO.,FAIRDALE,09/20/2009,2300,Flash Flood, , ,0,0,75000,0,AL,CST-6, ,34203,C,7,BMX,0,0,Newspaper,Heavy Rain, , ,1.83,NNW,1.29,ESE,INGATE,09/21/2009,300,32.975,-87.1604,32.9592,-87.1992,"More the two dozen people in and around the city of Brent had to be rescued from homes and trailers in the middle of the night, after storm drains became overwhelmed by heavy rain.  A section of Deer Creek Road, near Centreville, became washed out due to the rushing waters, and at least two vehicles subsequently drove into the newly formed ditch.","A warm and unstable air mass led to the development of slow moving thunderstorms.  Many of the storms produced flash flooding, and a few produced large hail.",246
198072,CLAY CO.,CARR MILL,09/21/2009,245,Flash Flood, , ,0,0,2000,0,AL,CST-6, ,34203,C,27,BMX,0,0,Amateur Radio,Heavy Rain, , ,0.9,SE,0.73,NW,MILLERVILLE,09/21/2009,500,33.19,-85.94,33.185,-85.9346,"Several roads near the town of Millerville had to be closed due to flooding.","A warm and unstable air mass led to the development of slow moving thunderstorms.  Many of the storms produced flash flooding, and a few produced large hail.",247
198076,TUSCALOOSA CO.,PHALAN,09/21/2009,400,Flash Flood, , ,0,0,1000,0,AL,CST-6, ,34203,C,125,BMX,0,0,Emergency Manager,Heavy Rain, , ,2.42,ENE,2.23,ENE,PHALAN,09/21/2009,630,33.11,-87.41,33.1106,-87.4179,"Hidden Valley Road, near Steiner Lake, was temporarily impassable and had to be closed due to high water.","A warm and unstable air mass led to the development of slow moving thunderstorms.  Many of the storms produced flash flooding, and a few produced large hail.",248
198077,TUSCALOOSA CO.,RALPH,09/21/2009,400,Flash Flood, , ,0,0,1000,0,AL,CST-6, ,34203,C,125,BMX,0,0,Emergency Manager,Heavy Rain, , ,7.43,NNW,7.01,NNW,RALPH,09/21/2009,630,33.142,-87.8364,33.1327,-87.8345,"A portion of Romulus Road, near Jacobs Lane in the southwest corner of Tuscaloosa County, had to be closed due to flooding.","A warm and unstable air mass led to the development of slow moving thunderstorms.  Many of the storms produced flash flooding, and a few produced large hail.",249
194025,DEKALB CO.,VALLEY HEAD,09/21/2009,405,Flash Flood, , ,0,0,60000,0,AL,CST-6, ,33319,C,49,HUN,0,0,Emergency Manager,Heavy Rain, , ,0.28,NNE,1.37,SSE,VALLEY HEAD,09/21/2009,705,34.5736,-85.6278,34.5566,-85.625,"Five to six inches of rainfall, with local amounts up to 8 inches, caused flash flooding in northeastern Dekalb conty. Hardest hit areas were near Valley Head, Mentone and near the GA/AL state line. Several roads were washed out in the Mentone area. Both the Town Hall and Fire Department in Valley Head incurred damage due to water flowing through those buildings.","A very tropical airmass with dewpoints in the lower 70s interacted with a warm front and a strong low level jet to produce strong thunderstorms with very heavy rainfall.  This resulted in flooding rainfall in extreme northeastern Alabama.  Big Wills Creek, which is located 5 miles north of Fort Payne, was pushed out of its banks, forcing Big Wills Drive to be closed.  ||In addition, the town hall and fire department buildings were damaged by water flowing through portions of the buildings. Several roads, including CR 635 southeast of Mentone, were reported washed out in the Mentone area.",250
198073,SUMTER CO.,PANOLA,09/21/2009,500,Flash Flood, , ,0,0,10000,0,AL,CST-6, ,34203,C,119,BMX,0,0,Emergency Manager,Heavy Rain, , ,2.15,WNW,1.48,SW,GEIGER,09/21/2009,1100,32.9623,-88.304,32.8615,-88.3139,"Water was running over the roadway near the intersection of AL-17 and Panola Parkway.  A home in the Geiger community was flooded.","A warm and unstable air mass led to the development of slow moving thunderstorms.  Many of the storms produced flash flooding, and a few produced large hail.",251
198075,GREENE CO.,SNODDY,09/21/2009,530,Flash Flood, , ,0,0,20000,0,AL,CST-6, ,34203,C,63,BMX,0,0,Emergency Manager,Heavy Rain, , ,7.12,NNE,0.83,NNE,MANTUA,09/21/2009,1100,33.13,-87.85,33.1324,-87.8982,"Several locations in northern Greene County became flooded, including CR-60 near the Mantua community.  Several homes in the Jena community were also flooded.","A warm and unstable air mass led to the development of slow moving thunderstorms.  Many of the storms produced flash flooding, and a few produced large hail.",252
198079,LAMAR CO.,VERNON,09/21/2009,800,Flash Flood, , ,0,0,2000,0,AL,CST-6, ,34203,C,75,BMX,0,0,Emergency Manager,Heavy Rain, , ,1.58,W,0.67,WSW,VERNON,09/21/2009,1100,33.7513,-88.1474,33.7436,-88.148,"Several secondary roads west of Vernon, near AL-18, had to be closed due to flooding.","A warm and unstable air mass led to the development of slow moving thunderstorms.  Many of the storms produced flash flooding, and a few produced large hail.",253
198080,HALE CO.,MOUNDVILLE,09/21/2009,915,Flash Flood, , ,0,0,25000,0,AL,CST-6, ,34203,C,65,BMX,0,0,Emergency Manager,Heavy Rain, , ,0.65,NE,0.32,NW,MOUNDVILLE,09/21/2009,1030,33.0075,-87.6132,33.008,-87.6321,"Numerous roads in the city of Moundville had to be closed due to flooding, and water entered and damaged several homes in the area.","A warm and unstable air mass led to the development of slow moving thunderstorms.  Many of the storms produced flash flooding, and a few produced large hail.",254
198081,BIBB CO.,CENTERVILLE,09/21/2009,943,Flash Flood, , ,0,0,1000,0,AL,CST-6, ,34203,C,7,BMX,0,0,Emergency Manager,Heavy Rain, , ,0.66,SW,0.57,SW,CENTERVILLE,09/21/2009,1300,32.9435,-87.1383,32.9428,-87.1394,"A portion of AL-219 in Centreville had to be closed due to water flowing over it.","A warm and unstable air mass led to the development of slow moving thunderstorms.  Many of the storms produced flash flooding, and a few produced large hail.",255
198131,BIBB CO.,BRENT,09/21/2009,943,Flash Flood, , ,0,0,100000,0,AL,CST-6, ,34203,C,7,BMX,0,0,Newspaper,Heavy Rain, , ,0.29,N,0.82,NE,BRENT,09/21/2009,1300,32.9342,-87.1704,32.9312,-87.168,"Several businesses and other buildings along Main Street in the city of Brent sustained significant water damage after a storm drain failed to keep up with flooding rains.  The buildings included a building supply company, a services building for the elderly, and a church.","A warm and unstable air mass led to the development of slow moving thunderstorms.  Many of the storms produced flash flooding, and a few produced large hail.",256
198082,CHILTON CO.,JUMBO,09/21/2009,1200,Flash Flood, , ,0,0,50000,0,AL,CST-6, ,34203,C,21,BMX,0,0,Emergency Manager,Heavy Rain, , ,0.82,SSE,0.27,SE,JUMBO,09/21/2009,1400,32.9591,-86.5942,32.9584,-86.5872,"Several county roads around Chilton County became impassable due to flooding.  The hardest hit was CR-61, in the Jumbo community, where floodwater and associated debris caused several large sections of the paved road to wash out.","A warm and unstable air mass led to the development of slow moving thunderstorms.  Many of the storms produced flash flooding, and a few produced large hail.",257
198084,SHELBY CO.,COLUMBIANA,09/21/2009,1210,Flash Flood, , ,0,0,3000,0,AL,CST-6, ,34203,C,117,BMX,0,0,Emergency Manager,Heavy Rain, , ,0.57,WNW,0.41,WSW,COLUMBIANA,09/21/2009,1400,33.1842,-86.6085,33.1774,-86.61,"Many streets in downtown Columbiana became flooded.  The police department had to direct traffic around the flooded intersection of Main Street and Meyer Street.","A warm and unstable air mass led to the development of slow moving thunderstorms.  Many of the storms produced flash flooding, and a few produced large hail.",258
198086,SHELBY CO.,DARGIN,09/21/2009,1236,Flash Flood, , ,0,0,0,0,AL,CST-6, ,34203,C,117,BMX,0,0,Emergency Manager,Heavy Rain, , ,1.42,ENE,1.37,ENE,DARGIN,09/21/2009,1400,33.1582,-86.7475,33.1573,-86.7557,"Six to eight inches of water was flowing across AL-70, near the Dargin Crossroads community, north of Calera.","A warm and unstable air mass led to the development of slow moving thunderstorms.  Many of the storms produced flash flooding, and a few produced large hail.",259
197342,COLBERT CO.,VALDOSTA,09/22/2009,2245,Flash Flood, , ,0,0,0,0,AL,CST-6, ,34095,C,33,HUN,0,0,Law Enforcement,Heavy Rain, , ,1.38,NW,1.33,SW,VALDOSTA,09/23/2009,100,34.7326,-87.7389,34.7011,-87.7389,"Heavy rainfall caused flash flooding to occur in the Tuscumbia community.  Roads flooded included:  the intersection of Maple Street and Veteran's Blvd., intersection of Frankfort road and Henderson Point, and the intersection of Woodmont Drive near highway 72 and Springer Street.","Heavy rainfall starting late in the night on the 22nd and continuing through the early morning hours on the 23rd caused flash flooding in the Tuscumbia community.",260
197343,LAWRENCE CO.,WREN,09/23/2009,1010,Flash Flood, , ,0,0,0,0,AL,CST-6, ,34096,C,79,HUN,0,0,Emergency Manager,Heavy Rain, , ,1.65,NNE,1.73,NNE,WREN,09/23/2009,1330,34.4523,-87.2694,34.4471,-87.2694,"County road 180 was closed 2 miles northeast of Wren.","Heavy rainfall caused flash flooding in portions of northwestern Alabama. The flooding was reported in and around the Moulton community.",261
197344,LAWRENCE CO.,HATTON,09/23/2009,1010,Flash Flood, , ,0,0,0,0,AL,CST-6, ,34096,C,79,HUN,0,0,Emergency Manager,Heavy Rain, , ,2.49,SSE,2.69,SE,HATTON,09/23/2009,1330,34.5357,-87.4067,34.5334,-87.3865,"Heavy rainfall closed some roads southeast of Hatton. Roads closed included:  CR 161 and CR 150.","Heavy rainfall caused flash flooding in portions of northwestern Alabama. The flooding was reported in and around the Moulton community.",262
198089,LAMAR CO.,MOLLOY,09/23/2009,1922,Flash Flood, , ,0,0,0,0,AL,CST-6, ,34206,C,75,BMX,0,0,Emergency Manager,Heavy Rain, , ,2.07,N,2.01,ENE,MOLLOY,09/23/2009,2030,33.76,-88.2,33.7316,-88.1948,"Several roads west of the city of Vernon had to be closed due to flooding.","A slow moving cold front pushing through the southeastern United States brought several days of thunderstorms.  A few of the storms produced large hail, damaging winds, and locally heavy rainfall.",263
197341,LAWRENCE CO.,COURTLAND,09/25/2009,1445,Flash Flood, , ,0,0,0,0,AL,CST-6, ,34094,C,79,HUN,0,0,Emergency Manager,Heavy Rain, , ,0.85,W,0.3,WSW,COURTLAND,09/25/2009,1617,34.6724,-87.3146,34.6628,-87.3148,"Heavy rainfall produced brief flash flooding in the city of Courtland.","Heavy rainfall caused brief flash flooding in the Courtland community.",264
198093,LAMAR CO.,VERNON,09/26/2009,903,Flash Flood, , ,0,0,2000,0,AL,CST-6, ,34206,C,75,BMX,0,0,Emergency Manager,Heavy Rain, , ,0.9,NE,1.22,NNE,VERNON,09/26/2009,1145,33.76,-88.11,33.7532,-88.1186,"Several roads in downtown Vernon became temporarily impassable due to flooding.","A slow moving cold front pushing through the southeastern United States brought several days of thunderstorms.  A few of the storms produced large hail, damaging winds, and locally heavy rainfall.",265
197333,MADISON CO.,HARVEST EPPS ARPT,09/26/2009,1030,Flash Flood, , ,0,0,2000,0,AL,CST-6, ,34092,C,89,HUN,0,0,Fire Department/Rescue,Heavy Rain, , ,0.32,NNE,1.12,SE,HARVEST EPPS ARPT,09/26/2009,1300,34.874,-86.7672,34.8655,-86.7636,"Flash flooding was reported in isolated locations northwest of the Harvest community.  Roads affected included:  the intersection of Wall Triana Highway/Jennifer Drive and Oak Branch Circle. Water was reported to enter a house on Oak Branch Drive.","Two to three inches of rain fell across portions of northwestern Madison county. This produced flash flooding near the Harvest community.",266
198094,WALKER CO.,BRADLEYTOWN,09/26/2009,1103,Flash Flood, , ,0,0,1000,0,AL,CST-6, ,34206,C,127,BMX,0,0,Emergency Manager,Heavy Rain, , ,0.61,W,0.53,SE,BRADLEYTOWN,09/26/2009,1300,33.7288,-87.2905,33.7267,-87.2766,"Several roads in the city of Parrish had to be closed due to flooding.","A slow moving cold front pushing through the southeastern United States brought several days of thunderstorms.  A few of the storms produced large hail, damaging winds, and locally heavy rainfall.",267
198095,WALKER CO.,CORDOVA,09/26/2009,1103,Flash Flood, , ,0,0,2000,0,AL,CST-6, ,34206,C,127,BMX,0,0,Emergency Manager,Heavy Rain, , ,1.34,NNW,0.9,NW,CORDOVA,09/26/2009,1300,33.7683,-87.1878,33.7643,-87.1951,"Several roads in the city of Cordova had to be closed due to flooding.","A slow moving cold front pushing through the southeastern United States brought several days of thunderstorms.  A few of the storms produced large hail, damaging winds, and locally heavy rainfall.",268
199967,LAMAR CO.,MOLLOY,10/12/2009,300,Flash Flood, , ,0,0,10000,0,AL,CST-6, ,34221,C,75,BMX,0,0,Emergency Manager,Heavy Rain, , ,4.87,N,2.38,NNW,MOLLOY,10/12/2009,500,33.8,-88.21,33.7601,-88.2158,"Numerous roads had to be closed due to flash flooding, across the western and central sections of Lamar County.","A storm system moving across the Gulf Coast states brought several days of locally heavy rain and a few strong to severe thunderstorms to Central Alabama.",269
199969,JEFFERSON CO.,GRASSELLI,10/12/2009,545,Flash Flood, , ,0,0,5000,0,AL,CST-6, ,34221,C,73,BMX,0,0,Emergency Manager,Heavy Rain, , ,0.55,NNW,0.83,NNW,GRASSELLI,10/12/2009,700,33.4567,-86.9051,33.4584,-86.9039,"Vandergrift Road, near the Midfield Park Shopping Center, became temporarily impassable due to flooding.  Several other roads in the area, including B.Y. Williams Drive, also became flooded.","A storm system moving across the Gulf Coast states brought several days of locally heavy rain and a few strong to severe thunderstorms to Central Alabama.",270
199973,ETOWAH CO.,GADSDEN,10/12/2009,700,Flash Flood, , ,0,0,5000,0,AL,CST-6, ,34221,C,55,BMX,0,0,Emergency Manager,Heavy Rain, , ,0.06,SE,0.92,SW,GADSDEN,10/12/2009,900,34.0194,-86.0192,34.0118,-86.027,"Several roads around the city of Gadsden had to be closed due to becoming temporarily impassable due to flooding.","A storm system moving across the Gulf Coast states brought several days of locally heavy rain and a few strong to severe thunderstorms to Central Alabama.",271
199971,LAMAR CO.,VERNON,10/13/2009,2110,Flash Flood, , ,0,0,5000,0,AL,CST-6, ,34221,C,75,BMX,0,0,Emergency Manager,Heavy Rain, , ,1.42,NNW,2.25,W,VERNON,10/13/2009,2330,33.77,-88.1255,33.7501,-88.1361,"Another round of heavy rain caused the closure of several roads, in and around the city of Vernon.","A storm system moving across the Gulf Coast states brought several days of locally heavy rain and a few strong to severe thunderstorms to Central Alabama.",272
199972,LAMAR CO.,MOLLOY,10/15/2009,1100,Flash Flood, , ,0,0,5000,0,AL,CST-6, ,34221,C,75,BMX,0,0,Emergency Manager,Heavy Rain, , ,4.01,SSW,2.91,S,MOLLOY,10/15/2009,1500,33.6767,-88.2274,33.6607,-88.1993,"Yet another round of heavy rain caused the closure of at least 7 more roads in Lamar County.","A storm system moving across the Gulf Coast states brought several days of locally heavy rain and a few strong to severe thunderstorms to Central Alabama.",273
203564,BALDWIN CO.,ORANGE BEACH,11/09/2009,2330,Flash Flood, , ,0,0,0,0,AL,CST-6, ,35205,C,3,MOB,0,0,Broadcast Media,Heavy Rain / Tropical System, , ,0,N,0.06,ENE,ORANGE BEACH,11/09/2009,2350,30.28,-87.57,30.2802,-87.5696,"Heavy rains from Tropical Storm Ida caused widespread street flooding in Orange Beach.","During the early morning hours of 10 November 2009 (540 AM CST), Tropical Storm Ida made initial landfall near Dauphin Island, Alabama with maximum sustained winds near 45 mph with locally higher gusts.  A second landfall occurred around 6 AM CST near Bon Secour, Alabama.  Wind and storm surge effects were relatively minimal along the Alabama and extreme northwestern Florida coastlines, with beach erosion being the primary impacts along the Alabama Gulf Coast. It should be noted that surface winds became quite gusty after Ida moved well away from the region and surface high pressure began to move in form the west on the evening after landfall. ||Before Ida made landfall, it produced heavy rains across southwest Alabama causing localized flash flooding in southern Baldwin County with minor urban and small stream flooding in other parts of southern Alabama.||Ida formed into a tropical depression on 4 November in the southwestern Caribbean Sea. The cyclone endured approximately 10 days before making landfall on the U.S. North Central Gulf Coast.   It achieved hurricane intensity twice and Category 2 intensity once prior to moving through the Yucatan Straights and into the southern Gulf of Mexico on 8 November.  It reached peak intensity of 105 mph on Sunday evening 8 November while over the southern Gulf of Mexico.  After that time, Hurricane Ida encountered very strong vertical wind shear north of 25.0 N latitude and much cooler sea water temperatures which prevented further intensification.  Ida responded by gradually weakening before making landfall as a Tropical Storm over Dauphin Island, Alabama on the morning of the 10th, before dissipating over the Florida panhandle a few hours later.",274
208686,FRANKLIN CO.,MEHAMA,12/08/2009,1915,Flash Flood, , ,0,0,0,0,AL,CST-6, ,36035,C,59,HUN,0,0,Emergency Manager,Heavy Rain, , ,0.79,N,1.71,SSW,WACO,12/08/2009,2200,34.5615,-87.5308,34.4501,-87.6737,"Three to five inches of rainfall caused some minor flooding on County Line Road in eastern portions of the county.","A strong storm system brought flooding rainfall across much of northern Alabama and portions of southern middle Tennessee.  Rainfall amounts of 2 to 4 inches were common, with some areas receiving 5 to 7 inches.  This produced widespread and extensive flash flooding and river/creek flooding, particularly in Morgan, Madison, and Jackson counties.  ||A strong low level jet and some instability also set the stage for damaging thunderstorm winds.  Wind gusts up to 70 mph occurred in portions of  Madison and DeKalb counties.",275
208867,MORGAN CO.,TRINITY,12/08/2009,2000,Flash Flood, , ,0,0,500000,0,AL,CST-6, ,36035,C,103,HUN,0,0,Law Enforcement,Heavy Rain, , ,1.75,NNW,1.29,SW,PENN,12/08/2009,2230,34.644,-87.09,34.32,-87.1,"Three to six inches of rainfall caused widespread flash flooding across Morgan county and closed numerous roads across the county. Especially hard hit were areas along a line from Massey to Hartselle to Lacey Springs.  Isolated higher amounts occurred in the extreme southwestern portions of the county.  ||Extensive flash flooding occurred in the Hartselle community, pushed into area businesses and home in the downtown area. Several roads were damaged and closed across the county. Some roads affected included: Rice Road, Celia Drive, Rustic Lane, and a public street near Westwood Drive.||At least one water rescue was needed in the Somerville community, where a car was swept off Gum Springs Road. Conditions were so extreme that even the rescue squad had a hard time bringing the man in the car to safety.","A strong storm system brought flooding rainfall across much of northern Alabama and portions of southern middle Tennessee.  Rainfall amounts of 2 to 4 inches were common, with some areas receiving 5 to 7 inches.  This produced widespread and extensive flash flooding and river/creek flooding, particularly in Morgan, Madison, and Jackson counties.  ||A strong low level jet and some instability also set the stage for damaging thunderstorm winds.  Wind gusts up to 70 mph occurred in portions of  Madison and DeKalb counties.",276
208647,LAUDERDALE CO.,LEXINGTON,12/08/2009,2000,Flash Flood, , ,0,0,0,0,AL,CST-6, ,36035,C,77,HUN,0,0,Emergency Manager,Heavy Rain, , ,1.33,E,1.33,S,THORTONTOWN,12/08/2009,2200,34.9683,-87.3466,34.81,-87.35,"One to three inches of rainfall closed several roads in eastern portions of Lauderdale county.  Roads closed included:  CR 534, CR 156, CR 502, CR 96, and portions of Turner Lindsey road.","A strong storm system brought flooding rainfall across much of northern Alabama and portions of southern middle Tennessee.  Rainfall amounts of 2 to 4 inches were common, with some areas receiving 5 to 7 inches.  This produced widespread and extensive flash flooding and river/creek flooding, particularly in Morgan, Madison, and Jackson counties.  ||A strong low level jet and some instability also set the stage for damaging thunderstorm winds.  Wind gusts up to 70 mph occurred in portions of  Madison and DeKalb counties.",277
208729,LAWRENCE CO.,WHEELER DAM VILLAGE,12/08/2009,2000,Flash Flood, , ,0,0,0,0,AL,CST-6, ,36035,C,79,HUN,0,0,Emergency Manager,Heavy Rain, , ,1.84,WSW,1.14,NE,MEHAMA,12/08/2009,2200,34.79,-87.4,34.56,-87.51,"Widespread rainfall between 3 and 5 inches (with isolated higher amounts around 6 inches near the Speake community) produced widespread flooding across Lawrence county.  Particularly hit was the Speake community and portions of extreme southeastern Lawrence county.  Roads affected included:  CR 214, CR 301, CR 87, and CR 72, Alabama highway 157 near Wiggins Grocery. To or three residences on Lawrence county 203 were evacuated because of rising water.","A strong storm system brought flooding rainfall across much of northern Alabama and portions of southern middle Tennessee.  Rainfall amounts of 2 to 4 inches were common, with some areas receiving 5 to 7 inches.  This produced widespread and extensive flash flooding and river/creek flooding, particularly in Morgan, Madison, and Jackson counties.  ||A strong low level jet and some instability also set the stage for damaging thunderstorm winds.  Wind gusts up to 70 mph occurred in portions of  Madison and DeKalb counties.",278
208673,LAMAR CO.,VERNON,12/08/2009,2030,Flash Flood, , ,0,0,100000,0,AL,CST-6, ,36036,C,75,BMX,0,0,Emergency Manager,Heavy Rain, , ,0.9,NE,1.62,N,VERNON,12/09/2009,100,33.76,-88.11,33.7629,-88.1189,"Several roads in the city of Vernon had to be closed due to flooding, including AL-17 and AL-18.  Water eventually reached car hood level on a portion of AL-17. An apartment complex on AL-18 became flooded.","A deepening storm system, and the associated cold front that swept across Alabama, brought widespread showers and thunderstorms to the state.  Several storms produced heavy rain that caused flash flooding, along with damaging winds.  Even away from the thunderstorms, gusty gradient winds affected a large portion of Central Alabama.",279
208711,MADISON CO.,ELKWOOD,12/08/2009,2030,Flash Flood, , ,0,0,40000,0,AL,CST-6, ,36035,C,89,HUN,0,0,Emergency Manager,Heavy Rain, , ,2.91,WNW,3.96,NW,TRIANA,12/08/2009,2127,34.99,-86.78,34.6,-86.77,"Three to six inches of rainfall caused widespread flash flooding across much of the county.  Particularly hard hit were the Huntsville, Farley, and Madison communities.","A strong storm system brought flooding rainfall across much of northern Alabama and portions of southern middle Tennessee.  Rainfall amounts of 2 to 4 inches were common, with some areas receiving 5 to 7 inches.  This produced widespread and extensive flash flooding and river/creek flooding, particularly in Morgan, Madison, and Jackson counties.  ||A strong low level jet and some instability also set the stage for damaging thunderstorm winds.  Wind gusts up to 70 mph occurred in portions of  Madison and DeKalb counties.",280
208715,LIMESTONE CO.,ARDMORE,12/08/2009,2040,Flash Flood, , ,0,0,0,0,AL,CST-6, ,36035,C,83,HUN,0,0,Emergency Manager,Heavy Rain, , ,0.69,S,1.79,WSW,LUGGTOWN,12/08/2009,2230,34.99,-86.85,34.9448,-87.0948,"Three to five inches of rainfall produced caused some roads to be closed across central Limestone county.  Some of the roads closed included:  Wooley Spring road, Norris Mill road, Line road, and Cowford road. Other roads affected included:  Parker, Bethel, Meyers, Seven Mile Post, and Capshaw road.","A strong storm system brought flooding rainfall across much of northern Alabama and portions of southern middle Tennessee.  Rainfall amounts of 2 to 4 inches were common, with some areas receiving 5 to 7 inches.  This produced widespread and extensive flash flooding and river/creek flooding, particularly in Morgan, Madison, and Jackson counties.  ||A strong low level jet and some instability also set the stage for damaging thunderstorm winds.  Wind gusts up to 70 mph occurred in portions of  Madison and DeKalb counties.",281
208687,MARION CO.,BEXAR,12/08/2009,2230,Flash Flood, , ,0,0,50000,0,AL,CST-6, ,36036,C,93,BMX,0,0,Emergency Manager,Heavy Rain, , ,2.68,N,1.96,SSW,BEXAR,12/09/2009,100,34.2187,-88.1474,34.1449,-88.1653,"Numerous county, state, and US highways became flooded across Marion County, including CR-61, US-43, CR-11, US-78, and CR-52. Taylor Road in the city of Guin, and Providence Street in the city of Winfield, were also flooded.","A deepening storm system, and the associated cold front that swept across Alabama, brought widespread showers and thunderstorms to the state.  Several storms produced heavy rain that caused flash flooding, along with damaging winds.  Even away from the thunderstorms, gusty gradient winds affected a large portion of Central Alabama.",282
208934,DEKALB CO.,ARONA,12/08/2009,2300,Flash Flood, , ,0,0,0,0,AL,CST-6, ,36035,C,49,HUN,0,0,Emergency Manager,Heavy Rain, , ,1.98,WNW,2.69,SSW,COLLINSVILLE,12/09/2009,100,34.2306,-86.1122,34.2192,-85.9,"Heavy rainfall between 2 and 5 inches fell producing widespread flash flooding across central and southeastern portions of the county. Several roads were flooded, closed, or washed out including:  CR 386, CR 39, Logan Street, Jordan Street, CR 27, and CR 52. Particularly hard hit locations included Fort Payne and Mentone.","A strong storm system brought flooding rainfall across much of northern Alabama and portions of southern middle Tennessee.  Rainfall amounts of 2 to 4 inches were common, with some areas receiving 5 to 7 inches.  This produced widespread and extensive flash flooding and river/creek flooding, particularly in Morgan, Madison, and Jackson counties.  ||A strong low level jet and some instability also set the stage for damaging thunderstorm winds.  Wind gusts up to 70 mph occurred in portions of  Madison and DeKalb counties.",283
208942,JACKSON CO.,GARTH,12/08/2009,2355,Flash Flood, , ,0,0,0,0,AL,CST-6, ,36035,C,71,HUN,0,0,Emergency Manager,Heavy Rain, , ,2.08,SSE,2.27,ENE,WOODVILLE,12/09/2009,130,34.6943,-86.2811,34.631,-86.2743,"Heavy rainfall between two and five inches caused flooding on CR 183 and at the intersection of CR 8 and CR 215.","A strong storm system brought flooding rainfall across much of northern Alabama and portions of southern middle Tennessee.  Rainfall amounts of 2 to 4 inches were common, with some areas receiving 5 to 7 inches.  This produced widespread and extensive flash flooding and river/creek flooding, particularly in Morgan, Madison, and Jackson counties.  ||A strong low level jet and some instability also set the stage for damaging thunderstorm winds.  Wind gusts up to 70 mph occurred in portions of  Madison and DeKalb counties.",284
208946,JACKSON CO.,PAINT ROCK,12/08/2009,2355,Flash Flood, , ,0,0,0,0,AL,CST-6, ,36035,C,71,HUN,0,0,Emergency Manager,Heavy Rain, , ,1.66,NW,2.05,NW,PAINT ROCK,12/09/2009,130,34.6852,-86.3525,34.6825,-86.3434,"Flooding was reported over both lanes of Highway 72 near the Jackson and Madison county border.","A strong storm system brought flooding rainfall across much of northern Alabama and portions of southern middle Tennessee.  Rainfall amounts of 2 to 4 inches were common, with some areas receiving 5 to 7 inches.  This produced widespread and extensive flash flooding and river/creek flooding, particularly in Morgan, Madison, and Jackson counties.  ||A strong low level jet and some instability also set the stage for damaging thunderstorm winds.  Wind gusts up to 70 mph occurred in portions of  Madison and DeKalb counties.",285
208744,CULLMAN CO.,LORETTO,12/09/2009,110,Flash Flood, , ,0,0,0,0,AL,CST-6, ,36035,C,43,HUN,0,0,Emergency Manager,Heavy Rain, , ,1.38,SSE,1.55,SSE,LORETTO,12/09/2009,150,34.0517,-86.9105,34.0479,-86.909,"Heavy rainfall between 2 and 5 inches of rainfall fell and produced flash flooding which closed a portion of CR 233.","A strong storm system brought flooding rainfall across much of northern Alabama and portions of southern middle Tennessee.  Rainfall amounts of 2 to 4 inches were common, with some areas receiving 5 to 7 inches.  This produced widespread and extensive flash flooding and river/creek flooding, particularly in Morgan, Madison, and Jackson counties.  ||A strong low level jet and some instability also set the stage for damaging thunderstorm winds.  Wind gusts up to 70 mph occurred in portions of  Madison and DeKalb counties.",286
208746,CULLMAN CO.,GOOD HOPE,12/09/2009,110,Flash Flood, , ,0,0,0,0,AL,CST-6, ,36035,C,43,HUN,0,0,Emergency Manager,Heavy Rain, , ,2.93,SSE,0.88,ESE,LORETTO,12/09/2009,150,34.0598,-86.8538,34.0382,-86.8617,"Heavy rainfall between 2 and 4 inches caused a bridge along CR 565 to be closed.","A strong storm system brought flooding rainfall across much of northern Alabama and portions of southern middle Tennessee.  Rainfall amounts of 2 to 4 inches were common, with some areas receiving 5 to 7 inches.  This produced widespread and extensive flash flooding and river/creek flooding, particularly in Morgan, Madison, and Jackson counties.  ||A strong low level jet and some instability also set the stage for damaging thunderstorm winds.  Wind gusts up to 70 mph occurred in portions of  Madison and DeKalb counties.",287
208745,CULLMAN CO.,WEST PT,12/09/2009,110,Flash Flood, , ,0,0,0,0,AL,CST-6, ,36035,C,43,HUN,0,0,Emergency Manager,Heavy Rain, , ,1,WNW,0.59,WSW,WEST PT,12/09/2009,150,34.2361,-86.9659,34.2238,-86.9639,"One to two inches of rainfall produced flash flooding which closed a portion of CR 1140.","A strong storm system brought flooding rainfall across much of northern Alabama and portions of southern middle Tennessee.  Rainfall amounts of 2 to 4 inches were common, with some areas receiving 5 to 7 inches.  This produced widespread and extensive flash flooding and river/creek flooding, particularly in Morgan, Madison, and Jackson counties.  ||A strong low level jet and some instability also set the stage for damaging thunderstorm winds.  Wind gusts up to 70 mph occurred in portions of  Madison and DeKalb counties.",288
209011,CLARKE CO.,SALITPA,12/12/2009,1630,Flash Flood, , ,0,0,0,0,AL,CST-6, ,36034,C,25,MOB,0,0,Emergency Manager,Heavy Rain, , ,2.16,ESE,2.21,ESE,SALITPA,12/12/2009,1730,31.6053,-87.9876,31.6043,-87.988,"Water covering Bethlehem Road between U.S. Highway 69 and Winn Road near Mays Crossroads.","Thunderstorms produced heavy rain that caused flash flooding across portions of southwest Alabama.",289
208646,CLARKE CO.,JACKSON,12/12/2009,1855,Flash Flood, , ,0,0,0,0,AL,CST-6, ,36034,C,25,MOB,0,0,Emergency Manager,Heavy Rain, , ,0,N,3.13,SW,SUGGSVILLE,12/12/2009,1955,31.52,-87.88,31.5634,-87.7217,"Heavy rain flooded several roads across Clarke County.","Thunderstorms produced heavy rain that caused flash flooding across portions of southwest Alabama.",290
209005,MOBILE CO.,THEODORE,12/12/2009,2100,Flash Flood, , ,0,0,0,0,AL,CST-6, ,36034,C,97,MOB,0,0,Law Enforcement,Heavy Rain, , ,0.34,WSW,0.28,WSW,THEODORE,12/12/2009,2200,30.5479,-88.1751,30.5472,-88.1752,"Mobile City Police reported water covering the intersection of Bellingrath Road and U.S. Highway 90.  Several vehicles were stalled in the high water.","Thunderstorms produced heavy rain that caused flash flooding across portions of southwest Alabama.",291
208703,BULLOCK CO.,MIDWAY,12/14/2009,1400,Flash Flood, , ,0,0,10000,0,AL,CST-6, ,36038,C,11,BMX,0,0,Emergency Manager,Heavy Rain, , ,1.68,W,1.43,SW,MIDWAY,12/14/2009,1800,32.0768,-85.5485,32.0704,-85.5334,"An estimated 3 to 4 inches of rain in a short time lead to flash flooding of several roads in the southeastern portion of Bullock County, some of which became impassable due to the high water.","A cold front pushing through the state brought thunderstorms with very heavy rain, causing a few areas to become flooded.",292
208704,RUSSELL CO.,PITTSVIEW,12/14/2009,1500,Flash Flood, , ,0,0,10000,0,AL,CST-6, ,36038,C,113,BMX,0,0,Post Office,Heavy Rain, , ,2.45,N,1.93,NE,HOOKS,12/14/2009,1800,32.2154,-85.1701,32.198,-85.2045,"An estimated 6 inches of rain in a short time caused several dirt roads to become washed out near the Pittsview community.","A cold front pushing through the state brought thunderstorms with very heavy rain, causing a few areas to become flooded.",293
209043,CRENSHAW CO.,RUTLEDGE,12/14/2009,1640,Flash Flood, , ,0,0,0,0,AL,CST-6, ,36052,C,41,MOB,0,0,Emergency Manager,Heavy Rain, , ,5.71,SW,4.66,SW,RUTLEDGE,12/14/2009,1800,31.6722,-86.3895,31.6639,-86.3826,"Swanner Bridge Road closed due to water covering the roadway.","Slow moving thunderstorms produced heavy rains that caused widespread flooding in portions of south central and southwest Alabama.  Flooding from area rivers and small streams produced the most widespread flooding in portions of Escambia County, Alabama in the Atmore, Flomaton and Brewton areas.  The Federal Emergency Management Agency places the estimates for flood damage to property near 5.9 million U.S. Dollars in Escambia County, Alabama for this episode.",294
209042,CRENSHAW CO.,BRANTLEY,12/14/2009,1640,Flash Flood, , ,0,0,0,0,AL,CST-6, ,36052,C,41,MOB,0,0,Emergency Manager,Heavy Rain, , ,2.29,SE,1.94,SE,BRANTLEY,12/14/2009,1800,31.5584,-86.2205,31.551,-86.2199,"Powell Road closed due to water covering the roadway.","Slow moving thunderstorms produced heavy rains that caused widespread flooding in portions of south central and southwest Alabama.  Flooding from area rivers and small streams produced the most widespread flooding in portions of Escambia County, Alabama in the Atmore, Flomaton and Brewton areas.  The Federal Emergency Management Agency places the estimates for flood damage to property near 5.9 million U.S. Dollars in Escambia County, Alabama for this episode.",295
209041,CRENSHAW CO.,HIGHLAND HOME,12/14/2009,1640,Flash Flood, , ,0,0,0,0,AL,CST-6, ,36052,C,41,MOB,0,0,Emergency Manager,Heavy Rain, , ,1.15,E,1.54,ESE,HIGHLAND HOME,12/14/2009,1800,31.9475,-86.3005,31.9388,-86.2952,"Magnolia Shores Road closed due to water covering the road.","Slow moving thunderstorms produced heavy rains that caused widespread flooding in portions of south central and southwest Alabama.  Flooding from area rivers and small streams produced the most widespread flooding in portions of Escambia County, Alabama in the Atmore, Flomaton and Brewton areas.  The Federal Emergency Management Agency places the estimates for flood damage to property near 5.9 million U.S. Dollars in Escambia County, Alabama for this episode.",296
209044,CRENSHAW CO.,BULLOCK,12/14/2009,1640,Flash Flood, , ,0,0,0,0,AL,CST-6, ,36052,C,41,MOB,0,0,Emergency Manager,Heavy Rain, , ,3.41,SW,2.49,SSW,BULLOCK,12/14/2009,1800,31.4925,-86.2178,31.4852,-86.2123,"Lower Bozeman Road closed due to water covering the roadway.","Slow moving thunderstorms produced heavy rains that caused widespread flooding in portions of south central and southwest Alabama.  Flooding from area rivers and small streams produced the most widespread flooding in portions of Escambia County, Alabama in the Atmore, Flomaton and Brewton areas.  The Federal Emergency Management Agency places the estimates for flood damage to property near 5.9 million U.S. Dollars in Escambia County, Alabama for this episode.",297
206030,HENRY CO.,ABBEVILLE MUNICIPAL ARPT,12/14/2009,1655,Flash Flood, , ,0,0,0,0,AL,CST-6, ,35616,C,67,TAE,0,0,Emergency Manager,Heavy Rain, , ,1.72,ENE,1.81,ENE,ABBEVILLE MUNICIPAL ARPT,12/14/2009,1855,31.6099,-85.2031,31.6097,-85.2029,"Water up to a foot deep covered State Highway 46 at Abbie Creek northeast of Abbeville.","Severe thunderstorms spawned two F0 tornadoes, caused wind damage, and several reports of flooding.",298
208851,BALDWIN CO.,BAY MINETTE,12/14/2009,1742,Flash Flood, , ,0,0,0,0,AL,CST-6, ,36052,C,3,MOB,0,0,Law Enforcement,Heavy Rain, , ,4,ENE,5,N,BAY MINETTE,12/14/2009,1842,30.9022,-87.7177,30.9161,-87.7863,"Heavy rain produced flash flooding that covered several portions of Highway 31. The interstate on ramps were also under water.","Slow moving thunderstorms produced heavy rains that caused widespread flooding in portions of south central and southwest Alabama.  Flooding from area rivers and small streams produced the most widespread flooding in portions of Escambia County, Alabama in the Atmore, Flomaton and Brewton areas.  The Federal Emergency Management Agency places the estimates for flood damage to property near 5.9 million U.S. Dollars in Escambia County, Alabama for this episode.",299
208848,ESCAMBIA CO.,ATMORE,12/14/2009,1750,Flash Flood, , ,0,0,250000,0,AL,CST-6, ,36052,C,53,MOB,0,0,Law Enforcement,Heavy Rain, , ,0.59,SSE,0,SW,MALTA,12/14/2009,1850,31.0217,-87.498,31.0216,-87.4842,"Heavy rains produced widespread flooding in Atmore. Numerous roads were flooded and several cars were stranded.","Slow moving thunderstorms produced heavy rains that caused widespread flooding in portions of south central and southwest Alabama.  Flooding from area rivers and small streams produced the most widespread flooding in portions of Escambia County, Alabama in the Atmore, Flomaton and Brewton areas.  The Federal Emergency Management Agency places the estimates for flood damage to property near 5.9 million U.S. Dollars in Escambia County, Alabama for this episode.",300
208850,ESCAMBIA CO.,ATMORE,12/14/2009,1750,Flash Flood, , ,0,0,1250000,0,AL,CST-6, ,36052,C,53,MOB,0,0,Law Enforcement,Heavy Rain, , ,0,N,0.55,SSE,ATMORE,12/14/2009,2000,31.03,-87.5,31.0231,-87.495,"Heavy rain produced widespread flash flooding in Atmore. Numerous homes, businesses,  and roads were flooded. Several cars were stranded in the streets of downtown Atmore.","Slow moving thunderstorms produced heavy rains that caused widespread flooding in portions of south central and southwest Alabama.  Flooding from area rivers and small streams produced the most widespread flooding in portions of Escambia County, Alabama in the Atmore, Flomaton and Brewton areas.  The Federal Emergency Management Agency places the estimates for flood damage to property near 5.9 million U.S. Dollars in Escambia County, Alabama for this episode.",301
208852,COVINGTON CO.,ANDALUSIA,12/14/2009,1755,Flash Flood, , ,0,0,0,0,AL,CST-6, ,36052,C,39,MOB,0,0,Law Enforcement,Heavy Rain, , ,0,N,0.79,WNW,ANDALUSIA,12/14/2009,1855,31.3,-86.48,31.3041,-86.4875,"Heavy rains caused widespread street flooding and closed several roads in the county due to high water.","Slow moving thunderstorms produced heavy rains that caused widespread flooding in portions of south central and southwest Alabama.  Flooding from area rivers and small streams produced the most widespread flooding in portions of Escambia County, Alabama in the Atmore, Flomaton and Brewton areas.  The Federal Emergency Management Agency places the estimates for flood damage to property near 5.9 million U.S. Dollars in Escambia County, Alabama for this episode.",302
208705,LEE CO.,STONEWALL,12/14/2009,1830,Flash Flood, , ,0,0,5000,0,AL,CST-6, ,36038,C,81,BMX,0,0,Emergency Manager,Heavy Rain, , ,1.11,WSW,0.93,WSW,STONEWALL,12/14/2009,2000,32.5613,-85.0661,32.5599,-85.0691,"Repeated heavy rainfall led to the closure of a portion of CR-318, due to water flowing over a bridge.","A cold front pushing through the state brought thunderstorms with very heavy rain, causing a few areas to become flooded.",303
208849,ESCAMBIA CO.,BREWTON,12/14/2009,1840,Flash Flood, , ,0,0,0,0,AL,CST-6, ,36052,C,53,MOB,0,0,Law Enforcement,Heavy Rain, , ,1,N,0.3,NNE,APPLETON,12/14/2009,1940,31.1345,-87.07,31.1325,-87.0654,"Heavy rain from slow moving thunderstorms caused widespread flooding of Douglas Avenue near downtown Brewton.","Slow moving thunderstorms produced heavy rains that caused widespread flooding in portions of south central and southwest Alabama.  Flooding from area rivers and small streams produced the most widespread flooding in portions of Escambia County, Alabama in the Atmore, Flomaton and Brewton areas.  The Federal Emergency Management Agency places the estimates for flood damage to property near 5.9 million U.S. Dollars in Escambia County, Alabama for this episode.",304
208712,BARBOUR CO.,EUFAULA,12/14/2009,1900,Flash Flood, , ,0,0,25000,0,AL,CST-6, ,36038,C,5,BMX,0,0,Emergency Manager,Heavy Rain, , ,3.44,WSW,3.35,NE,COTTON HILL,12/14/2009,2000,31.8691,-85.2072,31.8732,-85.2251,"A portion of Cotton Hill Road, near the intersection with AL-30, became partially washed out due to water flowing over it.","A cold front pushing through the state brought thunderstorms with very heavy rain, causing a few areas to become flooded.",305
208706,BARBOUR CO.,TERESE,12/14/2009,1900,Flash Flood, , ,0,0,5000,0,AL,CST-6, ,36038,C,5,BMX,0,0,Emergency Manager,Heavy Rain, , ,2.53,SSE,2.27,SSE,TERESE,12/14/2009,2000,31.7695,-85.1463,31.778,-85.1556,"A portion of AL-95 south of Eufaula had to be closed for a short time due to flash flooding.","A cold front pushing through the state brought thunderstorms with very heavy rain, causing a few areas to become flooded.",306
208853,BALDWIN CO.,BAY MINETTE,12/14/2009,1955,Flash Flood, , ,0,0,0,0,AL,CST-6, ,36052,C,3,MOB,0,0,Law Enforcement,Heavy Rain, , ,0,N,3.37,SW,PINCHONA,12/14/2009,2055,30.88,-87.78,30.9064,-87.7437,"Heavy rains flooded all exit ramps along Interstate 65 in Baldwin County.","Slow moving thunderstorms produced heavy rains that caused widespread flooding in portions of south central and southwest Alabama.  Flooding from area rivers and small streams produced the most widespread flooding in portions of Escambia County, Alabama in the Atmore, Flomaton and Brewton areas.  The Federal Emergency Management Agency places the estimates for flood damage to property near 5.9 million U.S. Dollars in Escambia County, Alabama for this episode.",307
208854,BALDWIN CO.,CROSSROADS,12/14/2009,1955,Flash Flood, , ,0,0,0,0,AL,CST-6, ,36052,C,3,MOB,0,0,Law Enforcement,Heavy Rain, , ,0,N,0.69,E,CROSSROADS,12/14/2009,2055,30.83,-87.87,30.8302,-87.8659,"Heavy rains caused Highway 225 near Bruce Beverage road to be closed due to high water on the road.","Slow moving thunderstorms produced heavy rains that caused widespread flooding in portions of south central and southwest Alabama.  Flooding from area rivers and small streams produced the most widespread flooding in portions of Escambia County, Alabama in the Atmore, Flomaton and Brewton areas.  The Federal Emergency Management Agency places the estimates for flood damage to property near 5.9 million U.S. Dollars in Escambia County, Alabama for this episode.",308
209038,CONECUH CO.,EVERGREEN,12/14/2009,2010,Flash Flood, , ,0,0,0,0,AL,CST-6, ,36052,C,35,MOB,0,0,Law Enforcement,Heavy Rain, , ,1.44,WSW,0.31,SW,EVERGREEN,12/14/2009,2200,31.4211,-86.992,31.4143,-86.9875,"Alabama State Troopers reported high water on Highway 84 just west of Evergreen.","Slow moving thunderstorms produced heavy rains that caused widespread flooding in portions of south central and southwest Alabama.  Flooding from area rivers and small streams produced the most widespread flooding in portions of Escambia County, Alabama in the Atmore, Flomaton and Brewton areas.  The Federal Emergency Management Agency places the estimates for flood damage to property near 5.9 million U.S. Dollars in Escambia County, Alabama for this episode.",309
206032,HENRY CO.,SCREAMER,12/14/2009,2030,Flash Flood, , ,0,0,0,0,AL,CST-6, ,35616,C,67,TAE,0,0,Emergency Manager,Heavy Rain, , ,0.48,W,0.37,W,SCREAMER,12/14/2009,2230,31.6608,-85.2081,31.6607,-85.2071,"State Highway 95 was closed by high water between County Roads 245 and 57 near Screamer.","Severe thunderstorms spawned two F0 tornadoes, caused wind damage, and several reports of flooding.",310
209039,MOBILE CO.,(MOB)MOBILE BATES FL,12/14/2009,2110,Flash Flood, , ,0,0,0,0,AL,CST-6, ,36052,C,97,MOB,0,0,Law Enforcement,Heavy Rain, , ,3.46,NW,3.06,NW,(MOB)MOBILE BATES FL,12/14/2009,2225,30.7116,-88.2752,30.7099,-88.275,"Water covered a portion of Tanner Williams Road just east of Snow Road.","Slow moving thunderstorms produced heavy rains that caused widespread flooding in portions of south central and southwest Alabama.  Flooding from area rivers and small streams produced the most widespread flooding in portions of Escambia County, Alabama in the Atmore, Flomaton and Brewton areas.  The Federal Emergency Management Agency places the estimates for flood damage to property near 5.9 million U.S. Dollars in Escambia County, Alabama for this episode.",311
209040,MOBILE CO.,SARALAND,12/14/2009,2210,Flash Flood, , ,0,0,0,0,AL,CST-6, ,36052,C,97,MOB,0,0,Law Enforcement,Heavy Rain, , ,1.71,W,1.46,WSW,SARALAND,12/15/2009,215,30.8158,-88.0983,30.8131,-88.094,"Saraland Police Department Dispatch reported that Scott Drive in the western portion of Saraland was closed due to water covering the road.","Slow moving thunderstorms produced heavy rains that caused widespread flooding in portions of south central and southwest Alabama.  Flooding from area rivers and small streams produced the most widespread flooding in portions of Escambia County, Alabama in the Atmore, Flomaton and Brewton areas.  The Federal Emergency Management Agency places the estimates for flood damage to property near 5.9 million U.S. Dollars in Escambia County, Alabama for this episode.",312
208855,BALDWIN CO.,PERDIDO,12/15/2009,1955,Flash Flood, , ,0,0,0,0,AL,CST-6, ,36052,C,3,MOB,0,0,Law Enforcement,Heavy Rain, , ,2.4,WNW,1.01,W,PERDIDO,12/15/2009,2055,31.0318,-87.6682,31.0209,-87.6647,"Heavy rains causes County Road 47 to be closed at Interstate 65 due to high water.","Slow moving thunderstorms produced heavy rains that caused widespread flooding in portions of south central and southwest Alabama.  Flooding from area rivers and small streams produced the most widespread flooding in portions of Escambia County, Alabama in the Atmore, Flomaton and Brewton areas.  The Federal Emergency Management Agency places the estimates for flood damage to property near 5.9 million U.S. Dollars in Escambia County, Alabama for this episode.",313
208709,LAMAR CO.,VERNON,12/24/2009,1945,Flash Flood, , ,0,0,5000,0,AL,CST-6, ,36040,C,75,BMX,0,0,Emergency Manager,Heavy Rain, , ,0.54,E,0.03,ENE,VERNON,12/24/2009,2130,33.7502,-88.1105,33.7558,-88.1086,"Several inches of water was flowing across a portion of AL-18, in the city of Vernon.","A strengthening low pressure system and associated cold front caused gusty winds across Central Alabama on Christmas Eve. Rain and isolated thunderstorms with the same system also led to isolated flash flooding.",314
213765,MOBILE CO.,DAWES,01/20/2010,2050,Flash Flood, , ,0,0,0,0,AL,CST-6, ,36770,C,97,MOB,0,0,NWS Employee,Heavy Rain, , ,2.81,N,2.81,N,DAWES,01/20/2010,2150,30.6407,-88.2496,30.6396,-88.2494,"Off duty National Weather Service employee reports water flowing across Cottage Hill Road at Dawes Road approximately 3 miles south of Mobile Regional Airport.","On the evening of January 20th, a warm front was moving slowly northeast off the Gulf of Mexico with a moist unstable air-mass moving slowly inland across the central Gulf Coast region.  A series of slow moving thunderstorms repeatedly moved across the deeply saturated grounds of southwest Alabama, producing numerous reports of flooding and flash flooding across the region.  Prior to this event, southwest Alabama was experiencing it's wettest winter season on record.",315
213776,MOBILE CO.,SPRING HILL,01/20/2010,2100,Flash Flood, , ,0,0,0,0,AL,CST-6, ,36770,C,97,MOB,0,0,Law Enforcement,Heavy Rain, , ,1.66,SSE,1.84,N,COTTAGE HILL,01/20/2010,2200,30.6771,-88.142,30.6648,-88.1474,"Mobile Police reports numerous streets around the Montlimar Drive and Downtowner Boulevard areas just west of Interstate 65 in Mobile have high water covering the roadway.","On the evening of January 20th, a warm front was moving slowly northeast off the Gulf of Mexico with a moist unstable air-mass moving slowly inland across the central Gulf Coast region.  A series of slow moving thunderstorms repeatedly moved across the deeply saturated grounds of southwest Alabama, producing numerous reports of flooding and flash flooding across the region.  Prior to this event, southwest Alabama was experiencing it's wettest winter season on record.",316
213772,MOBILE CO.,MERTZ,01/20/2010,2100,Flash Flood, , ,0,0,0,0,AL,CST-6, ,36770,C,97,MOB,0,0,Law Enforcement,Heavy Rain, , ,1.26,E,1.32,E,MERTZ,01/20/2010,2200,30.6731,-88.059,30.6724,-88.059,"Cars reported stalled due to high water covering the roadway at the intersection of Virginia Street and Gayle Street in Mobile.","On the evening of January 20th, a warm front was moving slowly northeast off the Gulf of Mexico with a moist unstable air-mass moving slowly inland across the central Gulf Coast region.  A series of slow moving thunderstorms repeatedly moved across the deeply saturated grounds of southwest Alabama, producing numerous reports of flooding and flash flooding across the region.  Prior to this event, southwest Alabama was experiencing it's wettest winter season on record.",317
213771,MOBILE CO.,MOBILE AEROSPACE ARP,01/20/2010,2100,Flash Flood, , ,0,0,0,0,AL,CST-6, ,36770,C,97,MOB,0,0,Law Enforcement,Heavy Rain, , ,1.51,SSW,1.51,SSW,MOBILE AEROSPACE ARP,01/20/2010,2200,30.6086,-88.0751,30.6065,-88.0759,"Several automobiles were stalled due to high water covering Dauphin Island Parkway adjacent to Ben C. Rain High School in Mobile.","On the evening of January 20th, a warm front was moving slowly northeast off the Gulf of Mexico with a moist unstable air-mass moving slowly inland across the central Gulf Coast region.  A series of slow moving thunderstorms repeatedly moved across the deeply saturated grounds of southwest Alabama, producing numerous reports of flooding and flash flooding across the region.  Prior to this event, southwest Alabama was experiencing it's wettest winter season on record.",318
213768,MOBILE CO.,DAWES,01/20/2010,2100,Flash Flood, , ,0,0,0,0,AL,CST-6, ,36770,C,97,MOB,0,0,Law Enforcement,Heavy Rain, , ,2.43,E,2.62,E,DAWES,01/20/2010,2200,30.6032,-88.2093,30.5998,-88.2088,"Mobile 911 reported Sollie Road in West Mobile was closed due to water covering the roadway.","On the evening of January 20th, a warm front was moving slowly northeast off the Gulf of Mexico with a moist unstable air-mass moving slowly inland across the central Gulf Coast region.  A series of slow moving thunderstorms repeatedly moved across the deeply saturated grounds of southwest Alabama, producing numerous reports of flooding and flash flooding across the region.  Prior to this event, southwest Alabama was experiencing it's wettest winter season on record.",319
213789,MOBILE CO.,SEVEN HILLS,01/20/2010,2100,Flash Flood, , ,0,0,0,0,AL,CST-6, ,36770,C,97,MOB,0,0,County Official,Heavy Rain, , ,1.11,W,0.8,W,SEVEN HILLS,01/20/2010,2200,30.6514,-88.3186,30.6487,-88.3197,"Water was flowing over Airport Boulevard one mile west of Johnson Road.  Water depth was reported to be 6 inches.","On the evening of January 20th, a warm front was moving slowly northeast off the Gulf of Mexico with a moist unstable air-mass moving slowly inland across the central Gulf Coast region.  A series of slow moving thunderstorms repeatedly moved across the deeply saturated grounds of southwest Alabama, producing numerous reports of flooding and flash flooding across the region.  Prior to this event, southwest Alabama was experiencing it's wettest winter season on record.",320
213786,MOBILE CO.,THEODORE,01/20/2010,2100,Flash Flood, , ,0,0,0,0,AL,CST-6, ,36770,C,97,MOB,0,0,Law Enforcement,Heavy Rain, , ,2.6,WNW,2.58,WNW,THEODORE,01/20/2010,2200,30.5632,-88.2109,30.5627,-88.2108,"Mobile Police reported a vehicle stalled due to high water covering the road on Mamount Boulevard at Strudwick Court just west of the Mobile Greyhound Park.","On the evening of January 20th, a warm front was moving slowly northeast off the Gulf of Mexico with a moist unstable air-mass moving slowly inland across the central Gulf Coast region.  A series of slow moving thunderstorms repeatedly moved across the deeply saturated grounds of southwest Alabama, producing numerous reports of flooding and flash flooding across the region.  Prior to this event, southwest Alabama was experiencing it's wettest winter season on record.",321
213787,MOBILE CO.,SEVEN HILLS,01/20/2010,2100,Flash Flood, , ,0,0,0,0,AL,CST-6, ,36770,C,97,MOB,0,0,County Official,Heavy Rain, , ,2,WSW,1.92,WSW,SEVEN HILLS,01/20/2010,2210,30.6354,-88.3291,30.6345,-88.3296,"Water was flowing over Newman Road just south of Airport Boulevard.  Water depth was reported to be about 6 inches.","On the evening of January 20th, a warm front was moving slowly northeast off the Gulf of Mexico with a moist unstable air-mass moving slowly inland across the central Gulf Coast region.  A series of slow moving thunderstorms repeatedly moved across the deeply saturated grounds of southwest Alabama, producing numerous reports of flooding and flash flooding across the region.  Prior to this event, southwest Alabama was experiencing it's wettest winter season on record.",322
213784,MOBILE CO.,FOREST HILL,01/20/2010,2100,Flash Flood, , ,0,0,0,0,AL,CST-6, ,36770,C,97,MOB,0,0,Law Enforcement,Heavy Rain, , ,1.61,S,1.74,S,FOREST HILL,01/20/2010,2200,30.697,-88.1151,30.6962,-88.1151,"Mobile Police Department reported several vehicles stalled due to high water covering the roadway on Old Shell Road at North Sage Avenue, and on Old Shell Road at Union Avenue in Mobile.","On the evening of January 20th, a warm front was moving slowly northeast off the Gulf of Mexico with a moist unstable air-mass moving slowly inland across the central Gulf Coast region.  A series of slow moving thunderstorms repeatedly moved across the deeply saturated grounds of southwest Alabama, producing numerous reports of flooding and flash flooding across the region.  Prior to this event, southwest Alabama was experiencing it's wettest winter season on record.",323
210763,CULLMAN CO.,WHITE CITY,01/24/2010,636,Flash Flood, , ,0,0,0,0,AL,CST-6, ,36369,C,43,HUN,0,0,Law Enforcement,Heavy Rain, , ,1.34,WSW,0.8,ESE,BERLIN,01/24/2010,1000,34.09,-86.79,34.1792,-86.7476,"Two to three inches of rainfall caused flash flooding west of Berlin and east of Bolte.|Roads impacted included: CR 616, Highway 31, and Highway 278.","Heavy rainfall of 1 to 3 inches in advance of a warm front produced flash flooding on the 24th in Marshall and Cullman Counties.",324
213113,CALHOUN CO.,OHATCHEE,01/24/2010,945,Flash Flood, , ,0,0,10000,0,AL,CST-6, ,36711,C,15,BMX,0,0,Emergency Manager,Heavy Rain, , ,2.13,NW,0.79,WNW,MIDDLETON,01/24/2010,1400,33.8048,-86.0219,33.7857,-86.0528,"As many as 6 roads in and around the city of Ohatchee were closed due to water flowing over them.  Rock Springs had 2 to 3 feet of flowing water, and Horse Bend Road had 1 to 1.5 feet of flowing water.","A cold front pushing through the region caused rain and thunderstorms across Central Alabama.  A few of the storms produced large hail and damaging winds, as well as locally heavy rainfall that led to flooding.",325
213102,CHILTON CO.,CLANTON GRAGG ARPT,01/24/2010,1000,Flash Flood, , ,0,0,5000,0,AL,CST-6, ,36711,C,21,BMX,0,0,NWS Employee,Heavy Rain, , ,0.87,WSW,0.66,NNW,CLANTON,01/24/2010,1200,32.8462,-86.6342,32.8375,-86.6531,"Rainfall of 5.3 inches in a short time caused water to enter at least one house and flood it up to 2 inches.","A cold front pushing through the region caused rain and thunderstorms across Central Alabama.  A few of the storms produced large hail and damaging winds, as well as locally heavy rainfall that led to flooding.",326
210766,MARSHALL CO.,ROCKY RIDGE,01/24/2010,1030,Flash Flood, , ,0,0,0,0,AL,CST-6, ,36369,C,95,HUN,0,0,Emergency Manager,Heavy Rain, , ,0.96,E,2.29,SE,ROCKY RIDGE,01/24/2010,1245,34.5997,-86.2631,34.5832,-86.2544,"Two to three inches of rainfall caused flood water of up to one foot on Thomas Lane east of Rocky Ridge. Six inches of flood water was also reported over Thomas Road.","Heavy rainfall of 1 to 3 inches in advance of a warm front produced flash flooding on the 24th in Marshall and Cullman Counties.",327
213103,RANDOLPH CO.,WEDOWEE,01/24/2010,1330,Flash Flood, , ,0,0,25000,0,AL,CST-6, ,36711,C,111,BMX,0,0,Emergency Manager,Heavy Rain, , ,1.98,NNW,1.3,W,WEDOWEE,01/24/2010,1800,33.325,-85.487,33.3045,-85.498,"Widespread flooding was reported around the city of Wedowee, and several roads had to be closed for several hours due to high water.","A cold front pushing through the region caused rain and thunderstorms across Central Alabama.  A few of the storms produced large hail and damaging winds, as well as locally heavy rainfall that led to flooding.",328
216618,CHOCTAW CO.,BUTLER,02/04/2010,2130,Flash Flood, , ,0,0,0,0,AL,CST-6, ,37244,C,23,MOB,0,0,Emergency Manager,Heavy Rain, , ,0,N,0.57,ENE,BUTLER,02/04/2010,2230,32.08,-88.22,32.082,-88.216,"Rainfall amounts in excess of 4 inches caused widespread street flooding in Butler.","Rainfall amounts in excess of 4 inches in less than an hour caused widespread street flooding in Choctaw county.",329
222360,SHELBY CO.,ACTON,03/10/2010,428,Flash Flood, , ,0,0,20000,0,AL,CST-6, ,38228,C,117,BMX,0,0,Law Enforcement,Heavy Rain, , ,1.99,SE,2.14,SE,ACTON,03/10/2010,1030,33.3307,-86.7945,33.3295,-86.8012,"A period of heavy rain caused Bishop Creek to come out of its banks, and the water came up to the bottom of a few vehicles in the area.  Flash flooding in the area later transitioned to long term areal flooding due to additional rainfall.","A slow moving storm system caused a prolonged period of rainfall across a large part of Central Alabama.  Showers and thunderstorms with moderate to heavy rain repeatedly developed and moved over the same areas, causing flash flooding, which transitioned into areal (and later, river) flooding.  The greatest storm total rainfall, which started late on March 9 and lasted until March 11, stretched across Shelby into Talladega County, where 6 to 8 inches of rain was reported.  Three to 6 inches of rainfall was common across other portions of Central Alabama, especially the northern half.",330
222365,TALLADEGA CO.,KAHATCHEE,03/10/2010,745,Flash Flood, , ,0,0,5000,0,AL,CST-6, ,38228,C,121,BMX,0,0,Law Enforcement,Heavy Rain, , ,2.34,SW,1.78,SW,KAHATCHEE,03/10/2010,1030,33.196,-86.4486,33.1931,-86.4576,"Six inches of water was flowing over McGowans Ferry Road near the Fayetteville community.","A slow moving storm system caused a prolonged period of rainfall across a large part of Central Alabama.  Showers and thunderstorms with moderate to heavy rain repeatedly developed and moved over the same areas, causing flash flooding, which transitioned into areal (and later, river) flooding.  The greatest storm total rainfall, which started late on March 9 and lasted until March 11, stretched across Shelby into Talladega County, where 6 to 8 inches of rain was reported.  Three to 6 inches of rainfall was common across other portions of Central Alabama, especially the northern half.",331
222372,SHELBY CO.,PELHAM,03/10/2010,2100,Flash Flood, , ,0,0,50000,0,AL,CST-6, ,38228,C,117,BMX,0,0,Fire Department/Rescue,Heavy Rain, , ,1.16,N,0.31,NE,PELHAM,03/10/2010,2200,33.2968,-86.8203,33.303,-86.7999,"After briefly letting up for a short time, another burst of heavy rainfall caused flash flooding in the city of Pelham.  Several people had to be rescued from flooded townhomes.","A slow moving storm system caused a prolonged period of rainfall across a large part of Central Alabama.  Showers and thunderstorms with moderate to heavy rain repeatedly developed and moved over the same areas, causing flash flooding, which transitioned into areal (and later, river) flooding.  The greatest storm total rainfall, which started late on March 9 and lasted until March 11, stretched across Shelby into Talladega County, where 6 to 8 inches of rain was reported.  Three to 6 inches of rainfall was common across other portions of Central Alabama, especially the northern half.",332
228135,JEFFERSON CO.,CENTER PT,04/24/2010,1430,Flash Flood, , ,0,0,5000,0,AL,CST-6, ,38821,C,73,BMX,0,0,Emergency Manager,Heavy Rain, , ,0.33,N,0.33,NNW,CENTER PT,04/24/2010,1600,33.6347,-86.6797,33.6331,-86.6812,"A portion of Polly Reed Road, in Centerpoint, was temporarily closed due to water flowing over the roadway.","A deepening storm system and associated cold front brought widespread severe thunderstorms, including at least 8 tornadoes, to central Alabama.",333
228139,MARION CO.,HAMILTON ARPT,04/24/2010,1503,Flash Flood, , ,0,0,5000,0,AL,CST-6, ,38821,C,93,BMX,0,0,Emergency Manager,Heavy Rain, , ,1.12,NNW,0.94,NNW,HAMILTON ARPT,04/24/2010,1630,34.1446,-88.0083,34.1447,-88.0114,"Riverside Drive, in the west side of the city of Hamilton, became temporarily impassable due to flooding.","A deepening storm system and associated cold front brought widespread severe thunderstorms, including at least 8 tornadoes, to central Alabama.",334
228143,LAMAR CO.,CREWS,04/24/2010,1545,Flash Flood, , ,0,0,10000,0,AL,CST-6, ,38821,C,75,BMX,0,0,Emergency Manager,Heavy Rain, , ,2.55,NNW,0.9,NW,CREWS,04/24/2010,1900,33.9351,-88.144,33.9314,-88.166,"Portions of AL-17 and River Road, in the city of Sulligent, had to be temporarily closed due to flash flooding.","A deepening storm system and associated cold front brought widespread severe thunderstorms, including at least 8 tornadoes, to central Alabama.",335
228148,WINSTON CO.,HALEYVILLE,04/24/2010,1600,Flash Flood, , ,0,0,5000,0,AL,CST-6, ,38821,C,133,BMX,0,0,Law Enforcement,Heavy Rain, , ,0.32,NW,0.65,NNW,HALEYVILLE,04/24/2010,1700,34.2328,-87.6244,34.2357,-87.6238,"A portion of AL-13 near Dime Road, in the city of Haleyville, had to be temporarily closed due to flash flooding.","A deepening storm system and associated cold front brought widespread severe thunderstorms, including at least 8 tornadoes, to central Alabama.",336
230397,CULLMAN CO.,MIDWAY,04/24/2010,2200,Flash Flood, , ,0,0,0,0,AL,CST-6, ,39643,C,43,HUN,0,0,Emergency Manager,Heavy Rain, , ,0.94,S,0.94,S,MIDWAY,04/24/2010,2330,34.1065,-86.7982,34.1043,-86.7982,"On County Road 678, an area approximately 20 feet deep and 40 feet wide was washed away. Natural gas lines, water mains, and phone lines were destroyed in the area.","Multiple reports of thunderstorm wind damage, large hail and flash flooding were part of a larger regional severe weather/tornado outbreak across the lower Mississippi and Tennessee Valleys.  Four damaging tornadoes tore tracks through north central and northeast Alabama during the evening and overnight hours of the 24th. ||Synoptic overview...",337
230390,DEKALB CO.,CHAVIES,04/24/2010,2315,Flash Flood, , ,0,0,0,0,AL,CST-6, ,39643,C,49,HUN,0,0,Emergency Manager,Heavy Rain, , ,0.9,NE,1.25,NNE,CHAVIES,04/25/2010,115,34.48,-85.82,34.483,-85.8225,"Flash flooding reported on Highway 35 between Rainsville and Fort Payne.","Multiple reports of thunderstorm wind damage, large hail and flash flooding were part of a larger regional severe weather/tornado outbreak across the lower Mississippi and Tennessee Valleys.  Four damaging tornadoes tore tracks through north central and northeast Alabama during the evening and overnight hours of the 24th. ||Synoptic overview...",338
231223,LAUDERDALE CO.,WRIGHT,05/01/2010,1505,Flash Flood, , ,0,0,5000,0,AL,CST-6, ,39791,C,77,HUN,0,0,Fire Department/Rescue,Heavy Rain, , ,2.35,ESE,2.09,SE,WRIGHT,05/01/2010,1705,34.9011,-87.9456,34.8897,-87.9528,"Volunteer Fire Department Station #2 was flooded from heavy rainfall.","In Lauderdale and Colbert counties in northwestern AL, strong to severe thunderstorms developed ahead of an approaching cold front during the early afternoon hours on May 1st.  Large hail, very heavy rainfall, and damaging winds were produced by storms that became severe.  Two to four inches of rainfall produced flash flooding in the Waterloo area.  A few funnel clouds were also reported.",339
233970,LAUDERDALE CO.,WATERLOO,05/02/2010,1308,Flash Flood, , ,0,0,1000,0,AL,CST-6, ,40224,C,77,HUN,0,0,Emergency Manager,Heavy Rain, , ,3.86,N,3.85,N,WATERLOO,05/02/2010,1708,34.9753,-88.0799,34.9558,-88.0776,"Portions of County Road 14 were reported impassable due to flooding, particularly near Threets park.","A slow moving frontal boundary pushed into a moist and unstable air mass during the  afternoon hours on the 2nd.  This produced numerous showers and thunderstorms resulting in 2 to 5 inch rainfall accumulations through 2 or 3 in the morning on the 3rd across northern Alabama. ||Northwestern Alabama was hit the hardest, enduring a second round of flash flooding since the afternoon of May 1st.  As a result of this rainfall and runoff from heavy rainfall further north, local streams and creeks added to flooding concerns through May the 3rd.  In fact Shoal Creek in Lauderdale county reached a record flood stage of 23.12 feet around 2 am on May 3rd as a result of the heavy rainfall and additional runoff upstream.  Numerous other rivers and streams rose above flood stage including:  Big Will's Creek in northeast AL, Indian Creek in Madison County, and the Tennessee River at Florence.",340
233971,LAUDERDALE CO.,WATERLOO,05/02/2010,1308,Flash Flood, , ,0,0,0,0,AL,CST-6, ,40224,C,77,HUN,0,0,Emergency Manager,Heavy Rain, , ,3.33,NE,3.38,NE,WATERLOO,05/02/2010,1708,34.9568,-88.0319,34.9508,-88.0324,"Portions of CR 90 in Waterloo were reported impassable due to flooding.","A slow moving frontal boundary pushed into a moist and unstable air mass during the  afternoon hours on the 2nd.  This produced numerous showers and thunderstorms resulting in 2 to 5 inch rainfall accumulations through 2 or 3 in the morning on the 3rd across northern Alabama. ||Northwestern Alabama was hit the hardest, enduring a second round of flash flooding since the afternoon of May 1st.  As a result of this rainfall and runoff from heavy rainfall further north, local streams and creeks added to flooding concerns through May the 3rd.  In fact Shoal Creek in Lauderdale county reached a record flood stage of 23.12 feet around 2 am on May 3rd as a result of the heavy rainfall and additional runoff upstream.  Numerous other rivers and streams rose above flood stage including:  Big Will's Creek in northeast AL, Indian Creek in Madison County, and the Tennessee River at Florence.",341
236583,MADISON CO.,SULPHUR SPGS,05/02/2010,1500,Flash Flood, , ,0,0,0,0,AL,CST-6, ,40224,C,89,HUN,0,0,Emergency Manager,Heavy Rain, , ,1.01,W,0.8,SW,SULPHUR SPGS,05/02/2010,1501,34.9176,-86.5377,34.9092,-86.5356,"The 400 block of Narrow Lane was flooded.","A slow moving frontal boundary pushed into a moist and unstable air mass during the  afternoon hours on the 2nd.  This produced numerous showers and thunderstorms resulting in 2 to 5 inch rainfall accumulations through 2 or 3 in the morning on the 3rd across northern Alabama. ||Northwestern Alabama was hit the hardest, enduring a second round of flash flooding since the afternoon of May 1st.  As a result of this rainfall and runoff from heavy rainfall further north, local streams and creeks added to flooding concerns through May the 3rd.  In fact Shoal Creek in Lauderdale county reached a record flood stage of 23.12 feet around 2 am on May 3rd as a result of the heavy rainfall and additional runoff upstream.  Numerous other rivers and streams rose above flood stage including:  Big Will's Creek in northeast AL, Indian Creek in Madison County, and the Tennessee River at Florence.",342
236588,MADISON CO.,NORMAL,05/02/2010,1500,Flash Flood, , ,0,0,10000,0,AL,CST-6, ,40224,C,89,HUN,0,0,Emergency Manager,Heavy Rain, , ,1.95,S,1.92,S,NORMAL,05/02/2010,1501,34.7523,-86.5862,34.7513,-86.5862,"A home on Swanson Drive was reported flooded.","A slow moving frontal boundary pushed into a moist and unstable air mass during the  afternoon hours on the 2nd.  This produced numerous showers and thunderstorms resulting in 2 to 5 inch rainfall accumulations through 2 or 3 in the morning on the 3rd across northern Alabama. ||Northwestern Alabama was hit the hardest, enduring a second round of flash flooding since the afternoon of May 1st.  As a result of this rainfall and runoff from heavy rainfall further north, local streams and creeks added to flooding concerns through May the 3rd.  In fact Shoal Creek in Lauderdale county reached a record flood stage of 23.12 feet around 2 am on May 3rd as a result of the heavy rainfall and additional runoff upstream.  Numerous other rivers and streams rose above flood stage including:  Big Will's Creek in northeast AL, Indian Creek in Madison County, and the Tennessee River at Florence.",343
236041,LAMAR CO.,VERNON,05/02/2010,1915,Flash Flood, , ,0,0,0,0,AL,CST-6, ,40163,C,75,BMX,0,0,Emergency Manager,Heavy Rain, , ,0.91,NE,0.88,NE,VERNON,05/02/2010,2030,33.7593,-88.1087,33.7538,-88.1167,"One foot of water was reported flowing over portions of AL-17 and AL-18, in the city of Vernon.","A slow moving cold front brought numerous thunderstorms to Central Alabama, some of which produced large hail and damaging winds.",344
233973,LAUDERDALE CO.,ARKDELL,05/02/2010,2020,Flash Flood, , ,0,0,0,0,AL,CST-6, ,40224,C,77,HUN,0,0,Emergency Manager,Heavy Rain, , ,2.01,N,2.19,SW,HUSTONTOWN,05/02/2010,2150,34.9991,-87.4223,34.8163,-87.4447,"Several county roads were reported closed due to high water across eastern Lauderdale county.","A slow moving frontal boundary pushed into a moist and unstable air mass during the  afternoon hours on the 2nd.  This produced numerous showers and thunderstorms resulting in 2 to 5 inch rainfall accumulations through 2 or 3 in the morning on the 3rd across northern Alabama. ||Northwestern Alabama was hit the hardest, enduring a second round of flash flooding since the afternoon of May 1st.  As a result of this rainfall and runoff from heavy rainfall further north, local streams and creeks added to flooding concerns through May the 3rd.  In fact Shoal Creek in Lauderdale county reached a record flood stage of 23.12 feet around 2 am on May 3rd as a result of the heavy rainfall and additional runoff upstream.  Numerous other rivers and streams rose above flood stage including:  Big Will's Creek in northeast AL, Indian Creek in Madison County, and the Tennessee River at Florence.",345
234330,LIMESTONE CO.,O NEAL,05/02/2010,2103,Flash Flood, , ,0,0,0,0,AL,CST-6, ,40224,C,83,HUN,0,0,Amateur Radio,Heavy Rain, , ,2.12,SSW,2.03,N,BLACKBURN,05/02/2010,2233,34.8209,-87.0418,34.8065,-87.0436,"Glaze road between Quinn and Newcutt roads in Athens was reported flooded.","A slow moving frontal boundary pushed into a moist and unstable air mass during the  afternoon hours on the 2nd.  This produced numerous showers and thunderstorms resulting in 2 to 5 inch rainfall accumulations through 2 or 3 in the morning on the 3rd across northern Alabama. ||Northwestern Alabama was hit the hardest, enduring a second round of flash flooding since the afternoon of May 1st.  As a result of this rainfall and runoff from heavy rainfall further north, local streams and creeks added to flooding concerns through May the 3rd.  In fact Shoal Creek in Lauderdale county reached a record flood stage of 23.12 feet around 2 am on May 3rd as a result of the heavy rainfall and additional runoff upstream.  Numerous other rivers and streams rose above flood stage including:  Big Will's Creek in northeast AL, Indian Creek in Madison County, and the Tennessee River at Florence.",346
234331,MORGAN CO.,AUSTINVILLE,05/02/2010,2104,Flash Flood, , ,0,0,0,0,AL,CST-6, ,40224,C,103,HUN,0,0,Emergency Manager,Heavy Rain, , ,0.73,NNW,0.65,NW,AUSTINVILLE,05/02/2010,2235,34.579,-87.0068,34.5775,-87.0069,"A house was reported flooded on Danville road.  Exact location was estimated.","A slow moving frontal boundary pushed into a moist and unstable air mass during the  afternoon hours on the 2nd.  This produced numerous showers and thunderstorms resulting in 2 to 5 inch rainfall accumulations through 2 or 3 in the morning on the 3rd across northern Alabama. ||Northwestern Alabama was hit the hardest, enduring a second round of flash flooding since the afternoon of May 1st.  As a result of this rainfall and runoff from heavy rainfall further north, local streams and creeks added to flooding concerns through May the 3rd.  In fact Shoal Creek in Lauderdale county reached a record flood stage of 23.12 feet around 2 am on May 3rd as a result of the heavy rainfall and additional runoff upstream.  Numerous other rivers and streams rose above flood stage including:  Big Will's Creek in northeast AL, Indian Creek in Madison County, and the Tennessee River at Florence.",347
234332,MORGAN CO.,OAK RIDGE,05/02/2010,2128,Flash Flood, , ,0,0,0,0,AL,CST-6, ,40224,C,103,HUN,0,0,Amateur Radio,Heavy Rain, , ,1.7,S,1.93,S,OAK RIDGE,05/02/2010,2258,34.4553,-86.9995,34.4338,-86.9925,"Main street west of Hartselle was reported impassable due to flooding.  Also, reports were received that US 31 north of hwy 36 was becoming impassable.","A slow moving frontal boundary pushed into a moist and unstable air mass during the  afternoon hours on the 2nd.  This produced numerous showers and thunderstorms resulting in 2 to 5 inch rainfall accumulations through 2 or 3 in the morning on the 3rd across northern Alabama. ||Northwestern Alabama was hit the hardest, enduring a second round of flash flooding since the afternoon of May 1st.  As a result of this rainfall and runoff from heavy rainfall further north, local streams and creeks added to flooding concerns through May the 3rd.  In fact Shoal Creek in Lauderdale county reached a record flood stage of 23.12 feet around 2 am on May 3rd as a result of the heavy rainfall and additional runoff upstream.  Numerous other rivers and streams rose above flood stage including:  Big Will's Creek in northeast AL, Indian Creek in Madison County, and the Tennessee River at Florence.",348
236228,LIMESTONE CO.,GREENBRIER,05/02/2010,2130,Flash Flood, , ,0,0,0,0,AL,CST-6, ,40224,C,83,HUN,0,0,Emergency Manager,Heavy Rain, , ,2.87,E,3.55,ESE,GREENBRIER,05/03/2010,2330,34.662,-86.8004,34.6535,-86.8016,"One foot of water covered Madison Blvd west of County Line Road.","A slow moving frontal boundary pushed into a moist and unstable air mass during the  afternoon hours on the 2nd.  This produced numerous showers and thunderstorms resulting in 2 to 5 inch rainfall accumulations through 2 or 3 in the morning on the 3rd across northern Alabama. ||Northwestern Alabama was hit the hardest, enduring a second round of flash flooding since the afternoon of May 1st.  As a result of this rainfall and runoff from heavy rainfall further north, local streams and creeks added to flooding concerns through May the 3rd.  In fact Shoal Creek in Lauderdale county reached a record flood stage of 23.12 feet around 2 am on May 3rd as a result of the heavy rainfall and additional runoff upstream.  Numerous other rivers and streams rose above flood stage including:  Big Will's Creek in northeast AL, Indian Creek in Madison County, and the Tennessee River at Florence.",349
234742,MORGAN CO.,OAKWORTH,05/02/2010,2134,Flash Flood, , ,0,0,0,0,AL,CST-6, ,40224,C,103,HUN,0,0,Amateur Radio,Heavy Rain, , ,0.67,E,0.82,E,OAKWORTH,05/02/2010,2334,34.5711,-86.9683,34.5695,-86.9673,"The intersection of Country Club road and Apache Lane were reported impassable.","A slow moving frontal boundary pushed into a moist and unstable air mass during the  afternoon hours on the 2nd.  This produced numerous showers and thunderstorms resulting in 2 to 5 inch rainfall accumulations through 2 or 3 in the morning on the 3rd across northern Alabama. ||Northwestern Alabama was hit the hardest, enduring a second round of flash flooding since the afternoon of May 1st.  As a result of this rainfall and runoff from heavy rainfall further north, local streams and creeks added to flooding concerns through May the 3rd.  In fact Shoal Creek in Lauderdale county reached a record flood stage of 23.12 feet around 2 am on May 3rd as a result of the heavy rainfall and additional runoff upstream.  Numerous other rivers and streams rose above flood stage including:  Big Will's Creek in northeast AL, Indian Creek in Madison County, and the Tennessee River at Florence.",350
234399,MORGAN CO.,HARTSELLE,05/02/2010,2134,Flash Flood, , ,0,0,0,0,AL,CST-6, ,40224,C,103,HUN,0,0,Amateur Radio,Heavy Rain, , ,2.83,NNW,2.74,NNW,HARTSELLE,05/02/2010,2204,34.4684,-86.9472,34.4565,-86.9455,"Peach Orchard Road was reported impassable due to flash flooding.","A slow moving frontal boundary pushed into a moist and unstable air mass during the  afternoon hours on the 2nd.  This produced numerous showers and thunderstorms resulting in 2 to 5 inch rainfall accumulations through 2 or 3 in the morning on the 3rd across northern Alabama. ||Northwestern Alabama was hit the hardest, enduring a second round of flash flooding since the afternoon of May 1st.  As a result of this rainfall and runoff from heavy rainfall further north, local streams and creeks added to flooding concerns through May the 3rd.  In fact Shoal Creek in Lauderdale county reached a record flood stage of 23.12 feet around 2 am on May 3rd as a result of the heavy rainfall and additional runoff upstream.  Numerous other rivers and streams rose above flood stage including:  Big Will's Creek in northeast AL, Indian Creek in Madison County, and the Tennessee River at Florence.",351
234401,MORGAN CO.,HARTSELLE ARPT,05/02/2010,2134,Flash Flood, , ,0,0,0,0,AL,CST-6, ,40224,C,103,HUN,0,0,Amateur Radio,Heavy Rain, , ,3.08,W,2.65,W,HARTSELLE ARPT,05/02/2010,2204,34.4083,-86.9831,34.4024,-86.982,"Nance Ford road was reported imapassable due to flooding.","A slow moving frontal boundary pushed into a moist and unstable air mass during the  afternoon hours on the 2nd.  This produced numerous showers and thunderstorms resulting in 2 to 5 inch rainfall accumulations through 2 or 3 in the morning on the 3rd across northern Alabama. ||Northwestern Alabama was hit the hardest, enduring a second round of flash flooding since the afternoon of May 1st.  As a result of this rainfall and runoff from heavy rainfall further north, local streams and creeks added to flooding concerns through May the 3rd.  In fact Shoal Creek in Lauderdale county reached a record flood stage of 23.12 feet around 2 am on May 3rd as a result of the heavy rainfall and additional runoff upstream.  Numerous other rivers and streams rose above flood stage including:  Big Will's Creek in northeast AL, Indian Creek in Madison County, and the Tennessee River at Florence.",352
234750,MADISON CO.,OAKWOOD COLLEGE,05/02/2010,2135,Flash Flood, , ,0,0,0,0,AL,CST-6, ,40224,C,89,HUN,0,0,Amateur Radio,Heavy Rain, , ,1.27,E,1.69,NE,HUNTSVILLE,05/02/2010,2335,34.7474,-86.6078,34.7441,-86.6067,"Portions of Country Club Ave. and North Memorial Parkway were reported impassable due to flooding.","A slow moving frontal boundary pushed into a moist and unstable air mass during the  afternoon hours on the 2nd.  This produced numerous showers and thunderstorms resulting in 2 to 5 inch rainfall accumulations through 2 or 3 in the morning on the 3rd across northern Alabama. ||Northwestern Alabama was hit the hardest, enduring a second round of flash flooding since the afternoon of May 1st.  As a result of this rainfall and runoff from heavy rainfall further north, local streams and creeks added to flooding concerns through May the 3rd.  In fact Shoal Creek in Lauderdale county reached a record flood stage of 23.12 feet around 2 am on May 3rd as a result of the heavy rainfall and additional runoff upstream.  Numerous other rivers and streams rose above flood stage including:  Big Will's Creek in northeast AL, Indian Creek in Madison County, and the Tennessee River at Florence.",353
234780,MADISON CO.,OAKWOOD COLLEGE,05/02/2010,2135,Flash Flood, , ,0,0,0,0,AL,CST-6, ,40224,C,89,HUN,0,0,Emergency Manager,Heavy Rain, , ,0.69,ENE,0.79,ENE,OAKWOOD COLLEGE,05/02/2010,2305,34.7554,-86.6198,34.7521,-86.6198,"Portions of Euclid road and Mallory Ave were reported flooded.","A slow moving frontal boundary pushed into a moist and unstable air mass during the  afternoon hours on the 2nd.  This produced numerous showers and thunderstorms resulting in 2 to 5 inch rainfall accumulations through 2 or 3 in the morning on the 3rd across northern Alabama. ||Northwestern Alabama was hit the hardest, enduring a second round of flash flooding since the afternoon of May 1st.  As a result of this rainfall and runoff from heavy rainfall further north, local streams and creeks added to flooding concerns through May the 3rd.  In fact Shoal Creek in Lauderdale county reached a record flood stage of 23.12 feet around 2 am on May 3rd as a result of the heavy rainfall and additional runoff upstream.  Numerous other rivers and streams rose above flood stage including:  Big Will's Creek in northeast AL, Indian Creek in Madison County, and the Tennessee River at Florence.",354
234754,MADISON CO.,OAKWOOD COLLEGE,05/02/2010,2135,Flash Flood, , ,0,0,30000,0,AL,CST-6, ,40224,C,89,HUN,0,0,Amateur Radio,Heavy Rain, , ,1.63,E,1.84,ENE,HUNTSVILLE,05/02/2010,2305,34.7488,-86.6014,34.7391,-86.6017,"Flash flooding was reported on portions of Arcadia Circle and Cook Ave. On Cook Avenue, the water was reported to be 3 feet deep.  A car was stranded there and the driver required a water rescue to reach safety.","A slow moving frontal boundary pushed into a moist and unstable air mass during the  afternoon hours on the 2nd.  This produced numerous showers and thunderstorms resulting in 2 to 5 inch rainfall accumulations through 2 or 3 in the morning on the 3rd across northern Alabama. ||Northwestern Alabama was hit the hardest, enduring a second round of flash flooding since the afternoon of May 1st.  As a result of this rainfall and runoff from heavy rainfall further north, local streams and creeks added to flooding concerns through May the 3rd.  In fact Shoal Creek in Lauderdale county reached a record flood stage of 23.12 feet around 2 am on May 3rd as a result of the heavy rainfall and additional runoff upstream.  Numerous other rivers and streams rose above flood stage including:  Big Will's Creek in northeast AL, Indian Creek in Madison County, and the Tennessee River at Florence.",355
234753,MADISON CO.,SULPHUR SPGS,05/02/2010,2157,Flash Flood, , ,0,0,0,0,AL,CST-6, ,40224,C,89,HUN,0,0,Emergency Manager,Heavy Rain, , ,1.28,SSW,1.19,SSW,SULPHUR SPGS,05/02/2010,2327,34.9038,-86.5309,34.9021,-86.5305,"The intersection of Walker Lane and Shed road were reported impassable due to flooding.","A slow moving frontal boundary pushed into a moist and unstable air mass during the  afternoon hours on the 2nd.  This produced numerous showers and thunderstorms resulting in 2 to 5 inch rainfall accumulations through 2 or 3 in the morning on the 3rd across northern Alabama. ||Northwestern Alabama was hit the hardest, enduring a second round of flash flooding since the afternoon of May 1st.  As a result of this rainfall and runoff from heavy rainfall further north, local streams and creeks added to flooding concerns through May the 3rd.  In fact Shoal Creek in Lauderdale county reached a record flood stage of 23.12 feet around 2 am on May 3rd as a result of the heavy rainfall and additional runoff upstream.  Numerous other rivers and streams rose above flood stage including:  Big Will's Creek in northeast AL, Indian Creek in Madison County, and the Tennessee River at Florence.",356
234751,LIMESTONE CO.,GREENBRIER,05/02/2010,2157,Flash Flood, , ,0,0,0,0,AL,CST-6, ,40224,C,83,HUN,0,0,Emergency Manager,Heavy Rain, , ,3.05,ESE,3.49,ESE,GREENBRIER,05/02/2010,2327,34.6589,-86.7981,34.6566,-86.7982,"One foot of water was reported covering Madison Blvd. west of County Line road.","A slow moving frontal boundary pushed into a moist and unstable air mass during the  afternoon hours on the 2nd.  This produced numerous showers and thunderstorms resulting in 2 to 5 inch rainfall accumulations through 2 or 3 in the morning on the 3rd across northern Alabama. ||Northwestern Alabama was hit the hardest, enduring a second round of flash flooding since the afternoon of May 1st.  As a result of this rainfall and runoff from heavy rainfall further north, local streams and creeks added to flooding concerns through May the 3rd.  In fact Shoal Creek in Lauderdale county reached a record flood stage of 23.12 feet around 2 am on May 3rd as a result of the heavy rainfall and additional runoff upstream.  Numerous other rivers and streams rose above flood stage including:  Big Will's Creek in northeast AL, Indian Creek in Madison County, and the Tennessee River at Florence.",357
234755,CULLMAN CO.,WHITE CITY,05/03/2010,0,Flash Flood, , ,0,0,0,0,AL,CST-6, ,40224,C,43,HUN,0,0,Emergency Manager,Heavy Rain, , ,0.47,SSW,0.41,S,WHITE CITY,05/03/2010,200,34.0935,-86.7723,34.088,-86.7694,"Portions of county roads 617 and 637 were washed away due to flash flooding.","A slow moving frontal boundary pushed into a moist and unstable air mass during the  afternoon hours on the 2nd.  This produced numerous showers and thunderstorms resulting in 2 to 5 inch rainfall accumulations through 2 or 3 in the morning on the 3rd across northern Alabama. ||Northwestern Alabama was hit the hardest, enduring a second round of flash flooding since the afternoon of May 1st.  As a result of this rainfall and runoff from heavy rainfall further north, local streams and creeks added to flooding concerns through May the 3rd.  In fact Shoal Creek in Lauderdale county reached a record flood stage of 23.12 feet around 2 am on May 3rd as a result of the heavy rainfall and additional runoff upstream.  Numerous other rivers and streams rose above flood stage including:  Big Will's Creek in northeast AL, Indian Creek in Madison County, and the Tennessee River at Florence.",358
234764,CULLMAN CO.,GOLD RIDGE,05/03/2010,0,Flash Flood, , ,0,0,0,0,AL,CST-6, ,40224,C,43,HUN,0,0,Emergency Manager,Heavy Rain, , ,0.85,WSW,0.49,SW,GOLD RIDGE,05/03/2010,200,34.2662,-86.7642,34.2623,-86.7638,"Portions of CR 1488 were washed away by flash flooding.","A slow moving frontal boundary pushed into a moist and unstable air mass during the  afternoon hours on the 2nd.  This produced numerous showers and thunderstorms resulting in 2 to 5 inch rainfall accumulations through 2 or 3 in the morning on the 3rd across northern Alabama. ||Northwestern Alabama was hit the hardest, enduring a second round of flash flooding since the afternoon of May 1st.  As a result of this rainfall and runoff from heavy rainfall further north, local streams and creeks added to flooding concerns through May the 3rd.  In fact Shoal Creek in Lauderdale county reached a record flood stage of 23.12 feet around 2 am on May 3rd as a result of the heavy rainfall and additional runoff upstream.  Numerous other rivers and streams rose above flood stage including:  Big Will's Creek in northeast AL, Indian Creek in Madison County, and the Tennessee River at Florence.",359
234761,CULLMAN CO.,CULLMAN,05/03/2010,0,Flash Flood, , ,0,0,0,0,AL,CST-6, ,40224,C,43,HUN,0,0,Emergency Manager,Heavy Rain, , ,2.14,N,2.27,N,CULLMAN,05/03/2010,200,34.2107,-86.8253,34.2081,-86.825,"Portions of CR 1401 were washed away by flash flooding.","A slow moving frontal boundary pushed into a moist and unstable air mass during the  afternoon hours on the 2nd.  This produced numerous showers and thunderstorms resulting in 2 to 5 inch rainfall accumulations through 2 or 3 in the morning on the 3rd across northern Alabama. ||Northwestern Alabama was hit the hardest, enduring a second round of flash flooding since the afternoon of May 1st.  As a result of this rainfall and runoff from heavy rainfall further north, local streams and creeks added to flooding concerns through May the 3rd.  In fact Shoal Creek in Lauderdale county reached a record flood stage of 23.12 feet around 2 am on May 3rd as a result of the heavy rainfall and additional runoff upstream.  Numerous other rivers and streams rose above flood stage including:  Big Will's Creek in northeast AL, Indian Creek in Madison County, and the Tennessee River at Florence.",360
234767,CULLMAN CO.,BROOKLYN,05/03/2010,0,Flash Flood, , ,0,0,0,0,AL,CST-6, ,40224,C,43,HUN,0,0,Emergency Manager,Heavy Rain, , ,0.4,W,0.06,WSW,BROOKLYN,05/03/2010,200,34.2205,-86.6269,34.2169,-86.6282,"Portions of CR 1716 were washed away by flash flooding.","A slow moving frontal boundary pushed into a moist and unstable air mass during the  afternoon hours on the 2nd.  This produced numerous showers and thunderstorms resulting in 2 to 5 inch rainfall accumulations through 2 or 3 in the morning on the 3rd across northern Alabama. ||Northwestern Alabama was hit the hardest, enduring a second round of flash flooding since the afternoon of May 1st.  As a result of this rainfall and runoff from heavy rainfall further north, local streams and creeks added to flooding concerns through May the 3rd.  In fact Shoal Creek in Lauderdale county reached a record flood stage of 23.12 feet around 2 am on May 3rd as a result of the heavy rainfall and additional runoff upstream.  Numerous other rivers and streams rose above flood stage including:  Big Will's Creek in northeast AL, Indian Creek in Madison County, and the Tennessee River at Florence.",361
234765,CULLMAN CO.,BROOKLYN,05/03/2010,0,Flash Flood, , ,0,0,0,0,AL,CST-6, ,40224,C,43,HUN,0,0,Emergency Manager,Heavy Rain, , ,1.42,ESE,1.8,ESE,BROOKLYN,05/03/2010,200,34.2139,-86.5963,34.2095,-86.5973,"Portions of CR 1716 were washed away by flash flooding.","A slow moving frontal boundary pushed into a moist and unstable air mass during the  afternoon hours on the 2nd.  This produced numerous showers and thunderstorms resulting in 2 to 5 inch rainfall accumulations through 2 or 3 in the morning on the 3rd across northern Alabama. ||Northwestern Alabama was hit the hardest, enduring a second round of flash flooding since the afternoon of May 1st.  As a result of this rainfall and runoff from heavy rainfall further north, local streams and creeks added to flooding concerns through May the 3rd.  In fact Shoal Creek in Lauderdale county reached a record flood stage of 23.12 feet around 2 am on May 3rd as a result of the heavy rainfall and additional runoff upstream.  Numerous other rivers and streams rose above flood stage including:  Big Will's Creek in northeast AL, Indian Creek in Madison County, and the Tennessee River at Florence.",362
234763,CULLMAN CO.,GOLD RIDGE,05/03/2010,0,Flash Flood, , ,0,0,0,0,AL,CST-6, ,40224,C,43,HUN,0,0,Emergency Manager,Heavy Rain, , ,1.38,NNW,1.23,NNW,GOLD RIDGE,05/03/2010,200,34.2894,-86.7557,34.2839,-86.7556,"Portions of CR 1492 were washed away by flash flooding.","A slow moving frontal boundary pushed into a moist and unstable air mass during the  afternoon hours on the 2nd.  This produced numerous showers and thunderstorms resulting in 2 to 5 inch rainfall accumulations through 2 or 3 in the morning on the 3rd across northern Alabama. ||Northwestern Alabama was hit the hardest, enduring a second round of flash flooding since the afternoon of May 1st.  As a result of this rainfall and runoff from heavy rainfall further north, local streams and creeks added to flooding concerns through May the 3rd.  In fact Shoal Creek in Lauderdale county reached a record flood stage of 23.12 feet around 2 am on May 3rd as a result of the heavy rainfall and additional runoff upstream.  Numerous other rivers and streams rose above flood stage including:  Big Will's Creek in northeast AL, Indian Creek in Madison County, and the Tennessee River at Florence.",363
234768,CULLMAN CO.,PHELAN,05/03/2010,0,Flash Flood, , ,0,0,0,0,AL,CST-6, ,40224,C,43,HUN,0,0,Emergency Manager,Heavy Rain, , ,0.63,WNW,0.25,W,PHELAN,05/03/2010,200,34.1329,-86.8304,34.13,-86.8306,"Portions of CR 722 were washed away by flash flooding.","A slow moving frontal boundary pushed into a moist and unstable air mass during the  afternoon hours on the 2nd.  This produced numerous showers and thunderstorms resulting in 2 to 5 inch rainfall accumulations through 2 or 3 in the morning on the 3rd across northern Alabama. ||Northwestern Alabama was hit the hardest, enduring a second round of flash flooding since the afternoon of May 1st.  As a result of this rainfall and runoff from heavy rainfall further north, local streams and creeks added to flooding concerns through May the 3rd.  In fact Shoal Creek in Lauderdale county reached a record flood stage of 23.12 feet around 2 am on May 3rd as a result of the heavy rainfall and additional runoff upstream.  Numerous other rivers and streams rose above flood stage including:  Big Will's Creek in northeast AL, Indian Creek in Madison County, and the Tennessee River at Florence.",364
234760,CULLMAN CO.,MT VIEW,05/03/2010,0,Flash Flood, , ,0,0,0,0,AL,CST-6, ,40224,C,43,HUN,0,0,Emergency Manager,Heavy Rain, , ,1.11,SW,0.78,SW,MT VIEW,05/03/2010,200,34.2403,-86.7954,34.2376,-86.7953,"Portions of CR 1425 were washed away by flash flooding.","A slow moving frontal boundary pushed into a moist and unstable air mass during the  afternoon hours on the 2nd.  This produced numerous showers and thunderstorms resulting in 2 to 5 inch rainfall accumulations through 2 or 3 in the morning on the 3rd across northern Alabama. ||Northwestern Alabama was hit the hardest, enduring a second round of flash flooding since the afternoon of May 1st.  As a result of this rainfall and runoff from heavy rainfall further north, local streams and creeks added to flooding concerns through May the 3rd.  In fact Shoal Creek in Lauderdale county reached a record flood stage of 23.12 feet around 2 am on May 3rd as a result of the heavy rainfall and additional runoff upstream.  Numerous other rivers and streams rose above flood stage including:  Big Will's Creek in northeast AL, Indian Creek in Madison County, and the Tennessee River at Florence.",365
234771,JACKSON CO.,STEVENSON ARPT,05/03/2010,100,Flash Flood, , ,0,0,0,0,AL,CST-6, ,40224,C,71,HUN,0,0,Law Enforcement,Heavy Rain, , ,1.33,WSW,1.12,WSW,STEVENSON ARPT,05/03/2010,300,34.8747,-85.8225,34.8724,-85.8215,"Approximately a 50 foot section of Old Mount Carmel road in the Stevenson community was closed due to flooding.","A slow moving frontal boundary pushed into a moist and unstable air mass during the  afternoon hours on the 2nd.  This produced numerous showers and thunderstorms resulting in 2 to 5 inch rainfall accumulations through 2 or 3 in the morning on the 3rd across northern Alabama. ||Northwestern Alabama was hit the hardest, enduring a second round of flash flooding since the afternoon of May 1st.  As a result of this rainfall and runoff from heavy rainfall further north, local streams and creeks added to flooding concerns through May the 3rd.  In fact Shoal Creek in Lauderdale county reached a record flood stage of 23.12 feet around 2 am on May 3rd as a result of the heavy rainfall and additional runoff upstream.  Numerous other rivers and streams rose above flood stage including:  Big Will's Creek in northeast AL, Indian Creek in Madison County, and the Tennessee River at Florence.",366
236078,TALLAPOOSA CO.,GOLDVILLE,05/03/2010,400,Flash Flood, , ,0,0,100000,0,AL,CST-6, ,40163,C,123,BMX,0,0,Emergency Manager,Heavy Rain, , ,0.02,NW,1.37,NW,HACKNEYVILLE,05/03/2010,930,33.0803,-85.7703,33.0986,-85.9543,"A large area of Tallapoosa County experienced flash flooding due to a period of intense rainfall. The hardest hit area was Alexander City, where street flooding was described as serious, and several water rescues had to be performed.  A culvert was washed out on County Road, near US-280 on the west side of Alexander City.  Water rescues were also needed in the Hackneyville area, and Dutch Bend Road near the New Site community also became flooded.","A slow moving cold front brought numerous thunderstorms to Central Alabama, some of which produced large hail and damaging winds.",367
236065,CLAY CO.,BLUFF SPGS,05/03/2010,430,Flash Flood, , ,0,0,0,0,AL,CST-6, ,40163,C,27,BMX,0,0,Amateur Radio,Heavy Rain, , ,0.47,SSE,1.14,S,BLUFF SPGS,05/03/2010,830,33.1639,-85.8265,33.1638,-85.8314,"Severe flooding was reported on CR-35, in the Bluff Springs community.","A slow moving cold front brought numerous thunderstorms to Central Alabama, some of which produced large hail and damaging winds.",368
229617,ESCAMBIA CO.,ATMORE,05/03/2010,800,Flash Flood, , ,0,0,0,0,AL,CST-6, ,39515,C,53,MOB,0,0,Emergency Manager,Heavy Rain, , ,0,N,0.61,SSE,ATMORE,05/03/2010,900,31.03,-87.5,31.0236,-87.4972,"Heavy rain caused flash flooding which resulted in numerous roads being closed due to high water.","Heavy rain caused flooding in southwest Alabama.",369
236082,RUSSELL CO.,HURTSBORO,05/03/2010,830,Flash Flood, , ,0,0,10000,0,AL,CST-6, ,40163,C,113,BMX,0,0,Insurance Company,Heavy Rain, , ,1.41,WSW,0.75,WSW,HURTSBORO,05/03/2010,1000,32.2438,-85.423,32.2386,-85.422,"Flooding was reported on Main Street, and on Railroad Street, in the city of Hurtsboro.  Water was well over 6 inches deep, and rose up to the door of the police station.","A slow moving cold front brought numerous thunderstorms to Central Alabama, some of which produced large hail and damaging winds.",370
229623,BALDWIN CO.,GASQUE,05/16/2010,800,Flash Flood, , ,0,0,0,0,AL,CST-6, ,39516,C,3,MOB,0,0,Law Enforcement,Heavy Rain, , ,2.41,E,2.76,E,GASQUE,05/16/2010,900,30.2475,-87.7797,30.2463,-87.7784,"Heavy rain caused Fort Morgan to covered by water in several spots.","Heavy rain caused flooding in southwest Alabama.",371
229622,BALDWIN CO.,GASQUE,05/16/2010,1410,Flash Flood, , ,0,0,0,0,AL,CST-6, ,39516,C,3,MOB,0,0,Law Enforcement,Heavy Rain, , ,2.41,E,2.76,E,GASQUE,05/16/2010,1510,30.2475,-87.7797,30.2463,-87.7784,"Heavy rain caused Fort Morgan to covered by water in several spots.","Heavy rain caused flooding in southwest Alabama.",372
236103,TUSCALOOSA CO.,RIVER VIEW,05/20/2010,1630,Flash Flood, , ,0,0,0,0,AL,CST-6, ,40570,C,125,BMX,0,0,Broadcast Media,Heavy Rain, , ,2.03,SE,2,NNE,TAYLORVILLE,05/20/2010,1900,33.1972,-87.5278,33.1838,-87.5261,"Water was reported flowing over the bridge in the Brookhaven area of Tuscaloosa, just off of US-82.  Eight inches of water was reported in the University Mall area, near the intersection of US-82 and 15th Street.","An upper level disturbance and associated surface frontal system, moving across the Ohio and Tennessee Valleys, caused numerous thunderstorms across Central Alabama over a two day period.  Many of the storms produced damaging winds, large hail, and locally heavy rainfall.",373
236161,MARION CO.,BARNESVILLE,05/21/2010,700,Flash Flood, , ,0,0,0,0,AL,CST-6, ,40570,C,93,BMX,0,0,Law Enforcement,Heavy Rain, , ,4.82,NNE,4.88,WNW,PLEASANT RIDGE,05/21/2010,800,34.1973,-88.0579,34.1962,-88.0534,"A portion of CR-122, north of Hamilton, experienced a short period of flash flooding.","An upper level disturbance and associated surface frontal system, moving across the Ohio and Tennessee Valleys, caused numerous thunderstorms across Central Alabama over a two day period.  Many of the storms produced damaging winds, large hail, and locally heavy rainfall.",374
236167,JEFFERSON CO.,MIDFIELD,05/21/2010,900,Flash Flood, , ,0,0,20000,0,AL,CST-6, ,40570,C,73,BMX,0,0,Emergency Manager,Heavy Rain, , ,0.42,SSE,0.55,N,GREENWOOD,05/21/2010,1200,33.4442,-86.9177,33.3444,-86.9293,"Several areas in the southwestern suburbs of Birmingham became flooded due to heavy rain.  The hardest hit areas included Parker Spring Street and Bessemer Street in Brighton, 9th Avenue at AL-150 and Dartmouth Avenue in Bessemer, and Perimeter Way at McCalla Road in McCalla.  One car became submerged in Brighton.","An upper level disturbance and associated surface frontal system, moving across the Ohio and Tennessee Valleys, caused numerous thunderstorms across Central Alabama over a two day period.  Many of the storms produced damaging winds, large hail, and locally heavy rainfall.",375
221919,COLBERT CO.,CHEROKEE,05/24/2010,1510,Flash Flood, , ,0,0,20000,0,AL,CST-6, ,38181,C,33,HUN,0,0,Newspaper,Heavy Rain, , ,0.75,WNW,0.82,N,CHEROKEE,05/24/2010,1610,34.7527,-87.9829,34.7534,-87.9698,"Over two inches of rain in a 30-45 minute period produced flash flooding at the intersection of Mount Hester Road, Highway 72 and Forrest Drive and at residences on 8th Street.  Water over-spilled drainage culverts and flooded a few businesses.","Thunderstorms erupted across northwest Alabama during the mid afternoon hours in an unstable environment with weak wind shear.  Additional activity developed during the early evening hours in northeast Alabama which propagated south-southwest through north central Alabama.  Some of the storms produced localized damaging winds and up to quarter sized hail.  Local flash flooding also occurred in the community of Cherokee in Colbert County, where over 2 inches of rain fell within 30 to 45 minutes.",376
236180,LAMAR CO.,MOLLOY,05/24/2010,1900,Flash Flood, , ,0,0,10000,0,AL,CST-6, ,40572,C,75,BMX,0,0,Emergency Manager,Heavy Rain, , ,1.2,NE,1.3,NNW,MOLLOY,05/24/2010,2100,33.7441,-88.1879,33.7419,-88.2046,"Five county roads became temporarily impassable due to flooding, in the Molloy area of western Lamar County.","A warm and unstable air mass led to the formation of scattered showers and thunderstorms across Central Alabama. A few of the storms produced large hail, damaging winds, and locally heavy rainfall.",377
236215,HALE CO.,GREENSBORO,05/29/2010,1630,Flash Flood, , ,0,0,10000,0,AL,CST-6, ,40573,C,65,BMX,0,0,Law Enforcement,Heavy Rain, , ,2.71,WSW,2.68,WSW,GREENSBORO,05/29/2010,1800,32.68,-87.62,32.6856,-87.6122,"A creek along AL-69 southwest of Greensboro rose out of its banks, causing two car accidents.","A warm and unstable air mass, combined with a slow moving upper level disturbance, led to the formation of numerous thunderstorms across Central Alabama over a three day period.  Many of the storms produced damaging winds, large hail, and heavy rainfall.",378
236216,ELMORE CO.,MILLBROOK,05/30/2010,1425,Flash Flood, , ,0,0,0,0,AL,CST-6, ,40573,C,51,BMX,0,0,Emergency Manager,Heavy Rain, , ,0,N,1.1,S,MILLBROOK,05/30/2010,1600,32.48,-86.37,32.4616,-86.3725,"Several roads around the city of Millbrook became flooded due to heavy rainfall.","A warm and unstable air mass, combined with a slow moving upper level disturbance, led to the formation of numerous thunderstorms across Central Alabama over a three day period.  Many of the storms produced damaging winds, large hail, and heavy rainfall.",379
246703,CHOCTAW CO.,BUTLER,06/02/2010,1700,Flash Flood, , ,0,0,0,0,AL,CST-6, ,42256,C,23,MOB,0,0,Law Enforcement,Heavy Rain, , ,0,N,1.12,WNW,BUTLER,06/02/2010,1800,32.08,-88.22,32.0828,-88.2261,"Stationary thunderstorms produced heavy rain that flooded roadways and storm drains in and around Butler.","Slow moving thunderstorms produced 4 to 6 inches of rain in a few hours causing flooded roadways and storm drains.",380
243799,MARION CO.,BARNESVILLE,06/02/2010,1815,Flash Flood, , ,0,0,10000,0,AL,CST-6, ,41834,C,93,BMX,0,0,Trained Spotter,Heavy Rain, , ,4.09,NNE,3.82,NNE,BARNESVILLE,06/02/2010,1815,34.186,-88.057,34.185,-88.054,"Up to 6 inches of water was flowing over CR-163.","High instability resulted in afternoon thunderstorms during the evening hours.  Some storms toppled trees and resulted in some structure damage.  Weak steering flow resulted in slow moving storms which produced some flooding.",381
243815,BLOUNT CO.,BLOUNT SPGS,06/02/2010,2000,Flash Flood, , ,0,0,5000,0,AL,CST-6, ,41834,C,9,BMX,0,0,Emergency Manager,Heavy Rain, , ,3.82,WSW,3.62,WSW,BLOUNT SPGS,06/02/2010,2115,33.9174,-86.865,33.912,-86.8635,"Flash flooding led to water flowing into a residence on Oakhalla Road, near exit 289 on I-65.  Water was also reported over Ricetown Road, in the same area.","High instability resulted in afternoon thunderstorms during the evening hours.  Some storms toppled trees and resulted in some structure damage.  Weak steering flow resulted in slow moving storms which produced some flooding.",382
243816,JEFFERSON CO.,DIXIANA,06/02/2010,2030,Flash Flood, , ,0,0,1000,0,AL,CST-6, ,41834,C,73,BMX,0,0,Broadcast Media,Heavy Rain, , ,1.79,ENE,2.05,E,DIXIANA,06/02/2010,2115,33.7399,-86.6513,33.7323,-86.6567,"Alabama Route 75, near Clay-Palmerdale Road, had to be temporarily closed due to flash flooding.","High instability resulted in afternoon thunderstorms during the evening hours.  Some storms toppled trees and resulted in some structure damage.  Weak steering flow resulted in slow moving storms which produced some flooding.",383
243829,RANDOLPH CO.,ROANOKE,06/04/2010,1130,Flash Flood, , ,0,0,115000,0,AL,CST-6, ,41843,C,111,BMX,0,0,Emergency Manager,Heavy Rain, , ,1.88,WNW,1.56,NW,ROANOKE MUNI ARPT,06/04/2010,1500,33.1617,-85.3794,33.143,-85.3864,"Significant flooding was reported around the city of Roanoke.  Several streets became impassable with a foot or more of water flowing over them, and several homes in the area got up to 3 feet of water in them.  The hardest hit area was along AL-22, near Midway Full Gospel Church.  At least one unoccupied vehicle was carried about 400 feet down a flood swollen creek, and an additional vehicle in the same area was submerged for a time.  One person had to be rescued from her trailer after flood waters surrounded it.","Slow moving thunderstorms in a very moist environment produced flooding in several locations across Central Alabama.",384
243833,JEFFERSON CO.,AYRES,06/04/2010,1200,Flash Flood, , ,0,3,50000,0,AL,CST-6, ,41843,C,73,BMX,0,0,Emergency Manager,Heavy Rain, , ,1.59,NNW,3.31,ENE,FULTONDALE,06/04/2010,1500,33.7004,-86.6928,33.6262,-86.7783,"Several locations northeast of the city of Birmingham experienced significant flash flooding.  Several roads in and around the cities of Pinson, Center Point, and Trussville, became temporarily impassible due to flood waters.  Three people suffered bumps and bruises after they were swept away on the Cahaba River and had to be rescued by a swift water team.","Slow moving thunderstorms in a very moist environment produced flooding in several locations across Central Alabama.",385
242384,MADISON CO.,NORMAL,06/09/2010,1754,Flash Flood, , ,0,0,0,0,AL,CST-6, ,38658,C,89,HUN,0,0,Public,Heavy Rain, , ,2.36,NW,1.54,WNW,NORMAL,06/09/2010,1954,34.7995,-86.6142,34.7862,-86.6142,"Up to 6 inches of water reported over Winchester road approximately 2 miles north of Huntsville.","Extreme instability in northwest Alabama interacted with an outflow boundary from earlier thunderstorms to produce another cluster of severe thunderstorms that tracked east through all of north Alabama.  The storms produced moderate damage to trees and power lines along with isolated flash flooding.  Local rainfall amounts exceeded 3.5 inches in northern portions of Madison County.",386
242386,MADISON CO.,NEBO,06/09/2010,1815,Flash Flood, , ,0,0,0,0,AL,CST-6, ,38658,C,89,HUN,0,0,NWS Employee,Heavy Rain, , ,1.53,ENE,1.29,ENE,NEBO,06/09/2010,2015,34.7814,-86.7469,34.7783,-86.7475,"Six inches of water was reported covering Harbin road near High Green Drive in Monrovia. The westbound lane was reported impassible near this intersection.","Extreme instability in northwest Alabama interacted with an outflow boundary from earlier thunderstorms to produce another cluster of severe thunderstorms that tracked east through all of north Alabama.  The storms produced moderate damage to trees and power lines along with isolated flash flooding.  Local rainfall amounts exceeded 3.5 inches in northern portions of Madison County.",387
244512,JEFFERSON CO.,(BHM)BIRMINGHAM ARPT,06/15/2010,1145,Flash Flood, , ,0,0,40000,0,AL,CST-6, ,41935,C,73,BMX,0,0,Trained Spotter,Heavy Rain, , ,1.96,NW,1.47,E,SAYRETON,06/15/2010,1430,33.5923,-86.771,33.5792,-86.7851,"Flooding described as significant was reported in the city of Tarrant.  At least one vehicle became stalled in the high water.","Very unstable conditions due to abundant moisture and intense heating resulted in widespread severe thunderstorms and flooding across Central Alabama.",388
244534,JEFFERSON CO.,GREENWOOD,06/15/2010,1330,Flash Flood, , ,0,0,2000,0,AL,CST-6, ,41935,C,73,BMX,0,0,Law Enforcement,Heavy Rain, , ,0.87,N,0.73,N,GREENWOOD,06/15/2010,1530,33.3425,-86.9316,33.3378,-86.9314,"Greenwood Road, in the city of Bessemer, became temporarily impassible due to flash flooding.","Very unstable conditions due to abundant moisture and intense heating resulted in widespread severe thunderstorms and flooding across Central Alabama.",389
244577,PERRY CO.,JERICHO,06/15/2010,1815,Flash Flood, , ,0,0,2000,0,AL,CST-6, ,41935,C,105,BMX,0,0,Emergency Manager,Heavy Rain, , ,3.49,WNW,3.28,WNW,JERICHO,06/15/2010,1930,32.7899,-87.3253,32.7913,-87.3301,"A creek overflowed its banks, causing a portion of Troy Perkins Road to become temporarily impassible.","Very unstable conditions due to abundant moisture and intense heating resulted in widespread severe thunderstorms and flooding across Central Alabama.",390
244620,JEFFERSON CO.,BLUFF PARK,06/18/2010,1930,Flash Flood, , ,0,0,7000,0,AL,CST-6, ,41947,C,73,BMX,0,0,Emergency Manager,Heavy Rain, , ,1.15,ENE,1.47,ENE,BLUFF PARK,06/18/2010,2030,33.4061,-86.8515,33.4052,-86.8514,"Flooding caused water to flow into a basement of a residence on Rockview Lane, in the Bluff Park area of Hoover.","Isolated afternoon thunderstorms produced wind damage and locally heavy rain.",391
245635,TUSCALOOSA CO.,RIVER VIEW,06/25/2010,145,Flash Flood, , ,0,0,5000,0,AL,CST-6, ,42095,C,125,BMX,0,0,Emergency Manager,Heavy Rain, , ,1.42,SSE,2.03,SSE,RIVER VIEW,06/25/2010,225,33.2004,-87.5429,33.1979,-87.5426,"High water was reported in several areas of the city. Several traffic lanes were impassable including 15th Street between Mcfarland Blvd. and Hackberry Lane.","Storms were ongoing during the early morning hours in the vicinity of a stalled frontal boundary.  Strong instability supported the threat for wet microbursts during the afternoon.",392
253267,JEFFERSON CO.,RED ORE,07/08/2010,2230,Flash Flood, , ,0,0,100000,0,AL,CST-6, ,43499,C,73,BMX,0,0,Law Enforcement,Heavy Rain, , ,0.67,N,0.73,N,RED ORE,07/08/2010,2330,33.4396,-86.9487,33.4374,-86.9488,"Bessemer police dept reported several roads being closed due to high water. Fourth Avenue among others had to be closed with reports of several swift water rescues ongoing.","Heavy rain from thunderstorms resulted in numerous road closures and required swift water rescues in the Birmingham area.",393
231309,MADISON CO.,MONROVIA,07/09/2010,1700,Flash Flood, , ,0,0,0,0,AL,CST-6, ,39801,C,89,HUN,0,0,Trained Spotter,Heavy Rain, , ,0.66,WNW,0.73,W,MONROVIA,07/09/2010,1756,34.7728,-86.7311,34.7716,-86.7312,"Six inches of flowing water was reported on the intersection of Nance Road and Capshaw Road.","A very moist and unstable environment was in place as a weak frontal boundary dropped southward toward northern Alabama.  Two waves of thunderstorms resulted, one during the early to mid afternoon and another during the late afternoon and early evening hours.  Isolated damaging winds were reported that downed trees and power lines.  Rainfall of 2 to 3.25 inches were observed in eastern Limestone and west central Madison Counties.",394
247734,CULLMAN CO.,LORETTO,07/16/2010,1500,Flash Flood, , ,0,0,0,0,AL,CST-6, ,42421,C,43,HUN,0,0,COOP Observer,Heavy Rain, , ,2.26,ESE,2.61,SE,LORETTO,07/16/2010,1556,34.0522,-86.8868,34.0496,-86.886,"Heavy rainfall caused a creek to overflow it's banks onto Beech Grove Road in Good Hope.","Scattered strong to severe pulse thunderstorms formed along a pre-frontal boundary during the afternoon hours.  Intense lightning with these storms injured 1 woman doing laundry in their home and struck at least one other house.",395
247942,DEKALB CO.,FT PAYNE,07/26/2010,1600,Flash Flood, , ,0,0,0,0,AL,CST-6, ,42514,C,49,HUN,0,0,Emergency Manager,Heavy Rain, , ,1.45,WNW,1.32,WNW,FT PAYNE,07/26/2010,1700,34.4393,-85.7529,34.437,-85.754,"Significant flooding occurred at the intersection of Jordan Road and highway 35.","Scattered strong to severe pulse storms developed along an outflow boundary just north of the Tennessee River during peak daytime heating.  These storm produced scattered reports of wind damage, isolated flash flooding and one lightning injury. ||A severe microburst on the east side of Athens heavily damaged a gas station and nearly uprooted some trees as well.",396
247943,DEKALB CO.,FT PAYNE,07/26/2010,1600,Flash Flood, , ,0,0,0,0,AL,CST-6, ,42514,C,49,HUN,0,0,Emergency Manager,Heavy Rain, , ,0.28,WNW,0.28,WNW,FT PAYNE,07/26/2010,1700,34.4322,-85.7342,34.4315,-85.7331,"Significant flooding occurred at the intersection of highway 11 and 35.","Scattered strong to severe pulse storms developed along an outflow boundary just north of the Tennessee River during peak daytime heating.  These storm produced scattered reports of wind damage, isolated flash flooding and one lightning injury. ||A severe microburst on the east side of Athens heavily damaged a gas station and nearly uprooted some trees as well.",397
253413,TUSCALOOSA CO.,RIVER VIEW,07/26/2010,2150,Flash Flood, , ,0,0,100000,0,AL,CST-6, ,43527,C,125,BMX,0,0,Emergency Manager,Heavy Rain, , ,1.06,SSE,1.54,SSE,RIVER VIEW,07/26/2010,2230,33.2052,-87.5449,33.2004,-87.5446,"As much as four feet of water was flowing across McFarland Drive and University.  A swift water rescue was required on Hackberry Lane.  Bryant Drive 14th Avenue and Highway 69 were also flooded.","Slow moving thunderstorms developed as the result of daytime heating.",398
256271,CULLMAN CO.,PHELAN,08/01/2010,1455,Flash Flood, , ,0,0,10000,0,AL,CST-6, ,40847,C,43,HUN,0,0,Law Enforcement,Heavy Rain, , ,1.71,NNW,1.54,SW,CULLMAN,08/01/2010,1755,34.1515,-86.835,34.1687,-86.8441,"Flash Flooding was reported at the intersection of Beech Avenue and Sheraton road.  Up to 18 inches of water was reported to have flooded businesses in this area with a foot of water on the road intersection.","Isolated strong thunderstorms developed during the midday hours in far northern Alabama, then dropped south through the late afternoon hours.  One particular storm dumped very heavy rainfall that resulted in isolated flash flooding in the city of Cullman.  Over 2 inches of rain fell in less than an hour, with totals exceeding 3 inches.",399
257847,MONROE CO.,VREDENBURGH,08/02/2010,1608,Flash Flood, , ,0,0,0,0,AL,CST-6, ,44402,C,99,MOB,0,0,Public,Heavy Rain, , ,0,N,0.62,NE,VREDENBURGH,08/02/2010,1708,31.82,-87.32,31.8243,-87.3154,"Heavy rain from thunderstorms producing flooding in area roadways. Several roadways had 2 to 3 inches of water flowing across them.","Thunderstorms with winds estimated at 60 mph downed multiple power lines. Heavy rains from the thunderstorms also caused flooding in parts of southwest Alabama.",400
254497,TUSCALOOSA CO.,ENGLEWOOD,08/06/2010,1902,Flash Flood, , ,0,0,30000,0,AL,CST-6, ,43771,C,125,BMX,0,0,Trained Spotter,Heavy Rain, , ,0.72,E,0.84,E,ENGLEWOOD,08/06/2010,1902,33.121,-87.5576,33.1183,-87.5587,"Around two feet of water flowing over the roadway near the entrance of Shelton State Community College resulting in stalled cars.","Late afternoon, slow moving thunderstorms developed as the result of very high instability initiated by afternoon heating.",401
259372,MOBILE CO.,MOBILE,08/15/2010,1630,Flash Flood, , ,0,0,0,0,AL,CST-6, ,44712,C,97,MOB,0,0,Public,Heavy Rain, , ,0,N,0.38,E,MOBILE,08/15/2010,1730,30.7,-88.08,30.7013,-88.0719,"","Heavy rain produced flooding in Downtown Mobile.",402
257661,MARSHALL CO.,ALBERTVILLE,08/16/2010,1850,Flash Flood, , ,0,0,0,0,AL,CST-6, ,41464,C,95,HUN,0,0,Emergency Manager,Heavy Rain, , ,0.35,N,1.43,SSW,ALBERTVILLE,08/16/2010,2050,34.2751,-86.2204,34.255,-86.2238,"Numerous roads were covered with water in the city of Albertville.  A few roads were covered in water so deep that barricades had to be put in place.","Strong thunderstorms produced intense rainfall in localized areas of northeast Alabama during the late afternoon and early evening hours.  Runoff caused flash flooding in the Albertville area during the early evening hours.",403
254618,CHEROKEE CO.,LEESBURG,08/16/2010,2050,Flash Flood, , ,0,0,8000,0,AL,CST-6, ,43809,C,19,BMX,0,0,Emergency Manager,Heavy Rain, , ,1.21,W,0.64,W,LEESBURG,08/16/2010,2050,34.1794,-85.7712,34.1774,-85.7692,"Several road closures required in and around Leesburg, including County Road 44, due to high water.","Training thunderstorms resulted in flooding in Cherokee County.",404
258416,JACKSON CO.,HYTOP,08/17/2010,530,Flash Flood, , ,0,0,300000,0,AL,CST-6, ,41476,C,71,HUN,0,0,Law Enforcement,Heavy Rain, , ,0.98,W,3.73,E,BASS,08/17/2010,1130,34.9176,-86.0971,34.9316,-85.909,"Heavy rainfall of totaling between 3 and 8 inches fell from near Hytop to just west of Stevenson and southward into Scottsboro. The hardest hit areas were in Scottsboro and just to its north, where between 5 and 8 inches of rainfall fell.  This caused numerous roads in Scottsboro to be closed or barricaded as early as 6 am CDT.  The Scottsboro airport recorded 4.59 inches of rainfall through 7 am CDT.  By 740 am CDT, three feet of water was reported covering the Hardee's parking lot on Broad Street in Scottsboro. Two cars drove into a flooded ditch at this location and a walkway over the ditch was washed away.||Heavy rainfall continued in these areas through 9 am, causing extensive flash flooding. By 830 am, significant flash flooding was impacting residences on highway 79.  Several water rescues had to be performed at residences near Maple avenue in Scottsboro by 9 am CDT.  Additional flash flooding caused by the rainfall caused Dry Creek to overflow and cover a runway at the Scottsboro Airport with 3 to 4 inches of water. At this point 6.68 inches of rain was reported by a secondary weather station at the Scottsboro Airport.  This total is suspected to be an underestimate.","A complex of heavy showers and thunderstorms developed around 5 am and tracked slowly northward through northeast Alabama.  Thunderstorms and intense rainfall repeatedly regenerated over the same area, especially from Scottsboro northward through the Hytop area.  Rainfall fell at a rate of one quarter inch per five minutes, or up to 3 inches per hour.  The bulk of the rain fell from 6 am to 9 am, with rainfall totals of 6 to 7 inches reported.  Flood water closed numerous roads in Scottsboro.  Water as high as 4.5 feet innudated residences and businesses in the area.  A few residents were rescued from the water in their homes.  Two cars became submerged in flood water at a fast food restaurant on Broad Street where 3 feet was flood water collected.",405
269905,LAMAR CO.,MOLLOY,11/30/2010,200,Flash Flood, , ,0,0,50000,0,AL,CST-6, ,46558,C,75,BMX,0,0,Emergency Manager,Heavy Rain, , ,3.18,NNW,2.94,W,MOLLOY,11/30/2010,400,33.771,-88.225,33.7346,-88.2362,"Several locations in western Lamar County became covered with water and temporarily impassable, including Old Calvert Road, Easlon Branch Road, and Millie.","A powerful late fall storm system, and associated cold frontal passage through Alabama, brought widespread thunderstorms to the state.  Some of the storms in Central Alabama produced damaging winds and tornadoes.",406
270012,LAWRENCE CO.,OAK GROVE,11/30/2010,330,Flash Flood, , ,0,0,0,0,AL,CST-6, ,45365,C,79,HUN,0,0,Emergency Manager,Heavy Rain, , ,1.64,ESE,2.01,SE,HATTON,11/30/2010,830,34.5383,-87.4249,34.5356,-87.371,"Flash flooding was reported on County Road 161.","A long-lived mesoscale convective system that contained heavy rain and thunderstorms enveloped the region during the late evening and overnight hours. The initial wave of thunderstorms produced some isolated wind damage. Ahead of the line, gusty southeasterly winds caused isolated wind damage as well. 24 hour rainfall amounts from this system reached 3 to over 5 inches.  A daily record rainfall of 3.93 inches was recorded in Huntsville.  Runoff and flash flooding from the heavy rainfall began during the late evening on the 29th and lasted through the morning hours of the 30th. The runoff pushed several small creeks and streams out of their banks, flooding several roads, and submerging a few vehicles in the process. Hardest hit areas were in Morgan and Madison counties. Several county schools were delayed due to the high water and impassible roadways.",407
270013,LAWRENCE CO.,SPEAKE,11/30/2010,330,Flash Flood, , ,0,0,0,0,AL,CST-6, ,45365,C,79,HUN,0,0,Emergency Manager,Heavy Rain, , ,5.5,W,5.73,W,SPEAKE,11/30/2010,830,34.4272,-87.1661,34.4279,-87.1487,"Flash flooding was reported on County Road 203 in Speake.","A long-lived mesoscale convective system that contained heavy rain and thunderstorms enveloped the region during the late evening and overnight hours. The initial wave of thunderstorms produced some isolated wind damage. Ahead of the line, gusty southeasterly winds caused isolated wind damage as well. 24 hour rainfall amounts from this system reached 3 to over 5 inches.  A daily record rainfall of 3.93 inches was recorded in Huntsville.  Runoff and flash flooding from the heavy rainfall began during the late evening on the 29th and lasted through the morning hours of the 30th. The runoff pushed several small creeks and streams out of their banks, flooding several roads, and submerging a few vehicles in the process. Hardest hit areas were in Morgan and Madison counties. Several county schools were delayed due to the high water and impassible roadways.",408
267950,MORGAN CO.,RUSSELL HILL,11/30/2010,351,Flash Flood, , ,0,0,0,0,AL,CST-6, ,45365,C,103,HUN,0,0,Emergency Manager,Heavy Rain, , ,0.61,ESE,0.74,WNW,MASSEY,11/30/2010,900,34.5477,-86.9897,34.3711,-87.022,"Rainfall amounts of 2 to over 5 inches produced flash flooding of several roads.  Many streets in the Hartselle and Decatur communities were flooded.   Rainfall of 5.75 inches was measured in southwest Decatur.  Some specific streets impacted in Decatur included Riverview Avenue SE, Poole Valley Road at Central Parkway SW, Ray Avenue SW, Bird Springs Road SW, Somerville Road SE at Magnolia and Corsbie Streets, Stratford Road at Country Club Road SE, Ben Poole Road at Crown Point Drive SE, Pennylane at Quince Drive SE, Cedar Lake Road at Central Parkway SW and Sandlin Road at Hay Drive SW.  In the county, other roads included Gum Springs Road and Hobb Ward Road at Highway 36.  Portions of highway 36 in the western portions of Hartselle and Forest Chapel Road were barricaded due to flash flooding.","A long-lived mesoscale convective system that contained heavy rain and thunderstorms enveloped the region during the late evening and overnight hours. The initial wave of thunderstorms produced some isolated wind damage. Ahead of the line, gusty southeasterly winds caused isolated wind damage as well. 24 hour rainfall amounts from this system reached 3 to over 5 inches.  A daily record rainfall of 3.93 inches was recorded in Huntsville.  Runoff and flash flooding from the heavy rainfall began during the late evening on the 29th and lasted through the morning hours of the 30th. The runoff pushed several small creeks and streams out of their banks, flooding several roads, and submerging a few vehicles in the process. Hardest hit areas were in Morgan and Madison counties. Several county schools were delayed due to the high water and impassible roadways.",409
267951,MADISON CO.,HAZEL GREEN,11/30/2010,532,Flash Flood, , ,0,0,0,0,AL,CST-6, ,45365,C,89,HUN,0,0,Newspaper,Heavy Rain, , ,1.72,ESE,1.77,E,JEFF,11/30/2010,815,34.917,-86.5541,34.8116,-86.6607,"Rainfall amounts from 3 to over 5 inches produced flash flooding on numerous roads in the Moores Mill, Huntsville, and Madison communities.  According to the Huntsville Times, parts of Hampton Cove, Redstone Arsenal, Harvest, Meridian Street, Bob Wallace Avenue and Triana Boulevard were under water.  A boulder was dislodged from soggy Huntsville Mountain and rolled onto Cecil Ashburn Drive.  Rainfall of 5.67 inches was reported along Aldridge Creek in Farley.  A motorist was stranded due to high water on the 300 block of Naugher Road.  Two vehicles were swamped in high water from an overflowing drainage ditch on First Street in Huntsville near Brahan Spring Park.","A long-lived mesoscale convective system that contained heavy rain and thunderstorms enveloped the region during the late evening and overnight hours. The initial wave of thunderstorms produced some isolated wind damage. Ahead of the line, gusty southeasterly winds caused isolated wind damage as well. 24 hour rainfall amounts from this system reached 3 to over 5 inches.  A daily record rainfall of 3.93 inches was recorded in Huntsville.  Runoff and flash flooding from the heavy rainfall began during the late evening on the 29th and lasted through the morning hours of the 30th. The runoff pushed several small creeks and streams out of their banks, flooding several roads, and submerging a few vehicles in the process. Hardest hit areas were in Morgan and Madison counties. Several county schools were delayed due to the high water and impassible roadways.",410
270011,DEKALB CO.,ALLEN,11/30/2010,900,Flash Flood, , ,0,0,0,0,AL,CST-6, ,45365,C,49,HUN,0,0,Emergency Manager,Heavy Rain, , ,0.86,SW,0.95,N,FISHER XRDS,11/30/2010,1200,34.4911,-85.6806,34.4846,-85.6714,"Intense rainfall of around 2 inches produced flash flooding and prompted the closure of 45th Street in Fort Payne.  Time estimated by radar.","A long-lived mesoscale convective system that contained heavy rain and thunderstorms enveloped the region during the late evening and overnight hours. The initial wave of thunderstorms produced some isolated wind damage. Ahead of the line, gusty southeasterly winds caused isolated wind damage as well. 24 hour rainfall amounts from this system reached 3 to over 5 inches.  A daily record rainfall of 3.93 inches was recorded in Huntsville.  Runoff and flash flooding from the heavy rainfall began during the late evening on the 29th and lasted through the morning hours of the 30th. The runoff pushed several small creeks and streams out of their banks, flooding several roads, and submerging a few vehicles in the process. Hardest hit areas were in Morgan and Madison counties. Several county schools were delayed due to the high water and impassible roadways.",411
279889,WINSTON CO.,HALEYVILLE,01/01/2011,230,Flash Flood, , ,0,0,0,0,AL,CST-6, ,47968,C,133,BMX,0,0,Emergency Manager,Heavy Rain, , ,1.82,WNW,1.51,WSW,HALEYVILLE,01/01/2011,430,34.2436,-87.6472,34.2169,-87.6489,"A couple roads were washed out.","A cold front pushed through Central Alabama in the early morning hours of New Year's Day producing strong damaging winds and isolated flash flooding. Ahead of this front, strong gradient winds knocked down trees and caused minor structural damage in several places in north Central Alabama.",412
279209,MORGAN CO.,OAK RIDGE,01/01/2011,230,Flash Flood, , ,0,0,0,0,AL,CST-6, ,45914,C,103,HUN,0,0,Trained Spotter,Heavy Rain, , ,2.42,ESE,0.23,S,OAK RIDGE,01/01/2011,515,34.472,-86.9586,34.4324,-86.9934,"Several roads in and around the Hartselle community were impassable due to flash flooding.  Some roads impacted more heavily included:  Hwy 31 near the Moss Chapel,  Powell, Huckaby Bridge, Mount Tabor, Cedar Cove, and Johnson Chapel.","A large mesoscale convective system (MCS) produced a series of thunderstorms  with frequent lightning and rain periods.  Significant rainfall began during the early to mid evening hours of December 31st and lasted through the morning hours of January 1st.   Rainfall amounts of 1.5 to 3 inches were common, with a swath of heavier amounts in the 3 to 5.5 inch range from southern Lawrence through Morgan, Madison and western Jackson Counties.   Resulting runoff resulted in several reports of flooded roads and small streams exceeding bankfull.",413
279888,LAMAR CO.,DETROIT,01/01/2011,300,Flash Flood, , ,0,0,0,0,AL,CST-6, ,47968,C,75,BMX,0,0,Emergency Manager,Heavy Rain, , ,2.27,NW,7.46,NNE,BEAVERTON,01/01/2011,500,34.0531,-88.1982,34.0258,-87.984,"Several roads across the county were washed out or impassable.","A cold front pushed through Central Alabama in the early morning hours of New Year's Day producing strong damaging winds and isolated flash flooding. Ahead of this front, strong gradient winds knocked down trees and caused minor structural damage in several places in north Central Alabama.",414
279241,CULLMAN CO.,PHELAN,01/01/2011,445,Flash Flood, , ,0,0,0,0,AL,CST-6, ,45914,C,43,HUN,0,0,Fire Department/Rescue,Heavy Rain, , ,0.78,WNW,1.85,NNW,GOOD HOPE,01/01/2011,545,34.1326,-86.8332,34.1357,-86.8943,"Numerous streets were reported flooded in downtown Good Hope.  Water was reported up to car doors on several roadways in the Good Hope area.","A large mesoscale convective system (MCS) produced a series of thunderstorms  with frequent lightning and rain periods.  Significant rainfall began during the early to mid evening hours of December 31st and lasted through the morning hours of January 1st.   Rainfall amounts of 1.5 to 3 inches were common, with a swath of heavier amounts in the 3 to 5.5 inch range from southern Lawrence through Morgan, Madison and western Jackson Counties.   Resulting runoff resulted in several reports of flooded roads and small streams exceeding bankfull.",415
279233,MADISON CO.,GURLEY,01/01/2011,515,Flash Flood, , ,0,0,0,0,AL,CST-6, ,45914,C,89,HUN,0,0,Emergency Manager,Heavy Rain, , ,2.8,W,0.91,NNE,CHERRYTREE,01/01/2011,615,34.7052,-86.4289,34.6921,-86.4372,"Heavy rainfall caused some roads to be impassable in and near the Gurley community. A car was stranded as it drove into a flooded roadway southwest of Gurley.  Rock Cut road was closed due to flash flooding in the same area.","A large mesoscale convective system (MCS) produced a series of thunderstorms  with frequent lightning and rain periods.  Significant rainfall began during the early to mid evening hours of December 31st and lasted through the morning hours of January 1st.   Rainfall amounts of 1.5 to 3 inches were common, with a swath of heavier amounts in the 3 to 5.5 inch range from southern Lawrence through Morgan, Madison and western Jackson Counties.   Resulting runoff resulted in several reports of flooded roads and small streams exceeding bankfull.",416
279242,LAWRENCE CO.,MOULTON,01/01/2011,726,Flash Flood, , ,0,0,0,0,AL,CST-6, ,45914,C,79,HUN,0,0,Law Enforcement,Heavy Rain, , ,0.99,SW,0.82,SW,MOULTON,01/01/2011,830,34.4711,-87.2935,34.4672,-87.2957,"Portions of CR 33 off of CR 59 in the Moulton were flooded by heavy rainfall.  Unfortunately, someone's car was stranded in these high waters as he tried to |drive through the flooded roadway.","A large mesoscale convective system (MCS) produced a series of thunderstorms  with frequent lightning and rain periods.  Significant rainfall began during the early to mid evening hours of December 31st and lasted through the morning hours of January 1st.   Rainfall amounts of 1.5 to 3 inches were common, with a swath of heavier amounts in the 3 to 5.5 inch range from southern Lawrence through Morgan, Madison and western Jackson Counties.   Resulting runoff resulted in several reports of flooded roads and small streams exceeding bankfull.",417
290273,CHOCTAW CO.,PENNINGTON,03/05/2011,1727,Flash Flood, , ,0,0,0,0,AL,CST-6, ,49517,C,23,MOB,0,0,Law Enforcement,Heavy Rain, , ,2,W,1.21,E,CHOCTAW,03/05/2011,1729,32.2,-88.0842,32.2028,-88.0779,"Heavy rain caused water to cover Highway 156 at mile marker 7.","Severe thunderstorms produced heavy rain and damaging winds across portions of southwest Alabama.",418
295210,LAMAR CO.,MILLPORT,03/09/2011,400,Flash Flood, , ,0,0,0,0,AL,CST-6, ,49726,C,75,BMX,0,0,Emergency Manager,Heavy Rain, , ,1.23,SW,1.26,SW,MILLPORT,03/09/2011,800,33.5596,-88.0973,33.5593,-88.0972,"Two feet of water was reported across Highway 96 just west of Millport.","A line of thunderstorms moved through the state of Alabama on the morning of March 9th. Along with heavy rainfall that caused flash flooding in areas, these storms produced strong winds causing tree and structure damage.",419
290715,CHOCTAW CO.,CHOCTAW,03/09/2011,445,Flash Flood, , ,0,0,0,0,AL,CST-6, ,49555,C,23,MOB,0,0,Law Enforcement,Heavy Rain, , ,1.18,NE,1.34,ENE,CHOCTAW,03/09/2011,545,32.2098,-88.0834,32.2095,-88.0824,"Heavy rain caused water to cover highway 156 west of Pennington.","A powerful cold front brought widespread severe thunderstorms to southwest Alabama. These thunderstorms produced many reports of large hail...damaging winds and tornadoes. The thunderstorms also produced heavy rain which caused flash flooding.",420
295253,FAYETTE CO.,FAYETTE,03/09/2011,500,Flash Flood, , ,0,0,0,0,AL,CST-6, ,49726,C,57,BMX,0,0,Law Enforcement,Heavy Rain, , ,0.69,N,1.14,NE,FAYETTE,03/09/2011,830,33.69,-87.83,33.6836,-87.8257,"Several streets were flooding in they Fayette area.","A line of thunderstorms moved through the state of Alabama on the morning of March 9th. Along with heavy rainfall that caused flash flooding in areas, these storms produced strong winds causing tree and structure damage.",421
297299,LAWRENCE CO.,NORTHEAST SMITH,03/09/2011,505,Flash Flood, , ,0,0,0,0,AL,CST-6, ,47541,C,79,HUN,0,0,Emergency Manager,Heavy Rain, , ,0.76,W,0.88,WSW,NORTHEAST SMITH,03/09/2011,1100,34.6007,-87.3333,34.5971,-87.3334,"Flash flooding of Big Nance Creek washed out County Road 284.","Rain and thunderstorms came in multiple waves beginning during the afternoon and evening of the 8th and lasting into the 9th north of a warm front.  A large amount of Gulf of Mexico moisture was drawn northward on a low level jet stream.  Eventually, the warm sector made it's way further north before a cold front passed through during the afternoon of the 9th.  Rainfall totals ranged from 1 to 3 inches across most of north Alabama.  Amounts of 3.5 to 4.5 inches were observed across portions of Cullman, Lawrence, Madison, Morgan, Marshall, Jackson and DeKalb counties.  Non-thunderstorm winds produced damage during the late morning of the 9th in DeKalb county possibly due to a gravity wave or wake low system.",422
297305,MORGAN CO.,OAKWORTH,03/09/2011,505,Flash Flood, , ,0,0,0,0,AL,CST-6, ,47541,C,103,HUN,0,0,Broadcast Media,Heavy Rain, , ,0.56,ENE,0.7,NNE,CEDAR LAKE,03/09/2011,1100,34.5736,-86.9711,34.5597,-86.9639,"Flash flooding prompted the closure of Country Club Road from Stratford Road to Highway 67.","Rain and thunderstorms came in multiple waves beginning during the afternoon and evening of the 8th and lasting into the 9th north of a warm front.  A large amount of Gulf of Mexico moisture was drawn northward on a low level jet stream.  Eventually, the warm sector made it's way further north before a cold front passed through during the afternoon of the 9th.  Rainfall totals ranged from 1 to 3 inches across most of north Alabama.  Amounts of 3.5 to 4.5 inches were observed across portions of Cullman, Lawrence, Madison, Morgan, Marshall, Jackson and DeKalb counties.  Non-thunderstorm winds produced damage during the late morning of the 9th in DeKalb county possibly due to a gravity wave or wake low system.",423
297304,MORGAN CO.,FLINT CITY,03/09/2011,505,Flash Flood, , ,0,0,0,0,AL,CST-6, ,47541,C,103,HUN,0,0,Broadcast Media,Heavy Rain, , ,1.02,NW,1.11,NW,FLINT CITY,03/09/2011,1100,34.5311,-86.9818,34.5302,-86.9817,"Flash flooding prompted the closure of Poole Valley Road at Central Parkway.","Rain and thunderstorms came in multiple waves beginning during the afternoon and evening of the 8th and lasting into the 9th north of a warm front.  A large amount of Gulf of Mexico moisture was drawn northward on a low level jet stream.  Eventually, the warm sector made it's way further north before a cold front passed through during the afternoon of the 9th.  Rainfall totals ranged from 1 to 3 inches across most of north Alabama.  Amounts of 3.5 to 4.5 inches were observed across portions of Cullman, Lawrence, Madison, Morgan, Marshall, Jackson and DeKalb counties.  Non-thunderstorm winds produced damage during the late morning of the 9th in DeKalb county possibly due to a gravity wave or wake low system.",424
297302,MORGAN CO.,FLINT CITY,03/09/2011,505,Flash Flood, , ,0,0,0,0,AL,CST-6, ,47541,C,103,HUN,0,0,Newspaper,Heavy Rain, , ,1.25,SW,1.55,SW,FLINT CITY,03/09/2011,1100,34.5075,-86.9857,34.5084,-86.9809,"Flash flooding along Flint Creek was reported at Norris Mill Road.  Three water rescues occurred both during the flash flooding on the 9th, and two subsequent times for continued flooding through the 10th.  No injuries were incurred.","Rain and thunderstorms came in multiple waves beginning during the afternoon and evening of the 8th and lasting into the 9th north of a warm front.  A large amount of Gulf of Mexico moisture was drawn northward on a low level jet stream.  Eventually, the warm sector made it's way further north before a cold front passed through during the afternoon of the 9th.  Rainfall totals ranged from 1 to 3 inches across most of north Alabama.  Amounts of 3.5 to 4.5 inches were observed across portions of Cullman, Lawrence, Madison, Morgan, Marshall, Jackson and DeKalb counties.  Non-thunderstorm winds produced damage during the late morning of the 9th in DeKalb county possibly due to a gravity wave or wake low system.",425
297303,MORGAN CO.,GRIFFIN ADDITION,03/09/2011,505,Flash Flood, , ,0,0,0,0,AL,CST-6, ,47541,C,103,HUN,0,0,Broadcast Media,Heavy Rain, , ,0.89,W,0.93,W,GRIFFIN ADDITION,03/09/2011,1100,34.5817,-87.0456,34.5807,-87.045,"Flash flooding prompted the closure of Lake Have Road at Old Moulton Road.","Rain and thunderstorms came in multiple waves beginning during the afternoon and evening of the 8th and lasting into the 9th north of a warm front.  A large amount of Gulf of Mexico moisture was drawn northward on a low level jet stream.  Eventually, the warm sector made it's way further north before a cold front passed through during the afternoon of the 9th.  Rainfall totals ranged from 1 to 3 inches across most of north Alabama.  Amounts of 3.5 to 4.5 inches were observed across portions of Cullman, Lawrence, Madison, Morgan, Marshall, Jackson and DeKalb counties.  Non-thunderstorm winds produced damage during the late morning of the 9th in DeKalb county possibly due to a gravity wave or wake low system.",426
297301,MORGAN CO.,UNION,03/09/2011,505,Flash Flood, , ,0,0,0,0,AL,CST-6, ,47541,C,103,HUN,0,0,Newspaper,Heavy Rain, , ,0.81,NE,1.51,N,UNION,03/09/2011,1100,34.4588,-86.7207,34.4864,-86.7312,"The Morgan County Commissioner (District 4) reported flash flooding along Cotaco Creek.  A water rescue was required for a vehicle that drove into a flooded roadway.   Up to 6 non-specified roads experienced flash flooding or flooding in District 4.","Rain and thunderstorms came in multiple waves beginning during the afternoon and evening of the 8th and lasting into the 9th north of a warm front.  A large amount of Gulf of Mexico moisture was drawn northward on a low level jet stream.  Eventually, the warm sector made it's way further north before a cold front passed through during the afternoon of the 9th.  Rainfall totals ranged from 1 to 3 inches across most of north Alabama.  Amounts of 3.5 to 4.5 inches were observed across portions of Cullman, Lawrence, Madison, Morgan, Marshall, Jackson and DeKalb counties.  Non-thunderstorm winds produced damage during the late morning of the 9th in DeKalb county possibly due to a gravity wave or wake low system.",427
295252,WALKER CO.,JASPER,03/09/2011,517,Flash Flood, , ,0,0,0,0,AL,CST-6, ,49726,C,127,BMX,0,0,Law Enforcement,Heavy Rain, , ,0.27,NNW,0.48,SSW,JASPER WALKER CO ARP,03/09/2011,900,33.8338,-87.2811,33.8508,-87.2793,"At least 6 roads were closed due to flooding in Jasper.","A line of thunderstorms moved through the state of Alabama on the morning of March 9th. Along with heavy rainfall that caused flash flooding in areas, these storms produced strong winds causing tree and structure damage.",428
295454,HALE CO.,MOUNDVILLE,03/09/2011,530,Flash Flood, , ,0,0,75000,0,AL,CST-6, ,49726,C,65,BMX,0,0,Emergency Manager,Heavy Rain, , ,6.05,WNW,6.21,WNW,MOUNDVILLE,03/09/2011,1000,33.0472,-87.708,33.0469,-87.7066,"As a result of heavy rainfall, 8 homes in the Moundville area were flooded. Three of these homes were on Lock 9 Road and 5 of these homes were in the Old Lock 5 area.","A line of thunderstorms moved through the state of Alabama on the morning of March 9th. Along with heavy rainfall that caused flash flooding in areas, these storms produced strong winds causing tree and structure damage.",429
295233,HALE CO.,GREENSBORO,03/09/2011,530,Flash Flood, , ,0,0,0,0,AL,CST-6, ,49726,C,65,BMX,0,0,Emergency Manager,Heavy Rain, , ,5.61,NNW,5.44,NNW,GREENSBORO,03/09/2011,930,32.7748,-87.6177,32.7635,-87.6171,"Over one foot of water was reported across County Road 19, County Road 4, and Batesmill Road in Greensboro. As a result, multiple minor traffic accidents occurred.","A line of thunderstorms moved through the state of Alabama on the morning of March 9th. Along with heavy rainfall that caused flash flooding in areas, these storms produced strong winds causing tree and structure damage.",430
295459,MARENGO CO.,FAUNSDALE,03/09/2011,530,Flash Flood, , ,0,0,75000,0,AL,CST-6, ,49726,C,91,BMX,0,0,Emergency Manager,Heavy Rain, , ,0.34,NNE,1.88,ESE,DAYTON,03/09/2011,1030,32.4542,-87.5768,32.3453,-87.616,"State Route 28 was closed from US Highway 80 to Lindon because of flooding.","A line of thunderstorms moved through the state of Alabama on the morning of March 9th. Along with heavy rainfall that caused flash flooding in areas, these storms produced strong winds causing tree and structure damage.",431
295254,WALKER CO.,KANSAS,03/09/2011,532,Flash Flood, , ,0,0,0,0,AL,CST-6, ,49726,C,127,BMX,0,0,Law Enforcement,Heavy Rain, , ,0.92,ESE,0.87,ESE,KANSAS,03/09/2011,833,33.8947,-87.5353,33.8942,-87.5361,"Portions of Highway 118 and Dogtown Road were closed due to flooding.","A line of thunderstorms moved through the state of Alabama on the morning of March 9th. Along with heavy rainfall that caused flash flooding in areas, these storms produced strong winds causing tree and structure damage.",432
295451,BIBB CO.,CENTREVILLE FOX ARPT,03/09/2011,535,Flash Flood, , ,0,0,0,0,AL,CST-6, ,49726,C,7,BMX,0,0,Emergency Manager,Heavy Rain, , ,1.21,SE,0.93,SSE,CENTREVILLE FOX ARPT,03/09/2011,900,32.9063,-87.1169,32.8961,-87.1147,"US Highway 82 from State Route 219 to State Route 6 was closed due to flooding. Stallings Road was also closed.","A line of thunderstorms moved through the state of Alabama on the morning of March 9th. Along with heavy rainfall that caused flash flooding in areas, these storms produced strong winds causing tree and structure damage.",433
297298,JACKSON CO.,TUPELO,03/09/2011,600,Flash Flood, , ,0,0,0,0,AL,CST-6, ,47541,C,71,HUN,0,0,Newspaper,Heavy Rain, , ,1.97,W,1.95,E,LETCHER,03/09/2011,1200,34.7477,-86.1147,34.7498,-86.1473,"Jackson County Emergency Management reported that portions of County Roads 145, 30 and 220 were closed due to flash flooding.","Rain and thunderstorms came in multiple waves beginning during the afternoon and evening of the 8th and lasting into the 9th north of a warm front.  A large amount of Gulf of Mexico moisture was drawn northward on a low level jet stream.  Eventually, the warm sector made it's way further north before a cold front passed through during the afternoon of the 9th.  Rainfall totals ranged from 1 to 3 inches across most of north Alabama.  Amounts of 3.5 to 4.5 inches were observed across portions of Cullman, Lawrence, Madison, Morgan, Marshall, Jackson and DeKalb counties.  Non-thunderstorm winds produced damage during the late morning of the 9th in DeKalb county possibly due to a gravity wave or wake low system.",434
297019,MADISON CO.,OWENS XRDS,03/09/2011,620,Flash Flood, , ,0,0,0,0,AL,CST-6, ,47541,C,89,HUN,0,0,Emergency Manager,Heavy Rain, , ,1.94,NW,1.91,NW,OWENS XRDS,03/09/2011,1200,34.6012,-86.4925,34.5994,-86.4909,"Flash flooding prompted the closure of the intersection of Green Mountain Road and Knotty Walls Road.","Rain and thunderstorms came in multiple waves beginning during the afternoon and evening of the 8th and lasting into the 9th north of a warm front.  A large amount of Gulf of Mexico moisture was drawn northward on a low level jet stream.  Eventually, the warm sector made it's way further north before a cold front passed through during the afternoon of the 9th.  Rainfall totals ranged from 1 to 3 inches across most of north Alabama.  Amounts of 3.5 to 4.5 inches were observed across portions of Cullman, Lawrence, Madison, Morgan, Marshall, Jackson and DeKalb counties.  Non-thunderstorm winds produced damage during the late morning of the 9th in DeKalb county possibly due to a gravity wave or wake low system.",435
295250,PERRY CO.,FOLSOM,03/09/2011,628,Flash Flood, , ,0,0,10000,0,AL,CST-6, ,49726,C,105,BMX,0,0,Department of Highways,Heavy Rain, , ,2.07,SSE,2.02,SSE,FOLSOM,03/09/2011,1130,32.6508,-87.3919,32.6511,-87.3918,"Several Roads were closed due to flooding in Marion. Four homes were also flooded.","A line of thunderstorms moved through the state of Alabama on the morning of March 9th. Along with heavy rainfall that caused flash flooding in areas, these storms produced strong winds causing tree and structure damage.",436
297307,MADISON CO.,NEBO,03/09/2011,630,Flash Flood, , ,0,0,0,0,AL,CST-6, ,47541,C,89,HUN,0,0,NWS Employee,Heavy Rain, , ,1.36,E,0.72,E,NEBO,03/09/2011,1200,34.7735,-86.7463,34.7717,-86.7458,"Flash flooding was reported on the westbound lanes of Capshaw Road.","Rain and thunderstorms came in multiple waves beginning during the afternoon and evening of the 8th and lasting into the 9th north of a warm front.  A large amount of Gulf of Mexico moisture was drawn northward on a low level jet stream.  Eventually, the warm sector made it's way further north before a cold front passed through during the afternoon of the 9th.  Rainfall totals ranged from 1 to 3 inches across most of north Alabama.  Amounts of 3.5 to 4.5 inches were observed across portions of Cullman, Lawrence, Madison, Morgan, Marshall, Jackson and DeKalb counties.  Non-thunderstorm winds produced damage during the late morning of the 9th in DeKalb county possibly due to a gravity wave or wake low system.",437
295462,TUSCALOOSA CO.,(TCL)TUSCALOOSA ARPT,03/09/2011,630,Flash Flood, , ,0,0,0,0,AL,CST-6, ,49726,C,125,BMX,0,0,Emergency Manager,Heavy Rain, , ,0.24,ESE,0.27,ESE,(TCL)TUSCALOOSA ARPT,03/09/2011,1130,33.2183,-87.6164,33.218,-87.6155,"Several Roads in Tuscaloosa county were closed due to flooding; including Cypress Creek Road, Commerce Dr., Riverbend Road, and Maxwell Loop Road North.","A line of thunderstorms moved through the state of Alabama on the morning of March 9th. Along with heavy rainfall that caused flash flooding in areas, these storms produced strong winds causing tree and structure damage.",438
295456,DALLAS CO.,MARTIN,03/09/2011,630,Flash Flood, , ,0,0,75000,0,AL,CST-6, ,49726,C,47,BMX,0,0,Emergency Manager,Heavy Rain, , ,3.48,S,3.43,NNW,CRUMPTONIA,03/09/2011,1030,32.2696,-87.2987,32.2681,-87.2976,"The intersection of CR 115 and CR 21 was closed due to flooding.","A line of thunderstorms moved through the state of Alabama on the morning of March 9th. Along with heavy rainfall that caused flash flooding in areas, these storms produced strong winds causing tree and structure damage.",439
297020,MADISON CO.,BELL FACTORY,03/09/2011,630,Flash Flood, , ,0,0,0,0,AL,CST-6, ,47541,C,89,HUN,0,0,NWS Employee,Heavy Rain, , ,1.4,SSW,2,NNE,RYLAND,03/09/2011,1200,34.8021,-86.4917,34.7942,-86.4717,"Flash flooding was occurring at the intersection of Homer Nance Road near Jordan Road.","Rain and thunderstorms came in multiple waves beginning during the afternoon and evening of the 8th and lasting into the 9th north of a warm front.  A large amount of Gulf of Mexico moisture was drawn northward on a low level jet stream.  Eventually, the warm sector made it's way further north before a cold front passed through during the afternoon of the 9th.  Rainfall totals ranged from 1 to 3 inches across most of north Alabama.  Amounts of 3.5 to 4.5 inches were observed across portions of Cullman, Lawrence, Madison, Morgan, Marshall, Jackson and DeKalb counties.  Non-thunderstorm winds produced damage during the late morning of the 9th in DeKalb county possibly due to a gravity wave or wake low system.",440
295395,SHELBY CO.,ARGYLE,03/09/2011,630,Flash Flood, , ,0,0,0,0,AL,CST-6, ,49726,C,117,BMX,0,0,Emergency Manager,Heavy Rain, , ,0.73,N,0.72,N,ARGYLE,03/09/2011,1030,33.3406,-86.6309,33.3401,-86.6309,"Multiple roads were flooded across the county.","A line of thunderstorms moved through the state of Alabama on the morning of March 9th. Along with heavy rainfall that caused flash flooding in areas, these storms produced strong winds causing tree and structure damage.",441
297024,MARSHALL CO.,LITTLE NEW YORK,03/09/2011,700,Flash Flood, , ,0,0,0,0,AL,CST-6, ,47541,C,95,HUN,0,0,Emergency Manager,Heavy Rain, , ,2.28,E,2.57,E,LITTLE NEW YORK,03/09/2011,1200,34.3766,-86.1402,34.3754,-86.1498,"Flash flooding prompted the closure of Ross Raines Road near Claude Hill Road.","Rain and thunderstorms came in multiple waves beginning during the afternoon and evening of the 8th and lasting into the 9th north of a warm front.  A large amount of Gulf of Mexico moisture was drawn northward on a low level jet stream.  Eventually, the warm sector made it's way further north before a cold front passed through during the afternoon of the 9th.  Rainfall totals ranged from 1 to 3 inches across most of north Alabama.  Amounts of 3.5 to 4.5 inches were observed across portions of Cullman, Lawrence, Madison, Morgan, Marshall, Jackson and DeKalb counties.  Non-thunderstorm winds produced damage during the late morning of the 9th in DeKalb county possibly due to a gravity wave or wake low system.",442
297311,MARSHALL CO.,ARAB,03/09/2011,700,Flash Flood, , ,0,0,0,0,AL,CST-6, ,47541,C,95,HUN,0,0,Emergency Manager,Heavy Rain, , ,2.49,ESE,2.59,E,ARAB,03/09/2011,1200,34.3061,-86.4597,34.3159,-86.4587,"Flash flooding prompted the closure of Cobb Road at the creek near Fry Gap Road.","Rain and thunderstorms came in multiple waves beginning during the afternoon and evening of the 8th and lasting into the 9th north of a warm front.  A large amount of Gulf of Mexico moisture was drawn northward on a low level jet stream.  Eventually, the warm sector made it's way further north before a cold front passed through during the afternoon of the 9th.  Rainfall totals ranged from 1 to 3 inches across most of north Alabama.  Amounts of 3.5 to 4.5 inches were observed across portions of Cullman, Lawrence, Madison, Morgan, Marshall, Jackson and DeKalb counties.  Non-thunderstorm winds produced damage during the late morning of the 9th in DeKalb county possibly due to a gravity wave or wake low system.",443
297309,MARSHALL CO.,GRASSY,03/09/2011,700,Flash Flood, , ,0,0,0,0,AL,CST-6, ,47541,C,95,HUN,0,0,Emergency Manager,Heavy Rain, , ,1.07,SSW,1.04,SSW,GRASSY,03/09/2011,1200,34.3349,-86.4542,34.3377,-86.4536,"Flash flooding prompted the closure of Apollo Road near Atlas Lane.","Rain and thunderstorms came in multiple waves beginning during the afternoon and evening of the 8th and lasting into the 9th north of a warm front.  A large amount of Gulf of Mexico moisture was drawn northward on a low level jet stream.  Eventually, the warm sector made it's way further north before a cold front passed through during the afternoon of the 9th.  Rainfall totals ranged from 1 to 3 inches across most of north Alabama.  Amounts of 3.5 to 4.5 inches were observed across portions of Cullman, Lawrence, Madison, Morgan, Marshall, Jackson and DeKalb counties.  Non-thunderstorm winds produced damage during the late morning of the 9th in DeKalb county possibly due to a gravity wave or wake low system.",444
297310,MARSHALL CO.,LITTLE NEW YORK,03/09/2011,700,Flash Flood, , ,0,0,0,0,AL,CST-6, ,47541,C,95,HUN,0,0,Emergency Manager,Heavy Rain, , ,1.75,ENE,2.33,SSW,POPLAR SPGS,03/09/2011,1200,34.3888,-86.1513,34.3902,-86.1405,"Flash flooding prompted the closure of Claude Hill Road in Asbury.","Rain and thunderstorms came in multiple waves beginning during the afternoon and evening of the 8th and lasting into the 9th north of a warm front.  A large amount of Gulf of Mexico moisture was drawn northward on a low level jet stream.  Eventually, the warm sector made it's way further north before a cold front passed through during the afternoon of the 9th.  Rainfall totals ranged from 1 to 3 inches across most of north Alabama.  Amounts of 3.5 to 4.5 inches were observed across portions of Cullman, Lawrence, Madison, Morgan, Marshall, Jackson and DeKalb counties.  Non-thunderstorm winds produced damage during the late morning of the 9th in DeKalb county possibly due to a gravity wave or wake low system.",445
295426,CALHOUN CO.,WHITE PLAINS,03/09/2011,700,Flash Flood, , ,0,0,0,0,AL,CST-6, ,49726,C,15,BMX,0,0,Law Enforcement,Heavy Rain, , ,0.86,WNW,0.77,WNW,WHITE PLAINS,03/09/2011,1200,33.7565,-85.6928,33.7556,-85.6923,"A mobile home was flooded on highway 9 as a result of flash flooding. Post Oak Road was also flooded.","A line of thunderstorms moved through the state of Alabama on the morning of March 9th. Along with heavy rainfall that caused flash flooding in areas, these storms produced strong winds causing tree and structure damage.",446
297022,MARSHALL CO.,NORTH ARAB,03/09/2011,700,Flash Flood, , ,0,0,0,0,AL,CST-6, ,47541,C,95,HUN,0,0,Emergency Manager,Heavy Rain, , ,0.95,E,1.89,E,NORTH ARAB,03/09/2011,1200,34.3486,-86.5034,34.3515,-86.5029,"Flash flooding prompted the closure of Haynes road near Highway 231.","Rain and thunderstorms came in multiple waves beginning during the afternoon and evening of the 8th and lasting into the 9th north of a warm front.  A large amount of Gulf of Mexico moisture was drawn northward on a low level jet stream.  Eventually, the warm sector made it's way further north before a cold front passed through during the afternoon of the 9th.  Rainfall totals ranged from 1 to 3 inches across most of north Alabama.  Amounts of 3.5 to 4.5 inches were observed across portions of Cullman, Lawrence, Madison, Morgan, Marshall, Jackson and DeKalb counties.  Non-thunderstorm winds produced damage during the late morning of the 9th in DeKalb county possibly due to a gravity wave or wake low system.",447
297021,MARSHALL CO.,ARAB,03/09/2011,700,Flash Flood, , ,0,0,0,0,AL,CST-6, ,47541,C,95,HUN,0,0,Emergency Manager,Heavy Rain, , ,2.47,ESE,2.7,ESE,ARAB,03/09/2011,1200,34.3058,-86.4603,34.3039,-86.4634,"Flash flooding closed Mt. Oak Road between Highway 69 and Friendship Road.","Rain and thunderstorms came in multiple waves beginning during the afternoon and evening of the 8th and lasting into the 9th north of a warm front.  A large amount of Gulf of Mexico moisture was drawn northward on a low level jet stream.  Eventually, the warm sector made it's way further north before a cold front passed through during the afternoon of the 9th.  Rainfall totals ranged from 1 to 3 inches across most of north Alabama.  Amounts of 3.5 to 4.5 inches were observed across portions of Cullman, Lawrence, Madison, Morgan, Marshall, Jackson and DeKalb counties.  Non-thunderstorm winds produced damage during the late morning of the 9th in DeKalb county possibly due to a gravity wave or wake low system.",448
295399,JEFFERSON CO.,CHALKVILLE,03/09/2011,700,Flash Flood, , ,0,0,0,0,AL,CST-6, ,49726,C,73,BMX,0,0,Amateur Radio,Heavy Rain, , ,0.33,NNW,0.42,NW,CHALKVILLE,03/09/2011,1100,33.6541,-86.653,33.6531,-86.6528,"Part of Sweeney Hollow Road was closed due to flooding.","A line of thunderstorms moved through the state of Alabama on the morning of March 9th. Along with heavy rainfall that caused flash flooding in areas, these storms produced strong winds causing tree and structure damage.",449
297300,DEKALB CO.,COLLINSVILLE,03/09/2011,715,Flash Flood, , ,0,0,0,0,AL,CST-6, ,47541,C,49,HUN,0,0,Emergency Manager,Heavy Rain, , ,4.74,SSE,4.62,S,COLLINSVILLE,03/09/2011,1230,34.2041,-85.8468,34.2102,-85.8571,"Flash flooding prompted the closure of County Road 5.","Rain and thunderstorms came in multiple waves beginning during the afternoon and evening of the 8th and lasting into the 9th north of a warm front.  A large amount of Gulf of Mexico moisture was drawn northward on a low level jet stream.  Eventually, the warm sector made it's way further north before a cold front passed through during the afternoon of the 9th.  Rainfall totals ranged from 1 to 3 inches across most of north Alabama.  Amounts of 3.5 to 4.5 inches were observed across portions of Cullman, Lawrence, Madison, Morgan, Marshall, Jackson and DeKalb counties.  Non-thunderstorm winds produced damage during the late morning of the 9th in DeKalb county possibly due to a gravity wave or wake low system.",450
295418,BLOUNT CO.,ONEONTA,03/09/2011,715,Flash Flood, , ,0,0,0,0,AL,CST-6, ,49726,C,9,BMX,0,0,Emergency Manager,Heavy Rain, , ,0.2,WSW,0.24,SSW,ONEONTA,03/09/2011,1136,33.9486,-86.4731,33.9478,-86.4713,"Water was reported across multiple roads across the county, causing the roads to be closed.","A line of thunderstorms moved through the state of Alabama on the morning of March 9th. Along with heavy rainfall that caused flash flooding in areas, these storms produced strong winds causing tree and structure damage.",451
297023,DEKALB CO.,COLLINSVILLE,03/09/2011,715,Flash Flood, , ,0,0,0,0,AL,CST-6, ,47541,C,49,HUN,0,0,Emergency Manager,Heavy Rain, , ,4.4,SW,4.84,W,COLLINSVILLE,03/09/2011,1230,34.2216,-85.9201,34.2694,-85.8999,"Flash flooding prompted the closure of County Road 39.","Rain and thunderstorms came in multiple waves beginning during the afternoon and evening of the 8th and lasting into the 9th north of a warm front.  A large amount of Gulf of Mexico moisture was drawn northward on a low level jet stream.  Eventually, the warm sector made it's way further north before a cold front passed through during the afternoon of the 9th.  Rainfall totals ranged from 1 to 3 inches across most of north Alabama.  Amounts of 3.5 to 4.5 inches were observed across portions of Cullman, Lawrence, Madison, Morgan, Marshall, Jackson and DeKalb counties.  Non-thunderstorm winds produced damage during the late morning of the 9th in DeKalb county possibly due to a gravity wave or wake low system.",452
295405,TALLADEGA CO.,CHILDERSBURG,03/09/2011,715,Flash Flood, , ,0,0,10000,0,AL,CST-6, ,49726,C,121,BMX,0,0,Emergency Manager,Heavy Rain, , ,0.97,E,0.98,E,CHILDERSBURG,03/09/2011,1115,33.2721,-86.3534,33.2723,-86.3528,"A resident reported water in their home on 8th Avenue SW.","A line of thunderstorms moved through the state of Alabama on the morning of March 9th. Along with heavy rainfall that caused flash flooding in areas, these storms produced strong winds causing tree and structure damage.",453
295402,TALLADEGA CO.,COOSA PINES,03/09/2011,715,Flash Flood, , ,0,0,0,0,AL,CST-6, ,49726,C,121,BMX,0,0,Emergency Manager,Heavy Rain, , ,1.43,ESE,0.54,ESE,COOSA PINES,03/09/2011,1115,33.372,-86.3071,33.3659,-86.3046,"Swift water was reported over the roadway along Renfro and Plant Roads, just west of Talladega.","A line of thunderstorms moved through the state of Alabama on the morning of March 9th. Along with heavy rainfall that caused flash flooding in areas, these storms produced strong winds causing tree and structure damage.",454
295415,TALLADEGA CO.,EASTABOGA,03/09/2011,720,Flash Flood, , ,0,0,0,0,AL,CST-6, ,49726,C,121,BMX,0,0,Emergency Manager,Heavy Rain, , ,0.28,N,0.25,N,EASTABOGA,03/09/2011,1120,33.604,-86.0204,33.6041,-86.0195,"Flooding was reported on Highway 78 North in Eastaboga near Mudd Street.","A line of thunderstorms moved through the state of Alabama on the morning of March 9th. Along with heavy rainfall that caused flash flooding in areas, these storms produced strong winds causing tree and structure damage.",455
290718,CHOCTAW CO.,BUTLER,03/09/2011,722,Flash Flood, , ,0,0,0,0,AL,CST-6, ,49555,C,23,MOB,0,0,Law Enforcement,Heavy Rain, , ,0,N,1.23,NE,BUTLER,03/09/2011,922,32.08,-88.22,32.086,-88.2128,"Heavy rain caused widespread flooding with numerous roads closed due to water covering the road.","A powerful cold front brought widespread severe thunderstorms to southwest Alabama. These thunderstorms produced many reports of large hail...damaging winds and tornadoes. The thunderstorms also produced heavy rain which caused flash flooding.",456
290735,CHOCTAW CO.,MELVIN,03/09/2011,730,Flash Flood, , ,0,0,10000,0,AL,CST-6, ,49555,C,23,MOB,0,0,Emergency Manager,Heavy Rain, , ,2,E,2.24,E,MELVIN,03/09/2011,830,31.92,-88.4159,31.9209,-88.4114,"Heavy rain caused County Road 18 east of Melvin to be closed with one lane impassable due to water line wash out.","A powerful cold front brought widespread severe thunderstorms to southwest Alabama. These thunderstorms produced many reports of large hail...damaging winds and tornadoes. The thunderstorms also produced heavy rain which caused flash flooding.",457
295455,COOSA CO.,WEOGUFKA,03/09/2011,730,Flash Flood, , ,0,0,75000,0,AL,CST-6, ,49726,C,37,BMX,0,0,Emergency Manager,Heavy Rain, , ,1.24,E,1.06,E,WEOGUFKA,03/09/2011,1000,33.0187,-86.2986,33.017,-86.297,"County Road 56 and County Road 16 were flooded on Weogufka Creek.","A line of thunderstorms moved through the state of Alabama on the morning of March 9th. Along with heavy rainfall that caused flash flooding in areas, these storms produced strong winds causing tree and structure damage.",458
295230,ETOWAH CO.,GADSDEN,03/09/2011,730,Flash Flood, , ,0,0,0,0,AL,CST-6, ,49726,C,55,BMX,0,0,Emergency Manager,Heavy Rain, , ,0.45,SSE,0.43,SSE,GADSDEN,03/09/2011,1030,34.0137,-86.018,34.013,-86.018,"Multiple roads flooded in the city of Gadsden, including 11th Street, 6th Street, Furman Road, and College Parkway.","A line of thunderstorms moved through the state of Alabama on the morning of March 9th. Along with heavy rainfall that caused flash flooding in areas, these storms produced strong winds causing tree and structure damage.",459
290747,CHOCTAW CO.,PENNINGTON,03/09/2011,730,Flash Flood, , ,0,0,15000,0,AL,CST-6, ,49555,C,23,MOB,0,0,Emergency Manager,Heavy Rain, , ,4,W,0.86,NW,CHOCTAW,03/09/2011,830,32.2,-88.1184,32.2077,-88.1081,"Heavy rain caused a section of Highway 156 west of Pennington to be washed out.","A powerful cold front brought widespread severe thunderstorms to southwest Alabama. These thunderstorms produced many reports of large hail...damaging winds and tornadoes. The thunderstorms also produced heavy rain which caused flash flooding.",460
295414,TALLADEGA CO.,SYCAMORE,03/09/2011,731,Flash Flood, , ,0,0,0,0,AL,CST-6, ,49726,C,121,BMX,0,0,County Official,Heavy Rain, , ,0.61,NW,0.58,NW,SYCAMORE,03/09/2011,1131,33.2552,-86.2084,33.2552,-86.2073,"Six inches of water was covering a 100 foot section of Main Street in the town of Sycamore.","A line of thunderstorms moved through the state of Alabama on the morning of March 9th. Along with heavy rainfall that caused flash flooding in areas, these storms produced strong winds causing tree and structure damage.",461
297025,LAUDERDALE CO.,ANTIOCH,03/09/2011,755,Flash Flood, , ,0,0,0,0,AL,CST-6, ,47541,C,77,HUN,0,0,Emergency Manager,Heavy Rain, , ,2.2,NNW,2.23,WSW,CENTER STAR,03/09/2011,1400,34.93,-87.4828,34.8603,-87.4816,"Flash flooding prompted the closure of County Roads 31 and 258.","Rain and thunderstorms came in multiple waves beginning during the afternoon and evening of the 8th and lasting into the 9th north of a warm front.  A large amount of Gulf of Mexico moisture was drawn northward on a low level jet stream.  Eventually, the warm sector made it's way further north before a cold front passed through during the afternoon of the 9th.  Rainfall totals ranged from 1 to 3 inches across most of north Alabama.  Amounts of 3.5 to 4.5 inches were observed across portions of Cullman, Lawrence, Madison, Morgan, Marshall, Jackson and DeKalb counties.  Non-thunderstorm winds produced damage during the late morning of the 9th in DeKalb county possibly due to a gravity wave or wake low system.",462
297312,LAUDERDALE CO.,MARS HILL,03/09/2011,755,Flash Flood, , ,0,0,0,0,AL,CST-6, ,47541,C,77,HUN,0,0,Emergency Manager,Heavy Rain, , ,0.54,W,0.66,NNW,MARS HILL,03/09/2011,1400,34.8485,-87.6594,34.8563,-87.6528,"Flash flooding prompted the closure of Mars Hill Road.","Rain and thunderstorms came in multiple waves beginning during the afternoon and evening of the 8th and lasting into the 9th north of a warm front.  A large amount of Gulf of Mexico moisture was drawn northward on a low level jet stream.  Eventually, the warm sector made it's way further north before a cold front passed through during the afternoon of the 9th.  Rainfall totals ranged from 1 to 3 inches across most of north Alabama.  Amounts of 3.5 to 4.5 inches were observed across portions of Cullman, Lawrence, Madison, Morgan, Marshall, Jackson and DeKalb counties.  Non-thunderstorm winds produced damage during the late morning of the 9th in DeKalb county possibly due to a gravity wave or wake low system.",463
297313,LAUDERDALE CO.,CENTER HILL,03/09/2011,755,Flash Flood, , ,0,0,0,0,AL,CST-6, ,47541,C,77,HUN,0,0,Emergency Manager,Heavy Rain, , ,1.99,WSW,2.15,WSW,CENTER HILL,03/09/2011,1400,34.9384,-87.4622,34.9398,-87.4503,"Flash flooding prompted the closure of County Road 458.","Rain and thunderstorms came in multiple waves beginning during the afternoon and evening of the 8th and lasting into the 9th north of a warm front.  A large amount of Gulf of Mexico moisture was drawn northward on a low level jet stream.  Eventually, the warm sector made it's way further north before a cold front passed through during the afternoon of the 9th.  Rainfall totals ranged from 1 to 3 inches across most of north Alabama.  Amounts of 3.5 to 4.5 inches were observed across portions of Cullman, Lawrence, Madison, Morgan, Marshall, Jackson and DeKalb counties.  Non-thunderstorm winds produced damage during the late morning of the 9th in DeKalb county possibly due to a gravity wave or wake low system.",464
297027,LAUDERDALE CO.,ANDERSON,03/09/2011,755,Flash Flood, , ,0,0,0,0,AL,CST-6, ,47541,C,77,HUN,0,0,Emergency Manager,Heavy Rain, , ,0.9,E,0.9,ENE,ANDERSON,03/09/2011,1400,34.9209,-87.2541,34.9259,-87.2428,"Flash flooding prompted the closure of County Road 156.","Rain and thunderstorms came in multiple waves beginning during the afternoon and evening of the 8th and lasting into the 9th north of a warm front.  A large amount of Gulf of Mexico moisture was drawn northward on a low level jet stream.  Eventually, the warm sector made it's way further north before a cold front passed through during the afternoon of the 9th.  Rainfall totals ranged from 1 to 3 inches across most of north Alabama.  Amounts of 3.5 to 4.5 inches were observed across portions of Cullman, Lawrence, Madison, Morgan, Marshall, Jackson and DeKalb counties.  Non-thunderstorm winds produced damage during the late morning of the 9th in DeKalb county possibly due to a gravity wave or wake low system.",465
295434,CALHOUN CO.,GRAYTON,03/09/2011,810,Flash Flood, , ,0,0,0,0,AL,CST-6, ,49726,C,15,BMX,0,0,Law Enforcement,Heavy Rain, , ,2.32,N,2.41,N,GRAYTON,03/09/2011,1130,33.8332,-85.9635,33.8332,-85.9621,"Three feet of water was reported on Rock Springs Road.","A line of thunderstorms moved through the state of Alabama on the morning of March 9th. Along with heavy rainfall that caused flash flooding in areas, these storms produced strong winds causing tree and structure damage.",466
291181,MOBILE CO.,CITRONELLE,03/09/2011,930,Flash Flood, , ,0,0,0,0,AL,CST-6, ,49555,C,97,MOB,0,0,Emergency Manager,Heavy Rain, , ,5,SE,3.69,ESE,SIDNEY,03/09/2011,1130,31.0288,-88.1703,31.058,-88.1691,"Heavy rain caused flooded roadways in Lambert.","A powerful cold front brought widespread severe thunderstorms to southwest Alabama. These thunderstorms produced many reports of large hail...damaging winds and tornadoes. The thunderstorms also produced heavy rain which caused flash flooding.",467
290979,MOBILE CO.,CHICKASAW,03/09/2011,1000,Flash Flood, , ,0,0,0,0,AL,CST-6, ,49555,C,97,MOB,0,0,Emergency Manager,Heavy Rain, , ,5,S,0.07,SSE,MOBILE,03/09/2011,1100,30.6976,-88.08,30.6974,-88.079,"Heavy rains flooded roads near intersection of Summerville Court and Upham Street.","A powerful cold front brought widespread severe thunderstorms to southwest Alabama. These thunderstorms produced many reports of large hail...damaging winds and tornadoes. The thunderstorms also produced heavy rain which caused flash flooding.",468
291182,ESCAMBIA CO.,ATMORE,03/09/2011,1000,Flash Flood, , ,0,0,0,0,AL,CST-6, ,49555,C,53,MOB,0,0,Emergency Manager,Heavy Rain, , ,0,N,0.7,SSE,ATMORE,03/09/2011,1200,31.03,-87.5,31.0229,-87.4969,"Heavy rain caused water to cover several roadways in and around Atmore.","A powerful cold front brought widespread severe thunderstorms to southwest Alabama. These thunderstorms produced many reports of large hail...damaging winds and tornadoes. The thunderstorms also produced heavy rain which caused flash flooding.",469
291180,MOBILE CO.,BAYOU LA BATRE,03/09/2011,1000,Flash Flood, , ,0,0,0,0,AL,CST-6, ,49555,C,97,MOB,0,0,Emergency Manager,Heavy Rain, , ,0,N,2.16,W,CODEN,03/09/2011,1200,30.4,-88.23,30.3799,-88.2461,"Heavy rains caused water to cover several roads in Bayou La Batre.","A powerful cold front brought widespread severe thunderstorms to southwest Alabama. These thunderstorms produced many reports of large hail...damaging winds and tornadoes. The thunderstorms also produced heavy rain which caused flash flooding.",470
290990,MOBILE CO.,FOREST HILL,03/09/2011,1000,Flash Flood, , ,0,0,0,0,AL,CST-6, ,49555,C,97,MOB,0,0,Emergency Manager,Heavy Rain, , ,1.25,S,1.09,SSW,FOREST HILL,03/09/2011,1100,30.7021,-88.1222,30.7029,-88.124,"Heavy rain flooded roads at the intersection of Interstate 65 and Springhill Avenue.","A powerful cold front brought widespread severe thunderstorms to southwest Alabama. These thunderstorms produced many reports of large hail...damaging winds and tornadoes. The thunderstorms also produced heavy rain which caused flash flooding.",471
290980,ESCAMBIA CO.,BREWTON,03/09/2011,1030,Flash Flood, , ,0,0,0,0,AL,CST-6, ,49555,C,53,MOB,0,0,Emergency Manager,Heavy Rain, , ,0,N,0.48,SE,APPLETON,03/09/2011,1130,31.12,-87.07,31.1176,-87.068,"Heavy rain caused water to cover roadways around the area.","A powerful cold front brought widespread severe thunderstorms to southwest Alabama. These thunderstorms produced many reports of large hail...damaging winds and tornadoes. The thunderstorms also produced heavy rain which caused flash flooding.",472
291141,COVINGTON CO.,HEATH,03/09/2011,1110,Flash Flood, , ,0,0,0,0,AL,CST-6, ,49555,C,39,MOB,0,0,Emergency Manager,Heavy Rain, , ,2.03,ESE,2.5,ESE,HEATH,03/09/2011,1112,31.3365,-86.4394,31.3376,-86.4308,"Heavy rain caused water to cover the road at Harts Grocery on Antioch Road.","A powerful cold front brought widespread severe thunderstorms to southwest Alabama. These thunderstorms produced many reports of large hail...damaging winds and tornadoes. The thunderstorms also produced heavy rain which caused flash flooding.",473
291625,COVINGTON CO.,LIBERTYVILLE,03/09/2011,1115,Flash Flood, , ,0,0,0,0,AL,CST-6, ,49555,C,39,MOB,0,0,Emergency Manager,Heavy Rain, , ,2,SSE,1.48,SSE,LIBERTYVILLE,03/09/2011,1315,31.2033,-86.4371,31.2135,-86.444,"Heavy rain caused water across road near intersection of County Road 34 and Highway 55.","A powerful cold front brought widespread severe thunderstorms to southwest Alabama. These thunderstorms produced many reports of large hail...damaging winds and tornadoes. The thunderstorms also produced heavy rain which caused flash flooding.",474
301002,LAMAR CO.,KENNEDY,04/04/2011,1629,Flash Flood, , ,0,0,0,0,AL,CST-6, ,49503,C,75,BMX,0,0,Emergency Manager,Heavy Rain, , ,0.58,W,2.79,WNW,KENNEDY,04/04/2011,2129,33.58,-87.99,33.5868,-87.9974,"A few roads in southern Lamar County were closed due to high water.","A line of showers and thunderstorms moved across central Alabama on April 4th, out ahead of a strong cold front. This line of storms produced widespread damaging winds and large hail. In addition to the winds and hail, heavy rainfall, of up to 3 inches, led to short-lived flooding in some areas.",475
309583,LAWRENCE CO.,LANDERSVILLE,04/04/2011,1644,Flash Flood, , ,0,0,0,0,AL,CST-6, ,48299,C,79,HUN,0,0,Emergency Manager,Heavy Rain, , ,2.05,ESE,3.13,WNW,MOULTON,04/04/2011,1844,34.4426,-87.3351,34.4952,-87.3341,"Heavy and persistent rainfall created flash flooding across numerous county roads around Moulton. Portions of roads were impassable, including along County Roads 173, 203, 212, 213, 100 and 59.","A strong cold front produced a squall line across the Ohio, Tennessee and lower Mississippi Valleys during the afternoon and evening hours of the 4th.  Ahead of the front, windy conditions developed with wind gusts of 30 to 40 mph.  The thunderstorms produced numerous reports of minor to moderate wind damage and large hail.  Two to just over three inches of rainfall were reported.  Much of the rain came with the initial squall line, causing some minor nuisance street flooding.  Rainfall and occasional cloud to ground and inter-cloud lightning persisted several hours behind the initial line of strong to severe thunderstorms.",476
307482,LAMAR CO.,VERNON,04/15/2011,1030,Flash Flood, , ,0,0,0,0,AL,CST-6, ,50453,C,75,BMX,0,0,Emergency Manager,Heavy Rain, , ,1.36,NNW,1.84,N,VERNON,04/15/2011,1430,33.7692,-88.1251,33.7661,-88.1179,"Heavy rainfall led to flash flooding on several roadways in Vernon, including Aberdeen Road, Springfield Road, and Tower Road.","A potent storm system, which wreaked havoc across the eastern half of the United States on April 14-16, produced a significant and historic tornado outbreak across Central Alabama on April 15. Forty tornadoes, 30 of which touched down in Central Alabama, occurred in the state. At the time, this set a new record for number of tornadoes within the state from one event. This record was broken on April 27, 2011. ||A surface low developed across the Central Plains on Thursday, April 14, and strengthened as it moved into the mid-Mississippi River Valley.  In response, surface dew points in the middle to upper 60s surged northward into Central Alabama and deep vertical wind shear increased, providing support for tornadic supercell development. A weakening line of thunderstorms moved into northwest Central Alabama early Friday morning. The southern end of this line intensified by mid day as it encountered a more unstable airmass. South of the line, supercells formed in Mississippi and tracked eastward into west Central Alabama. The entire system pushed east across the area over the course of about twelve hours, exiting east Central Alabama in the early morning hours on Saturday, April 16. In addition to the thirty tornadoes, the storm system produced widespread straight line wind damage and numerous large hail reports.",477
307488,MARION CO.,WINFIELD,04/15/2011,1100,Flash Flood, , ,0,0,0,0,AL,CST-6, ,50453,C,93,BMX,0,0,Law Enforcement,Heavy Rain, , ,1.34,ENE,1.5,ENE,WINFIELD,04/15/2011,1600,33.93,-87.8,33.9312,-87.7922,"Highway 118 in Winfield had 12 inches of water over it.","A potent storm system, which wreaked havoc across the eastern half of the United States on April 14-16, produced a significant and historic tornado outbreak across Central Alabama on April 15. Forty tornadoes, 30 of which touched down in Central Alabama, occurred in the state. At the time, this set a new record for number of tornadoes within the state from one event. This record was broken on April 27, 2011. ||A surface low developed across the Central Plains on Thursday, April 14, and strengthened as it moved into the mid-Mississippi River Valley.  In response, surface dew points in the middle to upper 60s surged northward into Central Alabama and deep vertical wind shear increased, providing support for tornadic supercell development. A weakening line of thunderstorms moved into northwest Central Alabama early Friday morning. The southern end of this line intensified by mid day as it encountered a more unstable airmass. South of the line, supercells formed in Mississippi and tracked eastward into west Central Alabama. The entire system pushed east across the area over the course of about twelve hours, exiting east Central Alabama in the early morning hours on Saturday, April 16. In addition to the thirty tornadoes, the storm system produced widespread straight line wind damage and numerous large hail reports.",478
312546,COLBERT CO.,RED ROCK,04/15/2011,1125,Flash Flood, , ,0,0,0,0,AL,CST-6, ,48643,C,33,HUN,0,0,Emergency Manager,Heavy Rain, , ,0.83,WNW,0.5,SW,BARTON,04/15/2011,1430,34.7029,-87.8842,34.7196,-87.8949,"Flash flooding occurred along Patrick Lane per a photograph sent into the National Weather Service.","North Alabama averted most of the severe weather associated with a large severe weather outbreak across the deep South.  An initial area of elevated thunderstorms followed by a quasi-linear convective system (QLCS) moved through during the morning hours ahead of a northward advancing warm front.  The front eventually reached northern Alabama, but persistent rain and thunderstorms through the day limited the instability available to fuel a more widespread severe weather threat during the afternoon and evening hours.   Rainfall amounts of 2 to 4 inches resulted in brief  flooding of small creeks near Florence and Tuscumbia, and more nuisance minor street flooding elsewhere.||As the strong cold front and upper level trough approached during the evening,   a thunderstorm and meso-cyclone was responsible for knocking a couple of trees down in DeKalb County.",479
307489,WALKER CO.,JASPER,04/15/2011,1200,Flash Flood, , ,0,0,0,0,AL,CST-6, ,50453,C,127,BMX,0,0,Emergency Manager,Heavy Rain, , ,0.54,ESE,0.58,ESE,JASPER,04/15/2011,1800,33.827,-87.2713,33.8269,-87.27,"Up to 12 inches of water covered 25th Street in downtown Jasper.","A potent storm system, which wreaked havoc across the eastern half of the United States on April 14-16, produced a significant and historic tornado outbreak across Central Alabama on April 15. Forty tornadoes, 30 of which touched down in Central Alabama, occurred in the state. At the time, this set a new record for number of tornadoes within the state from one event. This record was broken on April 27, 2011. ||A surface low developed across the Central Plains on Thursday, April 14, and strengthened as it moved into the mid-Mississippi River Valley.  In response, surface dew points in the middle to upper 60s surged northward into Central Alabama and deep vertical wind shear increased, providing support for tornadic supercell development. A weakening line of thunderstorms moved into northwest Central Alabama early Friday morning. The southern end of this line intensified by mid day as it encountered a more unstable airmass. South of the line, supercells formed in Mississippi and tracked eastward into west Central Alabama. The entire system pushed east across the area over the course of about twelve hours, exiting east Central Alabama in the early morning hours on Saturday, April 16. In addition to the thirty tornadoes, the storm system produced widespread straight line wind damage and numerous large hail reports.",480
307490,TUSCALOOSA CO.,RIVER VIEW,04/15/2011,1230,Flash Flood, , ,0,0,0,0,AL,CST-6, ,50453,C,125,BMX,0,0,Law Enforcement,Heavy Rain, , ,1.34,NW,1.32,NW,RIVER VIEW,04/15/2011,1630,33.235,-87.5646,33.2352,-87.5647,"The bridge over Hunter Creek Road in Northport was closed due to water flowing over it.","A potent storm system, which wreaked havoc across the eastern half of the United States on April 14-16, produced a significant and historic tornado outbreak across Central Alabama on April 15. Forty tornadoes, 30 of which touched down in Central Alabama, occurred in the state. At the time, this set a new record for number of tornadoes within the state from one event. This record was broken on April 27, 2011. ||A surface low developed across the Central Plains on Thursday, April 14, and strengthened as it moved into the mid-Mississippi River Valley.  In response, surface dew points in the middle to upper 60s surged northward into Central Alabama and deep vertical wind shear increased, providing support for tornadic supercell development. A weakening line of thunderstorms moved into northwest Central Alabama early Friday morning. The southern end of this line intensified by mid day as it encountered a more unstable airmass. South of the line, supercells formed in Mississippi and tracked eastward into west Central Alabama. The entire system pushed east across the area over the course of about twelve hours, exiting east Central Alabama in the early morning hours on Saturday, April 16. In addition to the thirty tornadoes, the storm system produced widespread straight line wind damage and numerous large hail reports.",481
307497,JEFFERSON CO.,PATTON CHAPLE,04/15/2011,1330,Flash Flood, , ,0,0,0,0,AL,CST-6, ,50453,C,73,BMX,0,0,Emergency Manager,Heavy Rain, , ,1.59,ESE,1.57,ESE,PATTON CHAPLE,04/15/2011,1830,33.3716,-86.8044,33.3717,-86.8042,"Eight inches of water flowed across US Highway 31 in Hoover. Chace Lake Drive was also flooded.","A potent storm system, which wreaked havoc across the eastern half of the United States on April 14-16, produced a significant and historic tornado outbreak across Central Alabama on April 15. Forty tornadoes, 30 of which touched down in Central Alabama, occurred in the state. At the time, this set a new record for number of tornadoes within the state from one event. This record was broken on April 27, 2011. ||A surface low developed across the Central Plains on Thursday, April 14, and strengthened as it moved into the mid-Mississippi River Valley.  In response, surface dew points in the middle to upper 60s surged northward into Central Alabama and deep vertical wind shear increased, providing support for tornadic supercell development. A weakening line of thunderstorms moved into northwest Central Alabama early Friday morning. The southern end of this line intensified by mid day as it encountered a more unstable airmass. South of the line, supercells formed in Mississippi and tracked eastward into west Central Alabama. The entire system pushed east across the area over the course of about twelve hours, exiting east Central Alabama in the early morning hours on Saturday, April 16. In addition to the thirty tornadoes, the storm system produced widespread straight line wind damage and numerous large hail reports.",482
307501,JEFFERSON CO.,MAGELLA,04/15/2011,1400,Flash Flood, , ,0,0,0,0,AL,CST-6, ,50453,C,73,BMX,0,0,Amateur Radio,Heavy Rain, , ,2.7,S,2.64,S,MAGELLA,04/15/2011,1700,33.4314,-86.8229,33.4314,-86.8233,"Six inches of water covered Interstate 65 Northbound at Alford Avenue.","A potent storm system, which wreaked havoc across the eastern half of the United States on April 14-16, produced a significant and historic tornado outbreak across Central Alabama on April 15. Forty tornadoes, 30 of which touched down in Central Alabama, occurred in the state. At the time, this set a new record for number of tornadoes within the state from one event. This record was broken on April 27, 2011. ||A surface low developed across the Central Plains on Thursday, April 14, and strengthened as it moved into the mid-Mississippi River Valley.  In response, surface dew points in the middle to upper 60s surged northward into Central Alabama and deep vertical wind shear increased, providing support for tornadic supercell development. A weakening line of thunderstorms moved into northwest Central Alabama early Friday morning. The southern end of this line intensified by mid day as it encountered a more unstable airmass. South of the line, supercells formed in Mississippi and tracked eastward into west Central Alabama. The entire system pushed east across the area over the course of about twelve hours, exiting east Central Alabama in the early morning hours on Saturday, April 16. In addition to the thirty tornadoes, the storm system produced widespread straight line wind damage and numerous large hail reports.",483
312540,CULLMAN CO.,HANCEVILLE,04/15/2011,1516,Flash Flood, , ,0,0,0,0,AL,CST-6, ,48643,C,43,HUN,0,0,Amateur Radio,Heavy Rain, , ,1.39,NW,1.21,NW,HANCEVILLE,04/15/2011,1800,34.0843,-86.7872,34.0842,-86.7859,"Lark Street was closed due to flash flooding.","North Alabama averted most of the severe weather associated with a large severe weather outbreak across the deep South.  An initial area of elevated thunderstorms followed by a quasi-linear convective system (QLCS) moved through during the morning hours ahead of a northward advancing warm front.  The front eventually reached northern Alabama, but persistent rain and thunderstorms through the day limited the instability available to fuel a more widespread severe weather threat during the afternoon and evening hours.   Rainfall amounts of 2 to 4 inches resulted in brief  flooding of small creeks near Florence and Tuscumbia, and more nuisance minor street flooding elsewhere.||As the strong cold front and upper level trough approached during the evening,   a thunderstorm and meso-cyclone was responsible for knocking a couple of trees down in DeKalb County.",484
304986,LAMAR CO.,CREWS,04/20/2011,2015,Flash Flood, , ,0,0,5000,0,AL,CST-6, ,50454,C,75,BMX,0,0,Emergency Manager,Heavy Rain, , ,1.2,W,0.85,WSW,CREWS,04/21/2011,100,33.8975,-88.1507,33.8928,-88.147,"A portion of US-278, in the city of Sulligent, briefly became flooded due to heavy rain.","A slow moving cold front caused two rounds of severe thunderstorms across Central Alabama, the first round in the morning hours of April 20, and the second round lasting from the evening of April 20 to the early morning of April 21.  Storms in each round produced widespread damaging winds, and rainfall that lead to isolated incidents of flooding.",485
304985,LAMAR CO.,VERNON,04/20/2011,2030,Flash Flood, , ,0,0,10000,0,AL,CST-6, ,50454,C,75,BMX,0,0,Emergency Manager,Heavy Rain, , ,1.91,ESE,2.07,NNE,VERNON,04/21/2011,100,33.7358,-88.0915,33.7809,-88.0963,"Several roads in the city of Vernon became impassable due to flash flooding.","A slow moving cold front caused two rounds of severe thunderstorms across Central Alabama, the first round in the morning hours of April 20, and the second round lasting from the evening of April 20 to the early morning of April 21.  Storms in each round produced widespread damaging winds, and rainfall that lead to isolated incidents of flooding.",486
304988,FAYETTE CO.,HUBERTVILLE,04/20/2011,2045,Flash Flood, , ,0,0,30000,0,AL,CST-6, ,50454,C,57,BMX,0,0,Emergency Manager,Heavy Rain, , ,2.77,WNW,4.21,ENE,HUBERTVILLE,04/20/2011,2300,33.8368,-87.7938,33.8297,-87.7248,"Flooding was observed across the northern portions of Fayette County, described as where flooding had not been observed in a long time.","A slow moving cold front caused two rounds of severe thunderstorms across Central Alabama, the first round in the morning hours of April 20, and the second round lasting from the evening of April 20 to the early morning of April 21.  Storms in each round produced widespread damaging winds, and rainfall that lead to isolated incidents of flooding.",487
309212,FRANKLIN CO.,PLEASANT RIDGE,04/20/2011,2230,Flash Flood, , ,0,0,0,0,AL,CST-6, ,48789,C,59,HUN,0,0,Law Enforcement,Heavy Rain, , ,1.71,W,1.03,SSE,RUSSELLVILLE,04/21/2011,130,34.5,-87.71,34.5008,-87.7238,"Significant rainfall has closed County Road 48, one mile east of Russellville.","A long lived quasi-linear convective system (QLCS) developed in northern and central Mississippi and tracked eastward through northern Alabama during the early morning hours of the 20th.  A bow echo with a strong meso-vortex produced a long swath of wind damage from southern Franklin across Lawrence, Morgan, Cullman and Marshall counties.  Numerous trees were uprooted or snapped, indicating wind speeds of at least 70 mph or higher.  Trees were toppled onto two homes in Morgan and Cullman counties resulting in two injuries.  As the bow echo continued eastward, numerous reports of trees and damage to small structures were reported.   Following the storms, a meteorological phenomenon known as a wake low developed which produced a short period of damaging non-thunderstorm winds in Marshall County.  A wind gust of 60 mph was registered with this system at the Albertville, Alabama AWOS station (K8A0).  Several power outages were reported through the event.||A mesoscale convective system rolled through northern and central Alabama during the late evening hours of the 20th, and exited shortly after midnight on the 21st. Prolific lightning was generated with mainly elevated thunderstorms within the anvil region of this system across northern Alabama. A line of strong to severe thunderstorms extended south from the upper level circulation center which tracked east from northwest and west central Alabama. The storms produced sporadic thunderstorm wind damage, knocking down several trees in Franklin County. Most of the damage further east were tree limbs that did cause isolated small power outages. Although most areas received one half to one inch of rainfall, there were local amounts of one to just over two inches. This resulted in mostly nuisance minor street flooding, although one road was closed in Franklin County due to more substantial runoff.",488
309214,CULLMAN CO.,CULLMAN,04/20/2011,2234,Flash Flood, , ,0,0,0,0,AL,CST-6, ,48789,C,43,HUN,0,0,Emergency Manager,Heavy Rain, , ,0.57,W,1.74,SE,HANCEVILLE,04/21/2011,0,34.18,-86.84,34.0646,-86.7628,"Prolonged heavy rainfall led to numerous reports of flash flooding along Highway 31 between Cullman and Hanceville. Roads became nearly impassable.","A long lived quasi-linear convective system (QLCS) developed in northern and central Mississippi and tracked eastward through northern Alabama during the early morning hours of the 20th.  A bow echo with a strong meso-vortex produced a long swath of wind damage from southern Franklin across Lawrence, Morgan, Cullman and Marshall counties.  Numerous trees were uprooted or snapped, indicating wind speeds of at least 70 mph or higher.  Trees were toppled onto two homes in Morgan and Cullman counties resulting in two injuries.  As the bow echo continued eastward, numerous reports of trees and damage to small structures were reported.   Following the storms, a meteorological phenomenon known as a wake low developed which produced a short period of damaging non-thunderstorm winds in Marshall County.  A wind gust of 60 mph was registered with this system at the Albertville, Alabama AWOS station (K8A0).  Several power outages were reported through the event.||A mesoscale convective system rolled through northern and central Alabama during the late evening hours of the 20th, and exited shortly after midnight on the 21st. Prolific lightning was generated with mainly elevated thunderstorms within the anvil region of this system across northern Alabama. A line of strong to severe thunderstorms extended south from the upper level circulation center which tracked east from northwest and west central Alabama. The storms produced sporadic thunderstorm wind damage, knocking down several trees in Franklin County. Most of the damage further east were tree limbs that did cause isolated small power outages. Although most areas received one half to one inch of rainfall, there were local amounts of one to just over two inches. This resulted in mostly nuisance minor street flooding, although one road was closed in Franklin County due to more substantial runoff.",489
328820,SHELBY CO.,ACTON,06/25/2011,1800,Flash Flood, , ,0,0,0,0,AL,CST-6, ,53754,C,117,BMX,0,0,Public,Heavy Rain, , ,2.4,ESE,2.42,ESE,ACTON,06/25/2011,1900,33.3405,-86.78,33.3385,-86.7851,"Alabama Highway 119, at the I-65 interchange, became temporarily impassible due to flooding.","A warm and unstable air mass, along with a front stalled out just to Alabama's north, led to several days of isolated to scattered showers and thunderstorms.  Some of the storms produced large hail, damaging winds, and locally heavy rainfall.",490
328847,LEE CO.,ROANOKE JCT,06/26/2011,1745,Flash Flood, , ,0,0,50000,0,AL,CST-6, ,53754,C,81,BMX,0,0,Emergency Manager,Heavy Rain, , ,0.47,S,0.59,E,NORTH AUBURN,06/26/2011,2000,32.6632,-85.3809,32.6469,-85.4091,"Several areas around the city of Opelika experienced flash flooding due to thunderstorms with very heavy rain.  Water rose to the roofs of several cars, and several swift water rescues were needed.","A warm and unstable air mass, along with a front stalled out just to Alabama's north, led to several days of isolated to scattered showers and thunderstorms.  Some of the storms produced large hail, damaging winds, and locally heavy rainfall.",491
328857,JEFFERSON CO.,CAHABA HGTS,06/27/2011,1500,Flash Flood, , ,0,0,0,0,AL,CST-6, ,53754,C,73,BMX,0,0,Amateur Radio,Heavy Rain, , ,0.83,NNW,0.8,NNW,CAHABA HGTS,06/27/2011,1700,33.4608,-86.7364,33.4595,-86.7369,"Three to six inches of water flowed across Green Valley Road, in Cahaba Heights.","A warm and unstable air mass, along with a front stalled out just to Alabama's north, led to several days of isolated to scattered showers and thunderstorms.  Some of the storms produced large hail, damaging winds, and locally heavy rainfall.",492
328850,JEFFERSON CO.,CAHABA HGTS,06/27/2011,1523,Flash Flood, , ,0,0,5000,0,AL,CST-6, ,53754,C,73,BMX,0,0,Amateur Radio,Heavy Rain, , ,0.58,E,0.99,ESE,CAHABA HGTS,06/27/2011,1700,33.45,-86.72,33.4471,-86.7169,"Heavy rain caused a portion of the Cahaba River and nearby tributary streams to flood the intersection of Sicard Hollow Road and Blue Lake Drive.","A warm and unstable air mass, along with a front stalled out just to Alabama's north, led to several days of isolated to scattered showers and thunderstorms.  Some of the storms produced large hail, damaging winds, and locally heavy rainfall.",493
330275,COLBERT CO.,TUSCUMBIA,06/28/2011,800,Flash Flood, , ,0,0,0,0,AL,CST-6, ,51357,C,33,HUN,0,0,Emergency Manager,Heavy Rain, , ,0.47,N,0.48,N,TUSCUMBIA,06/28/2011,1200,34.7368,-87.6997,34.7385,-87.6995,"Cave Street was closed due to flash flooding near the Deshler High School Football Field.","A quasi-linear convective system dropped south from Tennessee into northern Alabama just after sunrise.  The storms dumped very heavy rainfall in far northwest Alabama as a secondary system moved east and merged with the southward moving system.  This enabled some areas to receive rainfall amounts of 3 to 5 inches in portions of Lauderdale and Colbert Counties.  Flash flooding resulted at many notorious low water crossings and poor drainage locations in urban areas of the Quad Cities.  In addition, the lines of storms produced damaging winds of 50 to 60 mph.",494
330276,COLBERT CO.,(MSL)MUSCLE SHOALS A,06/28/2011,854,Flash Flood, , ,0,0,0,0,AL,CST-6, ,51357,C,33,HUN,0,0,Emergency Manager,Heavy Rain, , ,0.96,WSW,0.85,WSW,(MSL)MUSCLE SHOALS A,06/28/2011,1200,34.7458,-87.6362,34.7436,-87.6358,"Flash flooding was reported at the intersection of Highway 133 and Avalon Road.  Numerous other low lying locations in Muscle Shoals experienced flash flooding.","A quasi-linear convective system dropped south from Tennessee into northern Alabama just after sunrise.  The storms dumped very heavy rainfall in far northwest Alabama as a secondary system moved east and merged with the southward moving system.  This enabled some areas to receive rainfall amounts of 3 to 5 inches in portions of Lauderdale and Colbert Counties.  Flash flooding resulted at many notorious low water crossings and poor drainage locations in urban areas of the Quad Cities.  In addition, the lines of storms produced damaging winds of 50 to 60 mph.",495
331380,LAUDERDALE CO.,ARKDELL,06/28/2011,950,Flash Flood, , ,0,0,0,0,AL,CST-6, ,51357,C,77,HUN,0,0,Emergency Manager,Heavy Rain, , ,2.07,NNW,2.48,NNW,ARKDELL,06/28/2011,1202,34.9959,-87.4382,35.0012,-87.435,"County Road 462 was closed due to flash flooding.","A quasi-linear convective system dropped south from Tennessee into northern Alabama just after sunrise.  The storms dumped very heavy rainfall in far northwest Alabama as a secondary system moved east and merged with the southward moving system.  This enabled some areas to receive rainfall amounts of 3 to 5 inches in portions of Lauderdale and Colbert Counties.  Flash flooding resulted at many notorious low water crossings and poor drainage locations in urban areas of the Quad Cities.  In addition, the lines of storms produced damaging winds of 50 to 60 mph.",496
331379,LAUDERDALE CO.,LEXINGTON,06/28/2011,950,Flash Flood, , ,0,0,5000,0,AL,CST-6, ,51357,C,77,HUN,0,0,Emergency Manager,Heavy Rain, , ,1.14,E,1.89,E,LEXINGTON,06/28/2011,1202,34.971,-87.35,34.9712,-87.3401,"A vehicle was flooded and floating down a creek near County Road 502.  No one was in the vehicle.  Additional roads were also closed between Lexington and Killen due to flash flooding.","A quasi-linear convective system dropped south from Tennessee into northern Alabama just after sunrise.  The storms dumped very heavy rainfall in far northwest Alabama as a secondary system moved east and merged with the southward moving system.  This enabled some areas to receive rainfall amounts of 3 to 5 inches in portions of Lauderdale and Colbert Counties.  Flash flooding resulted at many notorious low water crossings and poor drainage locations in urban areas of the Quad Cities.  In addition, the lines of storms produced damaging winds of 50 to 60 mph.",497
331378,LAUDERDALE CO.,LEXINGTON,06/28/2011,950,Flash Flood, , ,0,0,0,0,AL,CST-6, ,51357,C,77,HUN,0,0,Emergency Manager,Heavy Rain, , ,1.6,E,1.13,E,LEXINGTON,06/28/2011,1202,34.9717,-87.3418,34.9722,-87.3468,"County Road 502 was closed in Lexington due to flash flooding.","A quasi-linear convective system dropped south from Tennessee into northern Alabama just after sunrise.  The storms dumped very heavy rainfall in far northwest Alabama as a secondary system moved east and merged with the southward moving system.  This enabled some areas to receive rainfall amounts of 3 to 5 inches in portions of Lauderdale and Colbert Counties.  Flash flooding resulted at many notorious low water crossings and poor drainage locations in urban areas of the Quad Cities.  In addition, the lines of storms produced damaging winds of 50 to 60 mph.",498
331376,LAUDERDALE CO.,CENTER STAR,06/28/2011,950,Flash Flood, , ,0,0,0,0,AL,CST-6, ,51357,C,77,HUN,0,0,Emergency Manager,Heavy Rain, , ,1.84,WSW,1.8,WSW,CENTER STAR,06/28/2011,1202,34.86,-87.48,34.859,-87.4798,"County Road 31 was closed near Center Star.  Time estimated.","A quasi-linear convective system dropped south from Tennessee into northern Alabama just after sunrise.  The storms dumped very heavy rainfall in far northwest Alabama as a secondary system moved east and merged with the southward moving system.  This enabled some areas to receive rainfall amounts of 3 to 5 inches in portions of Lauderdale and Colbert Counties.  Flash flooding resulted at many notorious low water crossings and poor drainage locations in urban areas of the Quad Cities.  In addition, the lines of storms produced damaging winds of 50 to 60 mph.",499
331377,LAUDERDALE CO.,WHITEHEAD,06/28/2011,950,Flash Flood, , ,0,0,0,0,AL,CST-6, ,51357,C,77,HUN,0,0,Emergency Manager,Heavy Rain, , ,0.57,E,1.13,ENE,WHITEHEAD,06/28/2011,1202,34.88,-87.31,34.8822,-87.3098,"County Road 96 was closed at the creek in Rogersville due to flash flooding.","A quasi-linear convective system dropped south from Tennessee into northern Alabama just after sunrise.  The storms dumped very heavy rainfall in far northwest Alabama as a secondary system moved east and merged with the southward moving system.  This enabled some areas to receive rainfall amounts of 3 to 5 inches in portions of Lauderdale and Colbert Counties.  Flash flooding resulted at many notorious low water crossings and poor drainage locations in urban areas of the Quad Cities.  In addition, the lines of storms produced damaging winds of 50 to 60 mph.",500
