EVENT_ID,CZ_NAME_STR,BEGIN_LOCATION,BEGIN_DATE,BEGIN_TIME,EVENT_TYPE,MAGNITUDE,TOR_F_SCALE,DEATHS_DIRECT,INJURIES_DIRECT,DAMAGE_PROPERTY_NUM,DAMAGE_CROPS_NUM,STATE_ABBR,CZ_TIMEZONE,MAGNITUDE_TYPE,EPISODE_ID,CZ_TYPE,CZ_FIPS,WFO,INJURIES_INDIRECT,DEATHS_INDIRECT,SOURCE,FLOOD_CAUSE,TOR_LENGTH,TOR_WIDTH,BEGIN_RANGE,BEGIN_AZIMUTH,END_RANGE,END_AZIMUTH,END_LOCATION,END_DATE,END_TIME,BEGIN_LAT,BEGIN_LON,END_LAT,END_LON,EVENT_NARRATIVE,EPISODE_NARRATIVE,ABSOLUTE_ROWNUMBER
5537085,JEFFERSON CO.,BIRMINGHAM,01/26/1996,1400,Flash Flood, , ,0,0,75000,0,AL,CST, ,2404566,C,73,BMX,0,0, , , , , , , , ,BIRMINGHAM,01/26/1996,1800, , , , ,"","Heavy rain caused flash flooding in the Village Creek area where some people were evacuated.  A number of underpasses were flooded in the heavy rain especially on the north side of Birmingham and in the Tarrant area.  Shades Creek was out of its banks in the Eastwood Mall area.  Additional flash flooding was reported in Vestavia Hills and in the Oxmoor Valley area of Patton Creek.",1
5537089,TALLADEGA CO.,CHILDERSBURG,01/30/1996,2145,Flash Flood, , ,0,0,0,0,AL,CST, ,1000616,C,121,BMX,0,0, , , , , , , , ,CHILDERSBURG,01/31/1996,0, , , , ,"","Flash flooding was reported in Childersburg where an apartment house was threatened by rising water.  Highway 76 from Childersburg to Winterboro was also reported to be flooded.",2
5540115,BIBB CO.,COUNTYWIDE,02/02/1996,1010,Flash Flood, , ,0,0,12000,0,AL,CST, ,2403575,C,7,BMX,0,0, , , , , , , , ,COUNTYWIDE,02/02/1996,1300, , , , ,"","Several county roads were closed in Bibb County due to high water caused by heavy rain and flash flooding.",3
5540114,CHILTON CO.,UNKNOWN,02/02/1996,1600,Flash Flood, , ,1,0,0,0,AL,CST, ,2403574,C,21,BMX,0,0, , , , , , , , ,UNKNOWN,02/02/1996,1600, , , , ,"","Heavy rain was responsible for flooding a number of small streams and creeks across Chilton County.  A woman was killed on County Highway 46 when her car was swept into a creek.  Time of the event is approximate.  Rainfall reported from several observing sites in Chilton County was in the 1.5 to 2 inch range.",4
5546747,SHELBY CO.,COUNTYWIDE,03/06/1996,20,Flash Flood, , ,0,0,200000,25000,AL,CST, ,2030285,C,117,BMX,0,0, , , , , , , , ,COUNTYWIDE,03/06/1996,800, , , , ,"","Heavy rains caused flash flooding along Buck Creek in Pelham and Alabaster, flash flooding in Columbiana primarily resulting in road closures, along Cahaba Valley Road between US 280 and Interstate 65, and along a section of the Cahaba River in Shelby County.",5
5546727,CHEROKEE CO.,CHEROKEE,03/06/1996,115,Flash Flood, , ,0,0,0,0,AL,CST, ,1002796,C,19,BMX,0,0, , , , ,3,N,3,N,CHEROKEE,03/06/1996,115, , , , ,"","North Pike Road was reported flooded by heavy rains about 3 miles north of Cherokee.",6
5546728,LAUDERDALE CO.,FLORENCE,03/06/1996,120,Flash Flood, , ,0,0,25000,0,AL,CST, ,2030267,C,77,BMX,0,0, , , , ,17,NW,17,NW,FLORENCE,03/06/1996,130, , , , ,"","Several roads in the western part of Lauderdale County west of the Natchez Trace Parkway were reported flooded by heavy rain.",7
5546729,MADISON CO.,MADISON,03/06/1996,240,Flash Flood, , ,0,0,15000,0,AL,CST, ,2030268,C,89,BMX,0,0, , , , , , , , ,MADISON,03/06/1996,240, , , , ,"","Several roads in Madison were barricaded due to high water from heavy rain.",8
5546730,MORGAN CO.,DECATUR,03/06/1996,300,Flash Flood, , ,0,0,0,0,AL,CST, ,2030269,C,103,BMX,0,0, , , , , , , , ,DECATUR,03/06/1996,300, , , , ,"","Several roads in the southwest portion of Decatur were reported flooded due to heavy rain.",9
5546537,JEFFERSON CO.,TARRANT,03/06/1996,730,Flash Flood, , ,0,0,65000,0,AL,CST, ,2030250,C,73,BMX,0,0, , , , , , , , ,TARRANT,03/06/1996,730, , , , ,"","Heavy rain created flash flooding along Five Mile Creek in the Tarrant area of Jefferson County.  Highway 79 was partially closed due to water on the southbound lanes and a number of other roads were closed by high water.  At one point, a trailer park was threatened by the rising water.",10
5546742,LIMESTONE CO.,BELLE MINA,03/06/1996,2110,Flash Flood, , ,0,0,18000,0,AL,CST, ,2030280,C,83,BMX,0,0, , , , , , , , ,BELLE MINA,03/06/1996,2130, , , , ,"","Water was reported over the roads in the area from Belle Mina to Greenbrier and one road in Capshaw was flooded.",11
5546743,LAWRENCE CO.,TERRYTOWN,03/06/1996,2135,Flash Flood, , ,0,0,25000,0,AL,CST, ,2030281,C,79,BMX,0,0, , , , , , , , ,TERRYTOWN,03/06/1996,2135, , , , ,"","County Roads 110 and 50 were reported flooded by heavy rains in the area of Terrytown.",12
5546759,BIBB CO.,COUNTYWIDE,03/07/1996,100,Flash Flood, , ,0,0,20000,0,AL,CST, ,2030297,C,7,BMX,0,0, , , , , , , , ,COUNTYWIDE,03/07/1996,545, , , , ,"","Heavy rains produced flash flooding in several places across Bibb County.  County Road 10 was reported as impassable from Centreville to West Blocton.  County Road 9 north of Highway 25 had water across it up to one foot deep in places.",13
5546745,TALLADEGA CO.,NORTHERN PORTION,03/07/1996,300,Flash Flood, , ,0,1,45000,15000,AL,CST, ,2030283,C,121,BMX,0,0, , , , , , , , ,NORTHERN PORTION,03/07/1996,600, , , , ,"","Heavy rains caused flash flooding across the northern portion of Talladega County swelling creeks and flooding a number of roads.  One man escaped with minor injuries when he tried to drive through a flooded section of road in Lincoln and his car was swepted into a stream and destroyed.",14
5543620,MOBILE CO.,FOWL RIVER,04/14/1996,2000,Flash Flood, , ,0,0,300000,0,AL,CST, ,2032260,C,97,MOB,0,0, , , , , , , , ,FOWL RIVER,04/15/1996,500, , , , ,"","Ten to Twelve inches of rainfall in a twelve hour period caused several roads to flood in the south parts of Mobile county, generally along and south of I-10.  Flooding of the roads started about 800 pm Sunday evening and continued through 500 am Monday morning.  Many roads had to be closed until water had drained from them.  Many roads near the Fowl River became impassable and a portion of Lauendine Road was washed away.  Traffic had to be rerouted until the road could be repaired.  A couple of homes near the Fowl River had water in them and residents had to evacuate.  A resident near the Fowl River, who raises exotic fish,  saw rising water carry away most of his fish.  As a result of the heavy rains, a sewer pipe collapsed spilling 400,000 gallons of untreated waste water into Halls Mill Creek.",15
5543621,BALDWIN CO.,DAPHNE,04/14/1996,2100,Flash Flood, , ,0,0,200000,0,AL,CST, ,2032261,C,3,MOB,0,0, , , , , , , , ,DAPHNE,04/15/1996,500, , , , ,"","Rains of around ten inches caused many roads to become impassable in the south central part of Baldwin county.  People living along the Fish River were the hardest hit.  The roads started flooding around 900 pm on Sunday evening and continued until 500 am Monday morning.  High water cut a 7-foot gap across County Road 48 near Alabama 59.  County Road 48 had to also be closed east of Fairhope.  About a mile section of Main Street in Daphne had to be closed due to a washout.  A couple of roads in the Robertsdale area had to also be closed due to washouts. Ten County bridges were still closed due to high water late Monday.",16
5554625,JEFFERSON CO.,BESSEMER,05/28/1996,1500,Flash Flood, , ,0,0,15000,0,AL,CST, ,2034186,C,73,BMX,0,0, , , , , , , , ,BESSEMER,05/28/1996,1700, , , , ,"","Flash flooding was reported in Bessemer where heavy rains flooded a number of roads.",17
5550814,DEKALB CO.,FORT PAYNE,06/12/1996,845,Flash Flood, , ,0,0,10000,0,AL,CST, ,1010187,C,49,BMX,0,0, , , , , , , , ,FORT PAYNE,06/12/1996,1045, , , , ,"","A heavy downpour caused street flooding in a number of locations around Fort Payne.",18
5550967,JEFFERSON CO.,BIRMINGPORT,06/19/1996,1400,Flash Flood, , ,0,0,10000,0,AL,CST, ,2037130,C,73,BMX,0,0, , , , , , , , ,BIRMINGPORT,06/19/1996,1500, , , , ,"","Heavy rain created localized flooding including the flooding of some streets in the Birmingport area.",19
5550974,LAUDERDALE CO.,FLORENCE,06/23/1996,1400,Flash Flood, , ,0,0,10000,0,AL,CST, ,2037137,C,77,BMX,0,0, , , , , , , , ,FLORENCE,06/23/1996,1500, , , , ,"","Heavy rain caused street flooding.  A woman was trapped inside her car when water started rising and the car stalled.",20
5561481,TUSCALOOSA CO.,TUSCALOOSA,07/24/1996,1600,Flash Flood, , ,0,0,65000,0,AL,CST, ,2039812,C,125,BMX,0,0, , , , , , , , ,TUSCALOOSA,07/24/1996,1800, , , , ,"","About two inches of rain fell in Tuscaloosa in less than an hour causing serious flash flooding in the city.  The water was reported to be four feet deep in some areas.  About 50 cars were damaged in a used car dealership due to rising water.  The water was high enough to cause cars to float.  Several small bridges over small creeks were washed away.",21
5561485,CHAMBERS CO.,LANETT,07/24/1996,2115,Flash Flood, , ,0,0,15000,2000,AL,CST, ,2039815,C,17,BMX,0,0, , , , , , , , ,LANETT,07/24/1996,2300, , , , ,"","Heavy rain caused flash flooding that closed all roads in the city of Lanett.  One person was trapped in their car due to rapidly rising water.",22
5568071,AUTAUGA CO.,PRATTVILLE,08/08/1996,1300,Flash Flood, , ,0,0,10000,0,AL,CST, ,2044261,C,1,BMX,0,0, , , , , , , , ,PRATTVILLE,08/08/1996,1445, , , , ,"","Downtown Prattville and parts of Autauga Creek were flooded.  Time of the event is estimated.",23
5568070,LAUDERDALE CO.,FLORENCE,08/08/1996,1430,Flash Flood, , ,0,0,10000,0,AL,CST, ,2044260,C,77,BMX,0,0, , , , , , , , ,FLORENCE,08/08/1996,1600, , , , ,"","Heavy rain associated with a thunderstorm caused flash flooding of low lying areas in Florence.  Water was reported to be 1 to 2 feet deep in some locations.  Time is estimated.",24
5566255,WILCOX CO.,COY,08/30/1996,900,Flash Flood, , ,0,0,15000,0,AL,CST, ,2045205,C,131,MOB,0,0, , , , , , , , ,COY,08/30/1996,1400, , , , ,"","Heavy rains of around eight inches caused several roads in the southwest part of the county to be closed.  The rains started around 730 am and by 900 am many of the roads were becoming impassable.  Most of the roads remained closed into the afternoon hours.  The hardest hit were the Coy and Dry Forks areas",25
5566256,CLARKE CO.,SCYRENE,08/30/1996,915,Flash Flood, , ,0,0,15000,0,AL,CST, ,2045206,C,25,MOB,0,0, , , , , , , , ,SCYRENE,08/30/1996,1800, , , , ,"","Rainfall of around eight inches caused many roads in the east part of the county to become impassable.  The rains started around 800 am and continued into the afternoon.  Many of the roads remained closed until the early evening hours.  The hardest hit areas were Nettleboro, Scyrene and Chance.  Most of the roads that had to be closed were dirt roads.",26
5566257,MONROE CO.,HYBART,08/30/1996,930,Flash Flood, , ,0,0,15000,0,AL,CST, ,1018954,C,99,MOB,0,0, , , , , , , , ,HYBART,08/30/1996,1800, , , , ,"","Rainfall of up to eight inches caused many roads in the northwest part of the county to be closed.  The storm that caused the heavy rains remained almost stationary over southwest Wilcox, east Clarke and northwest Monroe counties for most of the morning then slowly moved southeast during the afternoon.  Most of the roads that had to be closed were dirt roads.  The roads remained closed into the early evening hours.  The hardest hit areas were Hybart and Franklin.",27
5566258,BALDWIN CO.,STAPLETON,08/30/1996,1830,Flash Flood, , ,0,0,2000,0,AL,CST, ,2045207,C,3,MOB,0,0, , , , , , , , ,STAPLETON,08/30/1996,1930, , , , ,"","Rains of 3 to 4 inches in the Stapleton area caused Alabama 59 to be closed for an hour or so until water had drained from the road.  The storm that caused the rains had dumped up to eight inches of rain over parts of Clarke, Monroe and Wilcox counties earlier in the day.",28
5564095,TUSCALOOSA CO.,TUSCALOOSA,09/02/1996,1730,Flash Flood, , ,0,0,30000,0,AL,CST, ,2046584,C,125,BMX,0,0, , , , , , , , ,TUSCALOOSA,09/02/1996,1830, , , , ,"","A thunderstorm dropped heavy rain on downtown Tuscaloosa causing flash flooding with water getting in to at least four businesses.",29
5564101,CULLMAN CO.,CULLMAN,09/16/1996,1600,Flash Flood, , ,0,1,30000,5000,AL,CST, ,2046600,C,43,BMX,0,0, , , , , , , , ,CULLMAN,09/16/1996,1800, , , , ,"","Heavy rain with a thunderstorm produced flash flooding in Cullman.  A teenager was sucked into a drainage ditch and came out two blocks away. Highways 31 and 278 were closed due to high water and numerous cars floated away.",30
5581411,AUTAUGA CO.,PRATTVILLE,12/01/1996,118,Flash Flood, , ,0,0,8000,0,AL,CST, ,2053783,C,1,BMX,0,0, , , , , , , , ,PRATTVILLE,12/01/1996,145, , , , ,"","Streets were reported flooded in Prattville.",31
5581412,ELMORE CO.,MILLBROOK,12/01/1996,143,Flash Flood, , ,0,0,10000,0,AL,CST, ,2053784,C,51,BMX,0,0, , , , , , , , ,MILLBROOK,12/01/1996,200, , , , ,"","A car was washed off the road and into a ditch along with tremendous street flooding in the Millbrook area in the southwestern part of the county.",32
5581419,JEFFERSON CO.,CENTERPOINT,12/12/1996,1450,Flash Flood, , ,0,0,7000,0,AL,CST, ,2053790,C,73,BMX,0,0, , , , , , , , ,CENTERPOINT,12/12/1996,1515, , , , ,"","Street flooding was reported in the Centerpoint area.",33
5591235,MARSHALL CO.,ARAB,01/05/1997,105,Flash Flood, , ,0,0,5000,2000,AL,CST, ,2058186,C,95,BMX,0,0, , , , , , , , ,ARAB,01/05/1997,145, , , , ,"","Several roads were reported underwater in the town of Arab in the southwestern part of the county.",34
5591574,CULLMAN CO.,CULLMAN,02/21/1997,740,Flash Flood, , ,0,0,2000,0,AL,CST, ,2058800,C,43,BMX,0,0, , , , , , , , ,CULLMAN,02/21/1997,740, , , , ,"","Street flooding was reported in Cullman as a result of heavy rain.",35
5587849,WALKER CO.,JASPER,02/28/1997,700,Flash Flood, , ,0,0,10000,0,AL,CST, ,2058810,C,127,BMX,0,0, , , , , , , , ,JASPER,02/28/1997,800, , , , ,"","Heavy rain produced flash flooding in Jasper.  Two to three feet of water was reported on some roads.  School opening was delay one hour due to the flash flooding.",36
5587848,ETOWAH CO.,GADSDEN,02/28/1997,840,Flash Flood, , ,0,0,10000,0,AL,CST, ,2058809,C,55,BMX,0,0, , , , , , , , ,GADSDEN,02/28/1997,900, , , , ,"","Flash flooding was reported in Gadsden and Attalla.  Three to four feet of water flooded streets in several locations in these cities.",37
5587850,ELMORE CO.,ELMORE,02/28/1997,1200,Flash Flood, , ,0,0,10000,0,AL,CST, ,2058811,C,51,BMX,0,0, , , , , , , , ,ELMORE,02/28/1997,1300, , , , ,"","Several streets were closed in the Elmore and Lucky Town communities due to several feet of water over a number of roads.  Alabama Highway 143 was one of the roads closed by flash flooding.  A few homes in Lucky Town were flooded when water got into them.",38
5598951,MARION CO.,HAMILTON,05/02/1997,1800,Flash Flood, , ,0,0,15000,2000,AL,CST, ,2063326,C,93,BMX,0,0, , , , , , , , ,HAMILTON,05/02/1997,2200, , , , ,"","Up to seven inches of rain fell causing several roads to wash out including CR 95 between SR 253 and SR 44.  In Winfield, the city park was under up to 6 feet of water, destroying an ice machine, a pitching machine and a concession stand. The next day, a 31 year old Mississippi woman drowned, when her raft capsized while rafting along the Buttahatchee River near Hamilton.",39
5598952,MARION CO.,WINFIELD,05/02/1997,1800,Flash Flood, , ,0,0,20000,2000,AL,CST, ,2063326,C,93,BMX,0,0, , , , , , , , ,WINFIELD,05/02/1997,2200, , , , ,"","Up to seven inches of rain fell causing several roads to wash out including CR 95 between SR 253 and SR 44.  In Winfield, the city park was under up to 6 feet of water, destroying an ice machine, a pitching machine and a concession stand. The next day, a 31 year old Mississippi woman drowned, when her raft capsized while rafting along the Buttahatchee River near Hamilton.",40
5598953,MARSHALL CO.,GUNTERSVILLE,05/02/1997,2000,Flash Flood, , ,0,0,40000,5000,AL,CST, ,2063327,C,95,BMX,0,0, , , , , , , , ,GUNTERSVILLE,05/03/1997,200, , , , ,"Over 5 inches of rain fell over parts of the county causing storm drains to fill up quickly.  Several roads were washed away and water businesses and homes had up to 1 1/2 feet of water in them.  The fire station in Guntersville had several inches of water in the truck bay.","",41
5598954,BLOUNT CO.,BLOUNTSVILLE,05/03/1997,100,Flash Flood, , ,0,0,35000,3000,AL,CST, ,2063328,C,9,BMX,0,0, , , , , , , , ,BLOUNTSVILLE,05/03/1997,500, , , , ,"Eighteen people had to be evacuated from a mobile home park, some of them by boat, when a small creek flooded causing several feet of water in the park.  Several cars were totally submerged and the water reached into a few of the homes.","",42
5599883,CLARKE CO.,JACKSON,05/28/1997,1830,Flash Flood, , ,0,0,2000,0,AL,CST, ,2063081,C,25,MOB,0,0, , , , , , , , ,JACKSON,05/29/1997,330, , , , ,"Sections of SH 177 were washed out and other roads in the south part of the county were impassable from the early evening hours into the early morning hours because of high water.  WSR-88D estimated that  8 to 10 inches of rain fell in this area from late afternoon through the early morning hours.  Most of the rain fell during the evening hours.","",43
5599884,WASHINGTON CO.,ST STEPHENS,05/28/1997,1845,Flash Flood, , ,0,0,2000,0,AL,CST, ,2063082,C,129,MOB,0,0, , , , , , , , ,ST STEPHENS,05/29/1997,300, , , , ,"Several secondary roads were closed in central and southeastern sections of the county overnight due to high water.  WSR-88D estimated that 5 to 7 inches of rain fell in this area during the afternoon into the early morning hours.  Most of the rain fell during the evening.","",44
5599882,CHOCTAW CO.,BUTLER,05/28/1997,1845,Flash Flood, , ,0,0,1000,0,AL,CST, ,2063080,C,23,MOB,0,0, , , , , , , , ,BUTLER,05/29/1997,330, , , , ,"Several roads in the Butler community were closed overnight due to high water.   Also,  several secondary roads in the southern sections of the county had to be closed overnight due to high water.  WSR-88D estimated that  6 to 8 inches of rain fell in central and southern sections of the county during the afternoon into the early morning hours.  Most of the rain fell during the evening hours.","",45
5600244,MOBILE CO.,MOBILE,05/28/1997,2015,Flash Flood, , ,0,0,10000,0,AL,CST, ,2063088,C,97,MOB,0,0, , , , , , , , ,MOBILE,05/28/1997,2215, , , , ,"Heavy rains fell around the Mobile area during the evening.  The heaviest rain fell in the twelvemile and threemile creek basins, from Moffett Road, across Municipal Park across Airport Blvd to Cottage Hill Road at University.   Up to 9 inches of rain fell in this area in 3 to 4 hours with 4.52 inches falling in one hour near the USA Campus.  Several Streets in this area had standing water 3 to 4 feet deep in intersections.  One such intersection was at University and Old Shell,  near where the 4.52 inches of rainfall occurred.    A mother and her  young son tried to avoid this flooded intersection and became disoriented,  driving into a flooded drainage ditch.   The car they were in was then swept away into swollen twelvemile creek.  Someone tried to save them but was unable to do so.  The automobile  was found one mile down the ditch and the two bodies were recovered two days later in Municipal Park Lake.","",46
5599887,BUTLER CO.,GARLAND,05/28/1997,2100,Flash Flood, , ,0,0,1500,0,AL,CST, ,2063085,C,13,MOB,0,0, , , , , , , , ,GARLAND,05/29/1997,100, , , , ,"Heavy rains caused Persimmon Creek,  southeast of Garland,  to overflow its banks at CR 8. The road was closed for several hours until the water receded.  WSR-88D estimated that 2 to 4 inches of rain fell in this area, during a three hour  period.","",47
5604226,MOBILE CO.,EIGHT MILE,06/05/1997,1400,Flash Flood, , ,0,0,1000,0,AL,CST, ,2063986,C,97,MOB,0,0, , , , , , , , ,EIGHT MILE,06/05/1997,1430, , , , ,"Several streets around Eight Mile were flooded with up to two feet of water.  Several secondary roads off of US HWY 45 had to be closed for a short time until water receded.  Radar estimated that 3 to 5 inches of rain fell in this area in a two hour period.","",48
5605525,MARSHALL CO.,ALBERTVILLE,06/17/1997,900,Flash Flood, , ,0,0,12000,0,AL,CST, ,2064053,C,95,BMX,0,0, , , , , , , , ,ALBERTVILLE,06/17/1997,1100, , , , ,"Several inches of rain fell in a short period of time and caused an earthen dam to partially break, several roads to flood and a mobile home to almost wash away.  There was a foot of water in many locations.","",49
5605527,LAWRENCE CO.,MOULTON,06/21/1997,1200,Flash Flood, , ,0,0,15000,0,AL,CST, ,2064055,C,79,BMX,0,0, , , , , , , , ,MOULTON,06/21/1997,1600, , , , ,"Almost one inch of rain fell in about an hour over saturated grounds causing flooding in many locations.  Several home had water inside, up to 12 inches.  Several businesses in downtown were also flooded.  There were also a few roads under water.","",50
5605528,BLOUNT CO.,ONEONTA,06/22/1997,200,Flash Flood, , ,0,0,10000,0,AL,CST, ,2064056,C,9,BMX,0,0, , , , , , , , ,ONEONTA,06/22/1997,500, , , , ,"The Blount County EMA reported a few roads under water, and a Piggly Wiggly store had several inches of water in it as well as two other businesses.","",51
5605529,WALKER CO.,JASPER,06/28/1997,2000,Flash Flood, , ,0,0,15000,0,AL,CST, ,2064057,C,127,BMX,0,0, , , , , , , , ,JASPER,06/29/1997,0, , , , ,"Several inches of rain fell over already saturated grounds and flooding resulted.  Water was two feet deep in a few locations.  A few businesses were flooded, and cars were stranded when trying to cross the flooded roadways.  Several roads had to be blocked off for over two hours, including 18th and 19th Street, and a section of Old US 78.","",52
5605531,PICKENS CO.,GORDO,06/30/1997,1730,Flash Flood, , ,0,0,25000,0,AL,CST, ,2064059,C,107,BMX,0,0, , , , , , , , ,GORDO,06/30/1997,1900, , , , ,"Heavy rains forced the evacuation of between 7 and 10 families from their homes off US 82 in Gordo.  Heavy rain also damaged a portion of Preacher Street.","",53
5611670,MORGAN CO.,DECATUR,07/08/1997,1400,Flash Flood, , ,0,0,18000,0,AL,CST, ,2066840,C,103,BMX,0,0, , , , , , , , ,DECATUR,07/08/1997,1600, , , , ,"Heavy rains, about an inch in 15 minutes, snarled traffic and flooded many downtown roads in Decatur.  Numerous cars were flooded out and water reportedly got into the city hall and courthouse buildings but not significant damage occurred.","",54
5611773,TALLADEGA CO.,SYLACAUGA,07/17/1997,1400,Flash Flood, , ,0,0,20000,0,AL,CST, ,1045339,C,121,BMX,0,0, , , , , , , , ,SYLACAUGA,07/17/1997,1530, , , , ,"Flash flooding resulted from a heavy downpour in the Sylacauga area.  Several business had several inches of water in them.  The Chamber of Commerce, the local newspaper, and several business were flooded in the downtown area.","",55
5607278,MOBILE CO.,TILLMANS CORNER,07/19/1997,1000,Flash Flood, , ,0,0,0,0,AL,CST, ,2066246,C,97,MOB,0,0, , , , , , , , ,TILLMANS CORNER,07/21/1997,2230, , , , ,"Torrential rains from Hurricane Danny began falling in the south part of Mobile county during Saturday morning and continued falling through the remainder of the day Saturday and through most of the day Sunday.  Radar estimates of around 43 inches fell over Mobile Bay with rainfall measurements of 30 to 35 inches common in the south part of the county.  This caused extensive flooding across the south part of the county generally south of I-10.  The Fowl river came out of its banks  Saturday afternoon and did not start receding until during the day on Monday.  Numerous homes along the river were flooded and people were forced to evacuate.  The highest recorded rainfall was along the east side of Dauphin Island where 36.71 inches of rain fell.  Numerous roads in the south part of the county were closed from Saturday through Monday due to high water.  Some were completely washed out and it took weeks  before they were reopened.","",56
5607395,BALDWIN CO.,FAIRHOPE,07/19/1997,2100,Flash Flood, , ,0,0,0,0,AL,CST, ,2066247,C,3,MOB,0,0, , , , , , , , ,FAIRHOPE,07/21/1997,2230, , , , ,"Torrential rains from Hurricane Danny started falling in Baldwin county Saturday evening and the Fish river came out of its banks and remained out of its banks for several days.  People living along the river were forced to evacuate and numerous homes sustained major water damage.  Most of the roads in the south part of the county, generally south of U. S. Highway 98, had to be closed due to high water.  Many of the roads in this area were closed into Monday evening to allow the water to recede.  Some roads had to be closed for several weeks before crews had time to get them in a condition to allow traffic on them again.  The heaviest rainfall in this area was estimated to be 30 to 35 inches with some estimations of even higher amounts near Weeks Bay.","",57
5607442,CHOCTAW CO.,LISMAN,07/21/1997,700,Flash Flood, , ,0,0,0,0,AL,CST, ,2066249,C,23,MOB,0,0, , , , , , , , ,LISMAN,07/22/1997,130, , , , ,"","Heavy rains from hurricane Danny moved into Choctaw county during the early morning hours  of Monday.  Several streams came out of their banks by 700 am.  Rainfall totals for the two days was around 15 inches.  This caused extensive flooding along the Okatuppa and Bogueloosa creeks which drain through most of the central and south parts of the county.  Most of the roads from Lisman to Butler to Gilbertown had to be closed until the water had drained.  The flooding continued through the day on Monday and subsided during the early morning hours on Tuesday.  Heavy rains again developed over the county Tuesday morning and warnings had to be reissued.  The same two creeks again came out of their banks causing almost the same area that was flooded on Monday to be inundated again.  Roads again had to be closed from Lisman to Butler to near Gilbertown.  Some secondary dirt roads had to be closed for several days until crews could get in and fix the washouts.  This was one of the worst flooding events for this area in years.",58
5611774,TUSCALOOSA CO.,TUSCALOOSA,07/22/1997,415,Flash Flood, , ,0,0,25000,0,AL,CST, ,2066849,C,125,BMX,0,0, , , , , , , , ,TUSCALOOSA,07/22/1997,415, , , , ,"Heavy rains from the remnants of Hurricane Danny caused flash flooding and mud slides in Tuscaloosa.  Eight families had to be evacuated from rising waters in a mobile home park and several roads were closed across Tuscaloosa county.  The heavy rains caused a mud slide over railroad tracks, which stopped the north and south bound trains just south of Tuscaloosa.  The mud moved the track about 150 feet out of alignment.","",59
5607443,CHOCTAW CO.,LISMAN,07/22/1997,700,Flash Flood, , ,0,0,500000,50000,AL,CST, ,2066249,C,23,MOB,0,0, , , , , , , , ,LISMAN,07/22/1997,2000, , , , ,"","Heavy rains from hurricane Danny moved into Choctaw county during the early morning hours  of Monday.  Several streams came out of their banks by 700 am.  Rainfall totals for the two days was around 15 inches.  This caused extensive flooding along the Okatuppa and Bogueloosa creeks which drain through most of the central and south parts of the county.  Most of the roads from Lisman to Butler to Gilbertown had to be closed until the water had drained.  The flooding continued through the day on Monday and subsided during the early morning hours on Tuesday.  Heavy rains again developed over the county Tuesday morning and warnings had to be reissued.  The same two creeks again came out of their banks causing almost the same area that was flooded on Monday to be inundated again.  Roads again had to be closed from Lisman to Butler to near Gilbertown.  Some secondary dirt roads had to be closed for several days until crews could get in and fix the washouts.  This was one of the worst flooding events for this area in years.",60
5612039,MONTGOMERY CO.,MONTGOMERY,08/14/1997,1600,Flash Flood, , ,0,0,4000,0,AL,CST, ,2066992,C,101,BMX,0,0, , , , , , , , ,MONTGOMERY,08/14/1997,1700, , , , ,"A thunderstorm dumped 3 inches of rain in less than an hour causing flash flooding problems.  Several cars were seen floating and water flooded the basement of the State House.  This caused an air conditioner compressor to short circuit.","",61
5628624,MOBILE CO.,CENTRAL PORTION,01/07/1998,640,Flash Flood, , ,0,0,30000,0,AL,CST, ,2072134,C,97,MOB,0,0, , , , , , , , ,CENTRAL PORTION,01/07/1998,1159, , , , ,"Four to six inches of rain caused many streets and small streams in the central and south parts of the county to flood.  Many school buses became stranded in high water while taking kids to school.    The flooding was more severe along US Highway 90 and west of I-65 between US Highway 98 and I-10.  Fortunately no one was injured.   A major washout occurred at the back of a shopping center along Twelvemile Creek  near the intersection of Old Shell and University.  The University of South Alabama recorded a twenty-four hour rainfall of 8.01 inches ending at 1159 pm on January 7 with 5.54 inches falling between 508 and 708 am and 3.48 inches from 608 to 708 am.  At Mobile Regional Airport 2.89 inches of rain was recorded in an hour ending at 702 am.","",62
5628372,CHOCTAW CO.,COUNTYWIDE,01/07/1998,700,Flash Flood, , ,1,0,20000,0,AL,CST, ,2072102,C,23,MOB,0,0, , , , , , , , ,COUNTYWIDE,01/07/1998,1100, , , , ,"Three to five inches of rain caused extensive flooding and road closures throughout the county.   Most of the roads that had to be closed were secondary dirt roads.   One death was attributed  to the flooding.  Two persons were driving along  a county road six miles east of Gilbertown.  Their automobile became stranded near a bridge across Okatuppa Creek.  The rapidly rising current flowing across the road washed the automobile into the creek.  One of the passengers was able to swim to shore and the other drowned.","",63
5628380,WASHINGTON CO.,COUNTYWIDE,01/07/1998,700,Flash Flood, , ,0,0,20000,0,AL,CST, ,2072110,C,129,MOB,0,0, , , , , , , , ,COUNTYWIDE,01/07/1998,1100, , , , ,"Two to four inches of rainfall caused numerous culverts and roads to wash out throughout the county.  Most of the affected roads were dirt roads.   No injuries were reported.","",64
5628434,COOSA CO.,COUNTYWIDE,01/07/1998,930,Flash Flood, , ,0,0,25000,5000,AL,CST, ,2072405,C,37,BMX,0,0, , , , , , , , ,COUNTYWIDE,01/07/1998,1400, , , , ,"","A strong low pressure system move over Alabama from the Gulf of Mexico, bringing heavy rain to the state.  Rivers, creeks and ditches were all out of their banks. Numerous streets were closed due to water over the road.  Bridges were washed out in Cullman, Etowah, and  Marshall counties.  A five year old girl was killed in Shelby county when she was playing in a storm drain and was sucked in and couldn't get out. There were numerous traffic accidents due to wet roads and several motorist were stranded on top of there cars while trying to cross flooded roads.  The following counties were affected by the flooding.  Lauderdale, Colbert, Franklin, Limestone, Lawrence, Morgan, Madison, Jackson, Marshall, DeKalb, Marion, Winston, Cullman, Blount, Etowah, Lamar, Fayette, Walker, Jefferson, St. Clair, Pickens, Tuscaloosa, Bibb, Shelby, Sumter, Greene, Hale, Perry, Chilton, Coosa, Marengo, Dallas, Autauga, Lowndes, Montgomery, Cherokee, Calhoun, Cleburne, Talladega, Clay, Randolph, Tallapoosa, Chambers, Lee, Elmore, Macon, Russell, Bullock, Barbour, and Pike.  Every county received over two inches with several counties receiving over six inches.  F005 

	A few of the higher rainfall totals were:

	Blount Co		8.25"
	Tuscaloosa Co	6.48"
	Lamar Co		6.42"
 	Jefferson Co	6.42"
	Pickens Co		6.27"
	Marshall Co	6.16"",65
5628548,LIMESTONE CO.,COUNTYWIDE,01/07/1998,930,Flash Flood, , ,0,0,25000,5000,AL,CST, ,2072405,C,83,BMX,0,0, , , , , , , , ,COUNTYWIDE,01/07/1998,1400, , , , ,"","A strong low pressure system move over Alabama from the Gulf of Mexico, bringing heavy rain to the state.  Rivers, creeks and ditches were all out of their banks. Numerous streets were closed due to water over the road.  Bridges were washed out in Cullman, Etowah, and  Marshall counties.  A five year old girl was killed in Shelby county when she was playing in a storm drain and was sucked in and couldn't get out. There were numerous traffic accidents due to wet roads and several motorist were stranded on top of there cars while trying to cross flooded roads.  The following counties were affected by the flooding.  Lauderdale, Colbert, Franklin, Limestone, Lawrence, Morgan, Madison, Jackson, Marshall, DeKalb, Marion, Winston, Cullman, Blount, Etowah, Lamar, Fayette, Walker, Jefferson, St. Clair, Pickens, Tuscaloosa, Bibb, Shelby, Sumter, Greene, Hale, Perry, Chilton, Coosa, Marengo, Dallas, Autauga, Lowndes, Montgomery, Cherokee, Calhoun, Cleburne, Talladega, Clay, Randolph, Tallapoosa, Chambers, Lee, Elmore, Macon, Russell, Bullock, Barbour, and Pike.  Every county received over two inches with several counties receiving over six inches.  F005 

	A few of the higher rainfall totals were:

	Blount Co		8.25"
	Tuscaloosa Co	6.48"
	Lamar Co		6.42"
 	Jefferson Co	6.42"
	Pickens Co		6.27"
	Marshall Co	6.16"",66
5628445,JEFFERSON CO.,COUNTYWIDE,01/07/1998,930,Flash Flood, , ,0,0,40000,5000,AL,CST, ,2072405,C,73,BMX,0,0, , , , , , , , ,COUNTYWIDE,01/07/1998,1400, , , , ,"","A strong low pressure system move over Alabama from the Gulf of Mexico, bringing heavy rain to the state.  Rivers, creeks and ditches were all out of their banks. Numerous streets were closed due to water over the road.  Bridges were washed out in Cullman, Etowah, and  Marshall counties.  A five year old girl was killed in Shelby county when she was playing in a storm drain and was sucked in and couldn't get out. There were numerous traffic accidents due to wet roads and several motorist were stranded on top of there cars while trying to cross flooded roads.  The following counties were affected by the flooding.  Lauderdale, Colbert, Franklin, Limestone, Lawrence, Morgan, Madison, Jackson, Marshall, DeKalb, Marion, Winston, Cullman, Blount, Etowah, Lamar, Fayette, Walker, Jefferson, St. Clair, Pickens, Tuscaloosa, Bibb, Shelby, Sumter, Greene, Hale, Perry, Chilton, Coosa, Marengo, Dallas, Autauga, Lowndes, Montgomery, Cherokee, Calhoun, Cleburne, Talladega, Clay, Randolph, Tallapoosa, Chambers, Lee, Elmore, Macon, Russell, Bullock, Barbour, and Pike.  Every county received over two inches with several counties receiving over six inches.  F005 

	A few of the higher rainfall totals were:

	Blount Co		8.25"
	Tuscaloosa Co	6.48"
	Lamar Co		6.42"
 	Jefferson Co	6.42"
	Pickens Co		6.27"
	Marshall Co	6.16"",67
5628438,ELMORE CO.,COUNTYWIDE,01/07/1998,930,Flash Flood, , ,0,0,25000,5000,AL,CST, ,2072405,C,51,BMX,0,0, , , , , , , , ,COUNTYWIDE,01/07/1998,1400, , , , ,"","A strong low pressure system move over Alabama from the Gulf of Mexico, bringing heavy rain to the state.  Rivers, creeks and ditches were all out of their banks. Numerous streets were closed due to water over the road.  Bridges were washed out in Cullman, Etowah, and  Marshall counties.  A five year old girl was killed in Shelby county when she was playing in a storm drain and was sucked in and couldn't get out. There were numerous traffic accidents due to wet roads and several motorist were stranded on top of there cars while trying to cross flooded roads.  The following counties were affected by the flooding.  Lauderdale, Colbert, Franklin, Limestone, Lawrence, Morgan, Madison, Jackson, Marshall, DeKalb, Marion, Winston, Cullman, Blount, Etowah, Lamar, Fayette, Walker, Jefferson, St. Clair, Pickens, Tuscaloosa, Bibb, Shelby, Sumter, Greene, Hale, Perry, Chilton, Coosa, Marengo, Dallas, Autauga, Lowndes, Montgomery, Cherokee, Calhoun, Cleburne, Talladega, Clay, Randolph, Tallapoosa, Chambers, Lee, Elmore, Macon, Russell, Bullock, Barbour, and Pike.  Every county received over two inches with several counties receiving over six inches.  F005 

	A few of the higher rainfall totals were:

	Blount Co		8.25"
	Tuscaloosa Co	6.48"
	Lamar Co		6.42"
 	Jefferson Co	6.42"
	Pickens Co		6.27"
	Marshall Co	6.16"",68
5628562,SHELBY CO.,COUNTYWIDE,01/07/1998,930,Flash Flood, , ,1,0,35000,5000,AL,CST, ,2072405,C,117,BMX,0,0, , , , , , , , ,COUNTYWIDE,01/07/1998,1400, , , , ,"","A strong low pressure system move over Alabama from the Gulf of Mexico, bringing heavy rain to the state.  Rivers, creeks and ditches were all out of their banks. Numerous streets were closed due to water over the road.  Bridges were washed out in Cullman, Etowah, and  Marshall counties.  A five year old girl was killed in Shelby county when she was playing in a storm drain and was sucked in and couldn't get out. There were numerous traffic accidents due to wet roads and several motorist were stranded on top of there cars while trying to cross flooded roads.  The following counties were affected by the flooding.  Lauderdale, Colbert, Franklin, Limestone, Lawrence, Morgan, Madison, Jackson, Marshall, DeKalb, Marion, Winston, Cullman, Blount, Etowah, Lamar, Fayette, Walker, Jefferson, St. Clair, Pickens, Tuscaloosa, Bibb, Shelby, Sumter, Greene, Hale, Perry, Chilton, Coosa, Marengo, Dallas, Autauga, Lowndes, Montgomery, Cherokee, Calhoun, Cleburne, Talladega, Clay, Randolph, Tallapoosa, Chambers, Lee, Elmore, Macon, Russell, Bullock, Barbour, and Pike.  Every county received over two inches with several counties receiving over six inches.  F005 

	A few of the higher rainfall totals were:

	Blount Co		8.25"
	Tuscaloosa Co	6.48"
	Lamar Co		6.42"
 	Jefferson Co	6.42"
	Pickens Co		6.27"
	Marshall Co	6.16"",69
5628555,MONTGOMERY CO.,COUNTYWIDE,01/07/1998,930,Flash Flood, , ,0,0,30000,5000,AL,CST, ,2072405,C,101,BMX,0,0, , , , , , , , ,COUNTYWIDE,01/07/1998,1400, , , , ,"","A strong low pressure system move over Alabama from the Gulf of Mexico, bringing heavy rain to the state.  Rivers, creeks and ditches were all out of their banks. Numerous streets were closed due to water over the road.  Bridges were washed out in Cullman, Etowah, and  Marshall counties.  A five year old girl was killed in Shelby county when she was playing in a storm drain and was sucked in and couldn't get out. There were numerous traffic accidents due to wet roads and several motorist were stranded on top of there cars while trying to cross flooded roads.  The following counties were affected by the flooding.  Lauderdale, Colbert, Franklin, Limestone, Lawrence, Morgan, Madison, Jackson, Marshall, DeKalb, Marion, Winston, Cullman, Blount, Etowah, Lamar, Fayette, Walker, Jefferson, St. Clair, Pickens, Tuscaloosa, Bibb, Shelby, Sumter, Greene, Hale, Perry, Chilton, Coosa, Marengo, Dallas, Autauga, Lowndes, Montgomery, Cherokee, Calhoun, Cleburne, Talladega, Clay, Randolph, Tallapoosa, Chambers, Lee, Elmore, Macon, Russell, Bullock, Barbour, and Pike.  Every county received over two inches with several counties receiving over six inches.  F005 

	A few of the higher rainfall totals were:

	Blount Co		8.25"
	Tuscaloosa Co	6.48"
	Lamar Co		6.42"
 	Jefferson Co	6.42"
	Pickens Co		6.27"
	Marshall Co	6.16"",70
5628423,BARBOUR CO.,COUNTYWIDE,01/07/1998,930,Flash Flood, , ,0,0,35000,5000,AL,CST, ,2072405,C,5,BMX,0,0, , , , , , , , ,COUNTYWIDE,01/07/1998,1400, , , , ,"","A strong low pressure system move over Alabama from the Gulf of Mexico, bringing heavy rain to the state.  Rivers, creeks and ditches were all out of their banks. Numerous streets were closed due to water over the road.  Bridges were washed out in Cullman, Etowah, and  Marshall counties.  A five year old girl was killed in Shelby county when she was playing in a storm drain and was sucked in and couldn't get out. There were numerous traffic accidents due to wet roads and several motorist were stranded on top of there cars while trying to cross flooded roads.  The following counties were affected by the flooding.  Lauderdale, Colbert, Franklin, Limestone, Lawrence, Morgan, Madison, Jackson, Marshall, DeKalb, Marion, Winston, Cullman, Blount, Etowah, Lamar, Fayette, Walker, Jefferson, St. Clair, Pickens, Tuscaloosa, Bibb, Shelby, Sumter, Greene, Hale, Perry, Chilton, Coosa, Marengo, Dallas, Autauga, Lowndes, Montgomery, Cherokee, Calhoun, Cleburne, Talladega, Clay, Randolph, Tallapoosa, Chambers, Lee, Elmore, Macon, Russell, Bullock, Barbour, and Pike.  Every county received over two inches with several counties receiving over six inches.  F005 

	A few of the higher rainfall totals were:

	Blount Co		8.25"
	Tuscaloosa Co	6.48"
	Lamar Co		6.42"
 	Jefferson Co	6.42"
	Pickens Co		6.27"
	Marshall Co	6.16"",71
5628429,CHEROKEE CO.,COUNTYWIDE,01/07/1998,930,Flash Flood, , ,0,0,25000,5000,AL,CST, ,2072405,C,19,BMX,0,0, , , , , , , , ,COUNTYWIDE,01/07/1998,1400, , , , ,"","A strong low pressure system move over Alabama from the Gulf of Mexico, bringing heavy rain to the state.  Rivers, creeks and ditches were all out of their banks. Numerous streets were closed due to water over the road.  Bridges were washed out in Cullman, Etowah, and  Marshall counties.  A five year old girl was killed in Shelby county when she was playing in a storm drain and was sucked in and couldn't get out. There were numerous traffic accidents due to wet roads and several motorist were stranded on top of there cars while trying to cross flooded roads.  The following counties were affected by the flooding.  Lauderdale, Colbert, Franklin, Limestone, Lawrence, Morgan, Madison, Jackson, Marshall, DeKalb, Marion, Winston, Cullman, Blount, Etowah, Lamar, Fayette, Walker, Jefferson, St. Clair, Pickens, Tuscaloosa, Bibb, Shelby, Sumter, Greene, Hale, Perry, Chilton, Coosa, Marengo, Dallas, Autauga, Lowndes, Montgomery, Cherokee, Calhoun, Cleburne, Talladega, Clay, Randolph, Tallapoosa, Chambers, Lee, Elmore, Macon, Russell, Bullock, Barbour, and Pike.  Every county received over two inches with several counties receiving over six inches.  F005 

	A few of the higher rainfall totals were:

	Blount Co		8.25"
	Tuscaloosa Co	6.48"
	Lamar Co		6.42"
 	Jefferson Co	6.42"
	Pickens Co		6.27"
	Marshall Co	6.16"",72
5628422,AUTAUGA CO.,COUNTYWIDE,01/07/1998,930,Flash Flood, , ,0,0,25000,5000,AL,CST, ,2072405,C,1,BMX,0,0, , , , , , , , ,COUNTYWIDE,01/07/1998,1400, , , , ,"","A strong low pressure system move over Alabama from the Gulf of Mexico, bringing heavy rain to the state.  Rivers, creeks and ditches were all out of their banks. Numerous streets were closed due to water over the road.  Bridges were washed out in Cullman, Etowah, and  Marshall counties.  A five year old girl was killed in Shelby county when she was playing in a storm drain and was sucked in and couldn't get out. There were numerous traffic accidents due to wet roads and several motorist were stranded on top of there cars while trying to cross flooded roads.  The following counties were affected by the flooding.  Lauderdale, Colbert, Franklin, Limestone, Lawrence, Morgan, Madison, Jackson, Marshall, DeKalb, Marion, Winston, Cullman, Blount, Etowah, Lamar, Fayette, Walker, Jefferson, St. Clair, Pickens, Tuscaloosa, Bibb, Shelby, Sumter, Greene, Hale, Perry, Chilton, Coosa, Marengo, Dallas, Autauga, Lowndes, Montgomery, Cherokee, Calhoun, Cleburne, Talladega, Clay, Randolph, Tallapoosa, Chambers, Lee, Elmore, Macon, Russell, Bullock, Barbour, and Pike.  Every county received over two inches with several counties receiving over six inches.  F005 

	A few of the higher rainfall totals were:

	Blount Co		8.25"
	Tuscaloosa Co	6.48"
	Lamar Co		6.42"
 	Jefferson Co	6.42"
	Pickens Co		6.27"
	Marshall Co	6.16"",73
5628432,CLEBURNE CO.,COUNTYWIDE,01/07/1998,930,Flash Flood, , ,0,0,25000,5000,AL,CST, ,2072405,C,29,BMX,0,0, , , , , , , , ,COUNTYWIDE,01/07/1998,1400, , , , ,"","A strong low pressure system move over Alabama from the Gulf of Mexico, bringing heavy rain to the state.  Rivers, creeks and ditches were all out of their banks. Numerous streets were closed due to water over the road.  Bridges were washed out in Cullman, Etowah, and  Marshall counties.  A five year old girl was killed in Shelby county when she was playing in a storm drain and was sucked in and couldn't get out. There were numerous traffic accidents due to wet roads and several motorist were stranded on top of there cars while trying to cross flooded roads.  The following counties were affected by the flooding.  Lauderdale, Colbert, Franklin, Limestone, Lawrence, Morgan, Madison, Jackson, Marshall, DeKalb, Marion, Winston, Cullman, Blount, Etowah, Lamar, Fayette, Walker, Jefferson, St. Clair, Pickens, Tuscaloosa, Bibb, Shelby, Sumter, Greene, Hale, Perry, Chilton, Coosa, Marengo, Dallas, Autauga, Lowndes, Montgomery, Cherokee, Calhoun, Cleburne, Talladega, Clay, Randolph, Tallapoosa, Chambers, Lee, Elmore, Macon, Russell, Bullock, Barbour, and Pike.  Every county received over two inches with several counties receiving over six inches.  F005 

	A few of the higher rainfall totals were:

	Blount Co		8.25"
	Tuscaloosa Co	6.48"
	Lamar Co		6.42"
 	Jefferson Co	6.42"
	Pickens Co		6.27"
	Marshall Co	6.16"",74
5628437,DEKALB CO.,COUNTYWIDE,01/07/1998,930,Flash Flood, , ,0,0,25000,5000,AL,CST, ,2072405,C,49,BMX,0,0, , , , , , , , ,COUNTYWIDE,01/07/1998,1400, , , , ,"","A strong low pressure system move over Alabama from the Gulf of Mexico, bringing heavy rain to the state.  Rivers, creeks and ditches were all out of their banks. Numerous streets were closed due to water over the road.  Bridges were washed out in Cullman, Etowah, and  Marshall counties.  A five year old girl was killed in Shelby county when she was playing in a storm drain and was sucked in and couldn't get out. There were numerous traffic accidents due to wet roads and several motorist were stranded on top of there cars while trying to cross flooded roads.  The following counties were affected by the flooding.  Lauderdale, Colbert, Franklin, Limestone, Lawrence, Morgan, Madison, Jackson, Marshall, DeKalb, Marion, Winston, Cullman, Blount, Etowah, Lamar, Fayette, Walker, Jefferson, St. Clair, Pickens, Tuscaloosa, Bibb, Shelby, Sumter, Greene, Hale, Perry, Chilton, Coosa, Marengo, Dallas, Autauga, Lowndes, Montgomery, Cherokee, Calhoun, Cleburne, Talladega, Clay, Randolph, Tallapoosa, Chambers, Lee, Elmore, Macon, Russell, Bullock, Barbour, and Pike.  Every county received over two inches with several counties receiving over six inches.  F005 

	A few of the higher rainfall totals were:

	Blount Co		8.25"
	Tuscaloosa Co	6.48"
	Lamar Co		6.42"
 	Jefferson Co	6.42"
	Pickens Co		6.27"
	Marshall Co	6.16"",75
5628567,TUSCALOOSA CO.,COUNTYWIDE,01/07/1998,930,Flash Flood, , ,0,0,60000,5000,AL,CST, ,2072405,C,125,BMX,0,0, , , , , , , , ,COUNTYWIDE,01/07/1998,1400, , , , ,"","A strong low pressure system move over Alabama from the Gulf of Mexico, bringing heavy rain to the state.  Rivers, creeks and ditches were all out of their banks. Numerous streets were closed due to water over the road.  Bridges were washed out in Cullman, Etowah, and  Marshall counties.  A five year old girl was killed in Shelby county when she was playing in a storm drain and was sucked in and couldn't get out. There were numerous traffic accidents due to wet roads and several motorist were stranded on top of there cars while trying to cross flooded roads.  The following counties were affected by the flooding.  Lauderdale, Colbert, Franklin, Limestone, Lawrence, Morgan, Madison, Jackson, Marshall, DeKalb, Marion, Winston, Cullman, Blount, Etowah, Lamar, Fayette, Walker, Jefferson, St. Clair, Pickens, Tuscaloosa, Bibb, Shelby, Sumter, Greene, Hale, Perry, Chilton, Coosa, Marengo, Dallas, Autauga, Lowndes, Montgomery, Cherokee, Calhoun, Cleburne, Talladega, Clay, Randolph, Tallapoosa, Chambers, Lee, Elmore, Macon, Russell, Bullock, Barbour, and Pike.  Every county received over two inches with several counties receiving over six inches.  F005 

	A few of the higher rainfall totals were:

	Blount Co		8.25"
	Tuscaloosa Co	6.48"
	Lamar Co		6.42"
 	Jefferson Co	6.42"
	Pickens Co		6.27"
	Marshall Co	6.16"",76
5628553,MARION CO.,COUNTYWIDE,01/07/1998,930,Flash Flood, , ,0,0,35000,5000,AL,CST, ,2072405,C,93,BMX,0,0, , , , , , , , ,COUNTYWIDE,01/07/1998,1400, , , , ,"","A strong low pressure system move over Alabama from the Gulf of Mexico, bringing heavy rain to the state.  Rivers, creeks and ditches were all out of their banks. Numerous streets were closed due to water over the road.  Bridges were washed out in Cullman, Etowah, and  Marshall counties.  A five year old girl was killed in Shelby county when she was playing in a storm drain and was sucked in and couldn't get out. There were numerous traffic accidents due to wet roads and several motorist were stranded on top of there cars while trying to cross flooded roads.  The following counties were affected by the flooding.  Lauderdale, Colbert, Franklin, Limestone, Lawrence, Morgan, Madison, Jackson, Marshall, DeKalb, Marion, Winston, Cullman, Blount, Etowah, Lamar, Fayette, Walker, Jefferson, St. Clair, Pickens, Tuscaloosa, Bibb, Shelby, Sumter, Greene, Hale, Perry, Chilton, Coosa, Marengo, Dallas, Autauga, Lowndes, Montgomery, Cherokee, Calhoun, Cleburne, Talladega, Clay, Randolph, Tallapoosa, Chambers, Lee, Elmore, Macon, Russell, Bullock, Barbour, and Pike.  Every county received over two inches with several counties receiving over six inches.  F005 

	A few of the higher rainfall totals were:

	Blount Co		8.25"
	Tuscaloosa Co	6.48"
	Lamar Co		6.42"
 	Jefferson Co	6.42"
	Pickens Co		6.27"
	Marshall Co	6.16"",77
5628436,DALLAS CO.,COUNTYWIDE,01/07/1998,930,Flash Flood, , ,0,0,25000,5000,AL,CST, ,2072405,C,47,BMX,0,0, , , , , , , , ,COUNTYWIDE,01/07/1998,1400, , , , ,"","A strong low pressure system move over Alabama from the Gulf of Mexico, bringing heavy rain to the state.  Rivers, creeks and ditches were all out of their banks. Numerous streets were closed due to water over the road.  Bridges were washed out in Cullman, Etowah, and  Marshall counties.  A five year old girl was killed in Shelby county when she was playing in a storm drain and was sucked in and couldn't get out. There were numerous traffic accidents due to wet roads and several motorist were stranded on top of there cars while trying to cross flooded roads.  The following counties were affected by the flooding.  Lauderdale, Colbert, Franklin, Limestone, Lawrence, Morgan, Madison, Jackson, Marshall, DeKalb, Marion, Winston, Cullman, Blount, Etowah, Lamar, Fayette, Walker, Jefferson, St. Clair, Pickens, Tuscaloosa, Bibb, Shelby, Sumter, Greene, Hale, Perry, Chilton, Coosa, Marengo, Dallas, Autauga, Lowndes, Montgomery, Cherokee, Calhoun, Cleburne, Talladega, Clay, Randolph, Tallapoosa, Chambers, Lee, Elmore, Macon, Russell, Bullock, Barbour, and Pike.  Every county received over two inches with several counties receiving over six inches.  F005 

	A few of the higher rainfall totals were:

	Blount Co		8.25"
	Tuscaloosa Co	6.48"
	Lamar Co		6.42"
 	Jefferson Co	6.42"
	Pickens Co		6.27"
	Marshall Co	6.16"",78
5628560,RANDOLPH CO.,COUNTYWIDE,01/07/1998,930,Flash Flood, , ,0,0,25000,5000,AL,CST, ,2072405,C,111,BMX,0,0, , , , , , , , ,COUNTYWIDE,01/07/1998,1400, , , , ,"","A strong low pressure system move over Alabama from the Gulf of Mexico, bringing heavy rain to the state.  Rivers, creeks and ditches were all out of their banks. Numerous streets were closed due to water over the road.  Bridges were washed out in Cullman, Etowah, and  Marshall counties.  A five year old girl was killed in Shelby county when she was playing in a storm drain and was sucked in and couldn't get out. There were numerous traffic accidents due to wet roads and several motorist were stranded on top of there cars while trying to cross flooded roads.  The following counties were affected by the flooding.  Lauderdale, Colbert, Franklin, Limestone, Lawrence, Morgan, Madison, Jackson, Marshall, DeKalb, Marion, Winston, Cullman, Blount, Etowah, Lamar, Fayette, Walker, Jefferson, St. Clair, Pickens, Tuscaloosa, Bibb, Shelby, Sumter, Greene, Hale, Perry, Chilton, Coosa, Marengo, Dallas, Autauga, Lowndes, Montgomery, Cherokee, Calhoun, Cleburne, Talladega, Clay, Randolph, Tallapoosa, Chambers, Lee, Elmore, Macon, Russell, Bullock, Barbour, and Pike.  Every county received over two inches with several counties receiving over six inches.  F005 

	A few of the higher rainfall totals were:

	Blount Co		8.25"
	Tuscaloosa Co	6.48"
	Lamar Co		6.42"
 	Jefferson Co	6.42"
	Pickens Co		6.27"
	Marshall Co	6.16"",79
5628449,LEE CO.,COUNTYWIDE,01/07/1998,930,Flash Flood, , ,0,0,25000,5000,AL,CST, ,2072405,C,81,BMX,0,0, , , , , , , , ,COUNTYWIDE,01/07/1998,1400, , , , ,"","A strong low pressure system move over Alabama from the Gulf of Mexico, bringing heavy rain to the state.  Rivers, creeks and ditches were all out of their banks. Numerous streets were closed due to water over the road.  Bridges were washed out in Cullman, Etowah, and  Marshall counties.  A five year old girl was killed in Shelby county when she was playing in a storm drain and was sucked in and couldn't get out. There were numerous traffic accidents due to wet roads and several motorist were stranded on top of there cars while trying to cross flooded roads.  The following counties were affected by the flooding.  Lauderdale, Colbert, Franklin, Limestone, Lawrence, Morgan, Madison, Jackson, Marshall, DeKalb, Marion, Winston, Cullman, Blount, Etowah, Lamar, Fayette, Walker, Jefferson, St. Clair, Pickens, Tuscaloosa, Bibb, Shelby, Sumter, Greene, Hale, Perry, Chilton, Coosa, Marengo, Dallas, Autauga, Lowndes, Montgomery, Cherokee, Calhoun, Cleburne, Talladega, Clay, Randolph, Tallapoosa, Chambers, Lee, Elmore, Macon, Russell, Bullock, Barbour, and Pike.  Every county received over two inches with several counties receiving over six inches.  F005 

	A few of the higher rainfall totals were:

	Blount Co		8.25"
	Tuscaloosa Co	6.48"
	Lamar Co		6.42"
 	Jefferson Co	6.42"
	Pickens Co		6.27"
	Marshall Co	6.16"",80
5628444,JACKSON CO.,COUNTYWIDE,01/07/1998,930,Flash Flood, , ,0,0,25000,5000,AL,CST, ,2072405,C,71,BMX,0,0, , , , , , , , ,COUNTYWIDE,01/07/1998,1400, , , , ,"","A strong low pressure system move over Alabama from the Gulf of Mexico, bringing heavy rain to the state.  Rivers, creeks and ditches were all out of their banks. Numerous streets were closed due to water over the road.  Bridges were washed out in Cullman, Etowah, and  Marshall counties.  A five year old girl was killed in Shelby county when she was playing in a storm drain and was sucked in and couldn't get out. There were numerous traffic accidents due to wet roads and several motorist were stranded on top of there cars while trying to cross flooded roads.  The following counties were affected by the flooding.  Lauderdale, Colbert, Franklin, Limestone, Lawrence, Morgan, Madison, Jackson, Marshall, DeKalb, Marion, Winston, Cullman, Blount, Etowah, Lamar, Fayette, Walker, Jefferson, St. Clair, Pickens, Tuscaloosa, Bibb, Shelby, Sumter, Greene, Hale, Perry, Chilton, Coosa, Marengo, Dallas, Autauga, Lowndes, Montgomery, Cherokee, Calhoun, Cleburne, Talladega, Clay, Randolph, Tallapoosa, Chambers, Lee, Elmore, Macon, Russell, Bullock, Barbour, and Pike.  Every county received over two inches with several counties receiving over six inches.  F005 

	A few of the higher rainfall totals were:

	Blount Co		8.25"
	Tuscaloosa Co	6.48"
	Lamar Co		6.42"
 	Jefferson Co	6.42"
	Pickens Co		6.27"
	Marshall Co	6.16"",81
5628566,TALLAPOOSA CO.,COUNTYWIDE,01/07/1998,930,Flash Flood, , ,0,0,25000,5000,AL,CST, ,2072405,C,123,BMX,0,0, , , , , , , , ,COUNTYWIDE,01/07/1998,1400, , , , ,"","A strong low pressure system move over Alabama from the Gulf of Mexico, bringing heavy rain to the state.  Rivers, creeks and ditches were all out of their banks. Numerous streets were closed due to water over the road.  Bridges were washed out in Cullman, Etowah, and  Marshall counties.  A five year old girl was killed in Shelby county when she was playing in a storm drain and was sucked in and couldn't get out. There were numerous traffic accidents due to wet roads and several motorist were stranded on top of there cars while trying to cross flooded roads.  The following counties were affected by the flooding.  Lauderdale, Colbert, Franklin, Limestone, Lawrence, Morgan, Madison, Jackson, Marshall, DeKalb, Marion, Winston, Cullman, Blount, Etowah, Lamar, Fayette, Walker, Jefferson, St. Clair, Pickens, Tuscaloosa, Bibb, Shelby, Sumter, Greene, Hale, Perry, Chilton, Coosa, Marengo, Dallas, Autauga, Lowndes, Montgomery, Cherokee, Calhoun, Cleburne, Talladega, Clay, Randolph, Tallapoosa, Chambers, Lee, Elmore, Macon, Russell, Bullock, Barbour, and Pike.  Every county received over two inches with several counties receiving over six inches.  F005 

	A few of the higher rainfall totals were:

	Blount Co		8.25"
	Tuscaloosa Co	6.48"
	Lamar Co		6.42"
 	Jefferson Co	6.42"
	Pickens Co		6.27"
	Marshall Co	6.16"",82
5628440,FAYETTE CO.,COUNTYWIDE,01/07/1998,930,Flash Flood, , ,0,0,30000,5000,AL,CST, ,2072405,C,57,BMX,0,0, , , , , , , , ,COUNTYWIDE,01/07/1998,1400, , , , ,"","A strong low pressure system move over Alabama from the Gulf of Mexico, bringing heavy rain to the state.  Rivers, creeks and ditches were all out of their banks. Numerous streets were closed due to water over the road.  Bridges were washed out in Cullman, Etowah, and  Marshall counties.  A five year old girl was killed in Shelby county when she was playing in a storm drain and was sucked in and couldn't get out. There were numerous traffic accidents due to wet roads and several motorist were stranded on top of there cars while trying to cross flooded roads.  The following counties were affected by the flooding.  Lauderdale, Colbert, Franklin, Limestone, Lawrence, Morgan, Madison, Jackson, Marshall, DeKalb, Marion, Winston, Cullman, Blount, Etowah, Lamar, Fayette, Walker, Jefferson, St. Clair, Pickens, Tuscaloosa, Bibb, Shelby, Sumter, Greene, Hale, Perry, Chilton, Coosa, Marengo, Dallas, Autauga, Lowndes, Montgomery, Cherokee, Calhoun, Cleburne, Talladega, Clay, Randolph, Tallapoosa, Chambers, Lee, Elmore, Macon, Russell, Bullock, Barbour, and Pike.  Every county received over two inches with several counties receiving over six inches.  F005 

	A few of the higher rainfall totals were:

	Blount Co		8.25"
	Tuscaloosa Co	6.48"
	Lamar Co		6.42"
 	Jefferson Co	6.42"
	Pickens Co		6.27"
	Marshall Co	6.16"",83
5628568,WALKER CO.,COUNTYWIDE,01/07/1998,930,Flash Flood, , ,0,0,30000,5000,AL,CST, ,2072405,C,127,BMX,0,0, , , , , , , , ,COUNTYWIDE,01/07/1998,1400, , , , ,"","A strong low pressure system move over Alabama from the Gulf of Mexico, bringing heavy rain to the state.  Rivers, creeks and ditches were all out of their banks. Numerous streets were closed due to water over the road.  Bridges were washed out in Cullman, Etowah, and  Marshall counties.  A five year old girl was killed in Shelby county when she was playing in a storm drain and was sucked in and couldn't get out. There were numerous traffic accidents due to wet roads and several motorist were stranded on top of there cars while trying to cross flooded roads.  The following counties were affected by the flooding.  Lauderdale, Colbert, Franklin, Limestone, Lawrence, Morgan, Madison, Jackson, Marshall, DeKalb, Marion, Winston, Cullman, Blount, Etowah, Lamar, Fayette, Walker, Jefferson, St. Clair, Pickens, Tuscaloosa, Bibb, Shelby, Sumter, Greene, Hale, Perry, Chilton, Coosa, Marengo, Dallas, Autauga, Lowndes, Montgomery, Cherokee, Calhoun, Cleburne, Talladega, Clay, Randolph, Tallapoosa, Chambers, Lee, Elmore, Macon, Russell, Bullock, Barbour, and Pike.  Every county received over two inches with several counties receiving over six inches.  F005 

	A few of the higher rainfall totals were:

	Blount Co		8.25"
	Tuscaloosa Co	6.48"
	Lamar Co		6.42"
 	Jefferson Co	6.42"
	Pickens Co		6.27"
	Marshall Co	6.16"",84
5628557,PERRY CO.,COUNTYWIDE,01/07/1998,930,Flash Flood, , ,0,0,25000,5000,AL,CST, ,2072405,C,105,BMX,0,0, , , , , , , , ,COUNTYWIDE,01/07/1998,1400, , , , ,"","A strong low pressure system move over Alabama from the Gulf of Mexico, bringing heavy rain to the state.  Rivers, creeks and ditches were all out of their banks. Numerous streets were closed due to water over the road.  Bridges were washed out in Cullman, Etowah, and  Marshall counties.  A five year old girl was killed in Shelby county when she was playing in a storm drain and was sucked in and couldn't get out. There were numerous traffic accidents due to wet roads and several motorist were stranded on top of there cars while trying to cross flooded roads.  The following counties were affected by the flooding.  Lauderdale, Colbert, Franklin, Limestone, Lawrence, Morgan, Madison, Jackson, Marshall, DeKalb, Marion, Winston, Cullman, Blount, Etowah, Lamar, Fayette, Walker, Jefferson, St. Clair, Pickens, Tuscaloosa, Bibb, Shelby, Sumter, Greene, Hale, Perry, Chilton, Coosa, Marengo, Dallas, Autauga, Lowndes, Montgomery, Cherokee, Calhoun, Cleburne, Talladega, Clay, Randolph, Tallapoosa, Chambers, Lee, Elmore, Macon, Russell, Bullock, Barbour, and Pike.  Every county received over two inches with several counties receiving over six inches.  F005 

	A few of the higher rainfall totals were:

	Blount Co		8.25"
	Tuscaloosa Co	6.48"
	Lamar Co		6.42"
 	Jefferson Co	6.42"
	Pickens Co		6.27"
	Marshall Co	6.16"",85
5628427,CALHOUN CO.,COUNTYWIDE,01/07/1998,930,Flash Flood, , ,0,0,30000,5000,AL,CST, ,2072405,C,15,BMX,0,0, , , , , , , , ,COUNTYWIDE,01/07/1998,1400, , , , ,"","A strong low pressure system move over Alabama from the Gulf of Mexico, bringing heavy rain to the state.  Rivers, creeks and ditches were all out of their banks. Numerous streets were closed due to water over the road.  Bridges were washed out in Cullman, Etowah, and  Marshall counties.  A five year old girl was killed in Shelby county when she was playing in a storm drain and was sucked in and couldn't get out. There were numerous traffic accidents due to wet roads and several motorist were stranded on top of there cars while trying to cross flooded roads.  The following counties were affected by the flooding.  Lauderdale, Colbert, Franklin, Limestone, Lawrence, Morgan, Madison, Jackson, Marshall, DeKalb, Marion, Winston, Cullman, Blount, Etowah, Lamar, Fayette, Walker, Jefferson, St. Clair, Pickens, Tuscaloosa, Bibb, Shelby, Sumter, Greene, Hale, Perry, Chilton, Coosa, Marengo, Dallas, Autauga, Lowndes, Montgomery, Cherokee, Calhoun, Cleburne, Talladega, Clay, Randolph, Tallapoosa, Chambers, Lee, Elmore, Macon, Russell, Bullock, Barbour, and Pike.  Every county received over two inches with several counties receiving over six inches.  F005 

	A few of the higher rainfall totals were:

	Blount Co		8.25"
	Tuscaloosa Co	6.48"
	Lamar Co		6.42"
 	Jefferson Co	6.42"
	Pickens Co		6.27"
	Marshall Co	6.16"",86
5628435,CULLMAN CO.,COUNTYWIDE,01/07/1998,930,Flash Flood, , ,0,0,25000,5000,AL,CST, ,2072405,C,43,BMX,0,0, , , , , , , , ,COUNTYWIDE,01/07/1998,1400, , , , ,"","A strong low pressure system move over Alabama from the Gulf of Mexico, bringing heavy rain to the state.  Rivers, creeks and ditches were all out of their banks. Numerous streets were closed due to water over the road.  Bridges were washed out in Cullman, Etowah, and  Marshall counties.  A five year old girl was killed in Shelby county when she was playing in a storm drain and was sucked in and couldn't get out. There were numerous traffic accidents due to wet roads and several motorist were stranded on top of there cars while trying to cross flooded roads.  The following counties were affected by the flooding.  Lauderdale, Colbert, Franklin, Limestone, Lawrence, Morgan, Madison, Jackson, Marshall, DeKalb, Marion, Winston, Cullman, Blount, Etowah, Lamar, Fayette, Walker, Jefferson, St. Clair, Pickens, Tuscaloosa, Bibb, Shelby, Sumter, Greene, Hale, Perry, Chilton, Coosa, Marengo, Dallas, Autauga, Lowndes, Montgomery, Cherokee, Calhoun, Cleburne, Talladega, Clay, Randolph, Tallapoosa, Chambers, Lee, Elmore, Macon, Russell, Bullock, Barbour, and Pike.  Every county received over two inches with several counties receiving over six inches.  F005 

	A few of the higher rainfall totals were:

	Blount Co		8.25"
	Tuscaloosa Co	6.48"
	Lamar Co		6.42"
 	Jefferson Co	6.42"
	Pickens Co		6.27"
	Marshall Co	6.16"",87
5628556,MORGAN CO.,COUNTYWIDE,01/07/1998,930,Flash Flood, , ,0,0,25000,5000,AL,CST, ,2072405,C,103,BMX,0,0, , , , , , , , ,COUNTYWIDE,01/07/1998,1400, , , , ,"","A strong low pressure system move over Alabama from the Gulf of Mexico, bringing heavy rain to the state.  Rivers, creeks and ditches were all out of their banks. Numerous streets were closed due to water over the road.  Bridges were washed out in Cullman, Etowah, and  Marshall counties.  A five year old girl was killed in Shelby county when she was playing in a storm drain and was sucked in and couldn't get out. There were numerous traffic accidents due to wet roads and several motorist were stranded on top of there cars while trying to cross flooded roads.  The following counties were affected by the flooding.  Lauderdale, Colbert, Franklin, Limestone, Lawrence, Morgan, Madison, Jackson, Marshall, DeKalb, Marion, Winston, Cullman, Blount, Etowah, Lamar, Fayette, Walker, Jefferson, St. Clair, Pickens, Tuscaloosa, Bibb, Shelby, Sumter, Greene, Hale, Perry, Chilton, Coosa, Marengo, Dallas, Autauga, Lowndes, Montgomery, Cherokee, Calhoun, Cleburne, Talladega, Clay, Randolph, Tallapoosa, Chambers, Lee, Elmore, Macon, Russell, Bullock, Barbour, and Pike.  Every county received over two inches with several counties receiving over six inches.  F005 

	A few of the higher rainfall totals were:

	Blount Co		8.25"
	Tuscaloosa Co	6.48"
	Lamar Co		6.42"
 	Jefferson Co	6.42"
	Pickens Co		6.27"
	Marshall Co	6.16"",88
5628564,SUMTER CO.,COUNTYWIDE,01/07/1998,930,Flash Flood, , ,0,0,30000,5000,AL,CST, ,2072405,C,119,BMX,0,0, , , , , , , , ,COUNTYWIDE,01/07/1998,1400, , , , ,"","A strong low pressure system move over Alabama from the Gulf of Mexico, bringing heavy rain to the state.  Rivers, creeks and ditches were all out of their banks. Numerous streets were closed due to water over the road.  Bridges were washed out in Cullman, Etowah, and  Marshall counties.  A five year old girl was killed in Shelby county when she was playing in a storm drain and was sucked in and couldn't get out. There were numerous traffic accidents due to wet roads and several motorist were stranded on top of there cars while trying to cross flooded roads.  The following counties were affected by the flooding.  Lauderdale, Colbert, Franklin, Limestone, Lawrence, Morgan, Madison, Jackson, Marshall, DeKalb, Marion, Winston, Cullman, Blount, Etowah, Lamar, Fayette, Walker, Jefferson, St. Clair, Pickens, Tuscaloosa, Bibb, Shelby, Sumter, Greene, Hale, Perry, Chilton, Coosa, Marengo, Dallas, Autauga, Lowndes, Montgomery, Cherokee, Calhoun, Cleburne, Talladega, Clay, Randolph, Tallapoosa, Chambers, Lee, Elmore, Macon, Russell, Bullock, Barbour, and Pike.  Every county received over two inches with several counties receiving over six inches.  F005 

	A few of the higher rainfall totals were:

	Blount Co		8.25"
	Tuscaloosa Co	6.48"
	Lamar Co		6.42"
 	Jefferson Co	6.42"
	Pickens Co		6.27"
	Marshall Co	6.16"",89
5628443,HALE CO.,COUNTYWIDE,01/07/1998,930,Flash Flood, , ,0,0,30000,5000,AL,CST, ,2072405,C,65,BMX,0,0, , , , , , , , ,COUNTYWIDE,01/07/1998,1400, , , , ,"","A strong low pressure system move over Alabama from the Gulf of Mexico, bringing heavy rain to the state.  Rivers, creeks and ditches were all out of their banks. Numerous streets were closed due to water over the road.  Bridges were washed out in Cullman, Etowah, and  Marshall counties.  A five year old girl was killed in Shelby county when she was playing in a storm drain and was sucked in and couldn't get out. There were numerous traffic accidents due to wet roads and several motorist were stranded on top of there cars while trying to cross flooded roads.  The following counties were affected by the flooding.  Lauderdale, Colbert, Franklin, Limestone, Lawrence, Morgan, Madison, Jackson, Marshall, DeKalb, Marion, Winston, Cullman, Blount, Etowah, Lamar, Fayette, Walker, Jefferson, St. Clair, Pickens, Tuscaloosa, Bibb, Shelby, Sumter, Greene, Hale, Perry, Chilton, Coosa, Marengo, Dallas, Autauga, Lowndes, Montgomery, Cherokee, Calhoun, Cleburne, Talladega, Clay, Randolph, Tallapoosa, Chambers, Lee, Elmore, Macon, Russell, Bullock, Barbour, and Pike.  Every county received over two inches with several counties receiving over six inches.  F005 

	A few of the higher rainfall totals were:

	Blount Co		8.25"
	Tuscaloosa Co	6.48"
	Lamar Co		6.42"
 	Jefferson Co	6.42"
	Pickens Co		6.27"
	Marshall Co	6.16"",90
5628446,LAMAR CO.,COUNTYWIDE,01/07/1998,930,Flash Flood, , ,0,0,25000,5000,AL,CST, ,2072405,C,75,BMX,0,0, , , , , , , , ,COUNTYWIDE,01/07/1998,1400, , , , ,"","A strong low pressure system move over Alabama from the Gulf of Mexico, bringing heavy rain to the state.  Rivers, creeks and ditches were all out of their banks. Numerous streets were closed due to water over the road.  Bridges were washed out in Cullman, Etowah, and  Marshall counties.  A five year old girl was killed in Shelby county when she was playing in a storm drain and was sucked in and couldn't get out. There were numerous traffic accidents due to wet roads and several motorist were stranded on top of there cars while trying to cross flooded roads.  The following counties were affected by the flooding.  Lauderdale, Colbert, Franklin, Limestone, Lawrence, Morgan, Madison, Jackson, Marshall, DeKalb, Marion, Winston, Cullman, Blount, Etowah, Lamar, Fayette, Walker, Jefferson, St. Clair, Pickens, Tuscaloosa, Bibb, Shelby, Sumter, Greene, Hale, Perry, Chilton, Coosa, Marengo, Dallas, Autauga, Lowndes, Montgomery, Cherokee, Calhoun, Cleburne, Talladega, Clay, Randolph, Tallapoosa, Chambers, Lee, Elmore, Macon, Russell, Bullock, Barbour, and Pike.  Every county received over two inches with several counties receiving over six inches.  F005 

	A few of the higher rainfall totals were:

	Blount Co		8.25"
	Tuscaloosa Co	6.48"
	Lamar Co		6.42"
 	Jefferson Co	6.42"
	Pickens Co		6.27"
	Marshall Co	6.16"",91
5628426,BULLOCK CO.,COUNTYWIDE,01/07/1998,930,Flash Flood, , ,0,0,25000,5000,AL,CST, ,2072405,C,11,BMX,0,0, , , , , , , , ,COUNTYWIDE,01/07/1998,1400, , , , ,"","A strong low pressure system move over Alabama from the Gulf of Mexico, bringing heavy rain to the state.  Rivers, creeks and ditches were all out of their banks. Numerous streets were closed due to water over the road.  Bridges were washed out in Cullman, Etowah, and  Marshall counties.  A five year old girl was killed in Shelby county when she was playing in a storm drain and was sucked in and couldn't get out. There were numerous traffic accidents due to wet roads and several motorist were stranded on top of there cars while trying to cross flooded roads.  The following counties were affected by the flooding.  Lauderdale, Colbert, Franklin, Limestone, Lawrence, Morgan, Madison, Jackson, Marshall, DeKalb, Marion, Winston, Cullman, Blount, Etowah, Lamar, Fayette, Walker, Jefferson, St. Clair, Pickens, Tuscaloosa, Bibb, Shelby, Sumter, Greene, Hale, Perry, Chilton, Coosa, Marengo, Dallas, Autauga, Lowndes, Montgomery, Cherokee, Calhoun, Cleburne, Talladega, Clay, Randolph, Tallapoosa, Chambers, Lee, Elmore, Macon, Russell, Bullock, Barbour, and Pike.  Every county received over two inches with several counties receiving over six inches.  F005 

	A few of the higher rainfall totals were:

	Blount Co		8.25"
	Tuscaloosa Co	6.48"
	Lamar Co		6.42"
 	Jefferson Co	6.42"
	Pickens Co		6.27"
	Marshall Co	6.16"",92
5628425,BLOUNT CO.,COUNTYWIDE,01/07/1998,930,Flash Flood, , ,0,0,50000,5000,AL,CST, ,2072405,C,9,BMX,0,0, , , , , , , , ,COUNTYWIDE,01/07/1998,1400, , , , ,"","A strong low pressure system move over Alabama from the Gulf of Mexico, bringing heavy rain to the state.  Rivers, creeks and ditches were all out of their banks. Numerous streets were closed due to water over the road.  Bridges were washed out in Cullman, Etowah, and  Marshall counties.  A five year old girl was killed in Shelby county when she was playing in a storm drain and was sucked in and couldn't get out. There were numerous traffic accidents due to wet roads and several motorist were stranded on top of there cars while trying to cross flooded roads.  The following counties were affected by the flooding.  Lauderdale, Colbert, Franklin, Limestone, Lawrence, Morgan, Madison, Jackson, Marshall, DeKalb, Marion, Winston, Cullman, Blount, Etowah, Lamar, Fayette, Walker, Jefferson, St. Clair, Pickens, Tuscaloosa, Bibb, Shelby, Sumter, Greene, Hale, Perry, Chilton, Coosa, Marengo, Dallas, Autauga, Lowndes, Montgomery, Cherokee, Calhoun, Cleburne, Talladega, Clay, Randolph, Tallapoosa, Chambers, Lee, Elmore, Macon, Russell, Bullock, Barbour, and Pike.  Every county received over two inches with several counties receiving over six inches.  F005 

	A few of the higher rainfall totals were:

	Blount Co		8.25"
	Tuscaloosa Co	6.48"
	Lamar Co		6.42"
 	Jefferson Co	6.42"
	Pickens Co		6.27"
	Marshall Co	6.16"",93
5628554,MARSHALL CO.,COUNTYWIDE,01/07/1998,930,Flash Flood, , ,0,0,50000,5000,AL,CST, ,2072405,C,95,BMX,0,0, , , , , , , , ,COUNTYWIDE,01/07/1998,1400, , , , ,"","A strong low pressure system move over Alabama from the Gulf of Mexico, bringing heavy rain to the state.  Rivers, creeks and ditches were all out of their banks. Numerous streets were closed due to water over the road.  Bridges were washed out in Cullman, Etowah, and  Marshall counties.  A five year old girl was killed in Shelby county when she was playing in a storm drain and was sucked in and couldn't get out. There were numerous traffic accidents due to wet roads and several motorist were stranded on top of there cars while trying to cross flooded roads.  The following counties were affected by the flooding.  Lauderdale, Colbert, Franklin, Limestone, Lawrence, Morgan, Madison, Jackson, Marshall, DeKalb, Marion, Winston, Cullman, Blount, Etowah, Lamar, Fayette, Walker, Jefferson, St. Clair, Pickens, Tuscaloosa, Bibb, Shelby, Sumter, Greene, Hale, Perry, Chilton, Coosa, Marengo, Dallas, Autauga, Lowndes, Montgomery, Cherokee, Calhoun, Cleburne, Talladega, Clay, Randolph, Tallapoosa, Chambers, Lee, Elmore, Macon, Russell, Bullock, Barbour, and Pike.  Every county received over two inches with several counties receiving over six inches.  F005 

	A few of the higher rainfall totals were:

	Blount Co		8.25"
	Tuscaloosa Co	6.48"
	Lamar Co		6.42"
 	Jefferson Co	6.42"
	Pickens Co		6.27"
	Marshall Co	6.16"",94
5628442,GREENE CO.,COUNTYWIDE,01/07/1998,930,Flash Flood, , ,0,0,30000,5000,AL,CST, ,2072405,C,63,BMX,0,0, , , , , , , , ,COUNTYWIDE,01/07/1998,1400, , , , ,"","A strong low pressure system move over Alabama from the Gulf of Mexico, bringing heavy rain to the state.  Rivers, creeks and ditches were all out of their banks. Numerous streets were closed due to water over the road.  Bridges were washed out in Cullman, Etowah, and  Marshall counties.  A five year old girl was killed in Shelby county when she was playing in a storm drain and was sucked in and couldn't get out. There were numerous traffic accidents due to wet roads and several motorist were stranded on top of there cars while trying to cross flooded roads.  The following counties were affected by the flooding.  Lauderdale, Colbert, Franklin, Limestone, Lawrence, Morgan, Madison, Jackson, Marshall, DeKalb, Marion, Winston, Cullman, Blount, Etowah, Lamar, Fayette, Walker, Jefferson, St. Clair, Pickens, Tuscaloosa, Bibb, Shelby, Sumter, Greene, Hale, Perry, Chilton, Coosa, Marengo, Dallas, Autauga, Lowndes, Montgomery, Cherokee, Calhoun, Cleburne, Talladega, Clay, Randolph, Tallapoosa, Chambers, Lee, Elmore, Macon, Russell, Bullock, Barbour, and Pike.  Every county received over two inches with several counties receiving over six inches.  F005 

	A few of the higher rainfall totals were:

	Blount Co		8.25"
	Tuscaloosa Co	6.48"
	Lamar Co		6.42"
 	Jefferson Co	6.42"
	Pickens Co		6.27"
	Marshall Co	6.16"",95
5628565,TALLADEGA CO.,COUNTYWIDE,01/07/1998,930,Flash Flood, , ,0,0,25000,5000,AL,CST, ,2072405,C,121,BMX,0,0, , , , , , , , ,COUNTYWIDE,01/07/1998,1400, , , , ,"","A strong low pressure system move over Alabama from the Gulf of Mexico, bringing heavy rain to the state.  Rivers, creeks and ditches were all out of their banks. Numerous streets were closed due to water over the road.  Bridges were washed out in Cullman, Etowah, and  Marshall counties.  A five year old girl was killed in Shelby county when she was playing in a storm drain and was sucked in and couldn't get out. There were numerous traffic accidents due to wet roads and several motorist were stranded on top of there cars while trying to cross flooded roads.  The following counties were affected by the flooding.  Lauderdale, Colbert, Franklin, Limestone, Lawrence, Morgan, Madison, Jackson, Marshall, DeKalb, Marion, Winston, Cullman, Blount, Etowah, Lamar, Fayette, Walker, Jefferson, St. Clair, Pickens, Tuscaloosa, Bibb, Shelby, Sumter, Greene, Hale, Perry, Chilton, Coosa, Marengo, Dallas, Autauga, Lowndes, Montgomery, Cherokee, Calhoun, Cleburne, Talladega, Clay, Randolph, Tallapoosa, Chambers, Lee, Elmore, Macon, Russell, Bullock, Barbour, and Pike.  Every county received over two inches with several counties receiving over six inches.  F005 

	A few of the higher rainfall totals were:

	Blount Co		8.25"
	Tuscaloosa Co	6.48"
	Lamar Co		6.42"
 	Jefferson Co	6.42"
	Pickens Co		6.27"
	Marshall Co	6.16"",96
5628424,BIBB CO.,COUNTYWIDE,01/07/1998,930,Flash Flood, , ,0,0,30000,5000,AL,CST, ,2072405,C,7,BMX,0,0, , , , , , , , ,COUNTYWIDE,01/07/1998,1400, , , , ,"","A strong low pressure system move over Alabama from the Gulf of Mexico, bringing heavy rain to the state.  Rivers, creeks and ditches were all out of their banks. Numerous streets were closed due to water over the road.  Bridges were washed out in Cullman, Etowah, and  Marshall counties.  A five year old girl was killed in Shelby county when she was playing in a storm drain and was sucked in and couldn't get out. There were numerous traffic accidents due to wet roads and several motorist were stranded on top of there cars while trying to cross flooded roads.  The following counties were affected by the flooding.  Lauderdale, Colbert, Franklin, Limestone, Lawrence, Morgan, Madison, Jackson, Marshall, DeKalb, Marion, Winston, Cullman, Blount, Etowah, Lamar, Fayette, Walker, Jefferson, St. Clair, Pickens, Tuscaloosa, Bibb, Shelby, Sumter, Greene, Hale, Perry, Chilton, Coosa, Marengo, Dallas, Autauga, Lowndes, Montgomery, Cherokee, Calhoun, Cleburne, Talladega, Clay, Randolph, Tallapoosa, Chambers, Lee, Elmore, Macon, Russell, Bullock, Barbour, and Pike.  Every county received over two inches with several counties receiving over six inches.  F005 

	A few of the higher rainfall totals were:

	Blount Co		8.25"
	Tuscaloosa Co	6.48"
	Lamar Co		6.42"
 	Jefferson Co	6.42"
	Pickens Co		6.27"
	Marshall Co	6.16"",97
5628431,CLAY CO.,COUNTYWIDE,01/07/1998,930,Flash Flood, , ,0,0,25000,5000,AL,CST, ,2072405,C,27,BMX,0,0, , , , , , , , ,COUNTYWIDE,01/07/1998,1400, , , , ,"","A strong low pressure system move over Alabama from the Gulf of Mexico, bringing heavy rain to the state.  Rivers, creeks and ditches were all out of their banks. Numerous streets were closed due to water over the road.  Bridges were washed out in Cullman, Etowah, and  Marshall counties.  A five year old girl was killed in Shelby county when she was playing in a storm drain and was sucked in and couldn't get out. There were numerous traffic accidents due to wet roads and several motorist were stranded on top of there cars while trying to cross flooded roads.  The following counties were affected by the flooding.  Lauderdale, Colbert, Franklin, Limestone, Lawrence, Morgan, Madison, Jackson, Marshall, DeKalb, Marion, Winston, Cullman, Blount, Etowah, Lamar, Fayette, Walker, Jefferson, St. Clair, Pickens, Tuscaloosa, Bibb, Shelby, Sumter, Greene, Hale, Perry, Chilton, Coosa, Marengo, Dallas, Autauga, Lowndes, Montgomery, Cherokee, Calhoun, Cleburne, Talladega, Clay, Randolph, Tallapoosa, Chambers, Lee, Elmore, Macon, Russell, Bullock, Barbour, and Pike.  Every county received over two inches with several counties receiving over six inches.  F005 

	A few of the higher rainfall totals were:

	Blount Co		8.25"
	Tuscaloosa Co	6.48"
	Lamar Co		6.42"
 	Jefferson Co	6.42"
	Pickens Co		6.27"
	Marshall Co	6.16"",98
5628552,MARENGO CO.,COUNTYWIDE,01/07/1998,930,Flash Flood, , ,0,0,30000,5000,AL,CST, ,2072405,C,91,BMX,0,0, , , , , , , , ,COUNTYWIDE,01/07/1998,1400, , , , ,"","A strong low pressure system move over Alabama from the Gulf of Mexico, bringing heavy rain to the state.  Rivers, creeks and ditches were all out of their banks. Numerous streets were closed due to water over the road.  Bridges were washed out in Cullman, Etowah, and  Marshall counties.  A five year old girl was killed in Shelby county when she was playing in a storm drain and was sucked in and couldn't get out. There were numerous traffic accidents due to wet roads and several motorist were stranded on top of there cars while trying to cross flooded roads.  The following counties were affected by the flooding.  Lauderdale, Colbert, Franklin, Limestone, Lawrence, Morgan, Madison, Jackson, Marshall, DeKalb, Marion, Winston, Cullman, Blount, Etowah, Lamar, Fayette, Walker, Jefferson, St. Clair, Pickens, Tuscaloosa, Bibb, Shelby, Sumter, Greene, Hale, Perry, Chilton, Coosa, Marengo, Dallas, Autauga, Lowndes, Montgomery, Cherokee, Calhoun, Cleburne, Talladega, Clay, Randolph, Tallapoosa, Chambers, Lee, Elmore, Macon, Russell, Bullock, Barbour, and Pike.  Every county received over two inches with several counties receiving over six inches.  F005 

	A few of the higher rainfall totals were:

	Blount Co		8.25"
	Tuscaloosa Co	6.48"
	Lamar Co		6.42"
 	Jefferson Co	6.42"
	Pickens Co		6.27"
	Marshall Co	6.16"",99
5628550,MACON CO.,COUNTYWIDE,01/07/1998,930,Flash Flood, , ,0,0,25000,5000,AL,CST, ,2072405,C,87,BMX,0,0, , , , , , , , ,COUNTYWIDE,01/07/1998,1400, , , , ,"","A strong low pressure system move over Alabama from the Gulf of Mexico, bringing heavy rain to the state.  Rivers, creeks and ditches were all out of their banks. Numerous streets were closed due to water over the road.  Bridges were washed out in Cullman, Etowah, and  Marshall counties.  A five year old girl was killed in Shelby county when she was playing in a storm drain and was sucked in and couldn't get out. There were numerous traffic accidents due to wet roads and several motorist were stranded on top of there cars while trying to cross flooded roads.  The following counties were affected by the flooding.  Lauderdale, Colbert, Franklin, Limestone, Lawrence, Morgan, Madison, Jackson, Marshall, DeKalb, Marion, Winston, Cullman, Blount, Etowah, Lamar, Fayette, Walker, Jefferson, St. Clair, Pickens, Tuscaloosa, Bibb, Shelby, Sumter, Greene, Hale, Perry, Chilton, Coosa, Marengo, Dallas, Autauga, Lowndes, Montgomery, Cherokee, Calhoun, Cleburne, Talladega, Clay, Randolph, Tallapoosa, Chambers, Lee, Elmore, Macon, Russell, Bullock, Barbour, and Pike.  Every county received over two inches with several counties receiving over six inches.  F005 

	A few of the higher rainfall totals were:

	Blount Co		8.25"
	Tuscaloosa Co	6.48"
	Lamar Co		6.42"
 	Jefferson Co	6.42"
	Pickens Co		6.27"
	Marshall Co	6.16"",100
5628439,ETOWAH CO.,COUNTYWIDE,01/07/1998,930,Flash Flood, , ,0,0,25000,5000,AL,CST, ,2072405,C,55,BMX,0,0, , , , , , , , ,COUNTYWIDE,01/07/1998,1400, , , , ,"","A strong low pressure system move over Alabama from the Gulf of Mexico, bringing heavy rain to the state.  Rivers, creeks and ditches were all out of their banks. Numerous streets were closed due to water over the road.  Bridges were washed out in Cullman, Etowah, and  Marshall counties.  A five year old girl was killed in Shelby county when she was playing in a storm drain and was sucked in and couldn't get out. There were numerous traffic accidents due to wet roads and several motorist were stranded on top of there cars while trying to cross flooded roads.  The following counties were affected by the flooding.  Lauderdale, Colbert, Franklin, Limestone, Lawrence, Morgan, Madison, Jackson, Marshall, DeKalb, Marion, Winston, Cullman, Blount, Etowah, Lamar, Fayette, Walker, Jefferson, St. Clair, Pickens, Tuscaloosa, Bibb, Shelby, Sumter, Greene, Hale, Perry, Chilton, Coosa, Marengo, Dallas, Autauga, Lowndes, Montgomery, Cherokee, Calhoun, Cleburne, Talladega, Clay, Randolph, Tallapoosa, Chambers, Lee, Elmore, Macon, Russell, Bullock, Barbour, and Pike.  Every county received over two inches with several counties receiving over six inches.  F005 

	A few of the higher rainfall totals were:

	Blount Co		8.25"
	Tuscaloosa Co	6.48"
	Lamar Co		6.42"
 	Jefferson Co	6.42"
	Pickens Co		6.27"
	Marshall Co	6.16"",101
5628448,LAWRENCE CO.,COUNTYWIDE,01/07/1998,930,Flash Flood, , ,0,0,25000,5000,AL,CST, ,2072405,C,79,BMX,0,0, , , , , , , , ,COUNTYWIDE,01/07/1998,1400, , , , ,"","A strong low pressure system move over Alabama from the Gulf of Mexico, bringing heavy rain to the state.  Rivers, creeks and ditches were all out of their banks. Numerous streets were closed due to water over the road.  Bridges were washed out in Cullman, Etowah, and  Marshall counties.  A five year old girl was killed in Shelby county when she was playing in a storm drain and was sucked in and couldn't get out. There were numerous traffic accidents due to wet roads and several motorist were stranded on top of there cars while trying to cross flooded roads.  The following counties were affected by the flooding.  Lauderdale, Colbert, Franklin, Limestone, Lawrence, Morgan, Madison, Jackson, Marshall, DeKalb, Marion, Winston, Cullman, Blount, Etowah, Lamar, Fayette, Walker, Jefferson, St. Clair, Pickens, Tuscaloosa, Bibb, Shelby, Sumter, Greene, Hale, Perry, Chilton, Coosa, Marengo, Dallas, Autauga, Lowndes, Montgomery, Cherokee, Calhoun, Cleburne, Talladega, Clay, Randolph, Tallapoosa, Chambers, Lee, Elmore, Macon, Russell, Bullock, Barbour, and Pike.  Every county received over two inches with several counties receiving over six inches.  F005 

	A few of the higher rainfall totals were:

	Blount Co		8.25"
	Tuscaloosa Co	6.48"
	Lamar Co		6.42"
 	Jefferson Co	6.42"
	Pickens Co		6.27"
	Marshall Co	6.16"",102
5628558,PICKENS CO.,COUNTYWIDE,01/07/1998,930,Flash Flood, , ,0,0,50000,5000,AL,CST, ,2072405,C,107,BMX,0,0, , , , , , , , ,COUNTYWIDE,01/07/1998,1400, , , , ,"","A strong low pressure system move over Alabama from the Gulf of Mexico, bringing heavy rain to the state.  Rivers, creeks and ditches were all out of their banks. Numerous streets were closed due to water over the road.  Bridges were washed out in Cullman, Etowah, and  Marshall counties.  A five year old girl was killed in Shelby county when she was playing in a storm drain and was sucked in and couldn't get out. There were numerous traffic accidents due to wet roads and several motorist were stranded on top of there cars while trying to cross flooded roads.  The following counties were affected by the flooding.  Lauderdale, Colbert, Franklin, Limestone, Lawrence, Morgan, Madison, Jackson, Marshall, DeKalb, Marion, Winston, Cullman, Blount, Etowah, Lamar, Fayette, Walker, Jefferson, St. Clair, Pickens, Tuscaloosa, Bibb, Shelby, Sumter, Greene, Hale, Perry, Chilton, Coosa, Marengo, Dallas, Autauga, Lowndes, Montgomery, Cherokee, Calhoun, Cleburne, Talladega, Clay, Randolph, Tallapoosa, Chambers, Lee, Elmore, Macon, Russell, Bullock, Barbour, and Pike.  Every county received over two inches with several counties receiving over six inches.  F005 

	A few of the higher rainfall totals were:

	Blount Co		8.25"
	Tuscaloosa Co	6.48"
	Lamar Co		6.42"
 	Jefferson Co	6.42"
	Pickens Co		6.27"
	Marshall Co	6.16"",103
5628428,CHAMBERS CO.,COUNTYWIDE,01/07/1998,930,Flash Flood, , ,0,0,25000,5000,AL,CST, ,2072405,C,17,BMX,0,0, , , , , , , , ,COUNTYWIDE,01/07/1998,1400, , , , ,"","A strong low pressure system move over Alabama from the Gulf of Mexico, bringing heavy rain to the state.  Rivers, creeks and ditches were all out of their banks. Numerous streets were closed due to water over the road.  Bridges were washed out in Cullman, Etowah, and  Marshall counties.  A five year old girl was killed in Shelby county when she was playing in a storm drain and was sucked in and couldn't get out. There were numerous traffic accidents due to wet roads and several motorist were stranded on top of there cars while trying to cross flooded roads.  The following counties were affected by the flooding.  Lauderdale, Colbert, Franklin, Limestone, Lawrence, Morgan, Madison, Jackson, Marshall, DeKalb, Marion, Winston, Cullman, Blount, Etowah, Lamar, Fayette, Walker, Jefferson, St. Clair, Pickens, Tuscaloosa, Bibb, Shelby, Sumter, Greene, Hale, Perry, Chilton, Coosa, Marengo, Dallas, Autauga, Lowndes, Montgomery, Cherokee, Calhoun, Cleburne, Talladega, Clay, Randolph, Tallapoosa, Chambers, Lee, Elmore, Macon, Russell, Bullock, Barbour, and Pike.  Every county received over two inches with several counties receiving over six inches.  F005 

	A few of the higher rainfall totals were:

	Blount Co		8.25"
	Tuscaloosa Co	6.48"
	Lamar Co		6.42"
 	Jefferson Co	6.42"
	Pickens Co		6.27"
	Marshall Co	6.16"",104
5628559,PIKE CO.,COUNTYWIDE,01/07/1998,930,Flash Flood, , ,0,0,25000,5000,AL,CST, ,2072405,C,109,BMX,0,0, , , , , , , , ,COUNTYWIDE,01/07/1998,1400, , , , ,"","A strong low pressure system move over Alabama from the Gulf of Mexico, bringing heavy rain to the state.  Rivers, creeks and ditches were all out of their banks. Numerous streets were closed due to water over the road.  Bridges were washed out in Cullman, Etowah, and  Marshall counties.  A five year old girl was killed in Shelby county when she was playing in a storm drain and was sucked in and couldn't get out. There were numerous traffic accidents due to wet roads and several motorist were stranded on top of there cars while trying to cross flooded roads.  The following counties were affected by the flooding.  Lauderdale, Colbert, Franklin, Limestone, Lawrence, Morgan, Madison, Jackson, Marshall, DeKalb, Marion, Winston, Cullman, Blount, Etowah, Lamar, Fayette, Walker, Jefferson, St. Clair, Pickens, Tuscaloosa, Bibb, Shelby, Sumter, Greene, Hale, Perry, Chilton, Coosa, Marengo, Dallas, Autauga, Lowndes, Montgomery, Cherokee, Calhoun, Cleburne, Talladega, Clay, Randolph, Tallapoosa, Chambers, Lee, Elmore, Macon, Russell, Bullock, Barbour, and Pike.  Every county received over two inches with several counties receiving over six inches.  F005 

	A few of the higher rainfall totals were:

	Blount Co		8.25"
	Tuscaloosa Co	6.48"
	Lamar Co		6.42"
 	Jefferson Co	6.42"
	Pickens Co		6.27"
	Marshall Co	6.16"",105
5628441,FRANKLIN CO.,COUNTYWIDE,01/07/1998,930,Flash Flood, , ,0,0,25000,5000,AL,CST, ,2072405,C,59,BMX,0,0, , , , , , , , ,COUNTYWIDE,01/07/1998,1400, , , , ,"","A strong low pressure system move over Alabama from the Gulf of Mexico, bringing heavy rain to the state.  Rivers, creeks and ditches were all out of their banks. Numerous streets were closed due to water over the road.  Bridges were washed out in Cullman, Etowah, and  Marshall counties.  A five year old girl was killed in Shelby county when she was playing in a storm drain and was sucked in and couldn't get out. There were numerous traffic accidents due to wet roads and several motorist were stranded on top of there cars while trying to cross flooded roads.  The following counties were affected by the flooding.  Lauderdale, Colbert, Franklin, Limestone, Lawrence, Morgan, Madison, Jackson, Marshall, DeKalb, Marion, Winston, Cullman, Blount, Etowah, Lamar, Fayette, Walker, Jefferson, St. Clair, Pickens, Tuscaloosa, Bibb, Shelby, Sumter, Greene, Hale, Perry, Chilton, Coosa, Marengo, Dallas, Autauga, Lowndes, Montgomery, Cherokee, Calhoun, Cleburne, Talladega, Clay, Randolph, Tallapoosa, Chambers, Lee, Elmore, Macon, Russell, Bullock, Barbour, and Pike.  Every county received over two inches with several counties receiving over six inches.  F005 

	A few of the higher rainfall totals were:

	Blount Co		8.25"
	Tuscaloosa Co	6.48"
	Lamar Co		6.42"
 	Jefferson Co	6.42"
	Pickens Co		6.27"
	Marshall Co	6.16"",106
5628433,COLBERT CO.,COUNTYWIDE,01/07/1998,930,Flash Flood, , ,0,0,25000,5000,AL,CST, ,2072405,C,33,BMX,0,0, , , , , , , , ,COUNTYWIDE,01/07/1998,1400, , , , ,"","A strong low pressure system move over Alabama from the Gulf of Mexico, bringing heavy rain to the state.  Rivers, creeks and ditches were all out of their banks. Numerous streets were closed due to water over the road.  Bridges were washed out in Cullman, Etowah, and  Marshall counties.  A five year old girl was killed in Shelby county when she was playing in a storm drain and was sucked in and couldn't get out. There were numerous traffic accidents due to wet roads and several motorist were stranded on top of there cars while trying to cross flooded roads.  The following counties were affected by the flooding.  Lauderdale, Colbert, Franklin, Limestone, Lawrence, Morgan, Madison, Jackson, Marshall, DeKalb, Marion, Winston, Cullman, Blount, Etowah, Lamar, Fayette, Walker, Jefferson, St. Clair, Pickens, Tuscaloosa, Bibb, Shelby, Sumter, Greene, Hale, Perry, Chilton, Coosa, Marengo, Dallas, Autauga, Lowndes, Montgomery, Cherokee, Calhoun, Cleburne, Talladega, Clay, Randolph, Tallapoosa, Chambers, Lee, Elmore, Macon, Russell, Bullock, Barbour, and Pike.  Every county received over two inches with several counties receiving over six inches.  F005 

	A few of the higher rainfall totals were:

	Blount Co		8.25"
	Tuscaloosa Co	6.48"
	Lamar Co		6.42"
 	Jefferson Co	6.42"
	Pickens Co		6.27"
	Marshall Co	6.16"",107
5628549,LOWNDES CO.,COUNTYWIDE,01/07/1998,930,Flash Flood, , ,0,0,25000,5000,AL,CST, ,2072405,C,85,BMX,0,0, , , , , , , , ,COUNTYWIDE,01/07/1998,1400, , , , ,"","A strong low pressure system move over Alabama from the Gulf of Mexico, bringing heavy rain to the state.  Rivers, creeks and ditches were all out of their banks. Numerous streets were closed due to water over the road.  Bridges were washed out in Cullman, Etowah, and  Marshall counties.  A five year old girl was killed in Shelby county when she was playing in a storm drain and was sucked in and couldn't get out. There were numerous traffic accidents due to wet roads and several motorist were stranded on top of there cars while trying to cross flooded roads.  The following counties were affected by the flooding.  Lauderdale, Colbert, Franklin, Limestone, Lawrence, Morgan, Madison, Jackson, Marshall, DeKalb, Marion, Winston, Cullman, Blount, Etowah, Lamar, Fayette, Walker, Jefferson, St. Clair, Pickens, Tuscaloosa, Bibb, Shelby, Sumter, Greene, Hale, Perry, Chilton, Coosa, Marengo, Dallas, Autauga, Lowndes, Montgomery, Cherokee, Calhoun, Cleburne, Talladega, Clay, Randolph, Tallapoosa, Chambers, Lee, Elmore, Macon, Russell, Bullock, Barbour, and Pike.  Every county received over two inches with several counties receiving over six inches.  F005 

	A few of the higher rainfall totals were:

	Blount Co		8.25"
	Tuscaloosa Co	6.48"
	Lamar Co		6.42"
 	Jefferson Co	6.42"
	Pickens Co		6.27"
	Marshall Co	6.16"",108
5628569,WINSTON CO.,COUNTYWIDE,01/07/1998,930,Flash Flood, , ,0,0,30000,5000,AL,CST, ,2072405,C,133,BMX,0,0, , , , , , , , ,COUNTYWIDE,01/07/1998,1400, , , , ,"","A strong low pressure system move over Alabama from the Gulf of Mexico, bringing heavy rain to the state.  Rivers, creeks and ditches were all out of their banks. Numerous streets were closed due to water over the road.  Bridges were washed out in Cullman, Etowah, and  Marshall counties.  A five year old girl was killed in Shelby county when she was playing in a storm drain and was sucked in and couldn't get out. There were numerous traffic accidents due to wet roads and several motorist were stranded on top of there cars while trying to cross flooded roads.  The following counties were affected by the flooding.  Lauderdale, Colbert, Franklin, Limestone, Lawrence, Morgan, Madison, Jackson, Marshall, DeKalb, Marion, Winston, Cullman, Blount, Etowah, Lamar, Fayette, Walker, Jefferson, St. Clair, Pickens, Tuscaloosa, Bibb, Shelby, Sumter, Greene, Hale, Perry, Chilton, Coosa, Marengo, Dallas, Autauga, Lowndes, Montgomery, Cherokee, Calhoun, Cleburne, Talladega, Clay, Randolph, Tallapoosa, Chambers, Lee, Elmore, Macon, Russell, Bullock, Barbour, and Pike.  Every county received over two inches with several counties receiving over six inches.  F005 

	A few of the higher rainfall totals were:

	Blount Co		8.25"
	Tuscaloosa Co	6.48"
	Lamar Co		6.42"
 	Jefferson Co	6.42"
	Pickens Co		6.27"
	Marshall Co	6.16"",109
5628561,RUSSELL CO.,COUNTYWIDE,01/07/1998,930,Flash Flood, , ,0,0,25000,5000,AL,CST, ,2072405,C,113,BMX,0,0, , , , , , , , ,COUNTYWIDE,01/07/1998,1400, , , , ,"","A strong low pressure system move over Alabama from the Gulf of Mexico, bringing heavy rain to the state.  Rivers, creeks and ditches were all out of their banks. Numerous streets were closed due to water over the road.  Bridges were washed out in Cullman, Etowah, and  Marshall counties.  A five year old girl was killed in Shelby county when she was playing in a storm drain and was sucked in and couldn't get out. There were numerous traffic accidents due to wet roads and several motorist were stranded on top of there cars while trying to cross flooded roads.  The following counties were affected by the flooding.  Lauderdale, Colbert, Franklin, Limestone, Lawrence, Morgan, Madison, Jackson, Marshall, DeKalb, Marion, Winston, Cullman, Blount, Etowah, Lamar, Fayette, Walker, Jefferson, St. Clair, Pickens, Tuscaloosa, Bibb, Shelby, Sumter, Greene, Hale, Perry, Chilton, Coosa, Marengo, Dallas, Autauga, Lowndes, Montgomery, Cherokee, Calhoun, Cleburne, Talladega, Clay, Randolph, Tallapoosa, Chambers, Lee, Elmore, Macon, Russell, Bullock, Barbour, and Pike.  Every county received over two inches with several counties receiving over six inches.  F005 

	A few of the higher rainfall totals were:

	Blount Co		8.25"
	Tuscaloosa Co	6.48"
	Lamar Co		6.42"
 	Jefferson Co	6.42"
	Pickens Co		6.27"
	Marshall Co	6.16"",110
5628551,MADISON CO.,COUNTYWIDE,01/07/1998,930,Flash Flood, , ,0,0,25000,5000,AL,CST, ,2072405,C,89,BMX,0,0, , , , , , , , ,COUNTYWIDE,01/07/1998,1400, , , , ,"","A strong low pressure system move over Alabama from the Gulf of Mexico, bringing heavy rain to the state.  Rivers, creeks and ditches were all out of their banks. Numerous streets were closed due to water over the road.  Bridges were washed out in Cullman, Etowah, and  Marshall counties.  A five year old girl was killed in Shelby county when she was playing in a storm drain and was sucked in and couldn't get out. There were numerous traffic accidents due to wet roads and several motorist were stranded on top of there cars while trying to cross flooded roads.  The following counties were affected by the flooding.  Lauderdale, Colbert, Franklin, Limestone, Lawrence, Morgan, Madison, Jackson, Marshall, DeKalb, Marion, Winston, Cullman, Blount, Etowah, Lamar, Fayette, Walker, Jefferson, St. Clair, Pickens, Tuscaloosa, Bibb, Shelby, Sumter, Greene, Hale, Perry, Chilton, Coosa, Marengo, Dallas, Autauga, Lowndes, Montgomery, Cherokee, Calhoun, Cleburne, Talladega, Clay, Randolph, Tallapoosa, Chambers, Lee, Elmore, Macon, Russell, Bullock, Barbour, and Pike.  Every county received over two inches with several counties receiving over six inches.  F005 

	A few of the higher rainfall totals were:

	Blount Co		8.25"
	Tuscaloosa Co	6.48"
	Lamar Co		6.42"
 	Jefferson Co	6.42"
	Pickens Co		6.27"
	Marshall Co	6.16"",111
5628430,CHILTON CO.,COUNTYWIDE,01/07/1998,930,Flash Flood, , ,0,0,30000,5000,AL,CST, ,2072405,C,21,BMX,0,0, , , , , , , , ,COUNTYWIDE,01/07/1998,1400, , , , ,"","A strong low pressure system move over Alabama from the Gulf of Mexico, bringing heavy rain to the state.  Rivers, creeks and ditches were all out of their banks. Numerous streets were closed due to water over the road.  Bridges were washed out in Cullman, Etowah, and  Marshall counties.  A five year old girl was killed in Shelby county when she was playing in a storm drain and was sucked in and couldn't get out. There were numerous traffic accidents due to wet roads and several motorist were stranded on top of there cars while trying to cross flooded roads.  The following counties were affected by the flooding.  Lauderdale, Colbert, Franklin, Limestone, Lawrence, Morgan, Madison, Jackson, Marshall, DeKalb, Marion, Winston, Cullman, Blount, Etowah, Lamar, Fayette, Walker, Jefferson, St. Clair, Pickens, Tuscaloosa, Bibb, Shelby, Sumter, Greene, Hale, Perry, Chilton, Coosa, Marengo, Dallas, Autauga, Lowndes, Montgomery, Cherokee, Calhoun, Cleburne, Talladega, Clay, Randolph, Tallapoosa, Chambers, Lee, Elmore, Macon, Russell, Bullock, Barbour, and Pike.  Every county received over two inches with several counties receiving over six inches.  F005 

	A few of the higher rainfall totals were:

	Blount Co		8.25"
	Tuscaloosa Co	6.48"
	Lamar Co		6.42"
 	Jefferson Co	6.42"
	Pickens Co		6.27"
	Marshall Co	6.16"",112
5628563,ST. CLAIR CO.,COUNTYWIDE,01/07/1998,930,Flash Flood, , ,0,0,30000,5000,AL,CST, ,2072405,C,115,BMX,0,0, , , , , , , , ,COUNTYWIDE,01/07/1998,1400, , , , ,"","A strong low pressure system move over Alabama from the Gulf of Mexico, bringing heavy rain to the state.  Rivers, creeks and ditches were all out of their banks. Numerous streets were closed due to water over the road.  Bridges were washed out in Cullman, Etowah, and  Marshall counties.  A five year old girl was killed in Shelby county when she was playing in a storm drain and was sucked in and couldn't get out. There were numerous traffic accidents due to wet roads and several motorist were stranded on top of there cars while trying to cross flooded roads.  The following counties were affected by the flooding.  Lauderdale, Colbert, Franklin, Limestone, Lawrence, Morgan, Madison, Jackson, Marshall, DeKalb, Marion, Winston, Cullman, Blount, Etowah, Lamar, Fayette, Walker, Jefferson, St. Clair, Pickens, Tuscaloosa, Bibb, Shelby, Sumter, Greene, Hale, Perry, Chilton, Coosa, Marengo, Dallas, Autauga, Lowndes, Montgomery, Cherokee, Calhoun, Cleburne, Talladega, Clay, Randolph, Tallapoosa, Chambers, Lee, Elmore, Macon, Russell, Bullock, Barbour, and Pike.  Every county received over two inches with several counties receiving over six inches.  F005 

	A few of the higher rainfall totals were:

	Blount Co		8.25"
	Tuscaloosa Co	6.48"
	Lamar Co		6.42"
 	Jefferson Co	6.42"
	Pickens Co		6.27"
	Marshall Co	6.16"",113
5628447,LAUDERDALE CO.,COUNTYWIDE,01/07/1998,930,Flash Flood, , ,0,0,25000,5000,AL,CST, ,2072405,C,77,BMX,0,0, , , , , , , , ,COUNTYWIDE,01/07/1998,1400, , , , ,"","A strong low pressure system move over Alabama from the Gulf of Mexico, bringing heavy rain to the state.  Rivers, creeks and ditches were all out of their banks. Numerous streets were closed due to water over the road.  Bridges were washed out in Cullman, Etowah, and  Marshall counties.  A five year old girl was killed in Shelby county when she was playing in a storm drain and was sucked in and couldn't get out. There were numerous traffic accidents due to wet roads and several motorist were stranded on top of there cars while trying to cross flooded roads.  The following counties were affected by the flooding.  Lauderdale, Colbert, Franklin, Limestone, Lawrence, Morgan, Madison, Jackson, Marshall, DeKalb, Marion, Winston, Cullman, Blount, Etowah, Lamar, Fayette, Walker, Jefferson, St. Clair, Pickens, Tuscaloosa, Bibb, Shelby, Sumter, Greene, Hale, Perry, Chilton, Coosa, Marengo, Dallas, Autauga, Lowndes, Montgomery, Cherokee, Calhoun, Cleburne, Talladega, Clay, Randolph, Tallapoosa, Chambers, Lee, Elmore, Macon, Russell, Bullock, Barbour, and Pike.  Every county received over two inches with several counties receiving over six inches.  F005 

	A few of the higher rainfall totals were:

	Blount Co		8.25"
	Tuscaloosa Co	6.48"
	Lamar Co		6.42"
 	Jefferson Co	6.42"
	Pickens Co		6.27"
	Marshall Co	6.16"",114
5628626,BALDWIN CO.,CENTRAL PORTION,01/07/1998,1000,Flash Flood, , ,0,0,20000,0,AL,CST, ,2072136,C,3,MOB,0,0, , , , , , , , ,CENTRAL PORTION,01/07/1998,1230, , , , ,"Three to four inches of rain across the central and south parts of the county caused many small streams to overflow their banks.  Many secondary roads had standing water in them especially along  US Hwy 59 south of I-10.  Most secondary roads near the communities of Silverhill and Foley  were impassable and some even washed out. because of the heavy rains.","",115
5628628,ESCAMBIA CO.,SOUTHWEST PORTION,01/07/1998,1045,Flash Flood, , ,0,0,10000,0,AL,CST, ,2072138,C,53,MOB,0,0, , , , , , , , ,SOUTHWEST PORTION,01/07/1998,1215, , , , ,"One to three inches of rainfall in a short period of time caused several roads around the Brewton and Atmore areas to become impassable.  US Hwy 41 north of Brewton was impassable for more than an hour because of high water  over the road.  US Highway 31 between Atmore and Flomaton also had to be closed for a short time due to high water.  No one was injured.","",116
5628627,BALDWIN CO.,SOUTH PORTION,01/07/1998,1700,Flash Flood, , ,0,0,10000,0,AL,CST, ,2072137,C,3,MOB,0,0, , , , , , , , ,SOUTH PORTION,01/07/1998,1900, , , , ,"Because of the heavy rains earlier in the day and the resulting runoff, the Fish river started rising very rapidly, especially south of County Road 104.  The water got into a couple of homes  south of Marlow.  The river started receding during the early evening hours, shortly after high tide.  No one was forced to evacuate  and only minor damage was reported to the homes that had water in them.","",117
5639835,MOBILE CO.,COUNTYWIDE,03/08/1998,1,Flash Flood, , ,0,0,1000000,0,AL,CST, ,2074462,C,97,MOB,0,0, , , , , , , , ,COUNTYWIDE,03/08/1998,2000, , , , ,"","A slow moving complex weather system moved through southwest Alabama on March 8, bringing with it copious amounts of rainfall.   The Mobile WSR-88D estimated rainfall totals of six to ten inches across the area on  March 8 with  Brewton recording 9.54 inches.  Some  areas in north Baldwin county estimated  up to fifteen inches of rain with Covington county estimating up to twelve inches of rain.  The heavy rains began on the evening of March 7 and continued through the night before tapering off on the afternoon of March 8.  The heaviest rainfall fell from midnight until around noon on March 8.  The heavy rainfall caused widespread flooding across the area.  The flooding began in Mobile county  and then spread east across Baldwin, Escambia, Conecuh,  Covington, Crenshaw and Butler counties .  Most secondary roads were completely washed out in these counties.    Following are highlights of some of the damages in the affected counties:
Mobile... Flooding began in the west  part of the county then spread east .  The flooding generally took place along and north of I-10.  The University of South Alabama measured a one hour rainfall of 3.06 inches ending at 1221 am, a two hour total of 5.12 inches ending at 1223 am and a three hour total of 6.54  inches ending at 122 am.  Many streets were closed due to high water through most of the day on March 8.  Many secondary dirt roads in the north part of the county were completely washed out.  A male drowned near USA around 1230 am when he jumped in to rescue a stranded motorist.  The motorist got to safety but the rescuer was swept away by the swift water and drowned.  This is the third person to drown at this spot since May of 1997.
Baldwin...Most of the flooding took place north of I-10.  Most of the secondary roads were washed out by the heavy rain.  Many of the paved roads in the north part of the county remained closed until the evening of  March 8, when the water finally receded.
Conecuh...Most of the secondary roads throughout the county suffered damage.  Most were closed from early Sunday morning until the evening of March 8.  Part of I-65 was covered with water for a few hours during the morning of March 8 and traffic had to be rerouted.
Escambia...Almost every road in the county had standing water in them.  Many of the secondary dirt roads were washed out by the flooding.  U S Highway 29 from Flomaton to Brewton was closed from the early morning until evening of March 8.  Traffic had to be rerouted during this time.  Residents in the area said this flood was worse than the flood of 1990.  After the flash flooding subsided, river flooding continued for the next several days.  On the Big Escambia Creek near Flomaton, the river reached an elevation of 19.7 feet which was second to the highest reading on the river of 25.9 feet in 1929.    On Murder Creek in Brewton, flood waters rose to a depth of more than two feet inside an industrial plant and caused four million dollars in damage.  The business was not on the river during the 1990 flood.
Covington...Radar estimated that this county received the most rainfall.  Most of the dirt roads throughout the county suffered major damage.  Many of the primary roads had to be closed from early Sunday morning until the evening of March 8.  The schools throughout the county were closed the next day because of the many washed out dirt roads.  A trailer park had to be evacuated near Opp because of high water.  A motorist had to be rescued when he drove his car into a flooded street and his automobile was washed away, also near Opp.  A male drowned near Point A Dam around noon on March 8, when he drove his vehicle along a road around the lake.  The road caved in and his  vehicle  was carried into the lake. Like Escambia county, residents say this was the worst flood they have seen.
Crenshaw...Most of the dirt roads in the county were washed out.  Many of the primary roads also suffered major damage.  U S Highway 29 near Dozier was closed on Sunday morning as a dam broke on a pond and caused part of the highway to be washed away.  Schools  across the county were closed on Monday because of the many dirt roads that were washed out.
Butler...Most of the dirt roads in the south part of the county were washed out by the heavy rain.  Many paved roads in the same part of the county, generally south of Greenville, suffered major damage.  Some were closed throughout the day on Sunday.",118
5639836,BALDWIN CO.,COUNTYWIDE,03/08/1998,30,Flash Flood, , ,0,0,1000000,0,AL,CST, ,2074462,C,3,MOB,0,0, , , , , , , , ,COUNTYWIDE,03/08/1998,2000, , , , ,"","A slow moving complex weather system moved through southwest Alabama on March 8, bringing with it copious amounts of rainfall.   The Mobile WSR-88D estimated rainfall totals of six to ten inches across the area on  March 8 with  Brewton recording 9.54 inches.  Some  areas in north Baldwin county estimated  up to fifteen inches of rain with Covington county estimating up to twelve inches of rain.  The heavy rains began on the evening of March 7 and continued through the night before tapering off on the afternoon of March 8.  The heaviest rainfall fell from midnight until around noon on March 8.  The heavy rainfall caused widespread flooding across the area.  The flooding began in Mobile county  and then spread east across Baldwin, Escambia, Conecuh,  Covington, Crenshaw and Butler counties .  Most secondary roads were completely washed out in these counties.    Following are highlights of some of the damages in the affected counties:
Mobile... Flooding began in the west  part of the county then spread east .  The flooding generally took place along and north of I-10.  The University of South Alabama measured a one hour rainfall of 3.06 inches ending at 1221 am, a two hour total of 5.12 inches ending at 1223 am and a three hour total of 6.54  inches ending at 122 am.  Many streets were closed due to high water through most of the day on March 8.  Many secondary dirt roads in the north part of the county were completely washed out.  A male drowned near USA around 1230 am when he jumped in to rescue a stranded motorist.  The motorist got to safety but the rescuer was swept away by the swift water and drowned.  This is the third person to drown at this spot since May of 1997.
Baldwin...Most of the flooding took place north of I-10.  Most of the secondary roads were washed out by the heavy rain.  Many of the paved roads in the north part of the county remained closed until the evening of  March 8, when the water finally receded.
Conecuh...Most of the secondary roads throughout the county suffered damage.  Most were closed from early Sunday morning until the evening of March 8.  Part of I-65 was covered with water for a few hours during the morning of March 8 and traffic had to be rerouted.
Escambia...Almost every road in the county had standing water in them.  Many of the secondary dirt roads were washed out by the flooding.  U S Highway 29 from Flomaton to Brewton was closed from the early morning until evening of March 8.  Traffic had to be rerouted during this time.  Residents in the area said this flood was worse than the flood of 1990.  After the flash flooding subsided, river flooding continued for the next several days.  On the Big Escambia Creek near Flomaton, the river reached an elevation of 19.7 feet which was second to the highest reading on the river of 25.9 feet in 1929.    On Murder Creek in Brewton, flood waters rose to a depth of more than two feet inside an industrial plant and caused four million dollars in damage.  The business was not on the river during the 1990 flood.
Covington...Radar estimated that this county received the most rainfall.  Most of the dirt roads throughout the county suffered major damage.  Many of the primary roads had to be closed from early Sunday morning until the evening of March 8.  The schools throughout the county were closed the next day because of the many washed out dirt roads.  A trailer park had to be evacuated near Opp because of high water.  A motorist had to be rescued when he drove his car into a flooded street and his automobile was washed away, also near Opp.  A male drowned near Point A Dam around noon on March 8, when he drove his vehicle along a road around the lake.  The road caved in and his  vehicle  was carried into the lake. Like Escambia county, residents say this was the worst flood they have seen.
Crenshaw...Most of the dirt roads in the county were washed out.  Many of the primary roads also suffered major damage.  U S Highway 29 near Dozier was closed on Sunday morning as a dam broke on a pond and caused part of the highway to be washed away.  Schools  across the county were closed on Monday because of the many dirt roads that were washed out.
Butler...Most of the dirt roads in the south part of the county were washed out by the heavy rain.  Many paved roads in the same part of the county, generally south of Greenville, suffered major damage.  Some were closed throughout the day on Sunday.",119
5639837,CONECUH CO.,COUNTYWIDE,03/08/1998,130,Flash Flood, , ,0,0,300000,0,AL,CST, ,2074462,C,35,MOB,0,0, , , , , , , , ,COUNTYWIDE,03/08/1998,2000, , , , ,"","A slow moving complex weather system moved through southwest Alabama on March 8, bringing with it copious amounts of rainfall.   The Mobile WSR-88D estimated rainfall totals of six to ten inches across the area on  March 8 with  Brewton recording 9.54 inches.  Some  areas in north Baldwin county estimated  up to fifteen inches of rain with Covington county estimating up to twelve inches of rain.  The heavy rains began on the evening of March 7 and continued through the night before tapering off on the afternoon of March 8.  The heaviest rainfall fell from midnight until around noon on March 8.  The heavy rainfall caused widespread flooding across the area.  The flooding began in Mobile county  and then spread east across Baldwin, Escambia, Conecuh,  Covington, Crenshaw and Butler counties .  Most secondary roads were completely washed out in these counties.    Following are highlights of some of the damages in the affected counties:
Mobile... Flooding began in the west  part of the county then spread east .  The flooding generally took place along and north of I-10.  The University of South Alabama measured a one hour rainfall of 3.06 inches ending at 1221 am, a two hour total of 5.12 inches ending at 1223 am and a three hour total of 6.54  inches ending at 122 am.  Many streets were closed due to high water through most of the day on March 8.  Many secondary dirt roads in the north part of the county were completely washed out.  A male drowned near USA around 1230 am when he jumped in to rescue a stranded motorist.  The motorist got to safety but the rescuer was swept away by the swift water and drowned.  This is the third person to drown at this spot since May of 1997.
Baldwin...Most of the flooding took place north of I-10.  Most of the secondary roads were washed out by the heavy rain.  Many of the paved roads in the north part of the county remained closed until the evening of  March 8, when the water finally receded.
Conecuh...Most of the secondary roads throughout the county suffered damage.  Most were closed from early Sunday morning until the evening of March 8.  Part of I-65 was covered with water for a few hours during the morning of March 8 and traffic had to be rerouted.
Escambia...Almost every road in the county had standing water in them.  Many of the secondary dirt roads were washed out by the flooding.  U S Highway 29 from Flomaton to Brewton was closed from the early morning until evening of March 8.  Traffic had to be rerouted during this time.  Residents in the area said this flood was worse than the flood of 1990.  After the flash flooding subsided, river flooding continued for the next several days.  On the Big Escambia Creek near Flomaton, the river reached an elevation of 19.7 feet which was second to the highest reading on the river of 25.9 feet in 1929.    On Murder Creek in Brewton, flood waters rose to a depth of more than two feet inside an industrial plant and caused four million dollars in damage.  The business was not on the river during the 1990 flood.
Covington...Radar estimated that this county received the most rainfall.  Most of the dirt roads throughout the county suffered major damage.  Many of the primary roads had to be closed from early Sunday morning until the evening of March 8.  The schools throughout the county were closed the next day because of the many washed out dirt roads.  A trailer park had to be evacuated near Opp because of high water.  A motorist had to be rescued when he drove his car into a flooded street and his automobile was washed away, also near Opp.  A male drowned near Point A Dam around noon on March 8, when he drove his vehicle along a road around the lake.  The road caved in and his  vehicle  was carried into the lake. Like Escambia county, residents say this was the worst flood they have seen.
Crenshaw...Most of the dirt roads in the county were washed out.  Many of the primary roads also suffered major damage.  U S Highway 29 near Dozier was closed on Sunday morning as a dam broke on a pond and caused part of the highway to be washed away.  Schools  across the county were closed on Monday because of the many dirt roads that were washed out.
Butler...Most of the dirt roads in the south part of the county were washed out by the heavy rain.  Many paved roads in the same part of the county, generally south of Greenville, suffered major damage.  Some were closed throughout the day on Sunday.",120
5639838,ESCAMBIA CO.,COUNTYWIDE,03/08/1998,130,Flash Flood, , ,0,0,1500000,0,AL,CST, ,2074462,C,53,MOB,0,0, , , , , , , , ,COUNTYWIDE,03/08/1998,2000, , , , ,"","A slow moving complex weather system moved through southwest Alabama on March 8, bringing with it copious amounts of rainfall.   The Mobile WSR-88D estimated rainfall totals of six to ten inches across the area on  March 8 with  Brewton recording 9.54 inches.  Some  areas in north Baldwin county estimated  up to fifteen inches of rain with Covington county estimating up to twelve inches of rain.  The heavy rains began on the evening of March 7 and continued through the night before tapering off on the afternoon of March 8.  The heaviest rainfall fell from midnight until around noon on March 8.  The heavy rainfall caused widespread flooding across the area.  The flooding began in Mobile county  and then spread east across Baldwin, Escambia, Conecuh,  Covington, Crenshaw and Butler counties .  Most secondary roads were completely washed out in these counties.    Following are highlights of some of the damages in the affected counties:
Mobile... Flooding began in the west  part of the county then spread east .  The flooding generally took place along and north of I-10.  The University of South Alabama measured a one hour rainfall of 3.06 inches ending at 1221 am, a two hour total of 5.12 inches ending at 1223 am and a three hour total of 6.54  inches ending at 122 am.  Many streets were closed due to high water through most of the day on March 8.  Many secondary dirt roads in the north part of the county were completely washed out.  A male drowned near USA around 1230 am when he jumped in to rescue a stranded motorist.  The motorist got to safety but the rescuer was swept away by the swift water and drowned.  This is the third person to drown at this spot since May of 1997.
Baldwin...Most of the flooding took place north of I-10.  Most of the secondary roads were washed out by the heavy rain.  Many of the paved roads in the north part of the county remained closed until the evening of  March 8, when the water finally receded.
Conecuh...Most of the secondary roads throughout the county suffered damage.  Most were closed from early Sunday morning until the evening of March 8.  Part of I-65 was covered with water for a few hours during the morning of March 8 and traffic had to be rerouted.
Escambia...Almost every road in the county had standing water in them.  Many of the secondary dirt roads were washed out by the flooding.  U S Highway 29 from Flomaton to Brewton was closed from the early morning until evening of March 8.  Traffic had to be rerouted during this time.  Residents in the area said this flood was worse than the flood of 1990.  After the flash flooding subsided, river flooding continued for the next several days.  On the Big Escambia Creek near Flomaton, the river reached an elevation of 19.7 feet which was second to the highest reading on the river of 25.9 feet in 1929.    On Murder Creek in Brewton, flood waters rose to a depth of more than two feet inside an industrial plant and caused four million dollars in damage.  The business was not on the river during the 1990 flood.
Covington...Radar estimated that this county received the most rainfall.  Most of the dirt roads throughout the county suffered major damage.  Many of the primary roads had to be closed from early Sunday morning until the evening of March 8.  The schools throughout the county were closed the next day because of the many washed out dirt roads.  A trailer park had to be evacuated near Opp because of high water.  A motorist had to be rescued when he drove his car into a flooded street and his automobile was washed away, also near Opp.  A male drowned near Point A Dam around noon on March 8, when he drove his vehicle along a road around the lake.  The road caved in and his  vehicle  was carried into the lake. Like Escambia county, residents say this was the worst flood they have seen.
Crenshaw...Most of the dirt roads in the county were washed out.  Many of the primary roads also suffered major damage.  U S Highway 29 near Dozier was closed on Sunday morning as a dam broke on a pond and caused part of the highway to be washed away.  Schools  across the county were closed on Monday because of the many dirt roads that were washed out.
Butler...Most of the dirt roads in the south part of the county were washed out by the heavy rain.  Many paved roads in the same part of the county, generally south of Greenville, suffered major damage.  Some were closed throughout the day on Sunday.",121
5639839,COVINGTON CO.,COUNTYWIDE,03/08/1998,145,Flash Flood, , ,0,0,6000000,0,AL,CST, ,2074462,C,39,MOB,0,0, , , , , , , , ,COUNTYWIDE,03/08/1998,2000, , , , ,"","A slow moving complex weather system moved through southwest Alabama on March 8, bringing with it copious amounts of rainfall.   The Mobile WSR-88D estimated rainfall totals of six to ten inches across the area on  March 8 with  Brewton recording 9.54 inches.  Some  areas in north Baldwin county estimated  up to fifteen inches of rain with Covington county estimating up to twelve inches of rain.  The heavy rains began on the evening of March 7 and continued through the night before tapering off on the afternoon of March 8.  The heaviest rainfall fell from midnight until around noon on March 8.  The heavy rainfall caused widespread flooding across the area.  The flooding began in Mobile county  and then spread east across Baldwin, Escambia, Conecuh,  Covington, Crenshaw and Butler counties .  Most secondary roads were completely washed out in these counties.    Following are highlights of some of the damages in the affected counties:
Mobile... Flooding began in the west  part of the county then spread east .  The flooding generally took place along and north of I-10.  The University of South Alabama measured a one hour rainfall of 3.06 inches ending at 1221 am, a two hour total of 5.12 inches ending at 1223 am and a three hour total of 6.54  inches ending at 122 am.  Many streets were closed due to high water through most of the day on March 8.  Many secondary dirt roads in the north part of the county were completely washed out.  A male drowned near USA around 1230 am when he jumped in to rescue a stranded motorist.  The motorist got to safety but the rescuer was swept away by the swift water and drowned.  This is the third person to drown at this spot since May of 1997.
Baldwin...Most of the flooding took place north of I-10.  Most of the secondary roads were washed out by the heavy rain.  Many of the paved roads in the north part of the county remained closed until the evening of  March 8, when the water finally receded.
Conecuh...Most of the secondary roads throughout the county suffered damage.  Most were closed from early Sunday morning until the evening of March 8.  Part of I-65 was covered with water for a few hours during the morning of March 8 and traffic had to be rerouted.
Escambia...Almost every road in the county had standing water in them.  Many of the secondary dirt roads were washed out by the flooding.  U S Highway 29 from Flomaton to Brewton was closed from the early morning until evening of March 8.  Traffic had to be rerouted during this time.  Residents in the area said this flood was worse than the flood of 1990.  After the flash flooding subsided, river flooding continued for the next several days.  On the Big Escambia Creek near Flomaton, the river reached an elevation of 19.7 feet which was second to the highest reading on the river of 25.9 feet in 1929.    On Murder Creek in Brewton, flood waters rose to a depth of more than two feet inside an industrial plant and caused four million dollars in damage.  The business was not on the river during the 1990 flood.
Covington...Radar estimated that this county received the most rainfall.  Most of the dirt roads throughout the county suffered major damage.  Many of the primary roads had to be closed from early Sunday morning until the evening of March 8.  The schools throughout the county were closed the next day because of the many washed out dirt roads.  A trailer park had to be evacuated near Opp because of high water.  A motorist had to be rescued when he drove his car into a flooded street and his automobile was washed away, also near Opp.  A male drowned near Point A Dam around noon on March 8, when he drove his vehicle along a road around the lake.  The road caved in and his  vehicle  was carried into the lake. Like Escambia county, residents say this was the worst flood they have seen.
Crenshaw...Most of the dirt roads in the county were washed out.  Many of the primary roads also suffered major damage.  U S Highway 29 near Dozier was closed on Sunday morning as a dam broke on a pond and caused part of the highway to be washed away.  Schools  across the county were closed on Monday because of the many dirt roads that were washed out.
Butler...Most of the dirt roads in the south part of the county were washed out by the heavy rain.  Many paved roads in the same part of the county, generally south of Greenville, suffered major damage.  Some were closed throughout the day on Sunday.",122
5639840,CRENSHAW CO.,COUNTYWIDE,03/08/1998,600,Flash Flood, , ,0,0,300000,0,AL,CST, ,2074462,C,41,MOB,0,0, , , , , , , , ,COUNTYWIDE,03/08/1998,2000, , , , ,"","A slow moving complex weather system moved through southwest Alabama on March 8, bringing with it copious amounts of rainfall.   The Mobile WSR-88D estimated rainfall totals of six to ten inches across the area on  March 8 with  Brewton recording 9.54 inches.  Some  areas in north Baldwin county estimated  up to fifteen inches of rain with Covington county estimating up to twelve inches of rain.  The heavy rains began on the evening of March 7 and continued through the night before tapering off on the afternoon of March 8.  The heaviest rainfall fell from midnight until around noon on March 8.  The heavy rainfall caused widespread flooding across the area.  The flooding began in Mobile county  and then spread east across Baldwin, Escambia, Conecuh,  Covington, Crenshaw and Butler counties .  Most secondary roads were completely washed out in these counties.    Following are highlights of some of the damages in the affected counties:
Mobile... Flooding began in the west  part of the county then spread east .  The flooding generally took place along and north of I-10.  The University of South Alabama measured a one hour rainfall of 3.06 inches ending at 1221 am, a two hour total of 5.12 inches ending at 1223 am and a three hour total of 6.54  inches ending at 122 am.  Many streets were closed due to high water through most of the day on March 8.  Many secondary dirt roads in the north part of the county were completely washed out.  A male drowned near USA around 1230 am when he jumped in to rescue a stranded motorist.  The motorist got to safety but the rescuer was swept away by the swift water and drowned.  This is the third person to drown at this spot since May of 1997.
Baldwin...Most of the flooding took place north of I-10.  Most of the secondary roads were washed out by the heavy rain.  Many of the paved roads in the north part of the county remained closed until the evening of  March 8, when the water finally receded.
Conecuh...Most of the secondary roads throughout the county suffered damage.  Most were closed from early Sunday morning until the evening of March 8.  Part of I-65 was covered with water for a few hours during the morning of March 8 and traffic had to be rerouted.
Escambia...Almost every road in the county had standing water in them.  Many of the secondary dirt roads were washed out by the flooding.  U S Highway 29 from Flomaton to Brewton was closed from the early morning until evening of March 8.  Traffic had to be rerouted during this time.  Residents in the area said this flood was worse than the flood of 1990.  After the flash flooding subsided, river flooding continued for the next several days.  On the Big Escambia Creek near Flomaton, the river reached an elevation of 19.7 feet which was second to the highest reading on the river of 25.9 feet in 1929.    On Murder Creek in Brewton, flood waters rose to a depth of more than two feet inside an industrial plant and caused four million dollars in damage.  The business was not on the river during the 1990 flood.
Covington...Radar estimated that this county received the most rainfall.  Most of the dirt roads throughout the county suffered major damage.  Many of the primary roads had to be closed from early Sunday morning until the evening of March 8.  The schools throughout the county were closed the next day because of the many washed out dirt roads.  A trailer park had to be evacuated near Opp because of high water.  A motorist had to be rescued when he drove his car into a flooded street and his automobile was washed away, also near Opp.  A male drowned near Point A Dam around noon on March 8, when he drove his vehicle along a road around the lake.  The road caved in and his  vehicle  was carried into the lake. Like Escambia county, residents say this was the worst flood they have seen.
Crenshaw...Most of the dirt roads in the county were washed out.  Many of the primary roads also suffered major damage.  U S Highway 29 near Dozier was closed on Sunday morning as a dam broke on a pond and caused part of the highway to be washed away.  Schools  across the county were closed on Monday because of the many dirt roads that were washed out.
Butler...Most of the dirt roads in the south part of the county were washed out by the heavy rain.  Many paved roads in the same part of the county, generally south of Greenville, suffered major damage.  Some were closed throughout the day on Sunday.",123
5632907,RANDOLPH CO.,COUNTYWIDE,03/08/1998,800,Flash Flood, , ,0,0,500000,30000,AL,CST, ,2074060,C,111,BMX,0,0, , , , , , , , ,COUNTYWIDE,03/08/1998,1100, , , , ,"After a very heavy rain event, several creeks, including Wedowee and Wehadkee Creeks, overflowed their banks.  This washed out 15 to 20 roads and bridges across the county.","",124
5632908,BARBOUR CO.,COUNTYWIDE,03/08/1998,900,Flash Flood, , ,0,0,75000,10000,AL,CST, ,2074061,C,5,BMX,0,0, , , , , , , , ,COUNTYWIDE,03/08/1998,1500, , , , ,"After heavy rains over south Alabama, several roads were washed out in the southern part of the county.  Schools were closed for a day due to the flooding.","",125
5632909,PIKE CO.,COUNTYWIDE,03/08/1998,915,Flash Flood, , ,0,0,75000,10000,AL,CST, ,2074062,C,109,BMX,0,0, , , , , , , , ,COUNTYWIDE,03/08/1998,1500, , , , ,"Several county roads were washed out after more than five inches of rain fell over the southern part of the county.  Several schools were also closed due to the flooding.","",126
5632910,RUSSELL CO.,COUNTYWIDE,03/08/1998,930,Flash Flood, , ,0,0,75000,10000,AL,CST, ,2074063,C,113,BMX,0,0, , , , , , , , ,COUNTYWIDE,03/08/1998,1500, , , , ,"Some schools were closed after heavy rains moved over the county.  Holland Creek flooded and washed out a few roads.","",127
5639841,BUTLER CO.,COUNTYWIDE,03/08/1998,1030,Flash Flood, , ,0,0,800000,0,AL,CST, ,2074462,C,13,MOB,0,0, , , , , , , , ,COUNTYWIDE,03/08/1998,2000, , , , ,"","A slow moving complex weather system moved through southwest Alabama on March 8, bringing with it copious amounts of rainfall.   The Mobile WSR-88D estimated rainfall totals of six to ten inches across the area on  March 8 with  Brewton recording 9.54 inches.  Some  areas in north Baldwin county estimated  up to fifteen inches of rain with Covington county estimating up to twelve inches of rain.  The heavy rains began on the evening of March 7 and continued through the night before tapering off on the afternoon of March 8.  The heaviest rainfall fell from midnight until around noon on March 8.  The heavy rainfall caused widespread flooding across the area.  The flooding began in Mobile county  and then spread east across Baldwin, Escambia, Conecuh,  Covington, Crenshaw and Butler counties .  Most secondary roads were completely washed out in these counties.    Following are highlights of some of the damages in the affected counties:
Mobile... Flooding began in the west  part of the county then spread east .  The flooding generally took place along and north of I-10.  The University of South Alabama measured a one hour rainfall of 3.06 inches ending at 1221 am, a two hour total of 5.12 inches ending at 1223 am and a three hour total of 6.54  inches ending at 122 am.  Many streets were closed due to high water through most of the day on March 8.  Many secondary dirt roads in the north part of the county were completely washed out.  A male drowned near USA around 1230 am when he jumped in to rescue a stranded motorist.  The motorist got to safety but the rescuer was swept away by the swift water and drowned.  This is the third person to drown at this spot since May of 1997.
Baldwin...Most of the flooding took place north of I-10.  Most of the secondary roads were washed out by the heavy rain.  Many of the paved roads in the north part of the county remained closed until the evening of  March 8, when the water finally receded.
Conecuh...Most of the secondary roads throughout the county suffered damage.  Most were closed from early Sunday morning until the evening of March 8.  Part of I-65 was covered with water for a few hours during the morning of March 8 and traffic had to be rerouted.
Escambia...Almost every road in the county had standing water in them.  Many of the secondary dirt roads were washed out by the flooding.  U S Highway 29 from Flomaton to Brewton was closed from the early morning until evening of March 8.  Traffic had to be rerouted during this time.  Residents in the area said this flood was worse than the flood of 1990.  After the flash flooding subsided, river flooding continued for the next several days.  On the Big Escambia Creek near Flomaton, the river reached an elevation of 19.7 feet which was second to the highest reading on the river of 25.9 feet in 1929.    On Murder Creek in Brewton, flood waters rose to a depth of more than two feet inside an industrial plant and caused four million dollars in damage.  The business was not on the river during the 1990 flood.
Covington...Radar estimated that this county received the most rainfall.  Most of the dirt roads throughout the county suffered major damage.  Many of the primary roads had to be closed from early Sunday morning until the evening of March 8.  The schools throughout the county were closed the next day because of the many washed out dirt roads.  A trailer park had to be evacuated near Opp because of high water.  A motorist had to be rescued when he drove his car into a flooded street and his automobile was washed away, also near Opp.  A male drowned near Point A Dam around noon on March 8, when he drove his vehicle along a road around the lake.  The road caved in and his  vehicle  was carried into the lake. Like Escambia county, residents say this was the worst flood they have seen.
Crenshaw...Most of the dirt roads in the county were washed out.  Many of the primary roads also suffered major damage.  U S Highway 29 near Dozier was closed on Sunday morning as a dam broke on a pond and caused part of the highway to be washed away.  Schools  across the county were closed on Monday because of the many dirt roads that were washed out.
Butler...Most of the dirt roads in the south part of the county were washed out by the heavy rain.  Many paved roads in the same part of the county, generally south of Greenville, suffered major damage.  Some were closed throughout the day on Sunday.",128
5632268,COFFEE CO.,ELBA,03/08/1998,1030,Flash Flood, , ,4,0,105000000,0,AL,EST, ,2074367,C,31,TAE,0,0, , , , , , , , ,ELBA,03/08/1998,1800, , , , ,"A vigorous Gulf storm dumped up to 14 inches of rain across the northern half of Coffee County.  The earthen levee on the Beaver Dam Creek breached.  A six foot wall of water rushed into the city of Elba.  Two thousand residents were forced to evacuate.  Nearly 400 homes and businesses sustained flood damage.  Approximately 52 county roads were washed out or flooded.  The Pea River at Elba crested near 39.3 feet on March 9.  Four people were killed when their vehicles were swept away by floodwaters.  Coffee County was declared a federal disaster area.","",129
5642839,CHOCTAW CO.,CENTRAL PORTION,04/28/1998,800,Flash Flood, , ,0,0,25000,0,AL,CST, ,2075867,C,23,MOB,0,0, , , , , , , , ,CENTRAL PORTION,04/28/1998,1000, , , , ,"Heavy rains caused flooding across the central and south parts of the county.  Many secondary dirt roads were closed for several hours until the water had drained.  Most of the flooding was to roads that run off of Alabama Highway 17 south of Butler.  Doppler radar estimated that five to six inches of rain fell across the area.","",130
5662127,CLAY CO.,ASHLAND,07/03/1998,1900,Flash Flood, , ,1,0,15000,0,AL,CST, ,2082506,C,27,BMX,0,0,GENERAL PUBLIC, , , ,8,SE,8,SE,ASHLAND,07/03/1998,2000, , , , ,"A flash flood, about 3 inches in an hour, washed out sections of Fuller Road in Mellow Valley.  A 51 year-old man drove into the washed out area and was severely injured.  He died the next day in the hospital from his injuries.","",131
5662202,LAUDERDALE CO.,KILLEN,07/14/1998,900,Flash Flood, , ,0,2,30000,10000,AL,CST, ,2082514,C,77,BMX,0,0,NEWSPAPER, , , ,7,NW,7,NW,KILLEN,07/14/1998,1400, , , , ,"More than three inches of rain forced Shoal Creek out of its banks.  Two men were injured when they drove around barricades and onto flooded CR 8.  Their truck was washed off the road and two of the three men jumped into the water and were injured.  Most of the flooding was contained to the Shoal Creek area near Goose Shoals.  Several people were forced out of their homes due to the rising water.","",132
5662871,ESCAMBIA CO.,ATMORE,07/29/1998,1850,Flash Flood, , ,0,0,20000,0,AL,CST, ,2083026,C,53,MOB,0,0,EMERGENCY MANAGER, , , , , , , ,ATMORE,07/29/1998,2015, , , , ,"Heavy rainfall caused several streets in the Atmore area to flood.  The streets had to be closed for a couple of hours because of motorists driving through them and creating wakes.  The wakes caused water to enter some homes in low lying areas.  Radar and surface reports estimated that around five inches of rain fell in a three hour period across the area.","",133
5667324,TUSCALOOSA CO.,SOUTH PORTION,09/21/1998,0,Flash Flood, , ,0,0,4000,0,AL,CST, ,2149692,C,125,BMX,0,0,NEWSPAPER, , , , , , , ,SOUTH PORTION,09/21/1998,800, , , , ,"","The remnants of Tropical Storm Hermine dumped 6+ inches of rain on southern Tuscaloosa County especially the southeastern corner, northern Bibb County,  and southwest Shelby County.  Several roads were closed and some cars were swamped.   Several motorists were stranded on CR 24 in Bibb County.  Numerous vehicles were damaged in Montevallo along with flooding of some apartments.",134
5667325,BIBB CO.,NORTH PORTION,09/21/1998,100,Flash Flood, , ,0,0,12000,0,AL,CST, ,2149692,C,7,BMX,0,0,NEWSPAPER, , , , , , , ,NORTH PORTION,09/21/1998,900, , , , ,"","The remnants of Tropical Storm Hermine dumped 6+ inches of rain on southern Tuscaloosa County especially the southeastern corner, northern Bibb County,  and southwest Shelby County.  Several roads were closed and some cars were swamped.   Several motorists were stranded on CR 24 in Bibb County.  Numerous vehicles were damaged in Montevallo along with flooding of some apartments.",135
5667326,SHELBY CO.,SOUTHWEST PORTION,09/21/1998,300,Flash Flood, , ,0,0,12000,0,AL,CST, ,2149692,C,117,BMX,0,0,NEWSPAPER, , , , , , , ,SOUTHWEST PORTION,09/21/1998,1000, , , , ,"","The remnants of Tropical Storm Hermine dumped 6+ inches of rain on southern Tuscaloosa County especially the southeastern corner, northern Bibb County,  and southwest Shelby County.  Several roads were closed and some cars were swamped.   Several motorists were stranded on CR 24 in Bibb County.  Numerous vehicles were damaged in Montevallo along with flooding of some apartments.",136
5673064,CHOCTAW CO.,GILBERTOWN,09/21/1998,1100,Flash Flood, , ,0,0,5000,0,AL,CST, ,2149964,C,23,MOB,0,0,EMERGENCY MANAGER, , , , , , , ,GILBERTOWN,09/21/1998,1230, , , , ,"Heavy rains in the south part of Choctaw  county caused some flooding.  Some roads had to be temporarily closed due to high water.  Three mobile homes near Gilbertown had to be evacuated due to high water.  Radar estimated that three to five inches of rain fell across the county.","",137
5671682,ESCAMBIA CO.,COUNTYWIDE,09/27/1998,1130,Flash Flood, , ,0,0,0,0,AL,CST, ,2149987,C,53,MOB,0,0,EMERGENCY MANAGER, , , , , , , ,COUNTYWIDE,09/29/1998,1800, , , , ,"Heavy rains from Hurricane Georges  caused major flooding across the county.  Rainfall totals of fifteen to twenty inches were estimated across the county.  Many roads throughout the county had to be closed because of flooding.  Schools were closed for two days because of washed out secondary roads.  At Flomaton, major routes US 31, US 29 and AL 113 were closed by flooding.  US 31 and US 29 in Brewton were closed by flooding.  Downtown Brewton was also flooded.   The heavy rainfall also caused major river flooding in the county.  The Conecuh River at Brewton crested at 23.5 feet on October 4  which was 6.5 feet above flood stage.  The Big Escambia Creek at Flomaton crested at 20.4 feet on September 30.  This was higher than the March flood of this year.","",138
5667338,COFFEE CO.,ELBA,09/28/1998,0,Flash Flood, , ,0,0,2500000,15000000,AL,EST, ,2149868,C,31,TAE,0,0,EMERGENCY MANAGER, , , , , , , ,ELBA,09/29/1998,1800, , , , ,"Torrential rains of 8 to 24 inches produced the worst flash flooding in Geneva County since Hurricane Opal in 1995.  Numerous roads were damaged or washed out.  AL 54 was closed from Samson west to Florala.  All county roads were closed for fear of more flooding and washouts.  Significaant losses were incurred to peanut and cotton crops.  Several creeks overflowed their banks closing AL 65, 54, and 52.","",139
5667339,GENEVA CO.,SAMSON,09/28/1998,0,Flash Flood, , ,0,0,1500000,0,AL,EST, ,2149868,C,61,TAE,0,0,EMERGENCY MANAGER, , , , , , , ,SAMSON,09/29/1998,1800, , , , ,"Torrential rains produced considerable flash flooding of city and residential streets.","",140
5671683,BALDWIN CO.,COUNTYWIDE,09/28/1998,515,Flash Flood, , ,0,0,0,0,AL,CST, ,2149988,C,3,MOB,0,0,EMERGENCY MANAGER, , , , , , , ,COUNTYWIDE,09/29/1998,1800, , , , ,"Hurricane Georges dropped fifteen to twenty five inches of rainfall across the county.  Almost every road in the county had to be temporarily closed because of high water.  I-10 had to be closed for several hours because of high water running across the road near the Alabama and Florida state line.  Schools across the county were closed for three days because of flooding of secondary roads around the county.  Many bridges had to be closed because of possible undermining by high water.  Some of the secondary roads were closed for weeks before they could be repaired.  The heavy rainfall caused extensive river flooding along the east part of the county.  The Perdido River that separates Alabama and Florida crested at 26.30 feet  which was above the record of 23.94 feet.  The Styx River crested at 28.6 feet which was estimated to be a two hundred year flood.  The Fish River was lower than during Hurricane Danny of last year but still crested at 17.31 feet which was a twenty-five year flood.","",141
5671774,BUTLER CO.,COUNTYWIDE,09/28/1998,1030,Flash Flood, , ,0,0,0,0,AL,CST, ,2149992,C,13,MOB,0,0,EMERGENCY MANAGER, , , , , , , ,COUNTYWIDE,09/29/1998,1800, , , , ,"Heavy rains of fifteen to twenty inches from Hurricane Georges caused widespread flooding throughout the county.  Many roads were closed for several hours due to high water or washouts.  Schools were closed for three days because of the many secondary roads that were washed out.  Several bridges were also closed due to high water undermining the bridges.","",142
5671773,COVINGTON CO.,COUNTYWIDE,09/28/1998,1030,Flash Flood, , ,0,0,0,0,AL,CST, ,2149991,C,39,MOB,0,0,EMERGENCY MANAGER, , , , , , , ,COUNTYWIDE,09/29/1998,1800, , , , ,"Heavy rainfall from Hurricane Georges was estimated between fifteen and twenty-seven inches across the county.  The heavy rainfall caused widespread flooding throughout the county.  Most of the roads throughout the county had to be closed for several hours because of high water.  Schools were closed for three days because of washouts of many secondary roads in the county.  The heavy rains caused the Conecuh River near River Falls to rise to 46.4 feet on September 29.  This was well below the record of 52.5 feet in March of 1929.","",143
5671775,MOBILE CO.,COUNTYWIDE,09/28/1998,1100,Flash Flood, , ,0,0,0,0,AL,CST, ,2149993,C,97,MOB,0,0,EMERGENCY MANAGER, , , , , , , ,COUNTYWIDE,09/29/1998,1800, , , , ,"Rainfall estimates from Hurricane Georges were between fifteen and twenty inches throughout the county.  Many roads had to be closed for several hours because of high water.  Schools were closed for three days because of damage done to secondary roads around the county.  The heavy rainfall also caused many bridges around the county to be closed because of undermining by the high water.  The heavy rains caused many of the rivers across the county to rise to near or above record levels.  Bayou Sara reached 9.8 feet on September 28.  This was above the previous unofficial record of 7.84  feet in April of 1979.  The Fowl River rose to 10.27 feet and was considered to be a twenty-five year flood.   This reading was well below the reading with Hurricane Danny last year.","",144
5671776,WASHINGTON CO.,COUNTYWIDE,09/28/1998,1100,Flash Flood, , ,0,0,0,0,AL,CST, ,2149994,C,129,MOB,0,0,EMERGENCY MANAGER, , , , , , , ,COUNTYWIDE,09/29/1998,1800, , , , ,"Rainfall estimates of between ten and fifteen inches from Hurricane Georges fell throughout the county.  Most of the damage in the county was from flood damage to roadways.  Most of the roads throughout the county had to be closed for several hours because of high water.  Schools were closed for two days due to the many washouts on secondary roads around the county.  Many bridges had to also be closed due to undermining due to high water.","",145
5667414,LOWNDES CO.,COUNTYWIDE,09/29/1998,545,Flash Flood, , ,0,0,50000,10000,AL,CST, ,2149713,C,85,BMX,0,0,NEWSPAPER, , , , , , , ,COUNTYWIDE,09/29/1998,1500, , , , ,"","The remnants of Hurricane Georges dumped 5+ inches of rain across the two counties. Numerous roads were covered with water and many roads were impassable and closed. Non-severe wind and saturated conditions combined to knock down many trees.",146
5667413,DALLAS CO.,COUNTYWIDE,09/29/1998,545,Flash Flood, , ,0,0,65000,10000,AL,CST, ,2149713,C,47,BMX,0,0,EMERGENCY MANAGER, , , , , , , ,COUNTYWIDE,09/29/1998,1500, , , , ,"","The remnants of Hurricane Georges dumped 5+ inches of rain across the two counties. Numerous roads were covered with water and many roads were impassable and closed. Non-severe wind and saturated conditions combined to knock down many trees.",147
5671845,CRENSHAW CO.,COUNTYWIDE,09/29/1998,830,Flash Flood, , ,0,0,0,0,AL,CST, ,2084788,C,41,MOB,0,0,EMERGENCY MANAGER, , , , , , , ,COUNTYWIDE,09/29/1998,1530, , , , ,"Rainfall from Hurricane Georges was estimated between ten and twenty inches across the county.  The heavy rains caused many of the roads across the county to be closed for several hours.  Schools were closed for three days due to washouts of many secondary roads.  Many bridges along secondary roads had to be closed due to undermining by high water.","",148
5667417,BULLOCK CO.,COUNTYWIDE,09/29/1998,930,Flash Flood, , ,0,0,40000,10000,AL,CST, ,1069830,C,11,BMX,0,0,NEWSPAPER, , , , , , , ,COUNTYWIDE,09/29/1998,1500, , , , ,"","The remnants of Hurricane Georges dumped 5+ inches of rain across the three counties. Numerous roads were covered with water and many roads were impassable and closed. Non-severe wind and saturated conditions combined to knock many trees down.",149
5667415,MONTGOMERY CO.,COUNTYWIDE,09/29/1998,930,Flash Flood, , ,0,0,50000,10000,AL,CST, ,1069830,C,101,BMX,0,0,NEWSPAPER, , , , , , , ,COUNTYWIDE,09/29/1998,1500, , , , ,"","The remnants of Hurricane Georges dumped 5+ inches of rain across the three counties. Numerous roads were covered with water and many roads were impassable and closed. Non-severe wind and saturated conditions combined to knock many trees down.",150
5667416,PIKE CO.,COUNTYWIDE,09/29/1998,930,Flash Flood, , ,0,0,50000,10000,AL,CST, ,1069830,C,109,BMX,0,0,LAW ENFORCEMENT, , , , , , , ,COUNTYWIDE,09/29/1998,1500, , , , ,"","The remnants of Hurricane Georges dumped 5+ inches of rain across the three counties. Numerous roads were covered with water and many roads were impassable and closed. Non-severe wind and saturated conditions combined to knock many trees down.",151
5671844,CONECUH CO.,COUNTYWIDE,09/29/1998,1130,Flash Flood, , ,0,0,0,0,AL,CST, ,2149995,C,35,MOB,0,0,EMERGENCY MANAGER, , , , , , , ,COUNTYWIDE,09/29/1998,1800, , , , ,"Rainfall estimates of between five and ten inches from Hurricane Georges fell across the county.  Several roads around the county were closed for a few hours due to high water.  Schools were closed two to three days because of washouts of secondary roads throughout the county.  The area east and south of I-65 was the hardest hit from the flooding.  The heavy rains also caused several of the creeks and small streams in the county to come out of their banks.  Murder, Burnt Corn and Brushy creeks came out of their banks as did the Sepulga River.  Other than road damage, no major damage was reported to any homes from the flooded streams.","",152
5673256,TUSCALOOSA CO.,SOUTH PORTION,10/03/1998,1800,Flash Flood, , ,0,0,15000,0,AL,CST, ,2150286,C,125,BMX,0,0,LAW ENFORCEMENT, , , , , , , ,SOUTH PORTION,10/03/1998,1930, , , , ,"Rainfall amounts of 1 to 3 inches were reported  in a short period of time across south central Tuscaloosa county.  This caused urban flooding in the city.  Several cars were damaged by flood waters on McFarland Boulevard and many roads were temporarily flooded. Additional flooding was observed in the Homewood area.","",153
5679490,LAWRENCE CO.,COUNTYWIDE,01/22/1999,2230,Flash Flood, , ,0,0,18000,0,AL,CST, ,1501410,C,79,BMX,0,0,EMERGENCY MANAGER, , , , , , , ,COUNTYWIDE,01/23/1999,100, , , , ,"Flooding of roads and creeks were reported throughout Lawrence County.","",154
5679489,LAWRENCE CO.,MOULTON,01/22/1999,2230,Flash Flood, , ,0,0,25000,0,AL,CST, ,1501410,C,79,BMX,0,0,EMERGENCY MANAGER, , , , , , , ,MOULTON,01/22/1999,2330, , , , ,"Several homes in Moulton had to be evacuated due to high water.","",155
5679491,WINSTON CO.,COUNTYWIDE,01/22/1999,2255,Flash Flood, , ,0,0,25000,0,AL,CST, ,1501840,C,133,BMX,0,0,EMERGENCY MANAGER, , , , , , , ,COUNTYWIDE,01/22/1999,2355, , , , ,"Several roads were flooded in and around Double Springs including US 278.","",156
5679492,LIMESTONE CO.,COUNTYWIDE,01/22/1999,2300,Flash Flood, , ,0,0,18000,0,AL,CST, ,1502705,C,83,BMX,0,0,EMERGENCY MANAGER, , , , , , , ,COUNTYWIDE,01/23/1999,100, , , , ,"Flooding of roads and creeks were reported throughout Limestone County","",157
5684744,WASHINGTON CO.,NORTH PORTION,01/30/1999,40,Flash Flood, , ,0,0,5000,0,AL,CST, ,1500588,C,129,MOB,0,0,LAW ENFORCEMENT, , , , , , , ,NORTH PORTION,01/30/1999,500, , , , ,"Heavy rainfall caused several streets across the north part of the county to flood.  The roads were closed for about four hours.  Several vehicles were caught in rising water and were stalled in intersections.  No one was injured.  Rainfall estimates across the area were three to four inches.","",158
5684746,CHOCTAW CO.,NORTH PORTION,01/30/1999,1200,Flash Flood, , ,0,0,5000,0,AL,CST, ,1502786,C,23,MOB,0,0,LAW ENFORCEMENT, , , , , , , ,NORTH PORTION,01/30/1999,1700, , , , ,"Heavy rainfall across the north part of the county caused many streets to flood.  Several of the roads were closed for about five hours.  The main road, State Highway 10, from Butler to Lavaca was closed for several hours.  Rainfall totals of three to four inches were estimated across the area.","",159
5684745,CLARKE CO.,COUNTYWIDE,01/30/1999,1230,Flash Flood, , ,0,0,5000,0,AL,CST, ,1501490,C,25,MOB,0,0,LAW ENFORCEMENT, , , , , , , ,COUNTYWIDE,01/30/1999,1415, , , , ,"Heavy rainfall caused several streets to flood across the north part of the county and also in the Jackson area.  Many of the roads were impassable for about two hours.  Rainfall totals were estimated at 2.5 to 3.0 inches.","",160
5683199,ETOWAH CO.,GADSDEN,02/09/1999,1900,Flash Flood, , ,0,0,20000,0,AL,CST, ,1501135,C,55,BMX,0,0,NEWSPAPER, , , , , , , ,GADSDEN,02/09/1999,2000, , , , ,"Localized rainfall amounts of three inches across the city of Gadsden in a short period of time produced some flooding.  Several cars were inundated and a few residences had water in them.","",161
5691649,WASHINGTON CO.,MILLRY,03/13/1999,1900,Flash Flood, , ,0,0,3000,0,AL,CST, ,1501275,C,129,MOB,0,0,EMERGENCY MANAGER, , , , , , , ,MILLRY,03/13/1999,2100, , , , ,"Slow moving thunderstorms dumped three to five inches of rain across the north parts of Washington county.  The heavy rains caused several roads to flood between Millry and Frankville.  Several of the streets were closed for a couple of hours because of the high water.  Some of the dirt roads that run off of County Road 34 east of Millry were washed out by the rain and had to be repaired.","",162
5691648,MOBILE CO.,CENTRAL PORTION,03/13/1999,1900,Flash Flood, , ,0,0,5000,0,AL,CST, ,1500823,C,97,MOB,0,0,LAW ENFORCEMENT, , , , , , , ,CENTRAL PORTION,03/13/1999,2100, , , , ,"Slow moving thunderstorms dumped three to five inches of rain across the central parts of Mobile county.  Many streets from I-65 at Airport east to downtown Mobile were flooded.  Several streets had to be closed for a couple of hours due to the high water.","",163
5691762,ESCAMBIA CO.,CENTRAL PORTION,03/13/1999,2030,Flash Flood, , ,0,0,3000,0,AL,CST, ,1502576,C,53,MOB,0,0,EMERGENCY MANAGER, , , , , , , ,CENTRAL PORTION,03/13/1999,2130, , , , ,"Several  slow moving thunderstorms tracked across the central portions of the county for a couple of hours.  Two to four inches of rainfall were reported across the area.  Several roads around the Brewton area had standing water in them.  Some of the roads were impassable for about an hour.  The water drained after the thunderstorms moved east of the area.","",164
5690460,CALHOUN CO.,ALEXANDRIA,04/24/1999,1600,Flash Flood, , ,0,0,5000,0,AL,CST, ,2404983,C,15,BMX,0,0,EMERGENCY MANAGER, , , , , , , ,ALEXANDRIA,04/24/1999,1800, , , , ,"Several roads were flooded in Alexandria and in the Weaver area.","",165
5691115,CHOCTAW CO.,SOUTH PORTION,04/27/1999,1530,Flash Flood, , ,0,0,3000,0,AL,CST, ,1503501,C,23,MOB,0,0,LAW ENFORCEMENT, , , , , , , ,SOUTH PORTION,04/27/1999,1615, , , , ,"Several secondary streets around Gilbertown were closed for a while due to high water.  WSR-88D estimated rainfall totals of four to five inches in the south part of the county.","",166
5695404,MADISON CO.,COUNTYWIDE,05/05/1999,2300,Flash Flood, , ,0,0,6000,0,AL,CST, ,2405248,C,89,BMX,0,0,NEWSPAPER, , , , , , , ,COUNTYWIDE,05/06/1999,230, , , , ,"Flash flooding was reported throughout the county but especially in the Huntsville area.  Fire engines responding to the fires in Huntsville splashed through water a few feet deep in many locations.  A police car was stranded in water at least three feet deep at an intersection.  The city and county barricaded and closed numerous roads that were impassable.  Numerous auto accidents occurred due to the high water but no injuries were reported.","",167
5695403,MORGAN CO.,COUNTYWIDE,05/05/1999,2300,Flash Flood, , ,0,0,0,0,AL,CST, ,2405247,C,103,BMX,0,0,LAW ENFORCEMENT, , , , , , , ,COUNTYWIDE,05/06/1999,200, , , , ,"Numerous roads throughout the county had water covering them especially in low lying areas. No reports of any road closures.","",168
5698764,CRENSHAW CO.,COUNTYWIDE,05/06/1999,1200,Flash Flood, , ,0,0,10000,0,AL,CST, ,2406036,C,41,MOB,0,0,EMERGENCY MANAGER, , , , , , , ,COUNTYWIDE,05/06/1999,1615, , , , ,"Slow moving thunderstorms, that dropped nearly six inches of rain in a short period of time, caused water to rise over several roads.  Several dirt roads were washed out due to the heavy runoff.  Several roads were impassable through most of the afternoon due to high water.  After the thunderstorms moved out the area the water receded.  No one was inquired.","",169
5698765,COVINGTON CO.,NORTH PORTION,05/06/1999,1300,Flash Flood, , ,0,0,5000,0,AL,CST, ,1080572,C,39,MOB,0,0,EMERGENCY MANAGER, , , , , , , ,NORTH PORTION,05/06/1999,1630, , , , ,"Many roads in the north part of the county were closed for several hours due to runoff from heavy rains.  Many dirt roads were washed out and had to be replaced.  Radar estimated around six inches of rainfall fell in the north part of the county.","",170
5699020,COVINGTON CO.,SOUTH PORTION,05/07/1999,100,Flash Flood, , ,0,0,5000,0,AL,CST, ,2407654,C,39,MOB,0,0,EMERGENCY MANAGER, , , , , , , ,SOUTH PORTION,05/07/1999,500, , , , ,"Another round of heavy rains invaded the south part of the county during the early morning hours.  The day before saw heavy rains and flooding in the north part of the county.  Radar estimated that eight to ten inches of rain fell across the south part of the county in a three to four hour period.  Several roads, especially secondary dirt roads,  were flooded and had to be closed.    No injuries were reported.","",171
5706194,JEFFERSON CO.,BIRMINGHAM,06/02/1999,1230,Flash Flood, , ,0,0,15000,0,AL,CST, ,1082502,C,73,BMX,0,0,NEWSPAPER, , , , , , , ,BIRMINGHAM,06/02/1999,1330, , , , ,"Heavy rainfall, two to three inches in just over one hour, caused many underpasses throughout the city of Birmingham to be flooded.  Most of the locations were flood prone areas that have slight drainage problems. Several vehicles were flooded in several feet of water and were subsequently stranded in the high water.  No injuries were reported.  At the University of Alabama at Birmingham, the lowest level of the Hill University Center was flooded.  This is mainly a drainage problem but several feet of water entered the building.","",172
5700640,TUSCALOOSA CO.,TUSCALOOSA,06/02/1999,1425,Flash Flood, , ,0,0,5000,0,AL,CST, ,2408949,C,125,BMX,0,0,NEWSPAPER, , , , , , , ,TUSCALOOSA,06/02/1999,1700, , , , ,"Heavy rains with slow moving thunderstorm dropped over 3 inches of rain on Tuscaloosa, Northport, and the surrounding area.  Numerous streets were flooded.  Most of the flooding was confined to roads creating an inconvenience more than anything else.  Several cars were flooded out by the flash flooding in the Tuscaloosa and Northport.","",173
5706374,JEFFERSON CO.,BIRMINGHAM,06/14/1999,1730,Flash Flood, , ,0,0,500000,0,AL,CST, ,1082534,C,73,BMX,0,0,NEWSPAPER, , , , , , , ,BIRMINGHAM,06/14/1999,1930, , , , ,"Three to six inches of rain fell across portions of Jefferson County in just over one  hour.  The hardest hit areas were Southside, Leeds, Birmingham, Homewood, Irondale, and Mountain Brook.   Numerous roads were flooded and subsequently closed in all locations.  A few feet of water flowed into more than 20 homes and over 19 businesses.  Several motorists were trapped in their vehicles and had to be rescued from the high water.","",174
5706377,CHAMBERS CO.,STANDING ROCK,06/14/1999,1845,Flash Flood, , ,0,0,8000,0,AL,CST, ,1082537,C,17,BMX,0,0,LAW ENFORCEMENT, , , , , , , ,STANDING ROCK,06/14/1999,1945, , , , ,"Heavy rainfall of three to six inches fell across northern Chambers County in a few hours.  Water was a few feet deep covering CR 228 in Standing Rock, north of Lafayette.  The water pushed a few trees down and the debris was also covering the road.","",175
5706379,ELMORE CO.,MILLBROOK,06/15/1999,1500,Flash Flood, , ,0,0,3000,0,AL,CST, ,2408957,C,51,BMX,0,0,LAW ENFORCEMENT, , , , , , , ,MILLBROOK,06/15/1999,1650, , , , ,"Many streets in downtown Millbrook were flooded from a one to three inches of rain in a short period of time.","",176
5706378,AUTAUGA CO.,PRATTVILLE,06/15/1999,1500,Flash Flood, , ,0,0,150000,0,AL,CST, ,2408351,C,1,BMX,0,0,NEWSPAPER, , , , , , , ,PRATTVILLE,06/15/1999,1650, , , , ,"Rainfall up to six inches in a little more than one hour, caused 60 square blocks of streets and businesses to fill with three feet or more of water.  At least one dozen homes also received flooding.  Numerous roads were closed and many auto accidents were caused by the heavy rainfall.","",177
5706279,MONROE CO.,NORTHEAST PORTION,06/16/1999,1200,Flash Flood, , ,0,0,2000,0,AL,CST, ,2409592,C,99,MOB,0,0,LAW ENFORCEMENT, , , , , , , ,NORTHEAST PORTION,06/16/1999,1330, , , , ,"Heavy rainfall caused several roads in the northeast part of the county to flood.  The roads were mostly dirt and had to be closed for a little over an hour due to washouts and standing water.  Weather radars estimated that four to six inches of rain fell in a four hour period in the area.  The flooding was generally along State Highway 21 from Beatrice to McWilliams.","",178
5706380,RANDOLPH CO.,ROANOKE,06/16/1999,1700,Flash Flood, , ,0,0,40000,0,AL,CST, ,2408958,C,111,BMX,0,0,EMERGENCY MANAGER, , , , , , , ,ROANOKE,06/16/1999,1900, , , , ,"Rainfall up to ten inches in a few hours caused flooding throughout the city of Roanoke.  Numerous roads were closed and a few homes had water in them.  One family was temporarily trapped in their home before being rescued by the fire department.","",179
5706274,CLARKE CO.,NORTH PORTION,06/24/1999,400,Flash Flood, , ,0,0,2000,0,AL,CST, ,2409013,C,25,MOB,0,0,NEWSPAPER, , , , , , , ,NORTH PORTION,06/24/1999,500, , , , ,"Heavy rainfall caused several secondary dirt roads to be temporarily closed due to high water.  Local weather radars estimated about six inches of rain fell west of Thomasville in a three hour period.  No injuries were reported.","",180
5706451,ETOWAH CO.,COUNTYWIDE,06/25/1999,1745,Flash Flood, , ,0,0,40000,0,AL,CST, ,2409523,C,55,BMX,0,0,EMERGENCY MANAGER, , , , , , , ,COUNTYWIDE,06/25/1999,2015, , , , ,"Three to 6 inches of rain fell in a few hours mainly across southern Etowah County.  The hardest hit areas included; Hokes Bluff, Glencoe, Rainbow City, and Gadsden.  Numerous roads across the county were flooded with up to three feet of water and several roads were closed.   Several homes had water flow into them and at least 14 families had to be evacuated.  Several motorists were trapped in their vehicles and had to be rescued by the Fire Department.  Numerous lightning strikes knocked out power temporarily across the area.","",181
5706452,CALHOUN CO.,PIEDMONT,06/25/1999,1915,Flash Flood, , ,0,0,2000,0,AL,CST, ,2408354,C,15,BMX,0,0,LAW ENFORCEMENT, , , , , , , ,PIEDMONT,06/25/1999,2015, , , , ,"State Troopers closed CR 19 southwest of Piedmont.  The highway had several feet of water across it with large branches seen floating by.  Several inches of rain fell in a short period of time mainly in rural northern Calhoun County.","",182
5705064,ELMORE CO.,COUNTYWIDE,06/27/1999,1200,Flash Flood, , ,0,0,20000,0,AL,CST, ,2409526,C,51,BMX,0,0,NEWSPAPER, , , , , , , ,COUNTYWIDE,06/27/1999,1430, , , , ,"More than two inches of rain fell in a short period of time resulting in flooding.  Several roads were flooded and closed and a few homes had flood damage.","",183
5706453,AUTAUGA CO.,PRATTVILLE,06/27/1999,1230,Flash Flood, , ,0,0,35000,0,AL,CST, ,1082546,C,1,BMX,0,0,EMERGENCY MANAGER, , , , , , , ,PRATTVILLE,06/27/1999,1400, , , , ,"One to two inches of rain occurred in less than one hour causing some flooding.  Numerous streets in downtown Prattville were flooded and closed.  One bridge was washed away in northeastern Autauga County.","",184
5706454,BLOUNT CO.,ONEONTA,06/27/1999,1400,Flash Flood, , ,0,0,5000,0,AL,CST, ,2409524,C,9,BMX,0,0,EMERGENCY MANAGER, , , , , , , ,ONEONTA,06/27/1999,1500, , , , ,"One to two inches of rain occurred in less than one hour causing high water.  Many roads and low lying areas were flooded in downtown Oneonta.","",185
5706455,MONTGOMERY CO.,MONTGOMERY,06/27/1999,1400,Flash Flood, , ,0,0,2000,0,AL,CST, ,2408355,C,101,BMX,0,0,GOVT OFFICIAL, , , , , , , ,MONTGOMERY,06/27/1999,1500, , , , ,"One to two inches of rain occurred in less than one hour producing high water.  Many roads and low lying areas were flooded in the city of Montgomery.","",186
5706275,CLARKE CO.,CENTRAL PORTION,06/27/1999,1730,Flash Flood, , ,0,0,3000,0,AL,CST, ,1082856,C,25,MOB,0,0,NEWSPAPER, , , , , , , ,CENTRAL PORTION,06/27/1999,1900, , , , ,"Heavy rainfall caused temporary street flooding along secondary roads off of US Hwy 43 between Jackson and Grove HIll.  Local weather radars estimated that three to four inches of rain fell in a three hour period.  As the storms moved out of the area, the flooded roads quickly drained.","",187
5706276,BUTLER CO.,SOUTH PORTION,06/27/1999,1750,Flash Flood, , ,0,0,3000,0,AL,CST, ,2409014,C,13,MOB,0,0,EMERGENCY MANAGER, , , , , , , ,SOUTH PORTION,06/27/1999,2000, , , , ,"Heavy rains caused several secondary roads in the south part of the county to flood.  The roads had to be closed for about two hours.  Weather radars estimated that three to four inches of rain fell across the area in a three hour period.","",188
5706277,CRENSHAW CO.,CENTRAL PORTION,06/27/1999,1750,Flash Flood, , ,0,0,4000,0,AL,CST, ,2410162,C,41,MOB,0,0,EMERGENCY MANAGER, , , , , , , ,CENTRAL PORTION,06/27/1999,2100, , , , ,"Several roads in the central part of the county had to be closed for several hours due to high water.  Weather radars estimated that three to four inches of rain fell across the area in a three hour period.  Many of the roads were dirt and some had large ruts  in them from the heavy rainfall.  These roads had to be closed until they could be repaired.","",189
5706278,WILCOX CO.,SOUTHWEST PORTION,06/27/1999,1750,Flash Flood, , ,0,0,2000,0,AL,CST, ,2409591,C,131,MOB,0,0,LAW ENFORCEMENT, , , , , , , ,SOUTHWEST PORTION,06/27/1999,1900, , , , ,"Heavy rainfall in the southwest part of the county caused several roads to become flooded.  These roads had to be closed for more than an hour, until the heavy rainfall moved out of the area.  Weather radars estimated that four to six hours of rain fell across the area in a four hour period.  Most of the rain fell near the Alabama River and the rainfall quickly ran into the basin.","",190
5706456,MADISON CO.,HUNTSVILLE,06/28/1999,45,Flash Flood, , ,1,1,1500000,0,AL,CST, ,1082549,C,89,BMX,0,0,EMERGENCY MANAGER, , , , , , , ,HUNTSVILLE,06/28/1999,800, , , , ,"Heavy rainfall of four to seven inches, most of which occurred in just less than two hours, flooded the Huntsville area.  According to newspaper reports, one woman was killed when her car stalled on a flooded bridge on Vermont Road.  As she exited the car, she was swept away in the water.  A television cameraman was injured when he was swept away by high water while filming.  He was rescued by the Huntsville Fire Department.  Several other motorists were stranded in high water and were rescued by the fire department.  Numerous roads in the area were flooded and subsequently closed.  Many local streams and creeks were out of their banks, sending several feet of water into approximately 300 homes and businesses.  Several residents were rescued from their homes. Several thousand area customers were without power through the early morning hours due to lightning strikes.  A mudslide occurred in Monte Sano State Park covering part of the park road.","",191
5706522,LAUDERDALE CO.,GREEN HILL,06/28/1999,100,Flash Flood, , ,0,0,20000,0,AL,CST, ,2408361,C,77,BMX,0,0,EMERGENCY MANAGER, , , , , , , ,GREEN HILL,06/28/1999,300, , , , ,"Several roads around Green hill were flooded.  The EMA reported that a few automobiles were washed off the roads but no injuries were sustained.  Some flooding was also reported along Shoal Creek in central Lauderdale County.","",192
5706524,COLBERT CO.,MUSCLE SHOALS,06/28/1999,130,Flash Flood, , ,0,0,35000,0,AL,CST, ,2408363,C,33,BMX,0,0,NEWSPAPER, , , , , , , ,MUSCLE SHOALS,06/28/1999,330, , , , ,"Several roads and businesses were flooded from heavy rainfall of two to four inches of rain.","",193
5706521,MARSHALL CO.,BOAZ,06/28/1999,200,Flash Flood, , ,0,0,8000,0,AL,CST, ,2408360,C,95,BMX,0,0,NEWSPAPER, , , , , , , ,BOAZ,06/28/1999,600, , , , ,"Heavy rainfall of three to four inches during the early morning hours caused some flooding.  Several roads were temporarily closed in the Boaz area due to water covering the roads.  Several area creeks and streams were out of their banks for a brief period causing additional flooding.","",194
5706525,LEE CO.,COUNTYWIDE,06/28/1999,735,Flash Flood, , ,0,0,1500000,0,AL,CST, ,2408364,C,81,BMX,0,0,EMERGENCY MANAGER, , , , , , , ,COUNTYWIDE,06/28/1999,1230, , , , ,"Four to six inches of rainfall in a short period of time caused extensive flooding throughout Lee County.  The hardest hit areas were Auburn and Opelika.  Numerous roads and highways were closed in and around Auburn and Opelika.  Numerous motorists drove into the water covered roads and were stranded.  A few bridges were washed away and destroyed.  Several hundred homes received some sort of flood damage. Many businesses also received damage due to the high water.  One small dam also broke in North Auburn.","",195
5706518,ST. CLAIR CO.,MOODY,06/28/1999,1030,Flash Flood, , ,0,0,75000,0,AL,CST, ,2408357,C,115,BMX,0,0,NEWSPAPER, , , , , , , ,MOODY,06/28/1999,1330, , , , ,"Three to five inches of rain, most in a two hour period, flooded several businesses along Moody Parkway.  According to newspaper reports, a few homes were flooded and a couple of roads were closed due to high water.","",196
5706457,JEFFERSON CO.,LEEDS,06/28/1999,1030,Flash Flood, , ,0,0,300000,0,AL,CST, ,2408356,C,73,BMX,0,0,NEWSPAPER, , , , , , , ,LEEDS,06/28/1999,1330, , , , ,"Three to five inches of rain, most in a two hour period, caused area streams and creeks to overflow.  According to newspaper reports, at least 18 homes and 14 businesses were flooded.  Several roads were flooded and were temporarily closed.  Many residents were rescued by the Leeds Fire Department.  The Leeds Fire House was also substantially damaged by the high water.","",197
5706523,ST. CLAIR CO.,MOODY,06/28/1999,1110,Flash Flood, , ,0,0,10000,0,AL,CST, ,2408362,C,115,BMX,0,0,EMERGENCY MANAGER, , , , , , , ,MOODY,06/28/1999,1300, , , , ,"Numerous roads around the city of Moody were covered with high water and were subsequently closed.  US 411 was flooded in three different areas and closed.  One home was flooded with at least one foot of water.","",198
5705067,ELMORE CO.,COUNTYWIDE,06/30/1999,1630,Flash Flood, , ,0,0,0,0,AL,CST, ,2408365,C,51,BMX,0,0,EMERGENCY MANAGER, , , , , , , ,COUNTYWIDE,06/30/1999,1800, , , , ,"Several county roads were flooded due to heavy rainfall.","",199
5705063,TALLAPOOSA CO.,ALEXANDER CITY,06/30/1999,1630,Flash Flood, , ,0,0,120000,0,AL,CST, ,2409525,C,123,BMX,0,0,NEWSPAPER, , , , , , , ,ALEXANDER CITY,06/30/1999,1930, , , , ,"More than two inches of rain fell in a short period of time around Alexander City.  Numerous roads were flooded and had to be temporarily closed. Several homes and businesses sustained water damage.  A dam was also severely damaged due to the volume of water.","",200
5705066,CLEBURNE CO.,COUNTYWIDE,06/30/1999,1730,Flash Flood, , ,0,0,3000,0,AL,CST, ,2408960,C,29,BMX,0,0,GOVT OFFICIAL, , , , , , , ,COUNTYWIDE,06/30/1999,1830, , , , ,"Several roads were flooded between Edwardsville and Fruithurst.  Additional road flooding occurred in Heflin.","",201
5710384,ETOWAH CO.,COUNTYWIDE,07/02/1999,1515,Flash Flood, , ,0,0,10000,0,AL,CST, ,2412028,C,55,BMX,0,0,NEWSPAPER, , , , , , , ,COUNTYWIDE,07/02/1999,1630, , , , ,"Heavy rainfall of two to three inches fell across parts of Etowah County in less than one hour. The heavy rainfall caused several streets, highways, and yards around Gadsden to flood.  The City of Gadsden Street Department put up temporary barricades around the city.  Several locations in Attalla also reported similar flooding.  Significant cloud to ground lightning strikes caused over 2000 customers to be without power for a large part of the afternoon and early evening.","",202
5710460,CHILTON CO.,THORSBY,07/16/1999,1500,Flash Flood, , ,0,0,12000,0,AL,CST, ,2412032,C,21,BMX,0,0,LAW ENFORCEMENT, , , , , , , ,THORSBY,07/16/1999,1800, , , , ,"Radar estimated that two to four inches of rain fell across parts of Chilton County in less than three hours.  This caused many roads in Thorsby to become flooded.","",203
5710461,MONTGOMERY CO.,MONTGOMERY,07/16/1999,1630,Flash Flood, , ,0,0,25000,0,AL,CST, ,1085425,C,101,BMX,0,0,GOVT OFFICIAL, , , , , , , ,MONTGOMERY,07/16/1999,1800, , , , ,"Radar estimated that two to four inches of rain fell in just over one hour in northern Montgomery County.  Numerous roads in the city of Montgomery were flooded and several homes in the Southlawn Subdivision were also flooded.","",204
5707507,COVINGTON CO.,RED LEVEL,07/25/1999,1450,Flash Flood, , ,0,0,1000,0,AL,CST, ,2411086,C,39,MOB,0,0,LAW ENFORCEMENT, , , ,4,SW,4,SW,RED LEVEL,07/25/1999,1530, , , , ,"Heavy rains caused temporary flooding along US Highway 84 from south of Red Level to west of River Falls.  Several dirt roads leading off of Highway 84 had to be temporarily closed due to high water.","",205
5707721,CONECUH CO.,EVERGREEN,07/25/1999,1450,Flash Flood, , ,0,0,2000,0,AL,CST, ,2410490,C,35,MOB,0,0,AMATEUR RADIO, , , , , , , ,EVERGREEN,07/25/1999,1530, , , , ,"Heavy rains caused water to rise rapidly over US Hwy 84 east of Evergreen.  The water was nearly a foot deep over the road in spots.","",206
5713318,MACON CO.,FRANKLIN,08/20/1999,1630,Flash Flood, , ,0,0,15000,0,AL,CST, ,1086091,C,87,BMX,0,0,LAW ENFORCEMENT, , , , , , , ,FRANKLIN,08/20/1999,1730, , , , ,"Several roads washed out and closed due to high water.","",207
5127501,CHOCTAW CO.,PENNINGTON,01/09/2000,2240,Flash Flood, , ,0,0,0,0,AL,CST, ,1090208,C,23,MOB,0,0,LAW ENFORCEMENT, , , , , , , ,PENNINGTON,01/09/2000,2355, , , , ,"Local law enforcement indicated that water from heavy rains was covering roads in the community.  Highway 156 was reported closed for a short time.   WSR-88D radar estimated that four to five inches of rain fell across the area.","",208
5138280,WALKER CO.,COUNTYWIDE,03/10/2000,1645,Flash Flood, , ,0,0,50000,0,AL,CST, ,1092792,C,127,BMX,0,0,NEWSPAPER, , , , , , , ,COUNTYWIDE,03/10/2000,1945, , , , ,"Doppler radar estimated that up to six inches of rain fell across parts of Walker County.  The flooding mainly affected the southeast half of the county.  Several roads were flooded and subsequently closed in Parrish, Oakman, Dora, Cordova, and Sumiton.","",209
5138279,JEFFERSON CO.,BIRMINGHAM,03/10/2000,2115,Flash Flood, , ,0,0,2000000,0,AL,CST, ,1092791,C,73,BMX,0,0,EMERGENCY MANAGER, , , , , , , ,BIRMINGHAM,03/11/2000,300, , , , ,"Significant flash flooding occurred mainly in the southern and eastern parts of Jefferson County.  Doppler radar estimated that four to seven inches of rain fell across the area with the majority falling during the late evening hours.  The Birmingham International Airport recorded 5.21 inches of rain and the Jefferson County EMA had 4.5 inches.  In Tarrant,  90 to 100 mobile homes suffered varying degrees of damage.  Five Mile Creek rose quickly above its banks near the SR 79 bridge.  There was up to five feet of water moving swiftly through the mobile home park.  Several homes were totally destroyed and many residents were rescued from the area.  The Robinwood subdivision had several homes that reported minor flood damage.  In Pinson, Turkey Creek flooded quickly. Ten to fifteen businesses, a fire station, and many homes had up to five feet of water in them.  Twenty five to 30 townhomes reported up to two feet of water entering the buildings.  In Roebuck, numerous homes and businesses were flooded and the fire department had to evacuate many homes.  Numerous automobiles were swept away and destroyed.  Other locations reporting flood damage included Mulga, Ensley, and Pratt City.  No injuries were reported.","",210
5138700,WALKER CO.,COUNTYWIDE,03/19/2000,1430,Flash Flood, , ,0,0,12000,0,AL,CST, ,1092801,C,127,BMX,0,0,EMERGENCY MANAGER, , , , , , , ,COUNTYWIDE,03/19/2000,1900, , , , ,"Several roads throughout the county were temporarily impassable due to high water.  The southeastern part of the county was most severely impacted by the flash flooding.  Radar estimated two to four inches of rain in a short period of time.","",211
5138701,MORGAN CO.,COUNTYWIDE,03/19/2000,1430,Flash Flood, , ,0,0,8000,0,AL,CST, ,1092802,C,103,BMX,0,0,EMERGENCY MANAGER, , , , , , , ,COUNTYWIDE,03/19/2000,1800, , , , ,"Fifteen roads, mainly in the southern part of the county, were temporarily impassable due to high water.  Radar estimated two to four inches of rain in a short period of time.","",212
5138699,CULLMAN CO.,COUNTYWIDE,03/19/2000,1445,Flash Flood, , ,0,0,75000,0,AL,CST, ,1092800,C,43,BMX,0,0,EMERGENCY MANAGER, , , , , , , ,COUNTYWIDE,03/19/2000,2000, , , , ,"Seventeen county and state roads were temporarily closed due to high water.  Radar estimated that two to four inches of rain fell in a short period of time.  One bridge was washed out just northeast of Cullman.  A few trees fell down because of the saturated ground conditions.","",213
5138698,JEFFERSON CO.,BIRMINGHAM,03/19/2000,1500,Flash Flood, , ,0,0,15000,0,AL,CST, ,1092799,C,73,BMX,0,0,NEWSPAPER, , , , , , , ,BIRMINGHAM,03/19/2000,1900, , , , ,"Radar and newspaper estimated that two to four inches of rain fell in a short period of time in the Birmingham area.  Shades Creek was reported out of its banks and flooding.  Several roads throughout the city of Birmingham were temporarily impassable.  Several roads in Pinson were also flooded and a few homes had a small amount of water in them.  A tree fell on a home in Ensley seriously damaging it.  The tree fell due to the saturated ground conditions.","",214
5135866,MOBILE CO.,MOBILE,03/19/2000,1515,Flash Flood, , ,0,0,25000,0,AL,CST, ,1092305,C,97,MOB,0,0,LAW ENFORCEMENT, , , , , , , ,MOBILE,03/19/2000,1645, , , , ,"A line of hunderstorms with very heavy rainfall continually moved across the city for several hours, producing extensive street flooding throughout the city.   Several vehicles were  stalled and stranded in flood waters.  Weather radar precipitation estimates showed between 3 and 4 inches of rainfall occurred over the area.","",215
5139300,TUSCALOOSA CO.,COUNTYWIDE,04/03/2000,600,Flash Flood, , ,0,0,25000,0,AL,CST, ,1093658,C,125,BMX,0,0,NEWSPAPER, , , , , , , ,COUNTYWIDE,04/03/2000,1100, , , , ,"Several roads were flooded throughout the county and many were impassible for a few hours.  Flooding did occur beyond this time frame, but was related to river flooding in the area.","",216
5140519,WINSTON CO.,COUNTYWIDE,04/03/2000,800,Flash Flood, , ,0,0,50000,0,AL,CST, ,1093706,C,133,BMX,0,0,NEWSPAPER, , , , , , , ,COUNTYWIDE,04/03/2000,1700, , , , ,"Numerous roads were flooded across the area.  Several of these roads had sections washed out.  A few vehicles were pushed off the roads by the high water but no injuries were reported.  One to three inches of rain fell in a short period of time on already saturated ground.  Three day totals were five to seven inches of rain.","",217
5139297,FAYETTE CO.,COUNTYWIDE,04/03/2000,900,Flash Flood, , ,0,0,30000,0,AL,CST, ,1093655,C,57,BMX,0,0,NEWSPAPER, , , , , , , ,COUNTYWIDE,04/03/2000,1200, , , , ,"Numerous roads throughout the county were flooded and were temporarily impassible.  A few trees fell over across the county due to the saturated ground conditions.  Doppler radar estimated that two to four inches fell in a short period of time on already saturated ground.","",218
5139299,LIMESTONE CO.,COUNTYWIDE,04/03/2000,945,Flash Flood, , ,0,0,40000,0,AL,CST, ,1093657,C,83,BMX,0,0,NEWSPAPER, , , , , , , ,COUNTYWIDE,04/03/2000,1200, , , , ,"Numerous roads were flooded throughout southern Limestone County and many were closed several hours.  One bridge was washed out on Gardner Hollow Road.  Radar estimated two to three inches of rain in a short period of time on already saturated ground.","",219
5139322,ST. CLAIR CO.,COUNTYWIDE,04/03/2000,1000,Flash Flood, , ,0,0,80000,0,AL,CST, ,1093704,C,115,BMX,0,0,NEWSPAPER, , , , , , , ,COUNTYWIDE,04/03/2000,1500, , , , ,"Numerous roads were flooded across the county when one to three inches of rain fell on already saturated ground.  Rainfall totals for the storm event from the 1st to the 4th totaled six inches or more.  Several roads were washed away.","",220
5139320,LIMESTONE CO.,COUNTYWIDE,04/03/2000,1000,Flash Flood, , ,0,0,150000,0,AL,CST, ,1093702,C,83,BMX,0,0,NEWSPAPER, , , , , , , ,COUNTYWIDE,04/03/2000,1300, , , , ,"Numerous roads were flooded throughout Limestone County.  One bridge was washed out near the Lester Community and a few others were closed.  A few roads were also washed completely out.  Several area businesses were flooded.  Radar and newspaper estimates indicated that the area received two to five inches of rainfall on already saturated ground.  Many area rivers and creeks were high which added to the runoff problems.","",221
5139318,CULLMAN CO.,COUNTYWIDE,04/03/2000,1000,Flash Flood, , ,0,0,80000,0,AL,CST, ,1093700,C,43,BMX,0,0,NEWSPAPER, , , , , , , ,COUNTYWIDE,04/03/2000,1300, , , , ,"Numerous roads throughout Cullman County were flooded.  Radar and newspaper estimates that three to four inches of rain fell in a short period of time, on already saturated ground.  One section of CR 310 near Guthery's Crossroads was washed away.  Several motorists were stranded in vehicles due to the high water.","",222
5139231,WALKER CO.,COUNTYWIDE,04/03/2000,1100,Flash Flood, , ,0,0,40000,0,AL,CST, ,1093652,C,127,BMX,0,0,EMERGENCY MANAGER, , , , , , , ,COUNTYWIDE,04/03/2000,1230, , , , ,"Several roads were washed away by high water in Walker County.  The main areas affected were the south and southeast parts of the county.","",223
5140459,LAWRENCE CO.,MOULTON,04/03/2000,1100,Flash Flood, , ,0,0,15000,0,AL,CST, ,1093647,C,79,BMX,0,0,EMERGENCY MANAGER, , , , , , , ,MOULTON,04/03/2000,1200, , , , ,"Lawrence County EMA reported extensive flooding in the city of Moulton.","",224
5139383,MARSHALL CO.,COUNTYWIDE,04/03/2000,1200,Flash Flood, , ,0,0,10000,0,AL,CST, ,1093705,C,95,BMX,0,0,NEWSPAPER, , , , , , , ,COUNTYWIDE,04/03/2000,2000, , , , ,"Numerous roads throughout the county were flooded.  One to three inches of rain fell in a short period of time on already saturated ground. Three day rainfall totals were five inches or more.","",225
5139624,BLOUNT CO.,COUNTYWIDE,04/03/2000,1230,Flash Flood, , ,0,0,25000,0,AL,CST, ,1093661,C,9,BMX,0,0,NEWSPAPER, , , , , , , ,COUNTYWIDE,04/03/2000,1500, , , , ,"Numerous roads were flooded across Blount County and were temporarily impassible.  A mud slide hit Swann Bridge Road, near Cleveland, during the heavy rain and debris blocked the road.  Doppler radar indicated one to three inches of rainfall in a short period of time.  This rain fell on already saturated ground.","",226
5139301,LAUDERDALE CO.,COUNTYWIDE,04/03/2000,1230,Flash Flood, , ,0,0,10000,0,AL,CST, ,1093659,C,77,BMX,0,0,NEWSPAPER, , , , , , , ,COUNTYWIDE,04/03/2000,1530, , , , ,"Several roads throughout Lauderdale County were temporarily flooded.  Many creeks were flowing over the banks but no homes were reported flooded.  Radar estimated rainfall of up to five inches over the weekend.","",227
5139302,JACKSON CO.,COUNTYWIDE,04/03/2000,1300,Flash Flood, , ,0,0,15000,0,AL,CST, ,1093660,C,71,BMX,0,0,NEWSPAPER, , , , , , , ,COUNTYWIDE,04/03/2000,1800, , , , ,"Numerous roads and highways were flooded across the county and many were temporarily impassible.  Radar estimated that two to four inches of rain fell in a short period of time.","",228
5139298,MADISON CO.,COUNTYWIDE,04/03/2000,1330,Flash Flood, , ,0,0,5000,0,AL,CST, ,1093656,C,89,BMX,0,0,NEWSPAPER, , , , , , , ,COUNTYWIDE,04/03/2000,1530, , , , ,"Numerous roads were flooded mainly across southern Madison County and were temporarily impassible.  Many residents reported yards full of water but apparently no homes were flooded.  Radar indicated that two to four inches of rain fell in a short period of time.  A three day total of around five inches was not uncommon.","",229
5163387,JEFFERSON CO.,COUNTYWIDE,07/20/2000,1628,Flash Flood, , ,0,0,65000,0,AL,CST, ,1099373,C,73,BMX,0,0,NEWSPAPER, , , , , , , ,COUNTYWIDE,07/20/2000,1735, , , , ,"","Numerous trees and power lines were blown down across the entire county.  Several vehicles were destroyed by the downed trees.  Many businesses and homes were also damaged by the trees.  Alabama Power estimated that 90,000 customers were without power for an extended period of time.  A few reports were received of dime size hail during the storms.  Numerous roads and low lying regions throughout the Birmingham Metro area were temporarily flooded.  Many vehicles were stranded in the high water.  No injuries were reported.",230
5171130,AUTAUGA CO.,COUNTYWIDE,09/01/2000,700,Flash Flood, , ,0,0,200000,0,AL,CST, ,1102576,C,1,BMX,0,0,EMERGENCY MANAGER, , , , , , , ,COUNTYWIDE,09/01/2000,1030, , , , ,"","South central Alabama received four to eight inches of rain in a short period of time.  The heavy rainfall caused significant flooding in Autauga, Elmore, and Montgomery Counties.  One of the hardest hit areas was Prattville.  Emergency Management officials estimated at least 100 homes were damaged and a dozen received major damage.  Many residents of the Candlestick Mobile Home Park were rescued by boat and 70 additional residents were evacuated.  Approximately 20 businesses also sustained damage.  Numerous roads in all three counties were flooded and subsequently closed.  Several schools were closed for the day.  Frequent lightning also accompanied the heavy rain.  The lightning caused power outages that affected several thousand customers.  A few small fires were also reported but no one was injured.",231
5171131,MONTGOMERY CO.,COUNTYWIDE,09/01/2000,730,Flash Flood, , ,0,0,20000,0,AL,CST, ,1102576,C,101,BMX,0,0,NEWSPAPER, , , , , , , ,COUNTYWIDE,09/01/2000,900, , , , ,"","South central Alabama received four to eight inches of rain in a short period of time.  The heavy rainfall caused significant flooding in Autauga, Elmore, and Montgomery Counties.  One of the hardest hit areas was Prattville.  Emergency Management officials estimated at least 100 homes were damaged and a dozen received major damage.  Many residents of the Candlestick Mobile Home Park were rescued by boat and 70 additional residents were evacuated.  Approximately 20 businesses also sustained damage.  Numerous roads in all three counties were flooded and subsequently closed.  Several schools were closed for the day.  Frequent lightning also accompanied the heavy rain.  The lightning caused power outages that affected several thousand customers.  A few small fires were also reported but no one was injured.",232
5171132,ELMORE CO.,COUNTYWIDE,09/01/2000,730,Flash Flood, , ,0,0,20000,0,AL,CST, ,1102576,C,51,BMX,0,0,EMERGENCY MANAGER, , , , , , , ,COUNTYWIDE,09/01/2000,900, , , , ,"","South central Alabama received four to eight inches of rain in a short period of time.  The heavy rainfall caused significant flooding in Autauga, Elmore, and Montgomery Counties.  One of the hardest hit areas was Prattville.  Emergency Management officials estimated at least 100 homes were damaged and a dozen received major damage.  Many residents of the Candlestick Mobile Home Park were rescued by boat and 70 additional residents were evacuated.  Approximately 20 businesses also sustained damage.  Numerous roads in all three counties were flooded and subsequently closed.  Several schools were closed for the day.  Frequent lightning also accompanied the heavy rain.  The lightning caused power outages that affected several thousand customers.  A few small fires were also reported but no one was injured.",233
5171137,RANDOLPH CO.,WEDOWEE,09/21/2000,1400,Flash Flood, , ,0,0,12000,0,AL,CST, ,1102581,C,111,BMX,0,0,EMERGENCY MANAGER, , , , , , , ,WEDOWEE,09/21/2000,1600, , , , ,"Heavy rainfall in a short period of time caused flooding in Wedowee.  Many roads were flooded and creeks briefly ran out of their banks.","",234
5160569,MOBILE CO.,MOBILE,11/06/2000,2230,Flash Flood, , ,0,0,0,0,AL,CST, ,1104502,C,97,MOB,0,0,LAW ENFORCEMENT, , , , , , , ,MOBILE,11/06/2000,2315, , , , ,"Heavy and persistent rainfall resulted in a number of streets in the downtown area being flooded.   Radar estimated that rainfall totals were two to four inches across the area in less than an hour.","",235
5235800,CHOCTAW CO.,COUNTYWIDE,03/03/2001,230,Flash Flood, , ,0,0,10000,0,AL,CST, ,1112120,C,23,MOB,0,0,EMERGENCY MANAGER, , , , , , , ,COUNTYWIDE,03/03/2001,1830, , , , ,"","Heavy rains across the counties caused many secondary roads to washout.  Several of the roads were closed throughout the day due to high water.  Radar estimated three to five inches of rain fell across the area.",236
5235803,WASHINGTON CO.,COUNTYWIDE,03/03/2001,230,Flash Flood, , ,0,0,30000,0,AL,CST, ,1112121,C,129,MOB,0,0,EMERGENCY MANAGER, , , , , , , ,COUNTYWIDE,03/03/2001,1830, , , , ,"","Heavy rainfall caused extensive washouts to secondary roads and bridges across the counties.  Most of the water had drained by sunset and most of the roads were reopened.  However, some of the roads and bridges, especially in Clarke county, had to be rebuilt and were closed for several days before they were reopened.  Radar estimated four to six inches of rainfall fell across the area.",237
5235802,CLARKE CO.,COUNTYWIDE,03/03/2001,230,Flash Flood, , ,0,0,365000,0,AL,CST, ,1112121,C,25,MOB,0,0,EMERGENCY MANAGER, , , , , , , ,COUNTYWIDE,03/03/2001,1830, , , , ,"","Heavy rainfall caused extensive washouts to secondary roads and bridges across the counties.  Most of the water had drained by sunset and most of the roads were reopened.  However, some of the roads and bridges, especially in Clarke county, had to be rebuilt and were closed for several days before they were reopened.  Radar estimated four to six inches of rainfall fell across the area.",238
5235801,MARENGO CO.,COUNTYWIDE,03/03/2001,230,Flash Flood, , ,0,0,10000,0,AL,CST, ,1112120,C,91,MOB,0,0,EMERGENCY MANAGER, , , , , , , ,COUNTYWIDE,03/03/2001,1830, , , , ,"","Heavy rains across the counties caused many secondary roads to washout.  Several of the roads were closed throughout the day due to high water.  Radar estimated three to five inches of rain fell across the area.",239
5235814,BALDWIN CO.,COUNTYWIDE,03/03/2001,1200,Flash Flood, , ,0,0,15000,0,AL,CST, ,1112124,C,3,MOB,0,0,EMERGENCY MANAGER, , , , , , , ,COUNTYWIDE,03/03/2001,1800, , , , ,"Heavy rains caused many secondary roads throughout the county to wash out.  The rains ended during the afternoon in the south part of the county and most of those roads were passable during the late afternoon.  Rains continued into the evening across the north parts of the county and roads remained closed until after sunset.  Radar estimated three to five inches of rain fell across the area.","",240
5235813,ESCAMBIA CO.,COUNTYWIDE,03/03/2001,1200,Flash Flood, , ,0,0,10000,0,AL,CST, ,1112123,C,53,MOB,0,0,EMERGENCY MANAGER, , , , , , , ,COUNTYWIDE,03/03/2001,1830, , , , ,"","Heavy rains across the area caused secondary roads to washout in many areas.  The water slowly drained from the roads after the rain ended, and most were able to be reopened after sunset.  Radar estimated that four to six inches of rainfall fell across the area.",241
5235812,COVINGTON CO.,COUNTYWIDE,03/03/2001,1200,Flash Flood, , ,0,0,10000,0,AL,CST, ,1112123,C,39,MOB,0,0,EMERGENCY MANAGER, , , , , , , ,COUNTYWIDE,03/03/2001,1830, , , , ,"","Heavy rains across the area caused secondary roads to washout in many areas.  The water slowly drained from the roads after the rain ended, and most were able to be reopened after sunset.  Radar estimated that four to six inches of rainfall fell across the area.",242
5235811,CRENSHAW CO.,COUNTYWIDE,03/03/2001,1200,Flash Flood, , ,0,0,10000,0,AL,CST, ,1112123,C,41,MOB,0,0,EMERGENCY MANAGER, , , , , , , ,COUNTYWIDE,03/03/2001,1830, , , , ,"","Heavy rains across the area caused secondary roads to washout in many areas.  The water slowly drained from the roads after the rain ended, and most were able to be reopened after sunset.  Radar estimated that four to six inches of rainfall fell across the area.",243
5235810,BUTLER CO.,COUNTYWIDE,03/03/2001,1200,Flash Flood, , ,0,0,10000,0,AL,CST, ,1112123,C,13,MOB,0,0,EMERGENCY MANAGER, , , , , , , ,COUNTYWIDE,03/03/2001,1830, , , , ,"","Heavy rains across the area caused secondary roads to washout in many areas.  The water slowly drained from the roads after the rain ended, and most were able to be reopened after sunset.  Radar estimated that four to six inches of rainfall fell across the area.",244
5235807,MOBILE CO.,COUNTYWIDE,03/03/2001,1200,Flash Flood, , ,0,0,15000,0,AL,CST, ,1112123,C,97,MOB,0,0,EMERGENCY MANAGER, , , , , , , ,COUNTYWIDE,03/03/2001,1830, , , , ,"","Heavy rains across the area caused secondary roads to washout in many areas.  The water slowly drained from the roads after the rain ended, and most were able to be reopened after sunset.  Radar estimated that four to six inches of rainfall fell across the area.",245
5235806,CONECUH CO.,COUNTYWIDE,03/03/2001,1200,Flash Flood, , ,0,0,15000,0,AL,CST, ,1112123,C,35,MOB,0,0,EMERGENCY MANAGER, , , , , , , ,COUNTYWIDE,03/03/2001,1830, , , , ,"","Heavy rains across the area caused secondary roads to washout in many areas.  The water slowly drained from the roads after the rain ended, and most were able to be reopened after sunset.  Radar estimated that four to six inches of rainfall fell across the area.",246
5235809,WILCOX CO.,COUNTYWIDE,03/03/2001,1200,Flash Flood, , ,0,0,10000,0,AL,CST, ,1112123,C,131,MOB,0,0,EMERGENCY MANAGER, , , , , , , ,COUNTYWIDE,03/03/2001,1830, , , , ,"","Heavy rains across the area caused secondary roads to washout in many areas.  The water slowly drained from the roads after the rain ended, and most were able to be reopened after sunset.  Radar estimated that four to six inches of rainfall fell across the area.",247
5235808,MONROE CO.,COUNTYWIDE,03/03/2001,1200,Flash Flood, , ,0,0,15000,0,AL,CST, ,1112123,C,99,MOB,0,0,EMERGENCY MANAGER, , , , , , , ,COUNTYWIDE,03/03/2001,1830, , , , ,"","Heavy rains across the area caused secondary roads to washout in many areas.  The water slowly drained from the roads after the rain ended, and most were able to be reopened after sunset.  Radar estimated that four to six inches of rainfall fell across the area.",248
5236731,RUSSELL CO.,SEALE,03/03/2001,1400,Flash Flood, , ,0,0,14000,0,AL,CST, ,1111890,C,113,BMX,0,0,LAW ENFORCEMENT, , , , , , , ,SEALE,03/03/2001,1600, , , , ,"Several roads were flooded in and around Seale.  A few of the roads had portions washed away.","",249
5237756,COFFEE CO.,COUNTYWIDE,03/03/2001,1400,Flash Flood, , ,0,0,5000,0,AL,EST, ,1112338,C,31,TAE,0,0,LAW ENFORCEMENT, , , , , , , ,COUNTYWIDE,03/03/2001,1500, , , , ,"Water over several roads.  Reported by the Coffee County Sheriff.","",250
5234648,AUTAUGA CO.,COUNTYWIDE,03/03/2001,1700,Flash Flood, , ,0,0,22000,0,AL,CST, ,1111887,C,1,BMX,0,0,NEWSPAPER, , , , , , , ,COUNTYWIDE,03/03/2001,2000, , , , ,"A few roads were covered with water and a few homes received minor flood damage.  Many area creeks and streams topped the banks causing minor flooding.  Radar estimated rainfall of 7 to 9 inches over a 28 hour period.","",251
5236730,LOWNDES CO.,COUNTYWIDE,03/03/2001,1700,Flash Flood, , ,0,0,18000,0,AL,CST, ,1111889,C,85,BMX,0,0,LAW ENFORCEMENT, , , , , , , ,COUNTYWIDE,03/03/2001,2000, , , , ,"Several roads were covered with high water and impassible.","",252
5234647,ELMORE CO.,COUNTYWIDE,03/03/2001,1800,Flash Flood, , ,0,0,14000,0,AL,CST, ,1111886,C,51,BMX,0,0,NEWSPAPER, , , , , , , ,COUNTYWIDE,03/03/2001,2000, , , , ,"Several roads were temporarily closed due to high water.","",253
5238567,MONTGOMERY CO.,COUNTYWIDE,03/03/2001,1800,Flash Flood, , ,0,0,45000,0,AL,CST, ,1111888,C,101,BMX,0,0,NEWSPAPER, , , , , , , ,COUNTYWIDE,03/03/2001,2000, , , , ,"Several roads were closed because of high water.  Many creeks and streams were flooding over the banks.  A few roads had sections washed away from the high water.  Some residential property was flooded but no homes were reported damaged.","",254
5237866,DALE CO.,PINCKARD,03/03/2001,2125,Flash Flood, , ,0,0,5000,0,AL,EST, ,1112342,C,45,TAE,0,0,EMERGENCY MANAGER, , , , , , , ,PINCKARD,03/03/2001,2125, , , , ,"County Road 47 from Pickard southward under water.  Reported by the Dale County EMA.","",255
5237868,GENEVA CO.,SAMSON,03/03/2001,2200,Flash Flood, , ,0,0,5000,0,AL,EST, ,1112342,C,61,TAE,0,0,EMERGENCY MANAGER, , , , , , , ,SAMSON,03/03/2001,2200, , , , ,"Armstrong, Azela, and County Roads 153 and 9 under water.  Reported by the Geneva County EMA.","",256
5237867,DALE CO.,MIDLAND CITY,03/03/2001,2200,Flash Flood, , ,0,0,5000,0,AL,EST, ,1112342,C,45,TAE,0,0,EMERGENCY MANAGER, , , , , , , ,MIDLAND CITY,03/03/2001,2200, , , , ,"County Road 43 near Midland City under water.  Reported by the Dale County EMA.","",257
5236733,DALLAS CO.,SELMA,03/12/2001,1145,Flash Flood, , ,0,0,25000,0,AL,CST, ,1111891,C,47,BMX,0,0,EMERGENCY MANAGER, , , , , , , ,SELMA,03/12/2001,1230, , , , ,"Major street flooding occurred in Selma.  Several automobiles were flooded and damaged.","",258
5235933,MOBILE CO.,MOBILE,03/12/2001,1220,Flash Flood, , ,0,0,3000,0,AL,CST, ,1112133,C,97,MOB,0,0,EMERGENCY MANAGER, , , , , , , ,MOBILE,03/12/2001,1330, , , , ,"Heavy rains caused temporary flooding of streets in downtown Mobile.  Several of the streets in the downtown area were impassable for about an hour.","",259
5236734,ELMORE CO.,WETUMPKA,03/12/2001,1245,Flash Flood, , ,0,0,5000,0,AL,CST, ,1111892,C,51,BMX,0,0,LAW ENFORCEMENT, , , , , , , ,WETUMPKA,03/12/2001,1345, , , , ,"Roads were flooded and temporarily impassible on the western side of Wetumpka.","",260
5236735,AUTAUGA CO.,COUNTYWIDE,03/12/2001,1245,Flash Flood, , ,0,0,15000,0,AL,CST, ,1111893,C,1,BMX,0,0,EMERGENCY MANAGER, , , , , , , ,COUNTYWIDE,03/12/2001,1400, , , , ,"Many roads across the county were flooded and temporarily impassable.","",261
5236744,MONTGOMERY CO.,COUNTYWIDE,03/12/2001,1300,Flash Flood, , ,0,0,8000,0,AL,CST, ,1111901,C,101,BMX,0,0,NEWSPAPER, , , , , , , ,COUNTYWIDE,03/12/2001,1430, , , , ,"","Several roads were temporarily closed due to very heavy rainfall and flooding.",262
5236745,LOWNDES CO.,COUNTYWIDE,03/12/2001,1300,Flash Flood, , ,0,0,5000,0,AL,CST, ,1111901,C,85,BMX,0,0,NEWSPAPER, , , , , , , ,COUNTYWIDE,03/12/2001,1400, , , , ,"","Several roads were temporarily closed due to very heavy rainfall and flooding.",263
5242276,WALKER CO.,COUNTYWIDE,04/03/2001,1400,Flash Flood, , ,0,0,18000,0,AL,CST, ,1113474,C,127,BMX,0,0,EMERGENCY MANAGER, , , , , , , ,COUNTYWIDE,04/03/2001,2000, , , , ,"Numerous roads throughout the county were flooded.  Many of these roads were temporarily impassable.","",264
5242500,COLBERT CO.,LITTLEVILLE,04/03/2001,1400,Flash Flood, , ,0,0,8000,0,AL,CST, ,1113500,C,33,BMX,0,0,NEWSPAPER, , , , , , , ,LITTLEVILLE,04/03/2001,1800, , , , ,"Several roads and homes were flooded along US 43 near Littleville.  One of the homes suffered significant damage to furniture and appliances.  A few other roads in the county were temporarily impassable due to high water.","",265
5242267,JEFFERSON CO.,COUNTYWIDE,04/03/2001,1430,Flash Flood, , ,0,0,30000,0,AL,CST, ,1113466,C,73,BMX,0,0,NEWSPAPER, , , , , , , ,COUNTYWIDE,04/03/2001,2000, , , , ,"Many area creeks flowed out of their banks and flooded the roadways.  Additional flooding occurred across a large part of eastern Jefferson County.  Several homes were flooded in Tarrant City and a few people were rescued from stranded vehicles.  As many as 25 roads were closed due to the high water.  24 hour rainfall was estimated at 3 to 5 inches with most occurring in a short period of time.","",266
5242281,TALLADEGA CO.,COUNTYWIDE,04/03/2001,1500,Flash Flood, , ,0,0,12000,0,AL,CST, ,1113478,C,121,BMX,0,0,EMERGENCY MANAGER, , , , , , , ,COUNTYWIDE,04/03/2001,2000, , , , ,"Several roads throughout the county were flooded and temporarily impassible.  Rainfall total for 24 hours was estimated at 4 to 5 inches with much of it occurring in a short period of time.","",267
5242382,CLAY CO.,COUNTYWIDE,04/03/2001,1500,Flash Flood, , ,0,0,14000,0,AL,CST, ,1113480,C,27,BMX,0,0,EMERGENCY MANAGER, , , , , , , ,COUNTYWIDE,04/03/2001,1900, , , , ,"Several roads throughout the county were flooded and temporarily impassable.","",268
5242503,CULLMAN CO.,ARKADELPHIA,04/03/2001,1700,Flash Flood, , ,0,0,3000,0,AL,CST, ,1113503,C,43,BMX,0,0,NEWSPAPER, , , , , , , ,ARKADELPHIA,04/03/2001,1900, , , , ,"Heavy rainfall of 3 to 5 inches caused many roads in Arkadelphia and the Colony community to become flooded and impassible.  Several area creeks and streams were above bank full and flooding.","",269
5242504,BLOUNT CO.,ONEONTA,04/03/2001,1700,Flash Flood, , ,0,0,5000,0,AL,CST, ,1113504,C,9,BMX,0,0,EMERGENCY MANAGER, , , , , , , ,ONEONTA,04/03/2001,1900, , , , ,"Heavy rainfall in Oneonta caused flooding of two businesses.  Several roads were temporarily impassible due to high water in Oneonta and Blountsville.","",270
5242501,ELMORE CO.,COUNTYWIDE,04/03/2001,1900,Flash Flood, , ,0,0,5000,0,AL,CST, ,1113501,C,51,BMX,0,0,NEWSPAPER, , , , , , , ,COUNTYWIDE,04/03/2001,2200, , , , ,"Several roads in Elmore County were temporarily closed due to flooding conditions.","",271
5240422,WASHINGTON CO.,MILLRY,04/03/2001,2030,Flash Flood, , ,0,0,3000,0,AL,CST, ,1112844,C,129,MOB,0,0,EMERGENCY MANAGER, , , , , , , ,MILLRY,04/03/2001,2130, , , , ,"Heavy rains along County Road 34 caused temporary street flooding between Millry and Bigbee.  Several dirt roads that run off of County Road 34 had to be closed until the water drained.  Radar estimated that four to six inches of rain fell across the area in a three hour period.","",272
5240431,CLARKE CO.,JACKSON,04/03/2001,2035,Flash Flood, , ,0,0,3000,0,AL,CST, ,1112851,C,25,MOB,0,0,EMERGENCY MANAGER, , , , , , , ,JACKSON,04/03/2001,2135, , , , ,"Heavy rainfall caused several dirt roads that cross U. S. 43 between Jackson and Grove Hill to temporarily flood.  Some of the roads were closed for several hours until the water drained.  Radar estimated four to six inches of rain fell across the area in a three hour period.","",273
5242502,MONTGOMERY CO.,COUNTYWIDE,04/03/2001,2200,Flash Flood, , ,0,0,5000,0,AL,CST, ,1113502,C,101,BMX,0,0,NEWSPAPER, , , , , , , ,COUNTYWIDE,04/04/2001,400, , , , ,"A few roads were impassible due to high water.  Rainfall amounts ranged from 3 to 8 inches in 24 hours.","",274
5240424,CHOCTAW CO.,NORTH PORTION,04/04/2001,815,Flash Flood, , ,0,0,3000,0,AL,CST, ,1112846,C,23,MOB,0,0,EMERGENCY MANAGER, , , , , , , ,NORTH PORTION,04/04/2001,900, , , , ,"Heavy rains across the north part of the county caused temporary flooding of several roads.  Several dirt roads were washed out by the heavy rainfall and had to be closed for several hours.  Radar estimated four to six inches of rain fell across the area in a three hour period.","",275
5242394,FRANKLIN CO.,COUNTYWIDE,04/04/2001,1100,Flash Flood, , ,0,0,15000,0,AL,CST, ,1113492,C,59,BMX,0,0,EMERGENCY MANAGER, , , , , , , ,COUNTYWIDE,04/04/2001,1300, , , , ,"Several counties roads were flooded and temporarily closed due to the high water.  One bridge was washed out on CR 23 near SR 24.","",276
5242395,MORGAN CO.,COUNTYWIDE,04/04/2001,1130,Flash Flood, , ,0,0,12000,0,AL,CST, ,1113493,C,103,BMX,0,0,EMERGENCY MANAGER, , , , , , , ,COUNTYWIDE,04/04/2001,1330, , , , ,"Several roads were flooded throughout the county and some water entered buildings.  Many motorists were stranded in the high water and had to be rescued.  Several automobiles were flooded in Decatur.","",277
5245929,BARBOUR CO.,COUNTYWIDE,05/19/2001,2330,Flash Flood, , ,0,0,25000,0,AL,CST, ,1114481,C,5,BMX,0,0,LAW ENFORCEMENT, , , , , , , ,COUNTYWIDE,05/20/2001,130, , , , ,"Radar estimated 6 to 8 inches of rain fell in a short period of time that caused flooding mainly in eastern Barbour county near Eufaula.  Most streets in the city of Eufaula were temporarily impassable and many vehicles were stranded or stalled in the high water.  US 431 had up to a foot of water covering the roadway in the city of Eufaula.  Just south of Eufaula, a large hole developed on US 82 that was created by flood waters.  Several separate locations on US 82 had large cracks develop across the road.","",278
5251600,CHOCTAW CO.,BUTLER,06/08/2001,2030,Flash Flood, , ,0,0,4000,0,AL,CST, ,1116430,C,23,MOB,0,0,EMERGENCY MANAGER, , , , , , , ,BUTLER,06/08/2001,2200, , , , ,"Street flooding was reported at several locations north of Butler due to very heavy rainfall.  Several secondary roads in the northern part of the county were temporarily closed due to excessive standing and ponding of water.","",279
5251602,CRENSHAW CO.,LUVERNE,06/11/2001,2120,Flash Flood, , ,0,0,0,0,AL,CST, ,1116432,C,41,MOB,0,0,EMERGENCY MANAGER, , , , , , , ,LUVERNE,06/11/2001,2300, , , , ,"Several roads in the south part of the town of Luverne became impassable due to standing water resulting from heavy rain.  The roads were closed for a couple of hours until the waters receded.    The very heavy rainfall occurred as the remnants of Tropical Storm Allison moved east across the area.","",280
5257162,LIMESTONE CO.,COUNTYWIDE,07/05/2001,1200,Flash Flood, , ,0,0,4000,0,AL,CST, ,1119222,C,83,BMX,0,0,EMERGENCY MANAGER, , , , , , , ,COUNTYWIDE,07/05/2001,1300, , , , ,"Radar estimated one to three inches of rainfall in a very short period of time across Limestone County.  This heavy rainfall caused many roads to become covered with water and temporarily impassable.","",281
5257163,MARSHALL CO.,ARAB,07/05/2001,1230,Flash Flood, , ,0,0,3000,0,AL,CST, ,1119223,C,95,BMX,0,0,EMERGENCY MANAGER, , , , , , , ,ARAB,07/05/2001,1330, , , , ,"A few roads in and near the city of Arab were flooded and some were temporarily impassable.","",282
5257240,MORGAN CO.,COUNTYWIDE,07/05/2001,1300,Flash Flood, , ,0,0,3000,0,AL,CST, ,1119224,C,103,BMX,0,0,EMERGENCY MANAGER, , , , , , , ,COUNTYWIDE,07/05/2001,1400, , , , ,"Very heavy rainfall in a short period of time covered many roads with high water.  This water made many roads temporarily impassable.","",283
5257318,MADISON CO.,COUNTYWIDE,07/05/2001,1300,Flash Flood, , ,0,0,6000,0,AL,CST, ,1119239,C,89,BMX,0,0,EMERGENCY MANAGER, , , , , , , ,COUNTYWIDE,07/05/2001,1400, , , , ,"Very heavy rainfall in a short period of time covered many roads with high water.  This water made many roads temporarily impassable.","",284
5257241,WALKER CO.,CORDOVA,07/05/2001,1400,Flash Flood, , ,0,0,3000,0,AL,CST, ,1119225,C,127,BMX,0,0,EMERGENCY MANAGER, , , , , , , ,CORDOVA,07/05/2001,1500, , , , ,"Several roads were covered with water and temporarily impassable in and around the city of Cordova.","",285
5259560,MOBILE CO.,CENTRAL PORTION,07/12/2001,1700,Flash Flood, , ,0,0,0,0,AL,CST, ,1119585,C,97,MOB,0,0,LAW ENFORCEMENT, , , , , , , ,CENTRAL PORTION,07/12/2001,1800, , , , ,"Heavy rains caused street flooding in the central parts of the county.  Some secondary roads had to be closed near Lott Road and in downtown Mobile.  The streets were closed for about an hour until the rain stopped and the streets drained.  Radar estimated that three to five inches of rain fell in a two hour period.","",286
5264145,MADISON CO.,COUNTYWIDE,08/10/2001,700,Flash Flood, , ,0,0,8000,0,AL,CST, ,1121341,C,89,BMX,0,0,EMERGENCY MANAGER, , , , , , , ,COUNTYWIDE,08/10/2001,1300, , , , ,"High water covered all the roads in and around the city of New Hope, which included US 431.  The water made the roads temporarily impassable.  Streets in and around Owens Crossroads were impassable due to very heavy rainfall in a short period of time.","",287
5264146,MORGAN CO.,COUNTYWIDE,08/10/2001,730,Flash Flood, , ,0,0,50000,0,AL,CST, ,1121342,C,103,BMX,0,0,EMERGENCY MANAGER, , , , , , , ,COUNTYWIDE,08/10/2001,1300, , , , ,"Extensive flooding occurred on many roadways and streams across Morgan County.  Many roads were closed through the early afternoon hours and several bridges were flooded.  High water made the roads extremely dangerous and impassable.  Sandbags were placed around 2 to 3 homes in Hartselle due to flooding.   Three businesses sustained minor damage when flood waters entered the buildings.","",288
5264217,MARSHALL CO.,COUNTYWIDE,08/10/2001,800,Flash Flood, , ,0,4,100000,0,AL,CST, ,1121343,C,95,BMX,0,0,EMERGENCY MANAGER, , , , , , , ,COUNTYWIDE,08/10/2001,1300, , , , ,"Radar estimated four to seven inches of rainfall fell in a short period of time. Widespread road and stream flooding occurred across Marshall County.  Several trees fell down due to soil being eroded away.   Two men were rescued from a swollen creek when their vehicle was swept away.  Another man and a small child  were rescued from a vehicle as it too was swept away in high water. Both of these events occurred just northeast of Arab.  All the occupants of the vehicles were saved and received only  minor injuries.  Several automobiles were under standing water and some people had to be rescued from these stranded vehicles.  Lightning struck several power poles and knocked them down.  A few homes were also struck by lightning and subsequently caught fire.  One home sustained heavy damage.","",289
5264218,LIMESTONE CO.,COUNTYWIDE,08/10/2001,800,Flash Flood, , ,0,0,12000,0,AL,CST, ,1121344,C,83,BMX,0,0,NEWSPAPER, , , , , , , ,COUNTYWIDE,08/10/2001,1000, , , , ,"Several roads throughout the county temporarily had two to three feet of water over them.  This flooded several vehicles and made the roads impassable.","",290
5263609,MOBILE CO.,MOBILE,08/12/2001,1030,Flash Flood, , ,0,0,0,0,AL,CST, ,1121878,C,97,MOB,0,0,LAW ENFORCEMENT, , , , , , , ,MOBILE,08/12/2001,1130, , , , ,"Very slow moving thunderstorms produced very heavy rainfall, which resulted in some flash flooding in parts of the west and midtown areas of the city.  Several streets and roadways in the area were briefly flooded, including parts of Airport Blvd, Telegraph Road and Government Street.","",291
5264219,MADISON CO.,COUNTYWIDE,08/12/2001,1700,Flash Flood, , ,0,0,5000,0,AL,CST, ,1121345,C,89,BMX,0,0,EMERGENCY MANAGER, , , , , , , ,COUNTYWIDE,08/12/2001,1900, , , , ,"Several roads were temporarily covered by high water and were very hazardous to travel on.  The area mainly affected by the heavy rainfall was just north of Huntsville.","",292
5263391,MOBILE CO.,(MOB)MOBILE BATES FL,08/28/2001,1300,Flash Flood, , ,0,0,1000,0,AL,CST, ,1121892,C,97,MOB,0,0,NWS STORM SURVEY, , , , , , , ,(MOB)MOBILE BATES FL,08/28/2001,1330, , , , ,"Heavy rains caused streets to flood around the airport.  Several roads were impassable for about thirty minutes.  Over two inches of rain fell in a very short time.  The roads started draining as soon as the heavy rain stopped.","",293
5262761,JEFFERSON CO.,BIRMINGHAM,08/31/2001,1700,Flash Flood, , ,0,0,40000,0,AL,CST, ,1121354,C,73,BMX,0,0,BROADCAST MEDIA, , , , , , , ,BIRMINGHAM,08/31/2001,1900, , , , ,"Very heavy rain in a short period of time flooded several locations in the city of Birmingham.  Several roads were temporarily impassable in Hoover and Birmingham.  An automobile dealership, Med Center Mazda, reported several vehicles underwater and severely damaged.","",294
5266178,BLOUNT CO.,COUNTYWIDE,09/03/2001,900,Flash Flood, , ,0,0,10000,0,AL,CST, ,1122743,C,9,BMX,0,0,NEWSPAPER, , , , , , , ,COUNTYWIDE,09/03/2001,1200, , , , ,"Heavy rain falling on saturated ground caused widespread flooding across the county. Local residents estimated rainfall of four inches in a short period of time. Many roads were damaged, culverts were washed out, and several trees fell over due to the high water and saturated conditions. Several roads were impassable and closed.  The most concentrated flooding occurred in the Remlap and Pine Mountain areas.","",295
5266179,BIBB CO.,BRIERFIELD,09/10/2001,1730,Flash Flood, , ,0,0,3000,0,AL,CST, ,1122744,C,7,BMX,0,0,EMERGENCY MANAGER, , , , , , , ,BRIERFIELD,09/10/2001,1900, , , , ,"Heavy rainfall in a short period of time caused flooding in and around Brierfield.   A local fire station reported five inches of rain in a few hours.  Several roads were temporarily closed due to high water.","",296
5272356,BUTLER CO.,GREENVILLE,11/24/2001,2000,Flash Flood, , ,0,0,10000,0,AL,CST, ,1124786,C,13,MOB,0,0,EMERGENCY MANAGER, , , , , , , ,GREENVILLE,11/24/2001,2030, , , , ,"A small earthen dam broke west of Greenville.  The dam was located near Highway 10, just to the  west of Interstate 65.  Some side roads in the area were closed.","",297
5279994,LAUDERDALE CO.,COUNTYWIDE,01/23/2002,430,Flash Flood, , ,0,0,400000,0,AL,CST, ,1130793,C,77,BMX,0,0,EMERGENCY MANAGER, , , , , , , ,COUNTYWIDE,01/23/2002,1800, , , , ,"","A band of significant rainfall repeatedly doused parts of extreme northwest Alabama and southern middle Tennessee.  Radar estimated rainfall in isolated locations as high as 6 to 8 inches, but the majority of the area received 2 to 4 inches of rain.  The heaviest rain fell across Lauderdale County and into middle Tennessee.  Lauderdale County reported that numerous roads were flooded and impassable.  Schools were closed for the entire day.  Many residents were evacuated along Shoal Creek in the Goose Shoals area and in a few other locations.  One woman was stranded in her home.  Colbert County also had numerous roads flooded and impassable.  Schools closed at noon.  Rainfall and runoff from Tennessee caused several creeks to overflow in Limestone and Lauderdale counties.",298
5279995,COLBERT CO.,COUNTYWIDE,01/23/2002,600,Flash Flood, , ,0,0,200000,0,AL,CST, ,1130793,C,33,BMX,0,0,EMERGENCY MANAGER, , , , , , , ,COUNTYWIDE,01/23/2002,1500, , , , ,"","A band of significant rainfall repeatedly doused parts of extreme northwest Alabama and southern middle Tennessee.  Radar estimated rainfall in isolated locations as high as 6 to 8 inches, but the majority of the area received 2 to 4 inches of rain.  The heaviest rain fell across Lauderdale County and into middle Tennessee.  Lauderdale County reported that numerous roads were flooded and impassable.  Schools were closed for the entire day.  Many residents were evacuated along Shoal Creek in the Goose Shoals area and in a few other locations.  One woman was stranded in her home.  Colbert County also had numerous roads flooded and impassable.  Schools closed at noon.  Rainfall and runoff from Tennessee caused several creeks to overflow in Limestone and Lauderdale counties.",299
5279996,LIMESTONE CO.,COUNTYWIDE,01/23/2002,1500,Flash Flood, , ,0,0,50000,0,AL,CST, ,1130793,C,83,BMX,0,0,EMERGENCY MANAGER, , , , , , , ,COUNTYWIDE,01/23/2002,2000, , , , ,"","A band of significant rainfall repeatedly doused parts of extreme northwest Alabama and southern middle Tennessee.  Radar estimated rainfall in isolated locations as high as 6 to 8 inches, but the majority of the area received 2 to 4 inches of rain.  The heaviest rain fell across Lauderdale County and into middle Tennessee.  Lauderdale County reported that numerous roads were flooded and impassable.  Schools were closed for the entire day.  Many residents were evacuated along Shoal Creek in the Goose Shoals area and in a few other locations.  One woman was stranded in her home.  Colbert County also had numerous roads flooded and impassable.  Schools closed at noon.  Rainfall and runoff from Tennessee caused several creeks to overflow in Limestone and Lauderdale counties.",300
5279999,COLBERT CO.,COUNTYWIDE,01/24/2002,600,Flash Flood, , ,0,0,50000,0,AL,CST, ,1130795,C,33,BMX,0,0,NEWSPAPER, , , , , , , ,COUNTYWIDE,01/24/2002,600, , , , ,"","Rainfall continued across parts of northwest Alabama for a second day in a row.  Radar estimated rain amounts as high as 3 inches.  Additional rainfall on already saturated ground quickly caused flooding.  Numerous roads across all of these counties were flooded and impassable.  Many of the roadways received moderate damage which included bridge damage, sinkhole development, and road surface damage.  Many cross drains and side drains were damaged by the high, rushing water.  Six homes in Lauderdale County were flooded but no injuries were reported. One home in Colbert County was flooded and received driveway damage.",301
5280064,LIMESTONE CO.,COUNTYWIDE,01/24/2002,600,Flash Flood, , ,0,0,30000,0,AL,CST, ,1130795,C,83,BMX,0,0,NEWSPAPER, , , , , , , ,COUNTYWIDE,01/24/2002,600, , , , ,"","Rainfall continued across parts of northwest Alabama for a second day in a row.  Radar estimated rain amounts as high as 3 inches.  Additional rainfall on already saturated ground quickly caused flooding.  Numerous roads across all of these counties were flooded and impassable.  Many of the roadways received moderate damage which included bridge damage, sinkhole development, and road surface damage.  Many cross drains and side drains were damaged by the high, rushing water.  Six homes in Lauderdale County were flooded but no injuries were reported. One home in Colbert County was flooded and received driveway damage.",302
5280001,LAWRENCE CO.,COUNTYWIDE,01/24/2002,600,Flash Flood, , ,0,0,10000,0,AL,CST, ,1130795,C,79,BMX,0,0,NEWSPAPER, , , , , , , ,COUNTYWIDE,01/24/2002,600, , , , ,"","Rainfall continued across parts of northwest Alabama for a second day in a row.  Radar estimated rain amounts as high as 3 inches.  Additional rainfall on already saturated ground quickly caused flooding.  Numerous roads across all of these counties were flooded and impassable.  Many of the roadways received moderate damage which included bridge damage, sinkhole development, and road surface damage.  Many cross drains and side drains were damaged by the high, rushing water.  Six homes in Lauderdale County were flooded but no injuries were reported. One home in Colbert County was flooded and received driveway damage.",303
5279998,LAUDERDALE CO.,COUNTYWIDE,01/24/2002,600,Flash Flood, , ,0,0,50000,0,AL,CST, ,1130795,C,77,BMX,0,0,NEWSPAPER, , , , , , , ,COUNTYWIDE,01/24/2002,600, , , , ,"","Rainfall continued across parts of northwest Alabama for a second day in a row.  Radar estimated rain amounts as high as 3 inches.  Additional rainfall on already saturated ground quickly caused flooding.  Numerous roads across all of these counties were flooded and impassable.  Many of the roadways received moderate damage which included bridge damage, sinkhole development, and road surface damage.  Many cross drains and side drains were damaged by the high, rushing water.  Six homes in Lauderdale County were flooded but no injuries were reported. One home in Colbert County was flooded and received driveway damage.",304
5280000,FRANKLIN CO.,COUNTYWIDE,01/24/2002,600,Flash Flood, , ,0,0,15000,0,AL,CST, ,1130795,C,59,BMX,0,0,NEWSPAPER, , , , , , , ,COUNTYWIDE,01/24/2002,600, , , , ,"","Rainfall continued across parts of northwest Alabama for a second day in a row.  Radar estimated rain amounts as high as 3 inches.  Additional rainfall on already saturated ground quickly caused flooding.  Numerous roads across all of these counties were flooded and impassable.  Many of the roadways received moderate damage which included bridge damage, sinkhole development, and road surface damage.  Many cross drains and side drains were damaged by the high, rushing water.  Six homes in Lauderdale County were flooded but no injuries were reported. One home in Colbert County was flooded and received driveway damage.",305
5293143,JEFFERSON CO.,COUNTYWIDE,04/30/2002,1500,Flash Flood, , ,0,0,50000,0,AL,CST, ,1133673,C,73,BMX,0,0,EMERGENCY MANAGER, , , , , , , ,COUNTYWIDE,04/30/2002,1900, , , , ,"Several local creeks and streams rose above bankfull across the county.  Many roads were flooded and temporarily impassible.","",306
5293244,WALKER CO.,COUNTYWIDE,04/30/2002,1700,Flash Flood, , ,0,0,8000,0,AL,CST, ,1133684,C,127,BMX,0,0,NEWSPAPER, , , , , , , ,COUNTYWIDE,04/30/2002,1830, , , , ,"Heavy rainfall in a short period of time caused some flooding across Walker County.  Many areas had standing water on roads and yards.  A few streets were temporarily impassable due to high water.   A few local creeks briefly rose out of their banks.","",307
5295505,MARION CO.,COUNTYWIDE,05/03/2002,400,Flash Flood, , ,0,0,10000,0,AL,CST, ,1135049,C,93,BMX,0,0,NEWSPAPER, , , , , , , ,COUNTYWIDE,05/03/2002,600, , , , ,"Very heavy rainfall in a short period of time caused flooding across Marion County. Many roadways were temporarily closed due to high water.","",308
5295506,MARION CO.,COUNTYWIDE,05/03/2002,1200,Flash Flood, , ,0,0,25000,0,AL,CST, ,1135050,C,93,BMX,0,0,NEWSPAPER, , , , , , , ,COUNTYWIDE,05/04/2002,200, , , , ,"Several periods of heavy rain fell across Marion County.  Rainfall estimates varied from 3 to 7 inches for the two day period. Several local creeks and streams were above bankfull and many roads were temporarily flooded.","",309
5295511,MARION CO.,COUNTYWIDE,05/10/2002,800,Flash Flood, , ,0,0,25000,0,AL,CST, ,1135054,C,93,BMX,0,0,EMERGENCY MANAGER, , , , , , , ,COUNTYWIDE,05/10/2002,1000, , , , ,"Radar estimated and cooperative observers reported rainfall of 2 to 4 inches in a short period of time. This heavy rainfall caused several roads to become temporarily impassable.  A few roads were even washed out near Hackelburg.","",310
5306520,ST. CLAIR CO.,ODENVILLE,07/11/2002,1235,Flash Flood, , ,0,0,2000,0,AL,CST, ,1139754,C,115,BMX,0,0,EMERGENCY MANAGER, , , , , , , ,ODENVILLE,07/11/2002,1340, , , , ,"Several roads were temporarily impassable due to localized flooding in Odenville.","",311
5306521,JEFFERSON CO.,BIRMINGHAM,07/11/2002,1830,Flash Flood, , ,0,0,4000,0,AL,CST, ,1139755,C,73,BMX,0,0,EMERGENCY MANAGER, , , , , , , ,BIRMINGHAM,07/11/2002,1930, , , , ,"Heavy rainfall in a short period of time caused some flooding in the Birmingham Metropolitan area.  Several roads were temporarily impassable due to the high water.","",312
5306523,JEFFERSON CO.,COUNTYWIDE,07/12/2002,1825,Flash Flood, , ,0,0,25000,0,AL,CST, ,1139757,C,73,BMX,0,0,EMERGENCY MANAGER, , , , , , , ,COUNTYWIDE,07/12/2002,2200, , , , ,"Very heavy rainfall in a short period of time occurred mainly on the east side of the Birmingham Metropolitan area.  Radar estimated 4 to 6 inches of rain over a three hour period.  Some local gage locations reported 3 to 4 inches in one hour and 4 to 5 inches in two hours.  Several local creeks and their tributaries,   including Five Mile Creek, Shades Creek,  Shades Creek Branch, Turkey Creek and Village Creek, ran at or over bankfull.  Several swift water rescues were made by local fire departments.  Numerous vehicles were stranded in the high water and many roads wee closed and impassable.  Several homes and a few businesses received water damage.

		Rainfall Totals (Most rain was short duration and heavy):
		
		Birmingham Airport		7/11	1.79
					7/12	2.86

		Pinson			7/11	1.19
					7/12	3.51

		Huffman (Coop)		7/11	3.30
					7/12	4.05

		Huffman			7/11	2.01
					7/12	4.18

		Ketona			7/11	0.75
					7/12	3.86

		Village Creek 86th St.		7/11	2.29
					7/12	2.71

		Turkey Creek		7/11	1.22
					7/12	3.07","",313
5312248,CONECUH CO.,EVERGREEN,07/20/2002,1650,Flash Flood, , ,0,0,0,0,AL,CST, ,1140477,C,35,MOB,0,0,LAW ENFORCEMENT, , , , , , , ,EVERGREEN,07/20/2002,1730, , , , ,"Heavy rains in a short period of time caused part of I-65 near Evergreen to flood.  Part of the lanes had to be temporarily closed until the rain stopped and the road drained.","",314
5313500,MADISON CO.,MADISON,08/18/2002,1550,Flash Flood, , ,0,0,18000,0,AL,CST, ,1142202,C,89,BMX,0,0,EMERGENCY MANAGER, , , , , , , ,MADISON,08/18/2002,1650, , , , ,"Very heavy rain in a short period of time caused flooding from Madison to Huntsville.  Several roads were covered with water and were temporarily impassable. Numerous traffic accidents occurred due to the wet roadways and high water.","",315
5313702,CALHOUN CO.,JACKSONVILLE,08/20/2002,1645,Flash Flood, , ,0,0,8000,0,AL,CST, ,1142244,C,15,BMX,0,0,EMERGENCY MANAGER, , , , , , , ,JACKSONVILLE,08/20/2002,1800, , , , ,"Very heavy rain in a short period of time caused flooding in Jacksonville. One local resident measured four inches of rain in a few hours.   Many roads were temporarily impassable.","",316
5312432,MONTGOMERY CO.,MONTGOMERY,08/20/2002,1830,Flash Flood, , ,0,0,2000,0,AL,CST, ,1142263,C,101,BMX,0,0,NEWSPAPER, , , , , , , ,MONTGOMERY,08/20/2002,1915, , , , ,"Radar estimated one to three inches of rain in a very short period of time.  Many roadways across the city were temporarily impassable due to the high water.","",317
5321178,BALDWIN CO.,POINT CLEAR,09/14/2002,720,Flash Flood, , ,0,0,0,0,AL,CST, ,1143612,C,3,MOB,0,0,EMERGENCY MANAGER, , , , , , , ,POINT CLEAR,09/14/2002,750, , , , ,"Heavy rains caused temporary street flooding around Point Clear.  Several roads in the area became impassable and had to be closed for about half an hour.  The water quickly drained when the rain stopped.","",318
5319747,MOBILE CO.,THEODORE,09/14/2002,735,Flash Flood, , ,0,0,0,0,AL,CST, ,1143613,C,97,MOB,0,0,EMERGENCY MANAGER, , , , , , , ,THEODORE,09/14/2002,830, , , , ,"Heavy rains caused street flooding between Theodore and Bayou La Batre.  Several roads across the south part of Mobile county had to be closed for almost an hour due to the flooded streets.  Water quickly drained out of the roads after the rain stopped.","",319
5315838,CLAY CO.,COUNTYWIDE,09/22/2002,200,Flash Flood, , ,0,0,10000,0,AL,CST, ,1143328,C,27,BMX,0,0,EMERGENCY MANAGER, , , , , , , ,COUNTYWIDE,09/22/2002,430, , , , ,"","Very heavy rain fell across central Alabama during the early morning hours.  The heaviest rain was measured generally from Tuscaloosa to Birmingham to Wedowee.  Radar-estimated rainfall amounts averaged from 3 to 5 inches with many localized areas over 7 inches in only a few hours.  The hardest hit area was the Birmingham Metropolitan area where the damage stretched from Bessemer to Pelham to Mountain Brook to Vestavia Hills.  The following events were reported:  numerous high water rescues were performed by area fire departments,  one junior high school sustained major damage, one home was totally destroyed,  100 homes suffered varying degrees of damage, 22 apartments were flooded, one bowling alley sustained major damage,  at least 20 businesses were damaged, a few  bridges were washed out, a few culvert pipes were washed away,  trees and power lines fell down due to the saturated ground, numerous roads were temporarily closed and impassable,  and over 200 automobiles suffered significant damage in Vestavia Hills.  No injuries were reported.  

Some 24 hour rainfall totals in inches (most of which fell in two to four hours);
		Logan Martin Dam	10.96
		Vincent			8.19
		Mitchell Dam		7.64
		Wilsonville		7.75
		Alabaster			5.60
		Childersburg		5.05
		Palmerdale			5.03
		Helena			4.71
		Calera			4.67
		Pinson			4.50",320
5315841,RANDOLPH CO.,COUNTYWIDE,09/22/2002,200,Flash Flood, , ,0,0,200000,0,AL,CST, ,1143328,C,111,BMX,0,0,EMERGENCY MANAGER, , , , , , , ,COUNTYWIDE,09/22/2002,430, , , , ,"","Very heavy rain fell across central Alabama during the early morning hours.  The heaviest rain was measured generally from Tuscaloosa to Birmingham to Wedowee.  Radar-estimated rainfall amounts averaged from 3 to 5 inches with many localized areas over 7 inches in only a few hours.  The hardest hit area was the Birmingham Metropolitan area where the damage stretched from Bessemer to Pelham to Mountain Brook to Vestavia Hills.  The following events were reported:  numerous high water rescues were performed by area fire departments,  one junior high school sustained major damage, one home was totally destroyed,  100 homes suffered varying degrees of damage, 22 apartments were flooded, one bowling alley sustained major damage,  at least 20 businesses were damaged, a few  bridges were washed out, a few culvert pipes were washed away,  trees and power lines fell down due to the saturated ground, numerous roads were temporarily closed and impassable,  and over 200 automobiles suffered significant damage in Vestavia Hills.  No injuries were reported.  

Some 24 hour rainfall totals in inches (most of which fell in two to four hours);
		Logan Martin Dam	10.96
		Vincent			8.19
		Mitchell Dam		7.64
		Wilsonville		7.75
		Alabaster			5.60
		Childersburg		5.05
		Palmerdale			5.03
		Helena			4.71
		Calera			4.67
		Pinson			4.50",321
5315840,JEFFERSON CO.,COUNTYWIDE,09/22/2002,300,Flash Flood, , ,0,0,5800000,0,AL,CST, ,1143328,C,73,BMX,0,0,EMERGENCY MANAGER, , , , , , , ,COUNTYWIDE,09/22/2002,900, , , , ,"","Very heavy rain fell across central Alabama during the early morning hours.  The heaviest rain was measured generally from Tuscaloosa to Birmingham to Wedowee.  Radar-estimated rainfall amounts averaged from 3 to 5 inches with many localized areas over 7 inches in only a few hours.  The hardest hit area was the Birmingham Metropolitan area where the damage stretched from Bessemer to Pelham to Mountain Brook to Vestavia Hills.  The following events were reported:  numerous high water rescues were performed by area fire departments,  one junior high school sustained major damage, one home was totally destroyed,  100 homes suffered varying degrees of damage, 22 apartments were flooded, one bowling alley sustained major damage,  at least 20 businesses were damaged, a few  bridges were washed out, a few culvert pipes were washed away,  trees and power lines fell down due to the saturated ground, numerous roads were temporarily closed and impassable,  and over 200 automobiles suffered significant damage in Vestavia Hills.  No injuries were reported.  

Some 24 hour rainfall totals in inches (most of which fell in two to four hours);
		Logan Martin Dam	10.96
		Vincent			8.19
		Mitchell Dam		7.64
		Wilsonville		7.75
		Alabaster			5.60
		Childersburg		5.05
		Palmerdale			5.03
		Helena			4.71
		Calera			4.67
		Pinson			4.50",322
5315843,ST. CLAIR CO.,COUNTYWIDE,09/22/2002,400,Flash Flood, , ,0,0,20000,0,AL,CST, ,1143328,C,115,BMX,0,0,EMERGENCY MANAGER, , , , , , , ,COUNTYWIDE,09/22/2002,600, , , , ,"","Very heavy rain fell across central Alabama during the early morning hours.  The heaviest rain was measured generally from Tuscaloosa to Birmingham to Wedowee.  Radar-estimated rainfall amounts averaged from 3 to 5 inches with many localized areas over 7 inches in only a few hours.  The hardest hit area was the Birmingham Metropolitan area where the damage stretched from Bessemer to Pelham to Mountain Brook to Vestavia Hills.  The following events were reported:  numerous high water rescues were performed by area fire departments,  one junior high school sustained major damage, one home was totally destroyed,  100 homes suffered varying degrees of damage, 22 apartments were flooded, one bowling alley sustained major damage,  at least 20 businesses were damaged, a few  bridges were washed out, a few culvert pipes were washed away,  trees and power lines fell down due to the saturated ground, numerous roads were temporarily closed and impassable,  and over 200 automobiles suffered significant damage in Vestavia Hills.  No injuries were reported.  

Some 24 hour rainfall totals in inches (most of which fell in two to four hours);
		Logan Martin Dam	10.96
		Vincent			8.19
		Mitchell Dam		7.64
		Wilsonville		7.75
		Alabaster			5.60
		Childersburg		5.05
		Palmerdale			5.03
		Helena			4.71
		Calera			4.67
		Pinson			4.50",323
5315844,TALLADEGA CO.,COUNTYWIDE,09/22/2002,400,Flash Flood, , ,0,0,20000,0,AL,CST, ,1143328,C,121,BMX,0,0,EMERGENCY MANAGER, , , , , , , ,COUNTYWIDE,09/22/2002,900, , , , ,"","Very heavy rain fell across central Alabama during the early morning hours.  The heaviest rain was measured generally from Tuscaloosa to Birmingham to Wedowee.  Radar-estimated rainfall amounts averaged from 3 to 5 inches with many localized areas over 7 inches in only a few hours.  The hardest hit area was the Birmingham Metropolitan area where the damage stretched from Bessemer to Pelham to Mountain Brook to Vestavia Hills.  The following events were reported:  numerous high water rescues were performed by area fire departments,  one junior high school sustained major damage, one home was totally destroyed,  100 homes suffered varying degrees of damage, 22 apartments were flooded, one bowling alley sustained major damage,  at least 20 businesses were damaged, a few  bridges were washed out, a few culvert pipes were washed away,  trees and power lines fell down due to the saturated ground, numerous roads were temporarily closed and impassable,  and over 200 automobiles suffered significant damage in Vestavia Hills.  No injuries were reported.  

Some 24 hour rainfall totals in inches (most of which fell in two to four hours);
		Logan Martin Dam	10.96
		Vincent			8.19
		Mitchell Dam		7.64
		Wilsonville		7.75
		Alabaster			5.60
		Childersburg		5.05
		Palmerdale			5.03
		Helena			4.71
		Calera			4.67
		Pinson			4.50",324
5315842,SHELBY CO.,COUNTYWIDE,09/22/2002,400,Flash Flood, , ,0,0,100000,0,AL,CST, ,1143328,C,117,BMX,0,0,EMERGENCY MANAGER, , , , , , , ,COUNTYWIDE,09/22/2002,930, , , , ,"","Very heavy rain fell across central Alabama during the early morning hours.  The heaviest rain was measured generally from Tuscaloosa to Birmingham to Wedowee.  Radar-estimated rainfall amounts averaged from 3 to 5 inches with many localized areas over 7 inches in only a few hours.  The hardest hit area was the Birmingham Metropolitan area where the damage stretched from Bessemer to Pelham to Mountain Brook to Vestavia Hills.  The following events were reported:  numerous high water rescues were performed by area fire departments,  one junior high school sustained major damage, one home was totally destroyed,  100 homes suffered varying degrees of damage, 22 apartments were flooded, one bowling alley sustained major damage,  at least 20 businesses were damaged, a few  bridges were washed out, a few culvert pipes were washed away,  trees and power lines fell down due to the saturated ground, numerous roads were temporarily closed and impassable,  and over 200 automobiles suffered significant damage in Vestavia Hills.  No injuries were reported.  

Some 24 hour rainfall totals in inches (most of which fell in two to four hours);
		Logan Martin Dam	10.96
		Vincent			8.19
		Mitchell Dam		7.64
		Wilsonville		7.75
		Alabaster			5.60
		Childersburg		5.05
		Palmerdale			5.03
		Helena			4.71
		Calera			4.67
		Pinson			4.50",325
5315845,TUSCALOOSA CO.,COUNTYWIDE,09/22/2002,630,Flash Flood, , ,0,0,50000,0,AL,CST, ,1143328,C,125,BMX,0,0,EMERGENCY MANAGER, , , , , , , ,COUNTYWIDE,09/22/2002,900, , , , ,"","Very heavy rain fell across central Alabama during the early morning hours.  The heaviest rain was measured generally from Tuscaloosa to Birmingham to Wedowee.  Radar-estimated rainfall amounts averaged from 3 to 5 inches with many localized areas over 7 inches in only a few hours.  The hardest hit area was the Birmingham Metropolitan area where the damage stretched from Bessemer to Pelham to Mountain Brook to Vestavia Hills.  The following events were reported:  numerous high water rescues were performed by area fire departments,  one junior high school sustained major damage, one home was totally destroyed,  100 homes suffered varying degrees of damage, 22 apartments were flooded, one bowling alley sustained major damage,  at least 20 businesses were damaged, a few  bridges were washed out, a few culvert pipes were washed away,  trees and power lines fell down due to the saturated ground, numerous roads were temporarily closed and impassable,  and over 200 automobiles suffered significant damage in Vestavia Hills.  No injuries were reported.  

Some 24 hour rainfall totals in inches (most of which fell in two to four hours);
		Logan Martin Dam	10.96
		Vincent			8.19
		Mitchell Dam		7.64
		Wilsonville		7.75
		Alabaster			5.60
		Childersburg		5.05
		Palmerdale			5.03
		Helena			4.71
		Calera			4.67
		Pinson			4.50",326
5315839,CHILTON CO.,COUNTYWIDE,09/22/2002,630,Flash Flood, , ,0,0,10000,0,AL,CST, ,1143328,C,21,BMX,0,0,EMERGENCY MANAGER, , , , , , , ,COUNTYWIDE,09/22/2002,930, , , , ,"","Very heavy rain fell across central Alabama during the early morning hours.  The heaviest rain was measured generally from Tuscaloosa to Birmingham to Wedowee.  Radar-estimated rainfall amounts averaged from 3 to 5 inches with many localized areas over 7 inches in only a few hours.  The hardest hit area was the Birmingham Metropolitan area where the damage stretched from Bessemer to Pelham to Mountain Brook to Vestavia Hills.  The following events were reported:  numerous high water rescues were performed by area fire departments,  one junior high school sustained major damage, one home was totally destroyed,  100 homes suffered varying degrees of damage, 22 apartments were flooded, one bowling alley sustained major damage,  at least 20 businesses were damaged, a few  bridges were washed out, a few culvert pipes were washed away,  trees and power lines fell down due to the saturated ground, numerous roads were temporarily closed and impassable,  and over 200 automobiles suffered significant damage in Vestavia Hills.  No injuries were reported.  

Some 24 hour rainfall totals in inches (most of which fell in two to four hours);
		Logan Martin Dam	10.96
		Vincent			8.19
		Mitchell Dam		7.64
		Wilsonville		7.75
		Alabaster			5.60
		Childersburg		5.05
		Palmerdale			5.03
		Helena			4.71
		Calera			4.67
		Pinson			4.50",327
5319750,MOBILE CO.,THEODORE,09/24/2002,1745,Flash Flood, , ,0,0,0,0,AL,CST, ,1143616,C,97,MOB,0,0,EMERGENCY MANAGER, , , , , , , ,THEODORE,09/24/2002,1830, , , , ,"Heavy rains caused streets to flood near Theodore.  Several of the streets were impassable and had to be closed for about an hour.  The water quickly drained from the streets and they were reopened after the rain stopped.","",328
5319753,MOBILE CO.,THEODORE,09/25/2002,300,Flash Flood, , ,0,0,0,0,AL,CST, ,1143619,C,97,MOB,0,0,EMERGENCY MANAGER, , , , , , , ,THEODORE,09/25/2002,730, , , , ,"Heavy rains fell across the south part of Mobile county and caused several streets to flood.  Many of the secondary streets between Theodore and Bayou la Batre had to be closed for several hours due to the heavy rain.  The streets were reopened after the rain stopped and the water had time to drain.","",329
5319754,BALDWIN CO.,FOLEY,09/25/2002,445,Flash Flood, , ,0,0,0,0,AL,CST, ,1143620,C,3,MOB,0,0,EMERGENCY MANAGER, , , , , , , ,FOLEY,09/25/2002,1200, , , , ,"Heavy rains caused several streets in the south part of Baldwin county to flood.  Most of the secondary streets in the south part of the county had standing water in them and had to be closed for several hours.  Most of the water drained out of the streets in the early afternoon as the heavy rains subsided.","",330
5319818,BALDWIN CO.,SOUTH PORTION,09/25/2002,2140,Flash Flood, , ,0,0,0,0,AL,CST, ,1143628,C,3,MOB,0,0,EMERGENCY MANAGER, , , , , , , ,SOUTH PORTION,09/26/2002,1500, , , , ,"Heavy rains associated with Tropical Storm Isidore again caused many streets to flood in the south part of the county.  Numerous secondary roads had to be closed for several hours due to high water.","",331
5319819,MOBILE CO.,SOUTH PORTION,09/25/2002,2140,Flash Flood, , ,0,0,0,0,AL,CST, ,1143629,C,97,MOB,0,0,EMERGENCY MANAGER, , , , , , , ,SOUTH PORTION,09/26/2002,1500, , , , ,"Heavy rains from Tropical Storm Isidore again caused flooding across the south part of the county.  Many streets were closed for hours due to high water.","",332
5319822,ESCAMBIA CO.,ATMORE,09/26/2002,205,Flash Flood, , ,0,0,0,0,AL,CST, ,1143632,C,53,MOB,0,0,EMERGENCY MANAGER, , , , , , , ,ATMORE,09/26/2002,600, , , , ,"Heavy rains as a result of Tropical Storm Isidore caused several streets to have standing water in them in Atmore.  Many secondary roads had to be closed for several hours due to the high water.","",333
5326962,CRENSHAW CO.,LUVERNE,12/24/2002,815,Flash Flood, , ,0,0,0,0,AL,CST, ,1145828,C,41,MOB,0,0,EMERGENCY MANAGER, , , , , , , ,LUVERNE,12/24/2002,930, , , , ,"Heavy rains across the county caused several roads to flood between Luverne and Highland Home.  Many side roads had to be closed for an hour to allow the water to drain.","",334
5326971,MOBILE CO.,CENTRAL PORTION,12/31/2002,815,Flash Flood, , ,0,0,0,0,AL,CST, ,1145837,C,97,MOB,0,0,LAW ENFORCEMENT, , , , , , , ,CENTRAL PORTION,12/31/2002,1000, , , , ,"Heavy rains caused several streets in the central and south part of the county to flood.  Rainfall totals were between two and four inches in two hours.  Several side streets had to be closed for about two hours.  The water quickly receded after the rains had moved out of the area.","",335
5347289,LAUDERDALE CO.,FLORENCE,02/15/2003,840,Flash Flood, , ,0,0,0,0,AL,CST, ,1148576,C,77,HUN,0,0,EMERGENCY MANAGER, , , , , , , ,FLORENCE,02/15/2003,2005, , , , ,"a few roads flooded in city","",336
5347286,LIMESTONE CO.,ATHENS,02/15/2003,930,Flash Flood, , ,0,0,0,0,AL,CST, ,1148576,C,83,HUN,0,0,EMERGENCY MANAGER, , , , , , , ,ATHENS,02/15/2003,1115, , , , ,"Flash flooding occurred.","",337
5347288,LAWRENCE CO.,COURTLAND,02/15/2003,933,Flash Flood, , ,0,0,0,0,AL,CST, ,1148576,C,79,HUN,0,0,EMERGENCY MANAGER, , , , , , , ,COURTLAND,02/15/2003,1115, , , , ,"County road 150 flooded with a few outlying roads closed.","",338
5347287,COLBERT CO.,SHEFFIELD,02/15/2003,1030,Flash Flood, , ,0,0,0,0,AL,CST, ,1148576,C,33,HUN,0,0,EMERGENCY MANAGER, , , , , , , ,SHEFFIELD,02/15/2003,1115, , , , ,"Flash flooding with a few roads flooded.","",339
5347012,LAUDERDALE CO.,LEXINGTON,02/21/2003,2156,Flash Flood, , ,0,0,0,0,AL,CST, ,1148577,C,77,HUN,0,0,EMERGENCY MANAGER, , , , , , , ,LEXINGTON,02/22/2003,400, , , , ,"Two roads closed due to high waters","",340
5347293,LAUDERDALE CO.,ROGERSVILLE,02/21/2003,2156,Flash Flood, , ,0,0,0,0,AL,CST, ,1148577,C,77,HUN,0,0,EMERGENCY MANAGER, , , , , , , ,ROGERSVILLE,02/22/2003,400, , , , ,"Two roads closed due to high waters.","",341
5347292,FRANKLIN CO.,RUSSELLVILLE,02/21/2003,2156,Flash Flood, , ,0,0,0,0,AL,CST, ,1148577,C,59,HUN,0,0,EMERGENCY MANAGER, , , ,3,E,3,E,RUSSELLVILLE,02/22/2003,400, , , , ,"Water over county road 77 and mud creek road.","",342
5347947,LAUDERDALE CO.,ANDERSON,02/21/2003,2156,Flash Flood, , ,0,0,0,0,AL,CST, ,1148577,C,77,HUN,0,0,EMERGENCY MANAGER, , , , , , , ,ANDERSON,02/22/2003,400, , , , ,"Two roads closed due to high waters.","",343
5340395,LAMAR CO.,VERNON,02/21/2003,2350,Flash Flood, , ,0,0,10000,0,AL,CST, ,1147153,C,75,BMX,0,0,GOVT OFFICIAL, , , , , , , ,VERNON,02/22/2003,100, , , , ,"Some road flooding was reported on Highway 17 near Vernon. An embankment caved in along the highway.","",344
5347013,LAUDERDALE CO.,FLORENCE,02/22/2003,30,Flash Flood, , ,0,0,0,0,AL,CST, ,1148577,C,77,HUN,0,0,EMERGENCY MANAGER, , , , , , , ,FLORENCE,02/22/2003,400, , , , ,"McFarland Park flooded.","",345
5347015,COLBERT CO.,LEIGHTON,02/22/2003,100,Flash Flood, , ,0,0,0,0,AL,CST, ,1148578,C,33,HUN,0,0,EMERGENCY MANAGER, , , , , , , ,LEIGHTON,02/23/2003,400, , , , ,"Sixth Street closed due to two foot of flood waters in Leighton.","",346
5347106,LAWRENCE CO.,COURTLAND,02/22/2003,100,Flash Flood, , ,0,0,0,0,AL,CST, ,1148578,C,79,HUN,0,0,LAW ENFORCEMENT, , , , , , , ,COURTLAND,02/23/2003,400, , , , ,"Water over road on county road 150.","",347
5347016,LAWRENCE CO.,HILLSBORO,02/22/2003,100,Flash Flood, , ,0,0,0,0,AL,CST, ,1148578,C,79,HUN,0,0,LAW ENFORCEMENT, , , , , , , ,HILLSBORO,02/23/2003,400, , , , ,"Water over road on county road 217.","",348
5347107,MORGAN CO.,DECATUR,02/22/2003,148,Flash Flood, , ,0,0,0,0,AL,CST, ,1148578,C,103,HUN,0,0,EMERGENCY MANAGER, , , , , , , ,DECATUR,02/23/2003,400, , , , ,"Three roads closed due to flood waters.","",349
5347108,MADISON CO.,OWENS XRDS,02/22/2003,200,Flash Flood, , ,0,0,0,0,AL,CST, ,1148579,C,89,HUN,0,0,EMERGENCY MANAGER, , , , , , , ,OWENS XRDS,02/22/2003,400, , , , ,"Lyons road and Piney woods road flooded.","",350
5347109,MADISON CO.,HAZEL GREEN,02/22/2003,240,Flash Flood, , ,0,0,0,0,AL,CST, ,1148579,C,89,HUN,0,0,EMERGENCY MANAGER, , , , , , , ,HAZEL GREEN,02/22/2003,400, , , , ,"Flood lane flooded.","",351
5347111,MADISON CO.,MOORES MILL,02/22/2003,240,Flash Flood, , ,0,0,0,0,AL,CST, ,1148579,C,89,HUN,0,0,EMERGENCY MANAGER, , , , , , , ,MOORES MILL,02/22/2003,400, , , , ,"Moores mill and Braves road flooded.","",352
5347110,MADISON CO.,HARVEST,02/22/2003,240,Flash Flood, , ,0,0,0,0,AL,CST, ,1148579,C,89,HUN,0,0,EMERGENCY MANAGER, , , , , , , ,HARVEST,02/22/2003,400, , , , ,"Fords chapel road flooded.","",353
5347112,LIMESTONE CO.,ATHENS,02/22/2003,245,Flash Flood, , ,0,0,0,0,AL,CST, ,1148579,C,83,HUN,0,0,LAW ENFORCEMENT, , , , , , , ,ATHENS,02/22/2003,400, , , , ,"Huntsville Browns Ferry road flooded.","",354
5347014,LIMESTONE CO.,ATHENS,02/22/2003,245,Flash Flood, , ,0,0,0,0,AL,CST, ,1148578,C,83,HUN,0,0,LAW ENFORCEMENT, , , , , , , ,ATHENS,02/23/2003,400, , , , ,"Water over road along Highway 251.","",355
5347113,MADISON CO.,HUNTSVILLE,02/22/2003,330,Flash Flood, , ,0,0,0,0,AL,CST, ,1148579,C,89,HUN,0,0,EMERGENCY MANAGER, , , , , , , ,HUNTSVILLE,02/22/2003,400, , , , ,"Numerous roads flooded in the county. Water covering roads at Highway 72 and Rockcut road.","",356
5347120,FRANKLIN CO.,RUSSELLVILLE,02/22/2003,358,Flash Flood, , ,0,0,0,0,AL,CST, ,1148579,C,59,HUN,0,0,EMERGENCY MANAGER, , , , , , , ,RUSSELLVILLE,02/22/2003,1000, , , , ,"County road 77 and Mud creek road with flash flooding.","",357
5340393,CHILTON CO.,JEMISON,02/22/2003,400,Flash Flood, , ,0,0,12000,0,AL,CST, ,1147151,C,21,BMX,0,0,NEWSPAPER, , , ,6,NW,6,NW,JEMISON,02/22/2003,600, , , , ,"County Road 46 was flooded as heavy rain fell in a short period of time. One vehicle was stranded in the high water and two occupants were rescued by the fire department.","",358
5347121,LAUDERDALE CO.,COUNTYWIDE,02/22/2003,450,Flash Flood, , ,0,0,0,0,AL,CST, ,1148579,C,77,HUN,0,0,EMERGENCY MANAGER, , , , , , , ,COUNTYWIDE,02/22/2003,1000, , , , ,"Numerous roads flooded countywide.","",359
5347117,JACKSON CO.,COUNTYWIDE,02/22/2003,500,Flash Flood, , ,0,0,0,0,AL,CST, ,1148579,C,71,HUN,0,0,LAW ENFORCEMENT, , , , , , , ,COUNTYWIDE,02/22/2003,1000, , , , ,"Numerous roads flooded countywide.","",360
5347602,DEKALB CO.,RAINSVILLE,02/22/2003,600,Flash Flood, , ,0,0,0,0,AL,CST, ,1148579,C,49,HUN,0,0,EMERGENCY MANAGER, , , , , , , ,RAINSVILLE,02/22/2003,1000, , , , ,"highway 35 flooded.","",361
5347603,DEKALB CO.,FT PAYNE,02/22/2003,600,Flash Flood, , ,0,0,0,0,AL,CST, ,1148579,C,49,HUN,0,0,EMERGENCY MANAGER, , , , , , , ,FT PAYNE,02/22/2003,1000, , , , ,"highway 35 flooded","",362
5347119,MORGAN CO.,DECATUR,02/22/2003,605,Flash Flood, , ,0,0,0,0,AL,CST, ,1148579,C,103,HUN,0,0,EMERGENCY MANAGER, , , , , , , ,DECATUR,02/22/2003,1000, , , , ,"Two streets flooded.","",363
5347114,LIMESTONE CO.,COUNTYWIDE,02/22/2003,645,Flash Flood, , ,0,0,0,0,AL,CST, ,1148579,C,83,HUN,0,0,LAW ENFORCEMENT, , , , , , , ,COUNTYWIDE,02/22/2003,1000, , , , ,"Numerous roads flooded and closed countywide.","",364
5347123,MADISON CO.,COUNTYWIDE,02/22/2003,645,Flash Flood, , ,0,0,0,0,AL,CST, ,1148579,C,89,HUN,0,0,EMERGENCY MANAGER, , , , , , , ,COUNTYWIDE,02/22/2003,1000, , , , ,"Numerous roads flooded county wide.","",365
5347601,MARSHALL CO.,COUNTYWIDE,02/22/2003,645,Flash Flood, , ,0,0,0,0,AL,CST, ,1148579,C,95,HUN,0,0,EMERGENCY MANAGER, , , , , , , ,COUNTYWIDE,02/22/2003,1000, , , , ,"numerous flooded roads countywide.","",366
5347122,LIMESTONE CO.,COUNTYWIDE,02/22/2003,645,Flash Flood, , ,0,0,0,0,AL,CST, ,1148579,C,83,HUN,0,0,EMERGENCY MANAGER, , , , , , , ,COUNTYWIDE,02/22/2003,1000, , , , ,"Numerous roads flooded and closed countywide.","",367
5347115,LAWRENCE CO.,COUNTYWIDE,02/22/2003,655,Flash Flood, , ,0,0,0,0,AL,CST, ,1148579,C,79,HUN,0,0,LAW ENFORCEMENT, , , , , , , ,COUNTYWIDE,02/22/2003,1000, , , , ,"Numerous roads flooded countywide.","",368
5347604,MORGAN CO.,DECATUR,02/22/2003,946,Flash Flood, , ,0,0,0,0,AL,CST, ,1148579,C,103,HUN,0,0,EMERGENCY MANAGER, , , , , , , ,DECATUR,02/22/2003,1600, , , , ,"Two streets flooded.","",369
5347610,JACKSON CO.,COUNTYWIDE,02/22/2003,946,Flash Flood, , ,0,0,0,0,AL,CST, ,1148579,C,71,HUN,0,0,EMERGENCY MANAGER, , , , , , , ,COUNTYWIDE,02/22/2003,1600, , , , ,"21 county roads with flooding occurring.","",370
5347609,MADISON CO.,COUNTYWIDE,02/22/2003,946,Flash Flood, , ,0,0,0,0,AL,CST, ,1148579,C,89,HUN,0,0,EMERGENCY MANAGER, , , , , , , ,COUNTYWIDE,02/22/2003,1600, , , , ,"Numerous roads flooded countywide.","",371
5347608,LIMESTONE CO.,ATHENS,02/22/2003,946,Flash Flood, , ,0,0,0,0,AL,CST, ,1148579,C,83,HUN,0,0,EMERGENCY MANAGER, , , , , , , ,ATHENS,02/22/2003,1600, , , , ,"Huntsville Browns ferry road flooded.","",372
5347607,LAUDERDALE CO.,COUNTYWIDE,02/22/2003,946,Flash Flood, , ,0,0,0,0,AL,CST, ,1148579,C,77,HUN,0,0,EMERGENCY MANAGER, , , , , , , ,COUNTYWIDE,02/22/2003,1600, , , , ,"Numerous roads flooded countywide.","",373
5347606,MARSHALL CO.,COUNTYWIDE,02/22/2003,946,Flash Flood, , ,0,0,0,0,AL,CST, ,1148579,C,95,HUN,0,0,EMERGENCY MANAGER, , , , , , , ,COUNTYWIDE,02/22/2003,1600, , , , ,"Numerous roads flooded countywide.","",374
5347605,FRANKLIN CO.,RUSSELLVILLE,02/22/2003,946,Flash Flood, , ,0,0,0,0,AL,CST, ,1148579,C,59,HUN,0,0,EMERGENCY MANAGER, , , ,3,E,3,E,RUSSELLVILLE,02/22/2003,1600, , , , ,"County road 77 flooded.","",375
5347611,COLBERT CO.,LEIGHTON,02/22/2003,950,Flash Flood, , ,0,0,0,0,AL,CST, ,1148579,C,33,HUN,0,0,EMERGENCY MANAGER, , , , , , , ,LEIGHTON,02/22/2003,1600, , , , ,"Sixth street flooded in Leighton.","",376
5347614,LAWRENCE CO.,COUNTYWIDE,02/22/2003,950,Flash Flood, , ,0,0,0,0,AL,CST, ,1148579,C,79,HUN,0,0,EMERGENCY MANAGER, , , , , , , ,COUNTYWIDE,02/22/2003,1600, , , , ,"Numerous roads flooded countywide.","",377
5347613,DEKALB CO.,FT PAYNE,02/22/2003,950,Flash Flood, , ,0,0,0,0,AL,CST, ,1148579,C,49,HUN,0,0,EMERGENCY MANAGER, , , , , , , ,FT PAYNE,02/22/2003,1600, , , , ,"Several streets flooded.","",378
5347612,DEKALB CO.,RAINSVILLE,02/22/2003,950,Flash Flood, , ,0,0,0,0,AL,CST, ,1148579,C,49,HUN,0,0,EMERGENCY MANAGER, , , , , , , ,RAINSVILLE,02/22/2003,1600, , , , ,"Several streets flooded.","",379
5348079,BLOUNT CO.,COUNTYWIDE,03/06/2003,230,Flash Flood, , ,0,0,8000,0,AL,CST, ,1149034,C,9,BMX,0,0,EMERGENCY MANAGER, , , , , , , ,COUNTYWIDE,03/06/2003,330, , , , ,"Several roadways across the county were temporarily impassable because of flooding conditions.  Some roads that were flooded include CR 42 at Murphys Valley,  Center Springs Road near Locust Fork,  Highway 79 in Cleveland,  CR 1 in Cleveland,  House Road in Oneonta,  and Sibleyville Road in Hayden.","",380
5350453,JACKSON CO.,FLAT ROCK,03/19/2003,1400,Flash Flood, , ,0,0,0,0,AL,CST, ,1149763,C,71,HUN,0,0,EMERGENCY MANAGER, , , , , , , ,FLAT ROCK,03/19/2003,1430, , , , ,"Several inches of water over road.","",381
5354423,SUMTER CO.,COUNTYWIDE,04/07/2003,300,Flash Flood, , ,1,0,100000,0,AL,CST, ,1150723,C,119,BMX,0,0,EMERGENCY MANAGER, , , , , , , ,COUNTYWIDE,04/07/2003,900, , , , ,"Numerous roads were flooded across the county and closed for several hours.  Water topped several bridges along Yellow Creek near Cuba.   A 68 year old woman was killed as her car was swept off US 11 near Livingston. A few homes received minor flooding.","Showers and thunderstorms stretched west to east across south central Alabama.  Several heavy rain producing storms traversed the same locations from just before sunrise into the early afternoon hours.  Eleven counties were affected by the flooding and one woman was killed in Sumter County.  National Weather Service Doppler Radar estimated the event totals from 3 to 8 inches with isolated higher amounts,  the heaviest occurring across central Sumter County.  A few locations experienced rainfall rates as high as three inches per hour.",382
5354429,GREENE CO.,COUNTYWIDE,04/07/2003,500,Flash Flood, , ,0,0,10000,0,AL,CST, ,1150723,C,63,BMX,0,0,LAW ENFORCEMENT, , , , , , , ,COUNTYWIDE,04/07/2003,800, , , , ,"Numerous county roadways were impassable due to high water.","Showers and thunderstorms stretched west to east across south central Alabama.  Several heavy rain producing storms traversed the same locations from just before sunrise into the early afternoon hours.  Eleven counties were affected by the flooding and one woman was killed in Sumter County.  National Weather Service Doppler Radar estimated the event totals from 3 to 8 inches with isolated higher amounts,  the heaviest occurring across central Sumter County.  A few locations experienced rainfall rates as high as three inches per hour.",383
5353715,HALE CO.,COUNTYWIDE,04/07/2003,500,Flash Flood, , ,0,0,12000,0,AL,CST, ,1150723,C,65,BMX,0,0,LAW ENFORCEMENT, , , , , , , ,COUNTYWIDE,04/07/2003,800, , , , ,"Several county roads were temporarily impassable due to flooding.  US 80 was closed across southern Hale County due to high water.","Showers and thunderstorms stretched west to east across south central Alabama.  Several heavy rain producing storms traversed the same locations from just before sunrise into the early afternoon hours.  Eleven counties were affected by the flooding and one woman was killed in Sumter County.  National Weather Service Doppler Radar estimated the event totals from 3 to 8 inches with isolated higher amounts,  the heaviest occurring across central Sumter County.  A few locations experienced rainfall rates as high as three inches per hour.",384
5354427,DALLAS CO.,COUNTYWIDE,04/07/2003,700,Flash Flood, , ,0,0,25000,0,AL,CST, ,1150723,C,47,BMX,0,0,EMERGENCY MANAGER, , , , , , , ,COUNTYWIDE,04/07/2003,930, , , , ,"Several roads across the county were flooded.  US 80 was temporarily closed due to high water over the road.","Showers and thunderstorms stretched west to east across south central Alabama.  Several heavy rain producing storms traversed the same locations from just before sunrise into the early afternoon hours.  Eleven counties were affected by the flooding and one woman was killed in Sumter County.  National Weather Service Doppler Radar estimated the event totals from 3 to 8 inches with isolated higher amounts,  the heaviest occurring across central Sumter County.  A few locations experienced rainfall rates as high as three inches per hour.",385
5354428,MARENGO CO.,COUNTYWIDE,04/07/2003,700,Flash Flood, , ,0,0,50000,0,AL,CST, ,1150723,C,91,BMX,0,0,EMERGENCY MANAGER, , , , , , , ,COUNTYWIDE,04/07/2003,900, , , , ,"Several roads were flooded across the county.  US 80 was closed temporarily in Marengo County due to high water.  At least one car was swept off SR 28 near Jefferson.  No injuries were reported.","Showers and thunderstorms stretched west to east across south central Alabama.  Several heavy rain producing storms traversed the same locations from just before sunrise into the early afternoon hours.  Eleven counties were affected by the flooding and one woman was killed in Sumter County.  National Weather Service Doppler Radar estimated the event totals from 3 to 8 inches with isolated higher amounts,  the heaviest occurring across central Sumter County.  A few locations experienced rainfall rates as high as three inches per hour.",386
5354425,AUTAUGA CO.,COUNTYWIDE,04/07/2003,730,Flash Flood, , ,0,0,50000,0,AL,CST, ,1150723,C,1,BMX,0,0,EMERGENCY MANAGER, , , , , , , ,COUNTYWIDE,04/07/2003,1200, , , , ,"Several roads throughout the county were temporarily impassable because of water over the roadways. Several area creeks and streams flowed well out of their banks.  One church on CR 29 sustained moderate damage from flooding.","Showers and thunderstorms stretched west to east across south central Alabama.  Several heavy rain producing storms traversed the same locations from just before sunrise into the early afternoon hours.  Eleven counties were affected by the flooding and one woman was killed in Sumter County.  National Weather Service Doppler Radar estimated the event totals from 3 to 8 inches with isolated higher amounts,  the heaviest occurring across central Sumter County.  A few locations experienced rainfall rates as high as three inches per hour.",387
5353716,CHAMBERS CO.,COUNTYWIDE,04/07/2003,800,Flash Flood, , ,0,0,25000,0,AL,CST, ,1150723,C,17,BMX,0,0,EMERGENCY MANAGER, , , , , , , ,COUNTYWIDE,04/07/2003,1200, , , , ,"Flooding was reported on roadways across the entire county.","Showers and thunderstorms stretched west to east across south central Alabama.  Several heavy rain producing storms traversed the same locations from just before sunrise into the early afternoon hours.  Eleven counties were affected by the flooding and one woman was killed in Sumter County.  National Weather Service Doppler Radar estimated the event totals from 3 to 8 inches with isolated higher amounts,  the heaviest occurring across central Sumter County.  A few locations experienced rainfall rates as high as three inches per hour.",388
5354424,ELMORE CO.,COUNTYWIDE,04/07/2003,800,Flash Flood, , ,0,0,80000,0,AL,CST, ,1150723,C,51,BMX,0,0,NEWSPAPER, , , , , , , ,COUNTYWIDE,04/07/2003,1200, , , , ,"Several roads across the county were temporarily closed due to high water.  A few of the roads had sections washed away.","Showers and thunderstorms stretched west to east across south central Alabama.  Several heavy rain producing storms traversed the same locations from just before sunrise into the early afternoon hours.  Eleven counties were affected by the flooding and one woman was killed in Sumter County.  National Weather Service Doppler Radar estimated the event totals from 3 to 8 inches with isolated higher amounts,  the heaviest occurring across central Sumter County.  A few locations experienced rainfall rates as high as three inches per hour.",389
5354426,MONTGOMERY CO.,COUNTYWIDE,04/07/2003,800,Flash Flood, , ,0,0,60000,0,AL,CST, ,1150723,C,101,BMX,0,0,NEWSPAPER, , , , , , , ,COUNTYWIDE,04/07/2003,1200, , , , ,"Numerous roads across the county were temporarily impassable due to high water. Several roads were flooded in downtown Montgomery.","Showers and thunderstorms stretched west to east across south central Alabama.  Several heavy rain producing storms traversed the same locations from just before sunrise into the early afternoon hours.  Eleven counties were affected by the flooding and one woman was killed in Sumter County.  National Weather Service Doppler Radar estimated the event totals from 3 to 8 inches with isolated higher amounts,  the heaviest occurring across central Sumter County.  A few locations experienced rainfall rates as high as three inches per hour.",390
5353790,MACON CO.,COUNTYWIDE,04/07/2003,900,Flash Flood, , ,0,0,10000,0,AL,CST, ,1150723,C,87,BMX,0,0,LAW ENFORCEMENT, , , , , , , ,COUNTYWIDE,04/07/2003,1200, , , , ,"Several roads were temporarily impassable especially in and around Tuskegee.","Showers and thunderstorms stretched west to east across south central Alabama.  Several heavy rain producing storms traversed the same locations from just before sunrise into the early afternoon hours.  Eleven counties were affected by the flooding and one woman was killed in Sumter County.  National Weather Service Doppler Radar estimated the event totals from 3 to 8 inches with isolated higher amounts,  the heaviest occurring across central Sumter County.  A few locations experienced rainfall rates as high as three inches per hour.",391
5353791,LOWNDES CO.,COUNTYWIDE,04/07/2003,900,Flash Flood, , ,0,0,20000,0,AL,CST, ,1150723,C,85,BMX,0,0,LAW ENFORCEMENT, , , , , , , ,COUNTYWIDE,04/07/2003,1200, , , , ,"Several roads were flooded especially in and around Hayneville.","Showers and thunderstorms stretched west to east across south central Alabama.  Several heavy rain producing storms traversed the same locations from just before sunrise into the early afternoon hours.  Eleven counties were affected by the flooding and one woman was killed in Sumter County.  National Weather Service Doppler Radar estimated the event totals from 3 to 8 inches with isolated higher amounts,  the heaviest occurring across central Sumter County.  A few locations experienced rainfall rates as high as three inches per hour.",392
5350398,BALDWIN CO.,CENTRAL PORTION,04/07/2003,1630,Flash Flood, , ,0,0,0,0,AL,CST, ,1150065,C,3,MOB,0,0,EMERGENCY MANAGER, , , , , , , ,CENTRAL PORTION,04/07/2003,1730, , , , ,"Heavy rains from slow moving thunderstorms caused water to pond on several streets across the central part of the county.  Several streets around the Bay Minette area had to be closed for about an hour due to high water.   The water quickly drained when the thunderstorms moved out of the area.  Rainfall estimates were between three and five inches across the area.","",393
5354170,SUMTER CO.,COUNTYWIDE,04/24/2003,2300,Flash Flood, , ,0,0,25000,0,AL,CST, ,1150731,C,119,BMX,0,0,EMERGENCY MANAGER, , , , , , , ,COUNTYWIDE,04/25/2003,400, , , , ,"Numerous roads were flooded across the county.","",394
5361595,JEFFERSON CO.,COUNTYWIDE,05/05/2003,2030,Flash Flood, , ,0,0,25000,0,AL,CST, ,1153618,C,73,BMX,0,0,EMERGENCY MANAGER, , , , , , , ,COUNTYWIDE,05/05/2003,2345, , , , ,"Several locations in the Birmingham metropolitan area were flooded from very heavy rainfall.  Five Mile Creek rose out of its bank.","",395
5361596,ST. CLAIR CO.,COUNTYWIDE,05/05/2003,2130,Flash Flood, , ,0,0,25000,0,AL,CST, ,1153619,C,115,BMX,0,0,EMERGENCY MANAGER, , , , , , , ,COUNTYWIDE,05/06/2003,30, , , , ,"Numerous roadways and bridges were temporarily impassable due to high water.  Many areas reported flooding from near Argo to near Riverside. At least 4000 customers were temporarily without power during the height of the storm.","",396
5361597,BLOUNT CO.,ONEONTA,05/05/2003,2130,Flash Flood, , ,0,0,10000,0,AL,CST, ,1153620,C,9,BMX,0,0,EMERGENCY MANAGER, , , , , , , ,ONEONTA,05/05/2003,2345, , , , ,"Several roads in Oneonta were flooded and temporarily impassable.","",397
5361594,CALHOUN CO.,COUNTYWIDE,05/05/2003,2230,Flash Flood, , ,0,0,45000,0,AL,CST, ,1153617,C,15,BMX,0,0,NEWSPAPER, , , , , , , ,COUNTYWIDE,05/06/2003,30, , , , ,"Heavy rain in a short period of time produced flooding across Calhoun County.  Several roads were temporarily impassable due to high water.  One bridge was flooded.  One mobile home was flooded.  The storms knocked out power to an estimated 8,000 customers.  Snow Creek rose above bank full and flooded a few vehicles.  The Ohatchee Youth Sports Facility was flooded causing extensive damage.","",398
5364855,JACKSON CO.,WOODVILLE,05/06/2003,310,Flash Flood, , ,0,0,0,0,AL,CST, ,1154621,C,71,HUN,0,0,LAW ENFORCEMENT, , , , , , , ,WOODVILLE,05/06/2003,530, , , , ,"flooding reported along highway 72.","",399
5364861,LAUDERDALE CO.,COUNTYWIDE,05/06/2003,629,Flash Flood, , ,0,0,350000,0,AL,CST, ,1154621,C,77,HUN,0,0,AMATEUR RADIO, , , , , , , ,COUNTYWIDE,05/06/2003,1000, , , , ,"widespread flash flooding occurred throughout the county. florence sustained extensive flooding","",400
5364864,MADISON CO.,COUNTYWIDE,05/06/2003,830,Flash Flood, , ,0,0,1500000,0,AL,CST, ,1154621,C,89,HUN,0,0,EMERGENCY MANAGER, , , , , , , ,COUNTYWIDE,05/06/2003,1300, , , , ,"extensive flooding across county with around 200 homes and businesses sustaining extensive flood damage.","",401
5365177,DEKALB CO.,COUNTYWIDE,05/06/2003,930,Flash Flood, , ,0,0,1900000,0,AL,CST, ,1154621,C,49,HUN,0,0,EMERGENCY MANAGER, , , , , , , ,COUNTYWIDE,05/06/2003,1500, , , , ,"extensive flooding across county with 50 homes, 12 businesses and other municipalities with significant flood damage.","",402
5365174,JACKSON CO.,COUNTYWIDE,05/06/2003,933,Flash Flood, , ,0,0,1200000,0,AL,CST, ,1154621,C,71,HUN,0,0,EMERGENCY MANAGER, , , , , , , ,COUNTYWIDE,05/06/2003,1300, , , , ,"extensive flooding across county with over 200 homes and businesses receiving significant flood damage.","",403
5365245,MARSHALL CO.,COUNTYWIDE,05/06/2003,1000,Flash Flood, , ,0,0,250000,0,AL,CST, ,1154621,C,95,HUN,0,0,EMERGENCY MANAGER, , , , , , , ,COUNTYWIDE,05/06/2003,1600, , , , ,"five homes and businesses sustained flood damage in county with widespread flooding occurring county wide.","",404
5365244,COLBERT CO.,COUNTYWIDE,05/06/2003,1010,Flash Flood, , ,0,0,500000,0,AL,CST, ,1154621,C,33,HUN,0,0,EMERGENCY MANAGER, , , , , , , ,COUNTYWIDE,05/06/2003,1700, , , , ,"extensive flooding county wide with 10 homes and businesses with flood damage.","",405
5361103,CHEROKEE CO.,COUNTYWIDE,05/06/2003,1030,Flash Flood, , ,0,0,25000,0,AL,CST, ,1153633,C,19,BMX,0,0,EMERGENCY MANAGER, , , , , , , ,COUNTYWIDE,05/06/2003,1230, , , , ,"Several roads were flooded around Gaylesville and Broonsville. Most county roads north of Centre were temporarily impassable.","",406
5365178,LAUDERDALE CO.,ANDERSON,05/06/2003,1444,Flash Flood, , ,0,0,0,0,AL,CST, ,1154621,C,77,HUN,0,0,EMERGENCY MANAGER, , , , , , , ,ANDERSON,05/06/2003,1600, , , , ,"county road 50 closed due to high flood waters.","",407
5365179,LAUDERDALE CO.,FLORENCE,05/06/2003,1510,Flash Flood, , ,0,0,0,0,AL,CST, ,1154621,C,77,HUN,0,0,EMERGENCY MANAGER, , , , , , , ,FLORENCE,05/06/2003,1700, , , , ,"25 food deep by 30 foot wide section of river mont road washed away.","",408
5365181,JACKSON CO.,LIM ROCK,05/06/2003,1510,Flash Flood, , ,0,0,0,0,AL,CST, ,1154621,C,71,HUN,0,0,EMERGENCY MANAGER, , , , , , , ,LIM ROCK,05/06/2003,1730, , , , ,"county road 35 with several inches of water over road.","",409
5365180,LAUDERDALE CO.,ROGERSVILLE,05/06/2003,1510,Flash Flood, , ,0,0,0,0,AL,CST, ,1154621,C,77,HUN,0,0,EMERGENCY MANAGER, , , , , , , ,ROGERSVILLE,05/06/2003,1700, , , , ,"foundation of county road bridge 562 washed out and bridge damaged.","",410
5365248,LAWRENCE CO.,MOULTON,05/06/2003,2125,Flash Flood, , ,0,0,0,0,AL,CST, ,1154621,C,79,HUN,0,0,EMERGENCY MANAGER, , , , , , , ,MOULTON,05/06/2003,2300, , , , ,"numerous county roads flooded .","",411
5360590,WALKER CO.,COUNTYWIDE,05/07/2003,1330,Flash Flood, , ,0,0,300000,0,AL,CST, ,1153702,C,127,BMX,0,0,EMERGENCY MANAGER, , , , , , , ,COUNTYWIDE,05/07/2003,1530, , , , ,"Torrential rain fell in a short period of time across Walker County.  Several roads were flooded and temporarily impassable.  At least one bridge was washed away.  A 200-foot section of Segco Road in Parrish collapsed and washed away.  Several homes and businesses in and around Jasper were damaged by high water.","",412
5360652,ST. CLAIR CO.,COUNTYWIDE,05/07/2003,1400,Flash Flood, , ,0,0,1000000,0,AL,CST, ,1153719,C,115,BMX,0,0,NEWSPAPER, , , , , , , ,COUNTYWIDE,05/08/2003,500, , , , ,"Numerous roads were flooded and temporarily closed due to high water.  Especially hard hit was the city of Pell City where City Hall was flooded and power was out for over 24 hours.  Several mobile homes and homes were destroyed by the flooding.  Numerous swift water rescues were performed in the Cook Springs and Prescott areas.  Several stores were flooded in Moody along Moody Parkway.  Many municipal buildings in Moody were also flooded.  Several businesses were flooded in Springville and Odenville.  Several cattle were killed by a lightning strike during the storms.  Also, at least 7000 customers were without power for several hours as the storms repeatedly moved through the area.","",413
5360653,TALLADEGA CO.,COUNTYWIDE,05/07/2003,1500,Flash Flood, , ,0,0,300000,0,AL,CST, ,1153720,C,121,BMX,0,0,EMERGENCY MANAGER, , , , , , , ,COUNTYWIDE,05/08/2003,700, , , , ,"Very heavy rainfall in a short period of time caused extensive flooding across Talladega County.  Flooding occurred in most every location from near Lincoln to near Sylacauga. Numerous roads countywide were closed for several hours. At the height of the storms, approximately 5000 customers were without power.  Talladega Creek overflowed its banks and destroyed several mobile homes. The flash flooding episode eventually transitioned into a river flood event that lasted a few weeks.","",414
5360713,JEFFERSON CO.,COUNTYWIDE,05/07/2003,1545,Flash Flood, , ,0,0,1000000000,0,AL,CST, ,1153727,C,73,BMX,0,0,NEWSPAPER, , , , , , , ,COUNTYWIDE,05/08/2003,500, , , , ,"Significant flooding occurred throughout Jefferson County.  Doppler radar estimated up to 12 inches of rain fell across the county in a few hours,  with 5 to 8 inches of the total occurring in just one hour.  Especially hard hit were Leeds,  Brookside,  Cardiff,  Fultondale,  Trussville and Birmingham.  Numerous homes across the county were flooded.  At least 120 roadways were impassable.  Several sewage treatment plants were flooded and minor contamination occurred.  Several roadways had pavement removed and then washed away.  Several bridges were damaged. Two Birmingham schools were damaged from flooding.   All the roadways in Leeds and in Brookside were impassable.  Seventy four mobile homes were damaged in the Irondale Trailer Park.  Trussville reported that many municipal buildings,  police cars,  fire trucks,  utility trucks,  and businesses were damaged. YMCA's Camp Coleman in Trussville had a mudslide that blocked the entrance to the camp. Several bridges in the complex were damaged.  Brookside reported that the city hall and fire department were heavily damaged from the flood waters.  Several area creeks rose to near record levels.  These creeks include Village Creek, Five Mile Creek, and Turkey Creek.  Fast moving water inundated a private school in Birmingham where children were evacuated. Thirteen semi-trailers were washed downstream as Five Mile Creek overflowed.  The water rose higher than the gage itself.  In Graysville, 10 people were rescued from their flooded vehicles and 20 homes were evacuated.  In Fultondale, almost one million dollars of damage occurred to city services.  At least 25 homes and businesses were damaged in Fultondale.  Black Creek Park suffered significant damage to walking trails and ball fields.  In Leeds,  all the roads downtown were temporarily impassable at one point and subsequently closed.  Leeds High School was damaged.  In Gardendale,  several homes were flooded and a bridge was washed out.  In Warrior,  a few homes were flooded and many roads were temporarily impassable.  City Hall suffered minor damage.  In Morris, one manufacturing plant was flooded.  The Town Hall was struck by lightning which caused significant damage to all the electrical systems in the building.  Numerous roads were flooded in Kimberly.","",415
5360777,CHEROKEE CO.,COUNTYWIDE,05/07/2003,1600,Flash Flood, , ,0,0,150000,0,AL,CST, ,1153733,C,19,BMX,0,0,NEWSPAPER, , , , , , , ,COUNTYWIDE,05/08/2003,0, , , , ,"Numerous roads across the county were temporarily impassable due to high water. Many remained closed for several hours. Some towns that reported flooding included Broomtown, Gaylesville, Cedar Bluff, and Leesburg.","",416
5360717,CLEBURNE CO.,COUNTYWIDE,05/07/2003,1600,Flash Flood, , ,0,0,250000,0,AL,CST, ,1153730,C,29,BMX,0,0,NEWSPAPER, , , , , , , ,COUNTYWIDE,05/08/2003,300, , , , ,"Thirty to forty roads were flooded and impassable for at least 10 hours. The hardest hit areas were along the Cleburne and Randolph County line in extreme southern Cleburne County. A mudslide occurred on SR 9 near Heflin.","",417
5360716,RANDOLPH CO.,COUNTYWIDE,05/07/2003,1600,Flash Flood, , ,0,0,75000,0,AL,CST, ,1153729,C,111,BMX,0,0,NEWSPAPER, , , , , , , ,COUNTYWIDE,05/08/2003,300, , , , ,"Several roads and bridges across the county were flooded.","",418
5360719,CALHOUN CO.,COUNTYWIDE,05/07/2003,1600,Flash Flood, , ,0,0,700000,0,AL,CST, ,1153732,C,15,BMX,0,0,NEWSPAPER, , , , , , , ,COUNTYWIDE,05/08/2003,300, , , , ,"","Several roads across the county were flooded and impassable.  Ohatchee City Park was flooded and damage occurred to the ball fields.  Oxford Lake also had some damaged ball fields.  Numerous homes and businesses in Hobson City were damaged by flood waters. Oxford Fire Department rescued several individuals using boats. Three structures were struck by lightning, one in Hobson City and two in Anniston. Each resulted in a fire that produced varying degrees of damage.",419
5360718,BLOUNT CO.,COUNTYWIDE,05/07/2003,1600,Flash Flood, , ,0,0,50000,0,AL,CST, ,1153731,C,9,BMX,0,0,NEWSPAPER, , , , , , , ,COUNTYWIDE,05/09/2003,0, , , , ,"Very heavy rain in a short period of time caused significant flooding across Blount County.  Blount County Emergency Management Agency estimated 9 to 10 inches of rain fell across mainly southern sections of the county in several hours. The Pine Mountain area was the hardest hit. Several roads were flooded and many had sections washed away. The fire station was also flooded.","",420
5360714,CLAY CO.,COUNTYWIDE,05/07/2003,1600,Flash Flood, , ,0,0,700000,100000,AL,CST, ,1153728,C,27,BMX,0,0,NEWSPAPER, , , , , , , ,COUNTYWIDE,05/08/2003,500, , , , ,"","Numerous roads across the county were flooded and impassable for many hours.  Numerous bridges and road sections were washed away.  Lineville's City Park sustained significant damage from the flood waters. One home was struck by lightning during the storms near Ashland. A subsequent fire caused major damage to the home.  Many chickens and cattle were killed.",421
5360712,CLEBURNE CO.,HEFLIN,05/08/2003,1530,Flash Flood, , ,0,1,8000,0,AL,CST, ,1153726,C,29,BMX,0,0,NEWSPAPER, , , ,7,SSW,7,SSW,HEFLIN,05/08/2003,1700, , , , ,"Cleburne County Emergency Medical Service personnel along with volunteer firemen from Hollis, Heflin, and Micaville and an Alabama State Trooper worked to rescue an unidentified male after the car he attempted to drive trough floodwaters was washed into a ditch and almost submerged.  The man attempted to drive through floodwaters from the Tallapoosa River covering a portion of CR 36 when the swift current pushed the car into a ditch where it caught on some trees.","",422
5365255,LAUDERDALE CO.,FLORENCE,05/11/2003,330,Flash Flood, , ,0,0,0,0,AL,CST, ,1154622,C,77,HUN,0,0,EMERGENCY MANAGER, , , , , , , ,FLORENCE,05/11/2003,600, , , , ,"highway 72 had several inches of water over road.","",423
5363876,CULLMAN CO.,GARDEN CITY,05/16/2003,1545,Flash Flood, , ,0,0,0,0,AL,CST, ,1154623,C,43,HUN,0,0,EMERGENCY MANAGER, , , , , , , ,GARDEN CITY,05/16/2003,1700, , , , ,"highway 31 had several inches of water over road.","",424
5361399,JEFFERSON CO.,COUNTYWIDE,05/16/2003,1550,Flash Flood, , ,0,0,95000,0,AL,CST, ,1153643,C,73,BMX,0,0,NEWSPAPER, , , , , , , ,COUNTYWIDE,05/16/2003,1700, , , , ,"Several buildings were flooded in downtown Pinson.  Street flooding occurred in Tarrant City,  Roebuck,  and Pleasant Grove. A mobile home park in Pinson suffered significant flooding for the second time in a few weeks time. No injuries were reported.","",425
5363877,LAWRENCE CO.,MOULTON,05/16/2003,1555,Flash Flood, , ,0,0,0,0,AL,CST, ,1154623,C,79,HUN,0,0,EMERGENCY MANAGER, , , , , , , ,MOULTON,05/16/2003,1700, , , , ,"highway 59 had several inches of water over road.","",426
5361410,TALLADEGA CO.,COUNTYWIDE,05/16/2003,1800,Flash Flood, , ,0,0,15000,0,AL,CST, ,1153654,C,121,BMX,0,0,EMERGENCY MANAGER, , , , , , , ,COUNTYWIDE,05/16/2003,1900, , , , ,"Numerous roads across the county were temporarily closed due to high water.","",427
5363882,COLBERT CO.,SPRING VLY,05/17/2003,955,Flash Flood, , ,0,0,0,0,AL,CST, ,1154624,C,33,HUN,0,0,EMERGENCY MANAGER, , , , , , , ,SPRING VLY,05/17/2003,1100, , , , ,"county road washed out with two feet of water covering road.","",428
5360550,LAMAR CO.,VERNON,05/17/2003,1700,Flash Flood, , ,0,0,3000,0,AL,CST, ,1153668,C,75,BMX,0,0,EMERGENCY MANAGER, , , , , , , ,VERNON,05/17/2003,1800, , , , ,"Water covered SR 18 in Vernon making the highway temporarily impassable.","",429
5360554,CHEROKEE CO.,CENTRE,05/17/2003,2140,Flash Flood, , ,0,0,8000,0,AL,CST, ,1153672,C,19,BMX,0,0,EMERGENCY MANAGER, , , , , , , ,CENTRE,05/17/2003,2215, , , , ,"US 411 was flooded and temporarily impassable near Centre.","",430
5358155,BALDWIN CO.,CENTRAL PORTION,05/18/2003,550,Flash Flood, , ,0,0,500000,0,AL,CST, ,1151967,C,3,MOB,0,0,EMERGENCY MANAGER, , , , , , , ,CENTRAL PORTION,05/18/2003,1600, , , , ,"Excessive rainfall occurred over a 12 hour period, with radar estimating rainfall totals of 11 to 15 inches..  This produced flooding from Bay Minette to Spanish Fort to Daphne.   Bay Minette had eleven homes flooded, and several homes were also flooded in the Daphne area.   Several roads were closed, and a few bridges were washed out.  The bridge washouts forced residents to take long detours for several weeks, until the bridges were rebuilt.","",431
5358156,MOBILE CO.,SOUTH PORTION,05/18/2003,550,Flash Flood, , ,0,0,0,0,AL,CST, ,1151968,C,97,MOB,0,0,LAW ENFORCEMENT, , , , , , , ,SOUTH PORTION,05/18/2003,900, , , , ,"Eight to ten inches of rainfall was estimated by radar across the south portion of Mobile county over a six hour period.  Heaviest rains occurred between Seven Hills and Grand Bay.  Several roads in the area had to be closed for a few hours due to high waters.  After the rains ended, the roadways quickly drained.","",432
5361194,JEFFERSON CO.,COUNTYWIDE,05/18/2003,800,Flash Flood, , ,0,0,17000,0,AL,CST, ,1153679,C,73,BMX,0,0,EMERGENCY MANAGER, , , , , , , ,COUNTYWIDE,05/18/2003,1100, , , , ,"A few creeks and streams flooded across Jefferson County.  This caused several roads to become temporarily impassable.","",433
5358414,MOBILE CO.,SOUTH PORTION,05/18/2003,1000,Flash Flood, , ,0,0,0,0,AL,CST, ,1151970,C,97,MOB,0,0,LAW ENFORCEMENT, , , , , , , ,SOUTH PORTION,05/18/2003,1030, , , , ,"Heavy rainfall again developed and caused temporary additional flooding of some secondary roads.","",434
5361193,CALHOUN CO.,COUNTYWIDE,05/18/2003,1017,Flash Flood, , ,0,0,10000,0,AL,CST, ,1153678,C,15,BMX,0,0,EMERGENCY MANAGER, , , , , , , ,COUNTYWIDE,05/18/2003,1217, , , , ,"Water covered several roads across the county making the roads temporarily impassable.  The most impacted area was around Anniston.","",435
5361192,CLAY CO.,COUNTYWIDE,05/18/2003,1200,Flash Flood, , ,0,0,8000,0,AL,CST, ,1153677,C,27,BMX,0,0,EMERGENCY MANAGER, , , , , , , ,COUNTYWIDE,05/18/2003,1400, , , , ,"Several roads across the county were temporarily impassable and flooded.","",436
5358507,BALDWIN CO.,CENTRAL PORTION,05/19/2003,500,Flash Flood, , ,0,0,0,0,AL,CST, ,1151977,C,3,MOB,0,0,EMERGENCY MANAGER, , , , , , , ,CENTRAL PORTION,05/19/2003,700, , , , ,"Heavy rains from slow moving thunderstorms again moved across the same area that had flooded streets on May 18.  Several streets had to again be temporarily closed due to high water.  The roads became passable after the thunderstorms had moved south of the area.  Radar estimated that 3 to 5 inches of rain fell from the thunderstorms during a three hour period.","",437
5369804,BALDWIN CO.,CENTRAL PORTION,06/06/2003,1340,Flash Flood, , ,0,0,0,0,AL,CST, ,1156556,C,3,MOB,0,0,EMERGENCY MANAGER, , , , , , , ,CENTRAL PORTION,06/06/2003,1800, , , , ,"Heavy rains from slow moving thunderstorms caused street flooding between Foley and Bay Minette.  Several streets had to be closed for a couple of hours due to high water.","",438
5369803,MOBILE CO.,MOBILE,06/06/2003,1445,Flash Flood, , ,0,0,0,0,AL,CST, ,1156555,C,97,MOB,0,0,EMERGENCY MANAGER, , , , , , , ,MOBILE,06/06/2003,1600, , , , ,"Heavy rains from slow moving thunderstorms caused street flooding in downtown Mobile.  Estimates of five to eight inches of rainfall in a three hour period were reported.  Several streets in the downtown area had to be closed due to high water.  The roads quickly drained after the storms had moved out of the area.","",439
5369805,ESCAMBIA CO.,WEST CENTRAL PORTION,06/06/2003,1700,Flash Flood, , ,0,0,0,0,AL,CST, ,1156557,C,53,MOB,0,0,LAW ENFORCEMENT, , , , , , , ,WEST CENTRAL PORTION,06/06/2003,1745, , , , ,"Heavy rainfall caused several streets to flood around Atmore.  Rainfall estimates of about four inches in a two hour period caused the flooding.  Several streets had to be closed for about an hour due to high water.","",440
5369651,MONTGOMERY CO.,MONTGOMERY,06/15/2003,1500,Flash Flood, , ,0,0,30000,0,AL,CST, ,1156535,C,101,BMX,0,0,NEWSPAPER, , , , , , , ,MONTGOMERY,06/15/2003,1520, , , , ,"Several inches of rain in a short period of time caused flooding on the east side of Montgomery.  Several roads were temporarily impassable and a few automobiles were stranded in the high water.","",441
5363809,COLBERT CO.,TUSCUMBIA,06/17/2003,1326,Flash Flood, , ,0,0,0,0,AL,CST, ,1154629,C,33,HUN,0,0,EMERGENCY MANAGER, , , , , , , ,TUSCUMBIA,06/17/2003,1500, , , , ,"two streets with several inches of water over road.","",442
5363811,COLBERT CO.,TUSCUMBIA,06/17/2003,1340,Flash Flood, , ,0,0,0,0,AL,CST, ,1154629,C,33,HUN,0,0,EMERGENCY MANAGER, , , ,2,S,2,S,TUSCUMBIA,06/17/2003,1500, , , , ,"flash flooding with several inches of water over frankfort road.","",443
5363815,DEKALB CO.,MENTONE,06/17/2003,1500,Flash Flood, , ,0,0,0,0,AL,CST, ,1154629,C,49,HUN,0,0,EMERGENCY MANAGER, , , , , , , ,MENTONE,06/17/2003,1700, , , , ,"several inches of water over road.","",444
5363818,DEKALB CO.,FYFFE,06/17/2003,1540,Flash Flood, , ,0,0,0,0,AL,CST, ,1154629,C,49,HUN,0,0,LAW ENFORCEMENT, , , , , , , ,FYFFE,06/17/2003,1700, , , , ,"flash flooding with culvert washed out on county road 61.","",445
5363816,FRANKLIN CO.,ISBELL,06/17/2003,1555,Flash Flood, , ,0,0,0,0,AL,CST, ,1154629,C,59,HUN,0,0,LAW ENFORCEMENT, , , ,2,W,2,W,ISBELL,06/17/2003,1800, , , , ,"several inches of water over county road 61.","",446
5363817,MARSHALL CO.,DOUGLAS,06/17/2003,1600,Flash Flood, , ,0,0,0,0,AL,CST, ,1154629,C,95,HUN,0,0,EMERGENCY MANAGER, , , , , , , ,DOUGLAS,06/17/2003,1800, , , , ,"flash flooding with water over horton road.","",447
5363819,FRANKLIN CO.,ISBELL,06/17/2003,1630,Flash Flood, , ,0,0,0,0,AL,CST, ,1154629,C,59,HUN,0,0,LAW ENFORCEMENT, , , , , , , ,ISBELL,06/17/2003,1800, , , , ,"flash flooding with water over county road 64.","",448
5369727,JEFFERSON CO.,HOOVER,06/17/2003,1630,Flash Flood, , ,0,0,40000,0,AL,CST, ,1156539,C,73,BMX,0,0,NWS EMPLOYEE(OFF DUTY), , , , , , , ,HOOVER,06/17/2003,1800, , , , ,"Radar estimated up to two inches of rain in 40 minutes in the Bluff Park area of Hoover. Several roads were flooded and were temporarily impassable.","",449
5369729,SHELBY CO.,PELHAM,06/17/2003,1645,Flash Flood, , ,0,0,400000,0,AL,CST, ,1156541,C,117,BMX,0,0,BROADCAST MEDIA, , , , , , , ,PELHAM,06/17/2003,1800, , , , ,"Radar estimated rain was falling at a rate up to 3 inches an hour in Riverchase and Pelham.  Rain amounts over a two hour period were from 5 to 6 inches.  Several roads were flooded and temporarily impassable.  Several small streams rose out of their banks. A few homes were flooded in Riverchase.  The Pelham Fire Department performed a few swift water rescues.  Seventy-five homes and six businesses received varying degrees of  flood damage in Pelham along Highway 261.  No injuries were reported.","",450
5369725,TUSCALOOSA CO.,TUSCALOOSA,06/17/2003,1800,Flash Flood, , ,0,0,10000,0,AL,CST, ,1156537,C,125,BMX,0,0,NEWSPAPER, , , , , , , ,TUSCALOOSA,06/17/2003,1820, , , , ,"Several inches of rain in a short period of time produced flooding in Tuscaloosa.  Several roads were temporarily impassable due to the high water.","",451
5363820,LAUDERDALE CO.,COUNTYWIDE,06/18/2003,1700,Flash Flood, , ,0,0,0,0,AL,CST, ,1154630,C,77,HUN,0,0,EMERGENCY MANAGER, , , , , , , ,COUNTYWIDE,06/18/2003,1800, , , , ,"flash flooding occurring across large portion of county with several county roads with several inches of water over roads.","",452
5363184,MARSHALL CO.,CLAYSVILLE,06/19/2003,1630,Flash Flood, , ,0,0,0,0,AL,CST, ,1154631,C,95,HUN,0,0,EMERGENCY MANAGER, , , , , , , ,CLAYSVILLE,06/19/2003,1800, , , , ,"several inches of water over highway 431.","",453
5367387,CHOCTAW CO.,COUNTYWIDE,06/19/2003,1920,Flash Flood, , ,0,0,0,0,AL,CST, ,1156562,C,23,MOB,0,0,EMERGENCY MANAGER, , , , , , , ,COUNTYWIDE,06/19/2003,2100, , , , ,"Heavy rains from slow moving thunderstorms caused several roads throughout the county to flood.  Radar estimates and surface reports showed that up to eight inches of rain fell throughout the county in a three hour period.  Several roads in the county had to be closed for several hours due to high water.  The roads quickly drained after the rainfall had moved out of the county.","",454
5364909,HENRY CO.,HEADLAND,06/30/2003,1825,Flash Flood, , ,0,0,5000,0,AL,EST, ,1154901,C,67,TAE,0,0,EMERGENCY MANAGER, , , , , , , ,HEADLAND,06/30/2003,1930, , , , ,"Torrential rainfall from thunderstorms flooded numerous streets in Headland.  Reported by the Henry County EMA.","",455
5369903,MOBILE CO.,COUNTYWIDE,06/30/2003,2100,Flash Flood, , ,0,0,0,0,AL,CST, ,1156588,C,97,MOB,0,0,EMERGENCY MANAGER, , , , , , , ,COUNTYWIDE,06/30/2003,2359, , , , ,"Heavy rainfall from Tropical Storm Bill caused many secondary streets across the county to flood.  Rainfall totals of four to seven inches were estimated in a six hour period.  The heavy rainfall began along the coastal areas and spread inland  during the night.  The flooding continued into the  morning hours with many streets closed for several hours.","",456
5369902,BALDWIN CO.,COUNTYWIDE,06/30/2003,2100,Flash Flood, , ,0,0,0,0,AL,CST, ,1156587,C,3,MOB,0,0,EMERGENCY MANAGER, , , , , , , ,COUNTYWIDE,06/30/2003,2359, , , , ,"Heavy rainfall from Tropical Storm Bill caused many secondary streets across the county to flood.  Rainfall totals of four to seven inches were estimated in a six hour period.  The heavy rainfall began along the coastal areas and spread inland  during the night.  The flooding continued into the  morning hours with many streets closed for several hours.","",457
5369901,ESCAMBIA CO.,COUNTYWIDE,06/30/2003,2100,Flash Flood, , ,0,0,0,0,AL,CST, ,1156586,C,53,MOB,0,0,EMERGENCY MANAGER, , , , , , , ,COUNTYWIDE,06/30/2003,2359, , , , ,"Heavy rainfall from Tropical Storm Bill caused many secondary streets throughout the county to flood.  Rainfall totals of four to seven inches were estimated in a six hour period.  The flooding continued into the  morning hours with many streets closed for several hours.","",458
5370608,MOBILE CO.,COUNTYWIDE,07/01/2003,0,Flash Flood, , ,0,0,0,0,AL,CST, ,1157223,C,97,MOB,0,0,EMERGENCY MANAGER, , , , , , , ,COUNTYWIDE,07/01/2003,130, , , , ,"Heavy rainfall from Tropical Storm Bill continued from June 30 over the county.  Many roads in the  county became flooded and were impassable for several hours.  Rainfall totals from the storm across the area were seven to eight inches.","",459
5370607,BALDWIN CO.,COUNTYWIDE,07/01/2003,0,Flash Flood, , ,0,0,0,0,AL,CST, ,1157222,C,3,MOB,0,0,EMERGENCY MANAGER, , , , , , , ,COUNTYWIDE,07/01/2003,700, , , , ,"Heavy rainfall from Tropical Storm Bill continued from June 30 over the county.  Many roads in the  county became flooded and were impassable for several hours.  Rainfall totals from the storm across the area were eight to nine inches.","",460
5370606,ESCAMBIA CO.,COUNTYWIDE,07/01/2003,0,Flash Flood, , ,0,0,0,0,AL,CST, ,1157221,C,53,MOB,0,0,EMERGENCY MANAGER, , , , , , , ,COUNTYWIDE,07/01/2003,700, , , , ,"Heavy rainfall from Tropical Storm Bill continued from June 30 over the county.  Many roads in the  county became flooded and were impassable for several hours.  Rainfall totals from the storm across the area were seven to eight inches.","",461
5376303,MONTGOMERY CO.,COUNTYWIDE,07/01/2003,600,Flash Flood, , ,0,0,8000,0,AL,CST, ,1158121,C,101,BMX,0,0,EMERGENCY MANAGER, , , , , , , ,COUNTYWIDE,07/01/2003,800, , , , ,"","Tropical Storm Bill made landfall along the Louisiana Coast during the afternoon of June 30.  The storm entered Terrebonne Parrish near Terrebonne Bay,  west of Houma,  and continued on a northeast path.  This brought the remnants of Tropical Storm Bill across central Alabama on July 1.  Doppler radar estimated a large swath of 4 to 6 inches of rain across central Alabama with isolated totals approaching 8 inches. Due to the heavy rain amounts over the previous couple of months, flash flooding was experienced in many counties.  Several roadways in each county were temporarily impassable because of the high water.  Numerous creeks and streams rose quickly and flowed out of their banks.  In response to the saturated ground conditions and winds of 30 to 35 miles an hour,  numerous trees fell down.  Many of these trees landed on power lines causing some 19000 customers to lose power.  At least one automobile was destroyed by the falling trees and one roof was damaged.  One man was rescued after he drove his vehicle into high water near Loachopoka in Lee County.  A brief tornado also occurred near Pintlala in association with this tropical system.",462
5376296,AUTAUGA CO.,COUNTYWIDE,07/01/2003,600,Flash Flood, , ,0,0,8000,0,AL,CST, ,1158121,C,1,BMX,0,0,EMERGENCY MANAGER, , , , , , , ,COUNTYWIDE,07/01/2003,730, , , , ,"","Tropical Storm Bill made landfall along the Louisiana Coast during the afternoon of June 30.  The storm entered Terrebonne Parrish near Terrebonne Bay,  west of Houma,  and continued on a northeast path.  This brought the remnants of Tropical Storm Bill across central Alabama on July 1.  Doppler radar estimated a large swath of 4 to 6 inches of rain across central Alabama with isolated totals approaching 8 inches. Due to the heavy rain amounts over the previous couple of months, flash flooding was experienced in many counties.  Several roadways in each county were temporarily impassable because of the high water.  Numerous creeks and streams rose quickly and flowed out of their banks.  In response to the saturated ground conditions and winds of 30 to 35 miles an hour,  numerous trees fell down.  Many of these trees landed on power lines causing some 19000 customers to lose power.  At least one automobile was destroyed by the falling trees and one roof was damaged.  One man was rescued after he drove his vehicle into high water near Loachopoka in Lee County.  A brief tornado also occurred near Pintlala in association with this tropical system.",463
5376299,ELMORE CO.,COUNTYWIDE,07/01/2003,600,Flash Flood, , ,0,0,12000,0,AL,CST, ,1158121,C,51,BMX,0,0,EMERGENCY MANAGER, , , , , , , ,COUNTYWIDE,07/01/2003,800, , , , ,"","Tropical Storm Bill made landfall along the Louisiana Coast during the afternoon of June 30.  The storm entered Terrebonne Parrish near Terrebonne Bay,  west of Houma,  and continued on a northeast path.  This brought the remnants of Tropical Storm Bill across central Alabama on July 1.  Doppler radar estimated a large swath of 4 to 6 inches of rain across central Alabama with isolated totals approaching 8 inches. Due to the heavy rain amounts over the previous couple of months, flash flooding was experienced in many counties.  Several roadways in each county were temporarily impassable because of the high water.  Numerous creeks and streams rose quickly and flowed out of their banks.  In response to the saturated ground conditions and winds of 30 to 35 miles an hour,  numerous trees fell down.  Many of these trees landed on power lines causing some 19000 customers to lose power.  At least one automobile was destroyed by the falling trees and one roof was damaged.  One man was rescued after he drove his vehicle into high water near Loachopoka in Lee County.  A brief tornado also occurred near Pintlala in association with this tropical system.",464
5376302,MACON CO.,COUNTYWIDE,07/01/2003,730,Flash Flood, , ,0,0,17000,0,AL,CST, ,1158121,C,87,BMX,0,0,EMERGENCY MANAGER, , , , , , , ,COUNTYWIDE,07/01/2003,1230, , , , ,"","Tropical Storm Bill made landfall along the Louisiana Coast during the afternoon of June 30.  The storm entered Terrebonne Parrish near Terrebonne Bay,  west of Houma,  and continued on a northeast path.  This brought the remnants of Tropical Storm Bill across central Alabama on July 1.  Doppler radar estimated a large swath of 4 to 6 inches of rain across central Alabama with isolated totals approaching 8 inches. Due to the heavy rain amounts over the previous couple of months, flash flooding was experienced in many counties.  Several roadways in each county were temporarily impassable because of the high water.  Numerous creeks and streams rose quickly and flowed out of their banks.  In response to the saturated ground conditions and winds of 30 to 35 miles an hour,  numerous trees fell down.  Many of these trees landed on power lines causing some 19000 customers to lose power.  At least one automobile was destroyed by the falling trees and one roof was damaged.  One man was rescued after he drove his vehicle into high water near Loachopoka in Lee County.  A brief tornado also occurred near Pintlala in association with this tropical system.",465
5376304,RANDOLPH CO.,COUNTYWIDE,07/01/2003,800,Flash Flood, , ,0,0,10000,0,AL,CST, ,1158121,C,111,BMX,0,0,EMERGENCY MANAGER, , , , , , , ,COUNTYWIDE,07/01/2003,1030, , , , ,"","Tropical Storm Bill made landfall along the Louisiana Coast during the afternoon of June 30.  The storm entered Terrebonne Parrish near Terrebonne Bay,  west of Houma,  and continued on a northeast path.  This brought the remnants of Tropical Storm Bill across central Alabama on July 1.  Doppler radar estimated a large swath of 4 to 6 inches of rain across central Alabama with isolated totals approaching 8 inches. Due to the heavy rain amounts over the previous couple of months, flash flooding was experienced in many counties.  Several roadways in each county were temporarily impassable because of the high water.  Numerous creeks and streams rose quickly and flowed out of their banks.  In response to the saturated ground conditions and winds of 30 to 35 miles an hour,  numerous trees fell down.  Many of these trees landed on power lines causing some 19000 customers to lose power.  At least one automobile was destroyed by the falling trees and one roof was damaged.  One man was rescued after he drove his vehicle into high water near Loachopoka in Lee County.  A brief tornado also occurred near Pintlala in association with this tropical system.",466
5376301,LEE CO.,COUNTYWIDE,07/01/2003,830,Flash Flood, , ,0,0,40000,0,AL,CST, ,1158121,C,81,BMX,0,0,EMERGENCY MANAGER, , , , , , , ,COUNTYWIDE,07/01/2003,1500, , , , ,"","Tropical Storm Bill made landfall along the Louisiana Coast during the afternoon of June 30.  The storm entered Terrebonne Parrish near Terrebonne Bay,  west of Houma,  and continued on a northeast path.  This brought the remnants of Tropical Storm Bill across central Alabama on July 1.  Doppler radar estimated a large swath of 4 to 6 inches of rain across central Alabama with isolated totals approaching 8 inches. Due to the heavy rain amounts over the previous couple of months, flash flooding was experienced in many counties.  Several roadways in each county were temporarily impassable because of the high water.  Numerous creeks and streams rose quickly and flowed out of their banks.  In response to the saturated ground conditions and winds of 30 to 35 miles an hour,  numerous trees fell down.  Many of these trees landed on power lines causing some 19000 customers to lose power.  At least one automobile was destroyed by the falling trees and one roof was damaged.  One man was rescued after he drove his vehicle into high water near Loachopoka in Lee County.  A brief tornado also occurred near Pintlala in association with this tropical system.",467
5376297,CHAMBERS CO.,COUNTYWIDE,07/01/2003,830,Flash Flood, , ,0,0,20000,0,AL,CST, ,1158121,C,17,BMX,0,0,EMERGENCY MANAGER, , , , , , , ,COUNTYWIDE,07/01/2003,1500, , , , ,"","Tropical Storm Bill made landfall along the Louisiana Coast during the afternoon of June 30.  The storm entered Terrebonne Parrish near Terrebonne Bay,  west of Houma,  and continued on a northeast path.  This brought the remnants of Tropical Storm Bill across central Alabama on July 1.  Doppler radar estimated a large swath of 4 to 6 inches of rain across central Alabama with isolated totals approaching 8 inches. Due to the heavy rain amounts over the previous couple of months, flash flooding was experienced in many counties.  Several roadways in each county were temporarily impassable because of the high water.  Numerous creeks and streams rose quickly and flowed out of their banks.  In response to the saturated ground conditions and winds of 30 to 35 miles an hour,  numerous trees fell down.  Many of these trees landed on power lines causing some 19000 customers to lose power.  At least one automobile was destroyed by the falling trees and one roof was damaged.  One man was rescued after he drove his vehicle into high water near Loachopoka in Lee County.  A brief tornado also occurred near Pintlala in association with this tropical system.",468
5376308,TALLAPOOSA CO.,COUNTYWIDE,07/01/2003,830,Flash Flood, , ,0,0,17000,0,AL,CST, ,1158121,C,123,BMX,0,0,EMERGENCY MANAGER, , , , , , , ,COUNTYWIDE,07/01/2003,1500, , , , ,"","Tropical Storm Bill made landfall along the Louisiana Coast during the afternoon of June 30.  The storm entered Terrebonne Parrish near Terrebonne Bay,  west of Houma,  and continued on a northeast path.  This brought the remnants of Tropical Storm Bill across central Alabama on July 1.  Doppler radar estimated a large swath of 4 to 6 inches of rain across central Alabama with isolated totals approaching 8 inches. Due to the heavy rain amounts over the previous couple of months, flash flooding was experienced in many counties.  Several roadways in each county were temporarily impassable because of the high water.  Numerous creeks and streams rose quickly and flowed out of their banks.  In response to the saturated ground conditions and winds of 30 to 35 miles an hour,  numerous trees fell down.  Many of these trees landed on power lines causing some 19000 customers to lose power.  At least one automobile was destroyed by the falling trees and one roof was damaged.  One man was rescued after he drove his vehicle into high water near Loachopoka in Lee County.  A brief tornado also occurred near Pintlala in association with this tropical system.",469
5376307,TALLADEGA CO.,COUNTYWIDE,07/01/2003,900,Flash Flood, , ,0,0,60000,0,AL,CST, ,1158121,C,121,BMX,0,0,EMERGENCY MANAGER, , , , , , , ,COUNTYWIDE,07/01/2003,1500, , , , ,"","Tropical Storm Bill made landfall along the Louisiana Coast during the afternoon of June 30.  The storm entered Terrebonne Parrish near Terrebonne Bay,  west of Houma,  and continued on a northeast path.  This brought the remnants of Tropical Storm Bill across central Alabama on July 1.  Doppler radar estimated a large swath of 4 to 6 inches of rain across central Alabama with isolated totals approaching 8 inches. Due to the heavy rain amounts over the previous couple of months, flash flooding was experienced in many counties.  Several roadways in each county were temporarily impassable because of the high water.  Numerous creeks and streams rose quickly and flowed out of their banks.  In response to the saturated ground conditions and winds of 30 to 35 miles an hour,  numerous trees fell down.  Many of these trees landed on power lines causing some 19000 customers to lose power.  At least one automobile was destroyed by the falling trees and one roof was damaged.  One man was rescued after he drove his vehicle into high water near Loachopoka in Lee County.  A brief tornado also occurred near Pintlala in association with this tropical system.",470
5376306,ST. CLAIR CO.,COUNTYWIDE,07/01/2003,1000,Flash Flood, , ,0,0,17000,0,AL,CST, ,1158121,C,115,BMX,0,0,EMERGENCY MANAGER, , , , , , , ,COUNTYWIDE,07/01/2003,1300, , , , ,"","Tropical Storm Bill made landfall along the Louisiana Coast during the afternoon of June 30.  The storm entered Terrebonne Parrish near Terrebonne Bay,  west of Houma,  and continued on a northeast path.  This brought the remnants of Tropical Storm Bill across central Alabama on July 1.  Doppler radar estimated a large swath of 4 to 6 inches of rain across central Alabama with isolated totals approaching 8 inches. Due to the heavy rain amounts over the previous couple of months, flash flooding was experienced in many counties.  Several roadways in each county were temporarily impassable because of the high water.  Numerous creeks and streams rose quickly and flowed out of their banks.  In response to the saturated ground conditions and winds of 30 to 35 miles an hour,  numerous trees fell down.  Many of these trees landed on power lines causing some 19000 customers to lose power.  At least one automobile was destroyed by the falling trees and one roof was damaged.  One man was rescued after he drove his vehicle into high water near Loachopoka in Lee County.  A brief tornado also occurred near Pintlala in association with this tropical system.",471
5376300,JEFFERSON CO.,COUNTYWIDE,07/01/2003,1300,Flash Flood, , ,0,0,12000,0,AL,CST, ,1158121,C,73,BMX,0,0,EMERGENCY MANAGER, , , , , , , ,COUNTYWIDE,07/01/2003,1700, , , , ,"","Tropical Storm Bill made landfall along the Louisiana Coast during the afternoon of June 30.  The storm entered Terrebonne Parrish near Terrebonne Bay,  west of Houma,  and continued on a northeast path.  This brought the remnants of Tropical Storm Bill across central Alabama on July 1.  Doppler radar estimated a large swath of 4 to 6 inches of rain across central Alabama with isolated totals approaching 8 inches. Due to the heavy rain amounts over the previous couple of months, flash flooding was experienced in many counties.  Several roadways in each county were temporarily impassable because of the high water.  Numerous creeks and streams rose quickly and flowed out of their banks.  In response to the saturated ground conditions and winds of 30 to 35 miles an hour,  numerous trees fell down.  Many of these trees landed on power lines causing some 19000 customers to lose power.  At least one automobile was destroyed by the falling trees and one roof was damaged.  One man was rescued after he drove his vehicle into high water near Loachopoka in Lee County.  A brief tornado also occurred near Pintlala in association with this tropical system.",472
5376305,SHELBY CO.,COUNTYWIDE,07/01/2003,1300,Flash Flood, , ,0,0,12000,0,AL,CST, ,1158121,C,117,BMX,0,0,EMERGENCY MANAGER, , , , , , , ,COUNTYWIDE,07/01/2003,1700, , , , ,"","Tropical Storm Bill made landfall along the Louisiana Coast during the afternoon of June 30.  The storm entered Terrebonne Parrish near Terrebonne Bay,  west of Houma,  and continued on a northeast path.  This brought the remnants of Tropical Storm Bill across central Alabama on July 1.  Doppler radar estimated a large swath of 4 to 6 inches of rain across central Alabama with isolated totals approaching 8 inches. Due to the heavy rain amounts over the previous couple of months, flash flooding was experienced in many counties.  Several roadways in each county were temporarily impassable because of the high water.  Numerous creeks and streams rose quickly and flowed out of their banks.  In response to the saturated ground conditions and winds of 30 to 35 miles an hour,  numerous trees fell down.  Many of these trees landed on power lines causing some 19000 customers to lose power.  At least one automobile was destroyed by the falling trees and one roof was damaged.  One man was rescued after he drove his vehicle into high water near Loachopoka in Lee County.  A brief tornado also occurred near Pintlala in association with this tropical system.",473
5376298,CLAY CO.,COUNTYWIDE,07/01/2003,1300,Flash Flood, , ,0,0,10000,0,AL,CST, ,1158121,C,27,BMX,0,0,EMERGENCY MANAGER, , , , , , , ,COUNTYWIDE,07/01/2003,1700, , , , ,"","Tropical Storm Bill made landfall along the Louisiana Coast during the afternoon of June 30.  The storm entered Terrebonne Parrish near Terrebonne Bay,  west of Houma,  and continued on a northeast path.  This brought the remnants of Tropical Storm Bill across central Alabama on July 1.  Doppler radar estimated a large swath of 4 to 6 inches of rain across central Alabama with isolated totals approaching 8 inches. Due to the heavy rain amounts over the previous couple of months, flash flooding was experienced in many counties.  Several roadways in each county were temporarily impassable because of the high water.  Numerous creeks and streams rose quickly and flowed out of their banks.  In response to the saturated ground conditions and winds of 30 to 35 miles an hour,  numerous trees fell down.  Many of these trees landed on power lines causing some 19000 customers to lose power.  At least one automobile was destroyed by the falling trees and one roof was damaged.  One man was rescued after he drove his vehicle into high water near Loachopoka in Lee County.  A brief tornado also occurred near Pintlala in association with this tropical system.",474
5373916,CLARKE CO.,BARLOW BEND,07/02/2003,1840,Flash Flood, , ,0,0,0,0,AL,CST, ,1157245,C,25,MOB,0,0,EMERGENCY MANAGER, , , , , , , ,BARLOW BEND,07/02/2003,1945, , , , ,"Heavy rains from a cluster of thunderstorms caused several roads around Barlow Bend to flood.  The roads had to be closed for about an hour.  Three to four inches of rainfall were estimated across the area in a one hour period.","",475
5373915,MONROE CO.,URIAH,07/02/2003,1840,Flash Flood, , ,0,0,0,0,AL,CST, ,1157244,C,99,MOB,0,0,EMERGENCY MANAGER, , , , , , , ,URIAH,07/02/2003,2030, , , , ,"Heavy rains from a cluster of thunderstorms caused street flooding between Uriah and Monroeville.  Several secondary roads in this area had to be closed as they became impassable.  The water drained after the storms had dissipated.  Rainfall totals of five to seven inches in a two hour period were measured across the area.","",476
5373918,MONROE CO.,URIAH,07/03/2003,1615,Flash Flood, , ,0,0,0,0,AL,CST, ,1157247,C,99,MOB,0,0,EMERGENCY MANAGER, , , , , , , ,URIAH,07/03/2003,1830, , , , ,"Heavy rains across the south part of the county caused State Highway 21 to flood.  The highway between Uriah and Megargel had to be closed for about an hour due to high water.  Rainfall totals of around four inches in an hour were estimated.","",477
5373434,MADISON CO.,HUNTSVILLE,07/10/2003,1640,Flash Flood, , ,0,0,0,0,AL,CST, ,1157631,C,89,HUN,0,0,LAW ENFORCEMENT, , , , , , , ,HUNTSVILLE,07/10/2003,1730, , , , ,"several streets were flooded with several inches of water covering them.","",478
5376317,BULLOCK CO.,UNION SPGS,07/13/2003,1730,Flash Flood, , ,0,0,8000,0,AL,CST, ,1158130,C,11,BMX,0,0,LAW ENFORCEMENT, , , , , , , ,UNION SPGS,07/13/2003,1930, , , , ,"A few roads were flooded and temporarily impassable in Union Springs.","",479
5373436,LAUDERDALE CO.,GREEN HILL,07/16/2003,1030,Flash Flood, , ,0,0,0,0,AL,CST, ,1157633,C,77,HUN,0,0,EMERGENCY MANAGER, , , , , , , ,GREEN HILL,07/16/2003,1130, , , , ,"several inches of water covering road with flooding reported.","",480
5372586,CONECUH CO.,EVERGREEN,07/16/2003,2315,Flash Flood, , ,0,0,0,0,AL,CST, ,1157260,C,35,MOB,0,0,EMERGENCY MANAGER, , , , , , , ,EVERGREEN,07/16/2003,2359, , , , ,"Heavy rains caused several streets in the Evergreen area to become impassable.  Over three inches of rain fell in less than an hour across the area.  The flooded streets quickly drained as the thunderstorms moved out of the area.","",481
5372600,CHOCTAW CO.,NEEDHAM,07/19/2003,1720,Flash Flood, , ,0,0,0,0,AL,CST, ,1157274,C,23,MOB,0,0,EMERGENCY MANAGER, , , , , , , ,NEEDHAM,07/19/2003,1830, , , , ,"Heavy rains from slow moving thunderstorms caused street flooding in and around Needham.  Several secondary roads around Needham were impassable because of high water and were closed for about an hour.  Four inches of rainfall was estimated in an hours time near Needham.","",482
5373825,JACKSON CO.,WOODVILLE,07/22/2003,1005,Flash Flood, , ,0,0,0,0,AL,CST, ,1157635,C,71,HUN,0,0,EMERGENCY MANAGER, , , , , , , ,WOODVILLE,07/22/2003,1130, , , , ,"county roads 1 and 8 and state road 65 with several inches of water over the roads.","",483
5373453,LAUDERDALE CO.,GREEN HILL,07/22/2003,1025,Flash Flood, , ,0,0,0,0,AL,CST, ,1157634,C,77,HUN,0,0,EMERGENCY MANAGER, , , , , , , ,GREEN HILL,07/22/2003,1200, , , , ,"several inches of water over military road.","",484
5373736,LAUDERDALE CO.,LEXINGTON,07/22/2003,1048,Flash Flood, , ,0,0,0,0,AL,CST, ,1157635,C,77,HUN,0,0,EMERGENCY MANAGER, , , ,2,E,2,E,LEXINGTON,07/22/2003,1200, , , , ,"County road 502 with several inches of water over the road.","",485
5372605,MONROE CO.,FRISCO CITY,07/22/2003,1510,Flash Flood, , ,0,0,0,0,AL,CST, ,1157279,C,99,MOB,0,0,EMERGENCY MANAGER, , , , , , , ,FRISCO CITY,07/22/2003,1600, , , , ,"Heavy rains from slow moving thunderstorms caused several secondary roads between Frisco City and Monroeville to become impassable.  Rainfall estimates were about three inches in an hour.  The roads drained quickly when the storms moved out of the area.","",486
5372680,BALDWIN CO.,FOLEY,07/22/2003,1830,Flash Flood, , ,0,0,0,0,AL,CST, ,1157281,C,3,MOB,0,0,EMERGENCY MANAGER, , , , , , , ,FOLEY,07/22/2003,1945, , , , ,"Heavy rains from slow moving thunderstorms caused several streets between Daphne and Foley to become impassable.  Three to five inches of rainfall were estimated across the area.  The streets that were closed quickly drained after the storms had moved out of the area.","",487
5368456,JEFFERSON CO.,COUNTYWIDE,08/03/2003,1700,Flash Flood, , ,0,0,35000,0,AL,CST, ,1160278,C,73,BMX,0,0,EMERGENCY MANAGER, , , , , , , ,COUNTYWIDE,08/03/2003,1800, , , , ,"Several roads were flooded across the county.  Many of the roads were temporarily closed.  The most significant flooding occurred in the eastern part of the county from Birmingham to Trussville.  A few homes in Woodlawn received minor flood damage.  Fire Department personnel rescued several stranded motorists from the high water.","",488
5368460,LAMAR CO.,COUNTYWIDE,08/05/2003,420,Flash Flood, , ,0,0,17000,0,AL,CST, ,1160281,C,75,BMX,0,0,LAW ENFORCEMENT, , , , , , , ,COUNTYWIDE,08/05/2003,720, , , , ,"Very heavy rain in a short period of time produced flooding in Lamar County. Water washed over the top of several bridges in Millport and Sulligent.  A few streets were flooded in Vernon.","",489
5368462,MONTGOMERY CO.,MONTGOMERY,08/06/2003,530,Flash Flood, , ,0,0,22000,0,AL,CST, ,1160283,C,101,BMX,0,0,NEWSPAPER, , , , , , , ,MONTGOMERY,08/06/2003,630, , , , ,"Very heavy rain in a short period of time caused flooding in and around Montgomery.  Several roads were flooded and were temporarily impassable.  The fire department pulled several stranded motorists to safety.  A few homes were damaged by the flood water.","",490
5330469,LAUDERDALE CO.,CENTER STAR,08/06/2003,810,Flash Flood, , ,0,0,0,0,AL,CST, ,1159580,C,77,HUN,0,0,EMERGENCY MANAGER, , , , , , , ,CENTER STAR,08/06/2003,910, , , , ,"county road 31 closed due to flash flooding.","",491
5368461,MARION CO.,COUNTYWIDE,08/06/2003,815,Flash Flood, , ,0,0,10000,0,AL,CST, ,1160282,C,93,BMX,0,0,EMERGENCY MANAGER, , , , , , , ,COUNTYWIDE,08/06/2003,1000, , , , ,"A few roads were flooded in Marion County.  Vehicles were stranded in high water.","",492
5330470,LAUDERDALE CO.,FLORENCE,08/06/2003,1634,Flash Flood, , ,0,0,0,0,AL,CST, ,1159580,C,77,HUN,0,0,EMERGENCY MANAGER, , , ,5,N,5,N,FLORENCE,08/06/2003,1720, , , , ,"water over road along highway 17.","",493
5368516,JEFFERSON CO.,HOOVER,08/18/2003,1515,Flash Flood, , ,0,0,25000,0,AL,CST, ,1160286,C,73,BMX,0,0,EMERGENCY MANAGER, , , , , , , ,HOOVER,08/18/2003,1630, , , , ,"Several roads and creeks were flooded in Hoover and Vestavia Hills.","",494
5368517,MARION CO.,BEAR CREEK,08/20/2003,2030,Flash Flood, , ,0,0,5000,0,AL,CST, ,1160287,C,93,BMX,0,0,GENERAL PUBLIC, , , , , , , ,BEAR CREEK,08/20/2003,2230, , , , ,"Radar estimated three to four and half inches of rain across northeast Marion County in a three hour period.  Several roads from Bear Creek to Goddard to Whitehouse were temporarily impassable due to high water.","",495
5330477,MADISON CO.,TONEY,08/27/2003,1345,Flash Flood, , ,0,0,0,0,AL,CST, ,1159582,C,89,HUN,0,0,EMERGENCY MANAGER, , , , , , , ,TONEY,08/27/2003,1430, , , , ,"several inches of water over several county roads.","",496
