EVENT_ID,CZ_NAME_STR,BEGIN_LOCATION,BEGIN_DATE,BEGIN_TIME,EVENT_TYPE,MAGNITUDE,TOR_F_SCALE,DEATHS_DIRECT,INJURIES_DIRECT,DAMAGE_PROPERTY_NUM,DAMAGE_CROPS_NUM,STATE_ABBR,CZ_TIMEZONE,MAGNITUDE_TYPE,EPISODE_ID,CZ_TYPE,CZ_FIPS,WFO,INJURIES_INDIRECT,DEATHS_INDIRECT,SOURCE,FLOOD_CAUSE,TOR_LENGTH,TOR_WIDTH,BEGIN_RANGE,BEGIN_AZIMUTH,END_RANGE,END_AZIMUTH,END_LOCATION,END_DATE,END_TIME,BEGIN_LAT,BEGIN_LON,END_LAT,END_LON,EVENT_NARRATIVE,EPISODE_NARRATIVE,ABSOLUTE_ROWNUMBER
656721,COVINGTON CO.,OPP,08/08/2016,1505,Flash Flood, , ,0,0,0,0,AL,CST-6, ,109788,C,39,MOB,0,0,Law Enforcement,Heavy Rain, , ,0,N,7.78,ESE,ESTOTHEL,08/08/2016,1705,31.28,-86.25,31.2463,-86.1788,"Heavy rain caused flooding of multiple streets in Opp.","Heavy rain caused flooding in south central Alabama.",1
655796,MADISON CO.,MADISON,08/08/2016,1921,Flash Flood, , ,0,0,0,0,AL,CST-6, ,106978,C,89,HUN,0,0,Law Enforcement,Heavy Rain, , ,2.21,NE,2.42,NE,MADISON,08/08/2016,2200,34.7241,-86.7444,34.7204,-86.7443,"Water covering the road at the intersection of Hughes Road and Eastview Drive in Madison.","A thunderstorm produced 1 to 4 inches of rain in a portion of eastern Limestone and western Madison Counties within the city of Madison.  Mesonet observations indicated rainfall falling at a rate of around 0.50 inches in 5 minutes.  The rapid rainfall and resulting runoff produced flash flooding rapidly on a few roads in the city of Madison.",2
655797,LIMESTONE CO.,PARKER,08/08/2016,1938,Flash Flood, , ,0,0,0,0,AL,CST-6, ,106978,C,83,HUN,0,0,Law Enforcement,Heavy Rain, , ,2.07,S,2.07,NE,GREENBRIER,08/08/2016,2200,34.69,-86.82,34.6867,-86.8205,"Water covering the road at the intersection of Hardiman and Segers Roads in Madison. Water depth unknown.","A thunderstorm produced 1 to 4 inches of rain in a portion of eastern Limestone and western Madison Counties within the city of Madison.  Mesonet observations indicated rainfall falling at a rate of around 0.50 inches in 5 minutes.  The rapid rainfall and resulting runoff produced flash flooding rapidly on a few roads in the city of Madison.",3
655798,LIMESTONE CO.,PARKER,08/08/2016,1940,Flash Flood, , ,0,0,0,0,AL,CST-6, ,106978,C,83,HUN,0,0,Law Enforcement,Heavy Rain, , ,1.33,ESE,1.36,ESE,PARKER,08/08/2016,2200,34.71,-86.8,34.7091,-86.7999,"Water covering the road at the intersection of Burgreen and Neyland Drive in Madison. Water depth unknown.","A thunderstorm produced 1 to 4 inches of rain in a portion of eastern Limestone and western Madison Counties within the city of Madison.  Mesonet observations indicated rainfall falling at a rate of around 0.50 inches in 5 minutes.  The rapid rainfall and resulting runoff produced flash flooding rapidly on a few roads in the city of Madison.",4
656722,BALDWIN CO.,ROBERTSDALE,08/10/2016,1315,Flash Flood, , ,0,0,0,0,AL,CST-6, ,109789,C,3,MOB,0,0,Emergency Manager,Heavy Rain, , ,0,N,1.01,SW,FOLEY,08/10/2016,1515,30.55,-87.72,30.3766,-87.7176,"Heavy rain caused flooding of numerous roads in southern Baldwin County.","Heavy rains caused flooding across portions of central and southern Baldwin County.",5
657536,BALDWIN CO.,ELBERTA,08/12/2016,1015,Flash Flood, , ,0,0,0,0,AL,CST-6, ,109800,C,3,MOB,0,0,Emergency Manager,Heavy Rain, , ,1.98,SE,2.25,SE,ELBERTA,08/12/2016,1450,30.3963,-87.5812,30.3991,-87.5804,"Water flowing over the road on County Road 87 south of Feely Road.","Heavy rain produced flooding across portions of southwest Alabama.",6
643849,MORGAN CO.,DECATUR,08/18/2016,1247,Flash Flood, , ,0,0,0,0,AL,CST-6, ,107382,C,103,HUN,0,0,Newspaper,Heavy Rain, , ,0.99,WSW,1.19,SW,DECATUR,08/18/2016,1500,34.6129,-86.9951,34.6144,-86.987,"A thunderstorm dumped 1 to 2 inches of rain in about 30 minutes over downtown Decatur.  This produced rapid urban flash flooding in downtown near the Courthouse along Lee Street where 6-12 inches of flood water stalled cars along the street.","A thunderstorm dumped 1 to 2 inches of rain in about 30 minutes over downtown Decatur.  This produced rapid urban flash flooding in downtown near the Courthouse along Lee Street.  The road was closed after cars were stalled along the street.",7
653755,DEKALB CO.,ALLEN,08/19/2016,1243,Flash Flood, , ,0,0,0,0,AL,CST-6, ,109156,C,49,HUN,0,0,Newspaper,Heavy Rain, , ,0.86,SSW,0.97,NNE,FT PAYNE ISBELL ARPT,08/19/2016,1641,34.488,-85.6741,34.4933,-85.7049,"Several streets between Fort Payne High School and Heil Environmental is closed due to flooding. 45th Street, 35th Street, and portions of Gault Avenue were affected.","Two to three inches of rain fell quickly in downtown Fort Payne, AL on the 19th. Several roadways were covered with water, and a few businesses were impacted.",8
653757,DEKALB CO.,ALLEN,08/19/2016,1316,Flash Flood, , ,0,0,0,0,AL,CST-6, ,109156,C,49,HUN,0,0,Emergency Manager,Heavy Rain, , ,0.9,SW,0.93,NNE,FT PAYNE ISBELL ARPT,08/19/2016,1641,34.49,-85.68,34.4896,-85.7109,"Two feet of water over 45th Street in Fort Payne.","Two to three inches of rain fell quickly in downtown Fort Payne, AL on the 19th. Several roadways were covered with water, and a few businesses were impacted.",9
668704,LAUDERDALE CO.,FLORENCE,11/29/2016,2020,Flash Flood, , ,0,0,0,0,AL,CST-6, ,112122,C,77,HUN,0,0,Law Enforcement,Heavy Rain, , ,0.72,WSW,0.52,W,FLORENCE,11/30/2016,2359,34.7968,-87.682,34.7994,-87.6833,"Two feet of water along Tennessee and Locust Roads in Florence. Intersection being closed. Person trapped in vehicle as well. Relayed by Florence Police Department.","During the passage of a strong cold front at the end of November, several waves of heavy rainfall traversed the region, with several instances of Flash Flooding occurring across the area.",10
668705,COLBERT CO.,MUSCLE SHOALS,11/29/2016,2030,Flash Flood, , ,0,0,0,0,AL,CST-6, ,112122,C,33,HUN,0,0,Emergency Manager,Heavy Rain, , ,0,N,0.19,S,MUSCLE SHOALS,11/30/2016,2359,34.75,-87.67,34.747,-87.6696,"Vehicles now trapped in the Walmart parking lot in Muscle Shoals due to rapidly rising water. No occupants are inside any of the vehicles. Relayed by Colbert EOC.","During the passage of a strong cold front at the end of November, several waves of heavy rainfall traversed the region, with several instances of Flash Flooding occurring across the area.",11
668706,FRANKLIN CO.,REEDTOWN,11/29/2016,2140,Flash Flood, , ,0,0,0,0,AL,CST-6, ,112122,C,59,HUN,0,0,Emergency Manager,Heavy Rain, , ,1.14,E,1.2,E,REEDTOWN,11/30/2016,2359,34.5,-87.73,34.5012,-87.735,"Four to five feet of water reported along the intersection of Tuscaloosa Street and Washington Avenue in Russellville.","During the passage of a strong cold front at the end of November, several waves of heavy rainfall traversed the region, with several instances of Flash Flooding occurring across the area.",12
668707,MADISON CO.,HUNTSVILLE PARK,11/30/2016,430,Flash Flood, , ,0,0,0,0,AL,CST-6, ,112122,C,89,HUN,0,0,Broadcast Media,Heavy Rain, , ,1.33,ENE,1.22,ENE,HUNTSVILLE PARK,11/30/2016,2359,34.71,-86.6,34.709,-86.5987,"Water covering the roadway at the intersection of 1st Street and 15th Avenue.","During the passage of a strong cold front at the end of November, several waves of heavy rainfall traversed the region, with several instances of Flash Flooding occurring across the area.",13
675454,CLARKE CO.,JACKSON,01/02/2017,1304,Flash Flood, , ,0,0,750000,0,AL,CST-6, ,112816,C,25,MOB,0,0,Emergency Manager,Heavy Rain, , ,3.14,W,1.17,NNW,JACKSON,01/02/2017,1700,31.5236,-87.9332,31.5768,-87.8961,"Significant flash flooding occurred in the Jackson, AL area due to 5 to 7 inches of rain falling over a very short period of  time. 5 1/2 inches were measured in just 90 minutes. Numerous homes and roads flooded, with a few water rescues becoming necessary. Numerous homes on Cherry Avenue were flooded. 3 mobile homes were flooded on Warren Street. The Fish House Restaurant was also flooded. Several roads suffered damage.","A surface low developed over the southern Plains and moved east into the Tennessee Valley, resulting in numerous thunderstorms across the area that produced damaging winds and flooding across southwest and south central Alabama.",14
675502,WASHINGTON CO.,LEROY,01/02/2017,1305,Flash Flood, , ,0,0,1200000,0,AL,CST-6, ,112816,C,129,MOB,0,0,Emergency Manager,Heavy Rain, , ,2.38,SW,1.83,ESE,ST STEPHENS,01/02/2017,1800,31.4767,-88.0098,31.5162,-88.0252,"Significant flash flooding occurred near the Leroy area of Washington County. The flash flooding was the result of over 6 inches of rain falling over just a couple of hours of time, with most of the rainfall occurring in just 90 minutes. Roads were washed out near Highway 43, including Lower Ferry Road, Sullivan Lane, Powell Cutoff Road, and Upper Ferry Roadway. The washouts also exposed and damaged a water main and natural gas line. Over a foot of water was reported on Luke River Road.","A surface low developed over the southern Plains and moved east into the Tennessee Valley, resulting in numerous thunderstorms across the area that produced damaging winds and flooding across southwest and south central Alabama.",15
675483,MONROE CO.,WEST MONROEVILLE,01/02/2017,1430,Flash Flood, , ,0,0,25000,0,AL,CST-6, ,112816,C,99,MOB,0,0,Emergency Manager,Heavy Rain, , ,1.96,NNE,2.7,NNW,ALLENE,01/02/2017,1800,31.547,-87.3599,31.4826,-87.3592,"Flash flooding resulted in the closure of several roads in the city of Monroeville. Five homes also experienced flooding.","A surface low developed over the southern Plains and moved east into the Tennessee Valley, resulting in numerous thunderstorms across the area that produced damaging winds and flooding across southwest and south central Alabama.",16
674973,ELMORE CO.,ROBINSON SPGS,01/02/2017,1730,Flash Flood, , ,0,0,0,0,AL,CST-6, ,112959,C,51,BMX,0,0,Emergency Manager,Heavy Rain, , ,1.69,SW,3.24,WSW,COBBS FORD,01/02/2017,2000,32.5063,-86.404,32.5219,-86.3428,"Flash flooding reported in the Englebrook Subdivision with several homes taking on water.","A warm front lifted northward during the morning hours on January 2nd. Cold temperatures aloft created steep mid level lapse rates and several of the storms produced hail, mostly below 1 inch.  During the afternoon, a low level jet developed across south Alabama increasing the instability across region. Precipitable water values also increased to above 1.5 inches, setting the stage for heavy rainfall and flash flooding.",17
674974,ELMORE CO.,WETUMPKA,01/02/2017,1730,Flash Flood, , ,0,0,0,0,AL,CST-6, ,112959,C,51,BMX,0,0,Emergency Manager,Heavy Rain, , ,1.48,NW,2.79,NNE,TALLASSEE,01/02/2017,2030,32.5667,-86.236,32.5538,-85.8933,"Flash flooding reported in the cities of Wetumpka and Tallassee with numerous roads flooded and impassable.","A warm front lifted northward during the morning hours on January 2nd. Cold temperatures aloft created steep mid level lapse rates and several of the storms produced hail, mostly below 1 inch.  During the afternoon, a low level jet developed across south Alabama increasing the instability across region. Precipitable water values also increased to above 1.5 inches, setting the stage for heavy rainfall and flash flooding.",18
674972,RUSSELL CO.,HURTSBORO,01/02/2017,1800,Flash Flood, , ,0,0,0,0,AL,CST-6, ,112959,C,113,BMX,0,0,Emergency Manager,Heavy Rain, , ,3.2,NW,5.04,N,PHENIX CITY,01/02/2017,2130,32.2877,-85.4318,32.479,-84.9989,"Reports of vehicles under water in Phenix City and a few homes and businesses experiencing flooding in the town of Hurtsboro.","A warm front lifted northward during the morning hours on January 2nd. Cold temperatures aloft created steep mid level lapse rates and several of the storms produced hail, mostly below 1 inch.  During the afternoon, a low level jet developed across south Alabama increasing the instability across region. Precipitable water values also increased to above 1.5 inches, setting the stage for heavy rainfall and flash flooding.",19
675489,CRENSHAW CO.,RUTLEDGE,01/02/2017,1820,Flash Flood, , ,0,0,5000,0,AL,CST-6, ,112816,C,41,MOB,0,0,Broadcast Media,Heavy Rain, , ,0.68,NNW,1.69,S,RUTLEDGE,01/02/2017,2030,31.7396,-86.3223,31.7171,-86.3203,"Several roads closed in the Rutledge area due to flash flooding.","A surface low developed over the southern Plains and moved east into the Tennessee Valley, resulting in numerous thunderstorms across the area that produced damaging winds and flooding across southwest and south central Alabama.",20
675543,BALDWIN CO.,BELFOREST,01/02/2017,1900,Flash Flood, , ,0,0,600000,0,AL,CST-6, ,112816,C,3,MOB,0,0,Emergency Manager,Heavy Rain, , ,2.62,SE,3.27,N,ELSANOR,01/02/2017,2200,30.5754,-87.8165,30.5672,-87.5775,"Significant flash flooding occurred, especially in the Foley area, due to 5 to 7 inches of rain falling the span of only a couple of hours. A water rescue had to be performed on Fernwood Circle due to the rapid rise of Sandy Creek. Numerous roads in the central and southern half of the county were flooded and closed, with several sustaining damage due to the flooding.","A surface low developed over the southern Plains and moved east into the Tennessee Valley, resulting in numerous thunderstorms across the area that produced damaging winds and flooding across southwest and south central Alabama.",21
671747,HOUSTON CO.,REHOBETH,01/02/2017,2030,Flash Flood, , ,0,0,0,0,AL,CST-6, ,111483,C,69,TAE,0,0,Trained Spotter,Heavy Rain, , ,0.59,E,1.36,WSW,OLYMPIA SPA RESORT,01/02/2017,2200,31.13,-85.42,31.1126,-85.4183,"Helms Road was flooded and impassible during a period of very heavy rainfall rates.","Multiple rounds of showers and thunderstorms affected the region to start the year. Two day rainfall totals in excess of 8 inches were common across portions of the Florida panhandle with several roads flooded. Severe weather, including tornadoes and significant straight line wind damage, also occurred across the tri-state area with most of it in southeast Alabama and southwest Georgia. Albany was particularly hard hit with significant wind damage. There were a total of 5 fatalities across the tri-state area from straight line winds.  There was also 1 fatality in Florida due to river flooding.",22
673314,COFFEE CO.,ELBA,01/21/2017,2145,Flash Flood, , ,0,0,0,0,AL,CST-6, ,112356,C,31,TAE,0,0,911 Call Center,Heavy Rain, , ,1.5,E,1.88,ESE,ELBA,01/22/2017,230,31.4067,-86.0448,31.4035,-86.0545,"Flooding was reported on East Davis and Claxton Roads.  The roads were reported to be impassible.","A multi-day severe weather event struck the southeast January 21-22, 2017 with three rounds of severe weather moving through the area. The first round of severe weather started during the mid-morning hours on Saturday, January 21, 2017 as a squall line pushed into southeast Alabama and the Florida panhandle. As it pushed eastward nine warnings were issued with a total of 18 damaging wind reports (trees and power lines downed) related to these storms.||After a brief lull during Saturday evening as the aforementioned squall line washed out near the Gulf Coast, strong southerly flow returned late Saturday night as a warm front pushed northward across the Florida Big Bend and southern Georgia. Initially with this late Saturday night to early Sunday morning event, a strong supercell moved across southern Georgia producing a tornado that moved across Thomas and northern Brooks Counties. This was the first tornado across the area with this multi- day event. From the same supercell that produced the tornado in Thomas and northern Brooks Counties, another tornado developed that tracked across Brooks, Berrien and Cook Counties and this tornado resulted in 11 fatalities. This overnight into early Sunday morning event produced one more tornado, an EF-1 that struck Lowndes County.||A final round of severe weather moved through Sunday afternoon as a warm front continued to push northward into southeast Alabama and southern Georgia while the main low and trailing cold front pushed eastward across the Florida panhandle and offshore regions. This afternoon round of supercells first produced a tornado in Henry County, AL. An hour and a half after the Henry County tornado, two more tornadoes developed, an EF-2 that struck Clay, Randolph and Calhoun Counties (Georgia) and an EF-1 tornado that hit Franklin County, FL. After this, a long tracked tornado (track length of more than 70 miles) moved across Albany (Dougherty County) and into Worth and Turner Counties, causing extensive damage and five fatalities.||Overall this multi-day event resulted in seven tornadoes, 16 deaths and numerous injuries. Three days of damage surveys were conducted to rate the tornadoes on the Enhanced Fujita scale.",23
673317,COFFEE CO.,ENTERPRISE MUNICIPAL ARPT,01/21/2017,2231,Flash Flood, , ,0,0,0,0,AL,CST-6, ,112356,C,31,TAE,0,0,911 Call Center,Heavy Rain, , ,1.65,E,1.09,SE,ENTERPRISE MUNICIPAL ARPT,01/22/2017,230,31.2877,-85.8623,31.2789,-85.8734,"Flooding was reported on Geneva Highway with one car reported to be stuck.","A multi-day severe weather event struck the southeast January 21-22, 2017 with three rounds of severe weather moving through the area. The first round of severe weather started during the mid-morning hours on Saturday, January 21, 2017 as a squall line pushed into southeast Alabama and the Florida panhandle. As it pushed eastward nine warnings were issued with a total of 18 damaging wind reports (trees and power lines downed) related to these storms.||After a brief lull during Saturday evening as the aforementioned squall line washed out near the Gulf Coast, strong southerly flow returned late Saturday night as a warm front pushed northward across the Florida Big Bend and southern Georgia. Initially with this late Saturday night to early Sunday morning event, a strong supercell moved across southern Georgia producing a tornado that moved across Thomas and northern Brooks Counties. This was the first tornado across the area with this multi- day event. From the same supercell that produced the tornado in Thomas and northern Brooks Counties, another tornado developed that tracked across Brooks, Berrien and Cook Counties and this tornado resulted in 11 fatalities. This overnight into early Sunday morning event produced one more tornado, an EF-1 that struck Lowndes County.||A final round of severe weather moved through Sunday afternoon as a warm front continued to push northward into southeast Alabama and southern Georgia while the main low and trailing cold front pushed eastward across the Florida panhandle and offshore regions. This afternoon round of supercells first produced a tornado in Henry County, AL. An hour and a half after the Henry County tornado, two more tornadoes developed, an EF-2 that struck Clay, Randolph and Calhoun Counties (Georgia) and an EF-1 tornado that hit Franklin County, FL. After this, a long tracked tornado (track length of more than 70 miles) moved across Albany (Dougherty County) and into Worth and Turner Counties, causing extensive damage and five fatalities.||Overall this multi-day event resulted in seven tornadoes, 16 deaths and numerous injuries. Three days of damage surveys were conducted to rate the tornadoes on the Enhanced Fujita scale.",24
673318,DALE CO.,OZARK,01/21/2017,2319,Flash Flood, , ,0,0,0,0,AL,CST-6, ,112356,C,45,TAE,0,0,911 Call Center,Heavy Rain, , ,1,NW,1,W,OZARK,01/22/2017,230,31.4502,-85.652,31.44,-85.657,"Flooding near residential homes was reported in Ozark.  Radar estimated some areas of 1 hour rainfall amounts around 3 inches.","A multi-day severe weather event struck the southeast January 21-22, 2017 with three rounds of severe weather moving through the area. The first round of severe weather started during the mid-morning hours on Saturday, January 21, 2017 as a squall line pushed into southeast Alabama and the Florida panhandle. As it pushed eastward nine warnings were issued with a total of 18 damaging wind reports (trees and power lines downed) related to these storms.||After a brief lull during Saturday evening as the aforementioned squall line washed out near the Gulf Coast, strong southerly flow returned late Saturday night as a warm front pushed northward across the Florida Big Bend and southern Georgia. Initially with this late Saturday night to early Sunday morning event, a strong supercell moved across southern Georgia producing a tornado that moved across Thomas and northern Brooks Counties. This was the first tornado across the area with this multi- day event. From the same supercell that produced the tornado in Thomas and northern Brooks Counties, another tornado developed that tracked across Brooks, Berrien and Cook Counties and this tornado resulted in 11 fatalities. This overnight into early Sunday morning event produced one more tornado, an EF-1 that struck Lowndes County.||A final round of severe weather moved through Sunday afternoon as a warm front continued to push northward into southeast Alabama and southern Georgia while the main low and trailing cold front pushed eastward across the Florida panhandle and offshore regions. This afternoon round of supercells first produced a tornado in Henry County, AL. An hour and a half after the Henry County tornado, two more tornadoes developed, an EF-2 that struck Clay, Randolph and Calhoun Counties (Georgia) and an EF-1 tornado that hit Franklin County, FL. After this, a long tracked tornado (track length of more than 70 miles) moved across Albany (Dougherty County) and into Worth and Turner Counties, causing extensive damage and five fatalities.||Overall this multi-day event resulted in seven tornadoes, 16 deaths and numerous injuries. Three days of damage surveys were conducted to rate the tornadoes on the Enhanced Fujita scale.",25
676879,CULLMAN CO.,BROOKLYN,01/22/2017,1629,Flash Flood, , ,0,0,0,0,AL,CST-6, ,111850,C,43,HUN,0,0,Broadcast Media,Heavy Rain, , ,1.38,S,1.35,S,BROOKLYN,01/22/2017,1729,34.2,-86.62,34.2001,-86.6193,"Flash flooding reported along CR 1711 at Mud Creek.","Strong, sub-severe thunderstorms produced minor tree damage and heavy rainfall.  Rainfall totals of 2-5 were reported, causing flooding issues.",26
677906,CHEROKEE CO.,FORNEY,01/22/2017,2030,Flash Flood, , ,0,0,0,0,AL,CST-6, ,113060,C,19,BMX,0,0,Emergency Manager,Heavy Rain, , ,3.28,N,3.42,N,FORNEY,01/22/2017,2130,34.1272,-85.4632,34.1236,-85.4629,"Cherokee Road 29 under water near the Old Nazareth Church.","After over a week of near-record to record high temperatures, several upper-level disturbances followed by a strong upper-level low pressure system produced multiple rounds of severe weather across Central Alabama. This system was characterized by strong upper-level winds and very cold upper-level temperatures. The first round produced one brief, weak tornado in St. Clair County on the evening of January 19. The second round occurred on the morning of January 20 with 12 tornadoes across Marengo, Elmore, Macon, Lee, Pike, and Barbour Counties. A third round produced damaging straight line winds on the night of January 21, including in the Birmingham metro area where the Birmingham airport measured a 75 mph wind gust and in Oneonta where 80 mph straight-line winds caused significant damage.  A brief tornado also occurred in Tuscaloosa County with this activity. Finally, a fourth round moved through during the day on January 22 with 3 tornadoes across Bullock and Lee Counties.",27
677907,CHEROKEE CO.,RINGGOLD,01/22/2017,2030,Flash Flood, , ,0,0,0,0,AL,CST-6, ,113060,C,19,BMX,0,0,Emergency Manager,Heavy Rain, , ,0.32,NNW,0.69,W,RINGGOLD,01/22/2017,2230,34.3344,-85.5515,34.3301,-85.5514,"County Road 91 under water.","After over a week of near-record to record high temperatures, several upper-level disturbances followed by a strong upper-level low pressure system produced multiple rounds of severe weather across Central Alabama. This system was characterized by strong upper-level winds and very cold upper-level temperatures. The first round produced one brief, weak tornado in St. Clair County on the evening of January 19. The second round occurred on the morning of January 20 with 12 tornadoes across Marengo, Elmore, Macon, Lee, Pike, and Barbour Counties. A third round produced damaging straight line winds on the night of January 21, including in the Birmingham metro area where the Birmingham airport measured a 75 mph wind gust and in Oneonta where 80 mph straight-line winds caused significant damage.  A brief tornado also occurred in Tuscaloosa County with this activity. Finally, a fourth round moved through during the day on January 22 with 3 tornadoes across Bullock and Lee Counties.",28
676907,DEKALB CO.,SYLVANIA,01/22/2017,2200,Flash Flood, , ,0,0,0,0,AL,CST-6, ,111850,C,49,HUN,0,0,Emergency Manager,Heavy Rain, , ,3.16,ESE,1.62,WSW,STAMP,01/23/2017,300,34.55,-85.78,34.56,-85.7758,"Two feet of flowing water reported on County Road 112 between AL Hwy 75 and County Road 27. The location is a low water crossing. The Road Department is en route to place barricades around the flowing water.","Strong, sub-severe thunderstorms produced minor tree damage and heavy rainfall.  Rainfall totals of 2-5 were reported, causing flooding issues.",29
676912,DEKALB CO.,BEATY XRDS,01/22/2017,2200,Flash Flood, , ,0,0,0,0,AL,CST-6, ,111850,C,49,HUN,0,0,Emergency Manager,Heavy Rain, , ,1.33,ESE,1.55,SE,BEATY XRDS,01/23/2017,300,34.69,-85.66,34.6777,-85.6573,"County Road 712 along Crow Creek near AL Hwy 117 in Ider beginning to wash out. Emergency Management and Road Department personnel are en route.","Strong, sub-severe thunderstorms produced minor tree damage and heavy rainfall.  Rainfall totals of 2-5 were reported, causing flooding issues.",30
676911,DEKALB CO.,VALLEY HEAD,01/22/2017,2200,Flash Flood, , ,0,0,0,0,AL,CST-6, ,111850,C,49,HUN,0,0,Emergency Manager,Heavy Rain, , ,0,N,0.31,E,VALLEY HEAD,01/23/2017,300,34.57,-85.63,34.5707,-85.6221,"Six inches of flowing water reported along Rock Ridge Road near the Big Wills Creek in Hammondville. Vehicles were able to drive through the water earlier, but may no longer be able to at this time.","Strong, sub-severe thunderstorms produced minor tree damage and heavy rainfall.  Rainfall totals of 2-5 were reported, causing flooding issues.",31
692301,JEFFERSON CO.,PATTON CHAPLE,04/03/2017,630,Flash Flood, , ,0,0,0,0,AL,CST-6, ,115310,C,73,BMX,0,0,Amateur Radio,Heavy Rain, , ,1.12,ENE,1.24,ENE,PATTON CHAPLE,04/03/2017,930,33.3847,-86.8114,33.3859,-86.8073,"Heavy rainfall caused flash flooding along portions of I-459 near the Riverchase Galleria.","A slow moving QLCS moved eastward across central Alabama during the morning hours on April 3rd. This convective system produced damaging winds across the southern portions of central Alabama and heavy rainfall across the northern portions.",32
692302,JEFFERSON CO.,MAGELLA,04/03/2017,630,Flash Flood, , ,0,0,0,0,AL,CST-6, ,115310,C,73,BMX,0,0,Law Enforcement,Heavy Rain, , ,0.69,N,1.03,NNE,MAGELLA,04/03/2017,930,33.48,-86.83,33.481,-86.825,"Exit ramp off I-65 onto Greensprings Highway closed due to high water.  One vehicle submerged.","A slow moving QLCS moved eastward across central Alabama during the morning hours on April 3rd. This convective system produced damaging winds across the southern portions of central Alabama and heavy rainfall across the northern portions.",33
692304,JEFFERSON CO.,MAGELLA,04/03/2017,630,Flash Flood, , ,0,0,0,0,AL,CST-6, ,115310,C,73,BMX,0,0,Public,Heavy Rain, , ,1.42,SSE,1.78,SE,MAGELLA,04/03/2017,930,33.4529,-86.8164,33.4554,-86.8098,"Heavy rainfall caused flooding across Lakeshore Road near Greensprings Highway.","A slow moving QLCS moved eastward across central Alabama during the morning hours on April 3rd. This convective system produced damaging winds across the southern portions of central Alabama and heavy rainfall across the northern portions.",34
692303,JEFFERSON CO.,ACIPCO,04/03/2017,630,Flash Flood, , ,0,0,0,0,AL,CST-6, ,115310,C,73,BMX,0,0,Public,Heavy Rain, , ,1.38,S,1.5,S,ACIPCO,04/03/2017,930,33.5,-86.82,33.4975,-86.8176,"Vehicles flooded near the intersection of 6th Avenue South and 6th Street.","A slow moving QLCS moved eastward across central Alabama during the morning hours on April 3rd. This convective system produced damaging winds across the southern portions of central Alabama and heavy rainfall across the northern portions.",35
693760,MOBILE CO.,BIG CREEK LAKE,04/03/2017,830,Flash Flood, , ,0,0,0,0,AL,CST-6, ,115491,C,97,MOB,0,0,Public,Heavy Rain, , ,2.15,SE,2.27,NNW,MOBILE AEROSPACE ARP,04/03/2017,930,30.7279,-88.3246,30.6397,-88.0726,"Flowing water was reported up to the tires of cars on St. Joseph Street.","Thunderstorms developed ahead of a strong cold front and moved across the area. These storms produced high winds, large hail and a weak tornado.",36
699289,JEFFERSON CO.,EAST BIRMINGHAM,05/20/2017,1800,Flash Flood, , ,0,0,0,0,AL,CST-6, ,116309,C,73,BMX,0,0,Broadcast Media,Heavy Rain, , ,1.34,WSW,1.28,W,ACIPCO,05/20/2017,2100,33.54,-86.75,33.5214,-86.8304,"Several water rescues performed by the Birmingham Fire Department along 1st Avenue North.  Roadways flooded along Village Creek at Avenue W and Five Mile Creek at Ketona.","A very moist air mass surged northward into central Alabama during the day on May 20th. Precipitable water values rose above 2 inches and surface dewpoints climbed into the lower 70s.  An upper level trough approached the area from the west and provided the necessary lift to produce widespread showers and thunderstorms.  A few severe storms produced wind damage, but flash flooding was the dominate hazard from this system.",37
699291,CHEROKEE CO.,CEDAR BLUFF,05/20/2017,1800,Flash Flood, , ,0,0,0,0,AL,CST-6, ,116309,C,19,BMX,0,0,Emergency Manager,Heavy Rain, , ,2.71,NNW,1.06,W,GAYLESVILLE,05/20/2017,2000,34.257,-85.6161,34.2663,-85.5828,"Several roads under water and impassable in the Cedar Bluff Community, including Boundary Avenue, Lawrence Street, and portions of County Road 75.","A very moist air mass surged northward into central Alabama during the day on May 20th. Precipitable water values rose above 2 inches and surface dewpoints climbed into the lower 70s.  An upper level trough approached the area from the west and provided the necessary lift to produce widespread showers and thunderstorms.  A few severe storms produced wind damage, but flash flooding was the dominate hazard from this system.",38
702713,LOWNDES CO.,ST CLAIR,05/20/2017,1915,Flash Flood, , ,0,0,0,0,AL,CST-6, ,116309,C,85,BMX,0,0,911 Call Center,Heavy Rain, , ,0.46,NNE,4.96,E,PALMYRA,05/21/2017,300,32.3257,-86.6258,32.0011,-86.6781,"Several roads across the eastern portion of the county were under water and impassable, including Count Road 33.","A very moist air mass surged northward into central Alabama during the day on May 20th. Precipitable water values rose above 2 inches and surface dewpoints climbed into the lower 70s.  An upper level trough approached the area from the west and provided the necessary lift to produce widespread showers and thunderstorms.  A few severe storms produced wind damage, but flash flooding was the dominate hazard from this system.",39
702714,MONTGOMERY CO.,TEXAS,05/20/2017,1930,Flash Flood, , ,0,0,0,0,AL,CST-6, ,116309,C,101,BMX,0,0,Broadcast Media,Heavy Rain, , ,131.11,SE,131.94,SE,TEXAS,05/21/2017,300,32.3666,-86.3784,32.3093,-86.391,"Several roods flooded around the city of Montgomery with cars submerged. Roads flooded include Coliseum Boulevard, Forest Park Drive, Perry Street, and the intersection of Highway 80 and Woodley Road.","A very moist air mass surged northward into central Alabama during the day on May 20th. Precipitable water values rose above 2 inches and surface dewpoints climbed into the lower 70s.  An upper level trough approached the area from the west and provided the necessary lift to produce widespread showers and thunderstorms.  A few severe storms produced wind damage, but flash flooding was the dominate hazard from this system.",40
702138,MOBILE CO.,SARALAND,05/20/2017,1930,Flash Flood, , ,0,0,0,0,AL,CST-6, ,116757,C,97,MOB,0,0,Emergency Manager,Heavy Rain, , ,0,N,0.85,WSW,SARALAND,05/20/2017,2330,30.82,-88.07,30.8166,-88.0896,"Heavy rain caused street flooding around Saraland. Several roads were blocked off.","Heavy rains caused flooding in southwest Alabama.",41
702715,ELMORE CO.,PRATTVILLE JCT,05/20/2017,1930,Flash Flood, , ,0,0,0,0,AL,CST-6, ,116309,C,51,BMX,0,0,Emergency Manager,Heavy Rain, , ,0.66,W,0.83,NE,ROBINSON SPGS,05/21/2017,300,32.4708,-86.3612,32.5435,-86.3567,"Several roads flooded and impassable across the southern portions of the county.  Roads flooded in the city of Millbrook include Country Place Drive, Highway 14 near the intersection of Turtle Place Drive, and Dogwood Circle. Other roads flooded include Highway 231 near Charles Avenue, Dogwood Meadows Drive at Mount Meadows Lane, and Rifle Range Road and Laprade Road.","A very moist air mass surged northward into central Alabama during the day on May 20th. Precipitable water values rose above 2 inches and surface dewpoints climbed into the lower 70s.  An upper level trough approached the area from the west and provided the necessary lift to produce widespread showers and thunderstorms.  A few severe storms produced wind damage, but flash flooding was the dominate hazard from this system.",42
702369,MOBILE CO.,MOBILE BATES FLD,05/20/2017,2025,Flash Flood, , ,0,0,0,0,AL,CST-6, ,116757,C,97,MOB,0,0,Department of Highways,Heavy Rain, , ,0,N,1.73,W,SEVEN HILLS,05/21/2017,100,30.68,-88.23,30.6547,-88.3411,"Heavy rain caused street flooding near Airport and University Blvd.","Heavy rains caused flooding in southwest Alabama.",43
703460,MOBILE CO.,SARALAND,05/20/2017,2100,Flash Flood, , ,0,0,0,0,AL,CST-6, ,116757,C,97,MOB,0,0,Broadcast Media,Heavy Rain, , ,0,N,0.83,ESE,CHICKASAW,05/21/2017,30,30.82,-88.07,30.7608,-88.0637,"Heavy rain caused flooding on International Boulevard.","Heavy rains caused flooding in southwest Alabama.",44
702730,CALHOUN CO.,MIDDLETON,05/30/2017,1305,Flash Flood, , ,0,0,0,0,AL,CST-6, ,116882,C,15,BMX,0,0,Public,Heavy Rain, , ,2.08,NNW,1.6,NW,OHATCHEE,05/30/2017,1445,33.7993,-86.0282,33.7994,-86.0226,"Video from Social Media showed high, fast-moving water flowing across Spring Road.","A weak surface front was stationary across north Alabama.  Showers and thunderstorms developed along the boundary during the heating of the day.  A few storms produced heavy rainfall along with large hail and damaging winds.",45
708550,MOBILE CO.,GRAND BAY,06/06/2017,2037,Flash Flood, , ,0,0,0,0,AL,CST-6, ,117898,C,97,MOB,0,0,Department of Highways,Heavy Rain, , ,4.27,N,3.09,N,ST ELMO,06/07/2017,100,30.5317,-88.3548,30.5,-88.23,"A vehicle stalled in high water on Argyle Road just south of Tom Waller Road.","Heavy rain developed across southwest Alabama and produced flooding.",46
708549,MOBILE CO.,TILLMANS CORNER,06/06/2017,2037,Flash Flood, , ,0,0,0,0,AL,CST-6, ,117898,C,97,MOB,0,0,Department of Highways,Heavy Rain, , ,2.28,SSE,5.42,SSW,DELCHAMPS,06/07/2017,100,30.5482,-88.12,30.3968,-88.1516,"Water over the roadway on Island Road just east of Rangeline Road.","Heavy rain developed across southwest Alabama and produced flooding.",47
708542,MOBILE CO.,TILLMANS CORNER,06/06/2017,2037,Flash Flood, , ,0,0,0,0,AL,CST-6, ,117898,C,97,MOB,0,0,Department of Highways,Heavy Rain, , ,2.28,SSE,5.42,SSW,DELCHAMPS,06/07/2017,100,30.5482,-88.12,30.3968,-88.1516,"Water over the roadway near Old Pascagoula Road just west of McDonald Road.","Heavy rain developed across southwest Alabama and produced flooding.",48
709792,BALDWIN CO.,ELSANOR,06/07/2017,0,Flash Flood, , ,0,0,0,0,AL,CST-6, ,117898,C,3,MOB,0,0,Emergency Manager,Heavy Rain, , ,5,N,1.51,SSE,TAYLORS CAMP,06/07/2017,200,30.6224,-87.58,30.5636,-87.5281,"Minor flooding reported at the Riverside RV resort.","Heavy rain developed across southwest Alabama and produced flooding.",49
708131,AUTAUGA CO.,AUTAUGAVILLE,06/18/2017,445,Flash Flood, , ,0,0,0,0,AL,CST-6, ,117791,C,1,BMX,0,0,Emergency Manager,Heavy Rain, , ,1.36,WSW,2.33,SSE,PRATTMONT,06/18/2017,1015,32.42,-86.69,32.43,-86.42,"Heavy rainfall during the early morning hours produced rainfall amounts of 3-5 inches in a time span of two to three hours.  Widespread flooding was reported over the eastern half of Autauga County.  Up to four feet of water was reported at the intersection of Highway 82 and County Road 21.  Flooding washed out portions of Manning Road. Vehicle with occupants became trapped by the rising water on County Road 59.","Thunderstorms developed during the early morning hours of June 18th across portions of south central Alabama.  The convection formed along a upper trough axis that stretched from Mobile, Alabama, northeastward into northwest Georgia.  The storms were slow moving due to light upper level winds near the trough axis.",50
708132,ELMORE CO.,MILLBROOK,06/18/2017,600,Flash Flood, , ,0,0,0,0,AL,CST-6, ,117791,C,51,BMX,0,0,Emergency Manager,Heavy Rain, , ,4.34,SW,4.59,SSW,MILLBROOK,06/18/2017,900,32.4285,-86.4126,32.4303,-86.4048,"Cooter Pond Road flooded due to Pine Creek overflowing its banks and the adjacent Mobile Home Park also flooded.","Thunderstorms developed during the early morning hours of June 18th across portions of south central Alabama.  The convection formed along a upper trough axis that stretched from Mobile, Alabama, northeastward into northwest Georgia.  The storms were slow moving due to light upper level winds near the trough axis.",51
708134,MONTGOMERY CO.,MONTGOMERY,06/18/2017,700,Flash Flood, , ,0,0,0,0,AL,CST-6, ,117791,C,101,BMX,0,0,Broadcast Media,Heavy Rain, , ,1.04,W,2.11,SSE,CAPITAL HGTS,06/18/2017,1000,32.3786,-86.3178,32.393,-86.278,"Several reports of flooded roads in the city of Montgomery.","Thunderstorms developed during the early morning hours of June 18th across portions of south central Alabama.  The convection formed along a upper trough axis that stretched from Mobile, Alabama, northeastward into northwest Georgia.  The storms were slow moving due to light upper level winds near the trough axis.",52
708133,MONTGOMERY CO.,(MXF)MAXWELL AFB MNT,06/18/2017,700,Flash Flood, , ,0,0,0,0,AL,CST-6, ,117791,C,101,BMX,0,0,Broadcast Media,Heavy Rain, , ,1.17,E,2.03,W,MONTGOMERY,06/18/2017,1000,32.38,-86.33,32.3786,-86.3178,"Several reports of flooded streets in the western portions of the city of Montgomery.","Thunderstorms developed during the early morning hours of June 18th across portions of south central Alabama.  The convection formed along a upper trough axis that stretched from Mobile, Alabama, northeastward into northwest Georgia.  The storms were slow moving due to light upper level winds near the trough axis.",53
709899,BALDWIN CO.,GULF SHRS,06/20/2017,2318,Flash Flood, , ,0,0,0,0,AL,CST-6, ,117723,C,3,MOB,0,0,Social Media,Heavy Rain, , ,2.17,S,2.14,S,GULF SHRS,06/21/2017,100,30.249,-87.6852,30.2479,-87.6852,"Heavy rain caused flooding around the Castaways Condominium complex.","Tropical Storm Cindy first developed in the central Gulf of Mexico on the afternoon of Tuesday, June 20th and made landfall between Cameron, LA and Port Arthur, TX during the early morning hours of Thursday, June 22nd. Despite the center of the storm being far removed from the north central Gulf Coast, the effects of Cindy extended several hundred miles to the east of the center and impacted the local area starting late Tuesday and persisting through the end of the week.||The primary impact across southwest and south central Alabama was from heavy rain and flooding. The highest storm total observed was in Thomasville, AL which measured 11.37 of rain ending Friday night, June 23rd. Numerous locations across south central and southwest Alabama recorded 5 to 10 inches of rain. The heavy rain resulted in numerous instances of flash flooding and minor to moderate river flooding. ||Coastal flooding also impacted Mobile and Baldwin Counties, particularly in the typical low lying locations. Tidal gauges indicate the maximum inundation was around 3 feet MHHW in the north end of Mobile Bay. ||Four tornadoes occurred in southern Alabama during Cindy, 3 EF-0 and 1 EF-1. ||Two fatalities occurred, one due to high surf and one due to rip currents.",54
709904,MOBILE CO.,(MOB)MOBILE BATES FL,06/21/2017,511,Flash Flood, , ,0,0,0,0,AL,CST-6, ,117723,C,97,MOB,0,0,Department of Highways,Heavy Rain, , ,1.5,NNW,1.4,NNW,(MOB)MOBILE BATES FL,06/21/2017,630,30.7,-88.24,30.6991,-88.2355,"All lanes were underwater at Tanner Williams Road east of the Coast Guard base.","Tropical Storm Cindy first developed in the central Gulf of Mexico on the afternoon of Tuesday, June 20th and made landfall between Cameron, LA and Port Arthur, TX during the early morning hours of Thursday, June 22nd. Despite the center of the storm being far removed from the north central Gulf Coast, the effects of Cindy extended several hundred miles to the east of the center and impacted the local area starting late Tuesday and persisting through the end of the week.||The primary impact across southwest and south central Alabama was from heavy rain and flooding. The highest storm total observed was in Thomasville, AL which measured 11.37 of rain ending Friday night, June 23rd. Numerous locations across south central and southwest Alabama recorded 5 to 10 inches of rain. The heavy rain resulted in numerous instances of flash flooding and minor to moderate river flooding. ||Coastal flooding also impacted Mobile and Baldwin Counties, particularly in the typical low lying locations. Tidal gauges indicate the maximum inundation was around 3 feet MHHW in the north end of Mobile Bay. ||Four tornadoes occurred in southern Alabama during Cindy, 3 EF-0 and 1 EF-1. ||Two fatalities occurred, one due to high surf and one due to rip currents.",55
709914,ESCAMBIA CO.,APPLETON,06/21/2017,1140,Flash Flood, , ,0,0,0,0,AL,CST-6, ,117723,C,53,MOB,0,0,Broadcast Media,Heavy Rain, , ,1.51,SSW,1.38,SSW,APPLETON,06/21/2017,1400,31.0991,-87.0774,31.1048,-87.0788,"Jennings Park in Brewton was underwater due to the rapid rise of the Murder and Burnt Corn Creeks.","Tropical Storm Cindy first developed in the central Gulf of Mexico on the afternoon of Tuesday, June 20th and made landfall between Cameron, LA and Port Arthur, TX during the early morning hours of Thursday, June 22nd. Despite the center of the storm being far removed from the north central Gulf Coast, the effects of Cindy extended several hundred miles to the east of the center and impacted the local area starting late Tuesday and persisting through the end of the week.||The primary impact across southwest and south central Alabama was from heavy rain and flooding. The highest storm total observed was in Thomasville, AL which measured 11.37 of rain ending Friday night, June 23rd. Numerous locations across south central and southwest Alabama recorded 5 to 10 inches of rain. The heavy rain resulted in numerous instances of flash flooding and minor to moderate river flooding. ||Coastal flooding also impacted Mobile and Baldwin Counties, particularly in the typical low lying locations. Tidal gauges indicate the maximum inundation was around 3 feet MHHW in the north end of Mobile Bay. ||Four tornadoes occurred in southern Alabama during Cindy, 3 EF-0 and 1 EF-1. ||Two fatalities occurred, one due to high surf and one due to rip currents.",56
708135,LOWNDES CO.,LOWNDESBORO,06/22/2017,400,Flash Flood, , ,0,0,0,0,AL,CST-6, ,117793,C,85,BMX,0,0,Department of Highways,Heavy Rain, , ,2.92,E,3.41,SSE,MANACK,06/22/2017,700,32.28,-86.57,32.3029,-86.4837,"Several roads flooded in northeast Lowndes County between the cities of Lowndesboro and Hayneville.","As Tropical Cyclone Cindy moved onshore along the Texas and Louisiana state line, feeder bands on the east side of Cindy developed over central Alabama.  The feeder bands produced several modes of severe weather, including tornadoes, straight line winds, and flash flooding.",57
709947,BUTLER CO.,CHAPMAN,06/22/2017,600,Flash Flood, , ,0,0,0,0,AL,CST-6, ,117723,C,13,MOB,0,0,Law Enforcement,Heavy Rain, , ,2.81,WNW,4.6,WNW,WALD,06/22/2017,900,31.6885,-86.7625,31.7755,-86.7529,"Road closures near the Bolling community due to flash flooding.","Tropical Storm Cindy first developed in the central Gulf of Mexico on the afternoon of Tuesday, June 20th and made landfall between Cameron, LA and Port Arthur, TX during the early morning hours of Thursday, June 22nd. Despite the center of the storm being far removed from the north central Gulf Coast, the effects of Cindy extended several hundred miles to the east of the center and impacted the local area starting late Tuesday and persisting through the end of the week.||The primary impact across southwest and south central Alabama was from heavy rain and flooding. The highest storm total observed was in Thomasville, AL which measured 11.37 of rain ending Friday night, June 23rd. Numerous locations across south central and southwest Alabama recorded 5 to 10 inches of rain. The heavy rain resulted in numerous instances of flash flooding and minor to moderate river flooding. ||Coastal flooding also impacted Mobile and Baldwin Counties, particularly in the typical low lying locations. Tidal gauges indicate the maximum inundation was around 3 feet MHHW in the north end of Mobile Bay. ||Four tornadoes occurred in southern Alabama during Cindy, 3 EF-0 and 1 EF-1. ||Two fatalities occurred, one due to high surf and one due to rip currents.",58
709951,WASHINGTON CO.,COPELAND CO,06/22/2017,930,Flash Flood, , ,0,0,460000,0,AL,CST-6, ,117723,C,129,MOB,0,0,Emergency Manager,Heavy Rain, , ,3.49,ENE,0.81,W,HEALING SPGS,06/22/2017,1200,31.5859,-88.3737,31.6347,-88.3946,"Flash flooding caused significant damage to County Road 36 and County Road 11 west of Millry.","Tropical Storm Cindy first developed in the central Gulf of Mexico on the afternoon of Tuesday, June 20th and made landfall between Cameron, LA and Port Arthur, TX during the early morning hours of Thursday, June 22nd. Despite the center of the storm being far removed from the north central Gulf Coast, the effects of Cindy extended several hundred miles to the east of the center and impacted the local area starting late Tuesday and persisting through the end of the week.||The primary impact across southwest and south central Alabama was from heavy rain and flooding. The highest storm total observed was in Thomasville, AL which measured 11.37 of rain ending Friday night, June 23rd. Numerous locations across south central and southwest Alabama recorded 5 to 10 inches of rain. The heavy rain resulted in numerous instances of flash flooding and minor to moderate river flooding. ||Coastal flooding also impacted Mobile and Baldwin Counties, particularly in the typical low lying locations. Tidal gauges indicate the maximum inundation was around 3 feet MHHW in the north end of Mobile Bay. ||Four tornadoes occurred in southern Alabama during Cindy, 3 EF-0 and 1 EF-1. ||Two fatalities occurred, one due to high surf and one due to rip currents.",59
709953,WASHINGTON CO.,JORDAN,06/22/2017,1130,Flash Flood, , ,0,0,25000,0,AL,CST-6, ,117723,C,129,MOB,0,0,Emergency Manager,Heavy Rain, , ,2.32,NNE,3.53,WSW,BIGBEE,06/22/2017,1330,31.5289,-88.2298,31.6067,-88.1955,"Flash flooding resulted in damage to County Road 31 northeast of Chatom.","Tropical Storm Cindy first developed in the central Gulf of Mexico on the afternoon of Tuesday, June 20th and made landfall between Cameron, LA and Port Arthur, TX during the early morning hours of Thursday, June 22nd. Despite the center of the storm being far removed from the north central Gulf Coast, the effects of Cindy extended several hundred miles to the east of the center and impacted the local area starting late Tuesday and persisting through the end of the week.||The primary impact across southwest and south central Alabama was from heavy rain and flooding. The highest storm total observed was in Thomasville, AL which measured 11.37 of rain ending Friday night, June 23rd. Numerous locations across south central and southwest Alabama recorded 5 to 10 inches of rain. The heavy rain resulted in numerous instances of flash flooding and minor to moderate river flooding. ||Coastal flooding also impacted Mobile and Baldwin Counties, particularly in the typical low lying locations. Tidal gauges indicate the maximum inundation was around 3 feet MHHW in the north end of Mobile Bay. ||Four tornadoes occurred in southern Alabama during Cindy, 3 EF-0 and 1 EF-1. ||Two fatalities occurred, one due to high surf and one due to rip currents.",60
709955,WASHINGTON CO.,MC INTOSH,06/22/2017,1205,Flash Flood, , ,0,0,15000,0,AL,CST-6, ,117723,C,129,MOB,0,0,Emergency Manager,Heavy Rain, , ,2.48,NW,2.89,SSE,SIMS CHAPEL,06/22/2017,1330,31.2906,-88.0644,31.2152,-88.1488,"A portion  of County Road 4 southwest of McIntosh was damaged by flash flooding. Flooding was also reported in the McIntosh Industrial Park Area.","Tropical Storm Cindy first developed in the central Gulf of Mexico on the afternoon of Tuesday, June 20th and made landfall between Cameron, LA and Port Arthur, TX during the early morning hours of Thursday, June 22nd. Despite the center of the storm being far removed from the north central Gulf Coast, the effects of Cindy extended several hundred miles to the east of the center and impacted the local area starting late Tuesday and persisting through the end of the week.||The primary impact across southwest and south central Alabama was from heavy rain and flooding. The highest storm total observed was in Thomasville, AL which measured 11.37 of rain ending Friday night, June 23rd. Numerous locations across south central and southwest Alabama recorded 5 to 10 inches of rain. The heavy rain resulted in numerous instances of flash flooding and minor to moderate river flooding. ||Coastal flooding also impacted Mobile and Baldwin Counties, particularly in the typical low lying locations. Tidal gauges indicate the maximum inundation was around 3 feet MHHW in the north end of Mobile Bay. ||Four tornadoes occurred in southern Alabama during Cindy, 3 EF-0 and 1 EF-1. ||Two fatalities occurred, one due to high surf and one due to rip currents.",61
709962,CHOCTAW CO.,TOXEY,06/22/2017,1300,Flash Flood, , ,0,0,0,0,AL,CST-6, ,117723,C,23,MOB,0,0,Emergency Manager,Heavy Rain, , ,1.29,S,1.27,SSE,WIMBERLY,06/22/2017,1400,31.8814,-88.3016,31.885,-88.2561,"Mosley Bridge road was closed due to rushing water over the road.","Tropical Storm Cindy first developed in the central Gulf of Mexico on the afternoon of Tuesday, June 20th and made landfall between Cameron, LA and Port Arthur, TX during the early morning hours of Thursday, June 22nd. Despite the center of the storm being far removed from the north central Gulf Coast, the effects of Cindy extended several hundred miles to the east of the center and impacted the local area starting late Tuesday and persisting through the end of the week.||The primary impact across southwest and south central Alabama was from heavy rain and flooding. The highest storm total observed was in Thomasville, AL which measured 11.37 of rain ending Friday night, June 23rd. Numerous locations across south central and southwest Alabama recorded 5 to 10 inches of rain. The heavy rain resulted in numerous instances of flash flooding and minor to moderate river flooding. ||Coastal flooding also impacted Mobile and Baldwin Counties, particularly in the typical low lying locations. Tidal gauges indicate the maximum inundation was around 3 feet MHHW in the north end of Mobile Bay. ||Four tornadoes occurred in southern Alabama during Cindy, 3 EF-0 and 1 EF-1. ||Two fatalities occurred, one due to high surf and one due to rip currents.",62
709964,CLARKE CO.,BASHI,06/22/2017,2100,Flash Flood, , ,0,0,0,0,AL,CST-6, ,117723,C,25,MOB,0,0,Emergency Manager,Heavy Rain, , ,2.46,SW,0.95,NNE,SALITPA,06/23/2017,100,31.9441,-87.8989,31.6676,-88.0005,"Flash flooding resulted in the closure of numerous roads in Winn, Chilton, and Thomasville.","Tropical Storm Cindy first developed in the central Gulf of Mexico on the afternoon of Tuesday, June 20th and made landfall between Cameron, LA and Port Arthur, TX during the early morning hours of Thursday, June 22nd. Despite the center of the storm being far removed from the north central Gulf Coast, the effects of Cindy extended several hundred miles to the east of the center and impacted the local area starting late Tuesday and persisting through the end of the week.||The primary impact across southwest and south central Alabama was from heavy rain and flooding. The highest storm total observed was in Thomasville, AL which measured 11.37 of rain ending Friday night, June 23rd. Numerous locations across south central and southwest Alabama recorded 5 to 10 inches of rain. The heavy rain resulted in numerous instances of flash flooding and minor to moderate river flooding. ||Coastal flooding also impacted Mobile and Baldwin Counties, particularly in the typical low lying locations. Tidal gauges indicate the maximum inundation was around 3 feet MHHW in the north end of Mobile Bay. ||Four tornadoes occurred in southern Alabama during Cindy, 3 EF-0 and 1 EF-1. ||Two fatalities occurred, one due to high surf and one due to rip currents.",63
700964,LAUDERDALE CO.,EAST KILLEN,06/23/2017,1231,Flash Flood, , ,0,0,0,0,AL,CST-6, ,115706,C,77,HUN,0,0,Emergency Manager,Heavy Rain / Tropical System, , ,0.74,SE,1.02,S,EAST KILLEN,06/23/2017,1600,34.8618,-87.5118,34.8622,-87.5207,"EMA reported water partially blocking Eastbound lane at US Hwy 72 and County Road 71/Lingerlost Road in Killen. Depth of water unknown.","Unstable and tropical air interacted with the remains of the circulation of former Tropical Storm Cindy to produce numerous showers and thunderstorms from late morning into the early afternoon hours.  A few of these thunderstorms produced wind damage.  Locally heavy rainfall of 1 to 3 inches in few spots produced brief excessive runoff and flash flooding.",64
700971,COLBERT CO.,MUSCLE SHOALS,06/23/2017,1248,Flash Flood, , ,0,0,0,0,AL,CST-6, ,115706,C,33,HUN,0,0,Broadcast Media,Heavy Rain / Tropical System, , ,0.69,S,0.62,SE,MUSCLE SHOALS,06/23/2017,1600,34.74,-87.67,34.7456,-87.6634,"Local media reported a vehicle submerged in a drainage ditch at South Gate Mall on Avalon Avenue in Muscle Shoals. Depth of water unknown.","Unstable and tropical air interacted with the remains of the circulation of former Tropical Storm Cindy to produce numerous showers and thunderstorms from late morning into the early afternoon hours.  A few of these thunderstorms produced wind damage.  Locally heavy rainfall of 1 to 3 inches in few spots produced brief excessive runoff and flash flooding.",65
700974,COLBERT CO.,TUSCUMBIA,06/23/2017,1312,Flash Flood, , ,0,0,0,0,AL,CST-6, ,115706,C,33,HUN,0,0,Emergency Manager,Heavy Rain / Tropical System, , ,0.69,N,0.58,N,TUSCUMBIA,06/23/2017,1700,34.74,-87.7,34.7394,-87.7019,"EMA reported flooding at 1st Street and Commons Street in Tuscumbia.","Unstable and tropical air interacted with the remains of the circulation of former Tropical Storm Cindy to produce numerous showers and thunderstorms from late morning into the early afternoon hours.  A few of these thunderstorms produced wind damage.  Locally heavy rainfall of 1 to 3 inches in few spots produced brief excessive runoff and flash flooding.",66
700976,COLBERT CO.,MUSCLE SHOALS,06/23/2017,1312,Flash Flood, , ,0,0,0,0,AL,CST-6, ,115706,C,33,HUN,0,0,Emergency Manager,Heavy Rain / Tropical System, , ,0.69,N,0.86,ESE,TUSCUMBIA,06/23/2017,1700,34.76,-87.67,34.7256,-87.6781,"EMA reports flooded roads across Woodward Avenue from 2nd Street to 6th Street. Depth of water unknown.","Unstable and tropical air interacted with the remains of the circulation of former Tropical Storm Cindy to produce numerous showers and thunderstorms from late morning into the early afternoon hours.  A few of these thunderstorms produced wind damage.  Locally heavy rainfall of 1 to 3 inches in few spots produced brief excessive runoff and flash flooding.",67
700977,LIMESTONE CO.,TANNER,06/23/2017,1410,Flash Flood, , ,0,0,0,0,AL,CST-6, ,115706,C,83,HUN,0,0,Emergency Manager,Heavy Rain / Tropical System, , ,0,N,0.66,NW,MURPHREE PLACE,06/23/2017,1800,34.73,-86.97,34.7133,-86.9813,"Water reported running over numerous roads across Limestone County, particularly in the Tanner Community. Depth of water unknown at this time.","Unstable and tropical air interacted with the remains of the circulation of former Tropical Storm Cindy to produce numerous showers and thunderstorms from late morning into the early afternoon hours.  A few of these thunderstorms produced wind damage.  Locally heavy rainfall of 1 to 3 inches in few spots produced brief excessive runoff and flash flooding.",68
700978,MADISON CO.,GLADSTONE,06/23/2017,1432,Flash Flood, , ,0,0,0,0,AL,CST-6, ,115706,C,89,HUN,0,0,Fire Department/Rescue,Heavy Rain / Tropical System, , ,1.79,SW,1.22,WNW,GLADSTONE,06/23/2017,1800,34.86,-86.67,34.8871,-86.6821,"Fire Department reported road flooding along Carters Gin Road.","Unstable and tropical air interacted with the remains of the circulation of former Tropical Storm Cindy to produce numerous showers and thunderstorms from late morning into the early afternoon hours.  A few of these thunderstorms produced wind damage.  Locally heavy rainfall of 1 to 3 inches in few spots produced brief excessive runoff and flash flooding.",69
700979,MADISON CO.,MT LEVENTOV,06/23/2017,1433,Flash Flood, , ,0,0,0,0,AL,CST-6, ,115706,C,89,HUN,0,0,Fire Department/Rescue,Heavy Rain / Tropical System, , ,1.33,WSW,1.51,SSE,GLADSTONE,06/23/2017,1800,34.86,-86.64,34.8646,-86.6454,"Fire Department reported road flooding at the intersection of Pulaski Pike and Beaver Dam Road.","Unstable and tropical air interacted with the remains of the circulation of former Tropical Storm Cindy to produce numerous showers and thunderstorms from late morning into the early afternoon hours.  A few of these thunderstorms produced wind damage.  Locally heavy rainfall of 1 to 3 inches in few spots produced brief excessive runoff and flash flooding.",70
709996,CLARKE CO.,WEST BEND,06/23/2017,1835,Flash Flood, , ,0,0,50000,0,AL,CST-6, ,117723,C,25,MOB,0,0,Emergency Manager,Heavy Rain, , ,2.77,SSE,2.59,NNE,COFFEEVILLE,06/23/2017,2035,31.796,-88.1049,31.768,-88.087,"Flash flooding resulted in a portion of north bound Highway 69 collapsing. A section of Tallahatta Springs Road about 5 miles west of Highway 49 caved in.","Tropical Storm Cindy first developed in the central Gulf of Mexico on the afternoon of Tuesday, June 20th and made landfall between Cameron, LA and Port Arthur, TX during the early morning hours of Thursday, June 22nd. Despite the center of the storm being far removed from the north central Gulf Coast, the effects of Cindy extended several hundred miles to the east of the center and impacted the local area starting late Tuesday and persisting through the end of the week.||The primary impact across southwest and south central Alabama was from heavy rain and flooding. The highest storm total observed was in Thomasville, AL which measured 11.37 of rain ending Friday night, June 23rd. Numerous locations across south central and southwest Alabama recorded 5 to 10 inches of rain. The heavy rain resulted in numerous instances of flash flooding and minor to moderate river flooding. ||Coastal flooding also impacted Mobile and Baldwin Counties, particularly in the typical low lying locations. Tidal gauges indicate the maximum inundation was around 3 feet MHHW in the north end of Mobile Bay. ||Four tornadoes occurred in southern Alabama during Cindy, 3 EF-0 and 1 EF-1. ||Two fatalities occurred, one due to high surf and one due to rip currents.",71
710010,CLARKE CO.,FULTON,06/23/2017,1900,Flash Flood, , ,0,0,0,0,AL,CST-6, ,117723,C,25,MOB,0,0,Emergency Manager,Heavy Rain, , ,2.12,NW,2.76,W,FULTON,06/23/2017,2100,31.8047,-87.7516,31.7787,-87.7585,"Flash flooding resulted in the closure of Bassetts Creek Road.","Tropical Storm Cindy first developed in the central Gulf of Mexico on the afternoon of Tuesday, June 20th and made landfall between Cameron, LA and Port Arthur, TX during the early morning hours of Thursday, June 22nd. Despite the center of the storm being far removed from the north central Gulf Coast, the effects of Cindy extended several hundred miles to the east of the center and impacted the local area starting late Tuesday and persisting through the end of the week.||The primary impact across southwest and south central Alabama was from heavy rain and flooding. The highest storm total observed was in Thomasville, AL which measured 11.37 of rain ending Friday night, June 23rd. Numerous locations across south central and southwest Alabama recorded 5 to 10 inches of rain. The heavy rain resulted in numerous instances of flash flooding and minor to moderate river flooding. ||Coastal flooding also impacted Mobile and Baldwin Counties, particularly in the typical low lying locations. Tidal gauges indicate the maximum inundation was around 3 feet MHHW in the north end of Mobile Bay. ||Four tornadoes occurred in southern Alabama during Cindy, 3 EF-0 and 1 EF-1. ||Two fatalities occurred, one due to high surf and one due to rip currents.",72
714632,MADISON CO.,RYLAND,07/04/2017,425,Flash Flood, , ,0,0,0,0,AL,CST-6, ,116199,C,89,HUN,0,0,Broadcast Media,Heavy Rain, , ,1.49,NNW,1.11,NNW,RYLAND,07/04/2017,1000,34.79,-86.49,34.7916,-86.4959,"Flash Flooding ongoing on Homer Nance Road. Road is currently barricaded.","Clusters of showers and thunderstorms took advantage of a very moist atmosphere to produce very heavy rain in some areas.  Rainfall of 2 to 4 inches occurred in the span of just a couple of hours in local areas of Madison and Jackson Counties leading to rapid runoff and flash flooding in a few locations.  A couple of vehicles were swept off the road in the Hampton Cove area and along Slaughter Road in west Huntsville. A couple of roads were temporarily closed due to flash flooding in Madison County.",73
714634,JACKSON CO.,HOLLYTREE,07/04/2017,600,Flash Flood, , ,0,0,0,0,AL,CST-6, ,116199,C,71,HUN,0,0,Broadcast Media,Heavy Rain, , ,0,N,0.87,NW,HOLLYTREE,07/04/2017,1200,34.8,-86.25,34.8055,-86.2557,"Approximately 12 inches of water on Highway 65 around Mile Marker 11. Reported by a local resident.","Clusters of showers and thunderstorms took advantage of a very moist atmosphere to produce very heavy rain in some areas.  Rainfall of 2 to 4 inches occurred in the span of just a couple of hours in local areas of Madison and Jackson Counties leading to rapid runoff and flash flooding in a few locations.  A couple of vehicles were swept off the road in the Hampton Cove area and along Slaughter Road in west Huntsville. A couple of roads were temporarily closed due to flash flooding in Madison County.",74
714636,MADISON CO.,NUNN STORE,07/04/2017,748,Flash Flood, , ,0,0,0,0,AL,CST-6, ,116199,C,89,HUN,0,0,Broadcast Media,Heavy Rain, , ,1.49,NNW,1.52,NNW,NUNN STORE,07/04/2017,1400,34.67,-86.49,34.6669,-86.4894,"Caldwell Road closed in Owens Cross Roads due to flash flooding. Creek overflowed its bank onto roadway.","Clusters of showers and thunderstorms took advantage of a very moist atmosphere to produce very heavy rain in some areas.  Rainfall of 2 to 4 inches occurred in the span of just a couple of hours in local areas of Madison and Jackson Counties leading to rapid runoff and flash flooding in a few locations.  A couple of vehicles were swept off the road in the Hampton Cove area and along Slaughter Road in west Huntsville. A couple of roads were temporarily closed due to flash flooding in Madison County.",75
713163,JEFFERSON CO.,CAHABA HGTS,07/11/2017,1510,Flash Flood, , ,0,0,0,0,AL,CST-6, ,118712,C,73,BMX,0,0,Public,Heavy Rain, , ,0.75,NW,0.66,NNW,CAHABA HGTS,07/11/2017,1630,33.4573,-86.7396,33.4646,-86.7403,"Crosshaven Road flooded at the intersection of Green Valley Road. Water also entering several businesses in this area. Several homes flooded on Dolly Ridge Road.","A nearly stationary complex of thunderstorms over southern Jefferson County produced localized flash flooding in the Cahaba Heights area.",76
713169,JEFFERSON CO.,ISHKOODA,07/15/2017,1650,Flash Flood, , ,0,0,0,0,AL,CST-6, ,118713,C,73,BMX,0,0,Public,Heavy Rain, , ,1.32,WNW,0.41,SE,LIPSCOMB,07/15/2017,1830,33.3806,-86.999,33.3908,-86.9204,"Several reports of flooding across south Jefferson County.  Locations include the cities of Pelham, Bessemer, Hoover.  Rainfall reports were in the 4-6 inch range for this event.","An east to west upper level trough axis was stationary across central Alabama. Slow moving thunderstorms during the afternoon and evening and produced localized flash flooding.",77
713173,SHELBY CO.,PARAMOUNT,07/15/2017,1650,Flash Flood, , ,0,0,0,0,AL,CST-6, ,118713,C,117,BMX,0,0,Law Enforcement,Heavy Rain, , ,1.35,ESE,1.29,ESE,PARAMOUNT,07/15/2017,1830,33.31,-86.81,33.3109,-86.7958,"Several reports of flooded roadways in the city of Pelham. Rainfall reports were in the 3-5 inch range for this event.","An east to west upper level trough axis was stationary across central Alabama. Slow moving thunderstorms during the afternoon and evening and produced localized flash flooding.",78
713171,MONTGOMERY CO.,CAPITAL HGTS,07/15/2017,2035,Flash Flood, , ,0,0,0,0,AL,CST-6, ,118713,C,101,BMX,0,0,Law Enforcement,Heavy Rain, , ,0.6,S,1.61,S,KILBY,07/15/2017,2200,32.3913,-86.2801,32.4075,-86.231,"Several roads flooded in the city of Montgomery.","An east to west upper level trough axis was stationary across central Alabama. Slow moving thunderstorms during the afternoon and evening and produced localized flash flooding.",79
716754,BLOUNT CO.,ONEONTA,07/24/2017,1337,Flash Flood, , ,0,0,0,0,AL,CST-6, ,119426,C,9,BMX,0,0,Emergency Manager,Heavy Rain, , ,0,N,0.7,ESE,ONEONTA,07/24/2017,1500,33.95,-86.47,33.9474,-86.4652,"Several streets flooded in downtown Oneonta.","A slow moving upper level trough pushed southward across Alabama on July 25-45, producing scattered to numerous thunderstorms each day.  Precipitable water values were above two inches south of the trough axis, and some of the thunderstorms produced localized flash flooding.",80
716750,JEFFERSON CO.,AVONDALE,07/24/2017,1345,Flash Flood, , ,0,0,0,0,AL,CST-6, ,119426,C,73,BMX,0,0,Emergency Manager,Heavy Rain, , ,1.38,N,0.83,NW,(BHM)BIRMINGHAM ARPT,07/24/2017,1630,33.55,-86.78,33.59,-86.77,"Several roads flooded in the Birmingham Metropolitan area.  Water rescues for stranded vehicles were performed on Tallapoosa Street near the intersection of Interstate 20 and Montevallo Road near the intersection of Oporto Madrid Boulevard.","A slow moving upper level trough pushed southward across Alabama on July 25-45, producing scattered to numerous thunderstorms each day.  Precipitable water values were above two inches south of the trough axis, and some of the thunderstorms produced localized flash flooding.",81
716756,RUSSELL CO.,LADONIA,07/25/2017,850,Flash Flood, , ,0,0,0,0,AL,CST-6, ,119426,C,113,BMX,0,0,Law Enforcement,Heavy Rain, , ,2.23,NE,0.24,W,GIRARD,07/25/2017,1000,32.49,-85.04,32.4449,-85.0376,"Several roads flooded in and around the Phenix City area.","A slow moving upper level trough pushed southward across Alabama on July 25-45, producing scattered to numerous thunderstorms each day.  Precipitable water values were above two inches south of the trough axis, and some of the thunderstorms produced localized flash flooding.",82
716788,JEFFERSON CO.,VESTAVIA HILLS,07/26/2017,1045,Flash Flood, , ,0,0,0,0,AL,CST-6, ,119430,C,73,BMX,0,0,Public,Heavy Rain, , ,2,NNW,1.72,NE,PATTON CHAPLE,07/26/2017,1300,33.4249,-86.7979,33.3975,-86.8117,"Severe flash flooding occurred in a very small area of southern Jefferson County, along Patton Creek, which winds through the cities of Vestavia Hills and Hoover.  Water levels rose rapidly along the creek and flooded numerous adjacent businesses and roads.  Several vehicles were washed off the road and into the creek.","Central Alabama was located on the eastern periphery of an upper ridge.  Several upper level disturbances tracking southward down the eastern side of the ridge provided a trigger for afternoon convection.  The combination of high precipitable water values and CAPE values near 4000 J/KG produced isolated severe thunderstorms with damaging winds and very heavy rainfall.",83
714637,MORGAN CO.,FAIRVIEW,07/28/2017,825,Flash Flood, , ,0,0,0,0,AL,CST-6, ,118979,C,103,HUN,0,0,Trained Spotter,Heavy Rain, , ,0,N,0.17,N,FAIRVIEW,07/28/2017,1400,34.58,-86.95,34.5867,-86.9501,"At least 8 inches of water was reported over the road on 11th Street.","Slow-moving thunderstorms repeatedly trained over the same locations in Decatur. Several reports all along 6th Avenue and other parts of downtown Decatur indicated about a foot or more of water inundating the road and intersections in a few locations.",84
714639,MORGAN CO.,FAIRVIEW,07/28/2017,825,Flash Flood, , ,0,0,0,0,AL,CST-6, ,118979,C,103,HUN,0,0,Trained Spotter,Heavy Rain, , ,0.69,N,0.73,NNW,FAIRVIEW,07/28/2017,1400,34.59,-86.95,34.5862,-86.9539,"At least 8 inches of water reported over the road on 8th Street.","Slow-moving thunderstorms repeatedly trained over the same locations in Decatur. Several reports all along 6th Avenue and other parts of downtown Decatur indicated about a foot or more of water inundating the road and intersections in a few locations.",85
714641,MORGAN CO.,FAIRVIEW,07/28/2017,832,Flash Flood, , ,0,0,0,0,AL,CST-6, ,118979,C,103,HUN,0,0,Emergency Manager,Heavy Rain, , ,0.9,SW,0.74,ENE,OAKWORTH,07/28/2017,1400,34.57,-86.96,34.5732,-86.9729,"At least 6 inches of water reported over portions of Stratford Road SE. Portions of the road barricaded.","Slow-moving thunderstorms repeatedly trained over the same locations in Decatur. Several reports all along 6th Avenue and other parts of downtown Decatur indicated about a foot or more of water inundating the road and intersections in a few locations.",86
714644,MORGAN CO.,DECATUR,07/28/2017,832,Flash Flood, , ,0,0,0,0,AL,CST-6, ,118979,C,103,HUN,0,0,Emergency Manager,Heavy Rain, , ,0.69,S,0.8,S,DECATUR,07/28/2017,1400,34.61,-86.98,34.6085,-86.9816,"More than 6 inches of water and barricaded roads reported on Church Street and 6th Avenue.","Slow-moving thunderstorms repeatedly trained over the same locations in Decatur. Several reports all along 6th Avenue and other parts of downtown Decatur indicated about a foot or more of water inundating the road and intersections in a few locations.",87
714643,MORGAN CO.,FAIRVIEW,07/28/2017,832,Flash Flood, , ,0,0,0,0,AL,CST-6, ,118979,C,103,HUN,0,0,Emergency Manager,Heavy Rain, , ,0,N,0.09,W,FAIRVIEW,07/28/2017,1400,34.58,-86.95,34.5803,-86.952,"At least 6 inches of water over the roadway and portions of Dogwood Lane SE and Elliott Streets Barricaded.","Slow-moving thunderstorms repeatedly trained over the same locations in Decatur. Several reports all along 6th Avenue and other parts of downtown Decatur indicated about a foot or more of water inundating the road and intersections in a few locations.",88
714646,MORGAN CO.,OAKWORTH,07/28/2017,905,Flash Flood, , ,0,0,0,0,AL,CST-6, ,118979,C,103,HUN,0,0,Emergency Manager,Heavy Rain, , ,0,N,0.34,S,OAKWORTH,07/28/2017,1400,34.57,-86.98,34.5656,-86.9804,"Up to a foot of water reported over portions of Knight Street.","Slow-moving thunderstorms repeatedly trained over the same locations in Decatur. Several reports all along 6th Avenue and other parts of downtown Decatur indicated about a foot or more of water inundating the road and intersections in a few locations.",89
718913,MOBILE CO.,COTTAGE HILL,08/04/2017,1645,Flash Flood, , ,0,0,0,0,AL,CST-6, ,119951,C,97,MOB,0,0,Department of Highways,Heavy Rain, , ,1.01,SE,0.94,SSE,COTTAGE HILL,08/04/2017,1830,30.6381,-88.1401,30.6359,-88.1392,"Heavy rain caused water over the roadway at US 90 and Azalea Road.","Slow moving thunderstorms produced very heavy rain which caused flooding across southwest Alabama.",90
718915,MOBILE CO.,DAWES,08/04/2017,1645,Flash Flood, , ,0,0,0,0,AL,CST-6, ,119951,C,97,MOB,0,0,Department of Highways,Heavy Rain, , ,2.82,ENE,2.73,ENE,DAWES,08/04/2017,1830,30.6157,-88.2062,30.6151,-88.2068,"Heavy rain caused water over the roadway near Sollie Road near Halls Mill Creek.","Slow moving thunderstorms produced very heavy rain which caused flooding across southwest Alabama.",91
718914,MOBILE CO.,(MOB)MOBILE BATES FL,08/04/2017,1645,Flash Flood, , ,0,0,0,0,AL,CST-6, ,119951,C,97,MOB,0,0,Department of Highways,Heavy Rain, , ,2.82,S,2.81,S,(MOB)MOBILE BATES FL,08/04/2017,1830,30.6396,-88.2233,30.6388,-88.224,"Heavy rain caused water over the roadway near Schillinger and Cottage Hill Road.","Slow moving thunderstorms produced very heavy rain which caused flooding across southwest Alabama.",92
718158,MADISON CO.,JEFF,08/10/2017,345,Flash Flood, , ,0,0,0,0,AL,CST-6, ,119751,C,89,HUN,0,0,State Official,Heavy Rain, , ,2.76,N,2.44,N,JEFF,08/10/2017,1000,34.86,-86.72,34.8572,-86.717,"The intersection of Harvest Road and Highway 53 is impassable due to flowing water.","During the overnight hours of August 9th into the wee hours of the morning of the 10th, two separate and significant flash flooding events occurred in Madison County. The overnight/early morning hours event occurred in Northern Madison County, affecting locations from Harvest to Hazel Green/Meridianville and eastward to New Market. Widespread rainfall totals of 7-8 inches occurred over the span of a few hours, leading to significant flash flooding, resulting in numerous roads closed and several vehicles inundated with water. The second Flash Flooding event took place that evening over the city of Huntsville, specifically along Highway 431 in eastern Madison County, from California Street near Governors drive eastward along Hwy 431 to Hampton Cove. This mainly was exacerbated both by rainfall rates and enhanced runoff processes due to terrain (Monte Sano Mountain). Numerous roads were closed as well, with one river gage (DUGA1) measuring nearly 4 of rainfall in one hour.",93
718160,MADISON CO.,MADISON XRDS,08/10/2017,400,Flash Flood, , ,0,0,0,0,AL,CST-6, ,119751,C,89,HUN,0,0,State Official,Heavy Rain, , ,1.49,SSW,1.04,S,TONEY,08/10/2017,1000,34.88,-86.73,34.8793,-86.745,"McKee Road just south of Toney Road is impassable due to flowing water.","During the overnight hours of August 9th into the wee hours of the morning of the 10th, two separate and significant flash flooding events occurred in Madison County. The overnight/early morning hours event occurred in Northern Madison County, affecting locations from Harvest to Hazel Green/Meridianville and eastward to New Market. Widespread rainfall totals of 7-8 inches occurred over the span of a few hours, leading to significant flash flooding, resulting in numerous roads closed and several vehicles inundated with water. The second Flash Flooding event took place that evening over the city of Huntsville, specifically along Highway 431 in eastern Madison County, from California Street near Governors drive eastward along Hwy 431 to Hampton Cove. This mainly was exacerbated both by rainfall rates and enhanced runoff processes due to terrain (Monte Sano Mountain). Numerous roads were closed as well, with one river gage (DUGA1) measuring nearly 4 of rainfall in one hour.",94
718163,MADISON CO.,HAZEL GREEN ARPT,08/10/2017,400,Flash Flood, , ,0,0,0,0,AL,CST-6, ,119751,C,89,HUN,0,0,State Official,Heavy Rain, , ,1.79,SW,0.85,WSW,HAZEL GREEN ARPT,08/10/2017,1000,34.9,-86.67,34.9082,-86.6729,"The intersection of Pulaski Pike and Toney Road is considered impassable due to flowing water.","During the overnight hours of August 9th into the wee hours of the morning of the 10th, two separate and significant flash flooding events occurred in Madison County. The overnight/early morning hours event occurred in Northern Madison County, affecting locations from Harvest to Hazel Green/Meridianville and eastward to New Market. Widespread rainfall totals of 7-8 inches occurred over the span of a few hours, leading to significant flash flooding, resulting in numerous roads closed and several vehicles inundated with water. The second Flash Flooding event took place that evening over the city of Huntsville, specifically along Highway 431 in eastern Madison County, from California Street near Governors drive eastward along Hwy 431 to Hampton Cove. This mainly was exacerbated both by rainfall rates and enhanced runoff processes due to terrain (Monte Sano Mountain). Numerous roads were closed as well, with one river gage (DUGA1) measuring nearly 4 of rainfall in one hour.",95
718164,MADISON CO.,MT LEVENTOV,08/10/2017,500,Flash Flood, , ,0,0,0,0,AL,CST-6, ,119751,C,89,HUN,0,0,State Official,Heavy Rain, , ,2.15,NNE,2.32,SW,HAZEL GREEN,08/10/2017,1000,34.9,-86.61,34.9071,-86.6099,"The intersection of Grimwood Road  and Jack Thomas is considered impassable due fast flowing water.","During the overnight hours of August 9th into the wee hours of the morning of the 10th, two separate and significant flash flooding events occurred in Madison County. The overnight/early morning hours event occurred in Northern Madison County, affecting locations from Harvest to Hazel Green/Meridianville and eastward to New Market. Widespread rainfall totals of 7-8 inches occurred over the span of a few hours, leading to significant flash flooding, resulting in numerous roads closed and several vehicles inundated with water. The second Flash Flooding event took place that evening over the city of Huntsville, specifically along Highway 431 in eastern Madison County, from California Street near Governors drive eastward along Hwy 431 to Hampton Cove. This mainly was exacerbated both by rainfall rates and enhanced runoff processes due to terrain (Monte Sano Mountain). Numerous roads were closed as well, with one river gage (DUGA1) measuring nearly 4 of rainfall in one hour.",96
718165,MADISON CO.,STEGERS STORE,08/10/2017,502,Flash Flood, , ,0,0,0,0,AL,CST-6, ,119751,C,89,HUN,0,0,Law Enforcement,Heavy Rain, , ,1.79,NW,1.44,SSW,HAZEL GREEN,08/10/2017,1000,34.9,-86.59,34.9041,-86.5925,"The intersection of Grimwood Road and Cherry Drive is considered impassable due to fast flowing water.","During the overnight hours of August 9th into the wee hours of the morning of the 10th, two separate and significant flash flooding events occurred in Madison County. The overnight/early morning hours event occurred in Northern Madison County, affecting locations from Harvest to Hazel Green/Meridianville and eastward to New Market. Widespread rainfall totals of 7-8 inches occurred over the span of a few hours, leading to significant flash flooding, resulting in numerous roads closed and several vehicles inundated with water. The second Flash Flooding event took place that evening over the city of Huntsville, specifically along Highway 431 in eastern Madison County, from California Street near Governors drive eastward along Hwy 431 to Hampton Cove. This mainly was exacerbated both by rainfall rates and enhanced runoff processes due to terrain (Monte Sano Mountain). Numerous roads were closed as well, with one river gage (DUGA1) measuring nearly 4 of rainfall in one hour.",97
718180,MADISON CO.,MADISON XRDS,08/10/2017,548,Flash Flood, , ,0,0,0,0,AL,CST-6, ,119751,C,89,HUN,0,0,State Official,Heavy Rain, , ,0.89,NW,0.49,ESE,DAN,08/10/2017,1000,34.91,-86.73,34.9115,-86.7341,"The intersection of Old Railroad Bed Road and Dan Crutcher Road is considered impassable due to flowing water.","During the overnight hours of August 9th into the wee hours of the morning of the 10th, two separate and significant flash flooding events occurred in Madison County. The overnight/early morning hours event occurred in Northern Madison County, affecting locations from Harvest to Hazel Green/Meridianville and eastward to New Market. Widespread rainfall totals of 7-8 inches occurred over the span of a few hours, leading to significant flash flooding, resulting in numerous roads closed and several vehicles inundated with water. The second Flash Flooding event took place that evening over the city of Huntsville, specifically along Highway 431 in eastern Madison County, from California Street near Governors drive eastward along Hwy 431 to Hampton Cove. This mainly was exacerbated both by rainfall rates and enhanced runoff processes due to terrain (Monte Sano Mountain). Numerous roads were closed as well, with one river gage (DUGA1) measuring nearly 4 of rainfall in one hour.",98
718181,MADISON CO.,GLADSTONE,08/10/2017,600,Flash Flood, , ,0,0,0,0,AL,CST-6, ,119751,C,89,HUN,0,0,Public,Heavy Rain, , ,0.69,N,1.38,S,HAZEL GREEN ARPT,08/10/2017,1000,34.89,-86.65,34.9009,-86.6493,"Reports of flooding along Murphy Hill Road and the Whitt Haven Subdivision. Report relayed by public and social media.","During the overnight hours of August 9th into the wee hours of the morning of the 10th, two separate and significant flash flooding events occurred in Madison County. The overnight/early morning hours event occurred in Northern Madison County, affecting locations from Harvest to Hazel Green/Meridianville and eastward to New Market. Widespread rainfall totals of 7-8 inches occurred over the span of a few hours, leading to significant flash flooding, resulting in numerous roads closed and several vehicles inundated with water. The second Flash Flooding event took place that evening over the city of Huntsville, specifically along Highway 431 in eastern Madison County, from California Street near Governors drive eastward along Hwy 431 to Hampton Cove. This mainly was exacerbated both by rainfall rates and enhanced runoff processes due to terrain (Monte Sano Mountain). Numerous roads were closed as well, with one river gage (DUGA1) measuring nearly 4 of rainfall in one hour.",99
718185,MADISON CO.,SULPHUR SPGS,08/10/2017,630,Flash Flood, , ,0,0,0,0,AL,CST-6, ,119751,C,89,HUN,0,0,Broadcast Media,Heavy Rain, , ,2.07,S,2.06,S,SULPHUR SPGS,08/10/2017,1000,34.89,-86.52,34.8856,-86.5207,"Media relayed report of flooding near Lynn Fanning Elementary School.","During the overnight hours of August 9th into the wee hours of the morning of the 10th, two separate and significant flash flooding events occurred in Madison County. The overnight/early morning hours event occurred in Northern Madison County, affecting locations from Harvest to Hazel Green/Meridianville and eastward to New Market. Widespread rainfall totals of 7-8 inches occurred over the span of a few hours, leading to significant flash flooding, resulting in numerous roads closed and several vehicles inundated with water. The second Flash Flooding event took place that evening over the city of Huntsville, specifically along Highway 431 in eastern Madison County, from California Street near Governors drive eastward along Hwy 431 to Hampton Cove. This mainly was exacerbated both by rainfall rates and enhanced runoff processes due to terrain (Monte Sano Mountain). Numerous roads were closed as well, with one river gage (DUGA1) measuring nearly 4 of rainfall in one hour.",100
718303,MADISON CO.,HAZEL GREEN,08/10/2017,630,Flash Flood, , ,0,0,0,0,AL,CST-6, ,119751,C,89,HUN,0,0,Broadcast Media,Heavy Rain, , ,0,N,1.26,N,HAZEL GREEN,08/10/2017,1000,34.93,-86.58,34.948,-86.5788,"Media relayed social media report of flooding along West Limestone Road near Hazel Green.","During the overnight hours of August 9th into the wee hours of the morning of the 10th, two separate and significant flash flooding events occurred in Madison County. The overnight/early morning hours event occurred in Northern Madison County, affecting locations from Harvest to Hazel Green/Meridianville and eastward to New Market. Widespread rainfall totals of 7-8 inches occurred over the span of a few hours, leading to significant flash flooding, resulting in numerous roads closed and several vehicles inundated with water. The second Flash Flooding event took place that evening over the city of Huntsville, specifically along Highway 431 in eastern Madison County, from California Street near Governors drive eastward along Hwy 431 to Hampton Cove. This mainly was exacerbated both by rainfall rates and enhanced runoff processes due to terrain (Monte Sano Mountain). Numerous roads were closed as well, with one river gage (DUGA1) measuring nearly 4 of rainfall in one hour.",101
719104,ELMORE CO.,PRATTVILLE JCT,08/10/2017,1600,Flash Flood, , ,0,0,0,0,AL,CST-6, ,120002,C,51,BMX,0,0,Emergency Manager,Heavy Rain, , ,0.35,WSW,1.56,SW,MILLBROOK,08/10/2017,1745,32.4677,-86.3554,32.4532,-86.4124,"Numerous roads in the city of Millbrook flooded and impassable.","The interaction of two mesoscale features produced areas of concentrated heavy rainfall and flash flooding across central Alabama. A Mesoscale Convective Vortex moving eastward from southern Mississippi collided with a sea-breeze front moving northward from the Gulf Coast. Precipitable water values were near 2.5 inches which resulted in highly efficient rainfall rates.",102
719107,PIKE CO.,TROY MUNI ARPT,08/10/2017,1615,Flash Flood, , ,0,0,0,0,AL,CST-6, ,120002,C,109,BMX,0,0,Emergency Manager,Heavy Rain, , ,0,N,2.3,SSW,NEEDMORE,08/10/2017,1800,31.87,-86.02,31.8871,-85.9598,"Numerous roads flooded and impassable in the city of Troy.  County Road 3319 at Whitewater Creek impassable due to high water.  The Troy Municipal Airport (KTOI) reported  3.31 inches of rainfall during a 90 minute time span.","The interaction of two mesoscale features produced areas of concentrated heavy rainfall and flash flooding across central Alabama. A Mesoscale Convective Vortex moving eastward from southern Mississippi collided with a sea-breeze front moving northward from the Gulf Coast. Precipitable water values were near 2.5 inches which resulted in highly efficient rainfall rates.",103
719105,AUTAUGA CO.,FAYS,08/10/2017,1615,Flash Flood, , ,0,0,0,0,AL,CST-6, ,120002,C,1,BMX,0,0,Emergency Manager,Heavy Rain, , ,1.75,NNE,1.39,SSE,FAYS,08/10/2017,1745,32.5045,-86.4124,32.4532,-86.4124,"Several roads flooded in the city of Prattville including portions of Highway 82.","The interaction of two mesoscale features produced areas of concentrated heavy rainfall and flash flooding across central Alabama. A Mesoscale Convective Vortex moving eastward from southern Mississippi collided with a sea-breeze front moving northward from the Gulf Coast. Precipitable water values were near 2.5 inches which resulted in highly efficient rainfall rates.",104
719108,MONTGOMERY CO.,(MGM)MONTGOMERY ARPT,08/10/2017,1730,Flash Flood, , ,0,0,0,0,AL,CST-6, ,120002,C,101,BMX,0,0,Emergency Manager,Heavy Rain, , ,0,N,1.63,SSW,HOPE HULL,08/10/2017,1900,32.3,-86.4,32.2512,-86.3553,"Numerous roads flooded and impassable in the city of Montgomery.  Several roads flooded near the exit 164 off Interstate 65.  The Montgomery Regional Airport (KMGM) recorded 5.01 inches of rain during a 90 minute time span.","The interaction of two mesoscale features produced areas of concentrated heavy rainfall and flash flooding across central Alabama. A Mesoscale Convective Vortex moving eastward from southern Mississippi collided with a sea-breeze front moving northward from the Gulf Coast. Precipitable water values were near 2.5 inches which resulted in highly efficient rainfall rates.",105
719343,ST. CLAIR CO.,SPRINGVILLE,08/10/2017,1820,Flash Flood, , ,0,0,0,0,AL,CST-6, ,120002,C,115,BMX,0,0,Emergency Manager,Heavy Rain, , ,3.35,WNW,1.69,NW,ST CLAIR,08/10/2017,1930,33.7878,-86.5242,33.8174,-86.4617,"Several roads flooded and impassable in the town of Springville.","The interaction of two mesoscale features produced areas of concentrated heavy rainfall and flash flooding across central Alabama. A Mesoscale Convective Vortex moving eastward from southern Mississippi collided with a sea-breeze front moving northward from the Gulf Coast. Precipitable water values were near 2.5 inches which resulted in highly efficient rainfall rates.",106
718305,MADISON CO.,HADEN,08/10/2017,1910,Flash Flood, , ,0,0,0,0,AL,CST-6, ,119751,C,89,HUN,0,0,Emergency Manager,Heavy Rain, , ,1.38,N,1.31,N,HADEN,08/10/2017,2359,34.7,-86.52,34.6972,-86.5171,"Huntsville Police reporting that part of the road was washing away on Highway 431 Southbound just South of Dug Hill Road with water overtopping the retaining wall.","During the overnight hours of August 9th into the wee hours of the morning of the 10th, two separate and significant flash flooding events occurred in Madison County. The overnight/early morning hours event occurred in Northern Madison County, affecting locations from Harvest to Hazel Green/Meridianville and eastward to New Market. Widespread rainfall totals of 7-8 inches occurred over the span of a few hours, leading to significant flash flooding, resulting in numerous roads closed and several vehicles inundated with water. The second Flash Flooding event took place that evening over the city of Huntsville, specifically along Highway 431 in eastern Madison County, from California Street near Governors drive eastward along Hwy 431 to Hampton Cove. This mainly was exacerbated both by rainfall rates and enhanced runoff processes due to terrain (Monte Sano Mountain). Numerous roads were closed as well, with one river gage (DUGA1) measuring nearly 4 of rainfall in one hour.",107
719349,RANDOLPH CO.,ALMOND,08/10/2017,1910,Flash Flood, , ,0,0,0,0,AL,CST-6, ,120002,C,111,BMX,0,0,Fire Department/Rescue,Heavy Rain, , ,3.15,W,0.84,WNW,DINGLER,08/10/2017,2130,33.1272,-85.6544,33.3398,-85.6513,"Numerous reports of flooded roadways across southern Randolph County.  Major flooding occurred in the city of Roanoke.  Five water rescues were performed in the city of Roanoke  along with two bridges washed out.","The interaction of two mesoscale features produced areas of concentrated heavy rainfall and flash flooding across central Alabama. A Mesoscale Convective Vortex moving eastward from southern Mississippi collided with a sea-breeze front moving northward from the Gulf Coast. Precipitable water values were near 2.5 inches which resulted in highly efficient rainfall rates.",108
719346,CLAY CO.,CARR MILL,08/10/2017,1910,Flash Flood, , ,0,0,0,0,AL,CST-6, ,120002,C,27,BMX,0,0,911 Call Center,Heavy Rain, , ,1.63,NNW,1.03,SE,CLAIRMONT SPGS,08/10/2017,2130,33.2228,-85.957,33.3422,-85.9186,"Numerous roads flooded across eastern Clay County.  Reports include Highway 49 in the city of Lineville and Highway 77 in the city of Ashland.  Canady Road washed out at Wesobulga Creek.","The interaction of two mesoscale features produced areas of concentrated heavy rainfall and flash flooding across central Alabama. A Mesoscale Convective Vortex moving eastward from southern Mississippi collided with a sea-breeze front moving northward from the Gulf Coast. Precipitable water values were near 2.5 inches which resulted in highly efficient rainfall rates.",109
718306,MADISON CO.,RYLAND,08/10/2017,1936,Flash Flood, , ,0,0,0,0,AL,CST-6, ,119751,C,89,HUN,0,0,Broadcast Media,Heavy Rain, , ,1.49,NNW,1.6,NNW,RYLAND,08/10/2017,2359,34.79,-86.49,34.7861,-86.4904,"Water flowing over Homer Nance Road at the curve near Jordan Road where a tributary flows into Chase Creek. Report relayed by social media.","During the overnight hours of August 9th into the wee hours of the morning of the 10th, two separate and significant flash flooding events occurred in Madison County. The overnight/early morning hours event occurred in Northern Madison County, affecting locations from Harvest to Hazel Green/Meridianville and eastward to New Market. Widespread rainfall totals of 7-8 inches occurred over the span of a few hours, leading to significant flash flooding, resulting in numerous roads closed and several vehicles inundated with water. The second Flash Flooding event took place that evening over the city of Huntsville, specifically along Highway 431 in eastern Madison County, from California Street near Governors drive eastward along Hwy 431 to Hampton Cove. This mainly was exacerbated both by rainfall rates and enhanced runoff processes due to terrain (Monte Sano Mountain). Numerous roads were closed as well, with one river gage (DUGA1) measuring nearly 4 of rainfall in one hour.",110
718307,MADISON CO.,DUG HILL,08/10/2017,1952,Flash Flood, , ,0,0,0,0,AL,CST-6, ,119751,C,89,HUN,0,0,Emergency Manager,Heavy Rain, , ,1.49,SSW,1.46,NNE,HADEN,08/10/2017,2359,34.7,-86.51,34.6991,-86.5112,"Houses flooded on Cove Creek Drive.","During the overnight hours of August 9th into the wee hours of the morning of the 10th, two separate and significant flash flooding events occurred in Madison County. The overnight/early morning hours event occurred in Northern Madison County, affecting locations from Harvest to Hazel Green/Meridianville and eastward to New Market. Widespread rainfall totals of 7-8 inches occurred over the span of a few hours, leading to significant flash flooding, resulting in numerous roads closed and several vehicles inundated with water. The second Flash Flooding event took place that evening over the city of Huntsville, specifically along Highway 431 in eastern Madison County, from California Street near Governors drive eastward along Hwy 431 to Hampton Cove. This mainly was exacerbated both by rainfall rates and enhanced runoff processes due to terrain (Monte Sano Mountain). Numerous roads were closed as well, with one river gage (DUGA1) measuring nearly 4 of rainfall in one hour.",111
718309,MADISON CO.,HUNTSVILLE MILLS ARP,08/10/2017,2025,Flash Flood, , ,0,0,0,0,AL,CST-6, ,119751,C,89,HUN,0,0,Emergency Manager,Heavy Rain, , ,0.31,W,0.36,W,HUNTSVILLE MILLS ARP,08/10/2017,2359,34.7505,-86.5554,34.7504,-86.5541,"Flood waters up to car doors on Giles Road.","During the overnight hours of August 9th into the wee hours of the morning of the 10th, two separate and significant flash flooding events occurred in Madison County. The overnight/early morning hours event occurred in Northern Madison County, affecting locations from Harvest to Hazel Green/Meridianville and eastward to New Market. Widespread rainfall totals of 7-8 inches occurred over the span of a few hours, leading to significant flash flooding, resulting in numerous roads closed and several vehicles inundated with water. The second Flash Flooding event took place that evening over the city of Huntsville, specifically along Highway 431 in eastern Madison County, from California Street near Governors drive eastward along Hwy 431 to Hampton Cove. This mainly was exacerbated both by rainfall rates and enhanced runoff processes due to terrain (Monte Sano Mountain). Numerous roads were closed as well, with one river gage (DUGA1) measuring nearly 4 of rainfall in one hour.",112
718310,MADISON CO.,HUNTSVILLE MILLS ARP,08/10/2017,2025,Flash Flood, , ,0,0,0,0,AL,CST-6, ,119751,C,89,HUN,0,0,Emergency Manager,Heavy Rain, , ,0.68,W,0.69,W,HUNTSVILLE MILLS ARP,08/10/2017,2359,34.7498,-86.5619,34.75,-86.5609,"Three feet of flood waters reported on Cabaniss Road.","During the overnight hours of August 9th into the wee hours of the morning of the 10th, two separate and significant flash flooding events occurred in Madison County. The overnight/early morning hours event occurred in Northern Madison County, affecting locations from Harvest to Hazel Green/Meridianville and eastward to New Market. Widespread rainfall totals of 7-8 inches occurred over the span of a few hours, leading to significant flash flooding, resulting in numerous roads closed and several vehicles inundated with water. The second Flash Flooding event took place that evening over the city of Huntsville, specifically along Highway 431 in eastern Madison County, from California Street near Governors drive eastward along Hwy 431 to Hampton Cove. This mainly was exacerbated both by rainfall rates and enhanced runoff processes due to terrain (Monte Sano Mountain). Numerous roads were closed as well, with one river gage (DUGA1) measuring nearly 4 of rainfall in one hour.",113
718311,MADISON CO.,HUNTSVILLE MILLS ARP,08/10/2017,2026,Flash Flood, , ,0,0,0,0,AL,CST-6, ,119751,C,89,HUN,0,0,Broadcast Media,Heavy Rain, , ,1.09,WNW,1.07,WNW,HUNTSVILLE MILLS ARP,08/10/2017,2359,34.7578,-86.5667,34.7599,-86.5726,"Flood waters in a residence near Lee High School on Belle Meade Drive.","During the overnight hours of August 9th into the wee hours of the morning of the 10th, two separate and significant flash flooding events occurred in Madison County. The overnight/early morning hours event occurred in Northern Madison County, affecting locations from Harvest to Hazel Green/Meridianville and eastward to New Market. Widespread rainfall totals of 7-8 inches occurred over the span of a few hours, leading to significant flash flooding, resulting in numerous roads closed and several vehicles inundated with water. The second Flash Flooding event took place that evening over the city of Huntsville, specifically along Highway 431 in eastern Madison County, from California Street near Governors drive eastward along Hwy 431 to Hampton Cove. This mainly was exacerbated both by rainfall rates and enhanced runoff processes due to terrain (Monte Sano Mountain). Numerous roads were closed as well, with one river gage (DUGA1) measuring nearly 4 of rainfall in one hour.",114
718312,MADISON CO.,HUNTSVILLE MILLS ARP,08/10/2017,2043,Flash Flood, , ,0,0,0,0,AL,CST-6, ,119751,C,89,HUN,0,0,Storm Chaser,Heavy Rain, , ,0,N,0.15,W,HUNTSVILLE MILLS ARP,08/10/2017,2359,34.75,-86.55,34.7502,-86.5541,"Flash flooding occurring on Oakwood Avenue at Oak Park along Dallas Branch.","During the overnight hours of August 9th into the wee hours of the morning of the 10th, two separate and significant flash flooding events occurred in Madison County. The overnight/early morning hours event occurred in Northern Madison County, affecting locations from Harvest to Hazel Green/Meridianville and eastward to New Market. Widespread rainfall totals of 7-8 inches occurred over the span of a few hours, leading to significant flash flooding, resulting in numerous roads closed and several vehicles inundated with water. The second Flash Flooding event took place that evening over the city of Huntsville, specifically along Highway 431 in eastern Madison County, from California Street near Governors drive eastward along Hwy 431 to Hampton Cove. This mainly was exacerbated both by rainfall rates and enhanced runoff processes due to terrain (Monte Sano Mountain). Numerous roads were closed as well, with one river gage (DUGA1) measuring nearly 4 of rainfall in one hour.",115
718313,MADISON CO.,HUNTSVILLE,08/10/2017,2050,Flash Flood, , ,0,0,0,0,AL,CST-6, ,119751,C,89,HUN,0,0,Emergency Manager,Heavy Rain, , ,0.89,SW,0.62,SW,HUNTSVILLE,08/10/2017,2359,34.72,-86.63,34.719,-86.6382,"Barricades being installed on Saundralane Drive due to flash flooding.","During the overnight hours of August 9th into the wee hours of the morning of the 10th, two separate and significant flash flooding events occurred in Madison County. The overnight/early morning hours event occurred in Northern Madison County, affecting locations from Harvest to Hazel Green/Meridianville and eastward to New Market. Widespread rainfall totals of 7-8 inches occurred over the span of a few hours, leading to significant flash flooding, resulting in numerous roads closed and several vehicles inundated with water. The second Flash Flooding event took place that evening over the city of Huntsville, specifically along Highway 431 in eastern Madison County, from California Street near Governors drive eastward along Hwy 431 to Hampton Cove. This mainly was exacerbated both by rainfall rates and enhanced runoff processes due to terrain (Monte Sano Mountain). Numerous roads were closed as well, with one river gage (DUGA1) measuring nearly 4 of rainfall in one hour.",116
718314,MADISON CO.,OAKWOOD COLLEGE,08/10/2017,2050,Flash Flood, , ,0,0,0,0,AL,CST-6, ,119751,C,89,HUN,0,0,Emergency Manager,Heavy Rain, , ,0.89,SW,0.75,W,HUNTSVILLE,08/10/2017,2359,34.74,-86.64,34.7329,-86.6408,"HPD reports a vehicle underwater at 4320 University Drive. 2-3 adjacent apartments are also experiencing flood water.","During the overnight hours of August 9th into the wee hours of the morning of the 10th, two separate and significant flash flooding events occurred in Madison County. The overnight/early morning hours event occurred in Northern Madison County, affecting locations from Harvest to Hazel Green/Meridianville and eastward to New Market. Widespread rainfall totals of 7-8 inches occurred over the span of a few hours, leading to significant flash flooding, resulting in numerous roads closed and several vehicles inundated with water. The second Flash Flooding event took place that evening over the city of Huntsville, specifically along Highway 431 in eastern Madison County, from California Street near Governors drive eastward along Hwy 431 to Hampton Cove. This mainly was exacerbated both by rainfall rates and enhanced runoff processes due to terrain (Monte Sano Mountain). Numerous roads were closed as well, with one river gage (DUGA1) measuring nearly 4 of rainfall in one hour.",117
718389,MADISON CO.,HUNTSVILLE MILLS ARP,08/10/2017,2100,Flash Flood, , ,0,0,0,0,AL,CST-6, ,119751,C,89,HUN,0,0,Storm Chaser,Heavy Rain, , ,0,N,0.06,S,HUNTSVILLE MILLS ARP,08/10/2017,2359,34.75,-86.55,34.7484,-86.5501,"Video indicates flowing flash flood water on Oakwood Avenue at Stapp Drive.","During the overnight hours of August 9th into the wee hours of the morning of the 10th, two separate and significant flash flooding events occurred in Madison County. The overnight/early morning hours event occurred in Northern Madison County, affecting locations from Harvest to Hazel Green/Meridianville and eastward to New Market. Widespread rainfall totals of 7-8 inches occurred over the span of a few hours, leading to significant flash flooding, resulting in numerous roads closed and several vehicles inundated with water. The second Flash Flooding event took place that evening over the city of Huntsville, specifically along Highway 431 in eastern Madison County, from California Street near Governors drive eastward along Hwy 431 to Hampton Cove. This mainly was exacerbated both by rainfall rates and enhanced runoff processes due to terrain (Monte Sano Mountain). Numerous roads were closed as well, with one river gage (DUGA1) measuring nearly 4 of rainfall in one hour.",118
718390,MADISON CO.,HUNTSVILLE MILLS ARP,08/10/2017,2107,Flash Flood, , ,0,0,0,0,AL,CST-6, ,119751,C,89,HUN,0,0,Broadcast Media,Heavy Rain, , ,0.57,W,0.64,W,HUNTSVILLE MILLS ARP,08/10/2017,2359,34.75,-86.56,34.7487,-86.56,"Flood water up to the hood of a car on Wakefield Drive at Pettus Drive.","During the overnight hours of August 9th into the wee hours of the morning of the 10th, two separate and significant flash flooding events occurred in Madison County. The overnight/early morning hours event occurred in Northern Madison County, affecting locations from Harvest to Hazel Green/Meridianville and eastward to New Market. Widespread rainfall totals of 7-8 inches occurred over the span of a few hours, leading to significant flash flooding, resulting in numerous roads closed and several vehicles inundated with water. The second Flash Flooding event took place that evening over the city of Huntsville, specifically along Highway 431 in eastern Madison County, from California Street near Governors drive eastward along Hwy 431 to Hampton Cove. This mainly was exacerbated both by rainfall rates and enhanced runoff processes due to terrain (Monte Sano Mountain). Numerous roads were closed as well, with one river gage (DUGA1) measuring nearly 4 of rainfall in one hour.",119
718392,MADISON CO.,HUNTSVILLE MILLS ARP,08/10/2017,2110,Flash Flood, , ,0,0,0,0,AL,CST-6, ,119751,C,89,HUN,0,0,Emergency Manager,Heavy Rain, , ,1.49,SSW,1.69,SSW,HUNTSVILLE MILLS ARP,08/10/2017,2359,34.73,-86.56,34.7304,-86.5616,"Flash flooding on Hermitage Avenue at Locust Street with a portable toilet flowing down the street with the flood waters.","During the overnight hours of August 9th into the wee hours of the morning of the 10th, two separate and significant flash flooding events occurred in Madison County. The overnight/early morning hours event occurred in Northern Madison County, affecting locations from Harvest to Hazel Green/Meridianville and eastward to New Market. Widespread rainfall totals of 7-8 inches occurred over the span of a few hours, leading to significant flash flooding, resulting in numerous roads closed and several vehicles inundated with water. The second Flash Flooding event took place that evening over the city of Huntsville, specifically along Highway 431 in eastern Madison County, from California Street near Governors drive eastward along Hwy 431 to Hampton Cove. This mainly was exacerbated both by rainfall rates and enhanced runoff processes due to terrain (Monte Sano Mountain). Numerous roads were closed as well, with one river gage (DUGA1) measuring nearly 4 of rainfall in one hour.",120
719362,JEFFERSON CO.,WARRIOR,08/10/2017,2140,Flash Flood, , ,0,0,0,0,AL,CST-6, ,120002,C,73,BMX,0,0,Public,Heavy Rain, , ,2.73,SW,0.91,WNW,WARRIOR,08/10/2017,2330,33.7969,-86.8586,33.8442,-86.8819,"Several roads flooded and impassable in and near the town of Warrior. Roads include Highway 31 at Dana Road, Cane Creek Road, and Highway 31 near Elliot Drive.","The interaction of two mesoscale features produced areas of concentrated heavy rainfall and flash flooding across central Alabama. A Mesoscale Convective Vortex moving eastward from southern Mississippi collided with a sea-breeze front moving northward from the Gulf Coast. Precipitable water values were near 2.5 inches which resulted in highly efficient rainfall rates.",121
719446,MOBILE CO.,ST ELMO ARPT,08/29/2017,1855,Flash Flood, , ,0,0,0,0,AL,CST-6, ,120065,C,97,MOB,0,0,Department of Highways,Heavy Rain, , ,2.63,N,2.57,N,ST ELMO ARPT,08/29/2017,2200,30.538,-88.2822,30.5331,-88.2779,"Heavy rain caused water to flow over the roadway.","The eastern fringes of Tropical Storm Harvey produced heavy rain over the area, which resulted in flooding in southwest Alabama.",122
719447,MOBILE CO.,(MOB)MOBILE BATES FL,08/29/2017,1910,Flash Flood, , ,0,0,0,0,AL,CST-6, ,120065,C,97,MOB,0,0,Department of Highways,Heavy Rain, , ,1.36,NNW,1.44,NNW,(MOB)MOBILE BATES FL,08/29/2017,2200,30.6983,-88.2384,30.6983,-88.2375,"Heavy rain caused water to flow over the roadway.","The eastern fringes of Tropical Storm Harvey produced heavy rain over the area, which resulted in flooding in southwest Alabama.",123
719462,MOBILE CO.,SEVEN HILLS,08/30/2017,700,Flash Flood, , ,0,0,0,0,AL,CST-6, ,120072,C,97,MOB,0,0,Social Media,Heavy Rain, , ,4.79,W,0,NNW,GRAND BAY,08/30/2017,1000,30.6384,-88.3795,30.5139,-88.3699,"Numerous reports of flooding across central and southern Mobile County.","The eastern fringes of Tropical Storm Harvey produced heavy rain over the area, which resulted in flooding in southwest Alabama.",124
719463,BALDWIN CO.,ORANGE BEACH,08/30/2017,730,Flash Flood, , ,0,0,0,0,AL,CST-6, ,120072,C,3,MOB,0,0,Law Enforcement,Heavy Rain, , ,0,N,0.64,NE,ROMAR BEACH,08/30/2017,930,30.28,-87.57,30.2662,-87.6002,"Flooding caused several road closures in Orange Beach.","The eastern fringes of Tropical Storm Harvey produced heavy rain over the area, which resulted in flooding in southwest Alabama.",125
719596,BALDWIN CO.,MAGNOLIA SPGS,08/30/2017,740,Flash Flood, , ,0,0,0,0,AL,CST-6, ,120072,C,3,MOB,0,0,Emergency Manager,Heavy Rain, , ,2.76,S,2.13,W,GULF SHRS,08/30/2017,940,30.3605,-87.7869,30.2817,-87.6984,"Heavy rain caused numerous road closures across southern Baldwin County.","The eastern fringes of Tropical Storm Harvey produced heavy rain over the area, which resulted in flooding in southwest Alabama.",126
718793,COFFEE CO.,LEE,10/08/2017,840,Flash Flood, , ,0,0,0,0,AL,CST-6, ,119915,C,31,TAE,0,0,911 Call Center,Heavy Rain / Tropical System, , ,1.26,SSW,1.81,SSW,LEE,10/08/2017,1015,31.4643,-86.0809,31.458,-86.0812,"The highway just north of Claxton Ave was flooded about 6 inches deep.","Impacts from Tropical Storm Nate to the Florida Panhandle and southeast Alabama in the NWS Tallahassee County Warning Area began Saturday afternoon on Oct 7th and lasted into Sunday. Trees and power lines were downed resulting in power outages across many of the counties in the Tropical Storm Warning. In addition, rainfall amounts of 4-5 inches (up to 5.55 near Elba, AL) resulted in flash flooding across Coffee County with water covering Highway 189, Highway 203 North and Troy Highway. During the flash flood event, water came close to entering a residence near Elba. Another impact from Hurricane Nate was coastal flooding across the Panhandle and Big Bend coast with around 2-3 feet of inundation at the coast that resulted in minor to moderate coastal erosion. In Gulf county erosion was observed on west facing properties on Cape San Blas. Wave action was responsible for the damage which included beach erosion and destruction of a few stairs from structures down to the beach level. In Wakulla County, a few roads and a dock had water over them with a few inches of water entering two businesses. In Bay County, storm surge damaged the Mexico Beach pier and flooded the campground at St. Andrews Bay Lagoon. In Walton County minor flooding occurred at the boat ramps at Santa Rosa Beach on the Choctawhatchee Bay side.",127
718794,COFFEE CO.,NEW BROCKTON,10/08/2017,900,Flash Flood, , ,0,0,5000,0,AL,CST-6, ,119915,C,31,TAE,0,0,Emergency Manager,Heavy Rain / Tropical System, , ,1.82,SW,1.89,SSW,NEW BROCKTON,10/08/2017,1015,31.35,-85.94,31.3504,-85.9279,"County Road 533 was impassible for a time due to a washout.","Impacts from Tropical Storm Nate to the Florida Panhandle and southeast Alabama in the NWS Tallahassee County Warning Area began Saturday afternoon on Oct 7th and lasted into Sunday. Trees and power lines were downed resulting in power outages across many of the counties in the Tropical Storm Warning. In addition, rainfall amounts of 4-5 inches (up to 5.55 near Elba, AL) resulted in flash flooding across Coffee County with water covering Highway 189, Highway 203 North and Troy Highway. During the flash flood event, water came close to entering a residence near Elba. Another impact from Hurricane Nate was coastal flooding across the Panhandle and Big Bend coast with around 2-3 feet of inundation at the coast that resulted in minor to moderate coastal erosion. In Gulf county erosion was observed on west facing properties on Cape San Blas. Wave action was responsible for the damage which included beach erosion and destruction of a few stairs from structures down to the beach level. In Wakulla County, a few roads and a dock had water over them with a few inches of water entering two businesses. In Bay County, storm surge damaged the Mexico Beach pier and flooded the campground at St. Andrews Bay Lagoon. In Walton County minor flooding occurred at the boat ramps at Santa Rosa Beach on the Choctawhatchee Bay side.",128
725404,CHAMBERS CO.,FAIRVIEW,10/09/2017,800,Flash Flood, , ,0,0,0,0,AL,CST-6, ,121136,C,17,BMX,0,0,Emergency Manager,Heavy Rain, , ,0.83,WNW,0.4,SW,LANETT,10/09/2017,1100,32.856,-85.2123,32.8724,-85.1894,"Heavy rainfall caused extensive flash flooding over eastern Chambers County.  Several roads flooded and impassable along Highway 29 in the city of Lanett,  and along Highway 29 at Fob James Drive.","Nate strengthened into a Tropical Storm on the morning of Thursday, October 5th, just off the coast of Nicaragua. Nate moved inland across Nicaragua and Honduras through Friday morning October 6th. Nate then moved north-northwest over the warm waters of the northwestern Caribbean Sea, where it gradually intensified. Just after passing through the Yucatan Channel, Nate officially reached hurricane status during the early morning hours of Saturday, October 7th. Hurricane Nate raced toward the central Gulf Coast and made its first landfall near the mouth of the Mississippi River Saturday evening, October 7th. A second landfall near Biloxi, MS, came later that evening. Nate continued to accelerate northeastward and weaken as it crossed into west Alabama. Nate was downgraded to a Tropical Depression near Birmingham, AL, on the morning of Sunday, October 8th.  Nate produced gusty winds of 30-50 mph which downed numerous trees and power lines across central Alabama, and several weak tornadoes formed on its feeder bands. As the remnants of Nate tracked towards the New England States, a nearly stationary surface trough over southeast Alabama resulted in localized flash flooding in Chambers County on Monday, October 9th.",129
723905,MOBILE CO.,GRAND BAY,10/22/2017,1300,Flash Flood, , ,0,0,30000,0,AL,CST-6, ,120893,C,97,MOB,0,0,Broadcast Media,Heavy Rain, , ,5,S,2.5,W,BAYOU LA BATRE,10/22/2017,1500,30.3976,-88.35,30.3972,-88.2944,"Heavy rain caused multiple roads and businesses to flood around southern Mobile county.","Rainfall totals of 5 to 10 inches fell across south central Baldwin County in just a few hours late in the afternoon and early in the evening of October 22nd. The highest rainfall total recorded by a CoCoRahs observer in Loxley was 10.44 inches. ||This torrential rain resulted in significant flooding, particularly in the Loxley, Robertsdale and Silverhill areas. The rainfall also resulted in significant rises along the Fish River which crested just 0.2 feet below major flood stage.||Elsewhere in southern Mobile and Baldwin Counties, 3 to 6 inches of rain resulted in the flooding of some roads.",130
723875,MOBILE CO.,GRAND BAY,10/22/2017,1300,Flash Flood, , ,0,0,0,0,AL,CST-6, ,120893,C,97,MOB,0,0,Broadcast Media,Heavy Rain, , ,0,SSW,4.08,S,ST ELMO ARPT,10/22/2017,1500,30.47,-88.35,30.4766,-88.2765,"Heavy rains caused fast flowing water over Potter Tract Road just south of Saeger Road.","Rainfall totals of 5 to 10 inches fell across south central Baldwin County in just a few hours late in the afternoon and early in the evening of October 22nd. The highest rainfall total recorded by a CoCoRahs observer in Loxley was 10.44 inches. ||This torrential rain resulted in significant flooding, particularly in the Loxley, Robertsdale and Silverhill areas. The rainfall also resulted in significant rises along the Fish River which crested just 0.2 feet below major flood stage.||Elsewhere in southern Mobile and Baldwin Counties, 3 to 6 inches of rain resulted in the flooding of some roads.",131
723906,MOBILE CO.,MOBILE,10/22/2017,1640,Flash Flood, , ,0,0,30000,0,AL,CST-6, ,120893,C,97,MOB,0,0,Broadcast Media,Heavy Rain, , ,2,SSW,1.25,ENE,MERTZ,10/22/2017,1720,30.6733,-88.0929,30.6784,-88.0499,"Water rescue of a stranded motorist in downtown Mobile.","Rainfall totals of 5 to 10 inches fell across south central Baldwin County in just a few hours late in the afternoon and early in the evening of October 22nd. The highest rainfall total recorded by a CoCoRahs observer in Loxley was 10.44 inches. ||This torrential rain resulted in significant flooding, particularly in the Loxley, Robertsdale and Silverhill areas. The rainfall also resulted in significant rises along the Fish River which crested just 0.2 feet below major flood stage.||Elsewhere in southern Mobile and Baldwin Counties, 3 to 6 inches of rain resulted in the flooding of some roads.",132
723907,BALDWIN CO.,LOXLEY,10/22/2017,1640,Flash Flood, , ,0,0,30000,0,AL,CST-6, ,120893,C,3,MOB,0,0,Broadcast Media,Heavy Rain, , ,1.69,W,1,W,LOXLEY,10/22/2017,2200,30.6202,-87.7784,30.6171,-87.776,"Multiple areas of County Road 64 west of Highway 59 under water due to heavy rain.","Rainfall totals of 5 to 10 inches fell across south central Baldwin County in just a few hours late in the afternoon and early in the evening of October 22nd. The highest rainfall total recorded by a CoCoRahs observer in Loxley was 10.44 inches. ||This torrential rain resulted in significant flooding, particularly in the Loxley, Robertsdale and Silverhill areas. The rainfall also resulted in significant rises along the Fish River which crested just 0.2 feet below major flood stage.||Elsewhere in southern Mobile and Baldwin Counties, 3 to 6 inches of rain resulted in the flooding of some roads.",133
724245,BALDWIN CO.,SILVERHILL,10/22/2017,1715,Flash Flood, , ,0,0,0,0,AL,CST-6, ,120893,C,3,MOB,0,0,Public,Heavy Rain, , ,2.03,NNW,1.74,NW,SILVERHILL,10/22/2017,2215,30.5787,-87.7574,30.5714,-87.7756,"Water reached up to the car door at a residence west of County Road 55.","Rainfall totals of 5 to 10 inches fell across south central Baldwin County in just a few hours late in the afternoon and early in the evening of October 22nd. The highest rainfall total recorded by a CoCoRahs observer in Loxley was 10.44 inches. ||This torrential rain resulted in significant flooding, particularly in the Loxley, Robertsdale and Silverhill areas. The rainfall also resulted in significant rises along the Fish River which crested just 0.2 feet below major flood stage.||Elsewhere in southern Mobile and Baldwin Counties, 3 to 6 inches of rain resulted in the flooding of some roads.",134
724281,BALDWIN CO.,SILVERHILL,10/22/2017,1715,Flash Flood, , ,0,0,0,0,AL,CST-6, ,120893,C,3,MOB,0,0,Department of Highways,Heavy Rain, , ,1.34,S,1.32,S,SILVERHILL,10/22/2017,2215,30.5306,-87.7515,30.5305,-87.7507,"Water rescue on CR 55 at Camellia Road.","Rainfall totals of 5 to 10 inches fell across south central Baldwin County in just a few hours late in the afternoon and early in the evening of October 22nd. The highest rainfall total recorded by a CoCoRahs observer in Loxley was 10.44 inches. ||This torrential rain resulted in significant flooding, particularly in the Loxley, Robertsdale and Silverhill areas. The rainfall also resulted in significant rises along the Fish River which crested just 0.2 feet below major flood stage.||Elsewhere in southern Mobile and Baldwin Counties, 3 to 6 inches of rain resulted in the flooding of some roads.",135
724301,MOBILE CO.,TILLMANS CORNER,10/22/2017,1730,Flash Flood, , ,0,0,0,0,AL,CST-6, ,120893,C,97,MOB,0,0,Department of Highways,Heavy Rain, , ,2.61,NW,2.36,NNW,TILLMANS CORNER,10/22/2017,2215,30.6109,-88.1552,30.6101,-88.1507,"Water flowing over the road near Halls Mill Road and Demetropolis Road at halls Mill Creek.","Rainfall totals of 5 to 10 inches fell across south central Baldwin County in just a few hours late in the afternoon and early in the evening of October 22nd. The highest rainfall total recorded by a CoCoRahs observer in Loxley was 10.44 inches. ||This torrential rain resulted in significant flooding, particularly in the Loxley, Robertsdale and Silverhill areas. The rainfall also resulted in significant rises along the Fish River which crested just 0.2 feet below major flood stage.||Elsewhere in southern Mobile and Baldwin Counties, 3 to 6 inches of rain resulted in the flooding of some roads.",136
725031,BALDWIN CO.,MARLOW,10/22/2017,1815,Flash Flood, , ,0,0,50000,0,AL,CST-6, ,120893,C,3,MOB,0,0,Fire Department/Rescue,Heavy Rain, , ,0.64,ESE,1.98,S,CLAY CITY,10/22/2017,2215,30.4674,-87.7897,30.4654,-87.822,"The rapid rise of the Fish River resulted in significant flooding from County 32 to Highway 104. County Road 32 was flooded just east of the bridge. Over 10 water rescues were performed from County Road 32 north to Highway 104. Multiple cars were under water.","Rainfall totals of 5 to 10 inches fell across south central Baldwin County in just a few hours late in the afternoon and early in the evening of October 22nd. The highest rainfall total recorded by a CoCoRahs observer in Loxley was 10.44 inches. ||This torrential rain resulted in significant flooding, particularly in the Loxley, Robertsdale and Silverhill areas. The rainfall also resulted in significant rises along the Fish River which crested just 0.2 feet below major flood stage.||Elsewhere in southern Mobile and Baldwin Counties, 3 to 6 inches of rain resulted in the flooding of some roads.",137
724554,BALDWIN CO.,OAK,10/28/2017,0,Flash Flood, , ,0,0,0,0,AL,CST-6, ,121020,C,3,MOB,0,0,911 Call Center,Heavy Rain, , ,2.23,NE,1.96,NW,BON SECOUR,10/28/2017,200,30.3382,-87.6692,30.3392,-87.7588,"Water flowing over the road on CR 12 and between Highway 59 and James Road. Flooding was also reported at Highway 59 and CR 20 and several other areas near Foley.","Heavy rainfall in southern Baldwin County caused flooding of several roads in southern Baldwin County. 2 to 4 inches of rain fell in just a couple of hours.",138
724558,BALDWIN CO.,ELBERTA,10/28/2017,130,Flash Flood, , ,0,0,0,0,AL,CST-6, ,121020,C,3,MOB,0,0,911 Call Center,Heavy Rain, , ,4,NE,4.2,ENE,MIFLIN,10/28/2017,330,30.4609,-87.5525,30.3836,-87.5707,"Water flowing over the road at the intersetion of CR95 and Woerner Road.","Heavy rainfall in southern Baldwin County caused flooding of several roads in southern Baldwin County. 2 to 4 inches of rain fell in just a couple of hours.",139
729002,MORGAN CO.,MASSEY,12/20/2017,701,Flash Flood, , ,0,0,0,0,AL,CST-6, ,121092,C,103,HUN,0,0,Emergency Manager,Heavy Rain, , ,2.93,ESE,2.25,SE,MASSEY,12/20/2017,1200,34.36,-86.97,34.361,-87.0038,"Flash flooding with at least 6 inches of swift moving water on Barkley Bridge Road along Mack Creek.","Heavy rain occurred during the early morning hours of the 20th.  Rainfall amounts of over 2 inches fell over much of north Alabama, with a narrower band of 3-5 inch rainfall.  Within this band, runoff resulted in flash flooding in Morgan County.  In one case, up to six vehicles had to be rescued from flood waters.",140
729015,MORGAN CO.,SOMERVILLE,12/20/2017,701,Flash Flood, , ,0,0,0,0,AL,CST-6, ,121092,C,103,HUN,0,0,Emergency Manager,Heavy Rain, , ,0.57,W,0.08,SW,SOMERVILLE,12/20/2017,1200,34.47,-86.81,34.4497,-86.8212,"Flash flooding was reported along Barnett Chapel Road and Black Road along Gill Creek. Although receded since 7am, still well over 6 inches of swift moving water reported as of 910am.","Heavy rain occurred during the early morning hours of the 20th.  Rainfall amounts of over 2 inches fell over much of north Alabama, with a narrower band of 3-5 inch rainfall.  Within this band, runoff resulted in flash flooding in Morgan County.  In one case, up to six vehicles had to be rescued from flood waters.",141
729014,MORGAN CO.,SOMERVILLE,12/20/2017,701,Flash Flood, , ,0,0,0,0,AL,CST-6, ,121092,C,103,HUN,0,0,Emergency Manager,Heavy Rain, , ,1.49,SSW,1.15,W,FURNEY XRDS,12/20/2017,1200,34.45,-86.81,34.4488,-86.8045,"Flash flooding was reported along Hobb Ward Road. Despite some receding since 7am, still well over 6 inches of swift moving water still reported as of 910am.","Heavy rain occurred during the early morning hours of the 20th.  Rainfall amounts of over 2 inches fell over much of north Alabama, with a narrower band of 3-5 inch rainfall.  Within this band, runoff resulted in flash flooding in Morgan County.  In one case, up to six vehicles had to be rescued from flood waters.",142
729010,MORGAN CO.,DANVILLE,12/20/2017,701,Flash Flood, , ,0,0,0,0,AL,CST-6, ,121092,C,103,HUN,0,0,Emergency Manager,Heavy Rain, , ,1.38,N,1.72,NNW,DANVILLE,12/20/2017,1200,34.44,-87.08,34.441,-87.0862,"Flash flooding reported on North Johnson Chapel Road at Johnson Chapel Creek. At least 6-12 inches of swift moving water over the road. Flash flooding continues as of 9am.","Heavy rain occurred during the early morning hours of the 20th.  Rainfall amounts of over 2 inches fell over much of north Alabama, with a narrower band of 3-5 inch rainfall.  Within this band, runoff resulted in flash flooding in Morgan County.  In one case, up to six vehicles had to be rescued from flood waters.",143
729007,MORGAN CO.,DANVILLE,12/20/2017,701,Flash Flood, , ,0,0,0,0,AL,CST-6, ,121092,C,103,HUN,0,0,Emergency Manager,Heavy Rain, , ,1.33,ENE,1.81,NE,DANVILLE,12/20/2017,1200,34.43,-87.06,34.4299,-87.0643,"Flash flooding was reported along Craze Road along Johnson Chapel Creek. Road remains impassable and flooded as of 935am.","Heavy rain occurred during the early morning hours of the 20th.  Rainfall amounts of over 2 inches fell over much of north Alabama, with a narrower band of 3-5 inch rainfall.  Within this band, runoff resulted in flash flooding in Morgan County.  In one case, up to six vehicles had to be rescued from flood waters.",144
729003,MORGAN CO.,MASSEY,12/20/2017,701,Flash Flood, , ,0,0,0,0,AL,CST-6, ,121092,C,103,HUN,0,0,Emergency Manager,Heavy Rain, , ,0.69,N,1.23,N,MASSEY,12/20/2017,1200,34.38,-87.02,34.3758,-87.0209,"Flash flooding reported on New Cut Road at Herrin Creek. Water rescues underway with up to 6 vehicles trapped. 3 feet of swift flood waters reported.","Heavy rain occurred during the early morning hours of the 20th.  Rainfall amounts of over 2 inches fell over much of north Alabama, with a narrower band of 3-5 inch rainfall.  Within this band, runoff resulted in flash flooding in Morgan County.  In one case, up to six vehicles had to be rescued from flood waters.",145
738471,JACKSON CO.,RASH,02/28/2018,2103,Flash Flood, , ,0,0,0,0,AL,CST-6, ,123152,C,71,HUN,0,0,Emergency Manager,Heavy Rain, , ,0.57,W,0.86,NW,RASH,02/28/2018,2359,34.87,-85.91,34.8752,-85.9044,"Over a foot of water covering CR53 in the Rash Community.","Widespread heavy rainfall impacted the area from February 28th through the 1st of March, with lingering flooding conditions lasting the better part of 7 days. Rainfall totals of 4 to 6 inches fell across much of the area, leading to areal and river flooding. All of the WFO Huntsville HSA river forecast points had some type of product out for them during this event. To date, that's only happened one or two other times in the office's history.",146
738466,JACKSON CO.,LIM ROCK,02/28/2018,2103,Flash Flood, , ,0,0,0,0,AL,CST-6, ,123152,C,71,HUN,0,0,Emergency Manager,Heavy Rain, , ,1.79,SE,1.33,N,ASPEL,02/28/2018,2359,34.65,-86.18,34.6406,-86.1695,"Over a foot of water covering CR 11 in a few spots between Highways 72 and 35.","Widespread heavy rainfall impacted the area from February 28th through the 1st of March, with lingering flooding conditions lasting the better part of 7 days. Rainfall totals of 4 to 6 inches fell across much of the area, leading to areal and river flooding. All of the WFO Huntsville HSA river forecast points had some type of product out for them during this event. To date, that's only happened one or two other times in the office's history.",147
738467,JACKSON CO.,PLEASANT GROVE,02/28/2018,2103,Flash Flood, , ,0,0,0,0,AL,CST-6, ,123152,C,71,HUN,0,0,Emergency Manager,Heavy Rain, , ,2.68,SW,2.14,SE,GARTH,02/28/2018,2359,34.7,-86.25,34.6899,-86.2606,"Over a foot of water covering CR 8 in the Nat Mountain Community. Road is barricaded and closed at this time.","Widespread heavy rainfall impacted the area from February 28th through the 1st of March, with lingering flooding conditions lasting the better part of 7 days. Rainfall totals of 4 to 6 inches fell across much of the area, leading to areal and river flooding. All of the WFO Huntsville HSA river forecast points had some type of product out for them during this event. To date, that's only happened one or two other times in the office's history.",148
738468,JACKSON CO.,FACKLER,02/28/2018,2103,Flash Flood, , ,0,0,0,0,AL,CST-6, ,123152,C,71,HUN,0,0,Emergency Manager,Heavy Rain, , ,0.89,SW,0.9,SW,FACKLER,02/28/2018,2359,34.81,-85.94,34.8096,-85.9419,"CR42 between Houston Branch and Roach Cove near CR560 is barricaded due to flooding.","Widespread heavy rainfall impacted the area from February 28th through the 1st of March, with lingering flooding conditions lasting the better part of 7 days. Rainfall totals of 4 to 6 inches fell across much of the area, leading to areal and river flooding. All of the WFO Huntsville HSA river forecast points had some type of product out for them during this event. To date, that's only happened one or two other times in the office's history.",149
738470,JACKSON CO.,HIGDON,02/28/2018,2103,Flash Flood, , ,0,0,0,0,AL,CST-6, ,123152,C,71,HUN,0,0,Emergency Manager,Heavy Rain, , ,0.57,W,1.07,WNW,HIGDON,02/28/2018,2359,34.85,-85.64,34.8538,-85.6382,"About a foot of water covering CR92 in several places between Davis Drive and Highway 71.","Widespread heavy rainfall impacted the area from February 28th through the 1st of March, with lingering flooding conditions lasting the better part of 7 days. Rainfall totals of 4 to 6 inches fell across much of the area, leading to areal and river flooding. All of the WFO Huntsville HSA river forecast points had some type of product out for them during this event. To date, that's only happened one or two other times in the office's history.",150
751179,WASHINGTON CO.,FRUITDALE,04/14/2018,1600,Flash Flood, , ,0,0,25000,0,AL,CST-6, ,124938,C,129,MOB,0,0,Emergency Manager,Heavy Rain, , ,3.11,NE,2.57,WSW,YARBO,04/14/2018,2045,31.3653,-88.3873,31.4996,-88.3414,"Four to seven inches of rain resulted in the flooding of several roads across central and southwest Washington County. Some of the roads flooded include Highway 56 in Chatom, County Road 1 between Fruitdale and Chatom, and Highway 17 near Tibbie and County Road 8 near Deer Park.","A deep upper level low moved into the lower Mississippi Valley and pushed a cold front into the southeast states. The front temporarily stalled over portions of southeast Mississippi and southwest Alabama during the afternoon and evening of April 14th. This resulted in the training of thunderstorms, which resulted in flash flooding across portions of inland southwest Alabama. As the front began to move east that night, one severe weather event occurred in Mobile County.",151
751820,CLARKE CO.,TALLAHATTA SPGS,04/14/2018,1704,Flash Flood, , ,0,1,1200000,0,AL,CST-6, ,124938,C,25,MOB,0,0,Emergency Manager,Heavy Rain, , ,3.12,NE,4.49,SSE,ATKINSON,04/14/2018,2300,31.935,-87.7864,31.9352,-87.6586,"Five to nine inches of rain fell in a short duration along and east and west of the Highway 43 corridor from Thomasville to southwest of Grove Hill. At the height of the flash flood event, Highway 43 near Bassett Creek was covered in 6 feet of water. Several other roads in this area were also submerged in several feet of water, including Butler Drive in Thomasville. Multiple vehicles were submerged across the area. Approximately 20 water rescues had to be made from houses and residences with rescues reported 5 miles southwest of Grove Hill up toward Fulton. 25 homes experienced significant flooding. The flash flooding also resulted in significant infrastructure damage to roads, water lines, and drainage. The Clarke County Emergency Management Director reported 9.2 inches of rainfall.","A deep upper level low moved into the lower Mississippi Valley and pushed a cold front into the southeast states. The front temporarily stalled over portions of southeast Mississippi and southwest Alabama during the afternoon and evening of April 14th. This resulted in the training of thunderstorms, which resulted in flash flooding across portions of inland southwest Alabama. As the front began to move east that night, one severe weather event occurred in Mobile County.",152
751632,PERRY CO.,AUGUSTIN,04/14/2018,1930,Flash Flood, , ,0,0,0,0,AL,CST-6, ,125335,C,105,BMX,0,0,Emergency Manager,Heavy Rain, , ,2.4,WSW,2.54,SW,AUGUSTIN,04/14/2018,2130,32.4881,-87.1386,32.4902,-87.1145,"Portions of County Road 14 flooded in extreme southeast Perry county.","An upper level trough moving across the Middle Mississippi River Valley Region took on a negative tilt and produced a QLCS that impacted the Central Gulf Coast States.  The QLCS produced sporadic wind damage as it moved across Central Alabama.  Precipitable water values were abnormally high and the slow moving system produced storm totals of 3-4 inches across areas west of I-65. Localized storms totals were near 6 inches.",153
751629,DALLAS CO.,POTTER,04/14/2018,1930,Flash Flood, , ,0,0,0,0,AL,CST-6, ,125335,C,47,BMX,0,0,Emergency Manager,Heavy Rain, , ,4.38,NNW,1.98,SW,SUMMERFIELD,04/14/2018,2130,32.4876,-87.1313,32.4887,-87.0929,"The Valley Grande Golf Course under several feet of water and portions of Highway 219 impassable due to high water.","An upper level trough moving across the Middle Mississippi River Valley Region took on a negative tilt and produced a QLCS that impacted the Central Gulf Coast States.  The QLCS produced sporadic wind damage as it moved across Central Alabama.  Precipitable water values were abnormally high and the slow moving system produced storm totals of 3-4 inches across areas west of I-65. Localized storms totals were near 6 inches.",154
751821,WILCOX CO.,PINE HILL,04/14/2018,2000,Flash Flood, , ,0,0,100000,0,AL,CST-6, ,124938,C,131,MOB,0,0,Emergency Manager,Heavy Rain, , ,0.59,W,0.94,NW,PINE HILL MUNI ARPT,04/14/2018,2300,31.98,-87.59,31.9717,-87.5827,"Significant flooding was reported near Highway 5 in Pine Hill. Several culverts were washed out.","A deep upper level low moved into the lower Mississippi Valley and pushed a cold front into the southeast states. The front temporarily stalled over portions of southeast Mississippi and southwest Alabama during the afternoon and evening of April 14th. This resulted in the training of thunderstorms, which resulted in flash flooding across portions of inland southwest Alabama. As the front began to move east that night, one severe weather event occurred in Mobile County.",155
758399,JEFFERSON CO.,FAIRFIELD HGTS,05/15/2018,1630,Flash Flood, , ,0,0,0,0,AL,CST-6, ,126525,C,73,BMX,0,0,Law Enforcement,Heavy Rain, , ,0.94,NE,0.69,NW,FAIRFIELD,05/15/2018,1830,33.4609,-86.9601,33.4793,-86.9349,"Several roads flooded and impassable in the city of Midfield due to high water.","An upper low over the northern Gulf of Mexico brought deep Gulf moisture northward into Central Alabama. A zone of surface convergence extended from northeast Alabama southwest across the Birmingham Metro area.  Slow moving convection developed along this boundary and produced isolated wind damage and flash flooding over Jefferson County.",156
758410,LEE CO.,J C MEADOWS XRDS,05/23/2018,15,Flash Flood, , ,0,0,0,0,AL,CST-6, ,126526,C,81,BMX,0,0,Fire Department/Rescue,Heavy Rain, , ,2.5,ENE,3.29,S,MOTTS,05/23/2018,600,32.5139,-85.1304,32.5497,-85.1269,"Numerous roads flooded and washed out along with several homes flooded in the Smiths Station community. Rainfall amounts across the southeast portion of Lee County were in the 2-4 inch range.","A small cluster of thunderstorms developed over extreme east Alabama during the overnight hours. The cluster was located in area of maximum precipitable water values and resulted in high rainfall rates.",157
758411,RUSSELL CO.,LADONIA,05/23/2018,300,Flash Flood, , ,0,0,0,0,AL,CST-6, ,126526,C,113,BMX,0,0,Emergency Manager,Heavy Rain, , ,0.77,ENE,2.82,NNE,PHENIX CITY,05/23/2018,800,32.4735,-85.0575,32.476,-84.9985,"Bridges on Lakewood Drive Road and Bridgewater Drive Road were over-topped with water along Holland Creek due to excessive rainfall upstream.  Several roads flooded and impassable in the northern portions of Phenix City.","A small cluster of thunderstorms developed over extreme east Alabama during the overnight hours. The cluster was located in area of maximum precipitable water values and resulted in high rainfall rates.",158
761319,COVINGTON CO.,WATKINS BRIDGE,05/28/2018,1816,Flash Flood, , ,0,0,0,0,AL,CST-6, ,126998,C,39,MOB,0,0,Emergency Manager,Heavy Rain, , ,5.26,WNW,3.84,SW,WATKINS BRIDGE,05/28/2018,2200,31.1054,-86.5138,31.0361,-86.4901,"Heavy rain caused flooding on Dry Creek Road.","A weak subtropical storm made landfall in the Florida panhandle during the day on the 28th and slowly moved north and northwest through portions of southwest Alabama during the night into the early morning on the 29th. Wind gusts were below tropical storm strength, however minor damage was observed along the storm's path. Minor coastal flooding was observed at the normally prone locations. The primary impact from Alberto was heavy rain of 2 to 4 inches near the track.",159
761320,BUTLER CO.,SEARCY,05/29/2018,0,Flash Flood, , ,0,0,0,0,AL,CST-6, ,126998,C,13,MOB,0,0,Emergency Manager,Heavy Rain, , ,10.08,E,15.87,E,SEARCY,05/29/2018,500,31.9082,-86.4486,31.8894,-86.4177,"Heavy rain caused roads to be closed.","A weak subtropical storm made landfall in the Florida panhandle during the day on the 28th and slowly moved north and northwest through portions of southwest Alabama during the night into the early morning on the 29th. Wind gusts were below tropical storm strength, however minor damage was observed along the storm's path. Minor coastal flooding was observed at the normally prone locations. The primary impact from Alberto was heavy rain of 2 to 4 inches near the track.",160
758467,TUSCALOOSA CO.,(TCL)TUSCALOOSA ARPT,05/29/2018,800,Flash Flood, , ,0,0,0,0,AL,CST-6, ,126531,C,125,BMX,0,0,Emergency Manager,Heavy Rain, , ,1.15,E,3.38,WSW,PETERSON,05/29/2018,930,33.2178,-87.6003,33.2292,-87.4232,"Several streets flooded within the city limits of Tuscaloosa.  Canyon Creek flooded causing water over the bridge at Keenes Mill Road.","Sub-tropical storm Alberto made landfall in the western Florida Panhandle Monday evening, Monday May 28th.  The cyclone advanced northward into Central Alabama during the overnight hours and into Tuesday, May 29th.  It was downgraded to a depression as it entered the southern counties of Central Alabama. The depression produced sustained winds of 25-35 mph across Central Alabama along with heavy rainfall. The duration of the higher winds Monday night resulted in numerous trees being uprooted along its path. Periods of heavy rainfall continued into Wednesday, May 30th.",161
760028,DALLAS CO.,SUMMERFIELD,05/30/2018,200,Flash Flood, , ,0,0,0,0,AL,CST-6, ,126531,C,47,BMX,0,0,Emergency Manager,Heavy Rain, , ,2.52,WSW,2.4,NW,SUMMERFIELD,05/30/2018,500,32.5055,-87.0897,32.5266,-87.0587,"County Roads 508 and 510 closed due to high water.","Sub-tropical storm Alberto made landfall in the western Florida Panhandle Monday evening, Monday May 28th.  The cyclone advanced northward into Central Alabama during the overnight hours and into Tuesday, May 29th.  It was downgraded to a depression as it entered the southern counties of Central Alabama. The depression produced sustained winds of 25-35 mph across Central Alabama along with heavy rainfall. The duration of the higher winds Monday night resulted in numerous trees being uprooted along its path. Periods of heavy rainfall continued into Wednesday, May 30th.",162
760029,ELMORE CO.,ROBINSON SPGS,05/30/2018,230,Flash Flood, , ,0,0,0,0,AL,CST-6, ,126531,C,51,BMX,0,0,Emergency Manager,Heavy Rain, , ,0.74,S,1.22,SSE,ROBINSON SPGS,05/30/2018,430,32.5093,-86.3805,32.5054,-86.3696,"Browds Road closed in the city of Millbrook due to high water.","Sub-tropical storm Alberto made landfall in the western Florida Panhandle Monday evening, Monday May 28th.  The cyclone advanced northward into Central Alabama during the overnight hours and into Tuesday, May 29th.  It was downgraded to a depression as it entered the southern counties of Central Alabama. The depression produced sustained winds of 25-35 mph across Central Alabama along with heavy rainfall. The duration of the higher winds Monday night resulted in numerous trees being uprooted along its path. Periods of heavy rainfall continued into Wednesday, May 30th.",163
760052,PERRY CO.,FOLSOM,05/30/2018,700,Flash Flood, , ,0,0,0,0,AL,CST-6, ,126531,C,105,BMX,0,0,Emergency Manager,Heavy Rain, , ,1.96,E,2.63,NE,OAKMULGEE,05/30/2018,1330,32.6827,-87.3664,32.8312,-87.0207,"Significant flooding in the city of Marion.  Portions of Highway 14 underwater.  Several homes on East Lafayette Street near Rice Creek flooded and water rescues required. Portions of Hghway 219 underwater and impassable. Several bridges washed out on Highway 183 near the city of Marion.  A Flash Flash Flood Emergency was issued for a large portion of Perry County.","Sub-tropical storm Alberto made landfall in the western Florida Panhandle Monday evening, Monday May 28th.  The cyclone advanced northward into Central Alabama during the overnight hours and into Tuesday, May 29th.  It was downgraded to a depression as it entered the southern counties of Central Alabama. The depression produced sustained winds of 25-35 mph across Central Alabama along with heavy rainfall. The duration of the higher winds Monday night resulted in numerous trees being uprooted along its path. Periods of heavy rainfall continued into Wednesday, May 30th.",164
760716,GREENE CO.,MC CLURE,05/30/2018,700,Flash Flood, , ,0,0,0,0,AL,CST-6, ,126531,C,63,BMX,0,0,Emergency Manager,Heavy Rain, , ,9.51,ESE,12.13,ESE,MC CLURE,05/30/2018,1100,32.7575,-87.6908,32.7373,-87.5573,"Several streets in the city of Greensboro flooded and impassable. Flooding also reported on Raven Road and County Road 30.","Sub-tropical storm Alberto made landfall in the western Florida Panhandle Monday evening, Monday May 28th.  The cyclone advanced northward into Central Alabama during the overnight hours and into Tuesday, May 29th.  It was downgraded to a depression as it entered the southern counties of Central Alabama. The depression produced sustained winds of 25-35 mph across Central Alabama along with heavy rainfall. The duration of the higher winds Monday night resulted in numerous trees being uprooted along its path. Periods of heavy rainfall continued into Wednesday, May 30th.",165
760705,GREENE CO.,EUTAW,05/30/2018,700,Flash Flood, , ,0,0,0,0,AL,CST-6, ,126531,C,63,BMX,0,0,Emergency Manager,Heavy Rain, , ,1.52,W,1.84,SW,EUTAW,05/30/2018,1000,32.8265,-87.9058,32.8275,-87.8829,"Serious flooding along Highway 43 in the southern portions of the city of Eutaw.   Evacuations were required at the Sanders-Black Apartment Complex and flooding also reported at the Greene County Headstart building and at a subdivision next to the apartment complex.","Sub-tropical storm Alberto made landfall in the western Florida Panhandle Monday evening, Monday May 28th.  The cyclone advanced northward into Central Alabama during the overnight hours and into Tuesday, May 29th.  It was downgraded to a depression as it entered the southern counties of Central Alabama. The depression produced sustained winds of 25-35 mph across Central Alabama along with heavy rainfall. The duration of the higher winds Monday night resulted in numerous trees being uprooted along its path. Periods of heavy rainfall continued into Wednesday, May 30th.",166
760066,CHILTON CO.,MAPLESVILLE,05/30/2018,800,Flash Flood, , ,0,0,0,0,AL,CST-6, ,126531,C,21,BMX,0,0,Public,Heavy Rain, , ,8.85,WNW,3.09,W,ZAMORA,05/30/2018,1330,32.8338,-87.0183,32.7089,-87.0152,"County Road 359 flooded and impassable and Clayton Manufactured Homes near I-65 also reported significant flooding.","Sub-tropical storm Alberto made landfall in the western Florida Panhandle Monday evening, Monday May 28th.  The cyclone advanced northward into Central Alabama during the overnight hours and into Tuesday, May 29th.  It was downgraded to a depression as it entered the southern counties of Central Alabama. The depression produced sustained winds of 25-35 mph across Central Alabama along with heavy rainfall. The duration of the higher winds Monday night resulted in numerous trees being uprooted along its path. Periods of heavy rainfall continued into Wednesday, May 30th.",167
760717,ELMORE CO.,TITUS,05/30/2018,900,Flash Flood, , ,0,0,0,0,AL,CST-6, ,126531,C,51,BMX,0,0,Emergency Manager,Heavy Rain, , ,2.62,SW,3.05,S,TITUS,05/30/2018,1130,32.6888,-86.3456,32.6997,-86.3177,"Portions of River Road closed due to flowing water.","Sub-tropical storm Alberto made landfall in the western Florida Panhandle Monday evening, Monday May 28th.  The cyclone advanced northward into Central Alabama during the overnight hours and into Tuesday, May 29th.  It was downgraded to a depression as it entered the southern counties of Central Alabama. The depression produced sustained winds of 25-35 mph across Central Alabama along with heavy rainfall. The duration of the higher winds Monday night resulted in numerous trees being uprooted along its path. Periods of heavy rainfall continued into Wednesday, May 30th.",168
767228,ST. CLAIR CO.,CROPWELL,06/10/2018,2130,Flash Flood, , ,0,0,0,0,AL,CST-6, ,127908,C,115,BMX,0,0,911 Call Center,Heavy Rain, , ,0.44,NNW,0.83,SW,PELL CITY ARPT,06/10/2018,2330,33.5554,-86.2741,33.5622,-86.2569,"Flooding reported along County Road 34 in the town of Cropwell.","A slow moving cluster of thunderstorms along the I-20 corridor east of I-65 produced localized heavy rainfall.",169
767259,RUSSELL CO.,UNLAND,06/17/2018,800,Flash Flood, , ,0,0,0,0,AL,CST-6, ,127911,C,113,BMX,0,0,Emergency Manager,Heavy Rain, , ,4.44,NW,1.5,NW,CRAWFORD,06/17/2018,1100,32.4674,-85.3314,32.47,-85.2014,"Severe flooding across the northwest portions of  the county. Several roads impassable including Huguley Road, Pitts Road, McCart Road and Herring Road.  Radar estimated rainfall amounts near 8 inches.","A nearly stationary upper low over Southeast Alabama produced weak steering currents across Central Alabama. An axis of higher precipitable water extended from the upper low northwest into north Alabama. Daytime heating produced the necessary instability for localized flooding and damaging winds.",170
767268,JEFFERSON CO.,ACIPCO,06/17/2018,1430,Flash Flood, , ,0,0,0,0,AL,CST-6, ,127911,C,73,BMX,0,0,Fire Department/Rescue,Heavy Rain, , ,1.79,SE,1.76,S,WOODLAWN JCT,06/17/2018,1630,33.4995,-86.8009,33.51,-86.7716,"Numerous reports of flooding east of I-65 and along Highway 280.  Several vehicles under water with water rescues in the city of Homewood, including Rosedale Drive and portions of Highway 31. Flooding also reported in the English Village and Five Points areas.","A nearly stationary upper low over Southeast Alabama produced weak steering currents across Central Alabama. An axis of higher precipitable water extended from the upper low northwest into north Alabama. Daytime heating produced the necessary instability for localized flooding and damaging winds.",171
774598,TUSCALOOSA CO.,ROSEDALE,07/06/2018,1630,Flash Flood, , ,0,0,0,0,AL,CST-6, ,129271,C,125,BMX,0,0,Emergency Manager,Heavy Rain, , ,0.74,NNW,0.58,E,RIVER VIEW,07/06/2018,1845,33.2102,-87.5741,33.2218,-87.5262,"Numerous streets flooded and impassable around the city of Tuscaloosa along with several submerged vehicles.","A line of slow moving line of thunderstorms produced locally heavy rainfall and flash flooding across the city of Tuscaloosa.  Rainfall reports averaged 2-4 inches.",172
774599,JEFFERSON CO.,HOPKINS,07/16/2018,1055,Flash Flood, , ,0,0,0,0,AL,CST-6, ,129272,C,73,BMX,0,0,Trained Spotter,Heavy Rain, , ,0.61,SSW,1.82,NNW,CONCORD,07/16/2018,1230,33.4724,-87.0853,33.4927,-87.0387,"Flooding reported along Old Rock Creek Road and in the city of Hueytown.","A slow moving complex of thunderstorms tracking west to east across Central Alabama produced locally heavy rainfall and flash flooding in Jefferson and Walker Counties.",173
774600,WALKER CO.,JASPER,07/16/2018,1930,Flash Flood, , ,0,0,0,0,AL,CST-6, ,129272,C,127,BMX,0,0,Law Enforcement,Heavy Rain, , ,2.12,NW,1.34,SE,JASPER WALKER CO ARP,07/16/2018,2200,33.8495,-87.3085,33.8506,-87.2511,"Police reported several roads flooded and impassable with a few vehicles totally submerged.","A slow moving complex of thunderstorms tracking west to east across Central Alabama produced locally heavy rainfall and flash flooding in Jefferson and Walker Counties.",174
776577,CHOCTAW CO.,BUTLER,07/31/2018,1500,Flash Flood, , ,0,0,0,0,AL,CST-6, ,129639,C,23,MOB,0,0,Emergency Manager,Heavy Rain, , ,0.91,NW,0.71,NNW,BUTLER,07/31/2018,1730,32.09,-88.23,32.0978,-88.2301,"Very heavy rain resulted in flash flooding in the Green Acres subdivision. Water was quickly flowing over some of the roads, making them impassable.","A deep upper level trough, approaching from the west, combined with a very moist and unstable airmass, resulted in numerous showers and thunderstorms. Some of these storms resulted in localized flooding.",175
779516,MOBILE CO.,MOBILE,08/01/2018,1641,Flash Flood, , ,0,0,0,0,AL,CST-6, ,130169,C,97,MOB,0,0,Public,Heavy Rain, , ,1.14,ESE,1.76,SE,MOBILE,08/01/2018,1800,30.6965,-88.0612,30.6932,-88.0712,"Multiple cars stalled in water over Dauphin Street in midtown Mobile.","Slow moving thunderstorms caused flash flooding in Mobile.",176
779515,MOBILE CO.,MOBILE,08/01/2018,1641,Flash Flood, , ,0,0,0,0,AL,CST-6, ,130169,C,97,MOB,0,0,Public,Heavy Rain, , ,1.14,ESE,1.76,SE,MOBILE,08/01/2018,1800,30.6965,-88.0612,30.6932,-88.0712,"Water over the Cochran Causeway.","Slow moving thunderstorms caused flash flooding in Mobile.",177
779518,MOBILE CO.,PLATEAU,08/01/2018,1641,Flash Flood, , ,0,0,0,0,AL,CST-6, ,130169,C,97,MOB,0,0,Public,Heavy Rain, , ,2.06,SSW,1.9,SSW,PLATEAU,08/01/2018,1800,30.6935,-88.046,30.693,-88.0438,"Vehicle stalled due to water over Broad Street.","Slow moving thunderstorms caused flash flooding in Mobile.",178
779517,MOBILE CO.,COTTAGE HILL,08/01/2018,1641,Flash Flood, , ,0,0,0,0,AL,CST-6, ,130169,C,97,MOB,0,0,Public,Heavy Rain, , ,0.57,W,0.39,W,COTTAGE HILL,08/01/2018,1800,30.65,-88.1597,30.6488,-88.1588,"Stalled vehicles along Cottage Hill Road due to water over the road.","Slow moving thunderstorms caused flash flooding in Mobile.",179
779062,LEE CO.,AUBURN,08/14/2018,1215,Flash Flood, , ,0,0,0,0,AL,CST-6, ,130084,C,81,BMX,0,0,Emergency Manager,Heavy Rain, , ,0.92,NE,0.94,NNW,(AUO)AUBURN OPELIKA,08/14/2018,1400,32.6311,-85.4611,32.6327,-85.44,"At least six inches of water covered the intersection of University Drive and Opelika Road.","A cluster of slow moving thunderstorms tracked southward across western Lee County and produced minor flooding.",180
785117,MOBILE CO.,(MOB)MOBILE BATES FL,09/04/2018,2100,Flash Flood, , ,0,0,0,0,AL,CST-6, ,131199,C,97,MOB,0,0,Amateur Radio,Heavy Rain, , ,2.93,SSE,3,SSE,(MOB)MOBILE BATES FL,09/05/2018,200,30.6393,-88.2164,30.637,-88.214,"A flooded roadway near Cottage Hill and Bobwhite trail is impassable and blocked off by police.","Tropical Storm Gordon made landfall just west of the Alabama-Mississippi at 1015 PM CDT on September 4, 2018 with estimated maximum sustained winds of 70 mph. Gordon then tracked northwest into portions of inland southeast Mississippi late on the night of September 4th into the early morning of September 5th.||Gordon produced sustained tropical storm force winds Greene and George counties in Mississippi, coastal Alabama, as well as Escambia County in Florida. The strongest winds were confined to the immediate coast, with Dauphin Island experiencing gusts to hurricane force in the northern eyewall. Wind gusts to hurricane force were reported on Dauphin Island with sustained tropical storm force winds reported as far north as the |Mobile Regional Airport. Some homes on Dauphin Island experienced roof and siding damage. Isolated to scattered down trees and power outages were reported in southern mobile county. Further east, tropical storm force winds, primarily in gusts, impacted areas of Baldwin county south of interstate 10 with the strongest winds along the immediate coast. Strong tropical storm force winds were felt on the Ft. Morgan peninsula where a few homes suffered some siding or roof damage. The steeple was blown off of the Romar Beach Baptist church in Orange Beach. Some trees were downed and scattered power outages were reported. In Escambia County, FL, tropical storm force wind gusts impacted the southern half of the county, especially in the Pensacola metro and the immediate coast. Sustained tropical storm force winds were reported at Pensacola NAS. One fatality was reported near Pensacola when a tree fell onto a mobile home and killed a small child. In Greene and George counties in Mississippi, tropical storm force winds downed trees and power lines, particularly in the Merrill and Richton communities. One home in Richton was significantly damaged by a downed tree. ||Storm surge inundation peaked between 2 to 3 feet across coastal Alabama and Escambia County, FL. This resulted in flooding of typically low lying areas of Mobile and Baldwin Counties, including the west end of Dauphin Island and the US Highway 90 Causeway. The Fort Pickens area in Florida experienced significant coastal flooding and beach erosion. ||Rainfall totals of 6-12 inches were recorded to the east of the center, primarily over Baldwin, Washington, Choctaw, Clarke, Escamba AL, Escambia FL, and Santa Rosa FL. The highest total measured was 12.45 inches 7 miles ENE of Gulf Breeze, FL. This resulted in areas of flash flooding, along with some significant river flooding. The Styx River reached major flood stage while the Fish River reached moderate flood stage.",181
785123,BALDWIN CO.,TURKEY BRANCH,09/05/2018,0,Flash Flood, , ,0,0,0,0,AL,CST-6, ,131199,C,3,MOB,0,0,Public,Heavy Rain, , ,1,WSW,0.88,WSW,TURKEY BRANCH,09/05/2018,200,30.4145,-87.8455,30.4176,-87.841,"Heavy rain caused water to cover the road near Highway 98 and State highway 181.","Tropical Storm Gordon made landfall just west of the Alabama-Mississippi at 1015 PM CDT on September 4, 2018 with estimated maximum sustained winds of 70 mph. Gordon then tracked northwest into portions of inland southeast Mississippi late on the night of September 4th into the early morning of September 5th.||Gordon produced sustained tropical storm force winds Greene and George counties in Mississippi, coastal Alabama, as well as Escambia County in Florida. The strongest winds were confined to the immediate coast, with Dauphin Island experiencing gusts to hurricane force in the northern eyewall. Wind gusts to hurricane force were reported on Dauphin Island with sustained tropical storm force winds reported as far north as the |Mobile Regional Airport. Some homes on Dauphin Island experienced roof and siding damage. Isolated to scattered down trees and power outages were reported in southern mobile county. Further east, tropical storm force winds, primarily in gusts, impacted areas of Baldwin county south of interstate 10 with the strongest winds along the immediate coast. Strong tropical storm force winds were felt on the Ft. Morgan peninsula where a few homes suffered some siding or roof damage. The steeple was blown off of the Romar Beach Baptist church in Orange Beach. Some trees were downed and scattered power outages were reported. In Escambia County, FL, tropical storm force wind gusts impacted the southern half of the county, especially in the Pensacola metro and the immediate coast. Sustained tropical storm force winds were reported at Pensacola NAS. One fatality was reported near Pensacola when a tree fell onto a mobile home and killed a small child. In Greene and George counties in Mississippi, tropical storm force winds downed trees and power lines, particularly in the Merrill and Richton communities. One home in Richton was significantly damaged by a downed tree. ||Storm surge inundation peaked between 2 to 3 feet across coastal Alabama and Escambia County, FL. This resulted in flooding of typically low lying areas of Mobile and Baldwin Counties, including the west end of Dauphin Island and the US Highway 90 Causeway. The Fort Pickens area in Florida experienced significant coastal flooding and beach erosion. ||Rainfall totals of 6-12 inches were recorded to the east of the center, primarily over Baldwin, Washington, Choctaw, Clarke, Escamba AL, Escambia FL, and Santa Rosa FL. The highest total measured was 12.45 inches 7 miles ENE of Gulf Breeze, FL. This resulted in areas of flash flooding, along with some significant river flooding. The Styx River reached major flood stage while the Fish River reached moderate flood stage.",182
785125,BALDWIN CO.,ELSANOR,09/05/2018,0,Flash Flood, , ,0,0,0,0,AL,CST-6, ,131199,C,3,MOB,0,0,Public,Heavy Rain, , ,2,SW,1.12,SSW,ELSANOR,09/05/2018,200,30.5295,-87.6038,30.5222,-87.5883,"Water over the road on CR 87.","Tropical Storm Gordon made landfall just west of the Alabama-Mississippi at 1015 PM CDT on September 4, 2018 with estimated maximum sustained winds of 70 mph. Gordon then tracked northwest into portions of inland southeast Mississippi late on the night of September 4th into the early morning of September 5th.||Gordon produced sustained tropical storm force winds Greene and George counties in Mississippi, coastal Alabama, as well as Escambia County in Florida. The strongest winds were confined to the immediate coast, with Dauphin Island experiencing gusts to hurricane force in the northern eyewall. Wind gusts to hurricane force were reported on Dauphin Island with sustained tropical storm force winds reported as far north as the |Mobile Regional Airport. Some homes on Dauphin Island experienced roof and siding damage. Isolated to scattered down trees and power outages were reported in southern mobile county. Further east, tropical storm force winds, primarily in gusts, impacted areas of Baldwin county south of interstate 10 with the strongest winds along the immediate coast. Strong tropical storm force winds were felt on the Ft. Morgan peninsula where a few homes suffered some siding or roof damage. The steeple was blown off of the Romar Beach Baptist church in Orange Beach. Some trees were downed and scattered power outages were reported. In Escambia County, FL, tropical storm force wind gusts impacted the southern half of the county, especially in the Pensacola metro and the immediate coast. Sustained tropical storm force winds were reported at Pensacola NAS. One fatality was reported near Pensacola when a tree fell onto a mobile home and killed a small child. In Greene and George counties in Mississippi, tropical storm force winds downed trees and power lines, particularly in the Merrill and Richton communities. One home in Richton was significantly damaged by a downed tree. ||Storm surge inundation peaked between 2 to 3 feet across coastal Alabama and Escambia County, FL. This resulted in flooding of typically low lying areas of Mobile and Baldwin Counties, including the west end of Dauphin Island and the US Highway 90 Causeway. The Fort Pickens area in Florida experienced significant coastal flooding and beach erosion. ||Rainfall totals of 6-12 inches were recorded to the east of the center, primarily over Baldwin, Washington, Choctaw, Clarke, Escamba AL, Escambia FL, and Santa Rosa FL. The highest total measured was 12.45 inches 7 miles ENE of Gulf Breeze, FL. This resulted in areas of flash flooding, along with some significant river flooding. The Styx River reached major flood stage while the Fish River reached moderate flood stage.",183
785126,CLARKE CO.,GROVE HILL MUNI ARPT,09/05/2018,400,Flash Flood, , ,0,0,0,0,AL,CST-6, ,131199,C,25,MOB,0,0,Emergency Manager,Heavy Rain, , ,5,SW,0,SE,WINN,09/05/2018,700,31.6251,-87.8253,31.6083,-87.8495,"Water over the road near Toddtown Road and Highway 43 between Jackson and Grove Hill.","Tropical Storm Gordon made landfall just west of the Alabama-Mississippi at 1015 PM CDT on September 4, 2018 with estimated maximum sustained winds of 70 mph. Gordon then tracked northwest into portions of inland southeast Mississippi late on the night of September 4th into the early morning of September 5th.||Gordon produced sustained tropical storm force winds Greene and George counties in Mississippi, coastal Alabama, as well as Escambia County in Florida. The strongest winds were confined to the immediate coast, with Dauphin Island experiencing gusts to hurricane force in the northern eyewall. Wind gusts to hurricane force were reported on Dauphin Island with sustained tropical storm force winds reported as far north as the |Mobile Regional Airport. Some homes on Dauphin Island experienced roof and siding damage. Isolated to scattered down trees and power outages were reported in southern mobile county. Further east, tropical storm force winds, primarily in gusts, impacted areas of Baldwin county south of interstate 10 with the strongest winds along the immediate coast. Strong tropical storm force winds were felt on the Ft. Morgan peninsula where a few homes suffered some siding or roof damage. The steeple was blown off of the Romar Beach Baptist church in Orange Beach. Some trees were downed and scattered power outages were reported. In Escambia County, FL, tropical storm force wind gusts impacted the southern half of the county, especially in the Pensacola metro and the immediate coast. Sustained tropical storm force winds were reported at Pensacola NAS. One fatality was reported near Pensacola when a tree fell onto a mobile home and killed a small child. In Greene and George counties in Mississippi, tropical storm force winds downed trees and power lines, particularly in the Merrill and Richton communities. One home in Richton was significantly damaged by a downed tree. ||Storm surge inundation peaked between 2 to 3 feet across coastal Alabama and Escambia County, FL. This resulted in flooding of typically low lying areas of Mobile and Baldwin Counties, including the west end of Dauphin Island and the US Highway 90 Causeway. The Fort Pickens area in Florida experienced significant coastal flooding and beach erosion. ||Rainfall totals of 6-12 inches were recorded to the east of the center, primarily over Baldwin, Washington, Choctaw, Clarke, Escamba AL, Escambia FL, and Santa Rosa FL. The highest total measured was 12.45 inches 7 miles ENE of Gulf Breeze, FL. This resulted in areas of flash flooding, along with some significant river flooding. The Styx River reached major flood stage while the Fish River reached moderate flood stage.",184
785348,BALDWIN CO.,MALBIS,09/05/2018,500,Flash Flood, , ,0,0,0,0,AL,CST-6, ,131199,C,3,MOB,0,0,Public,Heavy Rain, , ,0,N,0.43,NE,MALBIS,09/05/2018,700,30.65,-87.85,30.653,-87.8461,"Cars were stalled in high water over the road in the Malbis area.","Tropical Storm Gordon made landfall just west of the Alabama-Mississippi at 1015 PM CDT on September 4, 2018 with estimated maximum sustained winds of 70 mph. Gordon then tracked northwest into portions of inland southeast Mississippi late on the night of September 4th into the early morning of September 5th.||Gordon produced sustained tropical storm force winds Greene and George counties in Mississippi, coastal Alabama, as well as Escambia County in Florida. The strongest winds were confined to the immediate coast, with Dauphin Island experiencing gusts to hurricane force in the northern eyewall. Wind gusts to hurricane force were reported on Dauphin Island with sustained tropical storm force winds reported as far north as the |Mobile Regional Airport. Some homes on Dauphin Island experienced roof and siding damage. Isolated to scattered down trees and power outages were reported in southern mobile county. Further east, tropical storm force winds, primarily in gusts, impacted areas of Baldwin county south of interstate 10 with the strongest winds along the immediate coast. Strong tropical storm force winds were felt on the Ft. Morgan peninsula where a few homes suffered some siding or roof damage. The steeple was blown off of the Romar Beach Baptist church in Orange Beach. Some trees were downed and scattered power outages were reported. In Escambia County, FL, tropical storm force wind gusts impacted the southern half of the county, especially in the Pensacola metro and the immediate coast. Sustained tropical storm force winds were reported at Pensacola NAS. One fatality was reported near Pensacola when a tree fell onto a mobile home and killed a small child. In Greene and George counties in Mississippi, tropical storm force winds downed trees and power lines, particularly in the Merrill and Richton communities. One home in Richton was significantly damaged by a downed tree. ||Storm surge inundation peaked between 2 to 3 feet across coastal Alabama and Escambia County, FL. This resulted in flooding of typically low lying areas of Mobile and Baldwin Counties, including the west end of Dauphin Island and the US Highway 90 Causeway. The Fort Pickens area in Florida experienced significant coastal flooding and beach erosion. ||Rainfall totals of 6-12 inches were recorded to the east of the center, primarily over Baldwin, Washington, Choctaw, Clarke, Escamba AL, Escambia FL, and Santa Rosa FL. The highest total measured was 12.45 inches 7 miles ENE of Gulf Breeze, FL. This resulted in areas of flash flooding, along with some significant river flooding. The Styx River reached major flood stage while the Fish River reached moderate flood stage.",185
785127,CLARKE CO.,MORVIN,09/05/2018,500,Flash Flood, , ,0,0,25000,0,AL,CST-6, ,131199,C,25,MOB,0,0,Emergency Manager,Heavy Rain, , ,2,W,6.26,N,MARVIN,09/05/2018,900,31.97,-88.0141,32.0117,-87.9846,"Buxton Chapel Road closed due to washout from flooding.","Tropical Storm Gordon made landfall just west of the Alabama-Mississippi at 1015 PM CDT on September 4, 2018 with estimated maximum sustained winds of 70 mph. Gordon then tracked northwest into portions of inland southeast Mississippi late on the night of September 4th into the early morning of September 5th.||Gordon produced sustained tropical storm force winds Greene and George counties in Mississippi, coastal Alabama, as well as Escambia County in Florida. The strongest winds were confined to the immediate coast, with Dauphin Island experiencing gusts to hurricane force in the northern eyewall. Wind gusts to hurricane force were reported on Dauphin Island with sustained tropical storm force winds reported as far north as the |Mobile Regional Airport. Some homes on Dauphin Island experienced roof and siding damage. Isolated to scattered down trees and power outages were reported in southern mobile county. Further east, tropical storm force winds, primarily in gusts, impacted areas of Baldwin county south of interstate 10 with the strongest winds along the immediate coast. Strong tropical storm force winds were felt on the Ft. Morgan peninsula where a few homes suffered some siding or roof damage. The steeple was blown off of the Romar Beach Baptist church in Orange Beach. Some trees were downed and scattered power outages were reported. In Escambia County, FL, tropical storm force wind gusts impacted the southern half of the county, especially in the Pensacola metro and the immediate coast. Sustained tropical storm force winds were reported at Pensacola NAS. One fatality was reported near Pensacola when a tree fell onto a mobile home and killed a small child. In Greene and George counties in Mississippi, tropical storm force winds downed trees and power lines, particularly in the Merrill and Richton communities. One home in Richton was significantly damaged by a downed tree. ||Storm surge inundation peaked between 2 to 3 feet across coastal Alabama and Escambia County, FL. This resulted in flooding of typically low lying areas of Mobile and Baldwin Counties, including the west end of Dauphin Island and the US Highway 90 Causeway. The Fort Pickens area in Florida experienced significant coastal flooding and beach erosion. ||Rainfall totals of 6-12 inches were recorded to the east of the center, primarily over Baldwin, Washington, Choctaw, Clarke, Escamba AL, Escambia FL, and Santa Rosa FL. The highest total measured was 12.45 inches 7 miles ENE of Gulf Breeze, FL. This resulted in areas of flash flooding, along with some significant river flooding. The Styx River reached major flood stage while the Fish River reached moderate flood stage.",186
785129,CHOCTAW CO.,CHOCTAW,09/05/2018,600,Flash Flood, , ,0,0,25000,0,AL,CST-6, ,131199,C,23,MOB,0,0,Emergency Manager,Heavy Rain, , ,0,N,1.83,SSW,PENNINGTON,09/05/2018,1000,32.2,-88.1,32.1899,-88.0569,"County Road 37 was closed due to a wash out from flooding.","Tropical Storm Gordon made landfall just west of the Alabama-Mississippi at 1015 PM CDT on September 4, 2018 with estimated maximum sustained winds of 70 mph. Gordon then tracked northwest into portions of inland southeast Mississippi late on the night of September 4th into the early morning of September 5th.||Gordon produced sustained tropical storm force winds Greene and George counties in Mississippi, coastal Alabama, as well as Escambia County in Florida. The strongest winds were confined to the immediate coast, with Dauphin Island experiencing gusts to hurricane force in the northern eyewall. Wind gusts to hurricane force were reported on Dauphin Island with sustained tropical storm force winds reported as far north as the |Mobile Regional Airport. Some homes on Dauphin Island experienced roof and siding damage. Isolated to scattered down trees and power outages were reported in southern mobile county. Further east, tropical storm force winds, primarily in gusts, impacted areas of Baldwin county south of interstate 10 with the strongest winds along the immediate coast. Strong tropical storm force winds were felt on the Ft. Morgan peninsula where a few homes suffered some siding or roof damage. The steeple was blown off of the Romar Beach Baptist church in Orange Beach. Some trees were downed and scattered power outages were reported. In Escambia County, FL, tropical storm force wind gusts impacted the southern half of the county, especially in the Pensacola metro and the immediate coast. Sustained tropical storm force winds were reported at Pensacola NAS. One fatality was reported near Pensacola when a tree fell onto a mobile home and killed a small child. In Greene and George counties in Mississippi, tropical storm force winds downed trees and power lines, particularly in the Merrill and Richton communities. One home in Richton was significantly damaged by a downed tree. ||Storm surge inundation peaked between 2 to 3 feet across coastal Alabama and Escambia County, FL. This resulted in flooding of typically low lying areas of Mobile and Baldwin Counties, including the west end of Dauphin Island and the US Highway 90 Causeway. The Fort Pickens area in Florida experienced significant coastal flooding and beach erosion. ||Rainfall totals of 6-12 inches were recorded to the east of the center, primarily over Baldwin, Washington, Choctaw, Clarke, Escamba AL, Escambia FL, and Santa Rosa FL. The highest total measured was 12.45 inches 7 miles ENE of Gulf Breeze, FL. This resulted in areas of flash flooding, along with some significant river flooding. The Styx River reached major flood stage while the Fish River reached moderate flood stage.",187
785150,CLARKE CO.,GROVE HILL,09/05/2018,600,Flash Flood, , ,0,0,10000,0,AL,CST-6, ,131199,C,25,MOB,0,0,Emergency Manager,Heavy Rain, , ,0.67,SE,1,ENE,GROVE HILL,09/05/2018,1000,31.6927,-87.7725,31.7006,-87.7774,"Flood water entered the Library at Wilson Hall Middle School.","Tropical Storm Gordon made landfall just west of the Alabama-Mississippi at 1015 PM CDT on September 4, 2018 with estimated maximum sustained winds of 70 mph. Gordon then tracked northwest into portions of inland southeast Mississippi late on the night of September 4th into the early morning of September 5th.||Gordon produced sustained tropical storm force winds Greene and George counties in Mississippi, coastal Alabama, as well as Escambia County in Florida. The strongest winds were confined to the immediate coast, with Dauphin Island experiencing gusts to hurricane force in the northern eyewall. Wind gusts to hurricane force were reported on Dauphin Island with sustained tropical storm force winds reported as far north as the |Mobile Regional Airport. Some homes on Dauphin Island experienced roof and siding damage. Isolated to scattered down trees and power outages were reported in southern mobile county. Further east, tropical storm force winds, primarily in gusts, impacted areas of Baldwin county south of interstate 10 with the strongest winds along the immediate coast. Strong tropical storm force winds were felt on the Ft. Morgan peninsula where a few homes suffered some siding or roof damage. The steeple was blown off of the Romar Beach Baptist church in Orange Beach. Some trees were downed and scattered power outages were reported. In Escambia County, FL, tropical storm force wind gusts impacted the southern half of the county, especially in the Pensacola metro and the immediate coast. Sustained tropical storm force winds were reported at Pensacola NAS. One fatality was reported near Pensacola when a tree fell onto a mobile home and killed a small child. In Greene and George counties in Mississippi, tropical storm force winds downed trees and power lines, particularly in the Merrill and Richton communities. One home in Richton was significantly damaged by a downed tree. ||Storm surge inundation peaked between 2 to 3 feet across coastal Alabama and Escambia County, FL. This resulted in flooding of typically low lying areas of Mobile and Baldwin Counties, including the west end of Dauphin Island and the US Highway 90 Causeway. The Fort Pickens area in Florida experienced significant coastal flooding and beach erosion. ||Rainfall totals of 6-12 inches were recorded to the east of the center, primarily over Baldwin, Washington, Choctaw, Clarke, Escamba AL, Escambia FL, and Santa Rosa FL. The highest total measured was 12.45 inches 7 miles ENE of Gulf Breeze, FL. This resulted in areas of flash flooding, along with some significant river flooding. The Styx River reached major flood stage while the Fish River reached moderate flood stage.",188
785151,CLARKE CO.,JACKSON,09/05/2018,800,Flash Flood, , ,0,0,25000,0,AL,CST-6, ,131199,C,25,MOB,0,0,Emergency Manager,Heavy Rain, , ,5.11,NW,5,NW,JACKSON,09/05/2018,1200,31.5678,-87.9463,31.5521,-87.9155,"Wiggins Road closed due to a washout from flooding.","Tropical Storm Gordon made landfall just west of the Alabama-Mississippi at 1015 PM CDT on September 4, 2018 with estimated maximum sustained winds of 70 mph. Gordon then tracked northwest into portions of inland southeast Mississippi late on the night of September 4th into the early morning of September 5th.||Gordon produced sustained tropical storm force winds Greene and George counties in Mississippi, coastal Alabama, as well as Escambia County in Florida. The strongest winds were confined to the immediate coast, with Dauphin Island experiencing gusts to hurricane force in the northern eyewall. Wind gusts to hurricane force were reported on Dauphin Island with sustained tropical storm force winds reported as far north as the |Mobile Regional Airport. Some homes on Dauphin Island experienced roof and siding damage. Isolated to scattered down trees and power outages were reported in southern mobile county. Further east, tropical storm force winds, primarily in gusts, impacted areas of Baldwin county south of interstate 10 with the strongest winds along the immediate coast. Strong tropical storm force winds were felt on the Ft. Morgan peninsula where a few homes suffered some siding or roof damage. The steeple was blown off of the Romar Beach Baptist church in Orange Beach. Some trees were downed and scattered power outages were reported. In Escambia County, FL, tropical storm force wind gusts impacted the southern half of the county, especially in the Pensacola metro and the immediate coast. Sustained tropical storm force winds were reported at Pensacola NAS. One fatality was reported near Pensacola when a tree fell onto a mobile home and killed a small child. In Greene and George counties in Mississippi, tropical storm force winds downed trees and power lines, particularly in the Merrill and Richton communities. One home in Richton was significantly damaged by a downed tree. ||Storm surge inundation peaked between 2 to 3 feet across coastal Alabama and Escambia County, FL. This resulted in flooding of typically low lying areas of Mobile and Baldwin Counties, including the west end of Dauphin Island and the US Highway 90 Causeway. The Fort Pickens area in Florida experienced significant coastal flooding and beach erosion. ||Rainfall totals of 6-12 inches were recorded to the east of the center, primarily over Baldwin, Washington, Choctaw, Clarke, Escamba AL, Escambia FL, and Santa Rosa FL. The highest total measured was 12.45 inches 7 miles ENE of Gulf Breeze, FL. This resulted in areas of flash flooding, along with some significant river flooding. The Styx River reached major flood stage while the Fish River reached moderate flood stage.",189
785333,CLARKE CO.,JACKSON MUNI ARPT,09/05/2018,856,Flash Flood, , ,0,0,0,0,AL,CST-6, ,131199,C,25,MOB,0,0,Emergency Manager,Heavy Rain, , ,1.74,N,0,N,CHOCTAW BLUFF,09/05/2018,1300,31.4949,-87.9036,31.4128,-87.7786,"Old Locke One Road was closed due to flooding.","Tropical Storm Gordon made landfall just west of the Alabama-Mississippi at 1015 PM CDT on September 4, 2018 with estimated maximum sustained winds of 70 mph. Gordon then tracked northwest into portions of inland southeast Mississippi late on the night of September 4th into the early morning of September 5th.||Gordon produced sustained tropical storm force winds Greene and George counties in Mississippi, coastal Alabama, as well as Escambia County in Florida. The strongest winds were confined to the immediate coast, with Dauphin Island experiencing gusts to hurricane force in the northern eyewall. Wind gusts to hurricane force were reported on Dauphin Island with sustained tropical storm force winds reported as far north as the |Mobile Regional Airport. Some homes on Dauphin Island experienced roof and siding damage. Isolated to scattered down trees and power outages were reported in southern mobile county. Further east, tropical storm force winds, primarily in gusts, impacted areas of Baldwin county south of interstate 10 with the strongest winds along the immediate coast. Strong tropical storm force winds were felt on the Ft. Morgan peninsula where a few homes suffered some siding or roof damage. The steeple was blown off of the Romar Beach Baptist church in Orange Beach. Some trees were downed and scattered power outages were reported. In Escambia County, FL, tropical storm force wind gusts impacted the southern half of the county, especially in the Pensacola metro and the immediate coast. Sustained tropical storm force winds were reported at Pensacola NAS. One fatality was reported near Pensacola when a tree fell onto a mobile home and killed a small child. In Greene and George counties in Mississippi, tropical storm force winds downed trees and power lines, particularly in the Merrill and Richton communities. One home in Richton was significantly damaged by a downed tree. ||Storm surge inundation peaked between 2 to 3 feet across coastal Alabama and Escambia County, FL. This resulted in flooding of typically low lying areas of Mobile and Baldwin Counties, including the west end of Dauphin Island and the US Highway 90 Causeway. The Fort Pickens area in Florida experienced significant coastal flooding and beach erosion. ||Rainfall totals of 6-12 inches were recorded to the east of the center, primarily over Baldwin, Washington, Choctaw, Clarke, Escamba AL, Escambia FL, and Santa Rosa FL. The highest total measured was 12.45 inches 7 miles ENE of Gulf Breeze, FL. This resulted in areas of flash flooding, along with some significant river flooding. The Styx River reached major flood stage while the Fish River reached moderate flood stage.",190
785347,CHOCTAW CO.,NAHEOLA,09/05/2018,1400,Flash Flood, , ,0,0,0,0,AL,CST-6, ,131199,C,23,MOB,0,0,Emergency Manager,Heavy Rain, , ,1.81,SSW,2,S,NAHEOLA,09/05/2018,1516,32.2457,-88.0316,32.2368,-88.0233,"Wallace Mcneely road and Old Lock 2 road closed due to flooding.","Tropical Storm Gordon made landfall just west of the Alabama-Mississippi at 1015 PM CDT on September 4, 2018 with estimated maximum sustained winds of 70 mph. Gordon then tracked northwest into portions of inland southeast Mississippi late on the night of September 4th into the early morning of September 5th.||Gordon produced sustained tropical storm force winds Greene and George counties in Mississippi, coastal Alabama, as well as Escambia County in Florida. The strongest winds were confined to the immediate coast, with Dauphin Island experiencing gusts to hurricane force in the northern eyewall. Wind gusts to hurricane force were reported on Dauphin Island with sustained tropical storm force winds reported as far north as the |Mobile Regional Airport. Some homes on Dauphin Island experienced roof and siding damage. Isolated to scattered down trees and power outages were reported in southern mobile county. Further east, tropical storm force winds, primarily in gusts, impacted areas of Baldwin county south of interstate 10 with the strongest winds along the immediate coast. Strong tropical storm force winds were felt on the Ft. Morgan peninsula where a few homes suffered some siding or roof damage. The steeple was blown off of the Romar Beach Baptist church in Orange Beach. Some trees were downed and scattered power outages were reported. In Escambia County, FL, tropical storm force wind gusts impacted the southern half of the county, especially in the Pensacola metro and the immediate coast. Sustained tropical storm force winds were reported at Pensacola NAS. One fatality was reported near Pensacola when a tree fell onto a mobile home and killed a small child. In Greene and George counties in Mississippi, tropical storm force winds downed trees and power lines, particularly in the Merrill and Richton communities. One home in Richton was significantly damaged by a downed tree. ||Storm surge inundation peaked between 2 to 3 feet across coastal Alabama and Escambia County, FL. This resulted in flooding of typically low lying areas of Mobile and Baldwin Counties, including the west end of Dauphin Island and the US Highway 90 Causeway. The Fort Pickens area in Florida experienced significant coastal flooding and beach erosion. ||Rainfall totals of 6-12 inches were recorded to the east of the center, primarily over Baldwin, Washington, Choctaw, Clarke, Escamba AL, Escambia FL, and Santa Rosa FL. The highest total measured was 12.45 inches 7 miles ENE of Gulf Breeze, FL. This resulted in areas of flash flooding, along with some significant river flooding. The Styx River reached major flood stage while the Fish River reached moderate flood stage.",191
785153,CLARKE CO.,ATKINSON,09/06/2018,1725,Flash Flood, , ,0,0,0,0,AL,CST-6, ,131225,C,25,MOB,0,0,Emergency Manager,Heavy Rain, , ,7.58,NNE,3,NE,NETTLEBORO,09/06/2018,1900,32.07,-87.6167,31.8333,-87.5865,"Heavy rain caused flooding across  northeastern Clarke County. Water covered several roads in the area. In Grove Hill, there was 6 inches of flowing water over the intersection of Church Street and Foscue Avenue.","Tropical moisture left over from Tropical Storm Gordon and daytime heating lead to the development of afternoon thunderstorms with very heavy rain.  The heavy rain caused flooding in southwest Alabama.",192
785759,ELMORE CO.,WETUMPKA,09/10/2018,1730,Flash Flood, , ,0,0,0,0,AL,CST-6, ,131324,C,51,BMX,0,0,Emergency Manager,Heavy Rain, , ,0.72,ESE,0.88,ESE,WETUMPKA,09/10/2018,1830,32.5446,-86.2095,32.5448,-86.2076,"A portion of North Bridge Street flooded and impassable.","Several clusters of slow moving thunderstorms produced heavy rainfall and lightning along the I-85 corridor.",193
787807,COLBERT CO.,WILSON DAM,09/13/2018,1415,Flash Flood, , ,0,0,0,0,AL,CST-6, ,129061,C,33,HUN,0,0,Law Enforcement,Heavy Rain, , ,1.33,WSW,1.28,SW,WILSON DAM,09/13/2018,2300,34.77,-87.67,34.7704,-87.6655,"Flash flooding stranded a motorist at the intersection of Hatch Blvd and Jackson Hwy in Sheffield. Water receding at this time.","A slow moving cluster of thunderstorms during the mid afternoon dumped 1-2 inches of rain in less than an hour and knocked down several trees and power lines down in Sheffield and Tuscumbia.  One motorist was stranded in Sheffield due to the flash flood.",194
787809,MARSHALL CO.,ALBERTVILLE,09/26/2018,600,Flash Flood, , ,0,0,0,0,AL,CST-6, ,129562,C,95,HUN,0,0,Emergency Manager,Heavy Rain, , ,1.33,ENE,1.04,NE,ALBERTVILLE,09/26/2018,1500,34.28,-86.2,34.2824,-86.205,"An SUV was swept away on Glover Street at Avenue B after attempting to drive through flood waters. A mother and two children were rescued by the fire department.","A feed of very moist air and a slow moving frontal system led to multiple clusters of showers and thunderstorms during the morning hours of the 26th.  Intense rainfall rates in a short period of time (1-2 inches in 30 minutes) led to isolated flash flooding in Albertville, requiring a swift water rescue.  Fortunately, the occupants of an SUV were unharmed.",195
785765,JEFFERSON CO.,SUMTER,09/26/2018,1030,Flash Flood, , ,0,0,0,0,AL,CST-6, ,131325,C,73,BMX,0,0,Broadcast Media,Heavy Rain, , ,0.47,SSW,2.37,WNW,ACIPCO,09/26/2018,1230,33.344,-87.1337,33.5271,-86.8337,"Training of thunderstorms across western Jefferson County produced numerous reports of flash flooding, with rainfall amounts of 3 to 4 inches. Flooding was reported in the cities of Bessemer, Hueytown, and the western suburbs of the Birmingham. Several water rescues of residents in homes in the city of Bessemer.","A approaching short wave trough interacted with a zone of high precipitable water across central Alabama. Numerous showers and thunderstorms developed during the heating of the day, producing rainfall amounts of 3 to 4 inches across western Jefferson County.",196
785255,HOUSTON CO.,PETERMAN,11/07/2018,1727,Flash Flood, , ,0,0,0,0,AL,CST-6, ,131244,C,69,TAE,0,0,Broadcast Media,Heavy Rain, , ,2.46,ESE,2.79,E,PETERMAN,11/07/2018,1930,31.19,-85.43,31.1929,-85.4251,"A portion of Honeysuckle Road was reported underwater in the Dothan area.","Training convection resulted in isolated flash flooding across portions of eastern Geneva county and Houston county.",197
785256,GENEVA CO.,SLOCOMB,11/07/2018,1833,Flash Flood, , ,0,0,0,0,AL,CST-6, ,131244,C,61,TAE,0,0,Law Enforcement,Heavy Rain, , ,0.59,W,0.58,WNW,SLOCOMB,11/07/2018,1930,31.1,-85.6,31.1018,-85.5995,"Water entered the first floor of a residence at ground level along Arrington Street in Slocomb.","Training convection resulted in isolated flash flooding across portions of eastern Geneva county and Houston county.",198
797891,BALDWIN CO.,LILLIAN,12/01/2018,1627,Flash Flood, , ,0,0,0,0,AL,CST-6, ,133352,C,3,MOB,0,0,Broadcast Media,Heavy Rain, , ,0.91,NE,1.28,NE,LILLIAN,12/01/2018,1900,30.41,-87.44,30.4079,-87.4424,"Fast moving water across several roads was reported near County Road 99 and Highway 98 in Lillian.","Thunderstorms developed ahead of a strong cold front moving across the southeast. The storms produced 5 to 10 inches of rain across extreme southeastern Baldwin County near the Florida state line. This resulted in isolated f flash flooding.",199
797923,CLARKE CO.,WHATLEY,12/27/2018,2100,Flash Flood, , ,0,0,100000,0,AL,CST-6, ,133353,C,25,MOB,0,0,Emergency Manager,Heavy Rain, , ,2.38,W,0.95,E,WINN,12/28/2018,330,31.6524,-87.7404,31.6577,-87.8684,"Extensive flash flooding occurred in Clarke County due to 5 to 8 inches of rain that fell in a short duration. The most extensive flooding occurred in the Thomasville and Fulton areas, particularly around Bassett Creek. 31 roads were flooded and 15 were damaged. 2 homes in Fulton along School Street were flooded. Flooding also occurred along Highway 43 just south of Thomasville near Dummy Line Road, stranding vehicles.","Significant flash flooding unfolded across parts of southwest Alabama (Choctaw, Clarke Counties) where a swath of 5 to 10 inches of rain fell in a short period of time. The highest rainfall total that occurred in southwest Alabama was 10 inches near Aquilla, AL in Choctaw County. ||Numerous roads were closed or washed out across the aforementioned area due to the flash flooding. Floodwaters also inundated some homes in Choctaw and Clarke Counties.  Rapidly rising floodwaters also led to a few water rescues.",200
797929,CHOCTAW CO.,GILBERTOWN,12/28/2018,200,Flash Flood, , ,0,0,700000,0,AL,CST-6, ,133353,C,23,MOB,0,0,Emergency Manager,Heavy Rain, , ,1.57,ESE,0.77,SSW,EVANSBORO,12/28/2018,700,31.858,-88.2972,31.8524,-88.4696,"Extensive flash flooding occurred across the central and northern portions of Choctaw County due to a large swath of 6 to 10 inches of rain. Some of the harder hit areas included the Yantley and Jachin communities along Highway 10, along with the Mosley Bridge Road area near Gilberton. In total, around 20 roads were flooded, with more than 10 damaged. 5 homes and 3 businesses also suffered flooding damage. In total, there was  over $600,000 in infrastructure damage, including damage to roads, railroads, and water utilities.","Significant flash flooding unfolded across parts of southwest Alabama (Choctaw, Clarke Counties) where a swath of 5 to 10 inches of rain fell in a short period of time. The highest rainfall total that occurred in southwest Alabama was 10 inches near Aquilla, AL in Choctaw County. ||Numerous roads were closed or washed out across the aforementioned area due to the flash flooding. Floodwaters also inundated some homes in Choctaw and Clarke Counties.  Rapidly rising floodwaters also led to a few water rescues.",201
797931,WASHINGTON CO.,HEALING SPGS,12/28/2018,300,Flash Flood, , ,0,0,0,0,AL,CST-6, ,133353,C,129,MOB,0,0,Emergency Manager,Heavy Rain, , ,1.59,N,1.81,S,HEALING SPGS,12/28/2018,600,31.653,-88.3307,31.6148,-88.3331,"A few roads were flooded in and around Millry.","Significant flash flooding unfolded across parts of southwest Alabama (Choctaw, Clarke Counties) where a swath of 5 to 10 inches of rain fell in a short period of time. The highest rainfall total that occurred in southwest Alabama was 10 inches near Aquilla, AL in Choctaw County. ||Numerous roads were closed or washed out across the aforementioned area due to the flash flooding. Floodwaters also inundated some homes in Choctaw and Clarke Counties.  Rapidly rising floodwaters also led to a few water rescues.",202
805297,JACKSON CO.,WOODVILLE,01/19/2019,1545,Flash Flood, , ,0,0,0,0,AL,CST-6, ,132599,C,71,HUN,0,0,Emergency Manager,Heavy Rain, , ,0.89,NE,0.79,ENE,WOODVILLE,01/19/2019,2200,34.64,-86.27,34.6356,-86.2689,"EMA reported upwards of 2 feet of water flowing across County Road 8 just north of Woodville. The road is being barricaded now.","Rainfall of 2-3 inches was reported in portions of north central and northwest Alabama.  This resulted in flash flooding in southwestern Jackson County, and areal flooding in other locations.  Strong winds snapped a few trees near Ider in DeKalb County during the afternoon hours of the 19th.",203
803333,WASHINGTON CO.,ESCATAWPA,01/23/2019,1300,Flash Flood, , ,0,0,0,0,AL,CST-6, ,134150,C,129,MOB,0,0,Emergency Manager,Heavy Rain, , ,16.32,WSW,0,SSW,ESCATAWPA,01/23/2019,1730,31.1572,-88.6359,31.2396,-88.4209,"Heavy rain caused several streets to become flooding around Millry.","Heavy rains caused flooding across portions of southwest Alabama.",204
803792,CLARKE CO.,COFFEEVILLE,01/23/2019,1430,Flash Flood, , ,0,0,0,0,AL,CST-6, ,134150,C,25,MOB,0,0,Emergency Manager,Heavy Rain, , ,1,NNE,1.5,SE,COFFEEVILLE,01/23/2019,1900,31.7634,-88.0935,31.7298,-88.0655,"Multiple roads closed across northwestern Clarke County due to water over the road.","Heavy rains caused flooding across portions of southwest Alabama.",205
804117,CLARKE CO.,ATKINSON,01/23/2019,1630,Flash Flood, , ,0,0,0,0,AL,CST-6, ,134150,C,25,MOB,0,0,Broadcast Media,Heavy Rain, , ,19.06,N,2,NNE,BASHI,01/23/2019,1930,32.2438,-87.6305,32.2576,-87.7733,"Picture of flooding on Bashi Road.","Heavy rains caused flooding across portions of southwest Alabama.",206
804120,CLARKE CO.,RURAL,01/23/2019,1630,Flash Flood, , ,0,0,25000,0,AL,CST-6, ,134150,C,25,MOB,0,0,Emergency Manager,Heavy Rain, , ,0,N,1.47,SW,RURAL,01/23/2019,1930,31.87,-87.73,31.8654,-87.735,"Water flowing over both side of Highway 43.","Heavy rains caused flooding across portions of southwest Alabama.",207
804119,CHOCTAW CO.,BLADON SPGS,01/23/2019,1630,Flash Flood, , ,0,0,25000,0,AL,CST-6, ,134150,C,23,MOB,0,0,Emergency Manager,Heavy Rain, , ,3.67,NW,3,NW,BLADON SPGS,01/23/2019,1930,31.7713,-88.2395,31.7635,-88.2353,"Bladon Springs Road washed out south of Highway 84 intersection.","Heavy rains caused flooding across portions of southwest Alabama.",208
804118,CLARKE CO.,TALLAHATTA SPGS,01/23/2019,1630,Flash Flood, , ,0,0,50000,0,AL,CST-6, ,134150,C,25,MOB,0,0,Emergency Manager,Heavy Rain, , ,1.12,S,2,WNW,THOMASVILLE,01/23/2019,1930,31.8839,-87.8176,31.9361,-87.7782,"Water rescues on Limestone Circle in 2 homes with 6 total people. One car with water up to the windows and 4 to 5 feet of water over Limestone Circle.","Heavy rains caused flooding across portions of southwest Alabama.",209
811318,MORGAN CO.,FALKVILLE,02/19/2019,1810,Flash Flood, , ,0,0,0,0,AL,CST-6, ,133837,C,103,HUN,0,0,Emergency Manager,Heavy Rain, , ,1.18,SSE,0.51,SW,FALKVILLE,02/20/2019,300,34.3536,-86.8941,34.3562,-86.9137,"Six to eight inches of water over Douglass Road between Piney Grove Street and West Piney Grove Road.","Extensive flooding encompassed much of the Tennessee Valley from mid-late February, specifically from February 20th through the 24th. Monthly rainfall totals across the area easily surpassed a foot of rainfall for the month, with many locations racking up totals approaching 15 for the month. Widespread flooding occurred on all tributaries and especially along the Tennessee River thanks to numerous round of rainfall that varied anywhere from 2-3 to 5-8 of rain at a time throughout the month. This flood rivaled both the floods of March 1973 (flood of record for many river sites) and May 2003, both of which caused major flooding damages across the area.",210
812906,DEKALB CO.,GROVE OAK,02/22/2019,2200,Flash Flood, , ,1,1,0,0,AL,CST-6, ,135513,C,49,HUN,0,0,Emergency Manager,Heavy Rain, , ,3.2,N,3.09,N,GROVE OAK,02/24/2019,0,34.476,-86.0559,34.4812,-86.0522,"A Jeep with 3 teenagers ventured across the spillway/bridge in Bucks Pocket State Park on February 22nd and was swept away by raging floodwaters following record rainfall across the area. The driver and passenger survived, found clinging to trees several hundred yards downstream, but the young man in the back of the vehicle perished. His body was found March 21 in Morgan Cove, after divers found the vehicle several days prior.","A Jeep with 3 teenagers ventured across the spillway/bridge in Bucks Pocket State Park on February 22nd and was swept away by raging floodwaters following record rainfall across the area. The driver and passenger survived, found clinging to trees several hundred yards downstream, but the young man in the back of the vehicle perished. His body was found March 21 in Morgan Cove (Marshall County), after divers found the vehicle several days prior.",211
811377,COLBERT CO.,SHEFFIELD,02/23/2019,1818,Flash Flood, , ,0,0,0,0,AL,CST-6, ,133837,C,33,HUN,0,0,Public,Heavy Rain, , ,1.14,E,1.21,E,SHEFFIELD,02/24/2019,300,34.77,-87.68,34.7696,-87.6806,"Flood rescues underway in Sheffield with water in homes along Oakwood Blvd. Report relayed via social media.","Extensive flooding encompassed much of the Tennessee Valley from mid-late February, specifically from February 20th through the 24th. Monthly rainfall totals across the area easily surpassed a foot of rainfall for the month, with many locations racking up totals approaching 15 for the month. Widespread flooding occurred on all tributaries and especially along the Tennessee River thanks to numerous round of rainfall that varied anywhere from 2-3 to 5-8 of rain at a time throughout the month. This flood rivaled both the floods of March 1973 (flood of record for many river sites) and May 2003, both of which caused major flooding damages across the area.",212
811379,MORGAN CO.,HARTSELLE ARPT,02/23/2019,1831,Flash Flood, , ,0,0,0,0,AL,CST-6, ,133837,C,103,HUN,0,0,Public,Heavy Rain, , ,1.14,W,1.15,W,HARTSELLE ARPT,02/24/2019,300,34.4,-86.95,34.399,-86.9539,"Moving water over Huckaby Bridge Road in Falkville, AL. Unknown depth. Report relayed via social media.","Extensive flooding encompassed much of the Tennessee Valley from mid-late February, specifically from February 20th through the 24th. Monthly rainfall totals across the area easily surpassed a foot of rainfall for the month, with many locations racking up totals approaching 15 for the month. Widespread flooding occurred on all tributaries and especially along the Tennessee River thanks to numerous round of rainfall that varied anywhere from 2-3 to 5-8 of rain at a time throughout the month. This flood rivaled both the floods of March 1973 (flood of record for many river sites) and May 2003, both of which caused major flooding damages across the area.",213
829619,MOBILE CO.,MOBILE,05/09/2019,1700,Flash Flood, , ,0,0,5000,0,AL,CST-6, ,138052,C,97,MOB,0,0,Broadcast Media,Heavy Rain, , ,0,N,0.64,NE,MERTZ,05/09/2019,1900,30.7,-88.08,30.6773,-88.0691,"Flooding along Government Street from Airport Blvd to the Bankhead tunnel. Some side streets were impassible.","Slow moving thunderstorms generated very heavy rain across southwest Alabama.",214
837886,RUSSELL CO.,NUCKOLS,06/08/2019,1355,Flash Flood, , ,0,0,0,0,AL,CST-6, ,139316,C,113,BMX,0,0,Emergency Manager,Heavy Rain, , ,4.74,NW,1.62,S,LADONIA,06/08/2019,1530,32.3733,-85.1331,32.4344,-85.0677,"Several roads impassable between the cities of Seale and Phenix City.","An cut-off upper low over the Southern Plains States tracked slowly eastward towards Alabama from June 6th through June 8th. Sufficient low level shear and daytime instability combined with deep moisture to produce favorable conditions for strong to severe thunderstorms.",215
840344,MOBILE CO.,COTTAGE HILL,06/28/2019,1600,Flash Flood, , ,0,0,5000,0,AL,CST-6, ,139720,C,97,MOB,0,0,Broadcast Media,Heavy Rain, , ,2.5,WSW,1.43,S,ORCHARD,06/28/2019,1800,30.6401,-88.1904,30.701,-88.1981,"A slow moving, severe thunderstorm produced flash flooding in oarts of west Mobile and Midtown Mobile, particularly along and just north and south of Airport Blvd. Several vehicles were stranded due to the flooded roads.","Strong to severe pulse thunderstorms developed over coastal Alabama on the afternoon of June 28, 2019. One of the severe storms developed over metro Mobile, producing wind damage and flash flooding.",216
844523,CALHOUN CO.,GRAYTON,07/19/2019,900,Flash Flood, , ,0,0,0,0,AL,CST-6, ,140466,C,15,BMX,0,0,Emergency Manager,Heavy Rain, , ,2.16,E,0.93,E,WELLINGTON,07/19/2019,1130,33.7953,-85.9328,33.8225,-85.8837,"Several reports of flash flooding along Highway 431 between the cities of Alexandria and Saks.  A drainage creek behind several homes on Lenlock Lane flooded and several feet of water entered a home.  Another report of a stranded vehicle on Post Oak Road in the town of Alexandria due to high levels of flowing water.","A cluster of slow moving thunderstorms over Calhoun County produced several inches a rainfall over a short period of time, resulting in flash flooding. Another storm produced a microburst over the eastern portions of Lake Martin in Tallapoosa County.",217
851662,LAUDERDALE CO.,JACKSONBURG,08/03/2019,1554,Flash Flood, , ,0,0,0,0,AL,CST-6, ,138624,C,77,HUN,0,0,Emergency Manager,Heavy Rain, , ,1.38,N,1.4,N,JACKSONBURG,08/03/2019,2100,34.9,-87.67,34.8966,-87.6696,"An Emergency Manager reported a foot of standing water on Highway 17.","Scattered thunderstorms produced intense rainfall rates in a short period of time.  This resulted in one inch rainfall amounts in 20 minutes or less in spots. One location reported flash flooding in Lauderdale County.",218
854195,JEFFERSON CO.,VESTAVIA HILLS,08/23/2019,1430,Flash Flood, , ,0,0,0,0,AL,CST-6, ,142277,C,73,BMX,0,0,Public,Heavy Rain, , ,0.61,S,2.74,NE,VESTAVIA HILLS,08/23/2019,1630,33.3912,-86.7786,33.4175,-86.7525,"Many reports of flooded roadways with water levels several several feet deep in places, mainly in the Cahaba Heights and Vestavia areas. Several reports of submerged vehicles.","A cluster of slow moving thunderstorms moved across a heavily populated area of northern Shelby County and Southern Jefferson County, resulting in rainfall amounts of 2 to 4 inches in less than two hours.",219
854194,SHELBY CO.,ACTON,08/23/2019,1430,Flash Flood, , ,0,0,0,0,AL,CST-6, ,142277,C,117,BMX,0,0,Public,Heavy Rain, , ,1.7,SE,1.05,NW,QUITO,08/23/2019,1630,33.3334,-86.7982,33.3882,-86.7608,"Several reports received across northern Shelby County of several feet of water flowing across roads and submerged vehicles, mainly east of Highway 31 and north of Cahaba Valley Road.  The flooded roads include the intersection of Southgate Road and Winslett Road, and Valleydale Road near Veteran's Park.","A cluster of slow moving thunderstorms moved across a heavily populated area of northern Shelby County and Southern Jefferson County, resulting in rainfall amounts of 2 to 4 inches in less than two hours.",220
851664,LAUDERDALE CO.,FLORENCE,08/25/2019,1510,Flash Flood, , ,0,0,0,0,AL,CST-6, ,141849,C,77,HUN,0,0,Emergency Manager,Heavy Rain, , ,0.57,E,0.34,NE,FLORENCE,08/25/2019,2100,34.8,-87.66,34.8089,-87.6627,"A few streets are flooded and/or closed near Downtown Florence due to excessive rainfall from flash flooding, including Commerce Street.","Place Holder...",221
851665,LAUDERDALE CO.,NORTH FLORENCE,08/25/2019,1516,Flash Flood, , ,0,0,0,0,AL,CST-6, ,141849,C,77,HUN,0,0,Trained Spotter,Heavy Rain, , ,0.57,E,0.95,NE,NORTH FLORENCE,08/25/2019,2100,34.83,-87.67,34.8357,-87.6732,"Helton Drive closed due to flash flooding just south of the Cox Creek Parkway.","Place Holder...",222
851667,LAUDERDALE CO.,NORTH FLORENCE,08/25/2019,1517,Flash Flood, , ,0,0,0,0,AL,CST-6, ,141849,C,77,HUN,0,0,Public,Heavy Rain, , ,1.33,ESE,1.43,ESE,NORTH FLORENCE,08/25/2019,2100,34.82,-87.66,34.8268,-87.6697,"Darby Drive impassable due to flash flooding just north of Florence Blvd.","Place Holder...",223
851668,COLBERT CO.,MUSCLE SHOALS,08/25/2019,1615,Flash Flood, , ,0,0,0,0,AL,CST-6, ,141849,C,33,HUN,0,0,NWS Employee,Heavy Rain, , ,0.89,NE,1.15,N,MUSCLE SHOALS,08/25/2019,2200,34.76,-87.66,34.7598,-87.6704,"Water reported flowing over 2nd Street in Downtown Muscle Shoals into a couple of buildings.","Place Holder...",224
851669,COLBERT CO.,EMCO,08/25/2019,1620,Flash Flood, , ,0,0,0,0,AL,CST-6, ,141849,C,33,HUN,0,0,Emergency Manager,Heavy Rain, , ,0.57,W,0.32,N,EMCO,08/25/2019,2200,34.78,-87.61,34.7883,-87.5998,"Water flowing over River Road in East Muscle Shoals and into a Church.","Place Holder...",225
851670,COLBERT CO.,BARTON,08/25/2019,1700,Flash Flood, , ,0,0,0,0,AL,CST-6, ,141849,C,33,HUN,0,0,Emergency Manager,Heavy Rain, , ,1.14,E,1.26,NE,BARTON,08/25/2019,2300,34.73,-87.86,34.7464,-87.854,"An accident was caused by ponding of water on Hwy 72 near the Colbert Steam Plant.","Place Holder...",226
851671,LAUDERDALE CO.,PETERSVILLE,08/25/2019,1735,Flash Flood, , ,0,0,0,0,AL,CST-6, ,141849,C,77,HUN,0,0,Public,Heavy Rain, , ,0.89,SE,0.68,NE,NORTH FLORENCE,08/25/2019,2300,34.84,-87.67,34.8371,-87.6696,"Significant street flooding along Old Chisolm Road.","Place Holder...",227
851672,COLBERT CO.,BARTON,08/25/2019,1737,Flash Flood, , ,0,0,0,0,AL,CST-6, ,141849,C,33,HUN,0,0,Emergency Manager,Heavy Rain, , ,1.79,NW,0.89,W,BARTON,08/25/2019,2300,34.75,-87.9,34.7309,-87.9233,"Approximately a foot of water over the roadway extending around 2 miles.","Place Holder...",228
851673,COLBERT CO.,BARTON,08/25/2019,1742,Flash Flood, , ,0,0,0,0,AL,CST-6, ,141849,C,33,HUN,0,0,Emergency Manager,Heavy Rain, , ,1.84,WNW,1.87,WNW,BARTON,08/25/2019,2300,34.74,-87.91,34.7462,-87.9174,"Hwy 72 and Shop Loop flooded due to ditches overflowing onto the roadway.","Place Holder...",229
851674,COLBERT CO.,CHEROKEE,08/25/2019,1952,Flash Flood, , ,0,0,0,0,AL,CST-6, ,141849,C,33,HUN,0,0,Emergency Manager,Heavy Rain, , ,2.68,NE,3.29,NE,CHEROKEE,08/26/2019,300,34.78,-87.94,34.7692,-87.9418,"A water rescue of 2 people in a vehicle at the intersection of Mulberry Lake and Moody Lane. 2 feet of water reported over the roadway.","Place Holder...",230
851653,MOBILE CO.,BAYOU LA BATRE ARPT,08/26/2019,1100,Flash Flood, , ,0,0,0,0,AL,CST-6, ,141867,C,97,MOB,0,0,Broadcast Media,Heavy Rain, , ,1.85,SSE,2,WSW,DELCHAMPS,08/26/2019,1230,30.4242,-88.2112,30.3923,-88.1821,"Image of street flooding near Bay Road and Dauphin Island Parkway.","A slow moving thunderstorm caused street flooding near Mobile.",231
851676,MADISON CO.,NORMAL,09/10/2019,1530,Flash Flood, , ,0,0,0,0,AL,CST-6, ,140277,C,89,HUN,0,0,Emergency Manager,Heavy Rain, , ,1.49,SSW,1.38,SSW,NORMAL,09/10/2019,2030,34.76,-86.59,34.7565,-86.5922,"Two feet of water reported at Washington Street and Max Luther Drive. The road has been closed. Other reports of more minor flooding ongoing in North Huntsville at this time.","Several clusters of thunderstorms developed during peak afternoon heating across north Alabama.  These formed in an environment favorable for downbursts capable of damaging winds.  Small hail was also reported.||Several of the thunderstorms produced intense downpours in a short period of time, including 1-2 inches in less than an hour.  This resulted in short-term flash flooding in the north side of Huntsville just north of downtown. In this area, up to two feet of flood water closed a heavily traveled street in north Huntsville, while several others experienced short term flooding of 3-6 inches depth.",232
851677,MADISON CO.,NORMAL,09/11/2019,1538,Flash Flood, , ,0,0,0,0,AL,CST-6, ,140332,C,89,HUN,0,0,Emergency Manager,Heavy Rain, , ,2.15,SSW,1.95,SSW,NORMAL,09/11/2019,2200,34.75,-86.59,34.7502,-86.5875,"A vehicle was flooded and 2 occupants were aided by Fire and Rescue at Cahill Drive and Washington Street just north of Oakwood Avenue.","A thunderstorm produced a downburst over Huntsville in Madison County during the afternoon hours.  Intense rainfall led to brief flash flooding as well.",233
851678,MADISON CO.,HUNTSVILLE,09/11/2019,1542,Flash Flood, , ,0,0,0,0,AL,CST-6, ,140332,C,89,HUN,0,0,Broadcast Media,Heavy Rain, , ,1.84,ENE,1.52,ENE,HUNTSVILLE,09/11/2019,2242,34.74,-86.59,34.7356,-86.5904,"Reports of flooding along University Drive/Pratt Avenue. Road temporarily closed between Church Street and Memorial Parkway. Cook Avenue also experiencing flooding.","A thunderstorm produced a downburst over Huntsville in Madison County during the afternoon hours.  Intense rainfall led to brief flash flooding as well.",234
855815,MOBILE CO.,ORCHARD,09/19/2019,1409,Flash Flood, , ,0,0,100000,0,AL,CST-6, ,142557,C,97,MOB,0,0,Public,Heavy Rain, , ,0.91,SSE,2.89,SSW,PLATEAU,09/19/2019,1909,30.708,-88.194,30.6933,-88.0406,"Nearly stationary thunderstorms developed over portions of eastern Mobile County from near the Regional airport eastward to downtown Mobile. These thunderstorms produced very heavy rain with storm total amounts of 4 inches to over 10 inches over rain in a few hours. Numerous reports of flooding were received from mid-town and downtown Mobile. Water covered roads and parking lots near Dauphin Street and Airport Blvd. near I-65, McGregor and Old Shell Road, Airport and Dauphin Island Parkway, Old Shell Road and Sage Road. Numerous cars were flooded and stranded in the area. Flooded roads were also reported in the Tillman's corner community.","A backdoor cold front moving from east to west across the area as high pressure built across the Mid-Atlantic states. Isolated to scattered showers and thunderstorms developed ahead of this boundary. This front stalled during the late afternoon and evening hours across southwest Alabama. A thunderstorm developed along this boundary across portions of midtown and downtown Mobile. The storm stalled across these areas and produced 4 inches to over 10 inches of rain, causing numerous flooding issues around the city of Mobile.",235
867658,COLBERT CO.,TUSCUMBIA,11/30/2019,1657,Flash Flood, , ,0,0,0,0,AL,CST-6, ,144305,C,33,HUN,0,0,Emergency Manager,Heavy Rain, , ,0.69,N,0.5,N,TUSCUMBIA,11/30/2019,2100,34.74,-87.7,34.7404,-87.6977,"Flooding was reported at the intersection of N Commons Street and N Cave Street. Depth of water unknown.","An unseasonably warm and humid airmass flowed northward in advance of a front system on the 30th.  This resulted in multiple clusters of showers and thunderstorms which repeatedly moved across northwest Alabama.  Rainfall amounts of 2 to 5 inches were reported, with much of it falling during a 2-3 hour period during the late afternoon and early evening hours.  This resulted in several flash floods in northwest Alabama, followed by a period of areal flooding.",236
867659,COLBERT CO.,MUSCLE SHOALS,11/30/2019,1705,Flash Flood, , ,0,0,0,0,AL,CST-6, ,144305,C,33,HUN,0,0,Emergency Manager,Heavy Rain, , ,0.69,S,0.72,S,MUSCLE SHOALS,11/30/2019,2200,34.74,-87.67,34.7367,-87.6706,"Flooding along Woodward Avenue in Muscle Shoals. Depth of water unknown.","An unseasonably warm and humid airmass flowed northward in advance of a front system on the 30th.  This resulted in multiple clusters of showers and thunderstorms which repeatedly moved across northwest Alabama.  Rainfall amounts of 2 to 5 inches were reported, with much of it falling during a 2-3 hour period during the late afternoon and early evening hours.  This resulted in several flash floods in northwest Alabama, followed by a period of areal flooding.",237
867660,LAUDERDALE CO.,WEEDEN HGTS,11/30/2019,1705,Flash Flood, , ,0,0,0,0,AL,CST-6, ,144305,C,77,HUN,0,0,Emergency Manager,Heavy Rain, , ,0.89,NW,0.77,ESE,MARS HILL,11/30/2019,2100,34.84,-87.63,34.8446,-87.6306,"Flooding near the intersection of Seville Street and Gresham Road.","An unseasonably warm and humid airmass flowed northward in advance of a front system on the 30th.  This resulted in multiple clusters of showers and thunderstorms which repeatedly moved across northwest Alabama.  Rainfall amounts of 2 to 5 inches were reported, with much of it falling during a 2-3 hour period during the late afternoon and early evening hours.  This resulted in several flash floods in northwest Alabama, followed by a period of areal flooding.",238
867661,COLBERT CO.,SHEFFIELD,11/30/2019,1719,Flash Flood, , ,0,0,0,0,AL,CST-6, ,144305,C,33,HUN,0,0,Emergency Manager,Heavy Rain, , ,0.89,SE,0.92,SE,SHEFFIELD,11/30/2019,2200,34.76,-87.69,34.7595,-87.69,"Flooding was reported near the 700 block of 2nd Street.","An unseasonably warm and humid airmass flowed northward in advance of a front system on the 30th.  This resulted in multiple clusters of showers and thunderstorms which repeatedly moved across northwest Alabama.  Rainfall amounts of 2 to 5 inches were reported, with much of it falling during a 2-3 hour period during the late afternoon and early evening hours.  This resulted in several flash floods in northwest Alabama, followed by a period of areal flooding.",239
867662,COLBERT CO.,MUSCLE SHOALS,11/30/2019,1735,Flash Flood, , ,0,0,0,0,AL,CST-6, ,144305,C,33,HUN,0,0,Emergency Manager,Heavy Rain, , ,0.57,SE,0.68,SSE,MUSCLE SHOALS,11/30/2019,2200,34.7432,-87.6644,34.7397,-87.6644,"Flooding was reported in the 100 block of Oak Drive.","An unseasonably warm and humid airmass flowed northward in advance of a front system on the 30th.  This resulted in multiple clusters of showers and thunderstorms which repeatedly moved across northwest Alabama.  Rainfall amounts of 2 to 5 inches were reported, with much of it falling during a 2-3 hour period during the late afternoon and early evening hours.  This resulted in several flash floods in northwest Alabama, followed by a period of areal flooding.",240
867663,LAUDERDALE CO.,ROGERSVILLE,11/30/2019,1800,Flash Flood, , ,0,0,0,0,AL,CST-6, ,144305,C,77,HUN,0,0,Public,Heavy Rain, , ,1.13,W,0.97,W,ROGERSVILLE,11/30/2019,2100,34.83,-87.3,34.8308,-87.3037,"Rose Street in Rogersville was flooded. Depth of water unknown.","An unseasonably warm and humid airmass flowed northward in advance of a front system on the 30th.  This resulted in multiple clusters of showers and thunderstorms which repeatedly moved across northwest Alabama.  Rainfall amounts of 2 to 5 inches were reported, with much of it falling during a 2-3 hour period during the late afternoon and early evening hours.  This resulted in several flash floods in northwest Alabama, followed by a period of areal flooding.",241
867664,LAUDERDALE CO.,PETERSVILLE,11/30/2019,1800,Flash Flood, , ,0,0,0,0,AL,CST-6, ,144305,C,77,HUN,0,0,Emergency Manager,Heavy Rain, , ,0.89,SE,0.68,NE,NORTH FLORENCE,11/30/2019,2200,34.84,-87.67,34.8385,-87.6697,"Flooding along Chisholm Road near the intersection of Gresham Road.","An unseasonably warm and humid airmass flowed northward in advance of a front system on the 30th.  This resulted in multiple clusters of showers and thunderstorms which repeatedly moved across northwest Alabama.  Rainfall amounts of 2 to 5 inches were reported, with much of it falling during a 2-3 hour period during the late afternoon and early evening hours.  This resulted in several flash floods in northwest Alabama, followed by a period of areal flooding.",242
867665,COLBERT CO.,VALDOSTA,11/30/2019,1825,Flash Flood, , ,0,0,0,0,AL,CST-6, ,144305,C,33,HUN,0,0,Public,Heavy Rain, , ,2.15,SSW,1.82,SSW,VALDOSTA,11/30/2019,2200,34.69,-87.73,34.6924,-87.738,"Flooding at the intersection of Underwood Mountain Road and Frankfort Road.","An unseasonably warm and humid airmass flowed northward in advance of a front system on the 30th.  This resulted in multiple clusters of showers and thunderstorms which repeatedly moved across northwest Alabama.  Rainfall amounts of 2 to 5 inches were reported, with much of it falling during a 2-3 hour period during the late afternoon and early evening hours.  This resulted in several flash floods in northwest Alabama, followed by a period of areal flooding.",243
867666,COLBERT CO.,UNDERWOOD XRDS,11/30/2019,1849,Flash Flood, , ,0,0,0,0,AL,CST-6, ,144305,C,33,HUN,0,0,Emergency Manager,Heavy Rain, , ,2.37,ESE,2.59,E,UNDERWOOD XRDS,11/30/2019,2200,34.74,-87.49,34.7451,-87.4901,"Flooding reported at the intersection of Jarmon Road and Hatton School Road. Depth of water unknown.","An unseasonably warm and humid airmass flowed northward in advance of a front system on the 30th.  This resulted in multiple clusters of showers and thunderstorms which repeatedly moved across northwest Alabama.  Rainfall amounts of 2 to 5 inches were reported, with much of it falling during a 2-3 hour period during the late afternoon and early evening hours.  This resulted in several flash floods in northwest Alabama, followed by a period of areal flooding.",244
867668,COLBERT CO.,UNDERWOOD XRDS,11/30/2019,2041,Flash Flood, , ,0,0,0,0,AL,CST-6, ,144305,C,33,HUN,0,0,Emergency Manager,Heavy Rain, , ,0.69,N,0.75,NNW,UNDERWOOD XRDS,11/30/2019,2300,34.76,-87.53,34.7533,-87.5319,"Flooding reported at the intersection of 2nd Street and County Line Road. Depth of water unknown.","An unseasonably warm and humid airmass flowed northward in advance of a front system on the 30th.  This resulted in multiple clusters of showers and thunderstorms which repeatedly moved across northwest Alabama.  Rainfall amounts of 2 to 5 inches were reported, with much of it falling during a 2-3 hour period during the late afternoon and early evening hours.  This resulted in several flash floods in northwest Alabama, followed by a period of areal flooding.",245
867670,COLBERT CO.,CHEROKEE,11/30/2019,2047,Flash Flood, , ,0,0,0,0,AL,CST-6, ,144305,C,33,HUN,0,0,Emergency Manager,Heavy Rain, , ,1.79,NE,1.62,NE,CHEROKEE,11/30/2019,2300,34.77,-87.95,34.7668,-87.9502,"Flooding was reported at the intersection of Virginia and 9th Street. Depth of water unknown.","An unseasonably warm and humid airmass flowed northward in advance of a front system on the 30th.  This resulted in multiple clusters of showers and thunderstorms which repeatedly moved across northwest Alabama.  Rainfall amounts of 2 to 5 inches were reported, with much of it falling during a 2-3 hour period during the late afternoon and early evening hours.  This resulted in several flash floods in northwest Alabama, followed by a period of areal flooding.",246
870174,LAUDERDALE CO.,ANDERSON,12/29/2019,1815,Flash Flood, , ,1,2,0,0,AL,CST-6, ,143865,C,77,HUN,0,0,Emergency Manager,Heavy Rain, , ,0,N,0.34,WNW,ANDERSON,12/30/2019,0,34.92,-87.27,34.9211,-87.273,"Three vehicles were swept by flash flooding on Anderson Creek along CR 50 and CR 52.  A 20 year old woman was killed in the vehicle. Two others including the victim's mother in the other vehicles were rescued. Time of occurrence from Times Daily news article.","The first of two lines of thunderstorms arrived in northwest Alabama during the early afternoon hours producing a couple reports of wind damage.  The second and more intense line of thunderstorms arrived during the early evening hours, and produced several reports of wind damage, one tornado in Limestone County, and flash flooding which killed one person.||After 2-3 inches of rain in less than two hours, a flash flood occurred along Anderson creek in Lauderdale County, sweeping three cars off of two roads affected. One person was killed, while at least two others were rescued.||A storm survey determined that an EF-0 tornado occurred southwest of Athens.",247
879200,DEKALB CO.,GROVE OAK,02/05/2020,1400,Flash Flood, , ,1,0,0,0,AL,CST-6, ,144530,C,49,HUN,0,0,Emergency Manager,Heavy Rain, , ,3.25,N,3.17,N,GROVE OAK,02/05/2020,1800,34.4768,-86.0563,34.4757,-86.0575,"EMA reported that an 82-year old man was killed when he was swept away in his vehicle after crossing the spillway at Buck Pocket State Park. He was found 11 days later once heavy rainfall subsided in the canyon.","A strong influx of moisture, along with a potent upper level jet stream and incoming cold front brought multiple rounds of showers and thunderstorms, some heavy from the early morning of the 5th through the early morning of the 6th.  The first round yielded heavy rainfall in northwest Alabama through southern middle Tennessee during the early morning of the 5th.  A second round occurred with a line of thunderstorms during the late morning and midday hours.  Intense rainfall in a short period of time led to several instances of flash flooding of small creeks and streams.  Several roads were closed or barricaded as a result.||Then, a strong to severe line of thunderstorms developed in Mississippi during the afternoon of the 6th and rolled east through all of north Alabama and southern middle Tennessee during the evening hours. A supercell embedded along the line produced an EF-1 tornado in western Colbert County.  As the line progressed east, several reports of wind damage were received.  These storms also produced intense rainfall on top of already saturated grounds, producing flash flooding, followed by areal flooding that last through the entire day and into the nighttime hours of the 6th.  Once again, several roads became impassible and were closed or barricaded.||This was followed by another band of showers and thunderstorms that lifted northeast from west central and central Alabama through far northeast Alabama during the early morning hours of the 6th.",248
879032,LAUDERDALE CO.,JACKSONBURG,02/05/2020,1820,Flash Flood, , ,0,0,0,0,AL,CST-6, ,144530,C,77,HUN,0,0,Emergency Manager,Heavy Rain, , ,2.27,W,1.79,NNE,MC GEE TOWN,02/05/2020,2200,34.88,-87.71,34.871,-87.7227,"Stalled vehicle due to flash flooding at CR 288 at Highway 157 in Cloverdale.","A strong influx of moisture, along with a potent upper level jet stream and incoming cold front brought multiple rounds of showers and thunderstorms, some heavy from the early morning of the 5th through the early morning of the 6th.  The first round yielded heavy rainfall in northwest Alabama through southern middle Tennessee during the early morning of the 5th.  A second round occurred with a line of thunderstorms during the late morning and midday hours.  Intense rainfall in a short period of time led to several instances of flash flooding of small creeks and streams.  Several roads were closed or barricaded as a result.||Then, a strong to severe line of thunderstorms developed in Mississippi during the afternoon of the 6th and rolled east through all of north Alabama and southern middle Tennessee during the evening hours. A supercell embedded along the line produced an EF-1 tornado in western Colbert County.  As the line progressed east, several reports of wind damage were received.  These storms also produced intense rainfall on top of already saturated grounds, producing flash flooding, followed by areal flooding that last through the entire day and into the nighttime hours of the 6th.  Once again, several roads became impassible and were closed or barricaded.||This was followed by another band of showers and thunderstorms that lifted northeast from west central and central Alabama through far northeast Alabama during the early morning hours of the 6th.",249
879033,LAUDERDALE CO.,PETERSVILLE,02/05/2020,1827,Flash Flood, , ,0,0,0,0,AL,CST-6, ,144530,C,77,HUN,0,0,Emergency Manager,Heavy Rain, , ,0.83,SE,0.7,NE,NORTH FLORENCE,02/05/2020,2200,34.8414,-87.6699,34.8387,-87.6689,"Vehicle stalled due to flash flooding at Gresham and Chisholm Roads in Florence.","A strong influx of moisture, along with a potent upper level jet stream and incoming cold front brought multiple rounds of showers and thunderstorms, some heavy from the early morning of the 5th through the early morning of the 6th.  The first round yielded heavy rainfall in northwest Alabama through southern middle Tennessee during the early morning of the 5th.  A second round occurred with a line of thunderstorms during the late morning and midday hours.  Intense rainfall in a short period of time led to several instances of flash flooding of small creeks and streams.  Several roads were closed or barricaded as a result.||Then, a strong to severe line of thunderstorms developed in Mississippi during the afternoon of the 6th and rolled east through all of north Alabama and southern middle Tennessee during the evening hours. A supercell embedded along the line produced an EF-1 tornado in western Colbert County.  As the line progressed east, several reports of wind damage were received.  These storms also produced intense rainfall on top of already saturated grounds, producing flash flooding, followed by areal flooding that last through the entire day and into the nighttime hours of the 6th.  Once again, several roads became impassible and were closed or barricaded.||This was followed by another band of showers and thunderstorms that lifted northeast from west central and central Alabama through far northeast Alabama during the early morning hours of the 6th.",250
878344,JEFFERSON CO.,MAGELLA,02/06/2020,300,Flash Flood, , ,0,0,0,0,AL,CST-6, ,146149,C,73,BMX,0,0,Emergency Manager,Heavy Rain, , ,0.88,SW,1.16,NW,MOUNTAIN BROOK,02/06/2020,530,33.4611,-86.841,33.512,-86.7661,"Several roads flooded and impassable in the cities of Mountain Brook, Vestavia Hills, and Homewood.  Shades Creek in Homewood over its banks and apartments evacuated near the intersection of Lakeshore Parkway and Columbiana Road.","Heavy rainfall and severe storms affected Central Alabama on February 5th and 6th as several impulses emanated from a deep upper trough centered over the central United States. This event yielded tornadoes, damaging winds, and flooding.||The northward progression of a warm front allowed a seasonably warm and moist air mass to overspread the region on Wednesday, February 5th, with afternoon temperatures in the 70s and dew points in the 60s. The initial round of convection on this day included areas of rain with embedded thunderstorms producing gusty winds as well as hail. There was a relative lull in thunderstorm activity during Wednesday evening, before the next upper-level impulse arrived, alongside a cold front and nearby surface low. This round of activity began its formation to the west in Mississippi and then moved through Alabama late Wednesday night through midday Thursday, February 6th. This round of convection produced widespread moderate to heavy rainfall, resulting in more substantial flooding. Some storms became tornadic due to the favorable wind shear and instability in place, while others produced damaging straight-line winds. Due to the overall wet and breezy conditions, trees fell in numerous locations from wind not associated with thunderstorms.",251
878337,SHELBY CO.,COALMONT,02/06/2020,400,Flash Flood, , ,0,0,0,0,AL,CST-6, ,146149,C,117,BMX,0,0,Emergency Manager,Heavy Rain, , ,1.5,NNW,0,NE,QUITO,02/06/2020,630,33.27,-86.91,33.44,-86.69,"Several roads closed due to flowing water including Valleydale Road at Veterans Park; Highway 119 at the Broken Bow Subdivision; Highway 31 in the city of Pelham.","Heavy rainfall and severe storms affected Central Alabama on February 5th and 6th as several impulses emanated from a deep upper trough centered over the central United States. This event yielded tornadoes, damaging winds, and flooding.||The northward progression of a warm front allowed a seasonably warm and moist air mass to overspread the region on Wednesday, February 5th, with afternoon temperatures in the 70s and dew points in the 60s. The initial round of convection on this day included areas of rain with embedded thunderstorms producing gusty winds as well as hail. There was a relative lull in thunderstorm activity during Wednesday evening, before the next upper-level impulse arrived, alongside a cold front and nearby surface low. This round of activity began its formation to the west in Mississippi and then moved through Alabama late Wednesday night through midday Thursday, February 6th. This round of convection produced widespread moderate to heavy rainfall, resulting in more substantial flooding. Some storms became tornadic due to the favorable wind shear and instability in place, while others produced damaging straight-line winds. Due to the overall wet and breezy conditions, trees fell in numerous locations from wind not associated with thunderstorms.",252
878347,CALHOUN CO.,BOILING SPGS,02/06/2020,700,Flash Flood, , ,0,0,0,0,AL,CST-6, ,146149,C,15,BMX,0,0,Law Enforcement,Heavy Rain, , ,1.86,WSW,1.5,E,COBB CITY,02/06/2020,900,33.72,-86.06,33.9,-85.86,"Numerous roads impassable across Calhoun County due to high water levels.","Heavy rainfall and severe storms affected Central Alabama on February 5th and 6th as several impulses emanated from a deep upper trough centered over the central United States. This event yielded tornadoes, damaging winds, and flooding.||The northward progression of a warm front allowed a seasonably warm and moist air mass to overspread the region on Wednesday, February 5th, with afternoon temperatures in the 70s and dew points in the 60s. The initial round of convection on this day included areas of rain with embedded thunderstorms producing gusty winds as well as hail. There was a relative lull in thunderstorm activity during Wednesday evening, before the next upper-level impulse arrived, alongside a cold front and nearby surface low. This round of activity began its formation to the west in Mississippi and then moved through Alabama late Wednesday night through midday Thursday, February 6th. This round of convection produced widespread moderate to heavy rainfall, resulting in more substantial flooding. Some storms became tornadic due to the favorable wind shear and instability in place, while others produced damaging straight-line winds. Due to the overall wet and breezy conditions, trees fell in numerous locations from wind not associated with thunderstorms.",253
878431,SHELBY CO.,GURNEE JCT,02/10/2020,1230,Flash Flood, , ,0,0,0,0,AL,CST-6, ,146188,C,117,BMX,0,0,Law Enforcement,Heavy Rain, , ,3,NNW,1.5,WSW,DUNAVANT,02/10/2020,1700,33.24,-86.99,33.47,-86.59,"Numerous roads flooded and impassable across Shelby County.","Anomalously high PWAT's with values above 1.5 inches and deep southwest flow combined to produce favorable conditions for heavy rainfall across north Alabama. The likelihood of training cells prompted WPC to issue a high risk for excessive rainfall for February 10th.  Rainfall totals averaged 2-4 inches across north Alabama with some locations along the|I-20 corridor around 5 inches.",254
878353,JEFFERSON CO.,MUD CREEK,02/10/2020,1230,Flash Flood, , ,0,0,0,0,AL,CST-6, ,146188,C,73,BMX,0,0,Emergency Manager,Heavy Rain, , ,3.73,WSW,1.5,E,KIMBREL,02/10/2020,1700,33.38,-87.21,33.27,-87,"Numerous roads flooded and impassable across southern Jefferson County.","Anomalously high PWAT's with values above 1.5 inches and deep southwest flow combined to produce favorable conditions for heavy rainfall across north Alabama. The likelihood of training cells prompted WPC to issue a high risk for excessive rainfall for February 10th.  Rainfall totals averaged 2-4 inches across north Alabama with some locations along the|I-20 corridor around 5 inches.",255
878354,TUSCALOOSA CO.,ELROD,02/10/2020,1230,Flash Flood, , ,0,0,0,0,AL,CST-6, ,146188,C,125,BMX,0,0,Public,Heavy Rain, , ,2.22,SW,1.35,S,YOLANDE,02/10/2020,1700,33.23,-87.83,33.29,-87.22,"Numerous roads flooded and impassable across southern Tuscaloosa County.","Anomalously high PWAT's with values above 1.5 inches and deep southwest flow combined to produce favorable conditions for heavy rainfall across north Alabama. The likelihood of training cells prompted WPC to issue a high risk for excessive rainfall for February 10th.  Rainfall totals averaged 2-4 inches across north Alabama with some locations along the|I-20 corridor around 5 inches.",256
879051,FRANKLIN CO.,RUSSELLVILLE,02/10/2020,1346,Flash Flood, , ,0,0,0,0,AL,CST-6, ,144631,C,59,HUN,0,0,Emergency Manager,Heavy Rain, , ,0.9,SW,1.33,ENE,REEDTOWN,02/10/2020,1700,34.51,-87.74,34.5012,-87.7443,"EMA reports several roads closed in Russellville due to water covering the road. Water depth unknown at this time, but most roadside drainage ditches and creeks were also overflowing their banks at the time of the report.","Another heavy rainfall event unfolded across the area from the 10th through the 11th, with the vast majority of the Hydrologic Service Area receiving anywhere from 2-4 inches of rainfall. Isolated reports of 5-6 inches of rainfall occurred in a few spots across the area. Due to already saturated soils in place, widespread flash flooding (at onset) and then flooding continued for much of the event, with some spots still dealing with lingering nuisance flooding a couple of days later.",257
879053,LAWRENCE CO.,MOULTON,02/10/2020,1346,Flash Flood, , ,0,0,0,0,AL,CST-6, ,144631,C,79,HUN,0,0,Emergency Manager,Heavy Rain, , ,0.9,NW,1.99,ENE,LANDERSVILLE,02/10/2020,1800,34.49,-87.29,34.4627,-87.332,"Several roads reported closed in Lawrence County due to water flowing over them. Water depth unknown at this time.","Another heavy rainfall event unfolded across the area from the 10th through the 11th, with the vast majority of the Hydrologic Service Area receiving anywhere from 2-4 inches of rainfall. Isolated reports of 5-6 inches of rainfall occurred in a few spots across the area. Due to already saturated soils in place, widespread flash flooding (at onset) and then flooding continued for much of the event, with some spots still dealing with lingering nuisance flooding a couple of days later.",258
878432,SUMTER CO.,PANOLA,02/10/2020,1400,Flash Flood, , ,0,0,0,0,AL,CST-6, ,146188,C,119,BMX,0,0,Emergency Manager,Heavy Rain, , ,4.56,WNW,3.61,NNE,PANOLA,02/10/2020,1700,32.98,-88.34,32.99,-88.25,"Highway 116 flooded and impassable west of the town of Gainesville.","Anomalously high PWAT's with values above 1.5 inches and deep southwest flow combined to produce favorable conditions for heavy rainfall across north Alabama. The likelihood of training cells prompted WPC to issue a high risk for excessive rainfall for February 10th.  Rainfall totals averaged 2-4 inches across north Alabama with some locations along the|I-20 corridor around 5 inches.",259
879054,LIMESTONE CO.,LAWNGATE,02/10/2020,1405,Flash Flood, , ,0,0,0,0,AL,CST-6, ,144631,C,83,HUN,0,0,Emergency Manager,Heavy Rain, , ,1.49,NNE,1.14,N,LAWNGATE,02/10/2020,1800,34.74,-87.07,34.7403,-87.0815,"Cowford Road at Brownsferry Road is closed due to flash flooding.","Another heavy rainfall event unfolded across the area from the 10th through the 11th, with the vast majority of the Hydrologic Service Area receiving anywhere from 2-4 inches of rainfall. Isolated reports of 5-6 inches of rainfall occurred in a few spots across the area. Due to already saturated soils in place, widespread flash flooding (at onset) and then flooding continued for much of the event, with some spots still dealing with lingering nuisance flooding a couple of days later.",260
878433,CALHOUN CO.,BOILING SPGS,02/10/2020,1500,Flash Flood, , ,0,0,0,0,AL,CST-6, ,146188,C,15,BMX,0,0,Newspaper,Heavy Rain, , ,4.19,S,2.15,W,IRON CITY,02/10/2020,1800,33.67,-86.04,33.67,-85.68,"Several roads flooded and impassable across southern Calhoun County.","Anomalously high PWAT's with values above 1.5 inches and deep southwest flow combined to produce favorable conditions for heavy rainfall across north Alabama. The likelihood of training cells prompted WPC to issue a high risk for excessive rainfall for February 10th.  Rainfall totals averaged 2-4 inches across north Alabama with some locations along the|I-20 corridor around 5 inches.",261
878434,MARION CO.,SHOTTSVILLE,02/10/2020,1500,Flash Flood, , ,0,0,0,0,AL,CST-6, ,146188,C,93,BMX,0,0,Emergency Manager,Heavy Rain, , ,3.58,NW,7.18,ENE,BEAR CREEK,02/10/2020,1700,34.31,-88.17,34.29,-87.65,"Several roads flooded and impassable in the city of Hamilton.","Anomalously high PWAT's with values above 1.5 inches and deep southwest flow combined to produce favorable conditions for heavy rainfall across north Alabama. The likelihood of training cells prompted WPC to issue a high risk for excessive rainfall for February 10th.  Rainfall totals averaged 2-4 inches across north Alabama with some locations along the|I-20 corridor around 5 inches.",262
878435,CHEROKEE CO.,LEONARD,02/10/2020,1700,Flash Flood, , ,0,0,0,0,AL,CST-6, ,146188,C,19,BMX,0,0,Emergency Manager,Heavy Rain, , ,2.82,NNE,1.79,WSW,TAFF,02/10/2020,1900,34.24,-85.81,34.34,-85.67,"Portions of County Road 109 washed away and County Road 53 flooded and impassable.","Anomalously high PWAT's with values above 1.5 inches and deep southwest flow combined to produce favorable conditions for heavy rainfall across north Alabama. The likelihood of training cells prompted WPC to issue a high risk for excessive rainfall for February 10th.  Rainfall totals averaged 2-4 inches across north Alabama with some locations along the|I-20 corridor around 5 inches.",263
879056,FRANKLIN CO.,GRAVEL HILL,02/11/2020,208,Flash Flood, , ,0,0,0,0,AL,CST-6, ,144631,C,59,HUN,0,0,Emergency Manager,Heavy Rain, , ,0.69,N,0.76,E,RUSSELLVILLE,02/11/2020,600,34.49,-87.73,34.5188,-87.7064,"EMA reports at least 5 roads covered in water and in the process of being blockaded across Franklin County, AL.","Another heavy rainfall event unfolded across the area from the 10th through the 11th, with the vast majority of the Hydrologic Service Area receiving anywhere from 2-4 inches of rainfall. Isolated reports of 5-6 inches of rainfall occurred in a few spots across the area. Due to already saturated soils in place, widespread flash flooding (at onset) and then flooding continued for much of the event, with some spots still dealing with lingering nuisance flooding a couple of days later.",264
883272,LAUDERDALE CO.,ANTIOCH,03/23/2020,430,Flash Flood, , ,0,0,0,0,AL,CST-6, ,145419,C,77,HUN,0,0,Emergency Manager,Heavy Rain, , ,1.83,WNW,1.95,WNW,ANTIOCH,03/23/2020,1000,34.91,-87.5,34.907,-87.4981,"Flooding near CR 403 at CR 73 from Six Mile Creek.","Showers and thunderstorms repeated dropped heavy rainfall across far northwest Alabama and adjacent sections of southwest Tennessee. Rainfall amounts of 1.5-3 inches fell in these areas during the early morning hours of the 23rd.  This all fell on already saturated ground, and caused several small creeks and streams to flood.  Lauderdale County EMA relayed several reports of flash flooding in their county, which prompted the closure of several roads and a few bridges.",265
883273,LAUDERDALE CO.,MARS HILL,03/23/2020,453,Flash Flood, , ,0,0,0,0,AL,CST-6, ,145419,C,77,HUN,0,0,Emergency Manager,Heavy Rain, , ,0.69,N,0.76,N,MARS HILL,03/23/2020,1000,34.86,-87.65,34.854,-87.6503,"Water over the road at 1701 Mars Hill Road. Depth of water unknown.","Showers and thunderstorms repeated dropped heavy rainfall across far northwest Alabama and adjacent sections of southwest Tennessee. Rainfall amounts of 1.5-3 inches fell in these areas during the early morning hours of the 23rd.  This all fell on already saturated ground, and caused several small creeks and streams to flood.  Lauderdale County EMA relayed several reports of flash flooding in their county, which prompted the closure of several roads and a few bridges.",266
883275,LAUDERDALE CO.,POWELL,03/23/2020,548,Flash Flood, , ,0,0,0,0,AL,CST-6, ,145419,C,77,HUN,0,0,Emergency Manager,Heavy Rain, , ,2.15,SSE,2.09,SSE,POWELL,03/23/2020,1200,34.94,-87.22,34.9387,-87.2182,"Water over the road at Deerlick Branch on CR 155.","Showers and thunderstorms repeated dropped heavy rainfall across far northwest Alabama and adjacent sections of southwest Tennessee. Rainfall amounts of 1.5-3 inches fell in these areas during the early morning hours of the 23rd.  This all fell on already saturated ground, and caused several small creeks and streams to flood.  Lauderdale County EMA relayed several reports of flash flooding in their county, which prompted the closure of several roads and a few bridges.",267
883276,LAUDERDALE CO.,ANDERSON,03/23/2020,602,Flash Flood, , ,0,0,0,0,AL,CST-6, ,145419,C,77,HUN,0,0,Emergency Manager,Heavy Rain, , ,0,N,0.4,ESE,ANDERSON,03/30/2020,1200,34.92,-87.27,34.918,-87.2634,"Flash flooding along Anderson Creek on CR 50 and CR 52. Depth of water unknown.","Showers and thunderstorms repeated dropped heavy rainfall across far northwest Alabama and adjacent sections of southwest Tennessee. Rainfall amounts of 1.5-3 inches fell in these areas during the early morning hours of the 23rd.  This all fell on already saturated ground, and caused several small creeks and streams to flood.  Lauderdale County EMA relayed several reports of flash flooding in their county, which prompted the closure of several roads and a few bridges.",268
883279,LAUDERDALE CO.,ANDERSON,03/23/2020,703,Flash Flood, , ,0,0,0,0,AL,CST-6, ,145419,C,77,HUN,0,0,Emergency Manager,Heavy Rain, , ,0.89,NE,0.85,NE,ANDERSON,03/23/2020,1300,34.93,-87.26,34.9308,-87.2609,"Flash flooding closed the bridge on CR 49 over East Fork of Anderson Creek. Depth of water unknown.","Showers and thunderstorms repeated dropped heavy rainfall across far northwest Alabama and adjacent sections of southwest Tennessee. Rainfall amounts of 1.5-3 inches fell in these areas during the early morning hours of the 23rd.  This all fell on already saturated ground, and caused several small creeks and streams to flood.  Lauderdale County EMA relayed several reports of flash flooding in their county, which prompted the closure of several roads and a few bridges.",269
883280,LAUDERDALE CO.,ANDERSON,03/23/2020,724,Flash Flood, , ,0,0,0,0,AL,CST-6, ,145419,C,77,HUN,0,0,Emergency Manager,Heavy Rain, , ,0.79,SSE,1.17,S,ANDERSON,03/23/2020,1300,34.9089,-87.2667,34.9021,-87.2708,"Flash flooding closed CR 156 at Anderson Creek. Depth of water unknown.","Showers and thunderstorms repeated dropped heavy rainfall across far northwest Alabama and adjacent sections of southwest Tennessee. Rainfall amounts of 1.5-3 inches fell in these areas during the early morning hours of the 23rd.  This all fell on already saturated ground, and caused several small creeks and streams to flood.  Lauderdale County EMA relayed several reports of flash flooding in their county, which prompted the closure of several roads and a few bridges.",270
883281,LAUDERDALE CO.,UPPER GREEN HILL,03/23/2020,745,Flash Flood, , ,0,0,0,0,AL,CST-6, ,145419,C,77,HUN,0,0,Emergency Manager,Heavy Rain, , ,1.83,WNW,2.21,W,UPPER GREEN HILL,03/23/2020,1400,34.99,-87.53,34.9804,-87.5263,"Flash flooding closed CR 130 at Military Road. Depth of water unknown.","Showers and thunderstorms repeated dropped heavy rainfall across far northwest Alabama and adjacent sections of southwest Tennessee. Rainfall amounts of 1.5-3 inches fell in these areas during the early morning hours of the 23rd.  This all fell on already saturated ground, and caused several small creeks and streams to flood.  Lauderdale County EMA relayed several reports of flash flooding in their county, which prompted the closure of several roads and a few bridges.",271
883282,LAUDERDALE CO.,POWELL,03/23/2020,811,Flash Flood, , ,0,0,0,0,AL,CST-6, ,145419,C,77,HUN,0,0,Emergency Manager,Heavy Rain, , ,0,N,0.83,WNW,POWELL,03/23/2020,1400,34.97,-87.23,34.9741,-87.2441,"CR 520 and CR 522 closed due to flash flooding along Anderson Creek. Depth of water unknown.","Showers and thunderstorms repeated dropped heavy rainfall across far northwest Alabama and adjacent sections of southwest Tennessee. Rainfall amounts of 1.5-3 inches fell in these areas during the early morning hours of the 23rd.  This all fell on already saturated ground, and caused several small creeks and streams to flood.  Lauderdale County EMA relayed several reports of flash flooding in their county, which prompted the closure of several roads and a few bridges.",272
883283,LAUDERDALE CO.,ANTIOCH,03/23/2020,812,Flash Flood, , ,0,0,0,0,AL,CST-6, ,145419,C,77,HUN,0,0,Emergency Manager,Heavy Rain, , ,1.49,SSW,1.35,SSW,ANTIOCH,03/23/2020,1400,34.88,-87.48,34.8856,-87.481,"CR 31 closed due to flash flooding in Killen. Depth of water unknown.","Showers and thunderstorms repeated dropped heavy rainfall across far northwest Alabama and adjacent sections of southwest Tennessee. Rainfall amounts of 1.5-3 inches fell in these areas during the early morning hours of the 23rd.  This all fell on already saturated ground, and caused several small creeks and streams to flood.  Lauderdale County EMA relayed several reports of flash flooding in their county, which prompted the closure of several roads and a few bridges.",273
883285,COLBERT CO.,MT HESTER,03/23/2020,1819,Flash Flood, , ,0,0,0,0,AL,CST-6, ,145419,C,33,HUN,0,0,State Official,Heavy Rain, , ,0.89,SE,0.84,SSE,MT HESTER,03/23/2020,2300,34.71,-88.01,34.7125,-88.0165,"Flooding reported around the intersection of Mount Hester Road and Rickard Cutoff Road. Depth of water unknown.","Showers and thunderstorms repeated dropped heavy rainfall across far northwest Alabama and adjacent sections of southwest Tennessee. Rainfall amounts of 1.5-3 inches fell in these areas during the early morning hours of the 23rd.  This all fell on already saturated ground, and caused several small creeks and streams to flood.  Lauderdale County EMA relayed several reports of flash flooding in their county, which prompted the closure of several roads and a few bridges.",274
883230,MADISON CO.,MADISON,03/24/2020,729,Flash Flood, , ,0,0,0,0,AL,CST-6, ,145412,C,89,HUN,0,0,NWS Employee,Heavy Rain, , ,0,N,0.62,E,MADISON,03/24/2020,1300,34.7,-86.77,34.7003,-86.7635,"More than 6 inches of water flowing down Balch Road at the intersection of Browns Ferry Road in Madison. Dog park submerged faster than normal from Mill Creek.","Multiple supercell clusters developed in northern Mississippi during the late afternoon hours, which moved east across north Alabama during the early to mid evening hours.  An EF-1 tornado was produced by a storm in Colbert County, while other reports of wind damage were received. Some of the wind damage reports consisted of trees being knocked down. Ten wooden power poles were knocked over onto a road in Limestone County. A few reports of flash flooding were reported.  During the past 72 hours, some areas have received 4-6 inches of rainfall. These storms produced a quick 1-1.5 inches which resulted in flash flooding.",275
883234,MADISON CO.,NUNN STORE,03/24/2020,758,Flash Flood, , ,0,0,0,0,AL,CST-6, ,145412,C,89,HUN,0,0,Law Enforcement,Heavy Rain, , ,1.49,SSW,1.39,SSW,NUNN STORE,03/24/2020,1300,34.63,-86.49,34.6302,-86.4932,"Huntsville PD Twitter picture shows flooding over a bridge on Terry Drake Road. Depth of water unknown.","Multiple supercell clusters developed in northern Mississippi during the late afternoon hours, which moved east across north Alabama during the early to mid evening hours.  An EF-1 tornado was produced by a storm in Colbert County, while other reports of wind damage were received. Some of the wind damage reports consisted of trees being knocked down. Ten wooden power poles were knocked over onto a road in Limestone County. A few reports of flash flooding were reported.  During the past 72 hours, some areas have received 4-6 inches of rainfall. These storms produced a quick 1-1.5 inches which resulted in flash flooding.",276
883235,MADISON CO.,DUG HILL,03/24/2020,758,Flash Flood, , ,0,0,0,0,AL,CST-6, ,145412,C,89,HUN,0,0,Law Enforcement,Heavy Rain, , ,0.89,NE,0.82,NE,DUG HILL,03/24/2020,1300,34.73,-86.49,34.7259,-86.4935,"Huntsville PD tweeted a picture of water over Dug Hill Road near Monte Sano. Depth of water unknown.","Multiple supercell clusters developed in northern Mississippi during the late afternoon hours, which moved east across north Alabama during the early to mid evening hours.  An EF-1 tornado was produced by a storm in Colbert County, while other reports of wind damage were received. Some of the wind damage reports consisted of trees being knocked down. Ten wooden power poles were knocked over onto a road in Limestone County. A few reports of flash flooding were reported.  During the past 72 hours, some areas have received 4-6 inches of rainfall. These storms produced a quick 1-1.5 inches which resulted in flash flooding.",277
883236,COLBERT CO.,VALDOSTA,03/24/2020,1726,Flash Flood, , ,0,0,0,0,AL,CST-6, ,145412,C,33,HUN,0,0,State Official,Heavy Rain, , ,0.69,N,0.86,N,VALDOSTA,03/24/2020,2300,34.73,-87.72,34.7336,-87.7207,"Flash flooding reported at the intersection of Spring Court and Meadow Hill Road. Depth of water unknown.","Multiple supercell clusters developed in northern Mississippi during the late afternoon hours, which moved east across north Alabama during the early to mid evening hours.  An EF-1 tornado was produced by a storm in Colbert County, while other reports of wind damage were received. Some of the wind damage reports consisted of trees being knocked down. Ten wooden power poles were knocked over onto a road in Limestone County. A few reports of flash flooding were reported.  During the past 72 hours, some areas have received 4-6 inches of rainfall. These storms produced a quick 1-1.5 inches which resulted in flash flooding.",278
883237,COLBERT CO.,SHEFFIELD,03/24/2020,1735,Flash Flood, , ,0,0,0,0,AL,CST-6, ,145412,C,33,HUN,0,0,State Official,Heavy Rain, , ,0.89,SW,0.89,SW,SHEFFIELD,03/24/2020,2200,34.76,-87.71,34.7605,-87.7123,"Flash flooding reported at 501 W 20th Avenue in Sheffield, AL. Depth of water unknown.","Multiple supercell clusters developed in northern Mississippi during the late afternoon hours, which moved east across north Alabama during the early to mid evening hours.  An EF-1 tornado was produced by a storm in Colbert County, while other reports of wind damage were received. Some of the wind damage reports consisted of trees being knocked down. Ten wooden power poles were knocked over onto a road in Limestone County. A few reports of flash flooding were reported.  During the past 72 hours, some areas have received 4-6 inches of rainfall. These storms produced a quick 1-1.5 inches which resulted in flash flooding.",279
883238,COLBERT CO.,EMCO LISTERHILL JCT,03/25/2020,403,Flash Flood, , ,0,0,0,0,AL,CST-6, ,145412,C,33,HUN,0,0,State Official,Heavy Rain, , ,0.89,SE,0.74,SSE,EMCO LISTERHILL JCT,03/25/2020,900,34.71,-87.56,34.696,-87.5588,"Flash flooding reported at 3000 Marthaler Lane in Leighton, AL. Depth of water unknown.","Multiple supercell clusters developed in northern Mississippi during the late afternoon hours, which moved east across north Alabama during the early to mid evening hours.  An EF-1 tornado was produced by a storm in Colbert County, while other reports of wind damage were received. Some of the wind damage reports consisted of trees being knocked down. Ten wooden power poles were knocked over onto a road in Limestone County. A few reports of flash flooding were reported.  During the past 72 hours, some areas have received 4-6 inches of rainfall. These storms produced a quick 1-1.5 inches which resulted in flash flooding.",280
888383,BLOUNT CO.,HAYDEN,04/12/2020,1700,Flash Flood, , ,0,0,0,0,AL,CST-6, ,147536,C,9,BMX,0,0,Emergency Manager,Heavy Rain, , ,2.21,WNW,1.51,NNW,BLOUNTSVILLE,04/12/2020,1900,33.8967,-86.8029,34.1388,-86.5968,"Several reports of water flowing over roadways, including Highway 160 and County Road 49. Highway 11 washed out and impassable.","An upper-level low over the southwest United States evolved into a negatively-tilted shortwave trough as it moved over the southeastern United States. A warm front steadily moved northward during the morning and afternoon hours on Sunday, April 12. This allowed an unstable air mass to move northward and overspread much of the region. At the same time, very strong wind shear developed over Alabama as the upper trough neared the state.||An initial wave of severe storms affected areas near and north of Interstate 20, involving tornadoes, damaging straight-line winds, and some hail. Through the evening, a second wave of thunderstorms affected the remaining areas of Central Alabama with tornadoes and damaging straight-line winds. Flooding also resulted from training rainfall near and north of Interstate 20. Some roads became impassible or were washed out. This weather event was large in scope and produced severe weather from Oklahoma and Texas, through the southeastern United States, then up the east coast to New York.",281
884170,MARSHALL CO.,BOAZ,04/12/2020,1804,Flash Flood, , ,0,0,0,0,AL,CST-6, ,145784,C,95,HUN,0,0,Public,Heavy Rain, , ,0.57,E,0.23,ESE,BOAZ,04/12/2020,2300,34.2,-86.16,34.1966,-86.1571,"Flash flood waters 12 deep at the intersection of Al 168 and Brown Street in Boaz.","Heavy rainfall occurred across the entire NWS Huntsville County Warning area, as well as damage from thunderstorm winds and a few tornadoes. ||While heavy rainfall reports were spread out across the CWFA, the most significant flash flooding occurred in Fort Payne and surrounding areas in Northeast Alabama. ||Intense rainfall of 6-6.5 inches fell in DeKalb County along Big Wills Creek.||A new Flood of Record crest of 17.94 feet occurred, surpassing the old Flood of Record (14.36) by a whopping 3.5 feet! More than 50 roads were shut down, with extensive flooding that occurred on Hwy 35 leading up to the Hwy 35/I459 interchange.",282
889546,TUSCALOOSA CO.,(TCL)TUSCALOOSA ARPT,04/12/2020,2000,Flash Flood, , ,0,0,0,0,AL,CST-6, ,147536,C,125,BMX,0,0,Emergency Manager,Heavy Rain, , ,0.72,ENE,1.52,NNW,HOLT JCT,04/12/2020,2130,33.2243,-87.6086,33.2515,-87.5226,"Flash flooding between the cities of Northport and Tuscaloosa.  Water levels up to car hoods in the city of Northport and numerous streets flooded in the city of Tuscaloosa.","An upper-level low over the southwest United States evolved into a negatively-tilted shortwave trough as it moved over the southeastern United States. A warm front steadily moved northward during the morning and afternoon hours on Sunday, April 12. This allowed an unstable air mass to move northward and overspread much of the region. At the same time, very strong wind shear developed over Alabama as the upper trough neared the state.||An initial wave of severe storms affected areas near and north of Interstate 20, involving tornadoes, damaging straight-line winds, and some hail. Through the evening, a second wave of thunderstorms affected the remaining areas of Central Alabama with tornadoes and damaging straight-line winds. Flooding also resulted from training rainfall near and north of Interstate 20. Some roads became impassible or were washed out. This weather event was large in scope and produced severe weather from Oklahoma and Texas, through the southeastern United States, then up the east coast to New York.",283
889550,WALKER CO.,JASPER WALKER CO ARP,04/12/2020,2000,Flash Flood, , ,0,0,0,0,AL,CST-6, ,147536,C,127,BMX,0,0,Emergency Manager,Heavy Rain, , ,5.78,E,1.56,NNW,CORDOVA,04/12/2020,2130,33.86,-87.17,33.7989,-87.1975,"Flash flooding in an RV Park in the town of Boldo.  One RV swept downstream in flood waters.  Several roads in the city of Jasper flooded and impassable.","An upper-level low over the southwest United States evolved into a negatively-tilted shortwave trough as it moved over the southeastern United States. A warm front steadily moved northward during the morning and afternoon hours on Sunday, April 12. This allowed an unstable air mass to move northward and overspread much of the region. At the same time, very strong wind shear developed over Alabama as the upper trough neared the state.||An initial wave of severe storms affected areas near and north of Interstate 20, involving tornadoes, damaging straight-line winds, and some hail. Through the evening, a second wave of thunderstorms affected the remaining areas of Central Alabama with tornadoes and damaging straight-line winds. Flooding also resulted from training rainfall near and north of Interstate 20. Some roads became impassible or were washed out. This weather event was large in scope and produced severe weather from Oklahoma and Texas, through the southeastern United States, then up the east coast to New York.",284
884171,MORGAN CO.,RYAN XRDS,04/12/2020,2041,Flash Flood, , ,0,0,0,0,AL,CST-6, ,145784,C,103,HUN,0,0,Law Enforcement,Heavy Rain, , ,0.9,NW,1.8,NNE,RYAN XRDS,04/13/2020,200,34.34,-86.61,34.362,-86.5909,"Flash Flooding covering the road on AL Hwy 67 near Ryan Loop Road. Video relayed from Social Media. Depth of water unknown.","Heavy rainfall occurred across the entire NWS Huntsville County Warning area, as well as damage from thunderstorm winds and a few tornadoes. ||While heavy rainfall reports were spread out across the CWFA, the most significant flash flooding occurred in Fort Payne and surrounding areas in Northeast Alabama. ||Intense rainfall of 6-6.5 inches fell in DeKalb County along Big Wills Creek.||A new Flood of Record crest of 17.94 feet occurred, surpassing the old Flood of Record (14.36) by a whopping 3.5 feet! More than 50 roads were shut down, with extensive flooding that occurred on Hwy 35 leading up to the Hwy 35/I459 interchange.",285
884172,MORGAN CO.,RYAN XRDS,04/12/2020,2043,Flash Flood, , ,0,0,0,0,AL,CST-6, ,145784,C,103,HUN,0,0,Law Enforcement,Heavy Rain, , ,0.9,NW,0.78,NW,RYAN XRDS,04/13/2020,200,34.34,-86.61,34.3436,-86.6165,"Water rushing across AL Hwy 67 near the Ryan Crossroads Community. Depth of water unknown.","Heavy rainfall occurred across the entire NWS Huntsville County Warning area, as well as damage from thunderstorm winds and a few tornadoes. ||While heavy rainfall reports were spread out across the CWFA, the most significant flash flooding occurred in Fort Payne and surrounding areas in Northeast Alabama. ||Intense rainfall of 6-6.5 inches fell in DeKalb County along Big Wills Creek.||A new Flood of Record crest of 17.94 feet occurred, surpassing the old Flood of Record (14.36) by a whopping 3.5 feet! More than 50 roads were shut down, with extensive flooding that occurred on Hwy 35 leading up to the Hwy 35/I459 interchange.",286
889563,JEFFERSON CO.,GRAYSVILLE,04/12/2020,2100,Flash Flood, , ,0,0,0,0,AL,CST-6, ,147536,C,73,BMX,0,0,Emergency Manager,Heavy Rain, , ,0,N,6.35,NNW,COOLEY,04/12/2020,2230,33.63,-86.97,33.5096,-86.6435,"Flash flooding reported across the Birmingham Metro area.  Evacuations of homes in the town of Graysville.  Vehicles stranded due to high water in the city of Bessemer.  Flooded roadways in the cities of Mountain Brook and Cahaba Heights.","An upper-level low over the southwest United States evolved into a negatively-tilted shortwave trough as it moved over the southeastern United States. A warm front steadily moved northward during the morning and afternoon hours on Sunday, April 12. This allowed an unstable air mass to move northward and overspread much of the region. At the same time, very strong wind shear developed over Alabama as the upper trough neared the state.||An initial wave of severe storms affected areas near and north of Interstate 20, involving tornadoes, damaging straight-line winds, and some hail. Through the evening, a second wave of thunderstorms affected the remaining areas of Central Alabama with tornadoes and damaging straight-line winds. Flooding also resulted from training rainfall near and north of Interstate 20. Some roads became impassible or were washed out. This weather event was large in scope and produced severe weather from Oklahoma and Texas, through the southeastern United States, then up the east coast to New York.",287
884173,MORGAN CO.,FALKVILLE,04/12/2020,2103,Flash Flood, , ,0,0,0,0,AL,CST-6, ,145784,C,103,HUN,0,0,Law Enforcement,Heavy Rain, , ,2.38,WSW,1.94,WSW,FALKVILLE,04/13/2020,300,34.36,-86.94,34.3554,-86.9412,"Significant flash flooding occurred along Jones Branch and Flint Creek. A water rescue occurred at the intersection of Appleton Road and Robinson Creek Road. The vehicle was recovered the next morning. Photos and report relayed via social media.","Heavy rainfall occurred across the entire NWS Huntsville County Warning area, as well as damage from thunderstorm winds and a few tornadoes. ||While heavy rainfall reports were spread out across the CWFA, the most significant flash flooding occurred in Fort Payne and surrounding areas in Northeast Alabama. ||Intense rainfall of 6-6.5 inches fell in DeKalb County along Big Wills Creek.||A new Flood of Record crest of 17.94 feet occurred, surpassing the old Flood of Record (14.36) by a whopping 3.5 feet! More than 50 roads were shut down, with extensive flooding that occurred on Hwy 35 leading up to the Hwy 35/I459 interchange.",288
884174,CULLMAN CO.,GOOD HOPE,04/12/2020,2110,Flash Flood, , ,0,0,0,0,AL,CST-6, ,145784,C,43,HUN,0,0,Public,Heavy Rain, , ,0.57,W,0.43,W,GOOD HOPE,04/13/2020,200,34.1,-86.88,34.0988,-86.8874,"Several feet of flowing water across Day Gap Road. Report relayed via social media.","Heavy rainfall occurred across the entire NWS Huntsville County Warning area, as well as damage from thunderstorm winds and a few tornadoes. ||While heavy rainfall reports were spread out across the CWFA, the most significant flash flooding occurred in Fort Payne and surrounding areas in Northeast Alabama. ||Intense rainfall of 6-6.5 inches fell in DeKalb County along Big Wills Creek.||A new Flood of Record crest of 17.94 feet occurred, surpassing the old Flood of Record (14.36) by a whopping 3.5 feet! More than 50 roads were shut down, with extensive flooding that occurred on Hwy 35 leading up to the Hwy 35/I459 interchange.",289
884175,MORGAN CO.,HARTSELLE,04/12/2020,2118,Flash Flood, , ,0,0,0,0,AL,CST-6, ,145784,C,103,HUN,0,0,Public,Heavy Rain, , ,0.69,N,1.27,NW,HARTSELLE,04/13/2020,200,34.44,-86.93,34.4402,-86.9394,"Portions of downtown Hartselle flooded. Depth of water unknown. Report relayed via social media.","Heavy rainfall occurred across the entire NWS Huntsville County Warning area, as well as damage from thunderstorm winds and a few tornadoes. ||While heavy rainfall reports were spread out across the CWFA, the most significant flash flooding occurred in Fort Payne and surrounding areas in Northeast Alabama. ||Intense rainfall of 6-6.5 inches fell in DeKalb County along Big Wills Creek.||A new Flood of Record crest of 17.94 feet occurred, surpassing the old Flood of Record (14.36) by a whopping 3.5 feet! More than 50 roads were shut down, with extensive flooding that occurred on Hwy 35 leading up to the Hwy 35/I459 interchange.",290
884176,MORGAN CO.,SOMERVILLE,04/12/2020,2118,Flash Flood, , ,0,0,0,0,AL,CST-6, ,145784,C,103,HUN,0,0,Public,Heavy Rain, , ,1.49,SSW,1.38,SSW,SOMERVILLE,04/13/2020,200,34.45,-86.81,34.4461,-86.8126,"AL Hwy 36 near Hobb Ward Road flooded. Depth of water unknown. Report relayed via social media.","Heavy rainfall occurred across the entire NWS Huntsville County Warning area, as well as damage from thunderstorm winds and a few tornadoes. ||While heavy rainfall reports were spread out across the CWFA, the most significant flash flooding occurred in Fort Payne and surrounding areas in Northeast Alabama. ||Intense rainfall of 6-6.5 inches fell in DeKalb County along Big Wills Creek.||A new Flood of Record crest of 17.94 feet occurred, surpassing the old Flood of Record (14.36) by a whopping 3.5 feet! More than 50 roads were shut down, with extensive flooding that occurred on Hwy 35 leading up to the Hwy 35/I459 interchange.",291
884177,CULLMAN CO.,JEPPA,04/12/2020,2121,Flash Flood, , ,0,0,0,0,AL,CST-6, ,145784,C,43,HUN,0,0,Amateur Radio,Heavy Rain, , ,1.33,ESE,2.1,SE,JEPPA,04/13/2020,200,34.29,-86.53,34.2842,-86.5363,"Flash flooding of CR 1819 near CR 1807 and along CR 1815 near Arab. Depth of water unknown.","Heavy rainfall occurred across the entire NWS Huntsville County Warning area, as well as damage from thunderstorm winds and a few tornadoes. ||While heavy rainfall reports were spread out across the CWFA, the most significant flash flooding occurred in Fort Payne and surrounding areas in Northeast Alabama. ||Intense rainfall of 6-6.5 inches fell in DeKalb County along Big Wills Creek.||A new Flood of Record crest of 17.94 feet occurred, surpassing the old Flood of Record (14.36) by a whopping 3.5 feet! More than 50 roads were shut down, with extensive flooding that occurred on Hwy 35 leading up to the Hwy 35/I459 interchange.",292
884178,CULLMAN CO.,WEST PT,04/12/2020,2125,Flash Flood, , ,0,0,0,0,AL,CST-6, ,145784,C,43,HUN,0,0,Public,Heavy Rain, , ,1.85,ESE,2.15,ESE,WEST PT,04/13/2020,200,34.22,-86.92,34.2233,-86.9227,"Rushing water over roadway with part of road washed out. Multiple high water rescues in the vicinity of CR 1184 where Chaney Branch flows under the road.","Heavy rainfall occurred across the entire NWS Huntsville County Warning area, as well as damage from thunderstorm winds and a few tornadoes. ||While heavy rainfall reports were spread out across the CWFA, the most significant flash flooding occurred in Fort Payne and surrounding areas in Northeast Alabama. ||Intense rainfall of 6-6.5 inches fell in DeKalb County along Big Wills Creek.||A new Flood of Record crest of 17.94 feet occurred, surpassing the old Flood of Record (14.36) by a whopping 3.5 feet! More than 50 roads were shut down, with extensive flooding that occurred on Hwy 35 leading up to the Hwy 35/I459 interchange.",293
884179,CULLMAN CO.,ARKADELPHIA,04/12/2020,2133,Flash Flood, , ,0,0,0,0,AL,CST-6, ,145784,C,43,HUN,0,0,Newspaper,Heavy Rain, , ,1.34,ENE,1.71,NE,ARKADELPHIA,04/13/2020,200,33.91,-86.95,33.9078,-86.958,"Flash flooding of both bridges where Sullivan Creek flows under CR 91 northeast of Arkadelphia.","Heavy rainfall occurred across the entire NWS Huntsville County Warning area, as well as damage from thunderstorm winds and a few tornadoes. ||While heavy rainfall reports were spread out across the CWFA, the most significant flash flooding occurred in Fort Payne and surrounding areas in Northeast Alabama. ||Intense rainfall of 6-6.5 inches fell in DeKalb County along Big Wills Creek.||A new Flood of Record crest of 17.94 feet occurred, surpassing the old Flood of Record (14.36) by a whopping 3.5 feet! More than 50 roads were shut down, with extensive flooding that occurred on Hwy 35 leading up to the Hwy 35/I459 interchange.",294
884188,CULLMAN CO.,GOOD HOPE,04/12/2020,2133,Flash Flood, , ,0,0,0,0,AL,CST-6, ,145784,C,43,HUN,0,0,Newspaper,Heavy Rain, , ,1.5,NNE,1.67,NNE,GOOD HOPE,04/13/2020,200,34.12,-86.86,34.1171,-86.8652,"Flooding reported on the East side of Good Hope along Doc Clemmons Road, Cupp Road, and Lindsey Road. Depth of water unknown.","Heavy rainfall occurred across the entire NWS Huntsville County Warning area, as well as damage from thunderstorm winds and a few tornadoes. ||While heavy rainfall reports were spread out across the CWFA, the most significant flash flooding occurred in Fort Payne and surrounding areas in Northeast Alabama. ||Intense rainfall of 6-6.5 inches fell in DeKalb County along Big Wills Creek.||A new Flood of Record crest of 17.94 feet occurred, surpassing the old Flood of Record (14.36) by a whopping 3.5 feet! More than 50 roads were shut down, with extensive flooding that occurred on Hwy 35 leading up to the Hwy 35/I459 interchange.",295
884180,CULLMAN CO.,WILBURN,04/12/2020,2133,Flash Flood, , ,0,0,0,0,AL,CST-6, ,145784,C,43,HUN,0,0,Newspaper,Heavy Rain, , ,2.07,S,1.94,S,WILBURN,04/13/2020,200,33.92,-87.03,33.9145,-87.0327,"CR 27 flooded near Arkadelphia. Depth of water unknown.","Heavy rainfall occurred across the entire NWS Huntsville County Warning area, as well as damage from thunderstorm winds and a few tornadoes. ||While heavy rainfall reports were spread out across the CWFA, the most significant flash flooding occurred in Fort Payne and surrounding areas in Northeast Alabama. ||Intense rainfall of 6-6.5 inches fell in DeKalb County along Big Wills Creek.||A new Flood of Record crest of 17.94 feet occurred, surpassing the old Flood of Record (14.36) by a whopping 3.5 feet! More than 50 roads were shut down, with extensive flooding that occurred on Hwy 35 leading up to the Hwy 35/I459 interchange.",296
884190,MORGAN CO.,SOMERVILLE,04/12/2020,2153,Flash Flood, , ,0,0,0,0,AL,CST-6, ,145784,C,103,HUN,0,0,Law Enforcement,Heavy Rain, , ,1.49,SSW,1.4,SSW,SOMERVILLE,04/13/2020,200,34.45,-86.81,34.4452,-86.8144,"Flash flooding on Highway 36 at East Hobb Road. Photo report relayed via social media.","Heavy rainfall occurred across the entire NWS Huntsville County Warning area, as well as damage from thunderstorm winds and a few tornadoes. ||While heavy rainfall reports were spread out across the CWFA, the most significant flash flooding occurred in Fort Payne and surrounding areas in Northeast Alabama. ||Intense rainfall of 6-6.5 inches fell in DeKalb County along Big Wills Creek.||A new Flood of Record crest of 17.94 feet occurred, surpassing the old Flood of Record (14.36) by a whopping 3.5 feet! More than 50 roads were shut down, with extensive flooding that occurred on Hwy 35 leading up to the Hwy 35/I459 interchange.",297
884191,DEKALB CO.,HIGH PT,04/12/2020,2214,Flash Flood, , ,0,0,0,0,AL,CST-6, ,145784,C,49,HUN,0,0,Emergency Manager,Heavy Rain, , ,0.69,S,1.45,WNW,HIGH PT,04/13/2020,400,34.57,-85.6,34.5818,-85.6062,"AL Hwy 117 closed by ALDOT due to water over the road. Depth of water unknown.","Heavy rainfall occurred across the entire NWS Huntsville County Warning area, as well as damage from thunderstorm winds and a few tornadoes. ||While heavy rainfall reports were spread out across the CWFA, the most significant flash flooding occurred in Fort Payne and surrounding areas in Northeast Alabama. ||Intense rainfall of 6-6.5 inches fell in DeKalb County along Big Wills Creek.||A new Flood of Record crest of 17.94 feet occurred, surpassing the old Flood of Record (14.36) by a whopping 3.5 feet! More than 50 roads were shut down, with extensive flooding that occurred on Hwy 35 leading up to the Hwy 35/I459 interchange.",298
884193,DEKALB CO.,FT PAYNE ISBELL ARPT,04/12/2020,2221,Flash Flood, , ,0,0,0,0,AL,CST-6, ,145784,C,49,HUN,0,0,Emergency Manager,Heavy Rain, , ,1.49,SSE,1.61,NE,FT PAYNE,04/13/2020,400,34.45,-85.71,34.4478,-85.7136,"Residences flooded on Godfrey Avenue and Watkins Avenue in Fort Payne. Depth of water unknown.","Heavy rainfall occurred across the entire NWS Huntsville County Warning area, as well as damage from thunderstorm winds and a few tornadoes. ||While heavy rainfall reports were spread out across the CWFA, the most significant flash flooding occurred in Fort Payne and surrounding areas in Northeast Alabama. ||Intense rainfall of 6-6.5 inches fell in DeKalb County along Big Wills Creek.||A new Flood of Record crest of 17.94 feet occurred, surpassing the old Flood of Record (14.36) by a whopping 3.5 feet! More than 50 roads were shut down, with extensive flooding that occurred on Hwy 35 leading up to the Hwy 35/I459 interchange.",299
884194,DEKALB CO.,FT PAYNE ISBELL ARPT,04/12/2020,2221,Flash Flood, , ,0,0,0,0,AL,CST-6, ,145784,C,49,HUN,0,0,Emergency Manager,Heavy Rain, , ,1.38,S,1.26,S,FT PAYNE ISBELL ARPT,04/13/2020,400,34.45,-85.72,34.4502,-85.7232,"Retaining wall collapsed due to flooding in Fort Payne. Depth of water unknown.","Heavy rainfall occurred across the entire NWS Huntsville County Warning area, as well as damage from thunderstorm winds and a few tornadoes. ||While heavy rainfall reports were spread out across the CWFA, the most significant flash flooding occurred in Fort Payne and surrounding areas in Northeast Alabama. ||Intense rainfall of 6-6.5 inches fell in DeKalb County along Big Wills Creek.||A new Flood of Record crest of 17.94 feet occurred, surpassing the old Flood of Record (14.36) by a whopping 3.5 feet! More than 50 roads were shut down, with extensive flooding that occurred on Hwy 35 leading up to the Hwy 35/I459 interchange.",300
884199,MORGAN CO.,SOMERVILLE,04/12/2020,2229,Flash Flood, , ,0,0,0,0,AL,CST-6, ,145784,C,103,HUN,0,0,Law Enforcement,Heavy Rain, , ,1.49,SSW,1.01,SSW,SOMERVILLE,04/13/2020,400,34.45,-86.81,34.4455,-86.8142,"Water rushing over the roadwayon Hwy 36 between Black Road and Cutoff Road where Gum Springs Creek and Roan Branch flow under Hwy 36. Depth of water unknown.","Heavy rainfall occurred across the entire NWS Huntsville County Warning area, as well as damage from thunderstorm winds and a few tornadoes. ||While heavy rainfall reports were spread out across the CWFA, the most significant flash flooding occurred in Fort Payne and surrounding areas in Northeast Alabama. ||Intense rainfall of 6-6.5 inches fell in DeKalb County along Big Wills Creek.||A new Flood of Record crest of 17.94 feet occurred, surpassing the old Flood of Record (14.36) by a whopping 3.5 feet! More than 50 roads were shut down, with extensive flooding that occurred on Hwy 35 leading up to the Hwy 35/I459 interchange.",301
889719,CHEROKEE CO.,SLACKLAND,04/12/2020,2230,Flash Flood, , ,0,0,0,0,AL,CST-6, ,147536,C,19,BMX,0,0,Emergency Manager,Heavy Rain, , ,2.5,NNW,3.16,NNE,FIRESTONE,04/13/2020,30,34.1652,-85.8397,34.2856,-85.6674,"Multiple roads in the cities of Gaylesville, Leesburg, and Cedar Bluff flooded and impassible.","An upper-level low over the southwest United States evolved into a negatively-tilted shortwave trough as it moved over the southeastern United States. A warm front steadily moved northward during the morning and afternoon hours on Sunday, April 12. This allowed an unstable air mass to move northward and overspread much of the region. At the same time, very strong wind shear developed over Alabama as the upper trough neared the state.||An initial wave of severe storms affected areas near and north of Interstate 20, involving tornadoes, damaging straight-line winds, and some hail. Through the evening, a second wave of thunderstorms affected the remaining areas of Central Alabama with tornadoes and damaging straight-line winds. Flooding also resulted from training rainfall near and north of Interstate 20. Some roads became impassible or were washed out. This weather event was large in scope and produced severe weather from Oklahoma and Texas, through the southeastern United States, then up the east coast to New York.",302
889722,ETOWAH CO.,IVALEE,04/12/2020,2230,Flash Flood, , ,0,0,0,0,AL,CST-6, ,147536,C,55,BMX,0,0,Emergency Manager,Heavy Rain, , ,0.97,NNE,2.1,S,AGRICOLA,04/13/2020,30,34.0431,-86.1137,34.0372,-85.9816,"Several roads flooded and impassible in the cities of Gadsden and Attalla.","An upper-level low over the southwest United States evolved into a negatively-tilted shortwave trough as it moved over the southeastern United States. A warm front steadily moved northward during the morning and afternoon hours on Sunday, April 12. This allowed an unstable air mass to move northward and overspread much of the region. At the same time, very strong wind shear developed over Alabama as the upper trough neared the state.||An initial wave of severe storms affected areas near and north of Interstate 20, involving tornadoes, damaging straight-line winds, and some hail. Through the evening, a second wave of thunderstorms affected the remaining areas of Central Alabama with tornadoes and damaging straight-line winds. Flooding also resulted from training rainfall near and north of Interstate 20. Some roads became impassible or were washed out. This weather event was large in scope and produced severe weather from Oklahoma and Texas, through the southeastern United States, then up the east coast to New York.",303
884200,DEKALB CO.,COLLINSVILLE,04/12/2020,2231,Flash Flood, , ,0,0,0,0,AL,CST-6, ,145784,C,49,HUN,0,0,Emergency Manager,Heavy Rain, , ,0.69,S,1.09,SSW,COLLINSVILLE,04/13/2020,500,34.26,-85.87,34.2535,-85.8778,"First floor of Collinsville School flooded. Depth of water unknown.","Heavy rainfall occurred across the entire NWS Huntsville County Warning area, as well as damage from thunderstorm winds and a few tornadoes. ||While heavy rainfall reports were spread out across the CWFA, the most significant flash flooding occurred in Fort Payne and surrounding areas in Northeast Alabama. ||Intense rainfall of 6-6.5 inches fell in DeKalb County along Big Wills Creek.||A new Flood of Record crest of 17.94 feet occurred, surpassing the old Flood of Record (14.36) by a whopping 3.5 feet! More than 50 roads were shut down, with extensive flooding that occurred on Hwy 35 leading up to the Hwy 35/I459 interchange.",304
884201,MORGAN CO.,WILHITES,04/12/2020,2241,Flash Flood, , ,0,0,0,0,AL,CST-6, ,145784,C,103,HUN,0,0,Law Enforcement,Heavy Rain, , ,0.78,ESE,0.55,SE,WILHITES,04/13/2020,400,34.3162,-86.8871,34.305,-86.8859,"Vehicles were trapped by flash flood waters where a train was stalled along Wilhite Road. Photos and report relayed via social media.","Heavy rainfall occurred across the entire NWS Huntsville County Warning area, as well as damage from thunderstorm winds and a few tornadoes. ||While heavy rainfall reports were spread out across the CWFA, the most significant flash flooding occurred in Fort Payne and surrounding areas in Northeast Alabama. ||Intense rainfall of 6-6.5 inches fell in DeKalb County along Big Wills Creek.||A new Flood of Record crest of 17.94 feet occurred, surpassing the old Flood of Record (14.36) by a whopping 3.5 feet! More than 50 roads were shut down, with extensive flooding that occurred on Hwy 35 leading up to the Hwy 35/I459 interchange.",305
884202,DEKALB CO.,STAMP,04/12/2020,2326,Flash Flood, , ,0,0,0,0,AL,CST-6, ,145784,C,49,HUN,0,0,Emergency Manager,Heavy Rain, , ,2.15,SSE,2.2,SSE,STAMP,04/13/2020,500,34.55,-85.72,34.5414,-85.7179,"County road 85 washed out by flood waters. Depth of water unknown.","Heavy rainfall occurred across the entire NWS Huntsville County Warning area, as well as damage from thunderstorm winds and a few tornadoes. ||While heavy rainfall reports were spread out across the CWFA, the most significant flash flooding occurred in Fort Payne and surrounding areas in Northeast Alabama. ||Intense rainfall of 6-6.5 inches fell in DeKalb County along Big Wills Creek.||A new Flood of Record crest of 17.94 feet occurred, surpassing the old Flood of Record (14.36) by a whopping 3.5 feet! More than 50 roads were shut down, with extensive flooding that occurred on Hwy 35 leading up to the Hwy 35/I459 interchange.",306
884203,DEKALB CO.,FT PAYNE,04/13/2020,200,Flash Flood, , ,0,0,0,0,AL,CST-6, ,145784,C,49,HUN,0,0,Emergency Manager,Heavy Rain, , ,1.33,WNW,1.73,WNW,FT PAYNE,04/13/2020,800,34.44,-85.75,34.4362,-85.7519,"Significant flash flooding occurring along Big Wills Creek in Fort Payne. Hwy 35 closed at Airport Road due to 3 feet of water flowing over it. Medical Center Drive was flooded and ambulances unable to park at bay. Record Crest of 17.94 feet was measured at Big Wills Creek at Fort Payne (BGWA1) gage, surpassing the old Flood of Record by more than 3.5 feet.","Heavy rainfall occurred across the entire NWS Huntsville County Warning area, as well as damage from thunderstorm winds and a few tornadoes. ||While heavy rainfall reports were spread out across the CWFA, the most significant flash flooding occurred in Fort Payne and surrounding areas in Northeast Alabama. ||Intense rainfall of 6-6.5 inches fell in DeKalb County along Big Wills Creek.||A new Flood of Record crest of 17.94 feet occurred, surpassing the old Flood of Record (14.36) by a whopping 3.5 feet! More than 50 roads were shut down, with extensive flooding that occurred on Hwy 35 leading up to the Hwy 35/I459 interchange.",307
884204,MARSHALL CO.,LITTLE NEW YORK,04/13/2020,300,Flash Flood, , ,0,0,0,0,AL,CST-6, ,145784,C,95,HUN,0,0,Fire Department/Rescue,Heavy Rain, , ,3.49,ESE,3.04,ESE,LITTLE NEW YORK,04/13/2020,900,34.37,-86.12,34.3646,-86.1193,"Tick Duckett Road was washed out due to flash flooding. A vehicle had to be rescued. Time estimated by news report. Depth of water unknown.","Heavy rainfall occurred across the entire NWS Huntsville County Warning area, as well as damage from thunderstorm winds and a few tornadoes. ||While heavy rainfall reports were spread out across the CWFA, the most significant flash flooding occurred in Fort Payne and surrounding areas in Northeast Alabama. ||Intense rainfall of 6-6.5 inches fell in DeKalb County along Big Wills Creek.||A new Flood of Record crest of 17.94 feet occurred, surpassing the old Flood of Record (14.36) by a whopping 3.5 feet! More than 50 roads were shut down, with extensive flooding that occurred on Hwy 35 leading up to the Hwy 35/I459 interchange.",308
884206,DEKALB CO.,SKIRUM,04/13/2020,330,Flash Flood, , ,0,0,0,0,AL,CST-6, ,145784,C,49,HUN,0,0,Emergency Manager,Heavy Rain, , ,0.69,S,0.35,S,SKIRUM,04/13/2020,900,34.31,-85.97,34.3081,-85.9678,"Bridge washed out on CR 191. Depth of water unknown. Time estimated.","Heavy rainfall occurred across the entire NWS Huntsville County Warning area, as well as damage from thunderstorm winds and a few tornadoes. ||While heavy rainfall reports were spread out across the CWFA, the most significant flash flooding occurred in Fort Payne and surrounding areas in Northeast Alabama. ||Intense rainfall of 6-6.5 inches fell in DeKalb County along Big Wills Creek.||A new Flood of Record crest of 17.94 feet occurred, surpassing the old Flood of Record (14.36) by a whopping 3.5 feet! More than 50 roads were shut down, with extensive flooding that occurred on Hwy 35 leading up to the Hwy 35/I459 interchange.",309
884211,DEKALB CO.,SULPHUR SPGS,04/13/2020,330,Flash Flood, , ,0,0,0,0,AL,CST-6, ,145784,C,49,HUN,0,0,Emergency Manager,Heavy Rain, , ,2.27,E,2.79,ESE,SULPHUR SPGS,04/13/2020,926,34.7,-85.56,34.6934,-85.5664,"Flash flooding occurring at at chicken farm on Sulphur Springs Road where a fire was being responded to. Depth of water unknown.","Heavy rainfall occurred across the entire NWS Huntsville County Warning area, as well as damage from thunderstorm winds and a few tornadoes. ||While heavy rainfall reports were spread out across the CWFA, the most significant flash flooding occurred in Fort Payne and surrounding areas in Northeast Alabama. ||Intense rainfall of 6-6.5 inches fell in DeKalb County along Big Wills Creek.||A new Flood of Record crest of 17.94 feet occurred, surpassing the old Flood of Record (14.36) by a whopping 3.5 feet! More than 50 roads were shut down, with extensive flooding that occurred on Hwy 35 leading up to the Hwy 35/I459 interchange.",310
884210,DEKALB CO.,VALLEY HEAD,04/13/2020,330,Flash Flood, , ,0,0,0,0,AL,CST-6, ,145784,C,49,HUN,0,0,Emergency Manager,Heavy Rain, , ,0.57,E,0.91,S,HAMMONDVILLE,04/13/2020,926,34.57,-85.62,34.5757,-85.6307,"Flash flooding along Big Wills Creek has pushed debris up blocking Highway 117. Depth of water unknown. Time estimated.","Heavy rainfall occurred across the entire NWS Huntsville County Warning area, as well as damage from thunderstorm winds and a few tornadoes. ||While heavy rainfall reports were spread out across the CWFA, the most significant flash flooding occurred in Fort Payne and surrounding areas in Northeast Alabama. ||Intense rainfall of 6-6.5 inches fell in DeKalb County along Big Wills Creek.||A new Flood of Record crest of 17.94 feet occurred, surpassing the old Flood of Record (14.36) by a whopping 3.5 feet! More than 50 roads were shut down, with extensive flooding that occurred on Hwy 35 leading up to the Hwy 35/I459 interchange.",311
884208,DEKALB CO.,HIGH PT,04/13/2020,330,Flash Flood, , ,0,0,0,0,AL,CST-6, ,145784,C,49,HUN,0,0,Emergency Manager,Heavy Rain, , ,0.94,SE,0.47,SE,VALLEY HEAD,04/13/2020,926,34.5688,-85.5906,34.5525,-85.6129,"Highway 117 going up to Mentone closed. Depth of water unknown. Time estimated.","Heavy rainfall occurred across the entire NWS Huntsville County Warning area, as well as damage from thunderstorm winds and a few tornadoes. ||While heavy rainfall reports were spread out across the CWFA, the most significant flash flooding occurred in Fort Payne and surrounding areas in Northeast Alabama. ||Intense rainfall of 6-6.5 inches fell in DeKalb County along Big Wills Creek.||A new Flood of Record crest of 17.94 feet occurred, surpassing the old Flood of Record (14.36) by a whopping 3.5 feet! More than 50 roads were shut down, with extensive flooding that occurred on Hwy 35 leading up to the Hwy 35/I459 interchange.",312
884207,DEKALB CO.,PORTERSVILLE,04/13/2020,330,Flash Flood, , ,0,0,0,0,AL,CST-6, ,145784,C,49,HUN,0,0,Emergency Manager,Heavy Rain, , ,1.85,WNW,1.53,SW,LEBANON,04/13/2020,926,34.33,-85.85,34.3427,-85.854,"Bridge washed out on CR 212 off of CR 51. Depth of water unknown. Time estimated.","Heavy rainfall occurred across the entire NWS Huntsville County Warning area, as well as damage from thunderstorm winds and a few tornadoes. ||While heavy rainfall reports were spread out across the CWFA, the most significant flash flooding occurred in Fort Payne and surrounding areas in Northeast Alabama. ||Intense rainfall of 6-6.5 inches fell in DeKalb County along Big Wills Creek.||A new Flood of Record crest of 17.94 feet occurred, surpassing the old Flood of Record (14.36) by a whopping 3.5 feet! More than 50 roads were shut down, with extensive flooding that occurred on Hwy 35 leading up to the Hwy 35/I459 interchange.",313
889736,SHELBY CO.,SHELBY,04/19/2020,730,Flash Flood, , ,0,0,0,0,AL,CST-6, ,147810,C,117,BMX,0,0,Emergency Manager,Heavy Rain, , ,4.57,S,5.25,S,SHELBY,04/19/2020,930,33.0544,-86.5903,33.0736,-86.5758,"Rainfall amounts of 3-5 inches produced localized flash flooding across southern Shelby County.  At least six inches of water covering roadways near Wildwood Shores.","A low-amplitude trough affected the Gulf Coast region April 19th with Central Alabama impacts consisting of two significant straight-line wind events (resulting in injuries), with other storms producing large hail and flash flooding. This activity was mainly focused south of Interstate 20.||During the morning of the 19th, a warm front was located along the immediate Gulf Coast, placing all of Central Alabama in an environment consisting of a stable low-level air mass; however, there was plenty of wind shear & instability aloft to support the development of elevated thunderstorms (some severe) associated with a lead impulse. After a midday break, a second round occurred late afternoon through the evening hours as the warm front struggled to move northward.",314
889737,CHILTON CO.,LOMAX,04/19/2020,830,Flash Flood, , ,0,0,0,0,AL,CST-6, ,147810,C,21,BMX,0,0,County Official,Heavy Rain, , ,1.78,SSW,2.5,ENE,CLANTON GRAGG ARPT,04/19/2020,1300,32.8553,-86.6784,32.871,-86.5659,"Several roads washed out around the city of Clanton.","A low-amplitude trough affected the Gulf Coast region April 19th with Central Alabama impacts consisting of two significant straight-line wind events (resulting in injuries), with other storms producing large hail and flash flooding. This activity was mainly focused south of Interstate 20.||During the morning of the 19th, a warm front was located along the immediate Gulf Coast, placing all of Central Alabama in an environment consisting of a stable low-level air mass; however, there was plenty of wind shear & instability aloft to support the development of elevated thunderstorms (some severe) associated with a lead impulse. After a midday break, a second round occurred late afternoon through the evening hours as the warm front struggled to move northward.",315
889740,LEE CO.,ROXANA,04/19/2020,1900,Flash Flood, , ,0,0,0,0,AL,CST-6, ,147810,C,81,BMX,0,0,Emergency Manager,Heavy Rain, , ,1.05,ESE,3.09,E,PINE GROVE,04/19/2020,2200,32.6729,-85.634,32.6995,-85.224,"Rainfall amounts of 4-6 inches across Lee County produced widespread flash flooding with many roadways impassable.","A low-amplitude trough affected the Gulf Coast region April 19th with Central Alabama impacts consisting of two significant straight-line wind events (resulting in injuries), with other storms producing large hail and flash flooding. This activity was mainly focused south of Interstate 20.||During the morning of the 19th, a warm front was located along the immediate Gulf Coast, placing all of Central Alabama in an environment consisting of a stable low-level air mass; however, there was plenty of wind shear & instability aloft to support the development of elevated thunderstorms (some severe) associated with a lead impulse. After a midday break, a second round occurred late afternoon through the evening hours as the warm front struggled to move northward.",316
888278,ESCAMBIA CO.,NOKOMIS,04/23/2020,909,Flash Flood, , ,0,0,5000,0,AL,CST-6, ,147230,C,53,MOB,0,0,Broadcast Media,Heavy Rain, , ,2.63,SE,1.98,E,MT GILLIS,04/23/2020,1200,30.9982,-87.5336,31.0776,-87.4892,"Flash flooding occurred in many areas of Brewton, Atmore, and Flomaton. Several roads were closed due to high water.","A strong spring storm system moved across southern states. High values of wind shear and instability combined to generate numerous severe thunderstorms that produced tornadoes and wind damage.",317
889420,HOUSTON CO.,KELLY SPRINGS,04/23/2020,1405,Flash Flood, , ,0,0,0,0,AL,CST-6, ,147390,C,69,TAE,0,0,Public,Heavy Rain, , ,0.91,SE,0.63,ESE,KELLY SPRINGS,04/23/2020,1745,31.26,-85.44,31.2633,-85.4378,"Water was flowing over a bridge at Rock Creek.","Another in a series of strong upper level troughs pushed through the southeast states, resulting in another enhanced risk of severe storms from the Storm Prediction Center.  The tri-state area was hit fairly hard again, with numerous reports of wind damage documented along with several tornadoes.",318
896082,JEFFERSON CO.,SAYRETON,05/23/2020,1745,Flash Flood, , ,0,0,0,0,AL,CST-6, ,148743,C,73,BMX,0,0,Public,Heavy Rain, , ,1.88,ESE,0.87,SSE,GREENS,05/23/2020,1845,33.5723,-86.7887,33.6435,-86.7262,"Two inches of rain fell in one hour at the Birmingham International Airport. The heavy rainfall produced flash flooding along Fivemile Creek and Center Point Parkway.","Deep moisture resided over Alabama on May 22-23 with PWAT values 1.5 to 1.8 inches. Afternoon surface based CAPE values reached 3000-4000 J/kg both days, but steeper mid level lapse rates on May 22 resulted in a majority of the storms producing large hail.",319
904735,MOBILE CO.,MAGAZINE,06/07/2020,2100,Flash Flood, , ,0,0,25000,0,AL,CST-6, ,150051,C,97,MOB,0,0,Public,Heavy Rain, , ,1.59,NW,1.49,NW,MAGAZINE,06/07/2020,2300,30.7473,-88.0877,30.7462,-88.0881,"Heavy rain caused a water rescue on Mt. Calvary Avenue between Taylor Street and Saxon Street due to the vehicle being trapped in flood waters.","Tropical Storm Cristobal moved west of the Alabama coastal waters on the afternoon of June 7th, 2020. Cristobal made landfall in southeast Louisiana at 5 pm CDT on June 7th with estimated maximum sustained winds of 50 mph. Cristobal then tracked northwest into inland Louisiana late on the night of June 7th into the morning of June 8th. ||Cristobal did not produce sustained tropical storm winds across inland areas, sustained tropical storm force winds were limited to immediate coastal locations in southern Mobile and Baldwin counties. Inland of the immediate coast, some areas saw tropical storm force gusts. Damage was limited to very sporadic tree damage.||Storm Surge inundation peaked between 2 to 3.8 feet MHHW across coastal Alabama and Escambia County, FL. Moderate coastal flooding occurred across many coastal locations, particularly in and around the Mobile Bay region. Some roads were closed, including the west end of Dauphin Island, Highway 90 Causeway across Mobile Bay, Shell Belt/Coden Road, the foot of the Dog River Bridge and part of the Cochrane Causeway. More minor coastal flooding was observed further east across the western Florida panhandle.||Rainfall totals of 3 to 10 inches were recorded across southeast Mississippi, southwest Alabama and northwest Florida with the highest totals recorded in Mobile County and George County. The highest total was 10.33 inches in West Mobile.",320
902195,GENEVA CO.,HARTFORD,06/09/2020,1609,Flash Flood, , ,0,0,0,0,AL,CST-6, ,149689,C,61,TAE,0,0,Law Enforcement,Heavy Rain, , ,0.59,E,0.33,ENE,HARTFORD,06/09/2020,1845,31.1,-85.68,31.1061,-85.6791,"Flooding was reported on Highway 52 east of Hartford from heavy rain in a short period of time.","Heavy rain in a short period of time resulted in flash flooding on Highway 52 near Hartford in Geneva county.",321
906403,JEFFERSON CO.,VESTAVIA HILLS,06/29/2020,1750,Flash Flood, , ,0,0,0,0,AL,CST-6, ,150228,C,73,BMX,0,0,Public,Heavy Rain, , ,1.54,NNW,1.11,S,CAHABA HGTS,06/29/2020,1900,33.4214,-86.7873,33.422,-86.7364,"Slow moving thunderstorms produced very heavy rainfall in a short period of time across extreme southern Jefferson County.  Rainfall amounts of 2 to 3 inches fell during a one hour period, resulting in flash flooding in the Mountain Brook and Vestavia Hills areas.","A MCS moving eastward across north Alabama produced an outflow boundary that pushed to the I-20 corridor.  The boundary encountered a very unstable air mass with surface based CAPE values near 4000 J/kg in the afternoon.  Several clusters of severe thunderstorms developed along the I-20 corridor east of I-65.",322
906404,SHELBY CO.,NEW HOPE,06/29/2020,1805,Flash Flood, , ,0,0,0,0,AL,CST-6, ,150228,C,117,BMX,0,0,Public,Heavy Rain, , ,3,SSW,1.15,NNE,SIMMSVILLE,06/29/2020,1930,33.33,-86.77,33.41,-86.65,"Slow moving thunderstorms produced very heavy rainfall in a short period of time across northern Shelby County.  Rainfall amounts of 2 to 3 inches fell during a one hour period, resulting in flash flooding in the Indian Springs area.  High water levels closed portions of Highway 119.","A MCS moving eastward across north Alabama produced an outflow boundary that pushed to the I-20 corridor.  The boundary encountered a very unstable air mass with surface based CAPE values near 4000 J/kg in the afternoon.  Several clusters of severe thunderstorms developed along the I-20 corridor east of I-65.",323
909899,TUSCALOOSA CO.,(TCL)TUSCALOOSA ARPT,07/07/2020,2000,Flash Flood, , ,0,0,0,0,AL,CST-6, ,150951,C,125,BMX,0,0,Emergency Manager,Heavy Rain, , ,0,N,1.52,NNW,HOLT JCT,07/07/2020,2130,33.22,-87.62,33.2526,-87.5098,"Heavy rainfall produced flash flooding across the Tuscaloosa metro area. Several roads impassable across the eastern portions of the city of Tuscaloosa with a hotel on McFarland Boulevard reporting all ground floor rooms flooded.","A cluster of slow moving thunderstorms developed over west Alabama during the early evening hours.  PWAT's were over two inches across north central Alabama and weak steering currents contributed to localized rainfall amounts of 2-3 inches across Tuscaloosa County.",324
916359,CHAMBERS CO.,WELCH,08/19/2020,1945,Flash Flood, , ,0,0,0,0,AL,CST-6, ,152166,C,17,BMX,0,0,Department of Highways,Heavy Rain, , ,0.9,NW,3.46,WNW,STROUD,08/19/2020,2145,33.09,-85.33,33.0532,-85.3353,"Rainfall totals of 3-5 inches over a two hour period produced resulted in several flooded roadways across northern Chambers County.  Water about a foot deep flowing across Highway 278 at Stroud Creek and culvert washed out along County Road 234.","A surface boundary was positioned along the I-20/I-59 corridor. A short wave trough near the Mississippi/Alabama state line would provide the necessary lift along the surface boundary for the development of a line of strong to severe storms along and east of I-65.",325
916362,ELMORE CO.,MAN,08/19/2020,2045,Flash Flood, , ,0,0,0,0,AL,CST-6, ,152166,C,51,BMX,0,0,Emergency Manager,Heavy Rain, , ,4.31,ESE,3.54,W,WETUMPKA,08/19/2020,2245,32.48,-86.2,32.5558,-86.2635,"Rainfall totals of 3-5 inches over a two hour period resulted in numerous flooded roadways across southern Elmore County. Flooded roads include: Highway 14 near Queen Ann Road, Highway 111, Highway 231 near the Blue Ridge Community.","A surface boundary was positioned along the I-20/I-59 corridor. A short wave trough near the Mississippi/Alabama state line would provide the necessary lift along the surface boundary for the development of a line of strong to severe storms along and east of I-65.",326
916373,SUMTER CO.,YORK MALLARD ARPT,08/25/2020,1105,Flash Flood, , ,0,0,0,0,AL,CST-6, ,152167,C,119,BMX,0,0,Department of Highways,Heavy Rain, , ,0.9,NW,1.12,N,YORK MALLARD ARPT,08/25/2020,1305,32.51,-88.28,32.5089,-88.2721,"Highway 11 flooded in both directions.","A band of slow moving thunderstorms produced localized heavy rainfall across Sumter County.",327
919525,FRANKLIN CO.,HODGES,08/26/2020,730,Flash Flood, , ,0,0,0,0,AL,CST-6, ,152426,C,59,HUN,0,0,Emergency Manager,Heavy Rain, , ,0.9,SE,0.67,SSE,HODGES,08/26/2020,1019,34.32,-87.92,34.3197,-87.9233,"The roadway at AL Highway 172 and Lovett Lane was washed out due to flash flooding.","Several rounds of moderate to heavy rainfall repeatedly moved across Franklin County late on the night of August 25th into the overnight hours of August 26th. Widespread rainfall amounts caused several roads to be closed or washed out, with a swath of 3-5 of rainfall reported in an hour or two.",328
919511,LAUDERDALE CO.,PETERSVILLE,08/30/2020,1608,Flash Flood, , ,0,0,0,0,AL,CST-6, ,150438,C,77,HUN,0,0,Public,Heavy Rain, , ,0.57,W,0.77,WSW,PETERSVILLE,08/30/2020,1900,34.85,-87.69,34.8475,-87.6879,"Flash flooding reported on Cloverdale Road. Water was up to exhaust on cars in the parking lot. This replaces a previous report on Cloverdale Road.","Clusters of strong to severe thunderstorms developed during the early to mid afternoon hours.  One of the storms resulted in wind damage.  Excessive rain in northwest Alabama led to a few reports of flash flooding.  In addition, before the thunderstorms developed, a funnel cloud descended from a building shower near the southern portion of Lake Guntersville in Marshall County.  Multiple photos of the funnel were shared via social media.",329
919513,COLBERT CO.,EMCO LISTERHILL JCT,08/30/2020,1623,Flash Flood, , ,0,0,0,0,AL,CST-6, ,150438,C,33,HUN,0,0,Emergency Manager,Heavy Rain, , ,2.15,SSE,1.31,S,EMCO LISTERHILL JCT,08/30/2020,1916,34.69,-87.56,34.6904,-87.5713,"Flooding was reported at the intersection of Sockwell Road and Highway 20.","Clusters of strong to severe thunderstorms developed during the early to mid afternoon hours.  One of the storms resulted in wind damage.  Excessive rain in northwest Alabama led to a few reports of flash flooding.  In addition, before the thunderstorms developed, a funnel cloud descended from a building shower near the southern portion of Lake Guntersville in Marshall County.  Multiple photos of the funnel were shared via social media.",330
919516,COLBERT CO.,HOBGOOD SIDING,08/30/2020,1628,Flash Flood, , ,0,0,0,0,AL,CST-6, ,150438,C,33,HUN,0,0,Emergency Manager,Heavy Rain, , ,1.49,SSE,1.59,SSE,HOBGOOD SIDING,08/30/2020,1922,34.7,-87.62,34.6963,-87.6212,"Flooding was reported at the intersection of Old Highway 20 and Cornelius Landing.","Clusters of strong to severe thunderstorms developed during the early to mid afternoon hours.  One of the storms resulted in wind damage.  Excessive rain in northwest Alabama led to a few reports of flash flooding.  In addition, before the thunderstorms developed, a funnel cloud descended from a building shower near the southern portion of Lake Guntersville in Marshall County.  Multiple photos of the funnel were shared via social media.",331
919517,COLBERT CO.,HOBGOOD SIDING,08/30/2020,1632,Flash Flood, , ,0,0,0,0,AL,CST-6, ,150438,C,33,HUN,0,0,Emergency Manager,Heavy Rain, , ,1.49,SSE,1.19,SSE,HOBGOOD SIDING,08/30/2020,1929,34.7,-87.62,34.6964,-87.6229,"Flash flooding reported at the intersection of Old Highway 20 and Barbara Street.","Clusters of strong to severe thunderstorms developed during the early to mid afternoon hours.  One of the storms resulted in wind damage.  Excessive rain in northwest Alabama led to a few reports of flash flooding.  In addition, before the thunderstorms developed, a funnel cloud descended from a building shower near the southern portion of Lake Guntersville in Marshall County.  Multiple photos of the funnel were shared via social media.",332
919520,LAUDERDALE CO.,PETERSVILLE,08/30/2020,1635,Flash Flood, , ,0,0,0,0,AL,CST-6, ,150438,C,77,HUN,0,0,Emergency Manager,Heavy Rain, , ,0.89,SE,0.65,E,NORTH FLORENCE,08/30/2020,1932,34.84,-87.67,34.8297,-87.6654,"A few roads were closed due to flooding between Chisolm Road and Helton Drive in Florence.","Clusters of strong to severe thunderstorms developed during the early to mid afternoon hours.  One of the storms resulted in wind damage.  Excessive rain in northwest Alabama led to a few reports of flash flooding.  In addition, before the thunderstorms developed, a funnel cloud descended from a building shower near the southern portion of Lake Guntersville in Marshall County.  Multiple photos of the funnel were shared via social media.",333
919522,LAWRENCE CO.,MOULTON,08/30/2020,1639,Flash Flood, , ,0,0,0,0,AL,CST-6, ,150438,C,79,HUN,0,0,Emergency Manager,Heavy Rain, , ,0.57,W,0.97,NW,MOULTON,08/30/2020,1928,34.48,-87.29,34.4864,-87.2889,"Flooding was reported in Moulton.","Clusters of strong to severe thunderstorms developed during the early to mid afternoon hours.  One of the storms resulted in wind damage.  Excessive rain in northwest Alabama led to a few reports of flash flooding.  In addition, before the thunderstorms developed, a funnel cloud descended from a building shower near the southern portion of Lake Guntersville in Marshall County.  Multiple photos of the funnel were shared via social media.",334
921091,LAUDERDALE CO.,PETERSVILLE,09/13/2020,1130,Flash Flood, , ,0,0,0,0,AL,CST-6, ,151076,C,77,HUN,0,0,State Official,Heavy Rain, , ,0.57,W,0.32,W,PETERSVILLE,09/13/2020,1700,34.85,-87.69,34.8477,-87.6978,"Portions of Heathrow Drive flooded. No depth of water given.","Thanks to a stationary boundary draped southwest to northeast across the TN and Mid-MS Valley, several waves of moderate to heavy rainfall occurred on September 13, 2020. While the heaviest rainfall totals remained to the north of the Hydrologic Service Area across portions of Western Tennessee, portions of Northwest Alabama were on the southern tip of the heavy rainfall received that day. Nearly continuous rainfall occurred for 5-7 hours across these locations, leading to several instances of nuisance and flash flooding. Storm total rainfall amounts ranged from 4-6 on this day.",335
921092,LAUDERDALE CO.,PETERSVILLE,09/13/2020,1130,Flash Flood, , ,0,0,0,0,AL,CST-6, ,151076,C,77,HUN,0,0,State Official,Heavy Rain, , ,1.79,NW,1.36,NW,PETERSVILLE,09/13/2020,1600,34.87,-87.7,34.8633,-87.6984,"Three northbound lanes of Cloverdale Road reported flooded. Water of unknown depth.","Thanks to a stationary boundary draped southwest to northeast across the TN and Mid-MS Valley, several waves of moderate to heavy rainfall occurred on September 13, 2020. While the heaviest rainfall totals remained to the north of the Hydrologic Service Area across portions of Western Tennessee, portions of Northwest Alabama were on the southern tip of the heavy rainfall received that day. Nearly continuous rainfall occurred for 5-7 hours across these locations, leading to several instances of nuisance and flash flooding. Storm total rainfall amounts ranged from 4-6 on this day.",336
921094,COLBERT CO.,BARTON,09/13/2020,1205,Flash Flood, , ,0,0,0,0,AL,CST-6, ,151076,C,33,HUN,0,0,Emergency Manager,Heavy Rain, , ,1.84,WNW,1.82,WNW,BARTON,09/13/2020,1800,34.74,-87.91,34.7414,-87.9147,"Water moving rapidly over the road at the intersection of Highway 72 W and Shop Loop Road.","Thanks to a stationary boundary draped southwest to northeast across the TN and Mid-MS Valley, several waves of moderate to heavy rainfall occurred on September 13, 2020. While the heaviest rainfall totals remained to the north of the Hydrologic Service Area across portions of Western Tennessee, portions of Northwest Alabama were on the southern tip of the heavy rainfall received that day. Nearly continuous rainfall occurred for 5-7 hours across these locations, leading to several instances of nuisance and flash flooding. Storm total rainfall amounts ranged from 4-6 on this day.",337
921095,COLBERT CO.,MUSCLE SHOALS,09/13/2020,1233,Flash Flood, , ,0,0,0,0,AL,CST-6, ,151076,C,33,HUN,0,0,Emergency Manager,Heavy Rain, , ,0.99,NNW,0.93,NNW,MUSCLE SHOALS,09/13/2020,1800,34.7624,-87.6789,34.7616,-87.6789,"Several inches of water over driveway near carport and getting close to entering the house at this location on Frey Avenue.","Thanks to a stationary boundary draped southwest to northeast across the TN and Mid-MS Valley, several waves of moderate to heavy rainfall occurred on September 13, 2020. While the heaviest rainfall totals remained to the north of the Hydrologic Service Area across portions of Western Tennessee, portions of Northwest Alabama were on the southern tip of the heavy rainfall received that day. Nearly continuous rainfall occurred for 5-7 hours across these locations, leading to several instances of nuisance and flash flooding. Storm total rainfall amounts ranged from 4-6 on this day.",338
921096,COLBERT CO.,TUSCUMBIA,09/13/2020,1234,Flash Flood, , ,0,0,0,0,AL,CST-6, ,151076,C,33,HUN,0,0,Emergency Manager,Heavy Rain, , ,0.69,N,0.79,N,TUSCUMBIA,09/13/2020,1800,34.74,-87.7,34.7349,-87.7002,"Up to 12 inches of water reported over the road at the intersection of E 1st Street and N Cave Street near Deshler Football Stadium.","Thanks to a stationary boundary draped southwest to northeast across the TN and Mid-MS Valley, several waves of moderate to heavy rainfall occurred on September 13, 2020. While the heaviest rainfall totals remained to the north of the Hydrologic Service Area across portions of Western Tennessee, portions of Northwest Alabama were on the southern tip of the heavy rainfall received that day. Nearly continuous rainfall occurred for 5-7 hours across these locations, leading to several instances of nuisance and flash flooding. Storm total rainfall amounts ranged from 4-6 on this day.",339
921334,BALDWIN CO.,FT MORGAN,09/15/2020,1907,Flash Flood, , ,0,0,0,0,AL,CST-6, ,152845,C,3,MOB,0,0,Emergency Manager,Heavy Rain / Tropical System, , ,1.17,S,1.55,SSE,CASWELL,09/16/2020,1600,30.2132,-88.0214,30.2482,-87.5181,"Hurricane Sally produced 20 to 30 inches of rain over southern Baldwin County. This resulted in extensive and major flash flooding and flooding across the area. Water rescues were first reported in Gulf Shores on County Road 8 a little after 8pm CDT with hundreds of water rescues taking place through the night and through much of Wednesday, September 16th. Even after the rain stopped Wednesday morning, numerous small streams, creeks, and rivers continued to rapidly rise. Numerous homes and vehicles were flooded and road closures were widespread.","Hurricane Sally made landfall in Gulf Shores, AL at 5am on Wednesday, September 16th as a strong Category 2 hurricane with maximum sustained winds of 105 mph. Sally produced widespread wind, storm surge, and freshwater flooding across coastal AL and the western Florida Panhandle. Flood and wind damage also extended well inland into inland southwest Alabama and south central Alabama. Sally was an extremely slow moving hurricane, which prolonged and exacerbated the local impacts. The storm was moving at less than 5 mph at the time of landfall, resulting in a long duration of tropical storm and hurricane force winds, storm surge, and torrential rainfall. ||Storm surge and resultant damage was widespread and significant from Baldwin County eastward to Okaloosa County. The highest surge occurred in the bays and sounds of Alabama and the western Florida Panhandle, with generally lower values and lesser impacts on the immediate Gulf facing shores. A peak inundation of 7 to 9 feet above ground level was officially surveyed across some locations in the back bays and sounds of southeast Baldwin County, as well as the northern end of Escambia and Blackwater Bays. A larger area was impacted by 3 to 6 feet of inundation, including along the immediate Gulf facing shores. It should be noted that the extremely heavy rainfall (more details to follow) likely exacerbated the total water levels, although it is difficult to determine the exact extent. Regardless, thousands of structures along coastal areas were flooded by the surge. ||Wind damage was extensive across the region, especially in areas that experienced the eyewall of Sally over a several hour duration. Wind damage was most extensive from southeast Mobile County eastward across Baldwin County AL into Escambia County FL. These locations experienced prolonged hurricane conditions with wind gusts over 100 mph, especially close to the immediate coast. Many homes across the area suffered roof damage from the winds and an untold number of homes were damaged by fallen trees. The tree damage was most extensive in Baldwin County, but also significant in parts of Mobile and Escambia Counties which experienced hurricane conditions. The pecan farms of Baldwin County took a major hit with well over a thousand pecan trees downed throughout the county.||The very slow movement of Sally resulted in rainfall totals of 15 to 30 inches across Baldwin County into the western Florida Panhandle. 7 to 15 inches of rain fell across parts of inland southwest Alabama, along and east of Interstate 65, and south central Alabama. This torrential rain resulted in major river and flash flooding, especially in Baldwin County eastward into the Florida Panhandle. Thousands of water rescues were conducted during the storm due to rapidly rising water and many homes were flooded. Road closures were extensive, especially in Baldwin County east into the western Florida Panhandle and some roads were damaged or washed out. Several rivers reached moderate to major flood stage and some crested within the top 5 of their historical crests. ||There were 3 direct fatalities as a result of Sally. One fatality occurred in the Wolf Bay area (Baldwin County AL.) Two men were riding the storm out on their boat and at some point during the storm attempted to swim to shore. One of the men made it to a pier and was rescued and hospitalised; the other man drowned. The second fatality occurred on Innerarity Point, FL (Escambia County FL) where a 45 year old woman drowned when the vehicle she was driving was overtaken by the incoming storm surge. The third fatality occurred in Perdido Key, FL (Escambia County FL) when a 27 year old man drowned trying to retrieve a boat that was swept away by the surge and high surf. ||There were also 3 indirect fatalities. One was due to storm cleanup in the Foley, AL area with two others (one in both Baldwin County and Escambia County FL) due to carbon monoxide poisoning from improper generator use.||The total reported damage from Public Assistance (PA) and Individual Assistance (IA) is near $550 million. Note that this does not include insured losses and damages. Also, not all county reports were available or finalized at the time of this publication. A breakdown of costs related to each individual hazard was unavailable. All damages are listed under either the Hurricane or Tropical Storm hazard, but it should be noted that a good portion of the damage was caused by storm surge or flooding even though it is not explicitly listed. ||Timber loss was extensive. The Alabama Forestry Commission estimates that 2,440 forested acres were damaged with 79,175 tons of timber destroyed at a value of $1,564,160. Most of this occurred in Baldwin County. ||A study by the University of Florida estimates that total agricultural losses in the western Florida Panhandle ranged from $55 to $100 million.||Here is a breakdown of county by county impacts:||Mobile County AL: The greatest impact of Sally in Mobile County was to Dauphin Island, which was impacted by the western eyewall of Sally for a long duration. Hurricane force winds with gusts over 100 mph were recorded on the island. Winds were out of the north, which resulted in the bay and sound side of the island being the most impacted. Several buildings experienced roof and siding damage, including to two buildings on the campus of the Dauphin Island Sea Lab. Another home on the island lost its roof entirely. A 3 to 4 foot storm surge on the north side of the island resulted in major damage to docks and piers, including at the Dauphin Island marina. Across mainland Mobile county, the southern and central portions of the county experienced a long duration of sustained tropical storm force winds with hurricane force wind gusts recorded all the way west at the Mobile Regional Airport. In fact, the 82 mph gust recorded at the airport was almost as high as the peak gust recorded in Hurricane Katrina of 83 mph. Numerous trees and power lines were downed across the county, especially in central and southern parts of the county. This resulted in widespread power outages. Mobile's Bienville Square suffered major damage to the numerous oaks in the area and there was minor damage reported at some businesses in downtown Mobile. Several homes in the county also experienced roof, siding, and fence damage. Downed trees also damaged some homes. ||Baldwin County AL: The county experienced widespread damage as the eye of Sally moved across a large portion of the county after making landfall in Gulf Shores, AL. A large|storm surge resulted in widespread inundation and major flood damage to structures along the back bay waters with little to no structural damage to buildings along the Gulf facing beaches. There was a walkway at the Cotton Bayou Gulf access that was damaged. The greatest surge occurred east of Gulf Shores across Orange Beach to the Florida State line and all the way north into the northern portion of Perdido Bay, as well as Wolf Bay. Peak inundation was surveyed to be 7 to 9 feet above ground with a much larger area that experienced 3 to 6 feet of inundation. Surge values neared 10 feet above ground at the far western end of Cotton Bayou in Orange Beach. Numerous large boats were moved onto land by the surge. Almost all piers were destroyed and several marinas were heavily damaged. The Gulf State Park Pier in Gulf Shores was also majorly damaged with a large section of the pier now missing. The 20 to 30 inches of rain that fell across the southern part of the county certainly compounded the storm surge flooding and also resulted in widespread flash flooding and river flooding. The Fish and Styx Rivers reached major flood stage and experienced their third and second highest crests respectively. The eyewall of Sally resulted in widespread and extensive damage to trees and power lines. Most of southern Baldwin county experienced sustained hurricane force winds of 75 to 85 mph with gusts over 100 mph. A sailboat anchored in Ingram Bayou measured a 1 minute sustained wind of 113 mph with a gust to 137 mph. These measurements were recorded at an elevated 58 feet. When reduced to the standard measuring height 33 feet, the sustained wind is estimated to have been 104 mph with a gust to 126 mph. The Center of Severe Weather Research recorded a 123 mph gust on the east side of the Perdido Pass bridge from an anemometer on their mobile doppler radar unit with sustained winds of 93 mph. Numerous structures were damaged by fallen trees and many structures in the county suffered significant roof and siding damage. In Ft. Morgan, a few older homes were destroyed and a boat storage facility at a marina suffered major damage. Almost all of the county lost power during the storm due to substantial damage to the power infrastructure. The pecan farming industry took a devastating hit as likely over a thousand pecan trees were destroyed across the county. There were three fatalities from the storm, one direct and two indirect. A person drowned in Orange Beach during the storm. Another fatality occurred in Foley during the post storm clean up and another individual died due to carbon monoxide poisoning from a generator.||Escambia County FL: A combination of strong wind and storm surge resulted in widespread damage to Escambia County. To date, 1,756 structures were damaged. 44 structures were destroyed and 629 suffered major damage. Hurricane force winds resulted in siding and roof damage to many structures, with downed trees also playing a large role in damage to some|structures. Power outages were widespread. Pensacola NAS recorded sustained hurricane force winds with gusts of 92 mph. A large storm surge impacted the county, with the highest surge occurring in the Perdido Key area and along portions of Pensacola and Escambia Bays. Peak inundation of 7 to 9 feet above ground level was surveyed across the northern portions of Pensacola, Escambia, and Blackwater Bays. The tidal gauge at the Port of Pensacola measured an inundation of 5.6 feet, the third highest surge ever recorded (Ivan and the 1926 hurricane are #1 and #2.) Numerous structures had significant damage from storm surge inundation. Numerous large boats and barges were moved onto land by the surge. A portion of the Three Mile bridge across Pensacola Bay collapsed due to damage from the barges. The vast majority of the storm surge structural damage occurred along the back bays and sounds and not along the immediate Gulf facing beaches. However, significant damage occurred along the Gulf islands national seashore, particularly in the Johnson Beach and Ft. Pickens area. On Johnson Beach, the surge and wave action took out a large portion of the first line of dunes with damage even noted to some of the second line dunes. 4 to 5 ft of sand covered Johnson Beach road with damage to the road itself. Noaa aerial imagery indicates that 3 new cuts were created on the far east side of Johnson Beach. The surge along the Gulf side of Perdido Key was also significant (7-9 feet) as the water line encroached upon the entrance of some of the condos and damaged walkways and pools. The copious amounts of rain (15-30 inches) also compounded the storm surge issue as water that normally would drain into area bays, rivers, creeks, and streams had nowhere to go due to the incoming storm surge. Downtown Pensacola was one notable area hard hit by this fresh water flooding, but countless other locations, especially across central and southern Escambia county, were also hard hit by this flooding. There were 3 reported fatalities, two direct and one indirect. One person died while trying to retrieve a boat during the storm and another person died while kayaking during the storm. One person died after the storm due to carbon monoxide from a generator being run indoors.||Santa Rosa County, FL: A large storm surge had its greatest impact on the sound and bay|sides of Santa Rosa county. The largest surge occurred in the northern half of Escambia Bay as well as in Blackwater and East Bay. Peak surge inundation reached 7 to 9 feet above ground level. Numerous homes suffered significant inundation from the surge. The surge flooding was compounded by 20+ inches of rain that fell which also resulted in significant to major flash flooding and river flooding. Hurricane force wind gusts also resulted in roof and siding damage to many homes, extensive downed trees, and power lines. To date, around 1,400 residential structures have been identified as being impacted with 6 being destroyed and 139 suffering major damage. 19 commercial buildings have been documented as being impacted with major damage to 4 buildings. ||Okaloosa County, FL: A long duration of tropical storm force winds impacted Okaloosa County as the center of Hurricane Sally tracked very slowly to the east and north of the county. Significant storm surge impacted coastal areas, especially in western parts of Okaloosa county closer to the Santa Rosa line. Many homes on the sound side of the Mary Esther area were inundated by the surge flooding. Portions of Highway 98 on Okaloosa Island were breached by the surge flooding, however the road was not damaged. A 2 ft seawall was breached in Ft. Walton Beach with 2 to 3 ft of water covered adjacent portions of Highway 98. Walkovers and beach side docks were displaced on the Gulf side. A few restaurants and homes suffered some flooding along Calhoun avenue, likely from a combination of the torrential rainfall and storm surge. The copious rainfall also resulted in flash flooding and major river flooding, which also flooded homes in the county.||Escambia County, AL:|Widespread trees were downed throughout Escambia county, AL. Some of the trees fell onto homes, but most of the damage was minor. However, 4 homes suffered major damage from the fallen trees. At the peak of the event, 85% of the county was without power. Torrential rainfall|of 10 to 20 inches led to flash flooding and river flooding, resulting in the 10 county roads becoming impassable during the storm. Some of the roads suffered wash outs. A couple of bridges experienced wash outs as well.||Covington County, AL:|Five homes suffered wind damage as tropical storm force winds impacted Covington county. Trees and power lines were downed which resulted in some power outages. Numerous roads were flooded and impassable. Several roads also suffered wash outs due to the extensive flooding.|||Crenshaw County, AL: Tropical storm force wind gusts downed some trees and power lines in|the county. Significant flooding also occurred, especially in the southern half of the county. Numerous roads were impassable and some experienced washouts.||Monroe County, AL: Tropical storm conditions downed numerous trees and power lines|across Monroe county.||Clarke County, AL:  Tropical storm force winds downed trees across Clarke county. One tree|fell onto a home in Grove Hill, resulting in significant damage.||Conecuh County, AL: Tropical storm force winds downed trees and power lines in Conecuh|County.||Butler County, AL:  Tropical storm conditions downed trees and power lines across portions of Butler county. A few homes suffered minor damage from fallen trees. Scattered power outages were reported. A few roads were flooded from heavy rain.",340
921342,BALDWIN CO.,BARNWELL,09/15/2020,2200,Flash Flood, , ,0,0,0,0,AL,CST-6, ,152845,C,3,MOB,0,0,Emergency Manager,Heavy Rain / Tropical System, , ,1.55,SW,4.49,SW,BATTLES WHARF,09/16/2020,1145,30.4055,-87.8998,30.4902,-87.9397,"Hurricane Sally produced 10 to 20 inches of rain over south central Baldwin County from Interstate 10 south to Highway 98 and 5 to 10 inches north of Interstate 10. This resulted in extensive and major flash flooding and flooding across the area, with the greatest impact along and south of Interstate 10. Even after the rain stopped Wednesday morning, numerous small streams, creeks, and rivers continued to rapidly rise. Numerous homes and vehicles were flooded and road closures were widespread. The Fish River in Silvherhill crested at 20.71 feet, which is the third highest crest on record. The Styx River near Elsanor crested near 22.8 feet, which is the second highest crest on record. The river gauge stopped reporting as the crest was happening.","Hurricane Sally made landfall in Gulf Shores, AL at 5am on Wednesday, September 16th as a strong Category 2 hurricane with maximum sustained winds of 105 mph. Sally produced widespread wind, storm surge, and freshwater flooding across coastal AL and the western Florida Panhandle. Flood and wind damage also extended well inland into inland southwest Alabama and south central Alabama. Sally was an extremely slow moving hurricane, which prolonged and exacerbated the local impacts. The storm was moving at less than 5 mph at the time of landfall, resulting in a long duration of tropical storm and hurricane force winds, storm surge, and torrential rainfall. ||Storm surge and resultant damage was widespread and significant from Baldwin County eastward to Okaloosa County. The highest surge occurred in the bays and sounds of Alabama and the western Florida Panhandle, with generally lower values and lesser impacts on the immediate Gulf facing shores. A peak inundation of 7 to 9 feet above ground level was officially surveyed across some locations in the back bays and sounds of southeast Baldwin County, as well as the northern end of Escambia and Blackwater Bays. A larger area was impacted by 3 to 6 feet of inundation, including along the immediate Gulf facing shores. It should be noted that the extremely heavy rainfall (more details to follow) likely exacerbated the total water levels, although it is difficult to determine the exact extent. Regardless, thousands of structures along coastal areas were flooded by the surge. ||Wind damage was extensive across the region, especially in areas that experienced the eyewall of Sally over a several hour duration. Wind damage was most extensive from southeast Mobile County eastward across Baldwin County AL into Escambia County FL. These locations experienced prolonged hurricane conditions with wind gusts over 100 mph, especially close to the immediate coast. Many homes across the area suffered roof damage from the winds and an untold number of homes were damaged by fallen trees. The tree damage was most extensive in Baldwin County, but also significant in parts of Mobile and Escambia Counties which experienced hurricane conditions. The pecan farms of Baldwin County took a major hit with well over a thousand pecan trees downed throughout the county.||The very slow movement of Sally resulted in rainfall totals of 15 to 30 inches across Baldwin County into the western Florida Panhandle. 7 to 15 inches of rain fell across parts of inland southwest Alabama, along and east of Interstate 65, and south central Alabama. This torrential rain resulted in major river and flash flooding, especially in Baldwin County eastward into the Florida Panhandle. Thousands of water rescues were conducted during the storm due to rapidly rising water and many homes were flooded. Road closures were extensive, especially in Baldwin County east into the western Florida Panhandle and some roads were damaged or washed out. Several rivers reached moderate to major flood stage and some crested within the top 5 of their historical crests. ||There were 3 direct fatalities as a result of Sally. One fatality occurred in the Wolf Bay area (Baldwin County AL.) Two men were riding the storm out on their boat and at some point during the storm attempted to swim to shore. One of the men made it to a pier and was rescued and hospitalised; the other man drowned. The second fatality occurred on Innerarity Point, FL (Escambia County FL) where a 45 year old woman drowned when the vehicle she was driving was overtaken by the incoming storm surge. The third fatality occurred in Perdido Key, FL (Escambia County FL) when a 27 year old man drowned trying to retrieve a boat that was swept away by the surge and high surf. ||There were also 3 indirect fatalities. One was due to storm cleanup in the Foley, AL area with two others (one in both Baldwin County and Escambia County FL) due to carbon monoxide poisoning from improper generator use.||The total reported damage from Public Assistance (PA) and Individual Assistance (IA) is near $550 million. Note that this does not include insured losses and damages. Also, not all county reports were available or finalized at the time of this publication. A breakdown of costs related to each individual hazard was unavailable. All damages are listed under either the Hurricane or Tropical Storm hazard, but it should be noted that a good portion of the damage was caused by storm surge or flooding even though it is not explicitly listed. ||Timber loss was extensive. The Alabama Forestry Commission estimates that 2,440 forested acres were damaged with 79,175 tons of timber destroyed at a value of $1,564,160. Most of this occurred in Baldwin County. ||A study by the University of Florida estimates that total agricultural losses in the western Florida Panhandle ranged from $55 to $100 million.||Here is a breakdown of county by county impacts:||Mobile County AL: The greatest impact of Sally in Mobile County was to Dauphin Island, which was impacted by the western eyewall of Sally for a long duration. Hurricane force winds with gusts over 100 mph were recorded on the island. Winds were out of the north, which resulted in the bay and sound side of the island being the most impacted. Several buildings experienced roof and siding damage, including to two buildings on the campus of the Dauphin Island Sea Lab. Another home on the island lost its roof entirely. A 3 to 4 foot storm surge on the north side of the island resulted in major damage to docks and piers, including at the Dauphin Island marina. Across mainland Mobile county, the southern and central portions of the county experienced a long duration of sustained tropical storm force winds with hurricane force wind gusts recorded all the way west at the Mobile Regional Airport. In fact, the 82 mph gust recorded at the airport was almost as high as the peak gust recorded in Hurricane Katrina of 83 mph. Numerous trees and power lines were downed across the county, especially in central and southern parts of the county. This resulted in widespread power outages. Mobile's Bienville Square suffered major damage to the numerous oaks in the area and there was minor damage reported at some businesses in downtown Mobile. Several homes in the county also experienced roof, siding, and fence damage. Downed trees also damaged some homes. ||Baldwin County AL: The county experienced widespread damage as the eye of Sally moved across a large portion of the county after making landfall in Gulf Shores, AL. A large|storm surge resulted in widespread inundation and major flood damage to structures along the back bay waters with little to no structural damage to buildings along the Gulf facing beaches. There was a walkway at the Cotton Bayou Gulf access that was damaged. The greatest surge occurred east of Gulf Shores across Orange Beach to the Florida State line and all the way north into the northern portion of Perdido Bay, as well as Wolf Bay. Peak inundation was surveyed to be 7 to 9 feet above ground with a much larger area that experienced 3 to 6 feet of inundation. Surge values neared 10 feet above ground at the far western end of Cotton Bayou in Orange Beach. Numerous large boats were moved onto land by the surge. Almost all piers were destroyed and several marinas were heavily damaged. The Gulf State Park Pier in Gulf Shores was also majorly damaged with a large section of the pier now missing. The 20 to 30 inches of rain that fell across the southern part of the county certainly compounded the storm surge flooding and also resulted in widespread flash flooding and river flooding. The Fish and Styx Rivers reached major flood stage and experienced their third and second highest crests respectively. The eyewall of Sally resulted in widespread and extensive damage to trees and power lines. Most of southern Baldwin county experienced sustained hurricane force winds of 75 to 85 mph with gusts over 100 mph. A sailboat anchored in Ingram Bayou measured a 1 minute sustained wind of 113 mph with a gust to 137 mph. These measurements were recorded at an elevated 58 feet. When reduced to the standard measuring height 33 feet, the sustained wind is estimated to have been 104 mph with a gust to 126 mph. The Center of Severe Weather Research recorded a 123 mph gust on the east side of the Perdido Pass bridge from an anemometer on their mobile doppler radar unit with sustained winds of 93 mph. Numerous structures were damaged by fallen trees and many structures in the county suffered significant roof and siding damage. In Ft. Morgan, a few older homes were destroyed and a boat storage facility at a marina suffered major damage. Almost all of the county lost power during the storm due to substantial damage to the power infrastructure. The pecan farming industry took a devastating hit as likely over a thousand pecan trees were destroyed across the county. There were three fatalities from the storm, one direct and two indirect. A person drowned in Orange Beach during the storm. Another fatality occurred in Foley during the post storm clean up and another individual died due to carbon monoxide poisoning from a generator.||Escambia County FL: A combination of strong wind and storm surge resulted in widespread damage to Escambia County. To date, 1,756 structures were damaged. 44 structures were destroyed and 629 suffered major damage. Hurricane force winds resulted in siding and roof damage to many structures, with downed trees also playing a large role in damage to some|structures. Power outages were widespread. Pensacola NAS recorded sustained hurricane force winds with gusts of 92 mph. A large storm surge impacted the county, with the highest surge occurring in the Perdido Key area and along portions of Pensacola and Escambia Bays. Peak inundation of 7 to 9 feet above ground level was surveyed across the northern portions of Pensacola, Escambia, and Blackwater Bays. The tidal gauge at the Port of Pensacola measured an inundation of 5.6 feet, the third highest surge ever recorded (Ivan and the 1926 hurricane are #1 and #2.) Numerous structures had significant damage from storm surge inundation. Numerous large boats and barges were moved onto land by the surge. A portion of the Three Mile bridge across Pensacola Bay collapsed due to damage from the barges. The vast majority of the storm surge structural damage occurred along the back bays and sounds and not along the immediate Gulf facing beaches. However, significant damage occurred along the Gulf islands national seashore, particularly in the Johnson Beach and Ft. Pickens area. On Johnson Beach, the surge and wave action took out a large portion of the first line of dunes with damage even noted to some of the second line dunes. 4 to 5 ft of sand covered Johnson Beach road with damage to the road itself. Noaa aerial imagery indicates that 3 new cuts were created on the far east side of Johnson Beach. The surge along the Gulf side of Perdido Key was also significant (7-9 feet) as the water line encroached upon the entrance of some of the condos and damaged walkways and pools. The copious amounts of rain (15-30 inches) also compounded the storm surge issue as water that normally would drain into area bays, rivers, creeks, and streams had nowhere to go due to the incoming storm surge. Downtown Pensacola was one notable area hard hit by this fresh water flooding, but countless other locations, especially across central and southern Escambia county, were also hard hit by this flooding. There were 3 reported fatalities, two direct and one indirect. One person died while trying to retrieve a boat during the storm and another person died while kayaking during the storm. One person died after the storm due to carbon monoxide from a generator being run indoors.||Santa Rosa County, FL: A large storm surge had its greatest impact on the sound and bay|sides of Santa Rosa county. The largest surge occurred in the northern half of Escambia Bay as well as in Blackwater and East Bay. Peak surge inundation reached 7 to 9 feet above ground level. Numerous homes suffered significant inundation from the surge. The surge flooding was compounded by 20+ inches of rain that fell which also resulted in significant to major flash flooding and river flooding. Hurricane force wind gusts also resulted in roof and siding damage to many homes, extensive downed trees, and power lines. To date, around 1,400 residential structures have been identified as being impacted with 6 being destroyed and 139 suffering major damage. 19 commercial buildings have been documented as being impacted with major damage to 4 buildings. ||Okaloosa County, FL: A long duration of tropical storm force winds impacted Okaloosa County as the center of Hurricane Sally tracked very slowly to the east and north of the county. Significant storm surge impacted coastal areas, especially in western parts of Okaloosa county closer to the Santa Rosa line. Many homes on the sound side of the Mary Esther area were inundated by the surge flooding. Portions of Highway 98 on Okaloosa Island were breached by the surge flooding, however the road was not damaged. A 2 ft seawall was breached in Ft. Walton Beach with 2 to 3 ft of water covered adjacent portions of Highway 98. Walkovers and beach side docks were displaced on the Gulf side. A few restaurants and homes suffered some flooding along Calhoun avenue, likely from a combination of the torrential rainfall and storm surge. The copious rainfall also resulted in flash flooding and major river flooding, which also flooded homes in the county.||Escambia County, AL:|Widespread trees were downed throughout Escambia county, AL. Some of the trees fell onto homes, but most of the damage was minor. However, 4 homes suffered major damage from the fallen trees. At the peak of the event, 85% of the county was without power. Torrential rainfall|of 10 to 20 inches led to flash flooding and river flooding, resulting in the 10 county roads becoming impassable during the storm. Some of the roads suffered wash outs. A couple of bridges experienced wash outs as well.||Covington County, AL:|Five homes suffered wind damage as tropical storm force winds impacted Covington county. Trees and power lines were downed which resulted in some power outages. Numerous roads were flooded and impassable. Several roads also suffered wash outs due to the extensive flooding.|||Crenshaw County, AL: Tropical storm force wind gusts downed some trees and power lines in|the county. Significant flooding also occurred, especially in the southern half of the county. Numerous roads were impassable and some experienced washouts.||Monroe County, AL: Tropical storm conditions downed numerous trees and power lines|across Monroe county.||Clarke County, AL:  Tropical storm force winds downed trees across Clarke county. One tree|fell onto a home in Grove Hill, resulting in significant damage.||Conecuh County, AL: Tropical storm force winds downed trees and power lines in Conecuh|County.||Butler County, AL:  Tropical storm conditions downed trees and power lines across portions of Butler county. A few homes suffered minor damage from fallen trees. Scattered power outages were reported. A few roads were flooded from heavy rain.",341
921384,ESCAMBIA CO.,NOKOMIS,09/16/2020,1155,Flash Flood, , ,0,0,0,0,AL,CST-6, ,152845,C,53,MOB,0,0,Emergency Manager,Heavy Rain / Tropical System, , ,2.37,SE,0.42,N,JACK SPGS,09/16/2020,1745,30.9993,-87.5382,31.2325,-87.5667,"Hurricane Sally produced 10 to almost 20 inches of rain across a large portion of Escambia County, AL. The flooding resulted in several roads becoming impassable with many roads impassable in the Brewton area. The Burnt Corn creek in Brewton crested at 18.8 feet, which is the fourth highest crest on record. Flooding was also experienced on Murder Creek, which impacted nearby businesses and structures. Some county roads and a few bridges suffered wash outs as well.","Hurricane Sally made landfall in Gulf Shores, AL at 5am on Wednesday, September 16th as a strong Category 2 hurricane with maximum sustained winds of 105 mph. Sally produced widespread wind, storm surge, and freshwater flooding across coastal AL and the western Florida Panhandle. Flood and wind damage also extended well inland into inland southwest Alabama and south central Alabama. Sally was an extremely slow moving hurricane, which prolonged and exacerbated the local impacts. The storm was moving at less than 5 mph at the time of landfall, resulting in a long duration of tropical storm and hurricane force winds, storm surge, and torrential rainfall. ||Storm surge and resultant damage was widespread and significant from Baldwin County eastward to Okaloosa County. The highest surge occurred in the bays and sounds of Alabama and the western Florida Panhandle, with generally lower values and lesser impacts on the immediate Gulf facing shores. A peak inundation of 7 to 9 feet above ground level was officially surveyed across some locations in the back bays and sounds of southeast Baldwin County, as well as the northern end of Escambia and Blackwater Bays. A larger area was impacted by 3 to 6 feet of inundation, including along the immediate Gulf facing shores. It should be noted that the extremely heavy rainfall (more details to follow) likely exacerbated the total water levels, although it is difficult to determine the exact extent. Regardless, thousands of structures along coastal areas were flooded by the surge. ||Wind damage was extensive across the region, especially in areas that experienced the eyewall of Sally over a several hour duration. Wind damage was most extensive from southeast Mobile County eastward across Baldwin County AL into Escambia County FL. These locations experienced prolonged hurricane conditions with wind gusts over 100 mph, especially close to the immediate coast. Many homes across the area suffered roof damage from the winds and an untold number of homes were damaged by fallen trees. The tree damage was most extensive in Baldwin County, but also significant in parts of Mobile and Escambia Counties which experienced hurricane conditions. The pecan farms of Baldwin County took a major hit with well over a thousand pecan trees downed throughout the county.||The very slow movement of Sally resulted in rainfall totals of 15 to 30 inches across Baldwin County into the western Florida Panhandle. 7 to 15 inches of rain fell across parts of inland southwest Alabama, along and east of Interstate 65, and south central Alabama. This torrential rain resulted in major river and flash flooding, especially in Baldwin County eastward into the Florida Panhandle. Thousands of water rescues were conducted during the storm due to rapidly rising water and many homes were flooded. Road closures were extensive, especially in Baldwin County east into the western Florida Panhandle and some roads were damaged or washed out. Several rivers reached moderate to major flood stage and some crested within the top 5 of their historical crests. ||There were 3 direct fatalities as a result of Sally. One fatality occurred in the Wolf Bay area (Baldwin County AL.) Two men were riding the storm out on their boat and at some point during the storm attempted to swim to shore. One of the men made it to a pier and was rescued and hospitalised; the other man drowned. The second fatality occurred on Innerarity Point, FL (Escambia County FL) where a 45 year old woman drowned when the vehicle she was driving was overtaken by the incoming storm surge. The third fatality occurred in Perdido Key, FL (Escambia County FL) when a 27 year old man drowned trying to retrieve a boat that was swept away by the surge and high surf. ||There were also 3 indirect fatalities. One was due to storm cleanup in the Foley, AL area with two others (one in both Baldwin County and Escambia County FL) due to carbon monoxide poisoning from improper generator use.||The total reported damage from Public Assistance (PA) and Individual Assistance (IA) is near $550 million. Note that this does not include insured losses and damages. Also, not all county reports were available or finalized at the time of this publication. A breakdown of costs related to each individual hazard was unavailable. All damages are listed under either the Hurricane or Tropical Storm hazard, but it should be noted that a good portion of the damage was caused by storm surge or flooding even though it is not explicitly listed. ||Timber loss was extensive. The Alabama Forestry Commission estimates that 2,440 forested acres were damaged with 79,175 tons of timber destroyed at a value of $1,564,160. Most of this occurred in Baldwin County. ||A study by the University of Florida estimates that total agricultural losses in the western Florida Panhandle ranged from $55 to $100 million.||Here is a breakdown of county by county impacts:||Mobile County AL: The greatest impact of Sally in Mobile County was to Dauphin Island, which was impacted by the western eyewall of Sally for a long duration. Hurricane force winds with gusts over 100 mph were recorded on the island. Winds were out of the north, which resulted in the bay and sound side of the island being the most impacted. Several buildings experienced roof and siding damage, including to two buildings on the campus of the Dauphin Island Sea Lab. Another home on the island lost its roof entirely. A 3 to 4 foot storm surge on the north side of the island resulted in major damage to docks and piers, including at the Dauphin Island marina. Across mainland Mobile county, the southern and central portions of the county experienced a long duration of sustained tropical storm force winds with hurricane force wind gusts recorded all the way west at the Mobile Regional Airport. In fact, the 82 mph gust recorded at the airport was almost as high as the peak gust recorded in Hurricane Katrina of 83 mph. Numerous trees and power lines were downed across the county, especially in central and southern parts of the county. This resulted in widespread power outages. Mobile's Bienville Square suffered major damage to the numerous oaks in the area and there was minor damage reported at some businesses in downtown Mobile. Several homes in the county also experienced roof, siding, and fence damage. Downed trees also damaged some homes. ||Baldwin County AL: The county experienced widespread damage as the eye of Sally moved across a large portion of the county after making landfall in Gulf Shores, AL. A large|storm surge resulted in widespread inundation and major flood damage to structures along the back bay waters with little to no structural damage to buildings along the Gulf facing beaches. There was a walkway at the Cotton Bayou Gulf access that was damaged. The greatest surge occurred east of Gulf Shores across Orange Beach to the Florida State line and all the way north into the northern portion of Perdido Bay, as well as Wolf Bay. Peak inundation was surveyed to be 7 to 9 feet above ground with a much larger area that experienced 3 to 6 feet of inundation. Surge values neared 10 feet above ground at the far western end of Cotton Bayou in Orange Beach. Numerous large boats were moved onto land by the surge. Almost all piers were destroyed and several marinas were heavily damaged. The Gulf State Park Pier in Gulf Shores was also majorly damaged with a large section of the pier now missing. The 20 to 30 inches of rain that fell across the southern part of the county certainly compounded the storm surge flooding and also resulted in widespread flash flooding and river flooding. The Fish and Styx Rivers reached major flood stage and experienced their third and second highest crests respectively. The eyewall of Sally resulted in widespread and extensive damage to trees and power lines. Most of southern Baldwin county experienced sustained hurricane force winds of 75 to 85 mph with gusts over 100 mph. A sailboat anchored in Ingram Bayou measured a 1 minute sustained wind of 113 mph with a gust to 137 mph. These measurements were recorded at an elevated 58 feet. When reduced to the standard measuring height 33 feet, the sustained wind is estimated to have been 104 mph with a gust to 126 mph. The Center of Severe Weather Research recorded a 123 mph gust on the east side of the Perdido Pass bridge from an anemometer on their mobile doppler radar unit with sustained winds of 93 mph. Numerous structures were damaged by fallen trees and many structures in the county suffered significant roof and siding damage. In Ft. Morgan, a few older homes were destroyed and a boat storage facility at a marina suffered major damage. Almost all of the county lost power during the storm due to substantial damage to the power infrastructure. The pecan farming industry took a devastating hit as likely over a thousand pecan trees were destroyed across the county. There were three fatalities from the storm, one direct and two indirect. A person drowned in Orange Beach during the storm. Another fatality occurred in Foley during the post storm clean up and another individual died due to carbon monoxide poisoning from a generator.||Escambia County FL: A combination of strong wind and storm surge resulted in widespread damage to Escambia County. To date, 1,756 structures were damaged. 44 structures were destroyed and 629 suffered major damage. Hurricane force winds resulted in siding and roof damage to many structures, with downed trees also playing a large role in damage to some|structures. Power outages were widespread. Pensacola NAS recorded sustained hurricane force winds with gusts of 92 mph. A large storm surge impacted the county, with the highest surge occurring in the Perdido Key area and along portions of Pensacola and Escambia Bays. Peak inundation of 7 to 9 feet above ground level was surveyed across the northern portions of Pensacola, Escambia, and Blackwater Bays. The tidal gauge at the Port of Pensacola measured an inundation of 5.6 feet, the third highest surge ever recorded (Ivan and the 1926 hurricane are #1 and #2.) Numerous structures had significant damage from storm surge inundation. Numerous large boats and barges were moved onto land by the surge. A portion of the Three Mile bridge across Pensacola Bay collapsed due to damage from the barges. The vast majority of the storm surge structural damage occurred along the back bays and sounds and not along the immediate Gulf facing beaches. However, significant damage occurred along the Gulf islands national seashore, particularly in the Johnson Beach and Ft. Pickens area. On Johnson Beach, the surge and wave action took out a large portion of the first line of dunes with damage even noted to some of the second line dunes. 4 to 5 ft of sand covered Johnson Beach road with damage to the road itself. Noaa aerial imagery indicates that 3 new cuts were created on the far east side of Johnson Beach. The surge along the Gulf side of Perdido Key was also significant (7-9 feet) as the water line encroached upon the entrance of some of the condos and damaged walkways and pools. The copious amounts of rain (15-30 inches) also compounded the storm surge issue as water that normally would drain into area bays, rivers, creeks, and streams had nowhere to go due to the incoming storm surge. Downtown Pensacola was one notable area hard hit by this fresh water flooding, but countless other locations, especially across central and southern Escambia county, were also hard hit by this flooding. There were 3 reported fatalities, two direct and one indirect. One person died while trying to retrieve a boat during the storm and another person died while kayaking during the storm. One person died after the storm due to carbon monoxide from a generator being run indoors.||Santa Rosa County, FL: A large storm surge had its greatest impact on the sound and bay|sides of Santa Rosa county. The largest surge occurred in the northern half of Escambia Bay as well as in Blackwater and East Bay. Peak surge inundation reached 7 to 9 feet above ground level. Numerous homes suffered significant inundation from the surge. The surge flooding was compounded by 20+ inches of rain that fell which also resulted in significant to major flash flooding and river flooding. Hurricane force wind gusts also resulted in roof and siding damage to many homes, extensive downed trees, and power lines. To date, around 1,400 residential structures have been identified as being impacted with 6 being destroyed and 139 suffering major damage. 19 commercial buildings have been documented as being impacted with major damage to 4 buildings. ||Okaloosa County, FL: A long duration of tropical storm force winds impacted Okaloosa County as the center of Hurricane Sally tracked very slowly to the east and north of the county. Significant storm surge impacted coastal areas, especially in western parts of Okaloosa county closer to the Santa Rosa line. Many homes on the sound side of the Mary Esther area were inundated by the surge flooding. Portions of Highway 98 on Okaloosa Island were breached by the surge flooding, however the road was not damaged. A 2 ft seawall was breached in Ft. Walton Beach with 2 to 3 ft of water covered adjacent portions of Highway 98. Walkovers and beach side docks were displaced on the Gulf side. A few restaurants and homes suffered some flooding along Calhoun avenue, likely from a combination of the torrential rainfall and storm surge. The copious rainfall also resulted in flash flooding and major river flooding, which also flooded homes in the county.||Escambia County, AL:|Widespread trees were downed throughout Escambia county, AL. Some of the trees fell onto homes, but most of the damage was minor. However, 4 homes suffered major damage from the fallen trees. At the peak of the event, 85% of the county was without power. Torrential rainfall|of 10 to 20 inches led to flash flooding and river flooding, resulting in the 10 county roads becoming impassable during the storm. Some of the roads suffered wash outs. A couple of bridges experienced wash outs as well.||Covington County, AL:|Five homes suffered wind damage as tropical storm force winds impacted Covington county. Trees and power lines were downed which resulted in some power outages. Numerous roads were flooded and impassable. Several roads also suffered wash outs due to the extensive flooding.|||Crenshaw County, AL: Tropical storm force wind gusts downed some trees and power lines in|the county. Significant flooding also occurred, especially in the southern half of the county. Numerous roads were impassable and some experienced washouts.||Monroe County, AL: Tropical storm conditions downed numerous trees and power lines|across Monroe county.||Clarke County, AL:  Tropical storm force winds downed trees across Clarke county. One tree|fell onto a home in Grove Hill, resulting in significant damage.||Conecuh County, AL: Tropical storm force winds downed trees and power lines in Conecuh|County.||Butler County, AL:  Tropical storm conditions downed trees and power lines across portions of Butler county. A few homes suffered minor damage from fallen trees. Scattered power outages were reported. A few roads were flooded from heavy rain.",342
921389,BUTLER CO.,MC KENZIE,09/16/2020,1155,Flash Flood, , ,0,0,0,0,AL,CST-6, ,152845,C,13,MOB,0,0,Emergency Manager,Heavy Rain / Tropical System, , ,2.06,S,7.14,WNW,GREENVILLE,09/16/2020,1745,31.5006,-86.7146,31.8601,-86.7008,"Hurricane Sally produced 5 to 10 inches of rain across central and southern Butler County. This resulted in the flooding of some roads across the county.","Hurricane Sally made landfall in Gulf Shores, AL at 5am on Wednesday, September 16th as a strong Category 2 hurricane with maximum sustained winds of 105 mph. Sally produced widespread wind, storm surge, and freshwater flooding across coastal AL and the western Florida Panhandle. Flood and wind damage also extended well inland into inland southwest Alabama and south central Alabama. Sally was an extremely slow moving hurricane, which prolonged and exacerbated the local impacts. The storm was moving at less than 5 mph at the time of landfall, resulting in a long duration of tropical storm and hurricane force winds, storm surge, and torrential rainfall. ||Storm surge and resultant damage was widespread and significant from Baldwin County eastward to Okaloosa County. The highest surge occurred in the bays and sounds of Alabama and the western Florida Panhandle, with generally lower values and lesser impacts on the immediate Gulf facing shores. A peak inundation of 7 to 9 feet above ground level was officially surveyed across some locations in the back bays and sounds of southeast Baldwin County, as well as the northern end of Escambia and Blackwater Bays. A larger area was impacted by 3 to 6 feet of inundation, including along the immediate Gulf facing shores. It should be noted that the extremely heavy rainfall (more details to follow) likely exacerbated the total water levels, although it is difficult to determine the exact extent. Regardless, thousands of structures along coastal areas were flooded by the surge. ||Wind damage was extensive across the region, especially in areas that experienced the eyewall of Sally over a several hour duration. Wind damage was most extensive from southeast Mobile County eastward across Baldwin County AL into Escambia County FL. These locations experienced prolonged hurricane conditions with wind gusts over 100 mph, especially close to the immediate coast. Many homes across the area suffered roof damage from the winds and an untold number of homes were damaged by fallen trees. The tree damage was most extensive in Baldwin County, but also significant in parts of Mobile and Escambia Counties which experienced hurricane conditions. The pecan farms of Baldwin County took a major hit with well over a thousand pecan trees downed throughout the county.||The very slow movement of Sally resulted in rainfall totals of 15 to 30 inches across Baldwin County into the western Florida Panhandle. 7 to 15 inches of rain fell across parts of inland southwest Alabama, along and east of Interstate 65, and south central Alabama. This torrential rain resulted in major river and flash flooding, especially in Baldwin County eastward into the Florida Panhandle. Thousands of water rescues were conducted during the storm due to rapidly rising water and many homes were flooded. Road closures were extensive, especially in Baldwin County east into the western Florida Panhandle and some roads were damaged or washed out. Several rivers reached moderate to major flood stage and some crested within the top 5 of their historical crests. ||There were 3 direct fatalities as a result of Sally. One fatality occurred in the Wolf Bay area (Baldwin County AL.) Two men were riding the storm out on their boat and at some point during the storm attempted to swim to shore. One of the men made it to a pier and was rescued and hospitalised; the other man drowned. The second fatality occurred on Innerarity Point, FL (Escambia County FL) where a 45 year old woman drowned when the vehicle she was driving was overtaken by the incoming storm surge. The third fatality occurred in Perdido Key, FL (Escambia County FL) when a 27 year old man drowned trying to retrieve a boat that was swept away by the surge and high surf. ||There were also 3 indirect fatalities. One was due to storm cleanup in the Foley, AL area with two others (one in both Baldwin County and Escambia County FL) due to carbon monoxide poisoning from improper generator use.||The total reported damage from Public Assistance (PA) and Individual Assistance (IA) is near $550 million. Note that this does not include insured losses and damages. Also, not all county reports were available or finalized at the time of this publication. A breakdown of costs related to each individual hazard was unavailable. All damages are listed under either the Hurricane or Tropical Storm hazard, but it should be noted that a good portion of the damage was caused by storm surge or flooding even though it is not explicitly listed. ||Timber loss was extensive. The Alabama Forestry Commission estimates that 2,440 forested acres were damaged with 79,175 tons of timber destroyed at a value of $1,564,160. Most of this occurred in Baldwin County. ||A study by the University of Florida estimates that total agricultural losses in the western Florida Panhandle ranged from $55 to $100 million.||Here is a breakdown of county by county impacts:||Mobile County AL: The greatest impact of Sally in Mobile County was to Dauphin Island, which was impacted by the western eyewall of Sally for a long duration. Hurricane force winds with gusts over 100 mph were recorded on the island. Winds were out of the north, which resulted in the bay and sound side of the island being the most impacted. Several buildings experienced roof and siding damage, including to two buildings on the campus of the Dauphin Island Sea Lab. Another home on the island lost its roof entirely. A 3 to 4 foot storm surge on the north side of the island resulted in major damage to docks and piers, including at the Dauphin Island marina. Across mainland Mobile county, the southern and central portions of the county experienced a long duration of sustained tropical storm force winds with hurricane force wind gusts recorded all the way west at the Mobile Regional Airport. In fact, the 82 mph gust recorded at the airport was almost as high as the peak gust recorded in Hurricane Katrina of 83 mph. Numerous trees and power lines were downed across the county, especially in central and southern parts of the county. This resulted in widespread power outages. Mobile's Bienville Square suffered major damage to the numerous oaks in the area and there was minor damage reported at some businesses in downtown Mobile. Several homes in the county also experienced roof, siding, and fence damage. Downed trees also damaged some homes. ||Baldwin County AL: The county experienced widespread damage as the eye of Sally moved across a large portion of the county after making landfall in Gulf Shores, AL. A large|storm surge resulted in widespread inundation and major flood damage to structures along the back bay waters with little to no structural damage to buildings along the Gulf facing beaches. There was a walkway at the Cotton Bayou Gulf access that was damaged. The greatest surge occurred east of Gulf Shores across Orange Beach to the Florida State line and all the way north into the northern portion of Perdido Bay, as well as Wolf Bay. Peak inundation was surveyed to be 7 to 9 feet above ground with a much larger area that experienced 3 to 6 feet of inundation. Surge values neared 10 feet above ground at the far western end of Cotton Bayou in Orange Beach. Numerous large boats were moved onto land by the surge. Almost all piers were destroyed and several marinas were heavily damaged. The Gulf State Park Pier in Gulf Shores was also majorly damaged with a large section of the pier now missing. The 20 to 30 inches of rain that fell across the southern part of the county certainly compounded the storm surge flooding and also resulted in widespread flash flooding and river flooding. The Fish and Styx Rivers reached major flood stage and experienced their third and second highest crests respectively. The eyewall of Sally resulted in widespread and extensive damage to trees and power lines. Most of southern Baldwin county experienced sustained hurricane force winds of 75 to 85 mph with gusts over 100 mph. A sailboat anchored in Ingram Bayou measured a 1 minute sustained wind of 113 mph with a gust to 137 mph. These measurements were recorded at an elevated 58 feet. When reduced to the standard measuring height 33 feet, the sustained wind is estimated to have been 104 mph with a gust to 126 mph. The Center of Severe Weather Research recorded a 123 mph gust on the east side of the Perdido Pass bridge from an anemometer on their mobile doppler radar unit with sustained winds of 93 mph. Numerous structures were damaged by fallen trees and many structures in the county suffered significant roof and siding damage. In Ft. Morgan, a few older homes were destroyed and a boat storage facility at a marina suffered major damage. Almost all of the county lost power during the storm due to substantial damage to the power infrastructure. The pecan farming industry took a devastating hit as likely over a thousand pecan trees were destroyed across the county. There were three fatalities from the storm, one direct and two indirect. A person drowned in Orange Beach during the storm. Another fatality occurred in Foley during the post storm clean up and another individual died due to carbon monoxide poisoning from a generator.||Escambia County FL: A combination of strong wind and storm surge resulted in widespread damage to Escambia County. To date, 1,756 structures were damaged. 44 structures were destroyed and 629 suffered major damage. Hurricane force winds resulted in siding and roof damage to many structures, with downed trees also playing a large role in damage to some|structures. Power outages were widespread. Pensacola NAS recorded sustained hurricane force winds with gusts of 92 mph. A large storm surge impacted the county, with the highest surge occurring in the Perdido Key area and along portions of Pensacola and Escambia Bays. Peak inundation of 7 to 9 feet above ground level was surveyed across the northern portions of Pensacola, Escambia, and Blackwater Bays. The tidal gauge at the Port of Pensacola measured an inundation of 5.6 feet, the third highest surge ever recorded (Ivan and the 1926 hurricane are #1 and #2.) Numerous structures had significant damage from storm surge inundation. Numerous large boats and barges were moved onto land by the surge. A portion of the Three Mile bridge across Pensacola Bay collapsed due to damage from the barges. The vast majority of the storm surge structural damage occurred along the back bays and sounds and not along the immediate Gulf facing beaches. However, significant damage occurred along the Gulf islands national seashore, particularly in the Johnson Beach and Ft. Pickens area. On Johnson Beach, the surge and wave action took out a large portion of the first line of dunes with damage even noted to some of the second line dunes. 4 to 5 ft of sand covered Johnson Beach road with damage to the road itself. Noaa aerial imagery indicates that 3 new cuts were created on the far east side of Johnson Beach. The surge along the Gulf side of Perdido Key was also significant (7-9 feet) as the water line encroached upon the entrance of some of the condos and damaged walkways and pools. The copious amounts of rain (15-30 inches) also compounded the storm surge issue as water that normally would drain into area bays, rivers, creeks, and streams had nowhere to go due to the incoming storm surge. Downtown Pensacola was one notable area hard hit by this fresh water flooding, but countless other locations, especially across central and southern Escambia county, were also hard hit by this flooding. There were 3 reported fatalities, two direct and one indirect. One person died while trying to retrieve a boat during the storm and another person died while kayaking during the storm. One person died after the storm due to carbon monoxide from a generator being run indoors.||Santa Rosa County, FL: A large storm surge had its greatest impact on the sound and bay|sides of Santa Rosa county. The largest surge occurred in the northern half of Escambia Bay as well as in Blackwater and East Bay. Peak surge inundation reached 7 to 9 feet above ground level. Numerous homes suffered significant inundation from the surge. The surge flooding was compounded by 20+ inches of rain that fell which also resulted in significant to major flash flooding and river flooding. Hurricane force wind gusts also resulted in roof and siding damage to many homes, extensive downed trees, and power lines. To date, around 1,400 residential structures have been identified as being impacted with 6 being destroyed and 139 suffering major damage. 19 commercial buildings have been documented as being impacted with major damage to 4 buildings. ||Okaloosa County, FL: A long duration of tropical storm force winds impacted Okaloosa County as the center of Hurricane Sally tracked very slowly to the east and north of the county. Significant storm surge impacted coastal areas, especially in western parts of Okaloosa county closer to the Santa Rosa line. Many homes on the sound side of the Mary Esther area were inundated by the surge flooding. Portions of Highway 98 on Okaloosa Island were breached by the surge flooding, however the road was not damaged. A 2 ft seawall was breached in Ft. Walton Beach with 2 to 3 ft of water covered adjacent portions of Highway 98. Walkovers and beach side docks were displaced on the Gulf side. A few restaurants and homes suffered some flooding along Calhoun avenue, likely from a combination of the torrential rainfall and storm surge. The copious rainfall also resulted in flash flooding and major river flooding, which also flooded homes in the county.||Escambia County, AL:|Widespread trees were downed throughout Escambia county, AL. Some of the trees fell onto homes, but most of the damage was minor. However, 4 homes suffered major damage from the fallen trees. At the peak of the event, 85% of the county was without power. Torrential rainfall|of 10 to 20 inches led to flash flooding and river flooding, resulting in the 10 county roads becoming impassable during the storm. Some of the roads suffered wash outs. A couple of bridges experienced wash outs as well.||Covington County, AL:|Five homes suffered wind damage as tropical storm force winds impacted Covington county. Trees and power lines were downed which resulted in some power outages. Numerous roads were flooded and impassable. Several roads also suffered wash outs due to the extensive flooding.|||Crenshaw County, AL: Tropical storm force wind gusts downed some trees and power lines in|the county. Significant flooding also occurred, especially in the southern half of the county. Numerous roads were impassable and some experienced washouts.||Monroe County, AL: Tropical storm conditions downed numerous trees and power lines|across Monroe county.||Clarke County, AL:  Tropical storm force winds downed trees across Clarke county. One tree|fell onto a home in Grove Hill, resulting in significant damage.||Conecuh County, AL: Tropical storm force winds downed trees and power lines in Conecuh|County.||Butler County, AL:  Tropical storm conditions downed trees and power lines across portions of Butler county. A few homes suffered minor damage from fallen trees. Scattered power outages were reported. A few roads were flooded from heavy rain.",343
921387,CRENSHAW CO.,BULLOCK,09/16/2020,1155,Flash Flood, , ,0,0,0,0,AL,CST-6, ,152845,C,41,MOB,0,0,Emergency Manager,Heavy Rain / Tropical System, , ,5.57,S,3.62,E,SOCIAL TOWN,09/16/2020,1745,31.4494,-86.1768,31.7204,-86.1569,"Hurricane Sally produced 7 to 13 inches of rain across central and southern Crenshaw County. Significant flooding occurred, especially in the southern half of the county. Numerous roads were impassable and some experienced washouts.","Hurricane Sally made landfall in Gulf Shores, AL at 5am on Wednesday, September 16th as a strong Category 2 hurricane with maximum sustained winds of 105 mph. Sally produced widespread wind, storm surge, and freshwater flooding across coastal AL and the western Florida Panhandle. Flood and wind damage also extended well inland into inland southwest Alabama and south central Alabama. Sally was an extremely slow moving hurricane, which prolonged and exacerbated the local impacts. The storm was moving at less than 5 mph at the time of landfall, resulting in a long duration of tropical storm and hurricane force winds, storm surge, and torrential rainfall. ||Storm surge and resultant damage was widespread and significant from Baldwin County eastward to Okaloosa County. The highest surge occurred in the bays and sounds of Alabama and the western Florida Panhandle, with generally lower values and lesser impacts on the immediate Gulf facing shores. A peak inundation of 7 to 9 feet above ground level was officially surveyed across some locations in the back bays and sounds of southeast Baldwin County, as well as the northern end of Escambia and Blackwater Bays. A larger area was impacted by 3 to 6 feet of inundation, including along the immediate Gulf facing shores. It should be noted that the extremely heavy rainfall (more details to follow) likely exacerbated the total water levels, although it is difficult to determine the exact extent. Regardless, thousands of structures along coastal areas were flooded by the surge. ||Wind damage was extensive across the region, especially in areas that experienced the eyewall of Sally over a several hour duration. Wind damage was most extensive from southeast Mobile County eastward across Baldwin County AL into Escambia County FL. These locations experienced prolonged hurricane conditions with wind gusts over 100 mph, especially close to the immediate coast. Many homes across the area suffered roof damage from the winds and an untold number of homes were damaged by fallen trees. The tree damage was most extensive in Baldwin County, but also significant in parts of Mobile and Escambia Counties which experienced hurricane conditions. The pecan farms of Baldwin County took a major hit with well over a thousand pecan trees downed throughout the county.||The very slow movement of Sally resulted in rainfall totals of 15 to 30 inches across Baldwin County into the western Florida Panhandle. 7 to 15 inches of rain fell across parts of inland southwest Alabama, along and east of Interstate 65, and south central Alabama. This torrential rain resulted in major river and flash flooding, especially in Baldwin County eastward into the Florida Panhandle. Thousands of water rescues were conducted during the storm due to rapidly rising water and many homes were flooded. Road closures were extensive, especially in Baldwin County east into the western Florida Panhandle and some roads were damaged or washed out. Several rivers reached moderate to major flood stage and some crested within the top 5 of their historical crests. ||There were 3 direct fatalities as a result of Sally. One fatality occurred in the Wolf Bay area (Baldwin County AL.) Two men were riding the storm out on their boat and at some point during the storm attempted to swim to shore. One of the men made it to a pier and was rescued and hospitalised; the other man drowned. The second fatality occurred on Innerarity Point, FL (Escambia County FL) where a 45 year old woman drowned when the vehicle she was driving was overtaken by the incoming storm surge. The third fatality occurred in Perdido Key, FL (Escambia County FL) when a 27 year old man drowned trying to retrieve a boat that was swept away by the surge and high surf. ||There were also 3 indirect fatalities. One was due to storm cleanup in the Foley, AL area with two others (one in both Baldwin County and Escambia County FL) due to carbon monoxide poisoning from improper generator use.||The total reported damage from Public Assistance (PA) and Individual Assistance (IA) is near $550 million. Note that this does not include insured losses and damages. Also, not all county reports were available or finalized at the time of this publication. A breakdown of costs related to each individual hazard was unavailable. All damages are listed under either the Hurricane or Tropical Storm hazard, but it should be noted that a good portion of the damage was caused by storm surge or flooding even though it is not explicitly listed. ||Timber loss was extensive. The Alabama Forestry Commission estimates that 2,440 forested acres were damaged with 79,175 tons of timber destroyed at a value of $1,564,160. Most of this occurred in Baldwin County. ||A study by the University of Florida estimates that total agricultural losses in the western Florida Panhandle ranged from $55 to $100 million.||Here is a breakdown of county by county impacts:||Mobile County AL: The greatest impact of Sally in Mobile County was to Dauphin Island, which was impacted by the western eyewall of Sally for a long duration. Hurricane force winds with gusts over 100 mph were recorded on the island. Winds were out of the north, which resulted in the bay and sound side of the island being the most impacted. Several buildings experienced roof and siding damage, including to two buildings on the campus of the Dauphin Island Sea Lab. Another home on the island lost its roof entirely. A 3 to 4 foot storm surge on the north side of the island resulted in major damage to docks and piers, including at the Dauphin Island marina. Across mainland Mobile county, the southern and central portions of the county experienced a long duration of sustained tropical storm force winds with hurricane force wind gusts recorded all the way west at the Mobile Regional Airport. In fact, the 82 mph gust recorded at the airport was almost as high as the peak gust recorded in Hurricane Katrina of 83 mph. Numerous trees and power lines were downed across the county, especially in central and southern parts of the county. This resulted in widespread power outages. Mobile's Bienville Square suffered major damage to the numerous oaks in the area and there was minor damage reported at some businesses in downtown Mobile. Several homes in the county also experienced roof, siding, and fence damage. Downed trees also damaged some homes. ||Baldwin County AL: The county experienced widespread damage as the eye of Sally moved across a large portion of the county after making landfall in Gulf Shores, AL. A large|storm surge resulted in widespread inundation and major flood damage to structures along the back bay waters with little to no structural damage to buildings along the Gulf facing beaches. There was a walkway at the Cotton Bayou Gulf access that was damaged. The greatest surge occurred east of Gulf Shores across Orange Beach to the Florida State line and all the way north into the northern portion of Perdido Bay, as well as Wolf Bay. Peak inundation was surveyed to be 7 to 9 feet above ground with a much larger area that experienced 3 to 6 feet of inundation. Surge values neared 10 feet above ground at the far western end of Cotton Bayou in Orange Beach. Numerous large boats were moved onto land by the surge. Almost all piers were destroyed and several marinas were heavily damaged. The Gulf State Park Pier in Gulf Shores was also majorly damaged with a large section of the pier now missing. The 20 to 30 inches of rain that fell across the southern part of the county certainly compounded the storm surge flooding and also resulted in widespread flash flooding and river flooding. The Fish and Styx Rivers reached major flood stage and experienced their third and second highest crests respectively. The eyewall of Sally resulted in widespread and extensive damage to trees and power lines. Most of southern Baldwin county experienced sustained hurricane force winds of 75 to 85 mph with gusts over 100 mph. A sailboat anchored in Ingram Bayou measured a 1 minute sustained wind of 113 mph with a gust to 137 mph. These measurements were recorded at an elevated 58 feet. When reduced to the standard measuring height 33 feet, the sustained wind is estimated to have been 104 mph with a gust to 126 mph. The Center of Severe Weather Research recorded a 123 mph gust on the east side of the Perdido Pass bridge from an anemometer on their mobile doppler radar unit with sustained winds of 93 mph. Numerous structures were damaged by fallen trees and many structures in the county suffered significant roof and siding damage. In Ft. Morgan, a few older homes were destroyed and a boat storage facility at a marina suffered major damage. Almost all of the county lost power during the storm due to substantial damage to the power infrastructure. The pecan farming industry took a devastating hit as likely over a thousand pecan trees were destroyed across the county. There were three fatalities from the storm, one direct and two indirect. A person drowned in Orange Beach during the storm. Another fatality occurred in Foley during the post storm clean up and another individual died due to carbon monoxide poisoning from a generator.||Escambia County FL: A combination of strong wind and storm surge resulted in widespread damage to Escambia County. To date, 1,756 structures were damaged. 44 structures were destroyed and 629 suffered major damage. Hurricane force winds resulted in siding and roof damage to many structures, with downed trees also playing a large role in damage to some|structures. Power outages were widespread. Pensacola NAS recorded sustained hurricane force winds with gusts of 92 mph. A large storm surge impacted the county, with the highest surge occurring in the Perdido Key area and along portions of Pensacola and Escambia Bays. Peak inundation of 7 to 9 feet above ground level was surveyed across the northern portions of Pensacola, Escambia, and Blackwater Bays. The tidal gauge at the Port of Pensacola measured an inundation of 5.6 feet, the third highest surge ever recorded (Ivan and the 1926 hurricane are #1 and #2.) Numerous structures had significant damage from storm surge inundation. Numerous large boats and barges were moved onto land by the surge. A portion of the Three Mile bridge across Pensacola Bay collapsed due to damage from the barges. The vast majority of the storm surge structural damage occurred along the back bays and sounds and not along the immediate Gulf facing beaches. However, significant damage occurred along the Gulf islands national seashore, particularly in the Johnson Beach and Ft. Pickens area. On Johnson Beach, the surge and wave action took out a large portion of the first line of dunes with damage even noted to some of the second line dunes. 4 to 5 ft of sand covered Johnson Beach road with damage to the road itself. Noaa aerial imagery indicates that 3 new cuts were created on the far east side of Johnson Beach. The surge along the Gulf side of Perdido Key was also significant (7-9 feet) as the water line encroached upon the entrance of some of the condos and damaged walkways and pools. The copious amounts of rain (15-30 inches) also compounded the storm surge issue as water that normally would drain into area bays, rivers, creeks, and streams had nowhere to go due to the incoming storm surge. Downtown Pensacola was one notable area hard hit by this fresh water flooding, but countless other locations, especially across central and southern Escambia county, were also hard hit by this flooding. There were 3 reported fatalities, two direct and one indirect. One person died while trying to retrieve a boat during the storm and another person died while kayaking during the storm. One person died after the storm due to carbon monoxide from a generator being run indoors.||Santa Rosa County, FL: A large storm surge had its greatest impact on the sound and bay|sides of Santa Rosa county. The largest surge occurred in the northern half of Escambia Bay as well as in Blackwater and East Bay. Peak surge inundation reached 7 to 9 feet above ground level. Numerous homes suffered significant inundation from the surge. The surge flooding was compounded by 20+ inches of rain that fell which also resulted in significant to major flash flooding and river flooding. Hurricane force wind gusts also resulted in roof and siding damage to many homes, extensive downed trees, and power lines. To date, around 1,400 residential structures have been identified as being impacted with 6 being destroyed and 139 suffering major damage. 19 commercial buildings have been documented as being impacted with major damage to 4 buildings. ||Okaloosa County, FL: A long duration of tropical storm force winds impacted Okaloosa County as the center of Hurricane Sally tracked very slowly to the east and north of the county. Significant storm surge impacted coastal areas, especially in western parts of Okaloosa county closer to the Santa Rosa line. Many homes on the sound side of the Mary Esther area were inundated by the surge flooding. Portions of Highway 98 on Okaloosa Island were breached by the surge flooding, however the road was not damaged. A 2 ft seawall was breached in Ft. Walton Beach with 2 to 3 ft of water covered adjacent portions of Highway 98. Walkovers and beach side docks were displaced on the Gulf side. A few restaurants and homes suffered some flooding along Calhoun avenue, likely from a combination of the torrential rainfall and storm surge. The copious rainfall also resulted in flash flooding and major river flooding, which also flooded homes in the county.||Escambia County, AL:|Widespread trees were downed throughout Escambia county, AL. Some of the trees fell onto homes, but most of the damage was minor. However, 4 homes suffered major damage from the fallen trees. At the peak of the event, 85% of the county was without power. Torrential rainfall|of 10 to 20 inches led to flash flooding and river flooding, resulting in the 10 county roads becoming impassable during the storm. Some of the roads suffered wash outs. A couple of bridges experienced wash outs as well.||Covington County, AL:|Five homes suffered wind damage as tropical storm force winds impacted Covington county. Trees and power lines were downed which resulted in some power outages. Numerous roads were flooded and impassable. Several roads also suffered wash outs due to the extensive flooding.|||Crenshaw County, AL: Tropical storm force wind gusts downed some trees and power lines in|the county. Significant flooding also occurred, especially in the southern half of the county. Numerous roads were impassable and some experienced washouts.||Monroe County, AL: Tropical storm conditions downed numerous trees and power lines|across Monroe county.||Clarke County, AL:  Tropical storm force winds downed trees across Clarke county. One tree|fell onto a home in Grove Hill, resulting in significant damage.||Conecuh County, AL: Tropical storm force winds downed trees and power lines in Conecuh|County.||Butler County, AL:  Tropical storm conditions downed trees and power lines across portions of Butler county. A few homes suffered minor damage from fallen trees. Scattered power outages were reported. A few roads were flooded from heavy rain.",344
921385,COVINGTON CO.,DIXIE,09/16/2020,1155,Flash Flood, , ,0,0,0,0,AL,CST-6, ,152845,C,39,MOB,0,0,Emergency Manager,Heavy Rain / Tropical System, , ,4.3,SSE,29.91,N,DIXIE,09/16/2020,1745,31.0972,-86.6917,31.4912,-86.6928,"Hurricane Sally produced 10 to 15 inches of rain across a large portion of Covington County, AL. Numerous roads were flooded and impassable. Several roads also suffered wash outs due to the extensive flooding.","Hurricane Sally made landfall in Gulf Shores, AL at 5am on Wednesday, September 16th as a strong Category 2 hurricane with maximum sustained winds of 105 mph. Sally produced widespread wind, storm surge, and freshwater flooding across coastal AL and the western Florida Panhandle. Flood and wind damage also extended well inland into inland southwest Alabama and south central Alabama. Sally was an extremely slow moving hurricane, which prolonged and exacerbated the local impacts. The storm was moving at less than 5 mph at the time of landfall, resulting in a long duration of tropical storm and hurricane force winds, storm surge, and torrential rainfall. ||Storm surge and resultant damage was widespread and significant from Baldwin County eastward to Okaloosa County. The highest surge occurred in the bays and sounds of Alabama and the western Florida Panhandle, with generally lower values and lesser impacts on the immediate Gulf facing shores. A peak inundation of 7 to 9 feet above ground level was officially surveyed across some locations in the back bays and sounds of southeast Baldwin County, as well as the northern end of Escambia and Blackwater Bays. A larger area was impacted by 3 to 6 feet of inundation, including along the immediate Gulf facing shores. It should be noted that the extremely heavy rainfall (more details to follow) likely exacerbated the total water levels, although it is difficult to determine the exact extent. Regardless, thousands of structures along coastal areas were flooded by the surge. ||Wind damage was extensive across the region, especially in areas that experienced the eyewall of Sally over a several hour duration. Wind damage was most extensive from southeast Mobile County eastward across Baldwin County AL into Escambia County FL. These locations experienced prolonged hurricane conditions with wind gusts over 100 mph, especially close to the immediate coast. Many homes across the area suffered roof damage from the winds and an untold number of homes were damaged by fallen trees. The tree damage was most extensive in Baldwin County, but also significant in parts of Mobile and Escambia Counties which experienced hurricane conditions. The pecan farms of Baldwin County took a major hit with well over a thousand pecan trees downed throughout the county.||The very slow movement of Sally resulted in rainfall totals of 15 to 30 inches across Baldwin County into the western Florida Panhandle. 7 to 15 inches of rain fell across parts of inland southwest Alabama, along and east of Interstate 65, and south central Alabama. This torrential rain resulted in major river and flash flooding, especially in Baldwin County eastward into the Florida Panhandle. Thousands of water rescues were conducted during the storm due to rapidly rising water and many homes were flooded. Road closures were extensive, especially in Baldwin County east into the western Florida Panhandle and some roads were damaged or washed out. Several rivers reached moderate to major flood stage and some crested within the top 5 of their historical crests. ||There were 3 direct fatalities as a result of Sally. One fatality occurred in the Wolf Bay area (Baldwin County AL.) Two men were riding the storm out on their boat and at some point during the storm attempted to swim to shore. One of the men made it to a pier and was rescued and hospitalised; the other man drowned. The second fatality occurred on Innerarity Point, FL (Escambia County FL) where a 45 year old woman drowned when the vehicle she was driving was overtaken by the incoming storm surge. The third fatality occurred in Perdido Key, FL (Escambia County FL) when a 27 year old man drowned trying to retrieve a boat that was swept away by the surge and high surf. ||There were also 3 indirect fatalities. One was due to storm cleanup in the Foley, AL area with two others (one in both Baldwin County and Escambia County FL) due to carbon monoxide poisoning from improper generator use.||The total reported damage from Public Assistance (PA) and Individual Assistance (IA) is near $550 million. Note that this does not include insured losses and damages. Also, not all county reports were available or finalized at the time of this publication. A breakdown of costs related to each individual hazard was unavailable. All damages are listed under either the Hurricane or Tropical Storm hazard, but it should be noted that a good portion of the damage was caused by storm surge or flooding even though it is not explicitly listed. ||Timber loss was extensive. The Alabama Forestry Commission estimates that 2,440 forested acres were damaged with 79,175 tons of timber destroyed at a value of $1,564,160. Most of this occurred in Baldwin County. ||A study by the University of Florida estimates that total agricultural losses in the western Florida Panhandle ranged from $55 to $100 million.||Here is a breakdown of county by county impacts:||Mobile County AL: The greatest impact of Sally in Mobile County was to Dauphin Island, which was impacted by the western eyewall of Sally for a long duration. Hurricane force winds with gusts over 100 mph were recorded on the island. Winds were out of the north, which resulted in the bay and sound side of the island being the most impacted. Several buildings experienced roof and siding damage, including to two buildings on the campus of the Dauphin Island Sea Lab. Another home on the island lost its roof entirely. A 3 to 4 foot storm surge on the north side of the island resulted in major damage to docks and piers, including at the Dauphin Island marina. Across mainland Mobile county, the southern and central portions of the county experienced a long duration of sustained tropical storm force winds with hurricane force wind gusts recorded all the way west at the Mobile Regional Airport. In fact, the 82 mph gust recorded at the airport was almost as high as the peak gust recorded in Hurricane Katrina of 83 mph. Numerous trees and power lines were downed across the county, especially in central and southern parts of the county. This resulted in widespread power outages. Mobile's Bienville Square suffered major damage to the numerous oaks in the area and there was minor damage reported at some businesses in downtown Mobile. Several homes in the county also experienced roof, siding, and fence damage. Downed trees also damaged some homes. ||Baldwin County AL: The county experienced widespread damage as the eye of Sally moved across a large portion of the county after making landfall in Gulf Shores, AL. A large|storm surge resulted in widespread inundation and major flood damage to structures along the back bay waters with little to no structural damage to buildings along the Gulf facing beaches. There was a walkway at the Cotton Bayou Gulf access that was damaged. The greatest surge occurred east of Gulf Shores across Orange Beach to the Florida State line and all the way north into the northern portion of Perdido Bay, as well as Wolf Bay. Peak inundation was surveyed to be 7 to 9 feet above ground with a much larger area that experienced 3 to 6 feet of inundation. Surge values neared 10 feet above ground at the far western end of Cotton Bayou in Orange Beach. Numerous large boats were moved onto land by the surge. Almost all piers were destroyed and several marinas were heavily damaged. The Gulf State Park Pier in Gulf Shores was also majorly damaged with a large section of the pier now missing. The 20 to 30 inches of rain that fell across the southern part of the county certainly compounded the storm surge flooding and also resulted in widespread flash flooding and river flooding. The Fish and Styx Rivers reached major flood stage and experienced their third and second highest crests respectively. The eyewall of Sally resulted in widespread and extensive damage to trees and power lines. Most of southern Baldwin county experienced sustained hurricane force winds of 75 to 85 mph with gusts over 100 mph. A sailboat anchored in Ingram Bayou measured a 1 minute sustained wind of 113 mph with a gust to 137 mph. These measurements were recorded at an elevated 58 feet. When reduced to the standard measuring height 33 feet, the sustained wind is estimated to have been 104 mph with a gust to 126 mph. The Center of Severe Weather Research recorded a 123 mph gust on the east side of the Perdido Pass bridge from an anemometer on their mobile doppler radar unit with sustained winds of 93 mph. Numerous structures were damaged by fallen trees and many structures in the county suffered significant roof and siding damage. In Ft. Morgan, a few older homes were destroyed and a boat storage facility at a marina suffered major damage. Almost all of the county lost power during the storm due to substantial damage to the power infrastructure. The pecan farming industry took a devastating hit as likely over a thousand pecan trees were destroyed across the county. There were three fatalities from the storm, one direct and two indirect. A person drowned in Orange Beach during the storm. Another fatality occurred in Foley during the post storm clean up and another individual died due to carbon monoxide poisoning from a generator.||Escambia County FL: A combination of strong wind and storm surge resulted in widespread damage to Escambia County. To date, 1,756 structures were damaged. 44 structures were destroyed and 629 suffered major damage. Hurricane force winds resulted in siding and roof damage to many structures, with downed trees also playing a large role in damage to some|structures. Power outages were widespread. Pensacola NAS recorded sustained hurricane force winds with gusts of 92 mph. A large storm surge impacted the county, with the highest surge occurring in the Perdido Key area and along portions of Pensacola and Escambia Bays. Peak inundation of 7 to 9 feet above ground level was surveyed across the northern portions of Pensacola, Escambia, and Blackwater Bays. The tidal gauge at the Port of Pensacola measured an inundation of 5.6 feet, the third highest surge ever recorded (Ivan and the 1926 hurricane are #1 and #2.) Numerous structures had significant damage from storm surge inundation. Numerous large boats and barges were moved onto land by the surge. A portion of the Three Mile bridge across Pensacola Bay collapsed due to damage from the barges. The vast majority of the storm surge structural damage occurred along the back bays and sounds and not along the immediate Gulf facing beaches. However, significant damage occurred along the Gulf islands national seashore, particularly in the Johnson Beach and Ft. Pickens area. On Johnson Beach, the surge and wave action took out a large portion of the first line of dunes with damage even noted to some of the second line dunes. 4 to 5 ft of sand covered Johnson Beach road with damage to the road itself. Noaa aerial imagery indicates that 3 new cuts were created on the far east side of Johnson Beach. The surge along the Gulf side of Perdido Key was also significant (7-9 feet) as the water line encroached upon the entrance of some of the condos and damaged walkways and pools. The copious amounts of rain (15-30 inches) also compounded the storm surge issue as water that normally would drain into area bays, rivers, creeks, and streams had nowhere to go due to the incoming storm surge. Downtown Pensacola was one notable area hard hit by this fresh water flooding, but countless other locations, especially across central and southern Escambia county, were also hard hit by this flooding. There were 3 reported fatalities, two direct and one indirect. One person died while trying to retrieve a boat during the storm and another person died while kayaking during the storm. One person died after the storm due to carbon monoxide from a generator being run indoors.||Santa Rosa County, FL: A large storm surge had its greatest impact on the sound and bay|sides of Santa Rosa county. The largest surge occurred in the northern half of Escambia Bay as well as in Blackwater and East Bay. Peak surge inundation reached 7 to 9 feet above ground level. Numerous homes suffered significant inundation from the surge. The surge flooding was compounded by 20+ inches of rain that fell which also resulted in significant to major flash flooding and river flooding. Hurricane force wind gusts also resulted in roof and siding damage to many homes, extensive downed trees, and power lines. To date, around 1,400 residential structures have been identified as being impacted with 6 being destroyed and 139 suffering major damage. 19 commercial buildings have been documented as being impacted with major damage to 4 buildings. ||Okaloosa County, FL: A long duration of tropical storm force winds impacted Okaloosa County as the center of Hurricane Sally tracked very slowly to the east and north of the county. Significant storm surge impacted coastal areas, especially in western parts of Okaloosa county closer to the Santa Rosa line. Many homes on the sound side of the Mary Esther area were inundated by the surge flooding. Portions of Highway 98 on Okaloosa Island were breached by the surge flooding, however the road was not damaged. A 2 ft seawall was breached in Ft. Walton Beach with 2 to 3 ft of water covered adjacent portions of Highway 98. Walkovers and beach side docks were displaced on the Gulf side. A few restaurants and homes suffered some flooding along Calhoun avenue, likely from a combination of the torrential rainfall and storm surge. The copious rainfall also resulted in flash flooding and major river flooding, which also flooded homes in the county.||Escambia County, AL:|Widespread trees were downed throughout Escambia county, AL. Some of the trees fell onto homes, but most of the damage was minor. However, 4 homes suffered major damage from the fallen trees. At the peak of the event, 85% of the county was without power. Torrential rainfall|of 10 to 20 inches led to flash flooding and river flooding, resulting in the 10 county roads becoming impassable during the storm. Some of the roads suffered wash outs. A couple of bridges experienced wash outs as well.||Covington County, AL:|Five homes suffered wind damage as tropical storm force winds impacted Covington county. Trees and power lines were downed which resulted in some power outages. Numerous roads were flooded and impassable. Several roads also suffered wash outs due to the extensive flooding.|||Crenshaw County, AL: Tropical storm force wind gusts downed some trees and power lines in|the county. Significant flooding also occurred, especially in the southern half of the county. Numerous roads were impassable and some experienced washouts.||Monroe County, AL: Tropical storm conditions downed numerous trees and power lines|across Monroe county.||Clarke County, AL:  Tropical storm force winds downed trees across Clarke county. One tree|fell onto a home in Grove Hill, resulting in significant damage.||Conecuh County, AL: Tropical storm force winds downed trees and power lines in Conecuh|County.||Butler County, AL:  Tropical storm conditions downed trees and power lines across portions of Butler county. A few homes suffered minor damage from fallen trees. Scattered power outages were reported. A few roads were flooded from heavy rain.",345
920414,COFFEE CO.,MARVIN CHAPEL,09/16/2020,1158,Flash Flood, , ,0,0,0,0,AL,CST-6, ,151831,C,31,TAE,0,0,Emergency Manager,Heavy Rain / Tropical System, , ,1.37,ENE,2.85,SSW,ASBURY,09/16/2020,2100,31.21,-85.96,31.2256,-85.9766,"County Road 655 was impassable due to water crossing the roadway.","Hurricane Sally made landfall early on the morning of September 16 across Gulf Shores Alabama. The greatest impacts to the tri-state area came in the form of very heavy rain and significant flooding on and away from area rivers.  Record river flooding occurred on the Shoal River at Mossy Head as well as Holmes Creek at Vernon.",346
920415,COFFEE CO.,MARVIN CHAPEL,09/16/2020,1200,Flash Flood, , ,0,0,0,0,AL,CST-6, ,151831,C,31,TAE,0,0,Emergency Manager,Heavy Rain / Tropical System, , ,0.69,N,1.43,NW,MARVIN CHAPEL,09/16/2020,2100,31.21,-85.98,31.2128,-85.9912,"County Road 663 was impassable due to water crossing the roadway.","Hurricane Sally made landfall early on the morning of September 16 across Gulf Shores Alabama. The greatest impacts to the tri-state area came in the form of very heavy rain and significant flooding on and away from area rivers.  Record river flooding occurred on the Shoal River at Mossy Head as well as Holmes Creek at Vernon.",347
920416,COFFEE CO.,FAIRVIEW,09/16/2020,1203,Flash Flood, , ,0,0,0,0,AL,CST-6, ,151831,C,31,TAE,0,0,Emergency Manager,Heavy Rain / Tropical System, , ,1.93,SSE,2.48,NE,MARVIN CHAPEL,09/16/2020,2100,31.2048,-86.0259,31.207,-85.9713,"County Road 661 was impassable due to water crossing the roadway.","Hurricane Sally made landfall early on the morning of September 16 across Gulf Shores Alabama. The greatest impacts to the tri-state area came in the form of very heavy rain and significant flooding on and away from area rivers.  Record river flooding occurred on the Shoal River at Mossy Head as well as Holmes Creek at Vernon.",348
920420,HOUSTON CO.,REHOBETH,09/16/2020,1257,Flash Flood, , ,0,0,0,0,AL,CST-6, ,151831,C,69,TAE,0,0,Public,Heavy Rain / Tropical System, , ,1.55,W,1.18,SW,TAYLOR,09/16/2020,2100,31.1306,-85.4561,31.1529,-85.4695,"Highway 605 was closed in both directions near S Park Ave due to water over the roadway.","Hurricane Sally made landfall early on the morning of September 16 across Gulf Shores Alabama. The greatest impacts to the tri-state area came in the form of very heavy rain and significant flooding on and away from area rivers.  Record river flooding occurred on the Shoal River at Mossy Head as well as Holmes Creek at Vernon.",349
921309,PIKE CO.,WINGARD,09/16/2020,1400,Flash Flood, , ,0,0,0,0,AL,CST-6, ,152959,C,109,BMX,0,0,Emergency Manager,Heavy Rain, , ,1.06,NE,5.51,ENE,JOSIE,09/16/2020,2200,31.8386,-86.135,31.8778,-85.6993,"Heavy rainfall from Tropical Cyclone Sally produced rainfall amounts of 9-12 inches across Pike County, resulting in numerous flooded roadways, mainly across the southern portion of the county.","Hurricane Sally made landfall early Wednesday morning on September 16, near Gulf Shores, Alabama. Sally weakened quickly after moving inland and tracked northeast across southeast Alabama during the overnight hours on Wednesday, September 16th, and the morning hours on Thursday, September 17th.||The main impacts for Central Alabama were felt along and south of Interstate 85, where 4-8 inches of rain fell, with localized amounts near 12 inches. Wind gusts of 35 to 45 mph were also reported, with numerous reports of uprooted trees. Several counties also reported flash flooding.",350
921310,BARBOUR CO.,LOUISVILLE,09/16/2020,1400,Flash Flood, , ,0,0,0,0,AL,CST-6, ,152959,C,5,BMX,0,0,Emergency Manager,Heavy Rain, , ,6.93,NW,0.63,S,EUFAULA WEEDON ARPT,09/16/2020,2230,31.853,-85.651,31.913,-85.128,"Heavy rainfall from Tropical Cyclone Sally produced rainfall amounts of 9-12 inches across Barbour County, resulting in numerous flooded roadways, mainly across the southern portion of the county.  A car was swept in river when a bridge washed out along Jack Hightower Road.  No injuries reported.","Hurricane Sally made landfall early Wednesday morning on September 16, near Gulf Shores, Alabama. Sally weakened quickly after moving inland and tracked northeast across southeast Alabama during the overnight hours on Wednesday, September 16th, and the morning hours on Thursday, September 17th.||The main impacts for Central Alabama were felt along and south of Interstate 85, where 4-8 inches of rain fell, with localized amounts near 12 inches. Wind gusts of 35 to 45 mph were also reported, with numerous reports of uprooted trees. Several counties also reported flash flooding.",351
920422,GENEVA CO.,HENDRIX CROSSROAD,09/16/2020,1403,Flash Flood, , ,0,0,0,0,AL,CST-6, ,151831,C,61,TAE,0,0,Public,Heavy Rain / Tropical System, , ,0.96,SSW,1.72,WSW,DUNDEE,09/16/2020,2100,31.1067,-85.7146,31.1157,-85.685,"Multiple roads were flooded in the Hartford area.","Hurricane Sally made landfall early on the morning of September 16 across Gulf Shores Alabama. The greatest impacts to the tri-state area came in the form of very heavy rain and significant flooding on and away from area rivers.  Record river flooding occurred on the Shoal River at Mossy Head as well as Holmes Creek at Vernon.",352
920421,HOUSTON CO.,DOTHAN,09/16/2020,1414,Flash Flood, , ,0,0,0,0,AL,CST-6, ,151831,C,69,TAE,0,0,Department of Highways,Heavy Rain / Tropical System, , ,1.94,ENE,1.89,WNW,WEBB,09/16/2020,2100,31.2264,-85.3581,31.2623,-85.2842,"Highway 52 had water over the roadway in both directions past Highway 210.","Hurricane Sally made landfall early on the morning of September 16 across Gulf Shores Alabama. The greatest impacts to the tri-state area came in the form of very heavy rain and significant flooding on and away from area rivers.  Record river flooding occurred on the Shoal River at Mossy Head as well as Holmes Creek at Vernon.",353
920427,COFFEE CO.,KINSTON,09/16/2020,1700,Flash Flood, , ,0,0,0,0,AL,CST-6, ,151831,C,31,TAE,0,0,Emergency Manager,Heavy Rain / Tropical System, , ,0.56,NNW,0.23,NNE,KINSTON,09/16/2020,2100,31.2174,-86.174,31.2308,-86.1646,"One lane of Highway 189 near Kinston was closed due to flooding.","Hurricane Sally made landfall early on the morning of September 16 across Gulf Shores Alabama. The greatest impacts to the tri-state area came in the form of very heavy rain and significant flooding on and away from area rivers.  Record river flooding occurred on the Shoal River at Mossy Head as well as Holmes Creek at Vernon.",354
920417,DALE CO.,HIGHWAY 231 PEA RIVER BRIDGE,09/16/2020,1750,Flash Flood, , ,0,0,0,0,AL,CST-6, ,151831,C,45,TAE,0,0,Law Enforcement,Heavy Rain / Tropical System, , ,0.69,N,0.85,E,HIGHWAY 231 PEA RIVER BRIDGE,09/16/2020,2100,31.6,-85.78,31.5915,-85.7694,"Water was crossing Highway 231 at the Pea River Bridge.","Hurricane Sally made landfall early on the morning of September 16 across Gulf Shores Alabama. The greatest impacts to the tri-state area came in the form of very heavy rain and significant flooding on and away from area rivers.  Record river flooding occurred on the Shoal River at Mossy Head as well as Holmes Creek at Vernon.",355
920418,DALE CO.,BAREFIELD CROSSROADS,09/16/2020,1800,Flash Flood, , ,0,0,0,0,AL,CST-6, ,151831,C,45,TAE,0,0,Law Enforcement,Heavy Rain / Tropical System, , ,2.35,NW,2.46,ENE,SKIPPERVILLE,09/16/2020,2100,31.5716,-85.4808,31.566,-85.5029,"Part of Highway 105 near County Road 41 was washed out.","Hurricane Sally made landfall early on the morning of September 16 across Gulf Shores Alabama. The greatest impacts to the tri-state area came in the form of very heavy rain and significant flooding on and away from area rivers.  Record river flooding occurred on the Shoal River at Mossy Head as well as Holmes Creek at Vernon.",356
920423,GENEVA CO.,BAILEY CROSSROADS,09/16/2020,1800,Flash Flood, , ,0,0,500000,0,AL,CST-6, ,151831,C,61,TAE,0,0,Emergency Manager,Heavy Rain / Tropical System, , ,0,N,0,N,LIGHT,09/16/2020,2100,31.19,-85.59,31.14,-85.49,"All county roads and bridges in Geneva county were deemed closed due to flooding.  Damage cost was estimated.","Hurricane Sally made landfall early on the morning of September 16 across Gulf Shores Alabama. The greatest impacts to the tri-state area came in the form of very heavy rain and significant flooding on and away from area rivers.  Record river flooding occurred on the Shoal River at Mossy Head as well as Holmes Creek at Vernon.",357
920419,HENRY CO.,EDWIN,09/16/2020,1800,Flash Flood, , ,0,0,0,0,AL,CST-6, ,151831,C,67,TAE,0,0,County Official,Heavy Rain / Tropical System, , ,1.81,NE,1.67,NE,EDWIN,09/17/2020,100,31.68,-85.35,31.6831,-85.3349,"County Road 54 West between County Road 135 and County Road 235 was closed due to water crossing the road.","Hurricane Sally made landfall early on the morning of September 16 across Gulf Shores Alabama. The greatest impacts to the tri-state area came in the form of very heavy rain and significant flooding on and away from area rivers.  Record river flooding occurred on the Shoal River at Mossy Head as well as Holmes Creek at Vernon.",358
921311,RUSSELL CO.,HURTSBORO,09/16/2020,1900,Flash Flood, , ,0,0,0,0,AL,CST-6, ,152959,C,113,BMX,0,0,Emergency Manager,Heavy Rain, , ,3.3,SSW,6.65,NNW,FT MITCHELL,09/17/2020,100,32.208,-85.427,32.352,-85.036,"Heavy rainfall from Tropical Cyclone Sally produced rainfall amounts of 6-10 inches across Russell County, resulting in numerous flooded roadways, mainly across the southern portion of the county.","Hurricane Sally made landfall early Wednesday morning on September 16, near Gulf Shores, Alabama. Sally weakened quickly after moving inland and tracked northeast across southeast Alabama during the overnight hours on Wednesday, September 16th, and the morning hours on Thursday, September 17th.||The main impacts for Central Alabama were felt along and south of Interstate 85, where 4-8 inches of rain fell, with localized amounts near 12 inches. Wind gusts of 35 to 45 mph were also reported, with numerous reports of uprooted trees. Several counties also reported flash flooding.",359
921312,BULLOCK CO.,BUGHALL,09/16/2020,1900,Flash Flood, , ,0,0,0,0,AL,CST-6, ,152959,C,11,BMX,0,0,Emergency Manager,Heavy Rain, , ,2.75,NW,4.11,ENE,SAGEFIELD,09/17/2020,30,32.1752,-85.7565,32.189,-85.6607,"Heavy rainfall from Tropical Cyclone Sally produced rainfall amounts of 6-10 inches across Bullock County, resulting in flooded roadways. Roads reported closed include Highway 82 in the city of Union Springs and along Highway 29.","Hurricane Sally made landfall early Wednesday morning on September 16, near Gulf Shores, Alabama. Sally weakened quickly after moving inland and tracked northeast across southeast Alabama during the overnight hours on Wednesday, September 16th, and the morning hours on Thursday, September 17th.||The main impacts for Central Alabama were felt along and south of Interstate 85, where 4-8 inches of rain fell, with localized amounts near 12 inches. Wind gusts of 35 to 45 mph were also reported, with numerous reports of uprooted trees. Several counties also reported flash flooding.",360
920424,COFFEE CO.,LEE,09/16/2020,2000,Flash Flood, , ,0,0,0,0,AL,CST-6, ,151831,C,31,TAE,0,0,Law Enforcement,Heavy Rain / Tropical System, , ,0.75,NW,1.09,WNW,LEE,09/16/2020,2200,31.4868,-86.0799,31.4902,-86.1091,"Water was reported over County Road 349.","Hurricane Sally made landfall early on the morning of September 16 across Gulf Shores Alabama. The greatest impacts to the tri-state area came in the form of very heavy rain and significant flooding on and away from area rivers.  Record river flooding occurred on the Shoal River at Mossy Head as well as Holmes Creek at Vernon.",361
920426,COFFEE CO.,WILKINSTOWN,09/16/2020,2000,Flash Flood, , ,0,0,500000,0,AL,CST-6, ,151831,C,31,TAE,0,0,Emergency Manager,Heavy Rain / Tropical System, , ,0,N,0,N,ROETON,09/16/2020,2200,31.6,-85.99,31.59,-85.83,"During Sally, significant flash flooding occurred across the northern portions of Coffee County with all county roads in the northern part of the county declared impassable due to water over the roads.  Damage cost was estimated.","Hurricane Sally made landfall early on the morning of September 16 across Gulf Shores Alabama. The greatest impacts to the tri-state area came in the form of very heavy rain and significant flooding on and away from area rivers.  Record river flooding occurred on the Shoal River at Mossy Head as well as Holmes Creek at Vernon.",362
920425,COFFEE CO.,WISE MILL,09/16/2020,2000,Flash Flood, , ,0,0,0,0,AL,CST-6, ,151831,C,31,TAE,0,0,Law Enforcement,Heavy Rain / Tropical System, , ,2.29,NNW,1.32,SSE,JACK,09/16/2020,2200,31.5177,-86.0412,31.5164,-86.0537,"Water was reported over County Road 315.","Hurricane Sally made landfall early on the morning of September 16 across Gulf Shores Alabama. The greatest impacts to the tri-state area came in the form of very heavy rain and significant flooding on and away from area rivers.  Record river flooding occurred on the Shoal River at Mossy Head as well as Holmes Creek at Vernon.",363
947515,CHOCTAW CO.,PENNINGTON,03/16/2021,1000,Flash Flood, , ,0,0,0,0,AL,CST-6, ,156805,C,23,MOB,0,0,Emergency Manager,Heavy Rain, , ,2,SE,1.11,ENE,PENNINGTON,03/16/2021,1300,32.1795,-88.0258,32.2066,-88.0166,"Water covering several roads in the county with several road closures.","Clusters of showers and thunderstorms stalled over portions of southwest Alabama and trained over the same areas producing very heavy rain and flooding. The thunderstorms also produced strong winds which caused damage in southwest Alabama.",364
949171,WILCOX CO.,KIMBROUGH,03/16/2021,1105,Flash Flood, , ,0,0,0,0,AL,CST-6, ,156805,C,131,MOB,0,0,Emergency Manager,Heavy Rain, , ,3,E,3.03,E,KIMBROUGH,03/16/2021,1400,32.03,-87.5188,32.0307,-87.516,"Willie Powell Road flooded near the intersection of Highway 162.","Clusters of showers and thunderstorms stalled over portions of southwest Alabama and trained over the same areas producing very heavy rain and flooding. The thunderstorms also produced strong winds which caused damage in southwest Alabama.",365
949172,WILCOX CO.,ALBERTA,03/16/2021,1105,Flash Flood, , ,0,0,0,0,AL,CST-6, ,156805,C,131,MOB,0,0,Emergency Manager,Heavy Rain, , ,0,N,0.47,S,ALBERTA,03/16/2021,1400,32.23,-87.4,32.2282,-87.4003,"Water covering the road along CR29.","Clusters of showers and thunderstorms stalled over portions of southwest Alabama and trained over the same areas producing very heavy rain and flooding. The thunderstorms also produced strong winds which caused damage in southwest Alabama.",366
949173,CLARKE CO.,THOMASVILLE,03/16/2021,1600,Flash Flood, , ,0,0,0,0,AL,CST-6, ,156805,C,25,MOB,0,0,Emergency Manager,Heavy Rain, , ,1.49,NNW,1.45,N,THOMASVILLE,03/16/2021,2000,31.9399,-87.7399,31.9467,-87.736,"Flooding on Butler Drive near the intersection of Highway 43 and Highway 5.","Clusters of showers and thunderstorms stalled over portions of southwest Alabama and trained over the same areas producing very heavy rain and flooding. The thunderstorms also produced strong winds which caused damage in southwest Alabama.",367
949174,CHOCTAW CO.,TOXEY,03/16/2021,1600,Flash Flood, , ,0,0,0,0,AL,CST-6, ,156805,C,23,MOB,0,0,Emergency Manager,Heavy Rain, , ,1,E,0.65,WSW,WIMBERLY,03/16/2021,2000,31.9,-88.283,31.9137,-88.2823,"Flooding on Chapel Hill Road from Toxey to Wimberly.","Clusters of showers and thunderstorms stalled over portions of southwest Alabama and trained over the same areas producing very heavy rain and flooding. The thunderstorms also produced strong winds which caused damage in southwest Alabama.",368
945191,JEFFERSON CO.,ENSLEY,03/17/2021,1400,Flash Flood, , ,0,0,0,0,AL,CST-6, ,156425,C,73,BMX,0,0,COOP Observer,Heavy Rain, , ,0.58,E,1.05,W,THOMAS JCT,03/17/2021,1530,33.52,-86.89,33.5296,-86.8638,"Village Creek at Avenue W went into flood and several roads in the Ensley Community were flooded and impassable.","An active southern jet stream set-up across the southern United States during the middle of March. Several short-wave troughs became negatively tilted as each one traversed across Texas and towards Alabama. This resulted in a single hail event one Monday, March 15, and significant tornado outbreak on Wednesday, March 17. Many supercells began to develop across Central Alabama by midday Wednesday and continued into the evening hours before a squall line moved through the state. Sufficient instability and strong wind shear produced conditions favorable for tornadoes to develop. The event consisted of twenty-one tornadoes in the NWS Birmingham forecast area.",369
948171,CULLMAN CO.,BETHEL,03/17/2021,1533,Flash Flood, , ,0,0,0,0,AL,CST-6, ,155581,C,43,HUN,0,0,Emergency Manager,Heavy Rain, , ,1.71,W,1.18,WSW,BETHEL,03/17/2021,2126,34.2,-87.01,34.1934,-87.0183,"Highway 278 at CR866 closed due to water over the road. Depth of water unknown at this time.","Multiple rounds of thunderstorms and showers produced rain amounts of 3 to 5 inches across north Alabama. The heaviest rains were in northwest Alabama around the Quad Cities/Shoals area, and south of the Tennessee River, mainly along and east of the I-65 corridor. This resulted in numerous reports of flash flooding, particularly in the Shoals of northwest Alabama and Cullman County. The flooding prompted the closure of many roads and schools affected by the flooding. The thunderstorms came in multiple waves, one during early morning, another around Midday, with two final waves during the evening hours. Although the majority of severe weather this day occurred south of north Alabama, one EF-1 tornado tracked across northeast Cullman County during the evening hours.",370
948174,CULLMAN CO.,BATTLEGROUND,03/17/2021,1533,Flash Flood, , ,0,0,0,0,AL,CST-6, ,155581,C,43,HUN,0,0,Emergency Manager,Heavy Rain, , ,2.82,SSE,2.28,S,BATTLEGROUND,03/17/2021,2128,34.26,-86.99,34.2573,-87.0035,"Intersection of CR1114 and 1141 closed due to water over the road. Depth of water unknown at this time.","Multiple rounds of thunderstorms and showers produced rain amounts of 3 to 5 inches across north Alabama. The heaviest rains were in northwest Alabama around the Quad Cities/Shoals area, and south of the Tennessee River, mainly along and east of the I-65 corridor. This resulted in numerous reports of flash flooding, particularly in the Shoals of northwest Alabama and Cullman County. The flooding prompted the closure of many roads and schools affected by the flooding. The thunderstorms came in multiple waves, one during early morning, another around Midday, with two final waves during the evening hours. Although the majority of severe weather this day occurred south of north Alabama, one EF-1 tornado tracked across northeast Cullman County during the evening hours.",371
948173,CULLMAN CO.,WEST PT,03/17/2021,1533,Flash Flood, , ,0,0,0,0,AL,CST-6, ,155581,C,43,HUN,0,0,Emergency Manager,Heavy Rain, , ,2.69,NW,2.49,NW,WEST PT,03/17/2021,2129,34.26,-86.98,34.2554,-86.9845,"CR 1218 impassable due to water over the roadway between Hwy 157 and CR1216.","Multiple rounds of thunderstorms and showers produced rain amounts of 3 to 5 inches across north Alabama. The heaviest rains were in northwest Alabama around the Quad Cities/Shoals area, and south of the Tennessee River, mainly along and east of the I-65 corridor. This resulted in numerous reports of flash flooding, particularly in the Shoals of northwest Alabama and Cullman County. The flooding prompted the closure of many roads and schools affected by the flooding. The thunderstorms came in multiple waves, one during early morning, another around Midday, with two final waves during the evening hours. Although the majority of severe weather this day occurred south of north Alabama, one EF-1 tornado tracked across northeast Cullman County during the evening hours.",372
948172,CULLMAN CO.,WEST PT,03/17/2021,1533,Flash Flood, , ,0,0,0,0,AL,CST-6, ,155581,C,43,HUN,0,0,Emergency Manager,Heavy Rain, , ,0.9,NW,0.66,NW,WEST PT,03/17/2021,2127,34.24,-86.96,34.2394,-86.9643,"CR1141 at West Point School closed due to water over the road. Depth unknown at this time.","Multiple rounds of thunderstorms and showers produced rain amounts of 3 to 5 inches across north Alabama. The heaviest rains were in northwest Alabama around the Quad Cities/Shoals area, and south of the Tennessee River, mainly along and east of the I-65 corridor. This resulted in numerous reports of flash flooding, particularly in the Shoals of northwest Alabama and Cullman County. The flooding prompted the closure of many roads and schools affected by the flooding. The thunderstorms came in multiple waves, one during early morning, another around Midday, with two final waves during the evening hours. Although the majority of severe weather this day occurred south of north Alabama, one EF-1 tornado tracked across northeast Cullman County during the evening hours.",373
948175,LAUDERDALE CO.,SULLIVAN XRDS,03/17/2021,1558,Flash Flood, , ,0,0,0,0,AL,CST-6, ,155581,C,77,HUN,0,0,Emergency Manager,Heavy Rain, , ,1.33,WSW,0.89,SW,SULLIVAN XRDS,03/17/2021,2137,34.89,-87.82,34.8823,-87.8219,"Intersection of CR81 and CR112 closed in Oakland. Depth of water unknown at this time.","Multiple rounds of thunderstorms and showers produced rain amounts of 3 to 5 inches across north Alabama. The heaviest rains were in northwest Alabama around the Quad Cities/Shoals area, and south of the Tennessee River, mainly along and east of the I-65 corridor. This resulted in numerous reports of flash flooding, particularly in the Shoals of northwest Alabama and Cullman County. The flooding prompted the closure of many roads and schools affected by the flooding. The thunderstorms came in multiple waves, one during early morning, another around Midday, with two final waves during the evening hours. Although the majority of severe weather this day occurred south of north Alabama, one EF-1 tornado tracked across northeast Cullman County during the evening hours.",374
948176,CULLMAN CO.,BROOKLYN,03/17/2021,1636,Flash Flood, , ,0,0,0,0,AL,CST-6, ,155581,C,43,HUN,0,0,Emergency Manager,Heavy Rain, , ,1.5,SSE,1.82,N,HOLLY POND,03/17/2021,2157,34.2,-86.61,34.1893,-86.6174,"Brooklyn Road flooded near Mud Creek north of Holly Pond. Depth of water unknown.","Multiple rounds of thunderstorms and showers produced rain amounts of 3 to 5 inches across north Alabama. The heaviest rains were in northwest Alabama around the Quad Cities/Shoals area, and south of the Tennessee River, mainly along and east of the I-65 corridor. This resulted in numerous reports of flash flooding, particularly in the Shoals of northwest Alabama and Cullman County. The flooding prompted the closure of many roads and schools affected by the flooding. The thunderstorms came in multiple waves, one during early morning, another around Midday, with two final waves during the evening hours. Although the majority of severe weather this day occurred south of north Alabama, one EF-1 tornado tracked across northeast Cullman County during the evening hours.",375
948177,CULLMAN CO.,JOPPA,03/17/2021,1636,Flash Flood, , ,0,0,0,0,AL,CST-6, ,155581,C,43,HUN,0,0,Emergency Manager,Heavy Rain, , ,3.5,S,3.03,ESE,BAILEYTON,03/17/2021,2222,34.25,-86.56,34.2484,-86.5628,"Water over the bridge on CR1755 near Hwy 67. Depth of water unknown.","Multiple rounds of thunderstorms and showers produced rain amounts of 3 to 5 inches across north Alabama. The heaviest rains were in northwest Alabama around the Quad Cities/Shoals area, and south of the Tennessee River, mainly along and east of the I-65 corridor. This resulted in numerous reports of flash flooding, particularly in the Shoals of northwest Alabama and Cullman County. The flooding prompted the closure of many roads and schools affected by the flooding. The thunderstorms came in multiple waves, one during early morning, another around Midday, with two final waves during the evening hours. Although the majority of severe weather this day occurred south of north Alabama, one EF-1 tornado tracked across northeast Cullman County during the evening hours.",376
948178,MORGAN CO.,WILHITES,03/17/2021,1900,Flash Flood, , ,0,0,0,0,AL,CST-6, ,155581,C,103,HUN,0,0,Law Enforcement,Heavy Rain, , ,0.9,SE,0.73,S,WILHITES,03/18/2021,200,34.31,-86.89,34.308,-86.8974,"Rescue squad responding to a swift water rescue on Wilhite Road in Lacon.","Multiple rounds of thunderstorms and showers produced rain amounts of 3 to 5 inches across north Alabama. The heaviest rains were in northwest Alabama around the Quad Cities/Shoals area, and south of the Tennessee River, mainly along and east of the I-65 corridor. This resulted in numerous reports of flash flooding, particularly in the Shoals of northwest Alabama and Cullman County. The flooding prompted the closure of many roads and schools affected by the flooding. The thunderstorms came in multiple waves, one during early morning, another around Midday, with two final waves during the evening hours. Although the majority of severe weather this day occurred south of north Alabama, one EF-1 tornado tracked across northeast Cullman County during the evening hours.",377
948179,COLBERT CO.,TUSCUMBIA,03/17/2021,1946,Flash Flood, , ,0,0,0,0,AL,CST-6, ,155581,C,33,HUN,0,0,Emergency Manager,Heavy Rain, , ,0.89,NW,0.67,NW,TUSCUMBIA,03/18/2021,221,34.74,-87.71,34.741,-87.7121,"Home flooded on Almon Avenue in Tuscumbia. Depth of water unknown.","Multiple rounds of thunderstorms and showers produced rain amounts of 3 to 5 inches across north Alabama. The heaviest rains were in northwest Alabama around the Quad Cities/Shoals area, and south of the Tennessee River, mainly along and east of the I-65 corridor. This resulted in numerous reports of flash flooding, particularly in the Shoals of northwest Alabama and Cullman County. The flooding prompted the closure of many roads and schools affected by the flooding. The thunderstorms came in multiple waves, one during early morning, another around Midday, with two final waves during the evening hours. Although the majority of severe weather this day occurred south of north Alabama, one EF-1 tornado tracked across northeast Cullman County during the evening hours.",378
948180,MADISON CO.,OWENS XRDS,03/17/2021,2036,Flash Flood, , ,0,0,0,0,AL,CST-6, ,155581,C,89,HUN,0,0,Emergency Manager,Heavy Rain, , ,1.33,WNW,1.02,NW,OWENS XRDS,03/18/2021,315,34.59,-86.49,34.5949,-86.4889,"High water rescue underway with an SUV in 4 feet of water near a creek on South Green Mountain Road and Old Big Cove Road. Both occupants successfully rescued.","Multiple rounds of thunderstorms and showers produced rain amounts of 3 to 5 inches across north Alabama. The heaviest rains were in northwest Alabama around the Quad Cities/Shoals area, and south of the Tennessee River, mainly along and east of the I-65 corridor. This resulted in numerous reports of flash flooding, particularly in the Shoals of northwest Alabama and Cullman County. The flooding prompted the closure of many roads and schools affected by the flooding. The thunderstorms came in multiple waves, one during early morning, another around Midday, with two final waves during the evening hours. Although the majority of severe weather this day occurred south of north Alabama, one EF-1 tornado tracked across northeast Cullman County during the evening hours.",379
948181,LAUDERDALE CO.,KILLEN,03/17/2021,2037,Flash Flood, , ,0,0,0,0,AL,CST-6, ,155581,C,77,HUN,0,0,Emergency Manager,Heavy Rain, , ,0.57,W,0.63,W,KILLEN,03/18/2021,219,34.87,-87.54,34.8687,-87.5426,"Road impassable due to rushing water at CR63 at Brush Creek. Depth of water unknown.","Multiple rounds of thunderstorms and showers produced rain amounts of 3 to 5 inches across north Alabama. The heaviest rains were in northwest Alabama around the Quad Cities/Shoals area, and south of the Tennessee River, mainly along and east of the I-65 corridor. This resulted in numerous reports of flash flooding, particularly in the Shoals of northwest Alabama and Cullman County. The flooding prompted the closure of many roads and schools affected by the flooding. The thunderstorms came in multiple waves, one during early morning, another around Midday, with two final waves during the evening hours. Although the majority of severe weather this day occurred south of north Alabama, one EF-1 tornado tracked across northeast Cullman County during the evening hours.",380
948182,COLBERT CO.,SHEFFIELD,03/17/2021,2046,Flash Flood, , ,0,0,0,0,AL,CST-6, ,155581,C,33,HUN,0,0,Emergency Manager,Heavy Rain, , ,1.14,E,1.34,NNW,MUSCLE SHOALS,03/18/2021,235,34.77,-87.68,34.7657,-87.6793,"Ten to twelve residences near Oakwood Blvd in Sheffield have up to 5 feet of water in them. Retention pond overflowed again into neighborhood.","Multiple rounds of thunderstorms and showers produced rain amounts of 3 to 5 inches across north Alabama. The heaviest rains were in northwest Alabama around the Quad Cities/Shoals area, and south of the Tennessee River, mainly along and east of the I-65 corridor. This resulted in numerous reports of flash flooding, particularly in the Shoals of northwest Alabama and Cullman County. The flooding prompted the closure of many roads and schools affected by the flooding. The thunderstorms came in multiple waves, one during early morning, another around Midday, with two final waves during the evening hours. Although the majority of severe weather this day occurred south of north Alabama, one EF-1 tornado tracked across northeast Cullman County during the evening hours.",381
948183,MADISON CO.,NUNN STORE,03/17/2021,2100,Flash Flood, , ,0,0,0,0,AL,CST-6, ,155581,C,89,HUN,0,0,Broadcast Media,Heavy Rain, , ,1.14,W,0.85,WSW,NUNN STORE,03/18/2021,300,34.65,-86.5,34.639,-86.5013,"Significant flooding in Cove Subdivision at Jacks Creek Lane and Pale Dawn. Water covers mailboxes and there are waves in the rushing water moving down the street. Report received via Social Media.","Multiple rounds of thunderstorms and showers produced rain amounts of 3 to 5 inches across north Alabama. The heaviest rains were in northwest Alabama around the Quad Cities/Shoals area, and south of the Tennessee River, mainly along and east of the I-65 corridor. This resulted in numerous reports of flash flooding, particularly in the Shoals of northwest Alabama and Cullman County. The flooding prompted the closure of many roads and schools affected by the flooding. The thunderstorms came in multiple waves, one during early morning, another around Midday, with two final waves during the evening hours. Although the majority of severe weather this day occurred south of north Alabama, one EF-1 tornado tracked across northeast Cullman County during the evening hours.",382
948184,MADISON CO.,ELON,03/17/2021,2101,Flash Flood, , ,0,0,0,0,AL,CST-6, ,155581,C,89,HUN,0,0,Emergency Manager,Heavy Rain, , ,1.14,W,1.12,W,ELON,03/18/2021,300,34.53,-86.5,34.5285,-86.5038,"Hobbs Island and Hyatt Intersection flooded with furniture floating in the roadway. Depth of water unknown.","Multiple rounds of thunderstorms and showers produced rain amounts of 3 to 5 inches across north Alabama. The heaviest rains were in northwest Alabama around the Quad Cities/Shoals area, and south of the Tennessee River, mainly along and east of the I-65 corridor. This resulted in numerous reports of flash flooding, particularly in the Shoals of northwest Alabama and Cullman County. The flooding prompted the closure of many roads and schools affected by the flooding. The thunderstorms came in multiple waves, one during early morning, another around Midday, with two final waves during the evening hours. Although the majority of severe weather this day occurred south of north Alabama, one EF-1 tornado tracked across northeast Cullman County during the evening hours.",383
948185,MORGAN CO.,HUNTSVILLE LACEYS SP,03/17/2021,2103,Flash Flood, , ,0,0,0,0,AL,CST-6, ,155581,C,103,HUN,0,0,Emergency Manager,Heavy Rain, , ,0.9,NE,1.27,NE,HUNTSVILLE LACEYS SP,03/18/2021,300,34.54,-86.59,34.5364,-86.5911,"Residence in Laceys Spring at River Loop Road has water standing in the home. Depth of water unknown.","Multiple rounds of thunderstorms and showers produced rain amounts of 3 to 5 inches across north Alabama. The heaviest rains were in northwest Alabama around the Quad Cities/Shoals area, and south of the Tennessee River, mainly along and east of the I-65 corridor. This resulted in numerous reports of flash flooding, particularly in the Shoals of northwest Alabama and Cullman County. The flooding prompted the closure of many roads and schools affected by the flooding. The thunderstorms came in multiple waves, one during early morning, another around Midday, with two final waves during the evening hours. Although the majority of severe weather this day occurred south of north Alabama, one EF-1 tornado tracked across northeast Cullman County during the evening hours.",384
948186,MADISON CO.,GURLEY,03/17/2021,2211,Flash Flood, , ,0,0,0,0,AL,CST-6, ,155581,C,89,HUN,0,0,Public,Heavy Rain, , ,1.14,W,1.03,WSW,GURLEY,03/18/2021,400,34.7,-86.4,34.6953,-86.3923,"Car submerged at Rock Road at Hwy 72. Water was flowing over the roadway, but depth of water unknown at this time.","Multiple rounds of thunderstorms and showers produced rain amounts of 3 to 5 inches across north Alabama. The heaviest rains were in northwest Alabama around the Quad Cities/Shoals area, and south of the Tennessee River, mainly along and east of the I-65 corridor. This resulted in numerous reports of flash flooding, particularly in the Shoals of northwest Alabama and Cullman County. The flooding prompted the closure of many roads and schools affected by the flooding. The thunderstorms came in multiple waves, one during early morning, another around Midday, with two final waves during the evening hours. Although the majority of severe weather this day occurred south of north Alabama, one EF-1 tornado tracked across northeast Cullman County during the evening hours.",385
942027,CULLMAN CO.,CULLMAN,03/25/2021,812,Flash Flood, , ,0,0,0,0,AL,CST-6, ,155754,C,43,HUN,0,0,Broadcast Media,Heavy Rain, , ,2.94,WSW,2.77,WSW,CULLMAN,03/25/2021,1300,34.17,-86.88,34.172,-86.8745,"Interstate 65 closed at US 278 due to feet of water covering the roadway at the underpass.","Clusters and line segments of heavy thunderstorms, a couple of which turned severe, overspread north Alabama during the predawn hours of the 25th.  These storms produced 2 to 3 inches of rain, mainly south of the Tennessee River, resulting in excessive runoff and flash flooding. Flash flooding closed a portion of I-65 in Cullman and several other roads were flooded or washed out in Cullman County. Also, isolated large hail and damaging winds were reported with a couple of these thunderstorms in northeast Alabama.  During the afternoon hours, additional strong thunderstorms produced additional excessive rainfall resulting in more flooding.  Rainfall totals were in the 3 to 5 inch range, generally south of the Tennessee River corridor.",386
942028,CULLMAN CO.,BROOKLYN,03/25/2021,1015,Flash Flood, , ,0,0,0,0,AL,CST-6, ,155754,C,43,HUN,0,0,Public,Heavy Rain, , ,0.57,W,0.04,WSW,BROOKLYN,03/25/2021,1500,34.22,-86.63,34.2162,-86.6301,"Part of a backroad washed out along County Road 1716 in Cullman County.","Clusters and line segments of heavy thunderstorms, a couple of which turned severe, overspread north Alabama during the predawn hours of the 25th.  These storms produced 2 to 3 inches of rain, mainly south of the Tennessee River, resulting in excessive runoff and flash flooding. Flash flooding closed a portion of I-65 in Cullman and several other roads were flooded or washed out in Cullman County. Also, isolated large hail and damaging winds were reported with a couple of these thunderstorms in northeast Alabama.  During the afternoon hours, additional strong thunderstorms produced additional excessive rainfall resulting in more flooding.  Rainfall totals were in the 3 to 5 inch range, generally south of the Tennessee River corridor.",387
942029,JACKSON CO.,HOLLYWOOD,03/25/2021,1303,Flash Flood, , ,0,0,0,0,AL,CST-6, ,155754,C,71,HUN,0,0,Emergency Manager,Heavy Rain, , ,1.33,WNW,0.72,WNW,HOLLYWOOD,03/25/2021,1800,34.73,-86,34.7305,-86.0087,"Six to eight inches of water over CR 105 between the two streams that run under the road.","Clusters and line segments of heavy thunderstorms, a couple of which turned severe, overspread north Alabama during the predawn hours of the 25th.  These storms produced 2 to 3 inches of rain, mainly south of the Tennessee River, resulting in excessive runoff and flash flooding. Flash flooding closed a portion of I-65 in Cullman and several other roads were flooded or washed out in Cullman County. Also, isolated large hail and damaging winds were reported with a couple of these thunderstorms in northeast Alabama.  During the afternoon hours, additional strong thunderstorms produced additional excessive rainfall resulting in more flooding.  Rainfall totals were in the 3 to 5 inch range, generally south of the Tennessee River corridor.",388
942030,MORGAN CO.,AUSTINVILLE,03/25/2021,1359,Flash Flood, , ,0,0,0,0,AL,CST-6, ,155754,C,103,HUN,0,0,Emergency Manager,Heavy Rain, , ,0.69,N,0.46,NNE,AUSTINVILLE,03/25/2021,1900,34.58,-87,34.5841,-86.9936,"Betty Street (1700-block) SW has significant water over the roadway. Depth estimated at one foot or more.","Clusters and line segments of heavy thunderstorms, a couple of which turned severe, overspread north Alabama during the predawn hours of the 25th.  These storms produced 2 to 3 inches of rain, mainly south of the Tennessee River, resulting in excessive runoff and flash flooding. Flash flooding closed a portion of I-65 in Cullman and several other roads were flooded or washed out in Cullman County. Also, isolated large hail and damaging winds were reported with a couple of these thunderstorms in northeast Alabama.  During the afternoon hours, additional strong thunderstorms produced additional excessive rainfall resulting in more flooding.  Rainfall totals were in the 3 to 5 inch range, generally south of the Tennessee River corridor.",389
948251,CHEROKEE CO.,LEESBURG,03/25/2021,1400,Flash Flood, , ,0,0,0,0,AL,CST-6, ,156666,C,19,BMX,0,0,Emergency Manager,Heavy Rain, , ,0.9,NW,1.5,E,FARILL,03/25/2021,1730,34.19,-85.76,34.25,-85.46,"Flash flooding along Highway 411 and across numerous roadways around the county.","A potent storm system affected Central Alabama on Thursday, March 25th. A highly-sheared environment combined with increasing instability produced numerous tornadic thunderstorms. Severe parameters were supportive of significant and long-track supercells, prompting the issuance of a rare High Risk Convective Outlook from the Storm Prediction Center for portions of Central Alabama.||A total of 10 tornado tracks were surveyed in Central Alabama. This included 4 EF3 tornadoes, 3 EF2 tornadoes, and 3 EF1 tornadoes. Damage was significant along the paths of the most intense tornadoes and, unfortunately, injuries and fatalities occurred. |Some storms were cyclic, meaning multiple tornadoes were produced by the same storm. The most impressive tornado of the event was the long-track tornado that traveled nearly 80 miles from Hale County to Shelby County. This ranked as the seventh longest single tornado track in the state of Alabama.",390
942031,MARSHALL CO.,EDDY,03/25/2021,1405,Flash Flood, , ,0,0,0,0,AL,CST-6, ,155754,C,95,HUN,0,0,Public,Heavy Rain, , ,1.38,N,1.33,N,EDDY,03/25/2021,1900,34.39,-86.52,34.3952,-86.5183,"Matt Morrow Road, just west of Hwy 231 is reportedly about to be washed out. Report relayed via social media.","Clusters and line segments of heavy thunderstorms, a couple of which turned severe, overspread north Alabama during the predawn hours of the 25th.  These storms produced 2 to 3 inches of rain, mainly south of the Tennessee River, resulting in excessive runoff and flash flooding. Flash flooding closed a portion of I-65 in Cullman and several other roads were flooded or washed out in Cullman County. Also, isolated large hail and damaging winds were reported with a couple of these thunderstorms in northeast Alabama.  During the afternoon hours, additional strong thunderstorms produced additional excessive rainfall resulting in more flooding.  Rainfall totals were in the 3 to 5 inch range, generally south of the Tennessee River corridor.",391
942032,COLBERT CO.,WILSON DAM,03/25/2021,1428,Flash Flood, , ,0,0,0,0,AL,CST-6, ,155754,C,33,HUN,0,0,Emergency Manager,Heavy Rain, , ,1.33,WSW,1.39,WSW,WILSON DAM,03/25/2021,2000,34.77,-87.67,34.7715,-87.6691,"One foot of water over the roadway at Martin Avenue and North Jackson Highway.","Clusters and line segments of heavy thunderstorms, a couple of which turned severe, overspread north Alabama during the predawn hours of the 25th.  These storms produced 2 to 3 inches of rain, mainly south of the Tennessee River, resulting in excessive runoff and flash flooding. Flash flooding closed a portion of I-65 in Cullman and several other roads were flooded or washed out in Cullman County. Also, isolated large hail and damaging winds were reported with a couple of these thunderstorms in northeast Alabama.  During the afternoon hours, additional strong thunderstorms produced additional excessive rainfall resulting in more flooding.  Rainfall totals were in the 3 to 5 inch range, generally south of the Tennessee River corridor.",392
942033,COLBERT CO.,PRIDE,03/25/2021,1433,Flash Flood, , ,0,0,0,0,AL,CST-6, ,155754,C,33,HUN,0,0,Emergency Manager,Heavy Rain, , ,0.69,N,0.27,NNW,PRIDE,03/25/2021,2038,34.73,-87.82,34.7342,-87.8287,"At least a foot of water over the road west of the intersection of Pride Landing Road on Hwy 72.","Clusters and line segments of heavy thunderstorms, a couple of which turned severe, overspread north Alabama during the predawn hours of the 25th.  These storms produced 2 to 3 inches of rain, mainly south of the Tennessee River, resulting in excessive runoff and flash flooding. Flash flooding closed a portion of I-65 in Cullman and several other roads were flooded or washed out in Cullman County. Also, isolated large hail and damaging winds were reported with a couple of these thunderstorms in northeast Alabama.  During the afternoon hours, additional strong thunderstorms produced additional excessive rainfall resulting in more flooding.  Rainfall totals were in the 3 to 5 inch range, generally south of the Tennessee River corridor.",393
942035,COLBERT CO.,SHEFFIELD,03/25/2021,1447,Flash Flood, , ,0,0,0,0,AL,CST-6, ,155754,C,33,HUN,0,0,Emergency Manager,Heavy Rain, , ,1.38,S,0.09,ENE,SHEFFIELD,03/25/2021,2100,34.75,-87.7,34.7753,-87.6837,"One foot of water over the road at South Jackson Highway and South Montgomery Avenue.","Clusters and line segments of heavy thunderstorms, a couple of which turned severe, overspread north Alabama during the predawn hours of the 25th.  These storms produced 2 to 3 inches of rain, mainly south of the Tennessee River, resulting in excessive runoff and flash flooding. Flash flooding closed a portion of I-65 in Cullman and several other roads were flooded or washed out in Cullman County. Also, isolated large hail and damaging winds were reported with a couple of these thunderstorms in northeast Alabama.  During the afternoon hours, additional strong thunderstorms produced additional excessive rainfall resulting in more flooding.  Rainfall totals were in the 3 to 5 inch range, generally south of the Tennessee River corridor.",394
942036,COLBERT CO.,SHEFFIELD,03/25/2021,1502,Flash Flood, , ,0,0,0,0,AL,CST-6, ,155754,C,33,HUN,0,0,Emergency Manager,Heavy Rain, , ,1.14,E,1.28,SE,SHEFFIELD,03/25/2021,2100,34.77,-87.68,34.7653,-87.6916,"One foot of water over the roadway at ICS Roofing on North Jackson Highway.","Clusters and line segments of heavy thunderstorms, a couple of which turned severe, overspread north Alabama during the predawn hours of the 25th.  These storms produced 2 to 3 inches of rain, mainly south of the Tennessee River, resulting in excessive runoff and flash flooding. Flash flooding closed a portion of I-65 in Cullman and several other roads were flooded or washed out in Cullman County. Also, isolated large hail and damaging winds were reported with a couple of these thunderstorms in northeast Alabama.  During the afternoon hours, additional strong thunderstorms produced additional excessive rainfall resulting in more flooding.  Rainfall totals were in the 3 to 5 inch range, generally south of the Tennessee River corridor.",395
942037,COLBERT CO.,RED ROCK,03/25/2021,1531,Flash Flood, , ,0,0,0,0,AL,CST-6, ,155754,C,33,HUN,0,0,Emergency Manager,Heavy Rain, , ,0.69,N,0.22,WNW,RED ROCK,03/25/2021,2137,34.71,-87.87,34.7066,-87.8841,"Flash flooding on Patrick Lane. Depth of water unknown.","Clusters and line segments of heavy thunderstorms, a couple of which turned severe, overspread north Alabama during the predawn hours of the 25th.  These storms produced 2 to 3 inches of rain, mainly south of the Tennessee River, resulting in excessive runoff and flash flooding. Flash flooding closed a portion of I-65 in Cullman and several other roads were flooded or washed out in Cullman County. Also, isolated large hail and damaging winds were reported with a couple of these thunderstorms in northeast Alabama.  During the afternoon hours, additional strong thunderstorms produced additional excessive rainfall resulting in more flooding.  Rainfall totals were in the 3 to 5 inch range, generally south of the Tennessee River corridor.",396
942038,FRANKLIN CO.,PLEASANT SITE,03/25/2021,1602,Flash Flood, , ,0,0,0,0,AL,CST-6, ,155754,C,59,HUN,0,0,Emergency Manager,Heavy Rain, , ,0.9,NE,1.55,NNW,PLEASANT SITE,03/25/2021,2200,34.54,-88.06,34.5382,-88.0746,"Highway 90 washed away due to flash flooding.","Clusters and line segments of heavy thunderstorms, a couple of which turned severe, overspread north Alabama during the predawn hours of the 25th.  These storms produced 2 to 3 inches of rain, mainly south of the Tennessee River, resulting in excessive runoff and flash flooding. Flash flooding closed a portion of I-65 in Cullman and several other roads were flooded or washed out in Cullman County. Also, isolated large hail and damaging winds were reported with a couple of these thunderstorms in northeast Alabama.  During the afternoon hours, additional strong thunderstorms produced additional excessive rainfall resulting in more flooding.  Rainfall totals were in the 3 to 5 inch range, generally south of the Tennessee River corridor.",397
942039,MORGAN CO.,FALKVILLE,03/25/2021,1606,Flash Flood, , ,0,0,0,0,AL,CST-6, ,155754,C,103,HUN,0,0,Emergency Manager,Heavy Rain, , ,0.9,SE,0.75,NE,FALKVILLE,03/25/2021,2200,34.36,-86.89,34.3748,-86.8951,"Douglas Road in Falkville closed due to flash flooding. Depth of water unknown at this time.","Clusters and line segments of heavy thunderstorms, a couple of which turned severe, overspread north Alabama during the predawn hours of the 25th.  These storms produced 2 to 3 inches of rain, mainly south of the Tennessee River, resulting in excessive runoff and flash flooding. Flash flooding closed a portion of I-65 in Cullman and several other roads were flooded or washed out in Cullman County. Also, isolated large hail and damaging winds were reported with a couple of these thunderstorms in northeast Alabama.  During the afternoon hours, additional strong thunderstorms produced additional excessive rainfall resulting in more flooding.  Rainfall totals were in the 3 to 5 inch range, generally south of the Tennessee River corridor.",398
942040,DEKALB CO.,FT PAYNE,03/25/2021,1626,Flash Flood, , ,0,0,0,0,AL,CST-6, ,155754,C,49,HUN,0,0,Emergency Manager,Heavy Rain, , ,1.84,WNW,1.66,SSE,HENAGAR,03/25/2021,2227,34.44,-85.76,34.4448,-85.772,"Numerous roads closed due to Flash Flooding along Hwy 35 in Fort Payne. Due Branch has caused over 2 feet of water over Hwy 35 in a few spots near I-59.","Clusters and line segments of heavy thunderstorms, a couple of which turned severe, overspread north Alabama during the predawn hours of the 25th.  These storms produced 2 to 3 inches of rain, mainly south of the Tennessee River, resulting in excessive runoff and flash flooding. Flash flooding closed a portion of I-65 in Cullman and several other roads were flooded or washed out in Cullman County. Also, isolated large hail and damaging winds were reported with a couple of these thunderstorms in northeast Alabama.  During the afternoon hours, additional strong thunderstorms produced additional excessive rainfall resulting in more flooding.  Rainfall totals were in the 3 to 5 inch range, generally south of the Tennessee River corridor.",399
942041,DEKALB CO.,FT PAYNE,03/25/2021,1630,Flash Flood, , ,0,0,0,0,AL,CST-6, ,155754,C,49,HUN,0,0,Emergency Manager,Heavy Rain, , ,0,N,1.75,N,FT PAYNE,03/25/2021,2230,34.43,-85.73,34.4428,-85.7301,"Small rock slide on Hwy 35 due to flash flooding from heavy rainfall. One lane closed while debris is removed. Rainfall estimated at 2 inches in an hour at the time of occurrence.","Clusters and line segments of heavy thunderstorms, a couple of which turned severe, overspread north Alabama during the predawn hours of the 25th.  These storms produced 2 to 3 inches of rain, mainly south of the Tennessee River, resulting in excessive runoff and flash flooding. Flash flooding closed a portion of I-65 in Cullman and several other roads were flooded or washed out in Cullman County. Also, isolated large hail and damaging winds were reported with a couple of these thunderstorms in northeast Alabama.  During the afternoon hours, additional strong thunderstorms produced additional excessive rainfall resulting in more flooding.  Rainfall totals were in the 3 to 5 inch range, generally south of the Tennessee River corridor.",400
942042,MORGAN CO.,HARTSELLE ARPT,03/25/2021,1838,Flash Flood, , ,0,0,0,0,AL,CST-6, ,155754,C,103,HUN,0,0,Emergency Manager,Heavy Rain, , ,2.38,WSW,2.13,WSW,HARTSELLE ARPT,03/25/2021,2358,34.39,-86.97,34.388,-86.9764,"District Line Road at Barkley Bridge is washed away due to flash flooding.","Clusters and line segments of heavy thunderstorms, a couple of which turned severe, overspread north Alabama during the predawn hours of the 25th.  These storms produced 2 to 3 inches of rain, mainly south of the Tennessee River, resulting in excessive runoff and flash flooding. Flash flooding closed a portion of I-65 in Cullman and several other roads were flooded or washed out in Cullman County. Also, isolated large hail and damaging winds were reported with a couple of these thunderstorms in northeast Alabama.  During the afternoon hours, additional strong thunderstorms produced additional excessive rainfall resulting in more flooding.  Rainfall totals were in the 3 to 5 inch range, generally south of the Tennessee River corridor.",401
948788,WALKER CO.,ELDRIDGE,03/31/2021,400,Flash Flood, , ,0,0,0,0,AL,CST-6, ,156964,C,127,BMX,0,0,Emergency Manager,Heavy Rain, , ,4.87,N,3.5,NNE,MARIGOLD,03/31/2021,700,33.99,-87.63,33.99,-87.24,"Water rescue of homes and several businesses in the city of Nauvoo due to flash flooding.","A warm front moved pushed northward into north Central Alabama late on March 30th and into the early morning hours on March 31st. A low pressure area developed along the warm front and tracked from west to east across northern Alabama. This feature pooled instability just south of the front and added just enough shear for some rotating and organized storms.  Subsequently, three weak and short-lived tornadoes developed. Due to the strong southerly winds and lift near the front, heavy rainfall was observed across northern Alabama. Widespread amounts of 1 to 3 inches of rain were observed with localized amounts of 5 to 6 inches west of I-65. These amounts produced flash flooding in several locations where roads were washed out and or became impassable. Additionally, many local creeks and streams flooded and this eventually lead to river and lake flooding.",402
948787,MARION CO.,GUIN,03/31/2021,400,Flash Flood, , ,0,0,0,0,AL,CST-6, ,156964,C,93,BMX,0,0,Law Enforcement,Heavy Rain, , ,5.13,NNW,3.25,ESE,THORN HILL,03/31/2021,700,34.04,-87.95,34.16,-87.65,"Several roads under water in the city of Guin with portions of 15th Street washed away.","A warm front moved pushed northward into north Central Alabama late on March 30th and into the early morning hours on March 31st. A low pressure area developed along the warm front and tracked from west to east across northern Alabama. This feature pooled instability just south of the front and added just enough shear for some rotating and organized storms.  Subsequently, three weak and short-lived tornadoes developed. Due to the strong southerly winds and lift near the front, heavy rainfall was observed across northern Alabama. Widespread amounts of 1 to 3 inches of rain were observed with localized amounts of 5 to 6 inches west of I-65. These amounts produced flash flooding in several locations where roads were washed out and or became impassable. Additionally, many local creeks and streams flooded and this eventually lead to river and lake flooding.",403
948789,BLOUNT CO.,BLOUNT SPGS,03/31/2021,600,Flash Flood, , ,0,0,0,0,AL,CST-6, ,156964,C,9,BMX,0,0,Emergency Manager,Heavy Rain, , ,3.18,WSW,1.5,SE,BLOUNTSVILLE,03/31/2021,900,33.91,-86.85,34.06,-86.56,"Numerous reports of flooded roads in the cities of Hayden and Oneonta.","A warm front moved pushed northward into north Central Alabama late on March 30th and into the early morning hours on March 31st. A low pressure area developed along the warm front and tracked from west to east across northern Alabama. This feature pooled instability just south of the front and added just enough shear for some rotating and organized storms.  Subsequently, three weak and short-lived tornadoes developed. Due to the strong southerly winds and lift near the front, heavy rainfall was observed across northern Alabama. Widespread amounts of 1 to 3 inches of rain were observed with localized amounts of 5 to 6 inches west of I-65. These amounts produced flash flooding in several locations where roads were washed out and or became impassable. Additionally, many local creeks and streams flooded and this eventually lead to river and lake flooding.",404
948791,ETOWAH CO.,ALTOONA,03/31/2021,600,Flash Flood, , ,0,0,0,0,AL,CST-6, ,156964,C,55,BMX,0,0,Emergency Manager,Heavy Rain, , ,0.74,WNW,2.21,NW,DUCK SPGS,03/31/2021,900,34.0243,-86.3319,34.14,-86.01,"Various roads flooded and impassable in the cities of Gadsden, Altoona, Southside, Gallant, and Glencoe.","A warm front moved pushed northward into north Central Alabama late on March 30th and into the early morning hours on March 31st. A low pressure area developed along the warm front and tracked from west to east across northern Alabama. This feature pooled instability just south of the front and added just enough shear for some rotating and organized storms.  Subsequently, three weak and short-lived tornadoes developed. Due to the strong southerly winds and lift near the front, heavy rainfall was observed across northern Alabama. Widespread amounts of 1 to 3 inches of rain were observed with localized amounts of 5 to 6 inches west of I-65. These amounts produced flash flooding in several locations where roads were washed out and or became impassable. Additionally, many local creeks and streams flooded and this eventually lead to river and lake flooding.",405
948241,JACKSON CO.,LIM ROCK,03/31/2021,645,Flash Flood, , ,0,0,0,0,AL,CST-6, ,155933,C,71,HUN,0,0,Emergency Manager,Heavy Rain, , ,0.89,NE,1.21,ENE,LIM ROCK,03/31/2021,1239,34.68,-86.19,34.6746,-86.1912,"Approximately 6 inches of water covering CR 30 in multiple locations, including CR119.","Two thunderstorm complexes moved through north Alabama during the early and mid morning hours of the 31st. Rainfall of 1 to nearly 3 inches were reported during this time, resulting in flash flooding of a few roads in Jackson County.  In addition, a couple of brief tornadoes occurred. One tornado moved out of Winston County and lifted just inside western Cullman County producing EF-0 damage.  An EF-1 tornado track was observed in DeKalb County between Fort Payne and Valley Head.",406
948242,JACKSON CO.,PIKEVILLE,03/31/2021,650,Flash Flood, , ,0,0,0,0,AL,CST-6, ,155933,C,71,HUN,0,0,Emergency Manager,Heavy Rain, , ,2.07,S,1.03,SSW,PIKEVILLE,03/31/2021,1249,34.72,-86.03,34.7183,-86.0398,"Approximately 6 to 8 inches of water covering CR 105 near CR 21.","Two thunderstorm complexes moved through north Alabama during the early and mid morning hours of the 31st. Rainfall of 1 to nearly 3 inches were reported during this time, resulting in flash flooding of a few roads in Jackson County.  In addition, a couple of brief tornadoes occurred. One tornado moved out of Winston County and lifted just inside western Cullman County producing EF-0 damage.  An EF-1 tornado track was observed in DeKalb County between Fort Payne and Valley Head.",407
948243,JACKSON CO.,STEVENSON ARPT,03/31/2021,1132,Flash Flood, , ,0,0,0,0,AL,CST-6, ,155933,C,71,HUN,0,0,Emergency Manager,Heavy Rain, , ,1.33,WSW,0.86,E,AVERY,03/31/2021,1720,34.87,-85.82,34.871,-85.8295,"Old Mount Carmel Road has been closed due to flash flooding.","Two thunderstorm complexes moved through north Alabama during the early and mid morning hours of the 31st. Rainfall of 1 to nearly 3 inches were reported during this time, resulting in flash flooding of a few roads in Jackson County.  In addition, a couple of brief tornadoes occurred. One tornado moved out of Winston County and lifted just inside western Cullman County producing EF-0 damage.  An EF-1 tornado track was observed in DeKalb County between Fort Payne and Valley Head.",408
956855,MOBILE CO.,THEODORE IDLE HOUR A,04/15/2021,655,Flash Flood, , ,0,0,0,0,AL,CST-6, ,158274,C,97,MOB,0,0,Public,Heavy Rain, , ,2.39,SSE,2.58,SSE,BAYOU LA BATRE ARPT,04/15/2021,930,30.55,-88.25,30.422,-88.201,"Several reports of flash flooding across south Mobile County. Arygle Road at Half Mile Road was completely flooded. Vehicles were stranded by flood waters at AL Highway 188 and Four Mile Road. Potter Tract Road in Grand Bay and Old Pascagoula Road west of McDonald Road were also flooded.","Scattered to numerous thunderstorms developed across southwest Alabama ahead of a strong spring time storm system. The storms produced an isolated severe hail event along with flash flooding in the metro Mobile area.",409
956856,MOBILE CO.,MOBILE,04/15/2021,715,Flash Flood, , ,0,0,0,0,AL,CST-6, ,158274,C,97,MOB,0,0,Broadcast Media,Heavy Rain, , ,0.59,E,0.77,SW,PLATEAU,04/15/2021,930,30.7,-88.07,30.7043,-88.0438,"Numerous reports of flooded roads near Mobile Infirmary, especially along Lambert Avenue. Flooding also reported on South Ann Street.","Scattered to numerous thunderstorms developed across southwest Alabama ahead of a strong spring time storm system. The storms produced an isolated severe hail event along with flash flooding in the metro Mobile area.",410
956850,MOBILE CO.,MOBILE,04/24/2021,700,Flash Flood, , ,0,0,0,0,AL,CST-6, ,158156,C,97,MOB,0,0,Public,Heavy Rain, , ,1.5,SE,2.2,E,MOBILE,04/24/2021,800,30.687,-88.0597,30.6991,-88.0601,"Water covering roadways near Downtown Mobile. Water up the headlights on some vehicles.","A two part severe weather outbreak impacted the northern Gulf Coast. An early morning squall line brought wind damage to numerous locations. The second round of severe storms in the afternoon and early evening resulted in very large hail across potions of inland southwest and south central AL, some of which reached baseball size. Additional wind damage occurred as well. A few instances of flash flooding were also reported.",411
956851,CLARKE CO.,RURAL,04/24/2021,915,Flash Flood, , ,0,0,0,0,AL,CST-6, ,158156,C,25,MOB,0,0,Emergency Manager,Heavy Rain, , ,1.36,WSW,1.64,SW,RURAL,04/24/2021,1015,31.86,-87.75,31.8601,-87.7454,"Dummy Line Road flooded near Highway 43 at Bassett Creek bridge.","A two part severe weather outbreak impacted the northern Gulf Coast. An early morning squall line brought wind damage to numerous locations. The second round of severe storms in the afternoon and early evening resulted in very large hail across potions of inland southwest and south central AL, some of which reached baseball size. Additional wind damage occurred as well. A few instances of flash flooding were also reported.",412
957803,ELMORE CO.,DEATSVILLE,05/03/2021,1900,Flash Flood, , ,0,0,0,0,AL,CST-6, ,158441,C,51,BMX,0,0,Emergency Manager,Heavy Rain, , ,1.13,SSE,2.12,SSE,RED HILL,05/03/2021,2200,32.6045,-86.394,32.6526,-85.9118,"Observed rainfall amounts of 3-5 inches across southern Elmore County in less than a six hour period produced flash flooding. Several homes were inaccessible due to high water and water overflowing Rifle Range Road.","A multi-day severe weather event unfolded across Central Alabama from May 2nd through May 4th.  Alabama remained on the eastern side of a broad upper trough positioned over the Plains States. Several upper level impulses emanated from the trough axis and produced severe weather across Alabama. The main severe weather event occurred on May 4th when a QLCS tracked eastward across areas along and east of I-20 and produced widespread wind damage, flash flooding, and tornadoes.",413
959723,MARSHALL CO.,SARATOGA,05/04/2021,918,Flash Flood, , ,0,0,0,0,AL,CST-6, ,156672,C,95,HUN,0,0,Public,Heavy Rain, , ,0.9,NE,0.5,NNE,SARATOGA,05/04/2021,1500,34.26,-86.19,34.2656,-86.1924,"Flash flooding on Columbus Street in Albertville. At least 6 inches of water over the roadway. Report relayed via social media.","A complex of thunderstorms dropped southeast from Tennessee. Outflow from these thunderstorms produced new strong to severe thunderstorms over north Alabama during the mid to late morning hours.  There were several reports of wind damage, including a measured wind gust of 58 mph at the Huntsville International Airport. An EF-0 tornado produced a short track of damage in Higdon. Rainfall of 1 to 3 inches fell in a very short period of time producing brief flash flooding as well on the north side of the Quad Cities.",414
959724,DEKALB CO.,RAINSVILLE,05/04/2021,922,Flash Flood, , ,0,0,0,0,AL,CST-6, ,156672,C,49,HUN,0,0,Emergency Manager,Heavy Rain, , ,1.33,ESE,1.71,ESE,RAINSVILLE,05/04/2021,1500,34.49,-85.85,34.493,-85.8564,"Intersection of Highway 75 and Highway 35 in Rainsville has between 1 and 1.5 feet of water covering the roadway.","A complex of thunderstorms dropped southeast from Tennessee. Outflow from these thunderstorms produced new strong to severe thunderstorms over north Alabama during the mid to late morning hours.  There were several reports of wind damage, including a measured wind gust of 58 mph at the Huntsville International Airport. An EF-0 tornado produced a short track of damage in Higdon. Rainfall of 1 to 3 inches fell in a very short period of time producing brief flash flooding as well on the north side of the Quad Cities.",415
959725,MARSHALL CO.,BOAZ,05/04/2021,950,Flash Flood, , ,0,0,0,0,AL,CST-6, ,156672,C,95,HUN,0,0,Emergency Manager,Heavy Rain, , ,0.57,E,1.76,S,BOAZ,05/05/2021,1600,34.2,-86.16,34.1809,-86.1698,"Portions of 6 city streets were under water, with around 3 feet of water over the roads at one point.","A complex of thunderstorms dropped southeast from Tennessee. Outflow from these thunderstorms produced new strong to severe thunderstorms over north Alabama during the mid to late morning hours.  There were several reports of wind damage, including a measured wind gust of 58 mph at the Huntsville International Airport. An EF-0 tornado produced a short track of damage in Higdon. Rainfall of 1 to 3 inches fell in a very short period of time producing brief flash flooding as well on the north side of the Quad Cities.",416
957813,JEFFERSON CO.,BESSEMER ARPT,05/04/2021,1200,Flash Flood, , ,0,0,0,0,AL,CST-6, ,158441,C,73,BMX,0,0,Law Enforcement,Heavy Rain, , ,0.8,SSW,1.12,NW,SUMTER,05/04/2021,1800,33.3102,-86.9274,33.3656,-87.1461,"Widespread flash flooding across areas along and south of I-20 with observed rainfall amounts of 3-5 inches in less than six hours. A Flash Flood Emergency was issued for Birmingham Metro area with numerous roads closed and residents evacuated from an apartment complex in Homewood.  Water over a bridge along Patton Creek at Southland Drive.","A multi-day severe weather event unfolded across Central Alabama from May 2nd through May 4th.  Alabama remained on the eastern side of a broad upper trough positioned over the Plains States. Several upper level impulses emanated from the trough axis and produced severe weather across Alabama. The main severe weather event occurred on May 4th when a QLCS tracked eastward across areas along and east of I-20 and produced widespread wind damage, flash flooding, and tornadoes.",417
957964,CALHOUN CO.,BOILING SPGS,05/04/2021,1200,Flash Flood, , ,0,0,0,0,AL,CST-6, ,158441,C,15,BMX,0,0,Emergency Manager,Heavy Rain, , ,1.2,W,1.7,ENE,WHITE PLAINS,05/04/2021,1500,33.7306,-86.0508,33.7665,-85.647,"Flash flooding reported in the Saks community and the city of Anniston. Several roads flooded and impassible with a water rescue near the Saks Middle School.  Rainfall amounts of 2-3 inches reported in less than 3 hours across southern Calhoun County.","A multi-day severe weather event unfolded across Central Alabama from May 2nd through May 4th.  Alabama remained on the eastern side of a broad upper trough positioned over the Plains States. Several upper level impulses emanated from the trough axis and produced severe weather across Alabama. The main severe weather event occurred on May 4th when a QLCS tracked eastward across areas along and east of I-20 and produced widespread wind damage, flash flooding, and tornadoes.",418
957979,SHELBY CO.,GURNEE JCT,05/04/2021,1600,Flash Flood, , ,0,0,0,0,AL,CST-6, ,158441,C,117,BMX,0,0,Law Enforcement,Heavy Rain, , ,2.78,NNW,1.59,NE,QUITO,05/04/2021,1900,33.2383,-86.9846,33.4404,-86.6862,"Widespread flash flooding across Shelby County with observed rainfall amounts of 4-6 inches in less than six hours.  Many roads impassible.","A multi-day severe weather event unfolded across Central Alabama from May 2nd through May 4th.  Alabama remained on the eastern side of a broad upper trough positioned over the Plains States. Several upper level impulses emanated from the trough axis and produced severe weather across Alabama. The main severe weather event occurred on May 4th when a QLCS tracked eastward across areas along and east of I-20 and produced widespread wind damage, flash flooding, and tornadoes.",419
959727,MADISON CO.,MADISON,05/04/2021,1748,Flash Flood, , ,0,0,0,0,AL,CST-6, ,156673,C,89,HUN,0,0,Law Enforcement,Heavy Rain, , ,0.69,N,1.17,NNW,MADISON,05/04/2021,2300,34.71,-86.77,34.7096,-86.776,"Flash flooding reported at Mose Chapel at Browns Ferry Road.","After morning thunderstorms shifted southeast of the area, a second large complex of thunderstorms redeveloped over Mississippi during the late morning and early afternoon hours.  This complex shifted east into Alabama during the mid to late afternoon hours, exiting northeast Alabama during the early evening hours.  Several reports of thunderstorm wind damage were received, along with one large hail report.  In addition, rainfall of 1-2 inches fell in a very short period of time, causing flash flooding that washed out a bridge in Cullman County and flooded several streets in Marshall County.",420
959729,CULLMAN CO.,ENON,05/04/2021,1926,Flash Flood, , ,0,0,0,0,AL,CST-6, ,156673,C,43,HUN,0,0,Emergency Manager,Heavy Rain, , ,0.9,SW,0.32,WSW,ENON,05/05/2021,200,34.29,-86.79,34.2946,-86.8053,"County Road 1447 bridge washed out due to pipes in the dirt road being exposed. Additional road closures reported on CR 1427 due to the bridge being washed out.","After morning thunderstorms shifted southeast of the area, a second large complex of thunderstorms redeveloped over Mississippi during the late morning and early afternoon hours.  This complex shifted east into Alabama during the mid to late afternoon hours, exiting northeast Alabama during the early evening hours.  Several reports of thunderstorm wind damage were received, along with one large hail report.  In addition, rainfall of 1-2 inches fell in a very short period of time, causing flash flooding that washed out a bridge in Cullman County and flooded several streets in Marshall County.",421
960456,MOBILE CO.,MOBILE,05/04/2021,1950,Flash Flood, , ,0,0,0,0,AL,CST-6, ,158541,C,97,MOB,0,0,Public,Heavy Rain, , ,1.74,WSW,1,SW,MOBILE,05/04/2021,1952,30.6922,-88.1078,30.688,-88.098,"Heavy rain caused water over several intersections along Old Shell Road.","A potent spring storm system swept across the southeast during the day. An associated strong cold front moved with numerous strong to severe thunderstorms developing across the area, resulting in widespread wind damage and very heavy rain.",422
960623,BALDWIN CO.,MIFLIN,05/05/2021,500,Flash Flood, , ,0,0,0,0,AL,CST-6, ,158910,C,3,MOB,0,0,Emergency Manager,Heavy Rain, , ,3.45,WSW,3.18,WSW,MIFLIN,05/05/2021,700,30.356,-87.6555,30.3538,-87.6522,"Heavy rain caused CR 12 from Highway 59 to James Road to have a significant amount of water covering the road and the road was closed.","Slow moving thunderstorms produced very heavy rain in portions of southwest Alabama.",423
965746,SHELBY CO.,QUITO,06/07/2021,1845,Flash Flood, , ,0,0,0,0,AL,CST-6, ,159761,C,117,BMX,0,0,Public,Heavy Rain, , ,2.76,N,0,NE,QUITO,06/07/2021,2030,33.42,-86.75,33.45,-86.67,"Several clusters of thunderstorms with heavy rainfall produced flash flooding across northern Shelby County. Several roads were impassable along the Jefferson/Shelby county line with rain amounts estimated near 2 inches in one hour.","A deep and persistent southwest flow over Alabama produced several waves of convection across north Alabama.  Deeper moisture along the southern flank of the upper low also resulted in periods of heavy rainfall.",424
965744,JEFFERSON CO.,VESTAVIA HILLS,06/07/2021,1845,Flash Flood, , ,0,0,0,0,AL,CST-6, ,159761,C,73,BMX,0,0,Public,Heavy Rain, , ,0.69,N,1.8,NNE,CAHABA HGTS,06/07/2021,2030,33.41,-86.78,33.47,-86.72,"Several clusters of thunderstorms with heavy rainfall produced flash flooding across southern Jefferson County.  Several roads were impassable in the Cahaba Heights areas and an observer reported 2.25 inches of rain in one hour.","A deep and persistent southwest flow over Alabama produced several waves of convection across north Alabama.  Deeper moisture along the southern flank of the upper low also resulted in periods of heavy rainfall.",425
967343,TUSCALOOSA CO.,NEW LEXINGTON,06/11/2021,1000,Flash Flood, , ,0,0,0,0,AL,CST-6, ,160043,C,125,BMX,0,0,Department of Highways,Heavy Rain, , ,0.9,SE,2.36,N,KELLERMAN,06/11/2021,1300,33.56,-87.66,33.4054,-87.3246,"Several roads flooded and impassable across northern Tuscaloosa County.  The flooded roads include Highway 171 near Mormon Road, Homeplace Road,  Jackson Trace Road, and several roads in the town of New Lexington.","The upper air pattern transitioned from west to northwest flow across Alabama during this time period.  Deep moisture with PWAT's above 1.8 inches combined with increasing mid level lapse rates to create favorbale conditions for heavy rainfall and strong thunderstorm winds.",426
970636,MOBILE CO.,TILLMANS CORNER,06/19/2021,600,Flash Flood, , ,0,0,0,0,AL,CST-6, ,159616,C,97,MOB,0,0,NWS Employee,Heavy Rain / Tropical System, , ,2.75,ESE,2.75,ESE,TILLMANS CORNER,06/19/2021,800,30.5593,-88.0905,30.5592,-88.0894,"Road closed at DIP and Marina Dr due to water covering the road.","Potential Tropical Cyclone Claudette moved west of the Alabama coastal waters on the evening of June 18th, 2021. Claudette was declared a Tropical Storm and made landfall in southeast Louisiana during the early morning hours of June 19th. Claudette then turned northeast across southeast Mississippi and across south central Alabama during the morning on Saturday June 19th.||Tropical Storm Claudette produced frequent tropical storm-force wind gusts across coastal Alabama and the western Florida Panhandle. A few areas of the coast, such as Dauphin Island, Fort Morgan, and the Okaloosa Island Fishing Pier recorded a brief period of sustained minimal tropical storm-force winds.||The highest wind gusts were associated with strong to severe thunderstorms that developed well east of the center of Claudette. These storms most significantly impacted the western Florida Panhandle. The highest wind gust observed was 81 mph at Pensacola International Airport. A Weatherflow site in Santa Rosa Sound recorded a 70 mph wind gust, which was from the same line of storms that resulted in the Pensacola gust. This line of storms produced wind damage in parts of the Pensacola Metro, especially in Ferry Pass. Pace also experienced pockets of wind damage, including one mobile home that lost its roof||The highest winds recorded were sustained winds of 45 mph with gusts to 70 mph in Santa Rosa Sound, 58 mph with gusts to 81 mph at Pensacola Airport, 42 mph with gusts to 52 mph at Okaloosa Island fishing pier. In Mobile Bay, 40 mph with gusts to 49 mph at Buccaneer Yacht Club.||Storm surge inundation ranged from 1-3 feet above normally dry ground across southern Mobile County into Mobile Bay. This flooding resulted in the closure of a few roads, such as Shell Belt Rd in the Bayou La Batre and Coden communities and the US Highway 90 Causeway over Mobile Bay. The highest storm tide recorded was 3.67 ft MHHW at the NOS tide gauge on the Bayou La Batre bridge. In addition to the storm surge, surf heights of 6-12 feet battered the Gulf facing beaches. This impacted the west end of Dauphin Island with a portion of Bienville Blvd closed due to flooding and sand over the road. The Florida side of the Gulf Islands National Seashore was closed for several days due to flooding and sand on roads. ||Claudette produced 3 tornadoes in southwest and south central Alabama: A long track EF-2 tornado that impacted Escambia and Conecuh Counties, an EF-0 tornado in rural Covington County, and an EF-0 tornado in far southern Mobile County.||A widespread 3-6 of rain fell across coastal Alabama into the western Florida Panhandle. 6-9 of rain was recorded over parts of interior southeast MS, with a station in far western Stone County, 11 miles west of Perkinston, recording 9.43. This rainfall resulted in instances of flash flooding and river flooding across the area.",427
970635,BALDWIN CO.,SUMMERDALE,06/19/2021,600,Flash Flood, , ,0,0,0,0,AL,CST-6, ,159616,C,3,MOB,0,0,NWS Employee,Heavy Rain / Tropical System, , ,0.76,SW,0.64,SSW,SUMMERDALE,06/19/2021,800,30.4716,-87.7082,30.4732,-87.7048,"Heavy rain caused water to cover the roadway at Highway 59 and CR 32.","Potential Tropical Cyclone Claudette moved west of the Alabama coastal waters on the evening of June 18th, 2021. Claudette was declared a Tropical Storm and made landfall in southeast Louisiana during the early morning hours of June 19th. Claudette then turned northeast across southeast Mississippi and across south central Alabama during the morning on Saturday June 19th.||Tropical Storm Claudette produced frequent tropical storm-force wind gusts across coastal Alabama and the western Florida Panhandle. A few areas of the coast, such as Dauphin Island, Fort Morgan, and the Okaloosa Island Fishing Pier recorded a brief period of sustained minimal tropical storm-force winds.||The highest wind gusts were associated with strong to severe thunderstorms that developed well east of the center of Claudette. These storms most significantly impacted the western Florida Panhandle. The highest wind gust observed was 81 mph at Pensacola International Airport. A Weatherflow site in Santa Rosa Sound recorded a 70 mph wind gust, which was from the same line of storms that resulted in the Pensacola gust. This line of storms produced wind damage in parts of the Pensacola Metro, especially in Ferry Pass. Pace also experienced pockets of wind damage, including one mobile home that lost its roof||The highest winds recorded were sustained winds of 45 mph with gusts to 70 mph in Santa Rosa Sound, 58 mph with gusts to 81 mph at Pensacola Airport, 42 mph with gusts to 52 mph at Okaloosa Island fishing pier. In Mobile Bay, 40 mph with gusts to 49 mph at Buccaneer Yacht Club.||Storm surge inundation ranged from 1-3 feet above normally dry ground across southern Mobile County into Mobile Bay. This flooding resulted in the closure of a few roads, such as Shell Belt Rd in the Bayou La Batre and Coden communities and the US Highway 90 Causeway over Mobile Bay. The highest storm tide recorded was 3.67 ft MHHW at the NOS tide gauge on the Bayou La Batre bridge. In addition to the storm surge, surf heights of 6-12 feet battered the Gulf facing beaches. This impacted the west end of Dauphin Island with a portion of Bienville Blvd closed due to flooding and sand over the road. The Florida side of the Gulf Islands National Seashore was closed for several days due to flooding and sand on roads. ||Claudette produced 3 tornadoes in southwest and south central Alabama: A long track EF-2 tornado that impacted Escambia and Conecuh Counties, an EF-0 tornado in rural Covington County, and an EF-0 tornado in far southern Mobile County.||A widespread 3-6 of rain fell across coastal Alabama into the western Florida Panhandle. 6-9 of rain was recorded over parts of interior southeast MS, with a station in far western Stone County, 11 miles west of Perkinston, recording 9.43. This rainfall resulted in instances of flash flooding and river flooding across the area.",428
971726,MOBILE CO.,TILLMANS CORNER,06/19/2021,600,Flash Flood, , ,0,0,0,0,AL,CST-6, ,159616,C,97,MOB,0,0,Law Enforcement,Heavy Rain / Tropical System, , ,2.48,WNW,2.35,WNW,TILLMANS CORNER,06/19/2021,800,30.59,-88.17,30.5896,-88.1692,"Heavy rain caused water to cover the roadway near the Halls Mill Road and Highway 90 intersection.","Potential Tropical Cyclone Claudette moved west of the Alabama coastal waters on the evening of June 18th, 2021. Claudette was declared a Tropical Storm and made landfall in southeast Louisiana during the early morning hours of June 19th. Claudette then turned northeast across southeast Mississippi and across south central Alabama during the morning on Saturday June 19th.||Tropical Storm Claudette produced frequent tropical storm-force wind gusts across coastal Alabama and the western Florida Panhandle. A few areas of the coast, such as Dauphin Island, Fort Morgan, and the Okaloosa Island Fishing Pier recorded a brief period of sustained minimal tropical storm-force winds.||The highest wind gusts were associated with strong to severe thunderstorms that developed well east of the center of Claudette. These storms most significantly impacted the western Florida Panhandle. The highest wind gust observed was 81 mph at Pensacola International Airport. A Weatherflow site in Santa Rosa Sound recorded a 70 mph wind gust, which was from the same line of storms that resulted in the Pensacola gust. This line of storms produced wind damage in parts of the Pensacola Metro, especially in Ferry Pass. Pace also experienced pockets of wind damage, including one mobile home that lost its roof||The highest winds recorded were sustained winds of 45 mph with gusts to 70 mph in Santa Rosa Sound, 58 mph with gusts to 81 mph at Pensacola Airport, 42 mph with gusts to 52 mph at Okaloosa Island fishing pier. In Mobile Bay, 40 mph with gusts to 49 mph at Buccaneer Yacht Club.||Storm surge inundation ranged from 1-3 feet above normally dry ground across southern Mobile County into Mobile Bay. This flooding resulted in the closure of a few roads, such as Shell Belt Rd in the Bayou La Batre and Coden communities and the US Highway 90 Causeway over Mobile Bay. The highest storm tide recorded was 3.67 ft MHHW at the NOS tide gauge on the Bayou La Batre bridge. In addition to the storm surge, surf heights of 6-12 feet battered the Gulf facing beaches. This impacted the west end of Dauphin Island with a portion of Bienville Blvd closed due to flooding and sand over the road. The Florida side of the Gulf Islands National Seashore was closed for several days due to flooding and sand on roads. ||Claudette produced 3 tornadoes in southwest and south central Alabama: A long track EF-2 tornado that impacted Escambia and Conecuh Counties, an EF-0 tornado in rural Covington County, and an EF-0 tornado in far southern Mobile County.||A widespread 3-6 of rain fell across coastal Alabama into the western Florida Panhandle. 6-9 of rain was recorded over parts of interior southeast MS, with a station in far western Stone County, 11 miles west of Perkinston, recording 9.43. This rainfall resulted in instances of flash flooding and river flooding across the area.",429
970637,MOBILE CO.,MOBILE,06/19/2021,600,Flash Flood, , ,0,0,0,0,AL,CST-6, ,159616,C,97,MOB,0,0,NWS Employee,Heavy Rain / Tropical System, , ,1.91,ESE,2.18,ESE,MOBILE,06/19/2021,800,30.69,-88.05,30.6893,-88.0481,"Road closed due to flooding from Government Street to Broad Street.","Potential Tropical Cyclone Claudette moved west of the Alabama coastal waters on the evening of June 18th, 2021. Claudette was declared a Tropical Storm and made landfall in southeast Louisiana during the early morning hours of June 19th. Claudette then turned northeast across southeast Mississippi and across south central Alabama during the morning on Saturday June 19th.||Tropical Storm Claudette produced frequent tropical storm-force wind gusts across coastal Alabama and the western Florida Panhandle. A few areas of the coast, such as Dauphin Island, Fort Morgan, and the Okaloosa Island Fishing Pier recorded a brief period of sustained minimal tropical storm-force winds.||The highest wind gusts were associated with strong to severe thunderstorms that developed well east of the center of Claudette. These storms most significantly impacted the western Florida Panhandle. The highest wind gust observed was 81 mph at Pensacola International Airport. A Weatherflow site in Santa Rosa Sound recorded a 70 mph wind gust, which was from the same line of storms that resulted in the Pensacola gust. This line of storms produced wind damage in parts of the Pensacola Metro, especially in Ferry Pass. Pace also experienced pockets of wind damage, including one mobile home that lost its roof||The highest winds recorded were sustained winds of 45 mph with gusts to 70 mph in Santa Rosa Sound, 58 mph with gusts to 81 mph at Pensacola Airport, 42 mph with gusts to 52 mph at Okaloosa Island fishing pier. In Mobile Bay, 40 mph with gusts to 49 mph at Buccaneer Yacht Club.||Storm surge inundation ranged from 1-3 feet above normally dry ground across southern Mobile County into Mobile Bay. This flooding resulted in the closure of a few roads, such as Shell Belt Rd in the Bayou La Batre and Coden communities and the US Highway 90 Causeway over Mobile Bay. The highest storm tide recorded was 3.67 ft MHHW at the NOS tide gauge on the Bayou La Batre bridge. In addition to the storm surge, surf heights of 6-12 feet battered the Gulf facing beaches. This impacted the west end of Dauphin Island with a portion of Bienville Blvd closed due to flooding and sand over the road. The Florida side of the Gulf Islands National Seashore was closed for several days due to flooding and sand on roads. ||Claudette produced 3 tornadoes in southwest and south central Alabama: A long track EF-2 tornado that impacted Escambia and Conecuh Counties, an EF-0 tornado in rural Covington County, and an EF-0 tornado in far southern Mobile County.||A widespread 3-6 of rain fell across coastal Alabama into the western Florida Panhandle. 6-9 of rain was recorded over parts of interior southeast MS, with a station in far western Stone County, 11 miles west of Perkinston, recording 9.43. This rainfall resulted in instances of flash flooding and river flooding across the area.",430
971727,ESCAMBIA CO.,ATMORE,06/19/2021,700,Flash Flood, , ,0,0,0,0,AL,CST-6, ,159616,C,53,MOB,0,0,Law Enforcement,Heavy Rain / Tropical System, , ,0.75,SE,0.6,ESE,ATMORE,06/19/2021,900,31.0237,-87.4897,31.0253,-87.4878,"Heavy rain caused water to cover Main Street in Atmore.","Potential Tropical Cyclone Claudette moved west of the Alabama coastal waters on the evening of June 18th, 2021. Claudette was declared a Tropical Storm and made landfall in southeast Louisiana during the early morning hours of June 19th. Claudette then turned northeast across southeast Mississippi and across south central Alabama during the morning on Saturday June 19th.||Tropical Storm Claudette produced frequent tropical storm-force wind gusts across coastal Alabama and the western Florida Panhandle. A few areas of the coast, such as Dauphin Island, Fort Morgan, and the Okaloosa Island Fishing Pier recorded a brief period of sustained minimal tropical storm-force winds.||The highest wind gusts were associated with strong to severe thunderstorms that developed well east of the center of Claudette. These storms most significantly impacted the western Florida Panhandle. The highest wind gust observed was 81 mph at Pensacola International Airport. A Weatherflow site in Santa Rosa Sound recorded a 70 mph wind gust, which was from the same line of storms that resulted in the Pensacola gust. This line of storms produced wind damage in parts of the Pensacola Metro, especially in Ferry Pass. Pace also experienced pockets of wind damage, including one mobile home that lost its roof||The highest winds recorded were sustained winds of 45 mph with gusts to 70 mph in Santa Rosa Sound, 58 mph with gusts to 81 mph at Pensacola Airport, 42 mph with gusts to 52 mph at Okaloosa Island fishing pier. In Mobile Bay, 40 mph with gusts to 49 mph at Buccaneer Yacht Club.||Storm surge inundation ranged from 1-3 feet above normally dry ground across southern Mobile County into Mobile Bay. This flooding resulted in the closure of a few roads, such as Shell Belt Rd in the Bayou La Batre and Coden communities and the US Highway 90 Causeway over Mobile Bay. The highest storm tide recorded was 3.67 ft MHHW at the NOS tide gauge on the Bayou La Batre bridge. In addition to the storm surge, surf heights of 6-12 feet battered the Gulf facing beaches. This impacted the west end of Dauphin Island with a portion of Bienville Blvd closed due to flooding and sand over the road. The Florida side of the Gulf Islands National Seashore was closed for several days due to flooding and sand on roads. ||Claudette produced 3 tornadoes in southwest and south central Alabama: A long track EF-2 tornado that impacted Escambia and Conecuh Counties, an EF-0 tornado in rural Covington County, and an EF-0 tornado in far southern Mobile County.||A widespread 3-6 of rain fell across coastal Alabama into the western Florida Panhandle. 6-9 of rain was recorded over parts of interior southeast MS, with a station in far western Stone County, 11 miles west of Perkinston, recording 9.43. This rainfall resulted in instances of flash flooding and river flooding across the area.",431
971728,ESCAMBIA CO.,APPLETON,06/19/2021,700,Flash Flood, , ,0,0,0,0,AL,CST-6, ,159616,C,53,MOB,0,0,Trained Spotter,Heavy Rain / Tropical System, , ,0.65,SW,0,SSE,APPLETON,06/19/2021,900,31.113,-87.0773,31.1049,-87.0659,"Heavy rain caused many roads to be closed in Brewton due to water covering them.","Potential Tropical Cyclone Claudette moved west of the Alabama coastal waters on the evening of June 18th, 2021. Claudette was declared a Tropical Storm and made landfall in southeast Louisiana during the early morning hours of June 19th. Claudette then turned northeast across southeast Mississippi and across south central Alabama during the morning on Saturday June 19th.||Tropical Storm Claudette produced frequent tropical storm-force wind gusts across coastal Alabama and the western Florida Panhandle. A few areas of the coast, such as Dauphin Island, Fort Morgan, and the Okaloosa Island Fishing Pier recorded a brief period of sustained minimal tropical storm-force winds.||The highest wind gusts were associated with strong to severe thunderstorms that developed well east of the center of Claudette. These storms most significantly impacted the western Florida Panhandle. The highest wind gust observed was 81 mph at Pensacola International Airport. A Weatherflow site in Santa Rosa Sound recorded a 70 mph wind gust, which was from the same line of storms that resulted in the Pensacola gust. This line of storms produced wind damage in parts of the Pensacola Metro, especially in Ferry Pass. Pace also experienced pockets of wind damage, including one mobile home that lost its roof||The highest winds recorded were sustained winds of 45 mph with gusts to 70 mph in Santa Rosa Sound, 58 mph with gusts to 81 mph at Pensacola Airport, 42 mph with gusts to 52 mph at Okaloosa Island fishing pier. In Mobile Bay, 40 mph with gusts to 49 mph at Buccaneer Yacht Club.||Storm surge inundation ranged from 1-3 feet above normally dry ground across southern Mobile County into Mobile Bay. This flooding resulted in the closure of a few roads, such as Shell Belt Rd in the Bayou La Batre and Coden communities and the US Highway 90 Causeway over Mobile Bay. The highest storm tide recorded was 3.67 ft MHHW at the NOS tide gauge on the Bayou La Batre bridge. In addition to the storm surge, surf heights of 6-12 feet battered the Gulf facing beaches. This impacted the west end of Dauphin Island with a portion of Bienville Blvd closed due to flooding and sand over the road. The Florida side of the Gulf Islands National Seashore was closed for several days due to flooding and sand on roads. ||Claudette produced 3 tornadoes in southwest and south central Alabama: A long track EF-2 tornado that impacted Escambia and Conecuh Counties, an EF-0 tornado in rural Covington County, and an EF-0 tornado in far southern Mobile County.||A widespread 3-6 of rain fell across coastal Alabama into the western Florida Panhandle. 6-9 of rain was recorded over parts of interior southeast MS, with a station in far western Stone County, 11 miles west of Perkinston, recording 9.43. This rainfall resulted in instances of flash flooding and river flooding across the area.",432
970467,TUSCALOOSA CO.,COKER,06/19/2021,1800,Flash Flood, , ,0,0,3350000,0,AL,CST-6, ,160373,C,125,BMX,0,0,Emergency Manager,Heavy Rain, , ,0.99,NE,3.95,N,FOX,06/19/2021,2245,33.241,-87.689,33.381,-87.464,"Heavy rainfall associated with Tropical Depression Claudette produced widespread flooding across Tuscaloosa County. Many homes and businesses were damaged or destroyed. Flooding destroyed 5 homes and severely damaged 38 in Northport and Tuscaloosa. One-hundred people were displaced when the Willowbrook Trailer Park in Northport was severely flooded. Residential and infrastructure damage between the two cities reached $3.35 million.","Heavy rainfall and strong winds impacted much of Central Alabama June 19-20 as the Tropical Depression Claudette moved across the area. Significant flooding occurred along the I-20 corridor where storm total amounts were in the 3-6 inch range, with isolated amounts near 8 inches.  Near Tuscaloosa, a private dam failed and the subsequent flooding washed out a water and sewer main at Nucor Corporation���s steel plant. This in turn damaged the city's sewage system, prompting officials to issue water restrictions for 100,000 people. Flooding destroyed five homes and severely damaged thirty-eight in Northport and Tuscaloosa. Residential and infrastructure damage between the two cities reached $3.35 million. Two fatalities occurred in Tuscaloosa County when a large tree fell on a mobile home.",433
970469,JEFFERSON CO.,HOPKINS,06/19/2021,2015,Flash Flood, , ,1,0,0,0,AL,CST-6, ,160373,C,73,BMX,0,0,Emergency Manager,Heavy Rain, , ,0.98,E,0.5,WNW,REPUBLIC,06/19/2021,2345,33.479,-87.063,33.602,-86.909,"Heavy rainfall associated with Tropical Depression Claudette produced widespread flooding across Jefferson County during the evening hours on June 19th and the early morning hours on June 20th. Many roads in the Birmingham metro area were flooded and impassable and several water rescues were performed from flooded vehicles.  Storm total rainfall amounts were in the 3-5 inch range. Village Creek in Birmingham recorded its 4th highest stage on record at 14.22 feet. One fatality occurred when a man was washed away in flood waters near Pebble Creek Parkway and Highway 78.","Heavy rainfall and strong winds impacted much of Central Alabama June 19-20 as the Tropical Depression Claudette moved across the area. Significant flooding occurred along the I-20 corridor where storm total amounts were in the 3-6 inch range, with isolated amounts near 8 inches.  Near Tuscaloosa, a private dam failed and the subsequent flooding washed out a water and sewer main at Nucor Corporation���s steel plant. This in turn damaged the city's sewage system, prompting officials to issue water restrictions for 100,000 people. Flooding destroyed five homes and severely damaged thirty-eight in Northport and Tuscaloosa. Residential and infrastructure damage between the two cities reached $3.35 million. Two fatalities occurred in Tuscaloosa County when a large tree fell on a mobile home.",434
969213,DEKALB CO.,FT PAYNE,06/19/2021,2057,Flash Flood, , ,1,0,0,0,AL,CST-6, ,157999,C,49,HUN,0,0,Emergency Manager,Heavy Rain, , ,1.33,WNW,0.78,WNW,FT PAYNE,06/20/2021,200,34.44,-85.75,34.4378,-85.7667,"Airport Road and Highway 35 near the Interstate 59 interchange flooded with water rising rapidly. Water reported to be to the steps of tractor trailers at this time. Airport Road closed. One fatality occurred here when a womans car was swept off the roadway due to flooding from Dye Branch which feeds into Big Wills Creek.","A band of very heavy rainfall developed well north of the track of Tropical Depression Claudette that moved across central Alabama.  This rain band occurred during the late afternoon through the evening of the 19th into the very early morning hours of the 20th.  Rainfall amounts of 5-10 inches were observed (ground truth) and estimated by radar.  A CoCoRaHS observer reported 9.83 inches of rain atop Lookout Mountain about 3 miles south of Fort Payne. Another personal weather station measured 10.56 inches about 2 miles NNW of Rainsville. Excessive runoff led to significant flash flooding in a few areas, including along the Big Wills Creek in Fort Payne, and atop Lookout Mountain. Sadly, flash flooding took the life of a young woman along Dye Branch in Fort Payne, whose vehicle was swept off the road.",435
970485,CHEROKEE CO.,TAFF,06/19/2021,2200,Flash Flood, , ,0,0,0,0,AL,CST-6, ,160373,C,19,BMX,0,0,Emergency Manager,Heavy Rain, , ,1.56,WSW,1.3,NW,JAMESTOWN,06/20/2021,0,34.341,-85.655,34.4169,-85.5939,"Heavy rainfall associated with Tropical Depression Claudette produced widespread flooding across northern Cherokee County during the evening hours on June 19th and the early morning hours on June 20th. Flooding reports include one foot of water overflowing County Road 15 and numerous other roads flooded across the northern part of the county.","Heavy rainfall and strong winds impacted much of Central Alabama June 19-20 as the Tropical Depression Claudette moved across the area. Significant flooding occurred along the I-20 corridor where storm total amounts were in the 3-6 inch range, with isolated amounts near 8 inches.  Near Tuscaloosa, a private dam failed and the subsequent flooding washed out a water and sewer main at Nucor Corporation���s steel plant. This in turn damaged the city's sewage system, prompting officials to issue water restrictions for 100,000 people. Flooding destroyed five homes and severely damaged thirty-eight in Northport and Tuscaloosa. Residential and infrastructure damage between the two cities reached $3.35 million. Two fatalities occurred in Tuscaloosa County when a large tree fell on a mobile home.",436
969594,MOBILE CO.,TILLMANS CORNER,06/22/2021,1600,Flash Flood, , ,0,0,0,0,AL,CST-6, ,160372,C,97,MOB,0,0,Law Enforcement,Heavy Rain, , ,2.84,E,2.89,E,TILLMANS CORNER,06/22/2021,1700,30.5855,-88.0827,30.5841,-88.0828,"Heavy rain caused significant flooding on Dauphin Island Parkway.","A cluster of strong thunderstorms produced very heavy rain in Mobile which caused flooding.",437
975805,BALDWIN CO.,ORANGE BEACH,07/06/2021,700,Flash Flood, , ,0,0,0,0,AL,CST-6, ,161604,C,3,MOB,0,0,Broadcast Media,Heavy Rain, , ,1.28,WSW,0,SW,ORANGE BEACH,07/06/2021,900,30.274,-87.5903,30.2707,-87.5861,"Flash flooding in Orange Beach with knee high water in some locations. Water also approached homes in the area.","Heavy rain led to a few flooding reports across southwest Alabama.",438
975806,BALDWIN CO.,FOLEY,07/07/2021,100,Flash Flood, , ,0,0,0,0,AL,CST-6, ,161604,C,3,MOB,0,0,Law Enforcement,Heavy Rain, , ,1.1,SSW,1.1,SSW,FOLEY,07/07/2021,400,30.4058,-87.6883,30.4066,-87.687,"Heavy rain caused water to cover the roadway at Highway 98 and Pine Street.","Heavy rain led to a few flooding reports across southwest Alabama.",439
973337,JEFFERSON CO.,WOODLAWN,07/15/2021,1930,Flash Flood, , ,0,0,0,0,AL,CST-6, ,161203,C,73,BMX,0,0,Fire Department/Rescue,Heavy Rain, , ,0.14,SW,0.47,ENE,WOODLAWN,07/15/2021,2100,33.5285,-86.8016,33.5333,-86.7925,"Water rescue of submerged vehicles at the intersection of 31st Street North and 8th Avenue North.","A nearly stationary isolated thunderstorm developed over downtown Birmingham and produced heavy rainfall over a short period of time.",440
975895,BALDWIN CO.,FOLEY,07/16/2021,1100,Flash Flood, , ,0,0,0,0,AL,CST-6, ,161619,C,3,MOB,0,0,Public,Heavy Rain, , ,1.32,SW,0,S,FOLEY,07/16/2021,1500,30.4063,-87.6955,30.4028,-87.6825,"Heavy rain caused numerous roads to be flooded in the Foley community with at least a foot of water reported on one of the roads.","A wet summer continued as several rounds of slow moving showers and thunderstorms led to heavy rain and flooding.",441
975896,BALDWIN CO.,FOLEY,07/16/2021,1100,Flash Flood, , ,0,0,0,0,AL,CST-6, ,161619,C,3,MOB,0,0,Public,Heavy Rain, , ,2,SSE,3.06,SW,ELBERTA,07/16/2021,1500,30.3957,-87.6618,30.3986,-87.6364,"Heavy rain caused water to cover the road along the Foley Beach Express at Doc McDuffie Road. In addition, the nearby river gauge for Wolf Creek rose almost 9 feet in just a couple hours time, resulting in flooding of other roads as well.","A wet summer continued as several rounds of slow moving showers and thunderstorms led to heavy rain and flooding.",442
975898,BALDWIN CO.,GULF SHRS,07/16/2021,1300,Flash Flood, , ,0,0,0,0,AL,CST-6, ,161619,C,3,MOB,0,0,Public,Heavy Rain, , ,2.59,SSW,2.26,SSW,GULF SHRS,07/16/2021,1600,30.2476,-87.702,30.2457,-87.699,"Heavy rain caused several roads to be flooded in the Gulf Shores area.","A wet summer continued as several rounds of slow moving showers and thunderstorms led to heavy rain and flooding.",443
969289,MORGAN CO.,DECATUR,07/18/2021,1109,Flash Flood, , ,0,0,0,0,AL,CST-6, ,159245,C,103,HUN,0,0,State Official,Heavy Rain, , ,0.69,S,0.85,S,DECATUR,07/18/2021,1700,34.61,-86.98,34.6113,-86.9784,"Flooding reported at the intersection of Church and 6th Avenue in Decatur.","Thunderstorms trained across the city of Decatur, AL for several hours on the evening of the 18th into the 19th. Decatur is notorious for flash flooding, with scattered reports occurring in the wake of 3-5 of rainfall in a couple of hours.",444
969290,MORGAN CO.,TRINITY,07/18/2021,2011,Flash Flood, , ,0,0,0,0,AL,CST-6, ,159245,C,103,HUN,0,0,State Official,Heavy Rain, , ,1.71,E,1.69,ESE,TRINITY,07/19/2021,400,34.62,-87.05,34.6132,-87.0562,"Flooding reported at the intersection of Woodall Road and Highway 20.","Thunderstorms trained across the city of Decatur, AL for several hours on the evening of the 18th into the 19th. Decatur is notorious for flash flooding, with scattered reports occurring in the wake of 3-5 of rainfall in a couple of hours.",445
974969,JEFFERSON CO.,VIRGINIA,07/19/2021,1615,Flash Flood, , ,0,0,0,0,AL,CST-6, ,161439,C,73,BMX,0,0,Public,Heavy Rain, , ,2.37,NNW,1.4,SW,BEN VINES GAP,07/19/2021,1900,33.429,-87.072,33.511,-87.026,"A cluster of slow moving thunderstorms produced heavy rainfall across Jefferson county during the late afternoon and early evening hours.  Two to four inches of rain fell during a two hour period, resulting in flash flooding.  The hardest hit area was Vestavia Hills along Highway 31 and the Rocky Ridge area near Acton Road. Several business were flooded and water rescues were performed on stranded vehicles.","An elongated upper trough extended from east Texas northeast across northwest Alabama and eastern Tennessee.  Precipitable water values exceeded two inches along and south of the upper trough axis.  Several clusters of convection with locally heavy rainfall produced flash flooding in Jefferson and Shelby counties.",446
974970,SHELBY CO.,NELSON,07/20/2021,1505,Flash Flood, , ,0,0,0,0,AL,CST-6, ,161439,C,117,BMX,0,0,Public,Heavy Rain, , ,1.49,ENE,2.4,NNW,WILSONVILLE,07/20/2021,1630,33.238,-86.556,33.251,-86.489,"A cluster of slow moving thunderstorms containing heavy rain produced totals of 1 to 2 inches in a short period of time in eastern Shelby County resulting in flash flooding.  Highway 25 west of Wilsonville was impassable with deep flowing water.","An elongated upper trough extended from east Texas northeast across northwest Alabama and eastern Tennessee.  Precipitable water values exceeded two inches along and south of the upper trough axis.  Several clusters of convection with locally heavy rainfall produced flash flooding in Jefferson and Shelby counties.",447
974971,TUSCALOOSA CO.,ROSEDALE,07/23/2021,1745,Flash Flood, , ,0,0,0,0,AL,CST-6, ,161440,C,125,BMX,0,0,Emergency Manager,Heavy Rain, , ,0.66,NE,1.75,WNW,HOLT JCT,07/23/2021,1900,33.2079,-87.5635,33.2255,-87.5176,"A cluster of slow moving thunderstorms containing heavy rain produced totals of 1 to 2 inches in a short period of time in the city of Tuscaloosa, resulting in flash flooding.  Several roads flooded and impassable, including portions of McFarland Blvd and University Blvd, along with several stalled out vehicles.","A combination of high values of precipitable water and weak mid level flow produced favorable conditions for slow moving thunderstorms with high rainfall rates, resulting in separate flash flood events within the city limits of Tuscaloosa.",448
974972,TUSCALOOSA CO.,RIVER VIEW,07/24/2021,1845,Flash Flood, , ,0,0,0,0,AL,CST-6, ,161440,C,125,BMX,0,0,Department of Highways,Heavy Rain, , ,1.38,SE,1.78,W,HOLT JCT,07/24/2021,2015,33.2074,-87.5313,33.2205,-87.5125,"A nearly stationary thunderstorm developed over the city of Tuscaloosa and produced rainfall totals of 1 to 2 inches in a short period of time.  Several locations along McFarland Blvd were under water and impassable.","A combination of high values of precipitable water and weak mid level flow produced favorable conditions for slow moving thunderstorms with high rainfall rates, resulting in separate flash flood events within the city limits of Tuscaloosa.",449
969291,MORGAN CO.,LACON,07/25/2021,1805,Flash Flood, , ,0,0,0,0,AL,CST-6, ,159244,C,103,HUN,0,0,Trained Spotter,Heavy Rain, , ,0.69,N,0.45,WNW,LACON,07/26/2021,0,34.34,-86.9,34.3329,-86.9106,"Trained spotter reported 6 to 8 inches of moving water across the intersection of Highway 31 and Lacon Road.","Thunderstorms repeatedly trained Southwestward across Morgan County, producing large swaths of rainfall amounts between 3 to 6 inches over 2-3 hours on the evening of the 25th.",450
974979,SHELBY CO.,SCOTROCK,07/27/2021,1437,Flash Flood, , ,0,0,0,0,AL,CST-6, ,161441,C,117,BMX,0,0,Public,Heavy Rain, , ,0.9,W,1.42,ENE,SCOTROCK,07/27/2021,1630,33.2494,-86.8355,33.2572,-86.802,"Significant flooding in the city of Alabaster.  Water over bridges and several roads impassable including Highway 119, Highway 31, 1st Street West, and Highway 11.","The base of an upper trough nosed into north Alabama and provided lift along a diffuse surface boundary.  Thunderstorms with heavy rainfall developed along and south of the Interstate 20 corridor during the afternoon hours.  A few of the storms produced rainfall totals of 1 to 3 inches in a short period of time.",451
981037,MONTGOMERY CO.,PIKE ROAD,08/02/2021,1430,Flash Flood, , ,0,0,0,0,AL,CST-6, ,162506,C,101,BMX,0,0,Broadcast Media,Heavy Rain, , ,1.88,W,2.69,ENE,MT MEIGS STATION,08/02/2021,1630,32.2753,-86.1317,32.4152,-86.086,"A merger of thunderstorms over eastern portions of the Montgomery area produced intense rainfall rates and resulted in flash flooding.  The flooding caused water to enter several  homes and water boat rescues of persons trapped in vehicles.  Some of the flooded roads include Glynnwood Drive, Breckenridge Drive, and Vaughn Road.","An upper level disturbance enhanced convective activity along a stalled out cold front near the I-85 corridor. The storms produced periods very heavy rainfall, damaging winds, and frequent lightning across Montgomery County.",452
981040,JEFFERSON CO.,(BHM)BIRMINGHAM ARPT,08/10/2021,1430,Flash Flood, , ,0,0,0,0,AL,CST-6, ,162508,C,73,BMX,0,0,Law Enforcement,Heavy Rain, , ,1.99,WNW,1.99,NNW,(BHM)BIRMINGHAM ARPT,08/10/2021,1600,33.5859,-86.7788,33.5918,-86.7649,"A few roads were flooded and impassable in Tarrant.","Only a few storms developed across Central Alabama during the afternoon of August 10th, but the atmosphere was primed for damaging winds. Local analysis of microburst parameters indicated a high potential for microbursts, with weak steering winds aloft that  would also support localized flooding.",453
982959,COLBERT CO.,MUSCLE SHOALS,08/13/2021,1550,Flash Flood, , ,0,0,0,0,AL,CST-6, ,159939,C,33,HUN,0,0,Emergency Manager,Heavy Rain, , ,0.69,S,0.69,S,MUSCLE SHOALS,08/13/2021,2100,34.74,-87.67,34.7443,-87.6696,"Woodward Avenue covered in 4 to 6 inches of moving water in Muscle Shoals.","Scattered to numerous thunderstorms erupted during the afternoon hours in northwest into north central Alabama. The thunderstorms knocked a couple of trees down and produced flash flooding in Colbert County.",454
982965,COLBERT CO.,TUSCUMBIA,08/13/2021,1611,Flash Flood, , ,0,0,0,0,AL,CST-6, ,159939,C,33,HUN,0,0,Emergency Manager,Heavy Rain, , ,0.89,NW,1.2,NW,TUSCUMBIA,08/13/2021,2200,34.74,-87.71,34.7394,-87.7156,"Wheeler Avenue and Blackwell Roads reported with at least 6 inches of moving water across them.","Scattered to numerous thunderstorms erupted during the afternoon hours in northwest into north central Alabama. The thunderstorms knocked a couple of trees down and produced flash flooding in Colbert County.",455
982971,COLBERT CO.,TUSCUMBIA,08/13/2021,1631,Flash Flood, , ,0,0,0,0,AL,CST-6, ,159939,C,33,HUN,0,0,Emergency Manager,Heavy Rain, , ,0.69,N,0.52,N,TUSCUMBIA,08/13/2021,2300,34.74,-87.7,34.7401,-87.7021,"Flooding reported at the intersection of North Cave Street and North Commons Street. Photos on social media show cars stalled in the floodwaters in the area.","Scattered to numerous thunderstorms erupted during the afternoon hours in northwest into north central Alabama. The thunderstorms knocked a couple of trees down and produced flash flooding in Colbert County.",456
982947,JACKSON CO.,KYLES,08/15/2021,1910,Flash Flood, , ,0,0,0,0,AL,CST-6, ,159938,C,71,HUN,0,0,Emergency Manager,Heavy Rain, , ,0.57,W,0.29,W,KYLES,08/16/2021,200,34.8,-86.01,34.7984,-86.0291,"County Road 32 in Hollywood had 4 to 6 inches of slowing water reported covering the roadway.","Thunderstorms repeatedly moved across the area on the afternoon of the 15th, producing flash flooding in Jackson County.",457
979783,DALE CO.,MIDLAND CITY,08/16/2021,1948,Flash Flood, , ,0,0,0,0,AL,CST-6, ,162301,C,45,TAE,0,0,911 Call Center,Heavy Rain / Tropical System, , ,0.69,N,0.6,N,MIDLAND CITY,08/16/2021,2145,31.32,-85.49,31.319,-85.488,"Daniel Street was closed due to water over the roadway.","After moving across the Greater Antilles and weakening, the remnants of Tropical Storm Fred strengthened into a tropical storm once again in the Gulf of Mexico and made landfall near Cape San Blas with maximum sustained winds near 65 mph on August 16th. The storm brought flooding and strong winds to numerous areas of the tri-state region.  Rainfall amounts were generally in the 3 to 9 inch range with the highest amounts in Bay and Washington counties.  Inundation along the coast generally remained below 3 ft MHHW, except for Apalachicola which measured 3.37 ft MHHW.  One man was injured when a tree fell onto his car in Millville in Bay county, and one indirect fatality of a 51 year old male occurred due to hydroplaning in Bay county.",458
982977,FRANKLIN CO.,PHIL CAMPBELL,08/19/2021,1622,Flash Flood, , ,0,0,0,0,AL,CST-6, ,160011,C,59,HUN,0,0,Broadcast Media,Heavy Rain, , ,1.33,WSW,0.74,SE,LIBERTY HILL,08/19/2021,2200,34.34,-87.72,34.3442,-87.7622,"College Road is under at least 6 inches of moving water in several locations.","Thunderstorms developed around midday across portions of Northwestern Alabama. They repeatedly moved across Phil Campbell in Franklin County, flooding much of the city and washing away several roads. At one point, nearly every road in Phil Campbell was under water during this event. Several bridges were covered by FEET of water at one point, with portions of railroad tracks washing away too.",459
982982,FRANKLIN CO.,PHIL CAMPBELL,08/19/2021,1626,Flash Flood, , ,0,0,0,0,AL,CST-6, ,160011,C,59,HUN,0,0,Broadcast Media,Heavy Rain, , ,1.33,WNW,1.13,WNW,PHIL CAMPBELL,08/19/2021,2200,34.36,-87.72,34.3579,-87.7212,"Bridge on Nix Ridge Road is under 2 feet of water.","Thunderstorms developed around midday across portions of Northwestern Alabama. They repeatedly moved across Phil Campbell in Franklin County, flooding much of the city and washing away several roads. At one point, nearly every road in Phil Campbell was under water during this event. Several bridges were covered by FEET of water at one point, with portions of railroad tracks washing away too.",460
982988,FRANKLIN CO.,PHIL CAMPBELL,08/19/2021,1637,Flash Flood, , ,0,0,0,0,AL,CST-6, ,160011,C,59,HUN,0,0,Emergency Manager,Heavy Rain, , ,0.57,W,0.35,SW,PHIL CAMPBELL,08/19/2021,2200,34.35,-87.71,34.3431,-87.7095,"Railroad tracks have been washed out in addition to several bridges with water over them. Most area roads have at least 6 inches of water over them throughout Phil Campbell.","Thunderstorms developed around midday across portions of Northwestern Alabama. They repeatedly moved across Phil Campbell in Franklin County, flooding much of the city and washing away several roads. At one point, nearly every road in Phil Campbell was under water during this event. Several bridges were covered by FEET of water at one point, with portions of railroad tracks washing away too.",461
982990,FRANKLIN CO.,PHIL CAMPBELL,08/19/2021,1645,Flash Flood, , ,0,0,0,0,AL,CST-6, ,160011,C,59,HUN,0,0,Broadcast Media,Heavy Rain, , ,1.33,WSW,1.66,ESE,LIBERTY HILL,08/19/2021,2200,34.34,-87.72,34.341,-87.7455,"Part of College Street has been washed away.","Thunderstorms developed around midday across portions of Northwestern Alabama. They repeatedly moved across Phil Campbell in Franklin County, flooding much of the city and washing away several roads. At one point, nearly every road in Phil Campbell was under water during this event. Several bridges were covered by FEET of water at one point, with portions of railroad tracks washing away too.",462
983274,MOBILE CO.,(MOB)MOBILE BATES FL,08/30/2021,1033,Flash Flood, , ,0,0,0,0,AL,CST-6, ,161166,C,97,MOB,0,0,NWS Employee,Heavy Rain / Tropical System, , ,1.64,SSW,1.34,SSW,(MOB)MOBILE BATES FL,08/30/2021,1500,30.6585,-88.2417,30.6582,-88.2352,"An off duty employee observed up to one foot of water rapidly flowing across the roadway.","Hurricane Ida rapidly intensified overnight on August 28th into the morning of August 29th into strong category 4 Hurricane as it approached the northern Gulf coast. Ida made landfall across southeast Louisiana during the late morning on August 29th. Ida turned north and northeast across central Mississippi during late afternoon and evening on Monday, August 30th. ||The core of the hurricane force winds was relatively small, only extending out from the center about 50 miles. However tropical storm force winds extended outward over 150 miles from the center. This brought tropical storm force wind gusts to southeast Mississippi and much of southwest Alabama, with a brief period of sustained tropical storm force winds to coastal Alabama. Wind gusts of 40 to 60 mph were recorded  across southeast Mississippi and southwestern Alabama. The tropical storm force winds also downed several trees across the area.||The highest storm surge inundation values observed were between 3 to 4.5 feet MHHW across southern Mobile county up into the far north end of Mobile Bay. Storm surge surveys indicated the highest water levels were in the Bayou La Batre area along and near Shell Belt Road where peak water levels were in the 4 to 4.5 feet MHHW range. ||The slow movement of the storm caused widespread flooding especially across southeast Mississippi and portions of southwest Alabama. Rainfall amounts of anywhere from 7 to 12 inches were recorded across southeast Mississippi and portions of southwest Alabama. This led to significant flash flooding along with significant river flooding.||Two tornadoes during the afternoon on August 30th. An EF-1 in northern Mobile County and an EF-1 in southern Clarke County.||Here is a breakdown of county impacts:||Stone County MS: Tropical storm force wind gusts downed several trees in Stone|County. Seven to ten inches of rain was recorded and one road had to be barricaded due to flooding. The low lying red creek and mill creek areas experienced flooding, impacting two RV parks.||George County MS: Eight to twelve inches of rain fell across George county which|resulted in significant flash flooding. A portion of Highway 26 collapsed just west of Lucedale, killing three people and injuring seven others. Eleven other roads were significantly flooded and had some form of washout or damage.||Mobile County AL: The west end of Dauphin Island was significantly impacted by Ida|from a combination of high surf, storm surge, and tropical storm force winds. Three miles of Bienville boulevard was impassable due to surge flooding and sand up to four feet deep. The high surf also produced minor damage to a few homes on the west end. Power poles were also knocked down on the island. Storm surge inundation peaked|between 3 and 4.5 feet MHHW across southern Mobile county up into the far north end of Mobile Bay. The highest tidal gauge readings were 3.78 feet MHHW at Coast Guard sector Mobile and 3.82 feet MHHW at the Bayou La Batre bridge. Storm surge surveys along Shell Belt road in Bayou La Batre indicated water lines that reached between 4-4.5 feet.||This surge flooding resulted in closures of low lying coastal roads, such as Shell Belt road, the US Highway 90 causeway, the foot of the Dog river bridge, and the Dauphin Island causeway. Coastal flooding persisted across three high tide cycles which resulted in prolonged closures. Observations at Dauphin Island and Buccaneer Yacht Club on|Mobile Bay measured brief sustained periods of tropical storm force winds between 40-45 mph. Gusts of 50 to 60 mph were recorded in heavier rain bands across central and southern Mobile county. An EF-1 tornado impacted parts of Saraland, Satsuma, and Creola early in the afternoon on August 30th, resulting in three injuries. Rainfall|totals of 8 to 11 inches were recorded across the county, especially in southern and central portions. This heavy rainfall led to some urban flooding in neighborhoods and damaged some drainage culverts.||Baldwin County AL: Storm surge inundation of 3 to 4 feet above normally dry ground was recorded from Weeks Bay northward. This resulted in flooding of low lying areas and closure of the US Highway 90 Causeway. Five to nine inches of rain was measured across Baldwin county, which resulted in areas of flash flooding. A portion of River Road along Styx River was washed out due to heavy rainfall and flooding. A few drainage culverts were also significant damaged in the county. Tropical storm conditions were confined primarily to immediate coastal areas, particularly along the Fort Morgan peninsula.||Clarke County AL: An EF-1 Tornado impacted portions of southern Clarke County, significantly damaging a couple of structures.||Escambia County FL: High surf of at least ten feet resulted in significant flooding and sand on coastal roadways along the Gulf Islands National Seashore. Portions of the road and access areas were closed for an extended period of time.||Santa Rosa County FL: High surf of at least ten feet resulted in significant flooding and sand along the Gulf Islands National Seashore. Portions of the road and access areas were closed for and extended period of time.||Okaloosa County FL: Strong rip currents produced by Ida resulted in two rip current fatalities in the wake of the storm. One occurred on September 1st when a 14 year old teen drowned off a Destin Beach. The other fatality occurred on September 4th when a 58 year old man drowned off Henderson Beach State Park.",463
983276,MOBILE CO.,SEVEN HILLS,08/30/2021,1303,Flash Flood, , ,0,0,0,0,AL,CST-6, ,161166,C,97,MOB,0,0,County Official,Heavy Rain / Tropical System, , ,1.11,WNW,0.78,W,SEVEN HILLS,08/30/2021,1500,30.6566,-88.3171,30.6499,-88.3186,"Heavy rain caused water to cover roadways on Airport Blvd west of Johnson Road, Newman Road between Airport Blvd and Busby Road, Gaston Loop at Tom Gaston Road, Cat Deakle Road west of Gaston Loop and Tanner Williams at Hubert Pierce.","Hurricane Ida rapidly intensified overnight on August 28th into the morning of August 29th into strong category 4 Hurricane as it approached the northern Gulf coast. Ida made landfall across southeast Louisiana during the late morning on August 29th. Ida turned north and northeast across central Mississippi during late afternoon and evening on Monday, August 30th. ||The core of the hurricane force winds was relatively small, only extending out from the center about 50 miles. However tropical storm force winds extended outward over 150 miles from the center. This brought tropical storm force wind gusts to southeast Mississippi and much of southwest Alabama, with a brief period of sustained tropical storm force winds to coastal Alabama. Wind gusts of 40 to 60 mph were recorded  across southeast Mississippi and southwestern Alabama. The tropical storm force winds also downed several trees across the area.||The highest storm surge inundation values observed were between 3 to 4.5 feet MHHW across southern Mobile county up into the far north end of Mobile Bay. Storm surge surveys indicated the highest water levels were in the Bayou La Batre area along and near Shell Belt Road where peak water levels were in the 4 to 4.5 feet MHHW range. ||The slow movement of the storm caused widespread flooding especially across southeast Mississippi and portions of southwest Alabama. Rainfall amounts of anywhere from 7 to 12 inches were recorded across southeast Mississippi and portions of southwest Alabama. This led to significant flash flooding along with significant river flooding.||Two tornadoes during the afternoon on August 30th. An EF-1 in northern Mobile County and an EF-1 in southern Clarke County.||Here is a breakdown of county impacts:||Stone County MS: Tropical storm force wind gusts downed several trees in Stone|County. Seven to ten inches of rain was recorded and one road had to be barricaded due to flooding. The low lying red creek and mill creek areas experienced flooding, impacting two RV parks.||George County MS: Eight to twelve inches of rain fell across George county which|resulted in significant flash flooding. A portion of Highway 26 collapsed just west of Lucedale, killing three people and injuring seven others. Eleven other roads were significantly flooded and had some form of washout or damage.||Mobile County AL: The west end of Dauphin Island was significantly impacted by Ida|from a combination of high surf, storm surge, and tropical storm force winds. Three miles of Bienville boulevard was impassable due to surge flooding and sand up to four feet deep. The high surf also produced minor damage to a few homes on the west end. Power poles were also knocked down on the island. Storm surge inundation peaked|between 3 and 4.5 feet MHHW across southern Mobile county up into the far north end of Mobile Bay. The highest tidal gauge readings were 3.78 feet MHHW at Coast Guard sector Mobile and 3.82 feet MHHW at the Bayou La Batre bridge. Storm surge surveys along Shell Belt road in Bayou La Batre indicated water lines that reached between 4-4.5 feet.||This surge flooding resulted in closures of low lying coastal roads, such as Shell Belt road, the US Highway 90 causeway, the foot of the Dog river bridge, and the Dauphin Island causeway. Coastal flooding persisted across three high tide cycles which resulted in prolonged closures. Observations at Dauphin Island and Buccaneer Yacht Club on|Mobile Bay measured brief sustained periods of tropical storm force winds between 40-45 mph. Gusts of 50 to 60 mph were recorded in heavier rain bands across central and southern Mobile county. An EF-1 tornado impacted parts of Saraland, Satsuma, and Creola early in the afternoon on August 30th, resulting in three injuries. Rainfall|totals of 8 to 11 inches were recorded across the county, especially in southern and central portions. This heavy rainfall led to some urban flooding in neighborhoods and damaged some drainage culverts.||Baldwin County AL: Storm surge inundation of 3 to 4 feet above normally dry ground was recorded from Weeks Bay northward. This resulted in flooding of low lying areas and closure of the US Highway 90 Causeway. Five to nine inches of rain was measured across Baldwin county, which resulted in areas of flash flooding. A portion of River Road along Styx River was washed out due to heavy rainfall and flooding. A few drainage culverts were also significant damaged in the county. Tropical storm conditions were confined primarily to immediate coastal areas, particularly along the Fort Morgan peninsula.||Clarke County AL: An EF-1 Tornado impacted portions of southern Clarke County, significantly damaging a couple of structures.||Escambia County FL: High surf of at least ten feet resulted in significant flooding and sand on coastal roadways along the Gulf Islands National Seashore. Portions of the road and access areas were closed for an extended period of time.||Santa Rosa County FL: High surf of at least ten feet resulted in significant flooding and sand along the Gulf Islands National Seashore. Portions of the road and access areas were closed for and extended period of time.||Okaloosa County FL: Strong rip currents produced by Ida resulted in two rip current fatalities in the wake of the storm. One occurred on September 1st when a 14 year old teen drowned off a Destin Beach. The other fatality occurred on September 4th when a 58 year old man drowned off Henderson Beach State Park.",464
983292,MOBILE CO.,TILLMANS CORNER,08/31/2021,417,Flash Flood, , ,0,0,0,0,AL,CST-6, ,161166,C,97,MOB,0,0,Public,Heavy Rain / Tropical System, , ,2,NNW,2.41,NNW,TILLMANS CORNER,08/31/2021,600,30.6067,-88.1429,30.6092,-88.1396,"A low water crossing was flooded due to heavy rainfall.","Hurricane Ida rapidly intensified overnight on August 28th into the morning of August 29th into strong category 4 Hurricane as it approached the northern Gulf coast. Ida made landfall across southeast Louisiana during the late morning on August 29th. Ida turned north and northeast across central Mississippi during late afternoon and evening on Monday, August 30th. ||The core of the hurricane force winds was relatively small, only extending out from the center about 50 miles. However tropical storm force winds extended outward over 150 miles from the center. This brought tropical storm force wind gusts to southeast Mississippi and much of southwest Alabama, with a brief period of sustained tropical storm force winds to coastal Alabama. Wind gusts of 40 to 60 mph were recorded  across southeast Mississippi and southwestern Alabama. The tropical storm force winds also downed several trees across the area.||The highest storm surge inundation values observed were between 3 to 4.5 feet MHHW across southern Mobile county up into the far north end of Mobile Bay. Storm surge surveys indicated the highest water levels were in the Bayou La Batre area along and near Shell Belt Road where peak water levels were in the 4 to 4.5 feet MHHW range. ||The slow movement of the storm caused widespread flooding especially across southeast Mississippi and portions of southwest Alabama. Rainfall amounts of anywhere from 7 to 12 inches were recorded across southeast Mississippi and portions of southwest Alabama. This led to significant flash flooding along with significant river flooding.||Two tornadoes during the afternoon on August 30th. An EF-1 in northern Mobile County and an EF-1 in southern Clarke County.||Here is a breakdown of county impacts:||Stone County MS: Tropical storm force wind gusts downed several trees in Stone|County. Seven to ten inches of rain was recorded and one road had to be barricaded due to flooding. The low lying red creek and mill creek areas experienced flooding, impacting two RV parks.||George County MS: Eight to twelve inches of rain fell across George county which|resulted in significant flash flooding. A portion of Highway 26 collapsed just west of Lucedale, killing three people and injuring seven others. Eleven other roads were significantly flooded and had some form of washout or damage.||Mobile County AL: The west end of Dauphin Island was significantly impacted by Ida|from a combination of high surf, storm surge, and tropical storm force winds. Three miles of Bienville boulevard was impassable due to surge flooding and sand up to four feet deep. The high surf also produced minor damage to a few homes on the west end. Power poles were also knocked down on the island. Storm surge inundation peaked|between 3 and 4.5 feet MHHW across southern Mobile county up into the far north end of Mobile Bay. The highest tidal gauge readings were 3.78 feet MHHW at Coast Guard sector Mobile and 3.82 feet MHHW at the Bayou La Batre bridge. Storm surge surveys along Shell Belt road in Bayou La Batre indicated water lines that reached between 4-4.5 feet.||This surge flooding resulted in closures of low lying coastal roads, such as Shell Belt road, the US Highway 90 causeway, the foot of the Dog river bridge, and the Dauphin Island causeway. Coastal flooding persisted across three high tide cycles which resulted in prolonged closures. Observations at Dauphin Island and Buccaneer Yacht Club on|Mobile Bay measured brief sustained periods of tropical storm force winds between 40-45 mph. Gusts of 50 to 60 mph were recorded in heavier rain bands across central and southern Mobile county. An EF-1 tornado impacted parts of Saraland, Satsuma, and Creola early in the afternoon on August 30th, resulting in three injuries. Rainfall|totals of 8 to 11 inches were recorded across the county, especially in southern and central portions. This heavy rainfall led to some urban flooding in neighborhoods and damaged some drainage culverts.||Baldwin County AL: Storm surge inundation of 3 to 4 feet above normally dry ground was recorded from Weeks Bay northward. This resulted in flooding of low lying areas and closure of the US Highway 90 Causeway. Five to nine inches of rain was measured across Baldwin county, which resulted in areas of flash flooding. A portion of River Road along Styx River was washed out due to heavy rainfall and flooding. A few drainage culverts were also significant damaged in the county. Tropical storm conditions were confined primarily to immediate coastal areas, particularly along the Fort Morgan peninsula.||Clarke County AL: An EF-1 Tornado impacted portions of southern Clarke County, significantly damaging a couple of structures.||Escambia County FL: High surf of at least ten feet resulted in significant flooding and sand on coastal roadways along the Gulf Islands National Seashore. Portions of the road and access areas were closed for an extended period of time.||Santa Rosa County FL: High surf of at least ten feet resulted in significant flooding and sand along the Gulf Islands National Seashore. Portions of the road and access areas were closed for and extended period of time.||Okaloosa County FL: Strong rip currents produced by Ida resulted in two rip current fatalities in the wake of the storm. One occurred on September 1st when a 14 year old teen drowned off a Destin Beach. The other fatality occurred on September 4th when a 58 year old man drowned off Henderson Beach State Park.",465
986913,MOBILE CO.,COTTAGE HILL,09/15/2021,1110,Flash Flood, , ,0,0,0,0,AL,CST-6, ,163481,C,97,MOB,0,0,Public,Heavy Rain, , ,2.48,WNW,2.57,WNW,COTTAGE HILL,09/15/2021,1500,30.66,-88.19,30.6614,-88.1902,"Heavy rain caused the intersection to flooded at Hillcrest and Grelot Roads.","Deep tropical moisture from the remnants of Hurricane Nicholas overspread the area and led to the development of bands of very heavy rainfall. The slow motion of these bands produced copious amounts of rain which led to flash flooding across portions of southwest Alabama.",466
986914,MOBILE CO.,BAYOU LA BATRE,09/15/2021,1130,Flash Flood, , ,0,0,0,0,AL,CST-6, ,163481,C,97,MOB,0,0,Public,Heavy Rain, , ,2.19,W,1.19,WSW,BAYOU LA BATRE,09/15/2021,1500,30.3985,-88.2667,30.3918,-88.2605,"Numerous impassable roads due to flooding.","Deep tropical moisture from the remnants of Hurricane Nicholas overspread the area and led to the development of bands of very heavy rainfall. The slow motion of these bands produced copious amounts of rain which led to flash flooding across portions of southwest Alabama.",467
987244,BALDWIN CO.,ORANGE BEACH,09/15/2021,1305,Flash Flood, , ,0,0,0,0,AL,CST-6, ,163481,C,3,MOB,0,0,Emergency Manager,Heavy Rain, , ,2.81,WNW,1.47,N,ORANGE BEACH,09/15/2021,1700,30.2923,-87.615,30.2975,-87.5676,"Williams Silvers Parkway, the east bound lanes of Canal Road, and Jubilee Point Road were all flooded in the Orange Beach area.","Deep tropical moisture from the remnants of Hurricane Nicholas overspread the area and led to the development of bands of very heavy rainfall. The slow motion of these bands produced copious amounts of rain which led to flash flooding across portions of southwest Alabama.",468
987248,BALDWIN CO.,JOSEPHINE,09/15/2021,1305,Flash Flood, , ,0,0,0,0,AL,CST-6, ,163481,C,3,MOB,0,0,Emergency Manager,Heavy Rain, , ,2.32,NW,2.06,E,MIFLIN,09/15/2021,1700,30.3463,-87.5542,30.3635,-87.5563,"County Road 95 between County Road 20 and Fitzpatrick Lane was flooded.","Deep tropical moisture from the remnants of Hurricane Nicholas overspread the area and led to the development of bands of very heavy rainfall. The slow motion of these bands produced copious amounts of rain which led to flash flooding across portions of southwest Alabama.",469
987289,BALDWIN CO.,PERDIDO BEACH,09/15/2021,1345,Flash Flood, , ,0,0,250000,0,AL,CST-6, ,163481,C,3,MOB,0,0,Emergency Manager,Heavy Rain, , ,1.95,ENE,3.66,WNW,PERDIDO BEACH,09/15/2021,1730,30.359,-87.4691,30.3689,-87.5373,"Over 6 inches of rain is just a couple of hours time resulted in significant flash flooding in parts of the Lillian and Seminole areas. In Lillian, fast moving water over Highway 98 washed cars off the road. A water rescue had to be performed at the Lillian Post Office due to a person being trapped in their vehicle. County Road 99 at Pearson Branch Bridge was closed due to flooding.  In Seminole, a portion of Liatrus Lane near Juniper Road caved in with a six to 10 foot sink hole.","Deep tropical moisture from the remnants of Hurricane Nicholas overspread the area and led to the development of bands of very heavy rainfall. The slow motion of these bands produced copious amounts of rain which led to flash flooding across portions of southwest Alabama.",470
987228,COLBERT CO.,LANE SPGS,09/17/2021,1644,Flash Flood, , ,0,0,0,0,AL,CST-6, ,161402,C,33,HUN,0,0,Emergency Manager,Heavy Rain, , ,1.38,N,1.27,NNW,LANE SPGS,09/17/2021,2200,34.85,-87.97,34.8453,-87.9765,"Flash Flooding reported in the 6900 block of North Pike Road.","Showers and thunderstorms repeatedly moved across western portions of Lauderdale and Colbert Counties on the 17th, producing widespread rainfall amounts of 3-6 over a few hours. Heavy rainfall also affected Limestone County, both downtown in Decatur, and north, along the AL/TN border again on the 18th. This led to numerous reports of flooding and flash flooding in and around Cherokee, AL, Ardmore, AL, and in Decatur, AL.",471
987229,COLBERT CO.,MT HESTER,09/17/2021,1713,Flash Flood, , ,0,0,0,0,AL,CST-6, ,161402,C,33,HUN,0,0,Emergency Manager,Heavy Rain, , ,2.37,ESE,1.94,ESE,MT HESTER,09/17/2021,2300,34.71,-87.98,34.7084,-87.9902,"Flash flooding reported in the 11000 block of White Pike Road. Depth of water unknown.","Showers and thunderstorms repeatedly moved across western portions of Lauderdale and Colbert Counties on the 17th, producing widespread rainfall amounts of 3-6 over a few hours. Heavy rainfall also affected Limestone County, both downtown in Decatur, and north, along the AL/TN border again on the 18th. This led to numerous reports of flooding and flash flooding in and around Cherokee, AL, Ardmore, AL, and in Decatur, AL.",472
987230,COLBERT CO.,CHEROKEE,09/17/2021,1731,Flash Flood, , ,0,0,0,0,AL,CST-6, ,161402,C,33,HUN,0,0,Public,Heavy Rain, , ,0.57,W,0.31,W,CHEROKEE,09/17/2021,2300,34.75,-87.98,34.7522,-87.9853,"Flash Flooding was reported at the intersection of Mt Hester Road and Forrest Drive in Cherokee.","Showers and thunderstorms repeatedly moved across western portions of Lauderdale and Colbert Counties on the 17th, producing widespread rainfall amounts of 3-6 over a few hours. Heavy rainfall also affected Limestone County, both downtown in Decatur, and north, along the AL/TN border again on the 18th. This led to numerous reports of flooding and flash flooding in and around Cherokee, AL, Ardmore, AL, and in Decatur, AL.",473
987232,COLBERT CO.,CHEROKEE,09/17/2021,1744,Flash Flood, , ,0,0,0,0,AL,CST-6, ,161402,C,33,HUN,0,0,Emergency Manager,Heavy Rain, , ,0,N,0.45,W,CHEROKEE,09/17/2021,2300,34.75,-87.97,34.7497,-87.9752,"Flash flooding reported at the intersection of Cove Road and Chickasaw Drive.","Showers and thunderstorms repeatedly moved across western portions of Lauderdale and Colbert Counties on the 17th, producing widespread rainfall amounts of 3-6 over a few hours. Heavy rainfall also affected Limestone County, both downtown in Decatur, and north, along the AL/TN border again on the 18th. This led to numerous reports of flooding and flash flooding in and around Cherokee, AL, Ardmore, AL, and in Decatur, AL.",474
987233,COLBERT CO.,CHEROKEE,09/17/2021,1745,Flash Flood, , ,0,0,0,0,AL,CST-6, ,161402,C,33,HUN,0,0,Emergency Manager,Heavy Rain, , ,0.89,NE,1.26,NNE,CHEROKEE,09/17/2021,2300,34.76,-87.96,34.7619,-87.9661,"Flash Flooding was reported at the intersection of 6th and North Pike in Cherokee.","Showers and thunderstorms repeatedly moved across western portions of Lauderdale and Colbert Counties on the 17th, producing widespread rainfall amounts of 3-6 over a few hours. Heavy rainfall also affected Limestone County, both downtown in Decatur, and north, along the AL/TN border again on the 18th. This led to numerous reports of flooding and flash flooding in and around Cherokee, AL, Ardmore, AL, and in Decatur, AL.",475
987234,COLBERT CO.,CHEROKEE,09/17/2021,1754,Flash Flood, , ,0,0,0,0,AL,CST-6, ,161402,C,33,HUN,0,0,Emergency Manager,Heavy Rain, , ,2.68,NE,3.46,NE,CHEROKEE,09/17/2021,2300,34.78,-87.94,34.7747,-87.9401,"Flash flooding reported at the intersection of Mulberry Lane and Moody Lane in Cherokee.","Showers and thunderstorms repeatedly moved across western portions of Lauderdale and Colbert Counties on the 17th, producing widespread rainfall amounts of 3-6 over a few hours. Heavy rainfall also affected Limestone County, both downtown in Decatur, and north, along the AL/TN border again on the 18th. This led to numerous reports of flooding and flash flooding in and around Cherokee, AL, Ardmore, AL, and in Decatur, AL.",476
987235,COLBERT CO.,CHEROKEE,09/17/2021,1812,Flash Flood, , ,0,0,0,0,AL,CST-6, ,161402,C,33,HUN,0,0,Emergency Manager,Heavy Rain, , ,2.27,E,1.75,E,CHEROKEE,09/18/2021,200,34.75,-87.93,34.7448,-87.9283,"Flash flooding was reported at the intersection of Old Lee Highway and Barnes Lane in Cherokee.","Showers and thunderstorms repeatedly moved across western portions of Lauderdale and Colbert Counties on the 17th, producing widespread rainfall amounts of 3-6 over a few hours. Heavy rainfall also affected Limestone County, both downtown in Decatur, and north, along the AL/TN border again on the 18th. This led to numerous reports of flooding and flash flooding in and around Cherokee, AL, Ardmore, AL, and in Decatur, AL.",477
987237,COLBERT CO.,SHEFFIELD,09/17/2021,1816,Flash Flood, , ,0,0,0,0,AL,CST-6, ,161402,C,33,HUN,0,0,Emergency Manager,Heavy Rain, , ,0.89,SE,1.05,SSE,SHEFFIELD,09/18/2021,200,34.76,-87.69,34.7571,-87.6905,"Flash Flooding was reported at the intersection of North Jackson Highway and E 2nd Street.","Showers and thunderstorms repeatedly moved across western portions of Lauderdale and Colbert Counties on the 17th, producing widespread rainfall amounts of 3-6 over a few hours. Heavy rainfall also affected Limestone County, both downtown in Decatur, and north, along the AL/TN border again on the 18th. This led to numerous reports of flooding and flash flooding in and around Cherokee, AL, Ardmore, AL, and in Decatur, AL.",478
987239,COLBERT CO.,LANE SPGS,09/17/2021,1816,Flash Flood, , ,0,0,0,0,AL,CST-6, ,161402,C,33,HUN,0,0,Emergency Manager,Heavy Rain, , ,0.57,E,0.34,ENE,LANE SPGS,09/18/2021,200,34.83,-87.96,34.8334,-87.9586,"Flash flooding reported at the intersection of North Pike and Riverton Rose Trace.","Showers and thunderstorms repeatedly moved across western portions of Lauderdale and Colbert Counties on the 17th, producing widespread rainfall amounts of 3-6 over a few hours. Heavy rainfall also affected Limestone County, both downtown in Decatur, and north, along the AL/TN border again on the 18th. This led to numerous reports of flooding and flash flooding in and around Cherokee, AL, Ardmore, AL, and in Decatur, AL.",479
984793,JEFFERSON CO.,PATTON CHAPLE,09/18/2021,830,Flash Flood, , ,0,0,0,0,AL,CST-6, ,163105,C,73,BMX,0,0,Broadcast Media,Heavy Rain, , ,1.04,S,1.82,N,PATTON CHAPLE,09/18/2021,1030,33.365,-86.829,33.415,-86.827,"Patton Creek overflowed its bank in several locations in Hoover and Vestavia Hills.|Flooding occurred near the Hoover Country Club with water entering several nearby residences. At least six inches of water flowed over Highway 31 where it crossed Patton Creek in Vestavia Hills.","A tropical air mass covered Alabama on September 18-19 with precipitable water values over 2 inches. An nearly stationary upper low near the Texas and Louisiana state line provided lift and instability for showers and thunderstorms across the Central Gulf States. An inverted surface trough was located along the I-20 corridor on September 18th, and provided a focus for slow moving thunderstorms that produced flash flooding across Tuscaloosa, Jefferson and Shelby counties. The upper trough moved slightly eastward on the 19th and the flooding threat shifted to areas east of I-65.",480
984794,SHELBY CO.,ACTON,09/18/2021,900,Flash Flood, , ,0,0,0,0,AL,CST-6, ,163105,C,117,BMX,0,0,Public,Heavy Rain, , ,1.37,ESE,2.05,E,ACTON,09/18/2021,1100,33.3412,-86.7988,33.3491,-86.7844,"Six to twelve inches of water flowing across Southgate Drive in Pelham.","A tropical air mass covered Alabama on September 18-19 with precipitable water values over 2 inches. An nearly stationary upper low near the Texas and Louisiana state line provided lift and instability for showers and thunderstorms across the Central Gulf States. An inverted surface trough was located along the I-20 corridor on September 18th, and provided a focus for slow moving thunderstorms that produced flash flooding across Tuscaloosa, Jefferson and Shelby counties. The upper trough moved slightly eastward on the 19th and the flooding threat shifted to areas east of I-65.",481
984795,TUSCALOOSA CO.,VETERANS HOSPITAL,09/18/2021,1130,Flash Flood, , ,1,0,0,0,AL,CST-6, ,163105,C,125,BMX,0,0,Public,Heavy Rain, , ,1.6,SW,1.62,NNE,TAYLORVILLE,09/18/2021,1530,33.165,-87.601,33.18,-87.529,"Severe flooding across the cities of Northport and Tuscaloosa.  Water was 2-3 feet deep along portions of 14th Avenue in the city of Tuscaloosa with numerous roads flooded and impassable across the city. One fatality was reported near the intersection of Greensboro Avenue and 24th Street as a vehicle was swept off the road and into a drainage ditch.","A tropical air mass covered Alabama on September 18-19 with precipitable water values over 2 inches. An nearly stationary upper low near the Texas and Louisiana state line provided lift and instability for showers and thunderstorms across the Central Gulf States. An inverted surface trough was located along the I-20 corridor on September 18th, and provided a focus for slow moving thunderstorms that produced flash flooding across Tuscaloosa, Jefferson and Shelby counties. The upper trough moved slightly eastward on the 19th and the flooding threat shifted to areas east of I-65.",482
987222,LIMESTONE CO.,ARDMORE,09/18/2021,1503,Flash Flood, , ,0,0,0,0,AL,CST-6, ,161402,C,83,HUN,0,0,Emergency Manager,Heavy Rain, , ,0.89,SE,0.99,SE,ARDMORE,09/18/2021,2100,34.99,-86.84,34.9891,-86.8401,"Occupants of a vehicle rescued from a flooded ditch at Park Avenue in Ardmore, AL.","Showers and thunderstorms repeatedly moved across western portions of Lauderdale and Colbert Counties on the 17th, producing widespread rainfall amounts of 3-6 over a few hours. Heavy rainfall also affected Limestone County, both downtown in Decatur, and north, along the AL/TN border again on the 18th. This led to numerous reports of flooding and flash flooding in and around Cherokee, AL, Ardmore, AL, and in Decatur, AL.",483
987223,LIMESTONE CO.,HOLLAND GIN,09/18/2021,1616,Flash Flood, , ,0,0,0,0,AL,CST-6, ,161402,C,83,HUN,0,0,Emergency Manager,Heavy Rain, , ,1.38,S,1.84,SW,ARDMORE ARPT,09/18/2021,2200,34.95,-86.9,34.9904,-86.8892,"Multiple vehicles submerged in the floodwaters between Ardmore and Elkmont. Depth of water unknown.","Showers and thunderstorms repeatedly moved across western portions of Lauderdale and Colbert Counties on the 17th, producing widespread rainfall amounts of 3-6 over a few hours. Heavy rainfall also affected Limestone County, both downtown in Decatur, and north, along the AL/TN border again on the 18th. This led to numerous reports of flooding and flash flooding in and around Cherokee, AL, Ardmore, AL, and in Decatur, AL.",484
987224,LIMESTONE CO.,ARDMORE ARPT,09/18/2021,1635,Flash Flood, , ,0,0,0,0,AL,CST-6, ,161402,C,83,HUN,0,0,Broadcast Media,Heavy Rain, , ,0.89,SW,0.68,SW,ARDMORE ARPT,09/18/2021,2200,34.99,-86.89,34.9864,-86.8927,"Barnes Road washed out in Ardmore, AL.","Showers and thunderstorms repeatedly moved across western portions of Lauderdale and Colbert Counties on the 17th, producing widespread rainfall amounts of 3-6 over a few hours. Heavy rainfall also affected Limestone County, both downtown in Decatur, and north, along the AL/TN border again on the 18th. This led to numerous reports of flooding and flash flooding in and around Cherokee, AL, Ardmore, AL, and in Decatur, AL.",485
987226,MORGAN CO.,DECATUR,09/18/2021,1700,Flash Flood, , ,0,0,0,0,AL,CST-6, ,161402,C,103,HUN,0,0,Emergency Manager,Heavy Rain, , ,0.79,SSW,0.9,SSW,DECATUR,09/18/2021,2300,34.6094,-86.9852,34.6065,-86.9899,"Lee Street in front of the Courthouse is under water. Parts of Church Street also underwater, affecting businesses. Fire and Police Dept assisting motorists in the area. Depth of water unknown.","Showers and thunderstorms repeatedly moved across western portions of Lauderdale and Colbert Counties on the 17th, producing widespread rainfall amounts of 3-6 over a few hours. Heavy rainfall also affected Limestone County, both downtown in Decatur, and north, along the AL/TN border again on the 18th. This led to numerous reports of flooding and flash flooding in and around Cherokee, AL, Ardmore, AL, and in Decatur, AL.",486
982151,GENEVA CO.,SELLERSVILLE,09/18/2021,1830,Flash Flood, , ,0,0,5000,0,AL,CST-6, ,162662,C,61,TAE,0,0,Social Media,Heavy Rain, , ,1.21,W,1.34,WNW,SELLERSVILLE,09/18/2021,2100,31.1166,-86.02,31.1224,-86.007,"A picture was posted on social media of Coffee Springs Road partially washed out heading into Sellersville from Samson.","Slow moving thunderstorms resulted in flash flooding and a road washout in Geneva County.",487
987202,JACKSON CO.,GARTH,09/19/2021,629,Flash Flood, , ,0,0,0,0,AL,CST-6, ,161401,C,71,HUN,0,0,Emergency Manager,Heavy Rain, , ,0.69,N,1.08,ESE,GARTH,09/19/2021,1122,34.73,-86.3,34.7159,-86.2916,"Water over Hwy 65 near Garth. Time estimated from radar.","Showers and thunderstorms repeatedly moved across Northern Madison and into Western Jackson Counties during the mid-morning hours, lingering into the afternoon hours on the 19th. Numerous flooding reports were received as 3-5 of rainfall occurred, resulting in 1 fatality in Northern Madison County.",488
987203,MADISON CO.,GURLEY,09/19/2021,830,Flash Flood, , ,0,0,0,0,AL,CST-6, ,161401,C,89,HUN,0,0,Public,Heavy Rain, , ,0.89,SE,2.14,SE,GURLEY,09/29/2021,1324,34.69,-86.37,34.6687,-86.3409,"Car submerged on Hwy 72 between Gurley and Paint Rock. Image seen on social media.","Showers and thunderstorms repeatedly moved across Northern Madison and into Western Jackson Counties during the mid-morning hours, lingering into the afternoon hours on the 19th. Numerous flooding reports were received as 3-5 of rainfall occurred, resulting in 1 fatality in Northern Madison County.",489
987206,MADISON CO.,HAZEL GREEN,09/19/2021,1430,Flash Flood, , ,1,0,0,0,AL,CST-6, ,161401,C,89,HUN,0,0,Emergency Manager,Heavy Rain, , ,0.89,NE,1.16,NE,HAZEL GREEN,09/19/2021,2027,34.94,-86.57,34.9369,-86.5699,"A 35 year old man drowned as a strong water current pulled him into a nearby drainage pipe along Bullard Road.","Showers and thunderstorms repeatedly moved across Northern Madison and into Western Jackson Counties during the mid-morning hours, lingering into the afternoon hours on the 19th. Numerous flooding reports were received as 3-5 of rainfall occurred, resulting in 1 fatality in Northern Madison County.",490
984796,TALLAPOOSA CO.,ALEXANDER CITY,09/19/2021,1720,Flash Flood, , ,0,0,0,0,AL,CST-6, ,163105,C,123,BMX,0,0,Emergency Manager,Heavy Rain, , ,0.52,W,2.06,ENE,ALEXANDER CITY,09/19/2021,1900,32.95,-85.979,32.959,-85.94,"Several roads flooded and impassable in Alexander City.  Water covered portions of Elkahatchee Road, Center Street, and 12th Avenue North.","A tropical air mass covered Alabama on September 18-19 with precipitable water values over 2 inches. An nearly stationary upper low near the Texas and Louisiana state line provided lift and instability for showers and thunderstorms across the Central Gulf States. An inverted surface trough was located along the I-20 corridor on September 18th, and provided a focus for slow moving thunderstorms that produced flash flooding across Tuscaloosa, Jefferson and Shelby counties. The upper trough moved slightly eastward on the 19th and the flooding threat shifted to areas east of I-65.",491
987241,COLBERT CO.,LEIGHTON,09/20/2021,1901,Flash Flood, , ,0,0,0,0,AL,CST-6, ,161446,C,33,HUN,0,0,Emergency Manager,Heavy Rain, , ,0.57,W,0.16,WSW,LEIGHTON,09/21/2021,100,34.7,-87.53,34.6958,-87.5361,"Leighton Police Dept reports several streets in downtown Leighton under 4-5 feet of water. Also, County Line Road just south of Hwy 20 has about 5-6 feet of water covering it.","Showers and thunderstorms repeatedly moved across Northern Alabama and Southern Middle TN. Numerous roads were closed in Lincoln County, with widespread rainfall amounts of 3-6 across much of the area. Portions of NW Madison received 6-8 over a few hours, leading to flash flooding.",492
987615,WALKER CO.,DORA,10/03/2021,1945,Flash Flood, , ,0,0,0,0,AL,CST-6, ,163576,C,127,BMX,0,0,Law Enforcement,Heavy Rain, , ,0,N,0.55,NE,DORA,10/03/2021,2100,33.73,-87.1,33.7364,-87.0895,"Several roads flooded and impassable in the city of Dora.","An upper level trough just west of the Mississippi River on October 3rd become stationary and evolved into a closed upper low by October 5th. The closed upper low remained nearly stationary for 48 hours and before finally lifting northward on October 7th. This system brought a variety of severe weather across Central Alabama over a five day period, including wind damage, large hail and extensive flash flooding. The most impactful flooding taking place during the evening of October 6th. Torrential, training rain and thunderstorms produced excessive rain totals across Blount, Shelby and Jefferson Counties and resulted in two fatalities in Shelby County.",493
988879,BALDWIN CO.,FAIRHOPE,10/04/2021,705,Flash Flood, , ,0,0,0,0,AL,CST-6, ,163785,C,3,MOB,0,0,Emergency Manager,Heavy Rain, , ,2,SE,0.52,E,FAIRHOPE,10/04/2021,1130,30.4995,-87.8762,30.5188,-87.8724,"Heavy rain caused a few roads in Fairhope to be closed due to flooding.","The combination of a stalled front and very slow moving upper level low combined with very deep Gulf moisture to generate rounds of showers and thunderstorms. Rainfall amounts of 4 to 12 inches fell across the area and led to numerous reports of flooding. Significant flash flooding was reported in parts of Escambia County AL, particularly from Brewton east to the Damascus area. The Murder Creek in Brewton crested in moderate flood stage at just under 27 feet on the morning of October 6th.",494
987616,LEE CO.,CHEWACLA,10/04/2021,800,Flash Flood, , ,0,0,0,0,AL,CST-6, ,163576,C,81,BMX,0,0,Department of Highways,Heavy Rain, , ,2.48,ENE,2.42,NE,VALLEY,10/04/2021,1130,32.63,-85.279,32.644,-85.108,"At least six inches of flowing water over Highway 280 near the intersection of Meadows Mill Road.  Lee Road 215 and Lee Road 318 flooded and impassable.","An upper level trough just west of the Mississippi River on October 3rd become stationary and evolved into a closed upper low by October 5th. The closed upper low remained nearly stationary for 48 hours and before finally lifting northward on October 7th. This system brought a variety of severe weather across Central Alabama over a five day period, including wind damage, large hail and extensive flash flooding. The most impactful flooding taking place during the evening of October 6th. Torrential, training rain and thunderstorms produced excessive rain totals across Blount, Shelby and Jefferson Counties and resulted in two fatalities in Shelby County.",495
987617,RUSSELL CO.,LADONIA,10/04/2021,900,Flash Flood, , ,0,0,0,0,AL,CST-6, ,163576,C,113,BMX,0,0,Broadcast Media,Heavy Rain, , ,2.7,NNE,2.7,ENE,LADONIA,10/04/2021,1200,32.508,-85.059,32.472,-85.059,"Extensive flooding in Phenix City with several roads flooded and impassable.","An upper level trough just west of the Mississippi River on October 3rd become stationary and evolved into a closed upper low by October 5th. The closed upper low remained nearly stationary for 48 hours and before finally lifting northward on October 7th. This system brought a variety of severe weather across Central Alabama over a five day period, including wind damage, large hail and extensive flash flooding. The most impactful flooding taking place during the evening of October 6th. Torrential, training rain and thunderstorms produced excessive rain totals across Blount, Shelby and Jefferson Counties and resulted in two fatalities in Shelby County.",496
987618,LOWNDES CO.,LOWNDESBORO,10/04/2021,1330,Flash Flood, , ,0,0,0,0,AL,CST-6, ,163576,C,85,BMX,0,0,Emergency Manager,Heavy Rain, , ,2.7,WNW,4.14,NE,MANACK,10/04/2021,1600,32.292,-86.664,32.335,-86.494,"Several roads washed in the city of Lowndessboro and Highway 80 impassable in a few locations.","An upper level trough just west of the Mississippi River on October 3rd become stationary and evolved into a closed upper low by October 5th. The closed upper low remained nearly stationary for 48 hours and before finally lifting northward on October 7th. This system brought a variety of severe weather across Central Alabama over a five day period, including wind damage, large hail and extensive flash flooding. The most impactful flooding taking place during the evening of October 6th. Torrential, training rain and thunderstorms produced excessive rain totals across Blount, Shelby and Jefferson Counties and resulted in two fatalities in Shelby County.",497
988869,WILCOX CO.,CAMDEN MUNI ARPT,10/04/2021,1340,Flash Flood, , ,0,0,0,0,AL,CST-6, ,163785,C,131,MOB,0,0,Emergency Manager,Heavy Rain, , ,2.83,NNE,2.52,NNE,CAMDEN MUNI ARPT,10/04/2021,1759,32.01,-87.32,32.0084,-87.3162,"Heavy rain caused Kennedy Street to be closed due to flooding.","The combination of a stalled front and very slow moving upper level low combined with very deep Gulf moisture to generate rounds of showers and thunderstorms. Rainfall amounts of 4 to 12 inches fell across the area and led to numerous reports of flooding. Significant flash flooding was reported in parts of Escambia County AL, particularly from Brewton east to the Damascus area. The Murder Creek in Brewton crested in moderate flood stage at just under 27 feet on the morning of October 6th.",498
987621,CHILTON CO.,BESSIE,10/04/2021,1530,Flash Flood, , ,0,0,0,0,AL,CST-6, ,163576,C,21,BMX,0,0,911 Call Center,Heavy Rain, , ,2.55,W,1.43,NNW,CLANTON WARE IS ARPT,10/04/2021,1730,32.952,-86.874,32.975,-86.53,"Highway 191 and County Road 37 flooded and impassable.","An upper level trough just west of the Mississippi River on October 3rd become stationary and evolved into a closed upper low by October 5th. The closed upper low remained nearly stationary for 48 hours and before finally lifting northward on October 7th. This system brought a variety of severe weather across Central Alabama over a five day period, including wind damage, large hail and extensive flash flooding. The most impactful flooding taking place during the evening of October 6th. Torrential, training rain and thunderstorms produced excessive rain totals across Blount, Shelby and Jefferson Counties and resulted in two fatalities in Shelby County.",499
988870,BALDWIN CO.,MARLOW,10/04/2021,2320,Flash Flood, , ,0,0,0,0,AL,CST-6, ,163785,C,3,MOB,0,0,Emergency Manager,Heavy Rain, , ,2,W,1.23,WSW,CLAY CITY,10/05/2021,430,30.47,-87.8336,30.472,-87.8344,"Heavy rain caused flooding on Danne Road near the Fairhope community.","The combination of a stalled front and very slow moving upper level low combined with very deep Gulf moisture to generate rounds of showers and thunderstorms. Rainfall amounts of 4 to 12 inches fell across the area and led to numerous reports of flooding. Significant flash flooding was reported in parts of Escambia County AL, particularly from Brewton east to the Damascus area. The Murder Creek in Brewton crested in moderate flood stage at just under 27 feet on the morning of October 6th.",500
