event_id,year,candidate_start_utc,candidate_end_utc,window_start_utc,window_end_utc,rx1h_max_mm,rx1h_max_ratio,rx1h_peak_huc12,rx1h_peak_time_utc,rx1h_affected_huc_count,rx3h_max_mm,rx3h_max_ratio,rx3h_peak_huc12,rx3h_peak_time_utc,rx3h_affected_huc_count,rx6h_max_mm,rx6h_max_ratio,rx6h_peak_huc12,rx6h_peak_time_utc,rx6h_affected_huc_count,rx24h_max_mm,rx24h_max_ratio,rx24h_peak_huc12,rx24h_peak_time_utc,rx24h_affected_huc_count,rx72h_max_mm,rx72h_max_ratio,rx72h_peak_huc12,rx72h_peak_time_utc,rx72h_affected_huc_count,maximum_atlas_ratio,primary_peak_time_utc,primary_duration_hours,affected_huc_union_count,spatial_cluster_count,largest_cluster_huc_count,event_sequence,catalog_event_id,maximum_lower_ari_years,maximum_ratio_to_100yr,atlas_class_huc_count,maximum_recurrence_class,storm_type,storm_subtype,storm_name,classification_confidence,classification_evidence,nearest_tropical_name,nearest_tropical_distance_km,matched_storm_event_count,matched_storm_event_types,matched_flood_event_count,matched_convective_event_count,matched_tropical_event_count,rx1_to_rx24,rx3_to_rx24,rx6_to_rx24,rx24_to_rx72
ALRF-1979-001,1979,1979-03-03 11:00:00+00:00,1979-03-06 18:00:00+00:00,1979-03-02 23:00:00+00:00,1979-03-07 06:00:00+00:00,39.531707763671875,0.899558170458478,031502030103,1979-03-04 02:00:00+00:00,0,90.5538101196289,1.4913004718592462,031502030103,1979-03-04 03:00:00+00:00,47,122.28286743164062,1.6712598457201717,031502030103,1979-03-04 06:00:00+00:00,127,178.08982849121094,1.6946645949267705,031502030103,1979-03-04 06:00:00+00:00,569,186.0962371826172,1.4057010377781798,031502030103,1979-03-04 06:00:00+00:00,257,1.6946645949267705,1979-03-04 06:00:00+00:00,24,569,1,569,1,AL-RF-19790304-0001,25.0,0.8023418021030628,569,25–50-year,Convective candidate,Thunderstorm-associated rainfall,,Low,8 convective/heavy-rain NOAA Storm Events records; rainfall duration signature was not decisive.,,,8,Thunderstorm Wind; Tornado,0,8,0,0.22197622457490793,0.5084726673432554,0.6866358874486508,0.9569770522358841
ALRF-1979-002,1979,1979-04-03 13:00:00+00:00,1979-04-06 07:00:00+00:00,1979-04-03 01:00:00+00:00,1979-04-06 19:00:00+00:00,29.712989807128906,0.683701923753228,031501100301,1979-04-04 12:00:00+00:00,0,54.932334899902344,0.9052423863261909,031501100301,1979-04-04 12:00:00+00:00,0,72.98236083984375,1.008826238467679,031501090201,1979-04-04 12:00:00+00:00,1,143.85211181640625,1.2855718420390767,031502030703,1979-04-03 17:00:00+00:00,51,219.46279907226562,1.56003959222697,031502030703,1979-04-04 12:00:00+00:00,209,1.56003959222697,1979-04-04 12:00:00+00:00,72,209,5,137,2,AL-RF-19790404-0002,10.0,0.6767891784404242,209,10–25-year,Unclassified,Insufficient external evidence,,Low,No nearby HURDAT2 track and no matching Alabama NOAA Storm Events record within the configured time buffer.,,,0,,0,0,0,0.2065523365068886,0.3818667255299713,0.5073429921764983,0.6554737861018441
ALRF-1979-003,1979,1979-04-12 09:00:00+00:00,1979-04-15 17:00:00+00:00,1979-04-11 21:00:00+00:00,1979-04-16 05:00:00+00:00,60.831016540527344,1.3897093939135052,031601060402,1979-04-12 10:00:00+00:00,8,113.74095153808594,1.8562966459919132,031601060402,1979-04-12 12:00:00+00:00,44,133.9588623046875,1.8089705607333941,031601060402,1979-04-12 12:00:00+00:00,72,239.7538299560547,2.290489767198598,031601060402,1979-04-13 08:00:00+00:00,420,305.8859558105469,2.309404287009776,031601060402,1979-04-13 16:00:00+00:00,434,2.309404287009776,1979-04-13 16:00:00+00:00,72,448,1,448,3,AL-RF-19790413-0003,100.0,1.0290837265444903,448,100–200-year,Convective candidate,Thunderstorm-associated rainfall,,Low,12 convective/heavy-rain NOAA Storm Events records; rainfall duration signature was not decisive.,,,12,Thunderstorm Wind; Tornado,0,12,0,0.2537228145705838,0.47440723494983966,0.558735025543664,0.7838013658415501
ALRF-1979-004,1979,1979-04-26 06:00:00+00:00,1979-04-27 14:00:00+00:00,1979-04-25 18:00:00+00:00,1979-04-28 02:00:00+00:00,12.295835494995117,0.28840496736835225,031501090504,1979-04-26 04:00:00+00:00,0,34.625,0.5793358054864681,031501090504,1979-04-26 05:00:00+00:00,0,49.55257797241211,0.6791845002279994,031501090504,1979-04-26 06:00:00+00:00,0,96.60475158691406,0.9182149406572083,031501090502,1979-04-26 06:00:00+00:00,0,154.0158233642578,1.1509439625491726,031501090502,1979-04-27 02:00:00+00:00,11,1.1509439625491726,1979-04-27 02:00:00+00:00,72,11,1,11,4,AL-RF-19790427-0004,2.0,0.5648412094188779,11,2–5-year,Convective candidate,Thunderstorm-associated rainfall,,Low,3 convective/heavy-rain NOAA Storm Events records; rainfall duration signature was not decisive.,,,3,Hail; Thunderstorm Wind,0,3,0,0.1272798210544821,0.35841922298043827,0.5129414149761597,0.6272391334651201
ALRF-1979-005,1979,1979-09-13 08:00:00+00:00,1979-09-16 09:00:00+00:00,1979-09-12 20:00:00+00:00,1979-09-16 21:00:00+00:00,49.62803268432617,1.2263507677660201,060300050803,1979-09-13 12:00:00+00:00,26,98.4223861694336,1.7515854809289597,060300050702,1979-09-13 12:00:00+00:00,70,111.36170196533203,1.6112707873456915,060300050702,1979-09-13 14:00:00+00:00,109,166.92913818359375,1.3867492126745187,031700020605,1979-09-13 21:00:00+00:00,170,172.9498291015625,1.125570275606569,031700020607,1979-09-15 21:00:00+00:00,26,1.7515854809289597,1979-09-13 12:00:00+00:00,3,182,3,86,5,AL-RF-19790913-0005,25.0,0.8625918775114071,182,25–50-year,Tropical cyclone,Hurricane,Frederic,High,HURDAT2 track within 0 km of rainfall footprint; track status=HU; 0 matching tropical NOAA Storm Events records.,Frederic,0.0,1,Tornado,0,1,0,0.2972999994149838,0.5896057886621666,0.6671196124121425,0.9651882227970681
ALRF-1979-006,1979,1979-09-27 11:00:00+00:00,1979-09-30 06:00:00+00:00,1979-09-26 23:00:00+00:00,1979-09-30 18:00:00+00:00,16.418991088867188,0.3854062410537619,031501070301,1979-09-27 10:00:00+00:00,0,45.03668212890625,0.7594292184546032,031501070301,1979-09-27 11:00:00+00:00,0,74.30619049072266,1.0195126919662325,031501070803,1979-09-27 11:00:00+00:00,3,127.01192474365234,1.2547761334536933,060300010802,1979-09-28 06:00:00+00:00,67,134.60719299316406,1.0436798749448633,060300010805,1979-09-28 18:00:00+00:00,7,1.2547761334536933,1979-09-28 06:00:00+00:00,24,68,4,56,6,AL-RF-19790928-0006,5.0,0.5941912053014833,68,5–10-year,Unclassified,Insufficient external evidence,,Low,No nearby HURDAT2 track and no matching Alabama NOAA Storm Events record within the configured time buffer.,,,0,,0,0,0,0.1292712563958508,0.3545862502265327,0.5850331820472333,0.9435745736864342
ALRF-1980-001,1980,1980-03-18 00:00:00+00:00,1980-03-18 00:00:00+00:00,1980-03-17 12:00:00+00:00,1980-03-18 12:00:00+00:00,39.8348503112793,0.7493172439486075,031602030801,1980-03-17 12:00:00+00:00,0,34.50633239746094,0.5957789948195606,060300050507,1980-03-17 12:00:00+00:00,0,68.73963928222656,0.9466645875207313,031502020204,1980-03-17 12:00:00+00:00,0,106.1926498413086,1.0178258572383516,031601110410,1980-03-18 00:00:00+00:00,3,120.75938415527344,0.8711334809821447,060300060104,1980-03-18 02:00:00+00:00,0,1.0178258572383516,1980-03-18 00:00:00+00:00,24,3,1,3,7,AL-RF-19800318-0007,2.0,0.4450336314533978,3,2–5-year,Convective candidate,Thunderstorm-associated rainfall,,Low,4 convective/heavy-rain NOAA Storm Events records; rainfall duration signature was not decisive.,,,4,Thunderstorm Wind; Tornado,0,4,0,0.37511871462674123,0.32494087348819584,0.647310707331903,0.8793738936658139
ALRF-1980-002,1980,1980-03-28 14:00:00+00:00,1980-03-29 09:00:00+00:00,1980-03-28 02:00:00+00:00,1980-03-29 21:00:00+00:00,43.00092315673828,0.7156672116571402,031602040504,1980-03-28 12:00:00+00:00,0,79.99942779541016,0.984844186193902,031602040102,1980-03-28 13:00:00+00:00,0,101.84033203125,1.0180849777995626,031700080205,1980-03-28 14:00:00+00:00,2,115.5280532836914,1.0200194474754594,031502030605,1980-03-28 16:00:00+00:00,2,153.01649475097656,1.0707476036953003,031502030605,1980-03-28 18:00:00+00:00,10,1.0707476036953003,1980-03-28 18:00:00+00:00,72,12,3,6,8,AL-RF-19800328-0008,2.0,0.4701974645120871,12,2–5-year,Unclassified,Insufficient external evidence,,Low,No nearby HURDAT2 track and no matching Alabama NOAA Storm Events record within the configured time buffer.,,,0,,0,0,0,0.3722119600781721,0.6924675481111333,0.8815203678812993,0.755003919490543
ALRF-1980-003,1980,1980-03-30 00:00:00+00:00,1980-03-30 17:00:00+00:00,1980-03-29 12:00:00+00:00,1980-03-31 05:00:00+00:00,16.958406448364258,0.2990641565538906,031403050301,1980-03-29 21:00:00+00:00,0,33.816200256347656,0.5252190027222384,031402020102,1980-03-30 06:00:00+00:00,0,45.62144470214844,0.5891937488907373,031402020102,1980-03-30 06:00:00+00:00,0,84.28107452392578,0.5559851291651023,031700090203,1980-03-30 12:00:00+00:00,0,149.2910919189453,1.0463034738055395,031602010909,1980-03-30 04:00:00+00:00,7,1.0463034738055395,1980-03-30 04:00:00+00:00,72,7,2,5,9,AL-RF-19800330-0009,2.0,0.4713783653781711,7,2–5-year,Unclassified,Insufficient external evidence,,Low,No nearby HURDAT2 track and no matching Alabama NOAA Storm Events record within the configured time buffer.,,,0,,0,0,0,0.20121250878867344,0.4012312425697407,0.5413011753806887,0.5645418855244527
ALRF-1980-004,1980,1980-04-12 11:00:00+00:00,1980-04-15 06:00:00+00:00,1980-04-11 23:00:00+00:00,1980-04-15 18:00:00+00:00,37.64815902709961,0.8650349452069296,031601090402,1980-04-12 12:00:00+00:00,0,73.24543762207031,1.1911166553515915,031601090402,1980-04-12 13:00:00+00:00,13,93.38348388671875,1.2440058169569,031601090402,1980-04-12 13:00:00+00:00,47,150.23194885253906,1.4441415998412481,031601130203,1980-04-12 17:00:00+00:00,160,189.03369140625,1.4484703754995172,031601130201,1980-04-14 03:00:00+00:00,234,1.4484703754995172,1980-04-14 03:00:00+00:00,72,234,4,183,10,AL-RF-19800414-0010,10.0,0.6288946094768038,234,10–25-year,Convective candidate,Thunderstorm-associated rainfall,,Low,17 convective/heavy-rain NOAA Storm Events records; rainfall duration signature was not decisive.,,,17,Hail; Thunderstorm Wind; Tornado,0,17,0,0.25060021729501325,0.4875490079274998,0.6215953703588029,0.7947363654327493
ALRF-1980-005,1980,1980-05-17 10:00:00+00:00,1980-05-19 11:00:00+00:00,1980-05-16 22:00:00+00:00,1980-05-19 23:00:00+00:00,61.280006408691406,1.0400707736637074,031700030402,1980-05-17 12:00:00+00:00,2,86.88729095458984,1.0590182285212404,031700030402,1980-05-17 12:00:00+00:00,1,93.7802963256836,1.0548926648745767,031502040603,1980-05-17 12:00:00+00:00,3,144.06369018554688,1.151497651519168,031502040603,1980-05-17 18:00:00+00:00,47,149.67532348632812,1.153554960226285,060300050508,1980-05-19 05:00:00+00:00,75,1.153554960226285,1980-05-19 05:00:00+00:00,72,100,3,40,11,AL-RF-19800519-0011,2.0,0.5605984733457657,100,2–5-year,Convective,Organized or localized severe convection,,Medium,20 convective/heavy-rain NOAA Storm Events records; Rx3h/Rx24h=0.60.,,,20,Hail; Thunderstorm Wind; Tornado,0,20,0,0.42536746302809403,0.6031172104690872,0.6509641409636199,0.9625079594279692
ALRF-1980-006,1980,1980-05-20 03:00:00+00:00,1980-05-20 07:00:00+00:00,1980-05-19 15:00:00+00:00,1980-05-20 19:00:00+00:00,13.17129898071289,0.29666174705049775,031502030209,1980-05-20 07:00:00+00:00,0,34.11518096923828,0.5472244989627623,031502030302,1980-05-20 08:00:00+00:00,0,47.16885757446289,0.6544040075587696,031501090204,1980-05-20 12:00:00+00:00,0,69.99113464355469,0.6629703362815986,031501100102,1980-05-20 13:00:00+00:00,0,184.87908935546875,1.123593703974072,031700030402,1980-05-20 06:00:00+00:00,8,1.123593703974072,1980-05-20 06:00:00+00:00,72,8,4,4,12,AL-RF-19800520-0012,2.0,0.5178286974896661,8,2–5-year,Convective candidate,Thunderstorm-associated rainfall,,Low,10 convective/heavy-rain NOAA Storm Events records; rainfall duration signature was not decisive.,,,10,Hail; Thunderstorm Wind; Tornado,0,10,0,0.1881852472858261,0.48742145906017065,0.6739261738601713,0.37857788507916157
ALRF-1980-007,1980,1980-09-29 16:00:00+00:00,1980-10-01 11:00:00+00:00,1980-09-29 04:00:00+00:00,1980-10-01 23:00:00+00:00,16.26906967163086,0.37807744478115785,031501100102,1980-09-30 11:00:00+00:00,0,37.77972412109375,0.6260604907203663,031501100202,1980-09-30 12:00:00+00:00,0,47.46541213989258,0.6463720080838231,031501100202,1980-09-30 14:00:00+00:00,0,86.44882202148438,0.8263741527176511,031601110206,1980-09-30 07:00:00+00:00,0,184.83656311035156,1.3948050277603032,031601090106,1980-09-30 15:00:00+00:00,91,1.3948050277603032,1980-09-30 15:00:00+00:00,72,91,3,87,13,AL-RF-19800930-0013,10.0,0.6739061072361744,91,10–25-year,Unclassified,Insufficient external evidence,,Low,No nearby HURDAT2 track and no matching Alabama NOAA Storm Events record within the configured time buffer.,Ivan,5456.113536590681,0,,0,0,0,0.18819307529242735,0.43701837963396056,0.5490579400618832,0.46770411961118585
ALRF-1980-008,1980,1980-10-28 06:00:00+00:00,1980-10-28 09:00:00+00:00,1980-10-27 18:00:00+00:00,1980-10-28 21:00:00+00:00,45.86408615112305,0.875438300202607,031402030203,1980-10-28 12:00:00+00:00,0,72.10167694091797,1.178363452996069,031502020502,1980-10-28 06:00:00+00:00,20,80.90110778808594,1.1115291343822766,031502020602,1980-10-28 09:00:00+00:00,19,84.77503967285156,0.8073733980707208,031601130803,1980-10-28 08:00:00+00:00,0,86.59190368652344,0.659668149648952,031601130803,1980-10-28 09:00:00+00:00,0,1.178363452996069,1980-10-28 06:00:00+00:00,3,24,2,23,14,AL-RF-19801028-0014,2.0,0.5856684422344675,24,2–5-year,Unclassified,Insufficient external evidence,,Low,No nearby HURDAT2 track and no matching Alabama NOAA Storm Events record within the configured time buffer.,,,0,,0,0,0,0.5410093151016313,0.8505059651892782,0.954303390482444,0.9790180844129583
ALRF-1981-001,1981,1981-02-10 10:00:00+00:00,1981-02-13 09:00:00+00:00,1981-02-09 22:00:00+00:00,1981-02-13 21:00:00+00:00,48.54228210449219,1.131129951472676,031501060805,1981-02-10 12:00:00+00:00,13,80.57838439941406,1.185326031205611,031300040603,1981-02-11 06:00:00+00:00,19,149.02880859375,1.3900880518377972,031700090102,1981-02-10 12:00:00+00:00,154,147.83363342285156,1.400310398784254,031501100102,1981-02-11 07:00:00+00:00,328,148.6652069091797,1.1039825245085202,031501100102,1981-02-11 09:00:00+00:00,15,1.400310398784254,1981-02-11 07:00:00+00:00,24,382,7,292,15,AL-RF-19810211-0015,5.0,0.6779261403601519,382,5–10-year,Convective candidate,Thunderstorm-associated rainfall,,Low,6 convective/heavy-rain NOAA Storm Events records; rainfall duration signature was not decisive.,,,6,Thunderstorm Wind; Tornado,0,6,0,0.3283574987678596,0.5450612457649205,1.008084595793434,0.9944064014464653
ALRF-1981-002,1981,1981-04-01 06:00:00+00:00,1981-04-02 10:00:00+00:00,1981-03-31 18:00:00+00:00,1981-04-02 22:00:00+00:00,16.546016693115234,0.3800116289699705,031501100303,1981-04-01 06:00:00+00:00,0,39.16377639770508,0.6573325573098973,031502011102,1981-04-01 04:00:00+00:00,0,69.08290100097656,0.9412703097253329,031501100102,1981-04-01 11:00:00+00:00,0,109.88614654541016,1.0408640451238675,031501100102,1981-04-01 15:00:00+00:00,1,167.24183654785156,1.2609628526936207,031602020405,1981-04-01 12:00:00+00:00,131,1.2609628526936207,1981-04-01 12:00:00+00:00,72,131,1,131,16,AL-RF-19810401-0016,5.0,0.5975762076391101,131,5–10-year,Convective candidate,Thunderstorm-associated rainfall,,Low,6 convective/heavy-rain NOAA Storm Events records; rainfall duration signature was not decisive.,,,6,Hail; Thunderstorm Wind; Tornado,0,6,0,0.15057418258158353,0.35640321941329295,0.6286770732507964,0.6570493891578936
ALRF-1982-001,1982,1982-01-03 12:00:00+00:00,1982-01-06 00:00:00+00:00,1982-01-03 00:00:00+00:00,1982-01-06 12:00:00+00:00,27.14162254333496,0.6674773598782484,060300020903,1982-01-03 11:00:00+00:00,0,58.01124572753906,0.9975465780409508,060300020903,1982-01-03 12:00:00+00:00,0,77.10099792480469,1.0883092938279515,060300021009,1982-01-03 12:00:00+00:00,21,120.84358215332031,1.1930355001793824,060300020504,1982-01-04 06:00:00+00:00,108,145.964599609375,1.0918109870809163,060300021009,1982-01-04 07:00:00+00:00,26,1.1930355001793824,1982-01-04 06:00:00+00:00,24,109,2,98,17,AL-RF-19820104-0017,2.0,0.5660891035234369,109,2–5-year,Convective candidate,Thunderstorm-associated rainfall,,Low,17 convective/heavy-rain NOAA Storm Events records; rainfall duration signature was not decisive.,,,17,Hail; Thunderstorm Wind; Tornado,0,17,0,0.22460127430597865,0.4800523510957933,0.6380231084757384,0.8278965069387878
ALRF-1982-002,1982,1982-02-02 12:00:00+00:00,1982-02-02 12:00:00+00:00,1982-02-02 00:00:00+00:00,1982-02-03 00:00:00+00:00,42.79749298095703,1.0255839540963925,031501060508,1982-02-02 12:00:00+00:00,3,73.59806823730469,1.0040374428818797,031602030702,1982-02-02 12:00:00+00:00,1,97.87821197509766,0.9849772796012379,031700080302,1982-02-02 13:00:00+00:00,0,113.9123306274414,0.8280133467694043,031700080302,1982-02-03 00:00:00+00:00,0,108.60537719726562,0.7478948003511408,031602030204,1982-02-03 00:00:00+00:00,0,1.0255839540963925,1982-02-02 12:00:00+00:00,1,4,2,3,18,AL-RF-19820202-0018,2.0,0.4725393735380284,4,2–5-year,Unclassified,Insufficient external evidence,,Low,No nearby HURDAT2 track and no matching Alabama NOAA Storm Events record within the configured time buffer.,,,0,,0,0,0,0.3757055337663958,0.6460939551663862,0.8592415890007158,1.0488645550260047
ALRF-1982-003,1982,1982-02-03 09:00:00+00:00,1982-02-03 21:00:00+00:00,1982-02-02 21:00:00+00:00,1982-02-04 09:00:00+00:00,55.60926818847656,1.0223257767517455,031402011105,1982-02-03 12:00:00+00:00,5,88.30195617675781,1.095479257571217,031401030601,1982-02-03 12:00:00+00:00,11,91.29539489746094,1.2134996940872618,031501100803,1982-02-03 12:00:00+00:00,63,132.1687469482422,1.19295883439646,031502030701,1982-02-03 10:00:00+00:00,58,141.45579528808594,1.0161738342393418,031502030701,1982-02-03 11:00:00+00:00,3,1.2134996940872618,1982-02-03 12:00:00+00:00,6,127,5,102,19,AL-RF-19820203-0019,2.0,0.5444148513977245,127,2–5-year,Unclassified,Insufficient external evidence,,Low,No nearby HURDAT2 track and no matching Alabama NOAA Storm Events record within the configured time buffer.,,,0,,0,0,0,0.4207444609447147,0.6681001236346533,0.6907487360322223,0.9343466393799565
ALRF-1982-004,1982,1982-04-25 12:00:00+00:00,1982-04-25 13:00:00+00:00,1982-04-25 00:00:00+00:00,1982-04-26 01:00:00+00:00,26.003347396850586,0.6236922429615648,031501081003,1982-04-25 12:00:00+00:00,0,55.56409454345703,0.9502084920648917,031501081003,1982-04-25 12:00:00+00:00,0,77.43779754638672,1.0789285349214937,031501081003,1982-04-25 12:00:00+00:00,7,97.75428009033203,1.0161925870731965,031501050101,1982-04-25 23:00:00+00:00,1,101.00794219970703,0.8170230886779893,031501050101,1982-04-26 01:00:00+00:00,0,1.0789285349214937,1982-04-25 12:00:00+00:00,6,8,2,7,20,AL-RF-19820425-0020,2.0,0.5101365056306584,8,2–5-year,Convective,Organized or localized severe convection,,Medium,35 convective/heavy-rain NOAA Storm Events records; Rx3h/Rx24h=0.57.,,,35,Hail; Thunderstorm Wind; Tornado,0,35,0,0.2660072517829563,0.5684057464503016,0.7921678465109516,0.9677880566763547
ALRF-1982-005,1982,1982-10-13 10:00:00+00:00,1982-10-13 11:00:00+00:00,1982-10-12 22:00:00+00:00,1982-10-13 23:00:00+00:00,10.169272422790527,0.23870535269227602,031501070301,1982-10-13 09:00:00+00:00,0,25.667856216430664,0.4328231802257425,031501070301,1982-10-13 10:00:00+00:00,0,38.18505096435547,0.530461862384228,031501070301,1982-10-13 11:00:00+00:00,0,114.75474548339844,1.1036166244060406,031501070301,1982-10-13 10:00:00+00:00,3,123.70655822753906,0.9315837901386711,031501070105,1982-10-13 16:00:00+00:00,0,1.1036166244060406,1982-10-13 10:00:00+00:00,24,3,1,3,21,AL-RF-19821013-0021,2.0,0.4853495057462432,3,2–5-year,Unclassified,Insufficient external evidence,,Low,No nearby HURDAT2 track and no matching Alabama NOAA Storm Events record within the configured time buffer.,,,0,,0,0,0,0.08861744566599832,0.22367577138798178,0.33275356764988595,0.9276367164974783
ALRF-1982-006,1982,1982-12-01 03:00:00+00:00,1982-12-01 17:00:00+00:00,1982-11-30 15:00:00+00:00,1982-12-02 05:00:00+00:00,12.272132873535156,0.31585988764825795,031501050703,1982-12-01 02:00:00+00:00,0,30.856998443603516,0.5850281968976274,031501050703,1982-12-01 03:00:00+00:00,0,48.149192810058594,0.737347882508729,031501050703,1982-12-01 04:00:00+00:00,0,98.35478210449219,0.9409309104843477,031502020301,1982-12-01 09:00:00+00:00,0,152.1708984375,1.1192844339070207,031501050701,1982-12-01 08:00:00+00:00,16,1.1192844339070207,1982-12-01 08:00:00+00:00,72,16,2,9,22,AL-RF-19821201-0022,2.0,0.5448786744850171,16,2–5-year,Unclassified,Insufficient external evidence,,Low,No nearby HURDAT2 track and no matching Alabama NOAA Storm Events record within the configured time buffer.,,,0,,0,0,0,0.12477413513556701,0.3137315520746212,0.48954602694259297,0.646344229510406
ALRF-1982-007,1982,1982-12-05 12:00:00+00:00,1982-12-05 13:00:00+00:00,1982-12-05 00:00:00+00:00,1982-12-06 01:00:00+00:00,43.0238037109375,1.0130743894947738,031300021306,1982-12-05 12:00:00+00:00,1,64.83390808105469,1.0952039715418331,031300030402,1982-12-05 12:00:00+00:00,16,66.73146057128906,0.9297743347541323,031300030402,1982-12-05 12:00:00+00:00,0,80.21749877929688,0.7867543341658868,031300030301,1982-12-05 16:00:00+00:00,0,101.70390319824219,0.7562040961867762,060300060303,1982-12-05 10:00:00+00:00,0,1.0952039715418331,1982-12-05 12:00:00+00:00,3,16,1,16,23,AL-RF-19821205-0023,2.0,0.5490192283520914,16,2–5-year,Unclassified,Insufficient external evidence,,Low,No nearby HURDAT2 track and no matching Alabama NOAA Storm Events record within the configured time buffer.,,,0,,0,0,0,0.5363393818761325,0.8082264975555122,0.8318815917570296,0.7887356950591776
ALRF-1982-008,1982,1982-12-26 14:00:00+00:00,1982-12-28 21:00:00+00:00,1982-12-26 02:00:00+00:00,1982-12-29 09:00:00+00:00,18.46257209777832,0.4390990207229038,031300021109,1982-12-28 12:00:00+00:00,0,39.17547607421875,0.6675026867667934,060300051203,1982-12-26 06:00:00+00:00,0,56.48940658569336,0.797156950252715,060300051203,1982-12-26 09:00:00+00:00,0,115.67822265625,1.1052670936688354,060300060302,1982-12-26 19:00:00+00:00,8,151.4098358154297,1.1500838088164786,060300051202,1982-12-27 00:00:00+00:00,11,1.1500838088164786,1982-12-27 00:00:00+00:00,72,11,1,11,24,AL-RF-19821227-0024,2.0,0.5350581566848978,11,2–5-year,Unclassified,Insufficient external evidence,,Low,No nearby HURDAT2 track and no matching Alabama NOAA Storm Events record within the configured time buffer.,,,0,,0,0,0,0.1596028333927795,0.33865904207944825,0.4883322486165574,0.7640073185024986
ALRF-1983-001,1983,1983-02-01 12:00:00+00:00,1983-02-04 08:00:00+00:00,1983-02-01 00:00:00+00:00,1983-02-04 20:00:00+00:00,35.295372009277344,0.7770161732252489,031502010404,1983-02-01 12:00:00+00:00,0,76.3143539428711,1.1085950730342116,031602030602,1983-02-01 12:00:00+00:00,16,94.02558898925781,1.0774536445577543,031602030701,1983-02-01 12:00:00+00:00,19,150.14430236816406,1.3561725165511143,031602010602,1983-02-02 05:00:00+00:00,209,150.58712768554688,1.0777914653574516,031602010602,1983-02-02 03:00:00+00:00,30,1.3561725165511143,1983-02-02 05:00:00+00:00,24,220,4,208,25,AL-RF-19830202-0025,5.0,0.5993453416725509,220,5–10-year,Convective candidate,Thunderstorm-associated rainfall,,Low,14 convective/heavy-rain NOAA Storm Events records; rainfall duration signature was not decisive.,,,14,Thunderstorm Wind; Tornado,0,14,0,0.23507633291825278,0.5082733925909696,0.6262348121522497,0.9970593414975847
ALRF-1983-002,1983,1983-03-05 20:00:00+00:00,1983-03-06 05:00:00+00:00,1983-03-05 08:00:00+00:00,1983-03-06 17:00:00+00:00,34.86680221557617,0.8362828733874378,031501081003,1983-03-05 12:00:00+00:00,0,45.51231002807617,0.7211798389277971,031602020405,1983-03-05 20:00:00+00:00,0,62.08326721191406,0.8454342707043074,031501100202,1983-03-06 03:00:00+00:00,0,118.36266326904297,1.1307784700907957,031601060402,1983-03-06 01:00:00+00:00,18,124.1766128540039,0.9375193487111446,031601060402,1983-03-06 03:00:00+00:00,0,1.1307784700907957,1983-03-06 01:00:00+00:00,24,18,2,16,26,AL-RF-19830306-0026,2.0,0.49381811084623717,18,2–5-year,Convective candidate,Thunderstorm-associated rainfall,,Low,14 convective/heavy-rain NOAA Storm Events records; rainfall duration signature was not decisive.,,,14,Thunderstorm Wind,0,14,0,0.29457601960444707,0.38451576511610686,0.5245173224160762,0.9531799954006116
ALRF-1983-003,1983,1983-04-05 09:00:00+00:00,1983-04-10 06:00:00+00:00,1983-04-04 21:00:00+00:00,1983-04-10 18:00:00+00:00,24.287776947021484,0.6198433158417426,060300010303,1983-04-05 12:00:00+00:00,0,59.69881820678711,1.0575149845239764,060300050801,1983-04-05 09:00:00+00:00,3,94.19070434570312,1.362380213269855,060300050801,1983-04-05 12:00:00+00:00,49,209.92474365234375,1.5259146099800118,031700080302,1983-04-07 21:00:00+00:00,156,246.2578582763672,1.4443149964822666,031700080302,1983-04-08 19:00:00+00:00,195,1.5259146099800118,1983-04-07 21:00:00+00:00,24,254,4,159,27,AL-RF-19830407-0027,10.0,0.6700666340152794,254,10–25-year,Convective candidate,Thunderstorm-associated rainfall,,Low,6 convective/heavy-rain NOAA Storm Events records; rainfall duration signature was not decisive.,,,6,Hail; Thunderstorm Wind,0,6,0,0.11569754248334088,0.2843819988445683,0.44868795696467445,0.8524590651509364
ALRF-1983-004,1983,1983-04-14 11:00:00+00:00,1983-04-14 14:00:00+00:00,1983-04-13 23:00:00+00:00,1983-04-15 02:00:00+00:00,31.9493408203125,0.5614051603720812,031700080201,1983-04-14 12:00:00+00:00,0,81.30502319335938,1.0236146049074153,031700080201,1983-04-14 12:00:00+00:00,1,115.86196899414062,1.2147757001700528,031700080201,1983-04-14 12:00:00+00:00,14,115.9927978515625,0.8775200132904402,031700080201,1983-04-14 13:00:00+00:00,0,93.22965240478516,0.7113487233876093,031601060602,1983-04-14 13:00:00+00:00,0,1.2147757001700528,1983-04-14 12:00:00+00:00,6,14,2,8,28,AL-RF-19830414-0028,2.0,0.5329541040378054,14,2–5-year,Convective candidate,Thunderstorm-associated rainfall,,Low,1 convective/heavy-rain NOAA Storm Events records; rainfall duration signature was not decisive.,,,1,Tornado,0,1,0,0.2754424534288628,0.7009488925114685,0.9988720949934383,1.2441620756875094
ALRF-1983-005,1983,1983-04-23 08:00:00+00:00,1983-04-23 19:00:00+00:00,1983-04-22 20:00:00+00:00,1983-04-24 07:00:00+00:00,20.772327423095703,0.46968463875729455,031502020505,1983-04-23 02:00:00+00:00,0,57.69641876220703,0.6651884470792081,031602040502,1983-04-23 00:00:00+00:00,0,90.35394287109375,0.8561852772568267,031602040501,1983-04-23 02:00:00+00:00,0,156.36537170410156,1.0748966220602447,031401060501,1983-04-23 10:00:00+00:00,5,161.7809600830078,0.8846243315511132,031401060501,1983-04-23 10:00:00+00:00,0,1.0748966220602447,1983-04-23 10:00:00+00:00,24,5,1,5,29,AL-RF-19830423-0029,2.0,0.4033510752889233,5,2–5-year,Convective candidate,Thunderstorm-associated rainfall,,Low,11 convective/heavy-rain NOAA Storm Events records; rainfall duration signature was not decisive.,,,11,Hail; Thunderstorm Wind; Tornado,0,11,0,0.1328448057054747,0.36898462961088985,0.5778385705632785,0.9665251808610384
ALRF-1983-006,1983,1983-05-16 10:00:00+00:00,1983-05-16 10:00:00+00:00,1983-05-15 22:00:00+00:00,1983-05-16 22:00:00+00:00,24.313108444213867,0.4574791248375972,031402020507,1983-05-16 09:00:00+00:00,0,57.22346496582031,0.7581938043642396,031402020603,1983-05-16 10:00:00+00:00,0,83.81024932861328,0.9387433441980709,031402020507,1983-05-16 12:00:00+00:00,0,106.05127716064453,1.016597639075091,031502020303,1983-05-16 10:00:00+00:00,3,106.15127563476562,0.7907909427723477,031502020303,1983-05-16 11:00:00+00:00,0,1.016597639075091,1983-05-16 10:00:00+00:00,24,3,2,2,30,AL-RF-19830516-0030,2.0,0.431809370933631,3,2–5-year,Convective candidate,Thunderstorm-associated rainfall,,Low,11 convective/heavy-rain NOAA Storm Events records; rainfall duration signature was not decisive.,,,11,Thunderstorm Wind; Tornado,0,11,0,0.22925804474174144,0.539582987568733,0.790280433885384,0.9990579625772453
ALRF-1983-007,1983,1983-05-19 08:00:00+00:00,1983-05-22 09:00:00+00:00,1983-05-18 20:00:00+00:00,1983-05-22 21:00:00+00:00,36.9365119934082,0.9068632471220085,060300020801,1983-05-19 12:00:00+00:00,0,84.66602325439453,1.4773875743152143,060300021104,1983-05-19 12:00:00+00:00,59,105.16255187988281,1.5030678422568609,060300050103,1983-05-19 14:00:00+00:00,117,167.28173828125,1.598127170033644,031601060402,1983-05-19 20:00:00+00:00,280,192.59014892578125,1.4540337897713802,031601060402,1983-05-21 08:00:00+00:00,260,1.598127170033644,1983-05-19 20:00:00+00:00,24,301,2,300,31,AL-RF-19830519-0031,10.0,0.7483463408004588,301,10–25-year,Convective candidate,Thunderstorm-associated rainfall,,Low,13 convective/heavy-rain NOAA Storm Events records; rainfall duration signature was not decisive.,,,13,Thunderstorm Wind; Tornado,0,13,0,0.22080420955039945,0.50612830859066,0.6286553030855855,0.8685892773555911
ALRF-1983-008,1983,1983-11-27 14:00:00+00:00,1983-11-28 11:00:00+00:00,1983-11-27 02:00:00+00:00,1983-11-28 23:00:00+00:00,44.008140563964844,1.0570499050200621,031501060202,1983-11-27 12:00:00+00:00,1,60.15241241455078,1.162084028024695,060300010204,1983-11-27 14:00:00+00:00,13,81.15699768066406,1.2871254807408299,060300010204,1983-11-27 17:00:00+00:00,18,124.08197784423828,1.3044962319766942,060300010204,1983-11-28 09:00:00+00:00,31,124.72925567626953,0.9893110768645165,060300010204,1983-11-28 16:00:00+00:00,0,1.3044962319766942,1983-11-28 09:00:00+00:00,24,32,2,31,32,AL-RF-19831128-0032,5.0,0.5964945255818008,32,5–10-year,Convective candidate,Thunderstorm-associated rainfall,,Low,1 convective/heavy-rain NOAA Storm Events records; rainfall duration signature was not decisive.,,,1,Tornado,0,1,0,0.35466988299629487,0.48477960667310516,0.6540595104193253,0.994810537202986
ALRF-1983-009,1983,1983-12-03 07:00:00+00:00,1983-12-06 05:00:00+00:00,1983-12-02 19:00:00+00:00,1983-12-06 17:00:00+00:00,30.61402130126953,0.7422847130238196,060300050806,1983-12-03 12:00:00+00:00,0,70.06037902832031,1.1613422593232665,060300060207,1983-12-03 12:00:00+00:00,31,94.80884552001953,1.292851872584905,031601050203,1983-12-03 09:00:00+00:00,162,147.64169311523438,1.40385946742621,031601050203,1983-12-04 01:00:00+00:00,252,178.6298828125,1.31924835054035,031601050203,1983-12-05 03:00:00+00:00,199,1.40385946742621,1983-12-04 01:00:00+00:00,24,274,3,250,33,AL-RF-19831204-0033,5.0,0.611901324986001,274,5–10-year,Convective candidate,Thunderstorm-associated rainfall,,Low,54 convective/heavy-rain NOAA Storm Events records; rainfall duration signature was not decisive.,,,54,Thunderstorm Wind; Tornado,0,54,0,0.2073534965314661,0.47452977238372746,0.6421549598867117,0.8265229243318007
ALRF-1983-010,1983,1983-12-28 10:00:00+00:00,1983-12-28 11:00:00+00:00,1983-12-27 22:00:00+00:00,1983-12-28 23:00:00+00:00,23.509227752685547,0.5899230873604271,060300050104,1983-12-28 09:00:00+00:00,0,37.198036193847656,0.6279414822477196,031501070701,1983-12-28 08:00:00+00:00,0,58.128047943115234,0.8057364828104148,031501070101,1983-12-28 11:00:00+00:00,0,111.64977264404297,1.0648977349925275,031601120202,1983-12-28 10:00:00+00:00,4,122.6943130493164,0.9246568180466747,031601120202,1983-12-28 12:00:00+00:00,0,1.0648977349925275,1983-12-28 10:00:00+00:00,24,4,1,4,34,AL-RF-19831228-0034,2.0,0.45699249491818983,4,2–5-year,Convective candidate,Thunderstorm-associated rainfall,,Low,2 convective/heavy-rain NOAA Storm Events records; rainfall duration signature was not decisive.,,,2,Thunderstorm Wind; Tornado,0,2,0,0.2105622536969839,0.33316714681041804,0.5206284488230585,0.9099832736270822
ALRF-1984-001,1984,1984-05-03 04:00:00+00:00,1984-05-04 22:00:00+00:00,1984-05-02 16:00:00+00:00,1984-05-05 10:00:00+00:00,58.744178771972656,1.1563931731558141,031402010701,1984-05-03 12:00:00+00:00,6,72.77112579345703,1.033073617064233,031402010701,1984-05-03 14:00:00+00:00,2,80.00505828857422,0.9475385559979912,031402010701,1984-05-03 17:00:00+00:00,0,124.16206359863281,1.1651877317005084,060300060201,1984-05-03 07:00:00+00:00,14,144.33224487304688,1.0502512333962069,060300060201,1984-05-04 01:00:00+00:00,4,1.1651877317005084,1984-05-03 07:00:00+00:00,24,20,2,14,35,AL-RF-19840503-0035,2.0,0.5573762502633466,20,2–5-year,Convective,Organized or localized severe convection,,Medium,89 convective/heavy-rain NOAA Storm Events records; Rx3h/Rx24h=0.59.,,,89,Hail; Thunderstorm Wind; Tornado,0,89,0,0.4731250195862523,0.5860979085262106,0.6443599274187255,0.8602517317446594
ALRF-1984-002,1984,1984-07-31 00:00:00+00:00,1984-08-04 11:00:00+00:00,1984-07-30 12:00:00+00:00,1984-08-04 23:00:00+00:00,28.035972595214844,0.466604548469311,031602040504,1984-08-01 17:00:00+00:00,0,68.70443725585938,0.8104132888944395,031602040504,1984-08-01 18:00:00+00:00,0,89.64044189453125,0.8683058220865265,031602040504,1984-08-01 19:00:00+00:00,0,90.20914459228516,0.934742053912854,031501050301,1984-07-31 02:00:00+00:00,0,161.2891845703125,1.1838098802677939,031502010406,1984-08-02 22:00:00+00:00,59,1.1838098802677939,1984-08-02 22:00:00+00:00,72,59,4,26,36,AL-RF-19840802-0036,2.0,0.5801612807154058,59,2–5-year,Convective,Organized or localized severe convection,,Medium,3 convective/heavy-rain NOAA Storm Events records; Rx3h/Rx24h=0.76.,,,3,Thunderstorm Wind,0,3,0,0.31078858714299934,0.7616127784647577,0.9936957311775403,0.5593006427096129
ALRF-1984-003,1984,1984-10-22 20:00:00+00:00,1984-10-24 10:00:00+00:00,1984-10-22 08:00:00+00:00,1984-10-24 22:00:00+00:00,7.545125484466553,0.18225694316454333,060300021005,1984-10-22 23:00:00+00:00,0,20.899696350097656,0.3439780243144174,031601030302,1984-10-22 21:00:00+00:00,0,36.90520477294922,0.49579704037235744,031601030303,1984-10-22 22:00:00+00:00,0,98.82218170166016,0.9429217325434903,031602010401,1984-10-22 08:00:00+00:00,0,158.5679931640625,1.136526608872991,031601030303,1984-10-23 15:00:00+00:00,28,1.136526608872991,1984-10-23 15:00:00+00:00,72,28,3,22,37,AL-RF-19841023-0037,2.0,0.5398253062030852,28,2–5-year,Convective candidate,Thunderstorm-associated rainfall,,Low,1 convective/heavy-rain NOAA Storm Events records; rainfall duration signature was not decisive.,Unnamed,1190.8156576893837,1,Thunderstorm Wind,0,1,0,0.07635052530255765,0.21148790676563817,0.3734506174369274,0.6232164494849456
ALRF-1984-004,1984,1984-11-27 12:00:00+00:00,1984-11-27 12:00:00+00:00,1984-11-27 00:00:00+00:00,1984-11-28 00:00:00+00:00,52.30021286010742,1.2218911387482791,031601050205,1984-11-27 12:00:00+00:00,11,55.96041488647461,0.9270699000482718,031601050503,1984-11-27 14:00:00+00:00,0,60.89125061035156,0.8326517478942124,031601050503,1984-11-27 17:00:00+00:00,0,84.15165710449219,0.8114989008802733,031601050503,1984-11-28 00:00:00+00:00,0,84.15165710449219,0.6280015125673363,031601050503,1984-11-28 00:00:00+00:00,0,1.2218911387482791,1984-11-27 12:00:00+00:00,1,11,1,11,38,AL-RF-19841127-0038,5.0,0.5728203858134813,11,5–10-year,Unclassified,Insufficient external evidence,,Low,No nearby HURDAT2 track and no matching Alabama NOAA Storm Events record within the configured time buffer.,Unnamed,2054.8692973506004,0,,0,0,0,0.6214995005406201,0.6649948059488341,0.7235894420325213,1.0
ALRF-1985-001,1985,1985-07-27 13:00:00+00:00,1985-07-30 08:00:00+00:00,1985-07-27 01:00:00+00:00,1985-07-30 20:00:00+00:00,23.38406753540039,0.5410027142889808,031501070401,1985-07-27 12:00:00+00:00,0,47.74590301513672,0.7970710191438886,031501070401,1985-07-27 12:00:00+00:00,0,63.54478454589844,0.8972784749509084,031300020908,1985-07-28 12:00:00+00:00,0,121.99363708496094,1.1780948486771265,031601110308,1985-07-27 19:00:00+00:00,26,177.9498291015625,1.3855682607897608,060300010803,1985-07-29 08:00:00+00:00,116,1.3855682607897608,1985-07-29 08:00:00+00:00,72,116,1,116,39,AL-RF-19850729-0039,10.0,0.6912835613067649,116,10–25-year,Tropical cyclone,Tropical depression,Bob,High,HURDAT2 track within 552 km of rainfall footprint; track status=TD; 0 matching tropical NOAA Storm Events records.,Bob,552.2936374567983,1,Thunderstorm Wind,0,1,0,0.19168268193459018,0.39138027323412516,0.5208860565542731,0.6855507403456661
ALRF-1985-002,1985,1985-10-29 15:00:00+00:00,1985-10-31 01:00:00+00:00,1985-10-29 03:00:00+00:00,1985-10-31 13:00:00+00:00,5.760408401489258,0.10122033567561815,031700080201,1985-10-29 12:00:00+00:00,0,15.152667999267578,0.18468698293679686,031700030402,1985-10-30 00:00:00+00:00,0,25.375938415527344,0.2536733665571276,031700080303,1985-10-30 02:00:00+00:00,0,87.40370178222656,0.5993820887308866,031602040304,1985-10-29 03:00:00+00:00,0,190.37225341796875,1.156978142295566,031700030402,1985-10-30 07:00:00+00:00,39,1.156978142295566,1985-10-30 07:00:00+00:00,72,39,2,28,40,AL-RF-19851030-0040,2.0,0.502341540999392,39,2–5-year,Tropical cyclone,Tropical storm,Juan,High,HURDAT2 track within 2 km of rainfall footprint; track status=TS; 0 matching tropical NOAA Storm Events records.,Juan,1.7223478599254225,7,Thunderstorm Wind; Tornado,0,7,0,0.06590577154091007,0.17336414465627192,0.2903302480111604,0.45911996214242823
ALRF-1986-001,1986,1986-03-13 09:00:00+00:00,1986-03-13 10:00:00+00:00,1986-03-12 21:00:00+00:00,1986-03-13 22:00:00+00:00,36.424537658691406,0.850667440783122,031300030304,1986-03-13 12:00:00+00:00,0,63.528663635253906,1.07282226072994,031300030304,1986-03-13 12:00:00+00:00,1,80.79312896728516,1.1016239768460125,031502010807,1986-03-13 09:00:00+00:00,15,112.08068084716797,0.9946982767912127,031502030404,1986-03-13 21:00:00+00:00,0,110.88582611083984,0.8228822408570076,031502010503,1986-03-13 22:00:00+00:00,0,1.1016239768460125,1986-03-13 09:00:00+00:00,6,16,3,12,41,AL-RF-19860313-0041,2.0,0.5217678488624798,16,2–5-year,Convective,Organized or localized severe convection,,Medium,24 convective/heavy-rain NOAA Storm Events records; Rx3h/Rx24h=0.57.,,,24,Hail; Thunderstorm Wind; Tornado,0,24,0,0.32498497852952485,0.5668118997410528,0.7208479495003587,1.0107755407362322
ALRF-1986-002,1986,1986-03-14 06:00:00+00:00,1986-03-14 15:00:00+00:00,1986-03-13 18:00:00+00:00,1986-03-15 03:00:00+00:00,15.658069610595703,0.320454850754008,031403010302,1986-03-14 06:00:00+00:00,0,37.34088897705078,0.5538290766322064,031403020404,1986-03-14 06:00:00+00:00,0,45.21416473388672,0.5575939815163599,031403020404,1986-03-14 09:00:00+00:00,0,127.59867095947266,1.1158642714836446,031402020401,1986-03-14 07:00:00+00:00,41,147.6165313720703,1.0411702629511133,031502030404,1986-03-14 12:00:00+00:00,3,1.1158642714836446,1986-03-14 07:00:00+00:00,24,43,4,39,42,AL-RF-19860314-0042,2.0,0.43309243194974606,43,2–5-year,Convective candidate,Thunderstorm-associated rainfall,,Low,23 convective/heavy-rain NOAA Storm Events records; rainfall duration signature was not decisive.,,,23,Hail; Thunderstorm Wind; Tornado,0,23,0,0.12271342242717365,0.292643243822742,0.3543466745687927,0.864392827642439
ALRF-1986-003,1986,1986-11-25 22:00:00+00:00,1986-11-25 22:00:00+00:00,1986-11-25 10:00:00+00:00,1986-11-26 10:00:00+00:00,11.165584564208984,0.28568759507386216,031501050701,1986-11-26 06:00:00+00:00,0,25.383182525634766,0.47201392386380403,031501050701,1986-11-26 07:00:00+00:00,0,42.77572250366211,0.5353942235726433,031402020302,1986-11-26 10:00:00+00:00,0,66.7229995727539,0.6210517781891636,031502030502,1986-11-25 14:00:00+00:00,0,139.8134765625,1.0543931122911891,060300050103,1986-11-25 22:00:00+00:00,3,1.0543931122911891,1986-11-25 22:00:00+00:00,72,3,1,3,43,AL-RF-19861125-0043,2.0,0.5199833050282745,3,2–5-year,Convective candidate,Thunderstorm-associated rainfall,,Low,15 convective/heavy-rain NOAA Storm Events records; rainfall duration signature was not decisive.,,,15,Thunderstorm Wind; Tornado,0,15,0,0.16734236523695512,0.3804262801158582,0.6410941171345274,0.4772286707492544
ALRF-1987-001,1987,1987-01-18 20:00:00+00:00,1987-01-19 19:00:00+00:00,1987-01-18 08:00:00+00:00,1987-01-20 07:00:00+00:00,11.972627639770508,0.3063369568741611,031501050701,1987-01-18 08:00:00+00:00,0,31.56497573852539,0.5869676916974601,031501050701,1987-01-18 08:00:00+00:00,0,48.146812438964844,0.7228857761647585,031501050701,1987-01-18 11:00:00+00:00,0,110.86689758300781,1.0529218277693129,031502020407,1987-01-19 01:00:00+00:00,23,145.69639587402344,1.1055312593104392,031601130301,1987-01-19 10:00:00+00:00,38,1.1055312593104392,1987-01-19 10:00:00+00:00,72,39,2,27,44,AL-RF-19870119-0044,2.0,0.48837136059509406,39,2–5-year,Unclassified,Insufficient external evidence,,Low,No nearby HURDAT2 track and no matching Alabama NOAA Storm Events record within the configured time buffer.,,,0,,0,0,0,0.1079910045359248,0.28471055316481814,0.4342758162139114,0.7609446816987087
ALRF-1987-002,1987,1987-08-13 16:00:00+00:00,1987-08-16 06:00:00+00:00,1987-08-13 04:00:00+00:00,1987-08-16 18:00:00+00:00,25.58984375,0.41085672133178,031700090203,1987-08-13 14:00:00+00:00,0,61.6163215637207,0.6880420337470847,031700090203,1987-08-13 14:00:00+00:00,0,102.13373565673828,0.9354612726573953,031700090203,1987-08-13 16:00:00+00:00,0,177.37078857421875,1.170079064043708,031700090203,1987-08-13 16:00:00+00:00,1,328.8782653808594,1.7595052163741272,031700090203,1987-08-14 14:00:00+00:00,19,1.7595052163741272,1987-08-14 14:00:00+00:00,72,19,1,19,45,AL-RF-19870814-0045,10.0,0.6420260382072962,19,10–25-year,Tropical cyclone,Tropical depression,Unnamed,High,HURDAT2 track within 71 km of rainfall footprint; track status=TD; 0 matching tropical NOAA Storm Events records.,Unnamed,70.89144259135088,1,Tornado,0,1,0,0.14427315769243607,0.3473870870114448,0.5758204971502486,0.5393204940703925
ALRF-1987-003,1987,1987-11-17 12:00:00+00:00,1987-11-17 13:00:00+00:00,1987-11-17 00:00:00+00:00,1987-11-18 01:00:00+00:00,52.393089294433594,1.1899342657636387,031501100501,1987-11-17 12:00:00+00:00,18,72.35107421875,1.1647158046012673,031501100803,1987-11-17 12:00:00+00:00,40,76.09696960449219,1.009119658429132,031502010406,1987-11-17 13:00:00+00:00,1,89.2733154296875,0.7949959412342946,031402020104,1987-11-17 14:00:00+00:00,0,90.98538208007812,0.6427438126480666,031402010402,1987-11-17 15:00:00+00:00,0,1.1899342657636387,1987-11-17 12:00:00+00:00,1,50,2,49,46,AL-RF-19871117-0046,2.0,0.6056911237762884,50,2–5-year,Convective,Organized or localized severe convection,,Medium,10 convective/heavy-rain NOAA Storm Events records; Rx3h/Rx24h=0.81.,,,10,Thunderstorm Wind,0,10,0,0.5868840990418787,0.8104445754088117,0.8524044305761992,0.9811830580775733
ALRF-1988-001,1988,1988-08-09 13:00:00+00:00,1988-08-10 14:00:00+00:00,1988-08-09 01:00:00+00:00,1988-08-11 02:00:00+00:00,14.85539722442627,0.2522013276275948,031602040202,1988-08-10 19:00:00+00:00,0,41.35838317871094,0.46579045929484725,031700090103,1988-08-09 01:00:00+00:00,0,68.00553894042969,0.6228749746193123,031700090203,1988-08-09 02:00:00+00:00,0,163.7367401123047,1.080138015736491,031700090203,1988-08-09 08:00:00+00:00,1,246.37290954589844,1.3180999328650331,031700090203,1988-08-09 23:00:00+00:00,5,1.3180999328650331,1988-08-09 23:00:00+00:00,72,5,3,3,47,AL-RF-19880809-0047,5.0,0.48096161920028063,5,5–10-year,Tropical cyclone,Tropical storm,Beryl,High,HURDAT2 track within 132 km of rainfall footprint; track status=TS; 0 matching tropical NOAA Storm Events records.,Beryl,132.4961588710114,2,Thunderstorm Wind,0,2,0,0.0907273298236985,0.2525907328455655,0.41533463347191146,0.6645890589760685
ALRF-1988-002,1988,1988-09-04 02:00:00+00:00,1988-09-06 21:00:00+00:00,1988-09-03 14:00:00+00:00,1988-09-07 09:00:00+00:00,21.40367889404297,0.4954242214390083,031502020805,1988-09-04 21:00:00+00:00,0,41.477989196777344,0.7258821549971834,031300020804,1988-09-05 00:00:00+00:00,0,60.561302185058594,0.879230645644128,031300020803,1988-09-04 06:00:00+00:00,0,148.2677459716797,1.4496172896230424,031300020803,1988-09-04 07:00:00+00:00,27,203.3687744140625,1.554665099022324,031300020804,1988-09-05 02:00:00+00:00,39,1.554665099022324,1988-09-05 02:00:00+00:00,72,40,2,29,48,AL-RF-19880905-0048,10.0,0.7971299861374385,40,10–25-year,Unclassified,Insufficient external evidence,,Low,No nearby HURDAT2 track and no matching Alabama NOAA Storm Events record within the configured time buffer.,Unnamed,776.7005710453468,0,,0,0,0,0.14435829420466972,0.2797505885379816,0.4084590467614331,0.7290585607297012
ALRF-1988-003,1988,1988-09-10 17:00:00+00:00,1988-09-12 17:00:00+00:00,1988-09-10 05:00:00+00:00,1988-09-13 05:00:00+00:00,11.535926818847656,0.28122164936071675,060300010606,1988-09-12 01:00:00+00:00,0,31.911710739135742,0.5585452228632505,060300010603,1988-09-12 03:00:00+00:00,0,52.27214813232422,0.7522326478701282,060300010603,1988-09-12 04:00:00+00:00,0,154.3576202392578,1.1268210293858905,031403040404,1988-09-10 21:00:00+00:00,12,188.37014770507812,1.0864557200694,031403040505,1988-09-11 12:00:00+00:00,10,1.1268210293858905,1988-09-10 21:00:00+00:00,24,14,1,14,49,AL-RF-19880910-0049,2.0,0.4060798928735448,14,2–5-year,Tropical cyclone,Tropical storm,Florence,High,HURDAT2 track within 275 km of rainfall footprint; track status=TS; 0 matching tropical NOAA Storm Events records.,Florence,274.88532896565704,0,,0,0,0,0.07473506523984179,0.20673881010650375,0.33864313307824523,0.8194378043432229
ALRF-1989-001,1989,1989-01-14 02:00:00+00:00,1989-01-14 10:00:00+00:00,1989-01-13 14:00:00+00:00,1989-01-14 22:00:00+00:00,4.993276119232178,0.11956324475973419,060300051003,1989-01-14 05:00:00+00:00,0,14.355228424072266,0.24459571401418811,060300051203,1989-01-14 07:00:00+00:00,0,23.755149841308594,0.3352236099624695,060300051203,1989-01-14 08:00:00+00:00,0,47.77145767211914,0.4693149324759884,060300051203,1989-01-14 22:00:00+00:00,0,150.5476837158203,1.1537871594830977,060300051003,1989-01-14 08:00:00+00:00,22,1.1537871594830977,1989-01-14 08:00:00+00:00,72,22,1,22,50,AL-RF-19890114-0050,2.0,0.5456095715590339,22,2–5-year,Unclassified,Insufficient external evidence,,Low,No nearby HURDAT2 track and no matching Alabama NOAA Storm Events record within the configured time buffer.,,,0,,0,0,0,0.10452425700516993,0.3004980196040869,0.4972665896936365,0.31731778592020327
ALRF-1989-002,1989,1989-06-09 09:00:00+00:00,1989-06-09 16:00:00+00:00,1989-06-08 21:00:00+00:00,1989-06-10 04:00:00+00:00,10.829846382141113,0.2211555379138403,031300040501,1989-06-09 06:00:00+00:00,0,27.287960052490234,0.40330599001432943,031300040501,1989-06-09 06:00:00+00:00,0,42.59013366699219,0.5186547797801252,031300040504,1989-06-09 07:00:00+00:00,0,136.56134033203125,0.8947847046284725,031401060601,1989-06-08 21:00:00+00:00,0,149.513916015625,1.0307576889595254,031300120107,1989-06-09 15:00:00+00:00,4,1.0307576889595254,1989-06-09 15:00:00+00:00,72,4,2,3,51,AL-RF-19890609-0051,2.0,0.40458296432291235,4,2–5-year,Convective candidate,Thunderstorm-associated rainfall,,Low,7 convective/heavy-rain NOAA Storm Events records; rainfall duration signature was not decisive.,,,7,Thunderstorm Wind; Tornado,0,7,0,0.07930389637220711,0.1998219993018748,0.31187548074323074,0.9133687617262319
ALRF-1989-003,1989,1989-06-16 09:00:00+00:00,1989-06-18 08:00:00+00:00,1989-06-15 21:00:00+00:00,1989-06-18 20:00:00+00:00,7.730751991271973,0.17728019129442313,031501100403,1989-06-16 13:00:00+00:00,0,21.9912052154541,0.3636354845364859,031501100103,1989-06-15 21:00:00+00:00,0,43.95961380004883,0.6038924533906698,031501090502,1989-06-15 21:00:00+00:00,0,99.62715148925781,0.9463124289881836,031501090504,1989-06-15 21:00:00+00:00,0,163.3868408203125,1.2030674890475377,031501100401,1989-06-16 15:00:00+00:00,54,1.2030674890475377,1989-06-16 15:00:00+00:00,72,54,2,47,52,AL-RF-19890616-0052,2.0,0.5787372493160845,54,2–5-year,Convective candidate,Thunderstorm-associated rainfall,,Low,14 convective/heavy-rain NOAA Storm Events records; rainfall duration signature was not decisive.,Unnamed,1308.372914281703,14,Hail; Thunderstorm Wind,0,14,0,0.0775968385697099,0.22073505953670952,0.44124129961488184,0.6097623957294364
ALRF-1989-004,1989,1989-06-20 02:00:00+00:00,1989-06-22 07:00:00+00:00,1989-06-19 14:00:00+00:00,1989-06-22 19:00:00+00:00,10.796422958374023,0.2645954989160282,060300020503,1989-06-22 10:00:00+00:00,0,29.34709930419922,0.5029542595948375,060300020503,1989-06-22 10:00:00+00:00,0,48.63603210449219,0.6681344582407714,031501090502,1989-06-19 14:00:00+00:00,0,117.87077331542969,1.1196001906655617,031501090504,1989-06-20 04:00:00+00:00,8,172.35606384277344,1.2822980519457923,031501090504,1989-06-21 21:00:00+00:00,37,1.2822980519457923,1989-06-21 21:00:00+00:00,72,37,1,37,53,AL-RF-19890621-0053,5.0,0.6219029206292015,37,5–10-year,Convective candidate,Thunderstorm-associated rainfall,,Low,11 convective/heavy-rain NOAA Storm Events records; rainfall duration signature was not decisive.,,,11,Hail; Thunderstorm Wind,0,11,0,0.09159541975246152,0.2489768962969685,0.41262164263857903,0.6838794683948788
ALRF-1989-005,1989,1989-09-30 18:00:00+00:00,1989-10-02 13:00:00+00:00,1989-09-30 06:00:00+00:00,1989-10-03 01:00:00+00:00,29.51230812072754,0.6026687865380519,031300040501,1989-09-30 12:00:00+00:00,0,36.563995361328125,0.540402372317826,031300040501,1989-09-30 12:00:00+00:00,0,45.00614929199219,0.6324183363373505,060300040403,1989-09-30 19:00:00+00:00,0,102.26655578613281,1.0057374346336285,060300040401,1989-09-30 20:00:00+00:00,1,150.2122344970703,1.123583173295279,060300021009,1989-10-01 09:00:00+00:00,32,1.123583173295279,1989-10-01 09:00:00+00:00,72,32,7,8,54,AL-RF-19891001-0054,2.0,0.5580683694957037,32,2–5-year,Convective candidate,Thunderstorm-associated rainfall,,Low,2 convective/heavy-rain NOAA Storm Events records; rainfall duration signature was not decisive.,Unnamed,3678.0982340175274,2,Tornado,0,2,0,0.2885822045522468,0.357536196269222,0.440086682748095,0.6808137574714487
ALRF-1989-006,1989,1989-11-08 21:00:00+00:00,1989-11-10 07:00:00+00:00,1989-11-08 09:00:00+00:00,1989-11-10 19:00:00+00:00,28.902191162109375,0.5319873339133313,031402030104,1989-11-08 10:00:00+00:00,0,70.45926666259766,0.9206576979805464,031402030104,1989-11-08 11:00:00+00:00,0,87.88909912109375,0.959214873531377,031402030104,1989-11-08 12:00:00+00:00,0,136.93209838867188,1.0890323301432154,031402020906,1989-11-09 02:00:00+00:00,7,171.64016723632812,1.0938260349936457,031402020906,1989-11-09 04:00:00+00:00,13,1.0938260349936457,1989-11-09 04:00:00+00:00,72,15,2,8,55,AL-RF-19891109-0055,2.0,0.3965308177485038,15,2–5-year,Convective candidate,Thunderstorm-associated rainfall,,Low,13 convective/heavy-rain NOAA Storm Events records; rainfall duration signature was not decisive.,,,13,Thunderstorm Wind; Tornado,0,13,0,0.21106951183989447,0.5145562471598449,0.6418443897034783,0.7977858597640064
ALRF-1990-001,1990,1990-02-16 04:00:00+00:00,1990-02-19 03:00:00+00:00,1990-02-15 16:00:00+00:00,1990-02-19 15:00:00+00:00,26.80280303955078,0.6857883971568071,031501050701,1990-02-16 11:00:00+00:00,0,67.2926254272461,1.2513425431556404,031501050701,1990-02-16 12:00:00+00:00,13,90.80734252929688,1.3633994227336472,031501050701,1990-02-16 12:00:00+00:00,25,168.08958435058594,1.6973413783629214,031501050604,1990-02-16 16:00:00+00:00,176,199.3299102783203,1.46615987733188,031501050701,1990-02-16 23:00:00+00:00,183,1.6973413783629214,1990-02-16 16:00:00+00:00,24,205,1,205,56,AL-RF-19900216-0056,25.0,0.8192012705081055,205,25–50-year,Convective candidate,Thunderstorm-associated rainfall,,Low,32 convective/heavy-rain NOAA Storm Events records; rainfall duration signature was not decisive.,,,32,Hail; Thunderstorm Wind; Tornado,0,32,0,0.15945546622120224,0.40033786559251205,0.5402318226922329,0.8432732654917963
ALRF-1990-002,1990,1990-03-16 00:00:00+00:00,1990-03-20 01:00:00+00:00,1990-03-15 12:00:00+00:00,1990-03-20 13:00:00+00:00,40.716819763183594,0.9403556256390916,031502011204,1990-03-16 02:00:00+00:00,0,97.40503692626953,1.487066315534093,031403010204,1990-03-16 12:00:00+00:00,219,114.19464874267578,1.5770959807042702,031502011205,1990-03-16 04:00:00+00:00,369,237.2873077392578,2.1326337355022247,031403020201,1990-03-17 00:00:00+00:00,825,332.7845458984375,2.385088406021532,031402020102,1990-03-17 12:00:00+00:00,841,2.385088406021532,1990-03-17 12:00:00+00:00,72,854,2,853,57,AL-RF-19900317-0057,50.0,0.9862175828836269,854,50–100-year,Convective candidate,Thunderstorm-associated rainfall,,Low,13 convective/heavy-rain NOAA Storm Events records; rainfall duration signature was not decisive.,,,13,Thunderstorm Wind; Tornado,0,13,0,0.1715929105147297,0.4104940877550124,0.4812505558373906,0.7130358385442439
ALRF-1990-003,1990,1990-05-13 10:00:00+00:00,1990-05-13 23:00:00+00:00,1990-05-12 22:00:00+00:00,1990-05-14 11:00:00+00:00,25.769357681274414,0.4627856508583798,031403040304,1990-05-13 04:00:00+00:00,0,65.75360107421875,0.851261857704477,031403040304,1990-05-13 06:00:00+00:00,0,88.35786437988281,0.9911873601086407,031700020607,1990-05-13 05:00:00+00:00,0,141.91085815429688,1.1426091928804951,031700020607,1990-05-13 11:00:00+00:00,5,141.91085815429688,0.9235663576776185,031700020607,1990-05-13 11:00:00+00:00,0,1.1426091928804951,1990-05-13 11:00:00+00:00,24,5,1,5,58,AL-RF-19900513-0058,2.0,0.5196331346004368,5,2–5-year,Convective candidate,Thunderstorm-associated rainfall,,Low,2 convective/heavy-rain NOAA Storm Events records; rainfall duration signature was not decisive.,,,2,Thunderstorm Wind,0,2,0,0.18158834367174287,0.4633443975282438,0.6226293430190737,1.0
ALRF-1990-004,1990,1990-12-03 12:00:00+00:00,1990-12-03 12:00:00+00:00,1990-12-03 00:00:00+00:00,1990-12-04 00:00:00+00:00,30.054752349853516,0.7040817272579114,031601010601,1990-12-03 11:00:00+00:00,0,67.10814666748047,1.107080393942413,031601010503,1990-12-03 12:00:00+00:00,7,71.66740417480469,0.9625822395024741,031601010601,1990-12-03 12:00:00+00:00,0,96.26235961914062,0.9081561142353666,060300060105,1990-12-03 12:00:00+00:00,0,116.72268676757812,0.9011484081820104,060300050802,1990-12-03 12:00:00+00:00,0,1.107080393942413,1990-12-03 12:00:00+00:00,3,7,1,7,59,AL-RF-19901203-0059,2.0,0.5596442496272748,7,2–5-year,Convective,Organized or localized severe convection,,Medium,22 convective/heavy-rain NOAA Storm Events records; Rx3h/Rx24h=0.70.,,,22,Thunderstorm Wind; Tornado,0,22,0,0.31221707496849566,0.6971379772217511,0.7445008044510315,0.8247099367308196
ALRF-1990-005,1990,1990-12-22 04:00:00+00:00,1990-12-25 10:00:00+00:00,1990-12-21 16:00:00+00:00,1990-12-25 22:00:00+00:00,29.026926040649414,0.70890487313364,060300020501,1990-12-22 03:00:00+00:00,0,79.07500457763672,1.3664594209085623,060300020106,1990-12-22 07:00:00+00:00,39,101.21642303466797,1.5237303634019042,060300010303,1990-12-22 10:00:00+00:00,87,211.10081481933594,2.0676885597801666,060300021102,1990-12-23 01:00:00+00:00,235,260.3125305175781,2.0224233288303526,060300010303,1990-12-23 14:00:00+00:00,260,2.0676885597801666,1990-12-23 01:00:00+00:00,24,263,1,263,60,AL-RF-19901223-0060,100.0,1.0058784685703392,263,100–200-year,Unclassified,Insufficient external evidence,,Low,No nearby HURDAT2 track and no matching Alabama NOAA Storm Events record within the configured time buffer.,,,0,,0,0,0,0.137502671723419,0.37458408033768414,0.4794695990221113,0.8109514144386566
ALRF-1991-001,1991,1991-02-18 08:00:00+00:00,1991-02-21 18:00:00+00:00,1991-02-17 20:00:00+00:00,1991-02-22 06:00:00+00:00,21.485435485839844,0.5264193403162468,060300040403,1991-02-19 01:00:00+00:00,0,42.650875091552734,0.7536728451768915,060300020302,1991-02-19 03:00:00+00:00,0,65.44043731689453,0.9422605198462033,060300050105,1991-02-19 05:00:00+00:00,0,164.46336364746094,1.556555296797973,060300060106,1991-02-19 05:00:00+00:00,108,258.74981689453125,1.8802573826876523,031601010601,1991-02-20 07:00:00+00:00,260,1.8802573826876523,1991-02-20 07:00:00+00:00,72,260,1,260,61,AL-RF-19910220-0061,25.0,0.8965839496332488,260,25–50-year,Convective candidate,Thunderstorm-associated rainfall,,Low,2 convective/heavy-rain NOAA Storm Events records; rainfall duration signature was not decisive.,,,2,Thunderstorm Wind,0,2,0,0.1306396452640688,0.2593335934863764,0.3979028269005298,0.6356076522925529
ALRF-1991-002,1991,1991-03-03 05:00:00+00:00,1991-03-05 02:00:00+00:00,1991-03-02 17:00:00+00:00,1991-03-05 14:00:00+00:00,29.59762954711914,0.6021314666666232,031402010205,1991-03-03 06:00:00+00:00,0,50.98093795776367,0.7262059460512418,031300120104,1991-03-03 06:00:00+00:00,0,58.98725509643555,0.7005002395661541,031300120104,1991-03-03 09:00:00+00:00,0,120.08050537109375,1.0346266146043706,031300120107,1991-03-02 18:00:00+00:00,2,196.2008056640625,1.3526198390600066,031300120107,1991-03-03 19:00:00+00:00,42,1.3526198390600066,1991-03-03 19:00:00+00:00,72,42,1,42,62,AL-RF-19910303-0062,5.0,0.5309171592416486,42,5–10-year,Convective candidate,Thunderstorm-associated rainfall,,Low,1 convective/heavy-rain NOAA Storm Events records; rainfall duration signature was not decisive.,,,1,Hail,0,1,0,0.24648155381801048,0.4245563241111742,0.49123090308574924,0.6120286049013332
ALRF-1991-003,1991,1991-04-29 11:00:00+00:00,1991-04-30 16:00:00+00:00,1991-04-28 23:00:00+00:00,1991-05-01 04:00:00+00:00,22.704166412353516,0.38775336248964426,031602040101,1991-04-29 12:00:00+00:00,0,37.85926818847656,0.4235754559219308,031401070205,1991-04-30 07:00:00+00:00,0,50.934814453125,0.4665215615713123,031401070205,1991-04-30 09:00:00+00:00,0,72.15181732177734,0.6806929968599734,060300060105,1991-04-29 04:00:00+00:00,0,151.22003173828125,1.0936022036816528,031601030502,1991-04-30 00:00:00+00:00,20,1.0936022036816528,1991-04-30 00:00:00+00:00,72,20,3,17,63,AL-RF-19910430-0063,2.0,0.5142999709626895,20,2–5-year,Convective candidate,Thunderstorm-associated rainfall,,Low,48 convective/heavy-rain NOAA Storm Events records; rainfall duration signature was not decisive.,,,48,Hail; Thunderstorm Wind; Tornado,0,48,0,0.3146721351604929,0.5247167652012782,0.7059394530004653,0.47713134624023595
ALRF-1991-004,1991,1991-05-12 13:00:00+00:00,1991-05-13 17:00:00+00:00,1991-05-12 01:00:00+00:00,1991-05-14 05:00:00+00:00,25.490354537963867,0.6031562804250274,060300051203,1991-05-12 12:00:00+00:00,0,54.45806121826172,0.9278994366381834,060300051203,1991-05-12 12:00:00+00:00,0,77.36302947998047,1.071342259440059,060300060306,1991-05-12 14:00:00+00:00,6,118.52959442138672,1.121817430533705,060300060106,1991-05-13 07:00:00+00:00,3,169.0214080810547,1.2389515632057326,060300060106,1991-05-13 01:00:00+00:00,23,1.2389515632057326,1991-05-13 01:00:00+00:00,72,23,2,21,64,AL-RF-19910513-0064,5.0,0.5784996868690278,23,5–10-year,Convective candidate,Thunderstorm-associated rainfall,,Low,4 convective/heavy-rain NOAA Storm Events records; rainfall duration signature was not decisive.,,,4,Thunderstorm Wind,0,4,0,0.21505476891570763,0.4594469548647646,0.6526895654847662,0.7012697135060283
ALRF-1991-005,1991,1991-05-14 08:00:00+00:00,1991-05-14 13:00:00+00:00,1991-05-13 20:00:00+00:00,1991-05-15 01:00:00+00:00,8.613800048828125,0.1521004658085267,031401030403,1991-05-14 22:00:00+00:00,0,20.232219696044922,0.24716400467964458,031401030403,1991-05-14 23:00:00+00:00,0,27.637094497680664,0.27618414688707127,031401030403,1991-05-15 00:00:00+00:00,0,30.914735794067383,0.3068358230122001,060300050507,1991-05-13 20:00:00+00:00,0,145.14649963378906,1.0639450035162736,060300060106,1991-05-14 10:00:00+00:00,3,1.0639450035162736,1991-05-14 10:00:00+00:00,72,3,1,3,65,AL-RF-19910514-0065,2.0,0.496784434241701,3,2–5-year,Convective,Organized or localized severe convection,,Medium,3 convective/heavy-rain NOAA Storm Events records; Rx3h/Rx24h=0.65.,,,3,Thunderstorm Wind,0,3,0,0.2786308803092257,0.6544522919690465,0.8939780265883526,0.21298988175441094
ALRF-1991-006,1991,1991-05-26 03:00:00+00:00,1991-05-28 19:00:00+00:00,1991-05-25 15:00:00+00:00,1991-05-29 07:00:00+00:00,10.094439506530762,0.24603567813900545,060300050701,1991-05-25 23:00:00+00:00,0,24.36271095275879,0.4206413847558649,060300050507,1991-05-25 23:00:00+00:00,0,47.13557434082031,0.6570165348480095,060300060307,1991-05-25 23:00:00+00:00,0,127.93024444580078,1.2107894134989312,060300060106,1991-05-26 14:00:00+00:00,19,195.1233673095703,1.4302827298079743,060300060106,1991-05-27 22:00:00+00:00,46,1.4302827298079743,1991-05-27 22:00:00+00:00,72,46,2,45,66,AL-RF-19910527-0066,10.0,0.6678373359384473,46,10–25-year,Unclassified,Insufficient external evidence,,Low,No nearby HURDAT2 track and no matching Alabama NOAA Storm Events record within the configured time buffer.,,,0,,0,0,0,0.07890580957036626,0.19043746112030882,0.3684474656091967,0.6556377445190088
ALRF-1991-007,1991,1991-06-26 14:00:00+00:00,1991-06-27 18:00:00+00:00,1991-06-26 02:00:00+00:00,1991-06-28 06:00:00+00:00,8.698103904724121,0.19975729414529086,031501070901,1991-06-26 15:00:00+00:00,0,23.999679565429688,0.3994001950637972,031501070901,1991-06-26 16:00:00+00:00,0,39.19633483886719,0.5353955812330913,031501070901,1991-06-26 18:00:00+00:00,0,103.0310287475586,0.9587689716765951,031501070901,1991-06-26 18:00:00+00:00,0,176.63125610351562,1.2939972046812172,031502010601,1991-06-26 20:00:00+00:00,9,1.2939972046812172,1991-06-26 20:00:00+00:00,72,9,2,8,67,AL-RF-19910626-0067,5.0,0.5522358813324983,9,5–10-year,Convective candidate,Thunderstorm-associated rainfall,,Low,2 convective/heavy-rain NOAA Storm Events records; rainfall duration signature was not decisive.,Ana,1035.1091337520506,2,Hail; Thunderstorm Wind,0,2,0,0.08442217854619093,0.2329364256299186,0.38043233495128986,0.5833114196231314
ALRF-1991-008,1991,1991-11-21 23:00:00+00:00,1991-11-23 20:00:00+00:00,1991-11-21 11:00:00+00:00,1991-11-24 08:00:00+00:00,13.9995756149292,0.3056465236433673,031300030905,1991-11-22 06:00:00+00:00,0,31.84855079650879,0.508509445429181,031300030905,1991-11-22 07:00:00+00:00,0,40.641456604003906,0.644561231494389,060300010204,1991-11-22 06:00:00+00:00,0,105.17807006835938,0.9556411440493199,031402020204,1991-11-22 06:00:00+00:00,0,180.5282440185547,1.1748911602301133,031700020607,1991-11-21 19:00:00+00:00,16,1.1748911602301133,1991-11-21 19:00:00+00:00,72,16,3,7,68,AL-RF-19911121-0068,2.0,0.562883084523834,16,2–5-year,Convective candidate,Thunderstorm-associated rainfall,,Low,1 convective/heavy-rain NOAA Storm Events records; rainfall duration signature was not decisive.,,,1,Thunderstorm Wind,0,1,0,0.1331035605219826,0.3028060010590531,0.3864061831291392,0.5826128240495663
ALRF-1991-009,1991,1991-11-30 12:00:00+00:00,1991-12-04 08:00:00+00:00,1991-11-30 00:00:00+00:00,1991-12-04 20:00:00+00:00,45.9163818359375,1.14042341076211,060300050801,1991-11-30 12:00:00+00:00,4,59.26454162597656,1.0371133422144345,060300050509,1991-11-30 12:00:00+00:00,3,65.50421905517578,1.0388771375414425,060300010204,1991-12-01 11:00:00+00:00,1,165.23777770996094,1.6530784488171886,060300050801,1991-12-01 08:00:00+00:00,81,278.474853515625,2.156229291595029,060300050801,1991-12-03 08:00:00+00:00,172,2.156229291595029,1991-12-03 08:00:00+00:00,72,172,1,172,69,AL-RF-19911203-0069,100.0,1.0454883242010946,172,100–200-year,Convective candidate,Thunderstorm-associated rainfall,,Low,2 convective/heavy-rain NOAA Storm Events records; rainfall duration signature was not decisive.,,,2,Thunderstorm Wind,0,2,0,0.27788065460753014,0.35866218032780983,0.39642398949563595,0.5933669615906255
ALRF-1992-001,1992,1992-03-10 08:00:00+00:00,1992-03-10 22:00:00+00:00,1992-03-09 20:00:00+00:00,1992-03-11 10:00:00+00:00,18.164541244506836,0.4513666504944303,060300021205,1992-03-10 09:00:00+00:00,0,42.76836395263672,0.7340892087105045,060300051003,1992-03-10 04:00:00+00:00,0,72.3031997680664,1.0457979840407141,060300050801,1992-03-10 09:00:00+00:00,5,114.89905548095703,1.1293320652319416,060300051001,1992-03-10 14:00:00+00:00,17,117.10465240478516,0.9060245269209635,060300050604,1992-03-11 02:00:00+00:00,0,1.1293320652319416,1992-03-10 14:00:00+00:00,24,17,2,16,70,AL-RF-19920310-0070,2.0,0.5311066757789293,17,2–5-year,Convective candidate,Thunderstorm-associated rainfall,,Low,37 convective/heavy-rain NOAA Storm Events records; rainfall duration signature was not decisive.,,,37,Hail; Thunderstorm Wind; Tornado,0,37,0,0.15809130169496793,0.37222554853573186,0.6292758410015797,0.9811655909604322
ALRF-1992-002,1992,1992-08-27 16:00:00+00:00,1992-08-28 00:00:00+00:00,1992-08-27 04:00:00+00:00,1992-08-28 12:00:00+00:00,23.882617950439453,0.5711580190242134,060300051002,1992-08-27 20:00:00+00:00,0,54.25237274169922,0.926235156271823,060300051002,1992-08-27 21:00:00+00:00,0,78.77227783203125,1.114377729571789,060300051001,1992-08-28 00:00:00+00:00,4,109.4791488647461,1.032831844811844,031601081003,1992-08-27 17:00:00+00:00,3,118.93659210205078,0.8934890917287166,031601081003,1992-08-28 12:00:00+00:00,0,1.114377729571789,1992-08-28 00:00:00+00:00,6,7,2,4,71,AL-RF-19920828-0071,2.0,0.5628248103729198,7,2–5-year,Tropical cyclone,Tropical depression,Andrew,High,HURDAT2 track within 63 km of rainfall footprint; track status=TD; 0 matching tropical NOAA Storm Events records.,Andrew,62.659641075692875,48,Hail; Thunderstorm Wind; Tornado,0,48,0,0.21814763996699293,0.495549822082781,0.7195185443882921,0.9204833174538081
ALRF-1992-003,1992,1992-11-04 12:00:00+00:00,1992-11-05 00:00:00+00:00,1992-11-04 00:00:00+00:00,1992-11-05 12:00:00+00:00,24.08195686340332,0.5766495324737896,031501060513,1992-11-04 12:00:00+00:00,0,55.172969818115234,0.9353575888966044,031501060512,1992-11-04 12:00:00+00:00,0,71.39372253417969,0.9830501209073814,031501060701,1992-11-04 13:00:00+00:00,0,101.67859649658203,1.0016160337710076,031300020603,1992-11-05 07:00:00+00:00,1,147.9805450439453,1.1072255021039261,031501070102,1992-11-04 20:00:00+00:00,16,1.1072255021039261,1992-11-04 20:00:00+00:00,72,17,2,16,72,AL-RF-19921104-0072,2.0,0.5207651455942033,17,2–5-year,Convective candidate,Thunderstorm-associated rainfall,,Low,10 convective/heavy-rain NOAA Storm Events records; rainfall duration signature was not decisive.,,,10,Thunderstorm Wind; Tornado,0,10,0,0.23684391497489685,0.5426212764450372,0.7021509441918744,0.687107865877821
ALRF-1992-004,1992,1992-11-26 03:00:00+00:00,1992-11-27 12:00:00+00:00,1992-11-25 15:00:00+00:00,1992-11-28 00:00:00+00:00,15.184793472290039,0.3253121613822071,031300031313,1992-11-25 23:00:00+00:00,0,38.04440689086914,0.5955165208611911,031300031313,1992-11-26 01:00:00+00:00,0,52.08594512939453,0.6836991550409603,031300031201,1992-11-25 15:00:00+00:00,0,109.32249450683594,1.0554598368844648,031300030802,1992-11-26 05:00:00+00:00,7,144.30996704101562,1.1113345779423418,031300030606,1992-11-26 16:00:00+00:00,44,1.1113345779423418,1992-11-26 16:00:00+00:00,72,44,3,41,73,AL-RF-19921126-0073,2.0,0.5135452828443426,44,2–5-year,Unclassified,Insufficient external evidence,,Low,No nearby HURDAT2 track and no matching Alabama NOAA Storm Events record within the configured time buffer.,,,0,,0,0,0,0.13889907599337237,0.3480016355507715,0.476443072071847,0.7575533190702234
ALRF-1993-001,1993,1993-01-21 04:00:00+00:00,1993-01-22 17:00:00+00:00,1993-01-20 16:00:00+00:00,1993-01-23 05:00:00+00:00,13.559062957763672,0.3138473643968824,031502020805,1993-01-20 23:00:00+00:00,0,32.11412048339844,0.5396187295128545,031502020805,1993-01-21 00:00:00+00:00,0,43.26807403564453,0.601526306052704,031502020805,1993-01-21 01:00:00+00:00,0,116.19868469238281,0.9653104081430742,031700020605,1993-01-21 10:00:00+00:00,0,191.38365173339844,1.2160272548032813,031700080103,1993-01-21 13:00:00+00:00,28,1.2160272548032813,1993-01-21 13:00:00+00:00,72,28,2,27,74,AL-RF-19930121-0074,2.0,0.5516329366753944,28,2–5-year,Convective candidate,Thunderstorm-associated rainfall,,Low,1 convective/heavy-rain NOAA Storm Events records; rainfall duration signature was not decisive.,,,1,Thunderstorm Wind,0,1,0,0.11668860963150395,0.27637249568198957,0.37236285548489423,0.6071505253450283
ALRF-1993-002,1993,1993-03-23 16:00:00+00:00,1993-03-23 22:00:00+00:00,1993-03-23 04:00:00+00:00,1993-03-24 10:00:00+00:00,12.200385093688965,0.28299605950370893,031601030101,1993-03-23 04:00:00+00:00,0,33.125858306884766,0.5403061716667964,031601030101,1993-03-23 04:00:00+00:00,0,56.4478759765625,0.7459483661356355,031601030101,1993-03-23 05:00:00+00:00,0,108.82002258300781,1.1229624872747885,060300010302,1993-03-23 19:00:00+00:00,7,124.94869232177734,0.9775418194280935,060300010302,1993-03-24 06:00:00+00:00,0,1.1229624872747885,1993-03-23 19:00:00+00:00,24,7,2,6,75,AL-RF-19930323-0075,2.0,0.520831572421872,7,2–5-year,Unclassified,Insufficient external evidence,,Low,No nearby HURDAT2 track and no matching Alabama NOAA Storm Events record within the configured time buffer.,,,0,,0,0,0,0.11211525971135065,0.3044095886087176,0.5187269276065819,0.8709176587680185
ALRF-1993-003,1993,1993-10-30 09:00:00+00:00,1993-11-01 11:00:00+00:00,1993-10-29 21:00:00+00:00,1993-11-01 23:00:00+00:00,32.18271255493164,0.5929924345107855,031402020607,1993-10-30 08:00:00+00:00,0,71.46742248535156,0.9351988917445984,031402020607,1993-10-30 09:00:00+00:00,0,110.38261413574219,1.1905041334781645,031402020702,1993-10-30 10:00:00+00:00,21,162.53611755371094,1.2679494696346687,031402020607,1993-10-30 11:00:00+00:00,72,149.60816955566406,1.0587312908400055,031402010401,1993-10-31 13:00:00+00:00,9,1.2679494696346687,1993-10-30 11:00:00+00:00,24,72,3,43,76,AL-RF-19931030-0076,2.0,0.49032893801435073,72,2–5-year,Convective candidate,Thunderstorm-associated rainfall,,Low,1 convective/heavy-rain NOAA Storm Events records; rainfall duration signature was not decisive.,,,1,Thunderstorm Wind,0,1,0,0.19800345325891452,0.43970179404423615,0.679126681485213,1.0864120457889623
ALRF-1994-001,1994,1994-01-28 12:00:00+00:00,1994-01-28 12:00:00+00:00,1994-01-28 00:00:00+00:00,1994-01-29 00:00:00+00:00,27.522960662841797,0.506600568181907,031402030104,1994-01-28 11:00:00+00:00,0,63.657493591308594,0.8304895904459992,031402020906,1994-01-28 11:00:00+00:00,0,92.9847412109375,1.0297693757330084,031402030103,1994-01-28 12:00:00+00:00,4,95.43335723876953,0.8955930559066123,031601081002,1994-01-28 06:00:00+00:00,0,119.36035919189453,0.8685402528739535,060300060201,1994-01-28 08:00:00+00:00,0,1.0297693757330084,1994-01-28 12:00:00+00:00,6,4,1,4,77,AL-RF-19940128-0077,2.0,0.4173380979333157,4,2–5-year,Unclassified,Insufficient external evidence,,Low,No nearby HURDAT2 track and no matching Alabama NOAA Storm Events record within the configured time buffer.,,,0,,0,0,0,0.2883997949897195,0.6670360912908125,0.9743421367676952,0.7995397959999619
ALRF-1994-002,1994,1994-02-11 01:00:00+00:00,1994-02-13 04:00:00+00:00,1994-02-10 13:00:00+00:00,1994-02-13 16:00:00+00:00,21.598665237426758,0.5065333628854912,031601030302,1994-02-10 23:00:00+00:00,0,49.40699768066406,0.8388542400541482,060300021005,1994-02-10 23:00:00+00:00,0,77.851806640625,1.0785646812970722,060300021005,1994-02-11 01:00:00+00:00,7,119.50460052490234,1.1737497374477543,060300020606,1994-02-11 09:00:00+00:00,64,166.44125366210938,1.2111301400487333,060300060201,1994-02-11 14:00:00+00:00,77,1.2111301400487333,1994-02-11 14:00:00+00:00,72,84,2,73,78,AL-RF-19940211-0078,5.0,0.5966971918096113,84,5–10-year,Unclassified,Insufficient external evidence,,Low,No nearby HURDAT2 track and no matching Alabama NOAA Storm Events record within the configured time buffer.,,,0,,0,0,0,0.18073501055656876,0.41343176299199164,0.651454473707916,0.7179986805885719
ALRF-1994-003,1994,1994-03-27 20:00:00+00:00,1994-03-30 05:00:00+00:00,1994-03-27 08:00:00+00:00,1994-03-30 17:00:00+00:00,17.756004333496094,0.4327739607934138,060300050701,1994-03-27 08:00:00+00:00,0,39.63896179199219,0.7657848212054833,060300010204,1994-03-27 11:00:00+00:00,0,68.50508880615234,0.9592641770219321,060300050701,1994-03-27 11:00:00+00:00,0,131.4481201171875,1.2749907070398672,060300050804,1994-03-28 02:00:00+00:00,60,149.8120880126953,1.18825978168135,060300010204,1994-03-29 07:00:00+00:00,42,1.2749907070398672,1994-03-28 02:00:00+00:00,24,66,3,50,79,AL-RF-19940328-0079,5.0,0.6070686021343552,66,5–10-year,Convective candidate,Thunderstorm-associated rainfall,,Low,49 convective/heavy-rain NOAA Storm Events records; rainfall duration signature was not decisive.,,,49,Hail; Thunderstorm Wind; Tornado,0,49,0,0.13507994117881955,0.30155594280582787,0.5211568544691189,0.8774199856693031
ALRF-1994-004,1994,1994-06-29 13:00:00+00:00,1994-06-30 07:00:00+00:00,1994-06-29 01:00:00+00:00,1994-06-30 19:00:00+00:00,34.30645751953125,0.8436777740664273,060300020903,1994-06-29 12:00:00+00:00,0,61.73558044433594,1.0600316502295966,060300020403,1994-06-29 11:00:00+00:00,4,80.77843475341797,1.128575994316425,060300020404,1994-06-29 15:00:00+00:00,11,109.33419036865234,1.078527910323076,060300020403,1994-06-30 00:00:00+00:00,3,140.10475158691406,1.0878194542145374,060300020403,1994-06-29 23:00:00+00:00,7,1.128575994316425,1994-06-29 15:00:00+00:00,6,15,1,15,80,AL-RF-19940629-0080,2.0,0.5616791376240361,15,2–5-year,Convective,Organized or localized severe convection,,Medium,16 convective/heavy-rain NOAA Storm Events records; Rx3h/Rx24h=0.56.,Alberto,1117.1153444941697,16,Hail; Thunderstorm Wind,0,16,0,0.3137761152651055,0.5646502730406315,0.7388213557081252,0.7803746063589201
ALRF-1994-005,1994,1994-07-04 06:00:00+00:00,1994-07-10 01:00:00+00:00,1994-07-03 18:00:00+00:00,1994-07-10 13:00:00+00:00,35.863189697265625,0.6439070379954347,031401040102,1994-07-07 13:00:00+00:00,0,51.61487579345703,0.6638650095175415,031401030202,1994-07-07 14:00:00+00:00,0,61.59856414794922,0.7960393936730781,031300031600,1994-07-04 06:00:00+00:00,0,145.8285369873047,1.3270083484325963,031300040104,1994-07-06 19:00:00+00:00,109,337.7733459472656,2.4412737779457503,031300040104,1994-07-06 17:00:00+00:00,320,2.4412737779457503,1994-07-06 17:00:00+00:00,72,320,1,320,81,AL-RF-19940706-0081,100.0,1.006895414155749,320,100–200-year,Tropical cyclone,Tropical depression,Alberto,High,HURDAT2 track within 0 km of rainfall footprint; track status=TD; 0 matching tropical NOAA Storm Events records.,Alberto,0.0,0,,0,0,0,0.24592710342000995,0.35394221775639456,0.42240404670117326,0.4317348859435225
ALRF-1995-001,1995,1995-02-11 12:00:00+00:00,1995-02-13 11:00:00+00:00,1995-02-11 00:00:00+00:00,1995-02-13 23:00:00+00:00,41.110252380371094,0.8395095976566583,031300040501,1995-02-11 12:00:00+00:00,0,70.62449645996094,1.0774972455974876,031402010102,1995-02-11 12:00:00+00:00,19,84.5868911743164,1.0365949434699757,031300040605,1995-02-11 15:00:00+00:00,12,134.84701538085938,1.2032334669988067,031402010101,1995-02-12 04:00:00+00:00,112,157.21974182128906,1.1125769559797756,031402010101,1995-02-12 05:00:00+00:00,28,1.2032334669988067,1995-02-12 04:00:00+00:00,24,112,2,91,82,AL-RF-19950212-0082,2.0,0.5064499561456118,112,2–5-year,Convective candidate,Thunderstorm-associated rainfall,,Low,3 convective/heavy-rain NOAA Storm Events records; rainfall duration signature was not decisive.,,,3,Hail; Thunderstorm Wind,0,3,0,0.30486586791899006,0.5237379282032342,0.6272804105853643,0.8576977281526091
ALRF-1995-002,1995,1995-02-16 16:00:00+00:00,1995-02-18 23:00:00+00:00,1995-02-16 04:00:00+00:00,1995-02-19 11:00:00+00:00,17.809226989746094,0.4548998310055196,031501050704,1995-02-16 21:00:00+00:00,0,46.872901916503906,0.8717595899809604,031501050704,1995-02-16 22:00:00+00:00,0,66.60848236083984,1.007280906748333,031501050704,1995-02-16 23:00:00+00:00,1,135.05752563476562,1.3358640575174796,060300010602,1995-02-16 22:00:00+00:00,49,158.14950561523438,1.235163997438774,060300010701,1995-02-18 11:00:00+00:00,42,1.3358640575174796,1995-02-16 22:00:00+00:00,24,53,2,52,83,AL-RF-19950216-0083,5.0,0.6431384474974615,53,5–10-year,Convective candidate,Thunderstorm-associated rainfall,,Low,8 convective/heavy-rain NOAA Storm Events records; rainfall duration signature was not decisive.,,,8,Hail; Thunderstorm Wind; Tornado,0,8,0,0.13186401058395933,0.34705879362296116,0.4931860112776561,0.8539863916068776
ALRF-1995-003,1995,1995-03-07 22:00:00+00:00,1995-03-08 07:00:00+00:00,1995-03-07 10:00:00+00:00,1995-03-08 19:00:00+00:00,28.54616928100586,0.5371290376179094,031402020507,1995-03-08 09:00:00+00:00,0,57.73279571533203,0.757494345819202,031402020606,1995-03-08 10:00:00+00:00,0,68.94588470458984,0.7524435919497074,031402020606,1995-03-08 12:00:00+00:00,0,88.28091430664062,0.8471145972617808,060300060303,1995-03-08 00:00:00+00:00,0,158.98497009277344,1.182108865398642,060300060303,1995-03-08 00:00:00+00:00,5,1.182108865398642,1995-03-08 00:00:00+00:00,72,5,1,5,84,AL-RF-19950308-0084,2.0,0.5488896741153292,5,2–5-year,Convective,Organized or localized severe convection,,Medium,41 convective/heavy-rain NOAA Storm Events records; Rx3h/Rx24h=0.65.,,,41,Hail; Thunderstorm Wind; Tornado,0,41,0,0.32335606744909495,0.6539668983807668,0.7809829026589911,0.5552783653393496
ALRF-1995-004,1995,1995-04-21 03:00:00+00:00,1995-04-21 17:00:00+00:00,1995-04-20 15:00:00+00:00,1995-04-22 05:00:00+00:00,44.6807975769043,1.0503702344708616,060300060102,1995-04-21 03:00:00+00:00,8,81.48369598388672,1.3456315971543908,060300060104,1995-04-21 03:00:00+00:00,83,91.53460693359375,1.2288644177162091,060300060104,1995-04-21 06:00:00+00:00,62,111.68221282958984,1.0440922847051581,060300060104,1995-04-21 08:00:00+00:00,3,121.96588897705078,0.9379491555517873,060300050702,1995-04-22 02:00:00+00:00,0,1.3456315971543908,1995-04-21 03:00:00+00:00,3,86,2,85,85,AL-RF-19950421-0085,5.0,0.6919683115996867,86,5–10-year,Convective,Organized or localized severe convection,,Medium,60 convective/heavy-rain NOAA Storm Events records; Rx3h/Rx24h=0.73.,,,60,Hail; Thunderstorm Wind; Tornado,0,60,0,0.40007084785363656,0.7296031652615848,0.8195987938854838,0.9156839979299792
ALRF-1995-005,1995,1995-04-22 16:00:00+00:00,1995-04-24 05:00:00+00:00,1995-04-22 04:00:00+00:00,1995-04-24 17:00:00+00:00,34.79179763793945,0.6454525369133444,031700080103,1995-04-22 23:00:00+00:00,0,52.187679290771484,0.8796827621022969,031601050404,1995-04-22 18:00:00+00:00,0,69.69651794433594,0.9624385079861133,031601050404,1995-04-22 18:00:00+00:00,0,121.83041381835938,1.1573785563405488,031601050404,1995-04-23 12:00:00+00:00,6,230.79965209960938,1.6825208260610351,031601050404,1995-04-23 13:00:00+00:00,78,1.6825208260610351,1995-04-23 13:00:00+00:00,72,78,5,67,86,AL-RF-19950423-0086,25.0,0.7842787272434475,78,25–50-year,Convective candidate,Thunderstorm-associated rainfall,,Low,25 convective/heavy-rain NOAA Storm Events records; rainfall duration signature was not decisive.,,,25,Hail; Thunderstorm Wind; Tornado,0,25,0,0.2855756337642552,0.42836330974447534,0.5720781515874072,0.5278622073736028
ALRF-1995-006,1995,1995-05-09 21:00:00+00:00,1995-05-12 18:00:00+00:00,1995-05-09 09:00:00+00:00,1995-05-13 06:00:00+00:00,47.59686279296875,0.9363732393011684,031300120107,1995-05-10 11:00:00+00:00,0,78.73115539550781,0.961807846739285,031401030403,1995-05-09 23:00:00+00:00,0,127.2433090209961,1.2626474703835613,031401040303,1995-05-09 22:00:00+00:00,28,183.17662048339844,1.2083789578475037,031700090203,1995-05-10 14:00:00+00:00,24,216.25474548339844,1.1569671601832885,031700090203,1995-05-12 13:00:00+00:00,13,1.2626474703835613,1995-05-09 22:00:00+00:00,6,48,6,23,87,AL-RF-19950509-0087,5.0,0.5531817855359564,48,5–10-year,Convective candidate,Thunderstorm-associated rainfall,,Low,27 convective/heavy-rain NOAA Storm Events records; rainfall duration signature was not decisive.,,,27,Hail; Thunderstorm Wind; Tornado,0,27,0,0.2598413633102404,0.4298100663050683,0.6946481962883923,0.8470409288542555
ALRF-1995-007,1995,1995-08-04 08:00:00+00:00,1995-08-08 00:00:00+00:00,1995-08-03 20:00:00+00:00,1995-08-08 12:00:00+00:00,16.813459396362305,0.3430672126015788,031502030803,1995-08-04 13:00:00+00:00,0,28.932533264160156,0.5063114545236137,060300050509,1995-08-07 20:00:00+00:00,0,56.8229866027832,0.721844094185699,031502030601,1995-08-04 13:00:00+00:00,0,157.3208770751953,1.4030317718424656,031502030601,1995-08-04 18:00:00+00:00,81,186.02491760253906,1.2656805862287623,031602030602,1995-08-06 01:00:00+00:00,81,1.4030317718424656,1995-08-04 18:00:00+00:00,24,107,4,86,88,AL-RF-19950804-0088,5.0,0.6094069550954977,107,5–10-year,Tropical cyclone,Hurricane,Erin,High,HURDAT2 track within 26 km of rainfall footprint; track status=HU; 0 matching tropical NOAA Storm Events records.,Erin,25.695457816376184,15,Hail; Thunderstorm Wind,0,15,0,0.10687366933713385,0.18390778008649897,0.36119164639301676,0.8456978726437454
ALRF-1995-008,1995,1995-10-03 21:00:00+00:00,1995-10-08 02:00:00+00:00,1995-10-03 09:00:00+00:00,1995-10-08 14:00:00+00:00,61.41676330566406,1.114225703176873,031401030202,1995-10-04 12:00:00+00:00,20,83.70047760009766,1.4048453456126866,031502011102,1995-10-05 01:00:00+00:00,377,116.1041259765625,1.7197575132747682,031501050705,1995-10-05 08:00:00+00:00,647,297.92138671875,2.1748461989641,031403040404,1995-10-05 02:00:00+00:00,758,400.72857666015625,2.3345850991223354,031403040404,1995-10-05 17:00:00+00:00,1180,2.3345850991223354,1995-10-05 17:00:00+00:00,72,1180,1,1180,89,AL-RF-19951005-0089,50.0,0.9936148364895573,1180,50–100-year,Tropical cyclone,Hurricane,Opal,High,HURDAT2 track within 0 km of rainfall footprint; track status=HU; 0 matching tropical NOAA Storm Events records.,Opal,0.0,11,Thunderstorm Wind; Tornado,0,11,0,0.20615090437815398,0.2809482008725823,0.3897139686925852,0.7434493172454896
ALRF-1995-009,1995,1995-11-03 10:00:00+00:00,1995-11-04 15:00:00+00:00,1995-11-02 22:00:00+00:00,1995-11-05 03:00:00+00:00,20.73337173461914,0.33847063077286155,031401070103,1995-11-03 10:00:00+00:00,0,34.696876525878906,0.3876525273729279,031602050203,1995-11-03 07:00:00+00:00,0,61.090476989746094,0.5631773018575563,031401070103,1995-11-03 10:00:00+00:00,0,128.7521514892578,0.8569382917545535,031401070103,1995-11-03 12:00:00+00:00,0,201.03445434570312,1.0686466111624366,031401070103,1995-11-03 20:00:00+00:00,15,1.0686466111624366,1995-11-03 20:00:00+00:00,72,15,1,15,90,AL-RF-19951103-0090,2.0,0.39216543722465985,15,2–5-year,Convective candidate,Thunderstorm-associated rainfall,,Low,1 convective/heavy-rain NOAA Storm Events records; rainfall duration signature was not decisive.,Tanya,4759.725297735715,1,Thunderstorm Wind,0,1,0,0.16103320600703896,0.2694857998452459,0.47448121280398997,0.6404481854033481
ALRF-1995-010,1995,1995-12-18 05:00:00+00:00,1995-12-21 02:00:00+00:00,1995-12-17 17:00:00+00:00,1995-12-21 14:00:00+00:00,50.93461990356445,1.1640989252363394,031502010103,1995-12-19 06:00:00+00:00,14,84.69354248046875,1.404716877972313,031502010201,1995-12-19 07:00:00+00:00,142,101.86561584472656,1.3577036324282656,031300031205,1995-12-19 11:00:00+00:00,127,159.71728515625,1.1609633749982409,031700080302,1995-12-18 20:00:00+00:00,8,206.0464324951172,1.2522372058675664,031700030402,1995-12-19 12:00:00+00:00,27,1.404716877972313,1995-12-19 07:00:00+00:00,3,191,5,142,91,AL-RF-19951219-0091,10.0,0.671301662204263,191,10–25-year,Convective candidate,Thunderstorm-associated rainfall,,Low,11 convective/heavy-rain NOAA Storm Events records; rainfall duration signature was not decisive.,,,11,Hail; Thunderstorm Wind,0,11,0,0.3189048690236349,0.5302716133548965,0.6377870481900086,0.7751519073742513
ALRF-1996-001,1996,1996-01-27 03:00:00+00:00,1996-01-27 15:00:00+00:00,1996-01-26 15:00:00+00:00,1996-01-28 03:00:00+00:00,41.070465087890625,0.8272164845204136,031502040204,1996-01-27 05:00:00+00:00,0,68.59516143798828,1.1999133976215788,031501090104,1996-01-27 06:00:00+00:00,59,79.09015655517578,1.1284630289379807,031501090104,1996-01-27 07:00:00+00:00,20,116.55464935302734,1.1116796672268852,031601120202,1996-01-27 06:00:00+00:00,34,130.3806610107422,0.982583170717599,031601120202,1996-01-27 04:00:00+00:00,0,1.1999133976215788,1996-01-27 06:00:00+00:00,3,93,8,22,92,AL-RF-19960127-0092,2.0,0.5600548348635325,93,2–5-year,Convective,Organized or localized severe convection,,Medium,16 convective/heavy-rain NOAA Storm Events records; Rx3h/Rx24h=0.59.,,,17,Flash Flood; Heavy Rain; High Wind; Thunderstorm Wind; Tornado,3,16,0,0.3523708862397592,0.5885235966025119,0.6785671527836099,0.8939565764544198
ALRF-1996-002,1996,1996-03-06 11:00:00+00:00,1996-03-09 10:00:00+00:00,1996-03-05 23:00:00+00:00,1996-03-09 22:00:00+00:00,26.310184478759766,0.6279821620036531,031501060801,1996-03-07 09:00:00+00:00,0,58.045082092285156,1.0447844894084797,031501080802,1996-03-07 11:00:00+00:00,4,82.96226501464844,1.245611875418059,031501050701,1996-03-06 13:00:00+00:00,45,113.43573760986328,1.1253154157674659,031501080802,1996-03-07 12:00:00+00:00,17,160.45916748046875,1.2381126965418778,031501080803,1996-03-07 22:00:00+00:00,145,1.245611875418059,1996-03-06 13:00:00+00:00,6,145,2,144,93,AL-RF-19960306-0093,5.0,0.6291848453314878,145,5–10-year,Frontal/extratropical candidate,Prolonged or widespread non-tropical rainfall,,Medium–low,No nearby HURDAT2 system; 11 flood/heavy-rain NOAA records; affected HUCs=145; Rx24h/Rx72h=0.71.,,,122,Cold/Wind Chill; Flash Flood; Flood; Funnel Cloud; Hail; Lightning; Thunderstorm Wind; Tornado,11,68,0,0.23193911401403083,0.5117001336203073,0.7313591533206095,0.7069445728220595
ALRF-1996-003,1996,1996-04-15 05:00:00+00:00,1996-04-15 23:00:00+00:00,1996-04-14 17:00:00+00:00,1996-04-16 11:00:00+00:00,35.89847183227539,0.5839444937198948,031401070104,1996-04-15 06:00:00+00:00,0,74.72969055175781,0.8318811078316993,031401060601,1996-04-15 03:00:00+00:00,0,130.55577087402344,1.1848037718215838,031401060601,1996-04-15 06:00:00+00:00,4,169.06243896484375,1.1077401858031162,031401060601,1996-04-15 15:00:00+00:00,11,190.2185516357422,0.9954596572766821,031401060601,1996-04-15 15:00:00+00:00,0,1.1848037718215838,1996-04-15 06:00:00+00:00,6,12,1,12,94,AL-RF-19960415-0094,2.0,0.5130876553761684,12,2–5-year,Convective candidate,Thunderstorm-associated rainfall,,Low,22 convective/heavy-rain NOAA Storm Events records; rainfall duration signature was not decisive.,,,24,Flash Flood; Funnel Cloud; Hail; Lightning; Thunderstorm Wind; Tornado,2,22,0,0.21233854221007906,0.4420242072060591,0.7722340436669809,0.8887799718325519
ALRF-1996-004,1996,1996-04-21 07:00:00+00:00,1996-04-21 09:00:00+00:00,1996-04-20 19:00:00+00:00,1996-04-21 21:00:00+00:00,36.579288482666016,0.8795801826105067,060300020106,1996-04-21 06:00:00+00:00,0,65.17375183105469,1.1262381540308848,060300020106,1996-04-21 07:00:00+00:00,16,71.8012924194336,1.0342102860802986,060300010601,1996-04-21 09:00:00+00:00,5,94.31642150878906,0.9035481794087611,060300020104,1996-04-21 20:00:00+00:00,0,116.36466979980469,0.8923921355433144,060300020401,1996-04-21 21:00:00+00:00,0,1.1262381540308848,1996-04-21 07:00:00+00:00,3,16,2,15,95,AL-RF-19960421-0095,2.0,0.5527448630381719,16,2–5-year,Convective,Organized or localized severe convection,,Medium,27 convective/heavy-rain NOAA Storm Events records; Rx3h/Rx24h=0.69.,,,32,Funnel Cloud; Hail; Lightning; Thunderstorm Wind; Tornado,0,27,0,0.3878358391625079,0.6910117113060883,0.7612809229911532,0.8105245489980101
ALRF-1996-005,1996,1996-05-28 11:00:00+00:00,1996-05-28 11:00:00+00:00,1996-05-27 23:00:00+00:00,1996-05-28 23:00:00+00:00,29.474346160888672,0.7106266677827665,060300050601,1996-05-28 06:00:00+00:00,0,54.23649597167969,0.8936672760953697,031502010505,1996-05-28 14:00:00+00:00,0,74.13774871826172,1.023925194498588,031501090402,1996-05-28 11:00:00+00:00,4,98.19033813476562,0.9352018755855054,031502010706,1996-05-28 20:00:00+00:00,0,104.8758544921875,0.7788800721983344,031501090102,1996-05-28 19:00:00+00:00,0,1.023925194498588,1996-05-28 11:00:00+00:00,6,4,1,4,96,AL-RF-19960528-0096,2.0,0.47387194897036916,4,2–5-year,Convective,Organized or localized severe convection,,Medium,27 convective/heavy-rain NOAA Storm Events records; Rx3h/Rx24h=0.55.,,,29,Flash Flood; Funnel Cloud; Hail; Thunderstorm Wind,1,27,0,0.30017562543104104,0.5523608228870791,0.7550411794743809,0.9362530451857258
ALRF-1996-006,1996,1996-07-08 04:00:00+00:00,1996-07-08 06:00:00+00:00,1996-07-07 16:00:00+00:00,1996-07-08 18:00:00+00:00,54.49768829345703,1.2831772240838077,031601030501,1996-07-08 06:00:00+00:00,6,71.9152603149414,1.2027029374301805,060300060202,1996-07-08 05:00:00+00:00,9,74.10462951660156,1.0076638204546162,060300060202,1996-07-08 06:00:00+00:00,2,94.4478530883789,0.8925383799747035,031601050303,1996-07-08 18:00:00+00:00,0,94.4478530883789,0.6864683960351113,031601050303,1996-07-08 18:00:00+00:00,0,1.2831772240838077,1996-07-08 06:00:00+00:00,1,13,3,9,97,AL-RF-19960708-0097,5.0,0.6200444262484266,13,5–10-year,Convective,Organized or localized severe convection,,Medium,14 convective/heavy-rain NOAA Storm Events records; Rx3h/Rx24h=0.76.,Bertha,1704.421233066863,16,Funnel Cloud; Hail; Lightning; Thunderstorm Wind,0,14,0,0.5770135213392432,0.7614282163475671,0.7846089359729403,1.0
ALRF-1996-007,1996,1996-08-31 06:00:00+00:00,1996-09-02 22:00:00+00:00,1996-08-30 18:00:00+00:00,1996-09-03 10:00:00+00:00,45.84428024291992,1.032530924566465,031501100603,1996-09-03 04:00:00+00:00,1,52.951812744140625,0.8586489963621844,031501100804,1996-09-03 05:00:00+00:00,0,54.24991989135742,0.7255002082430203,031501100904,1996-09-03 04:00:00+00:00,0,110.30217742919922,0.9622434140175603,031300040603,1996-08-31 09:00:00+00:00,0,185.37435913085938,1.309311209277057,031300040603,1996-09-01 18:00:00+00:00,20,1.309311209277057,1996-09-01 18:00:00+00:00,72,21,2,20,98,AL-RF-19960901-0098,5.0,0.5232573937923873,21,5–10-year,Frontal/extratropical candidate,Prolonged or widespread non-tropical rainfall,,Medium–low,No nearby HURDAT2 system; 5 flood/heavy-rain NOAA records; affected HUCs=21; Rx24h/Rx72h=0.60.,Fran,1006.2752384163292,9,Flash Flood; Hail; Thunderstorm Wind; Waterspout,5,8,0,0.41562443563134965,0.48006135489146934,0.4918299996949686,0.5950239177972546
ALRF-1997-001,1997,1997-03-03 07:00:00+00:00,1997-03-03 07:00:00+00:00,1997-03-02 19:00:00+00:00,1997-03-03 19:00:00+00:00,22.200225830078125,0.5250644529425532,060300051202,1997-03-03 01:00:00+00:00,0,42.89799118041992,0.7286534557746415,060300051202,1997-03-03 01:00:00+00:00,0,55.63791275024414,0.754155835105115,060300060207,1997-03-03 06:00:00+00:00,0,98.75794982910156,0.9801952381758691,060300050507,1997-03-03 08:00:00+00:00,0,130.16200256347656,1.0063677461881735,060300050601,1997-03-03 07:00:00+00:00,5,1.0063677461881735,1997-03-03 07:00:00+00:00,72,5,1,5,99,AL-RF-19970303-0099,2.0,0.4834628220124395,5,2–5-year,Convective candidate,Thunderstorm-associated rainfall,,Low,6 convective/heavy-rain NOAA Storm Events records; rainfall duration signature was not decisive.,,,6,Hail; Thunderstorm Wind,0,6,0,0.22479431649295192,0.4343750680796224,0.5633765468655871,0.7587310265984877
ALRF-1997-002,1997,1997-05-03 01:00:00+00:00,1997-05-04 04:00:00+00:00,1997-05-02 13:00:00+00:00,1997-05-04 16:00:00+00:00,52.835243225097656,1.2914840404475285,031501051001,1997-05-03 06:00:00+00:00,17,93.32738494873047,1.6718989182666442,031501051001,1997-05-03 08:00:00+00:00,97,113.7099609375,1.6789852648024925,031501051001,1997-05-03 08:00:00+00:00,158,126.77571868896484,1.2598661887727067,031501050804,1997-05-03 13:00:00+00:00,45,133.89804077148438,1.005335817155438,031601100402,1997-05-03 09:00:00+00:00,1,1.6789852648024925,1997-05-03 08:00:00+00:00,6,166,1,166,100,AL-RF-19970503-0100,10.0,0.7665171862050897,166,10–25-year,Convective,Organized or localized severe convection,,Medium,42 convective/heavy-rain NOAA Storm Events records; Rx3h/Rx24h=0.74.,,,42,Flash Flood; Hail; Lightning; Thunderstorm Wind; Tornado,4,42,0,0.4167615358168479,0.7361613557695739,0.8969380107911614,0.9468078693199494
ALRF-1997-003,1997,1997-07-19 01:00:00+00:00,1997-07-24 17:00:00+00:00,1997-07-18 13:00:00+00:00,1997-07-25 05:00:00+00:00,39.25654602050781,0.9799415785552205,031501080704,1997-07-23 05:00:00+00:00,0,67.73287200927734,1.2191088471963514,031501080704,1997-07-23 06:00:00+00:00,6,149.787841796875,1.3719338102626701,031700090203,1997-07-19 06:00:00+00:00,15,338.7069396972656,2.2343808818341713,031700090203,1997-07-19 17:00:00+00:00,36,466.3227844238281,2.4948361083018105,031700090203,1997-07-20 06:00:00+00:00,75,2.4948361083018105,1997-07-20 06:00:00+00:00,72,81,5,62,101,AL-RF-19970720-0101,50.0,0.9103410025065461,81,50–100-year,Tropical cyclone,Hurricane,Danny,High,HURDAT2 track within 0 km of rainfall footprint; track status=HU; 5 matching tropical NOAA Storm Events records.,Danny,0.0,18,Flash Flood; Hurricane (Typhoon); Lightning; Thunderstorm Wind; Tornado,6,13,5,0.11590121553339029,0.19997485752673566,0.44223434551047147,0.7263358150422778
ALRF-1997-004,1997,1997-09-25 04:00:00+00:00,1997-09-27 22:00:00+00:00,1997-09-24 16:00:00+00:00,1997-09-28 10:00:00+00:00,25.080429077148438,0.6407112623790883,031501050106,1997-09-25 12:00:00+00:00,0,57.349517822265625,1.0084141505165858,031501060107,1997-09-25 12:00:00+00:00,2,78.11072540283203,1.1366105898875452,031501060107,1997-09-25 15:00:00+00:00,13,143.07882690429688,1.4947517536783317,031501050106,1997-09-25 18:00:00+00:00,59,172.76959228515625,1.4074179508441187,031501050106,1997-09-26 10:00:00+00:00,43,1.4947517536783317,1997-09-25 18:00:00+00:00,24,72,6,31,102,AL-RF-19970925-0102,10.0,0.7395735049858998,72,10–25-year,Unclassified,Insufficient external evidence,,Low,No nearby HURDAT2 track and no matching Alabama NOAA Storm Events record within the configured time buffer.,,,0,,0,0,0,0.17529098902889617,0.4008246297729698,0.5459279132549713,0.8281482002234817
ALRF-1997-005,1997,1997-10-26 10:00:00+00:00,1997-10-28 07:00:00+00:00,1997-10-25 22:00:00+00:00,1997-10-28 19:00:00+00:00,36.199012756347656,0.8798433088739527,060300010504,1997-10-26 10:00:00+00:00,0,54.714569091796875,0.9614387494342853,060300010504,1997-10-26 11:00:00+00:00,0,70.47431945800781,1.0012907046957729,031501060108,1997-10-26 12:00:00+00:00,1,115.59770202636719,1.1420127509879838,060300010802,1997-10-26 16:00:00+00:00,31,203.48724365234375,1.4112551015357426,031402020401,1997-10-27 01:00:00+00:00,115,1.4112551015357426,1997-10-27 01:00:00+00:00,72,119,6,66,103,AL-RF-19971027-0103,5.0,0.5948274328471118,119,5–10-year,Convective candidate,Thunderstorm-associated rainfall,,Low,38 convective/heavy-rain NOAA Storm Events records; rainfall duration signature was not decisive.,,,38,Hail; Lightning; Thunderstorm Wind; Tornado,0,38,0,0.3131464736910675,0.4733188301556097,0.6096515607371937,0.568083285966883
ALRF-1998-001,1998,1998-01-07 12:00:00+00:00,1998-01-10 07:00:00+00:00,1998-01-07 00:00:00+00:00,1998-01-10 19:00:00+00:00,32.205230712890625,0.7328415608167537,031502030103,1998-01-07 12:00:00+00:00,0,78.33975219726562,1.0666070271930388,031700080101,1998-01-07 12:00:00+00:00,7,81.85533905029297,1.075314851071325,031601060703,1998-01-07 15:00:00+00:00,22,142.4058837890625,1.3726734599571857,060300050701,1998-01-08 06:00:00+00:00,66,173.21157836914062,1.2937306070873271,060300050701,1998-01-08 08:00:00+00:00,291,1.3726734599571857,1998-01-08 06:00:00+00:00,24,295,9,184,104,AL-RF-19980108-0104,5.0,0.6544138290299035,295,5–10-year,Convective,Organized or localized severe convection,,Medium,82 convective/heavy-rain NOAA Storm Events records; Rx3h/Rx24h=0.55.,,,82,Flash Flood; Hail; Thunderstorm Wind,56,82,0,0.22615098376549067,0.5501159791494691,0.5748030690328814,0.8221499112811822
ALRF-1998-002,1998,1998-03-07 22:00:00+00:00,1998-03-11 06:00:00+00:00,1998-03-07 10:00:00+00:00,1998-03-11 18:00:00+00:00,41.37023162841797,0.7607783551272166,031402020609,1998-03-08 12:00:00+00:00,0,85.94526672363281,1.1248234238079464,031402020605,1998-03-08 12:00:00+00:00,15,129.41915893554688,1.4124210202511214,031402020606,1998-03-08 13:00:00+00:00,74,211.56460571289062,1.688767860904588,031402020603,1998-03-08 15:00:00+00:00,292,318.7608947753906,2.036739387463893,031402020603,1998-03-08 20:00:00+00:00,420,2.036739387463893,1998-03-08 20:00:00+00:00,72,423,3,418,105,AL-RF-19980308-0105,25.0,0.7277077546948179,423,25–50-year,Frontal/extratropical candidate,Prolonged or widespread non-tropical rainfall,,Medium–low,No nearby HURDAT2 system; 20 flood/heavy-rain NOAA records; affected HUCs=423; Rx24h/Rx72h=0.66.,,,48,Flash Flood; Flood; Hail; Lightning; Thunderstorm Wind,20,40,0,0.195544200264578,0.40623650838962694,0.6117240570531849,0.6637094109739088
ALRF-1998-003,1998,1998-07-14 03:00:00+00:00,1998-07-16 18:00:00+00:00,1998-07-13 15:00:00+00:00,1998-07-17 06:00:00+00:00,21.29627227783203,0.5166830804178896,060300050201,1998-07-14 00:00:00+00:00,0,46.38843536376953,0.8035091065432206,060300021203,1998-07-14 01:00:00+00:00,0,61.384037017822266,0.8709745924470472,060300021203,1998-07-14 03:00:00+00:00,0,136.808349609375,1.3504523220550941,060300021203,1998-07-14 08:00:00+00:00,5,188.51600646972656,1.446293380998776,060300050201,1998-07-15 21:00:00+00:00,11,1.446293380998776,1998-07-15 21:00:00+00:00,72,11,1,11,106,AL-RF-19980715-0106,10.0,0.6971086054033496,11,10–25-year,Frontal/extratropical candidate,Prolonged or widespread non-tropical rainfall,,Medium–low,No nearby HURDAT2 system; 1 flood/heavy-rain NOAA records; affected HUCs=11; Rx24h/Rx72h=0.73.,,,1,Flash Flood,1,1,0,0.15566500391707577,0.3390760541752102,0.4486863352499344,0.725712114166522
ALRF-1998-004,1998,1998-09-02 21:00:00+00:00,1998-09-04 22:00:00+00:00,1998-09-02 09:00:00+00:00,1998-09-05 10:00:00+00:00,26.746471405029297,0.4366340006479832,031401070103,1998-09-02 16:00:00+00:00,0,49.493125915527344,0.6300939587292425,031401030303,1998-09-02 22:00:00+00:00,0,80.4405288696289,0.9130082945430765,031402030203,1998-09-03 02:00:00+00:00,0,152.08079528808594,1.2529670979528678,031402030102,1998-09-03 12:00:00+00:00,35,159.74522399902344,1.1012929250970018,031300120107,1998-09-03 14:00:00+00:00,15,1.2529670979528678,1998-09-03 12:00:00+00:00,24,35,3,31,107,AL-RF-19980903-0107,2.0,0.4724599477970599,35,2–5-year,Tropical cyclone,Hurricane,Earl,High,HURDAT2 track within 86 km of rainfall footprint; track status=HU; 9 matching tropical NOAA Storm Events records.,Earl,85.60778995500364,13,Drought; Heat; Heavy Rain; Hurricane (Typhoon); Tropical Storm,1,1,9,0.1758701442503873,0.32543968370084303,0.5289328525488757,0.9520209210700136
ALRF-1998-005,1998,1998-09-12 18:00:00+00:00,1998-09-13 17:00:00+00:00,1998-09-12 06:00:00+00:00,1998-09-14 05:00:00+00:00,23.680252075195312,0.3992067464497413,031602040401,1998-09-12 11:00:00+00:00,0,62.571502685546875,0.7019042187161045,031602050207,1998-09-12 13:00:00+00:00,0,85.16116333007812,0.7811994774075736,031602050207,1998-09-12 15:00:00+00:00,0,147.4650115966797,1.0000523732568882,031700080603,1998-09-12 12:00:00+00:00,1,199.2868194580078,1.0693121355221327,031700090101,1998-09-13 11:00:00+00:00,6,1.0693121355221327,1998-09-13 11:00:00+00:00,72,6,2,5,108,AL-RF-19980913-0108,2.0,0.42383710679359665,6,2–5-year,Frontal/extratropical candidate,Prolonged or widespread non-tropical rainfall,,Medium–low,No nearby HURDAT2 system; 1 flood/heavy-rain NOAA records; affected HUCs=6; Rx24h/Rx72h=0.74.,Frances,784.8926595968768,4,Drought; Heat; Heavy Rain,1,1,0,0.16058217348506618,0.42431422890116754,0.5775008078729613,0.7399636965341423
ALRF-1998-006,1998,1998-09-28 08:00:00+00:00,1998-10-02 14:00:00+00:00,1998-09-27 20:00:00+00:00,1998-10-03 02:00:00+00:00,48.71781539916992,0.819720120614778,031401060403,1998-09-28 18:00:00+00:00,0,106.20637512207031,1.268406370650136,031401040404,1998-09-29 07:00:00+00:00,14,116.63130950927734,1.4933327121346631,031403030403,1998-09-28 17:00:00+00:00,55,295.04803466796875,2.388714253233972,031403030503,1998-09-29 10:00:00+00:00,582,424.17083740234375,2.9447351404509665,031403030102,1998-09-30 13:00:00+00:00,631,2.9447351404509665,1998-09-30 13:00:00+00:00,72,634,1,634,109,AL-RF-19980930-0109,100.0,1.1111839200162454,634,100–200-year,Tropical cyclone,Tropical storm,Georges,High,HURDAT2 track within 0 km of rainfall footprint; track status=TS; 13 matching tropical NOAA Storm Events records.,Georges,0.0,70,Drought; Flash Flood; Funnel Cloud; Heat; Heavy Rain; Hurricane (Typhoon); Thunderstorm Wind; Tornado,17,46,13,0.16511825084344095,0.3599629980304369,0.3952960054132473,0.6955877411914185
ALRF-1998-007,1998,1998-12-13 01:00:00+00:00,1998-12-13 19:00:00+00:00,1998-12-12 13:00:00+00:00,1998-12-14 07:00:00+00:00,21.323022842407227,0.3457240372761285,031602050205,1998-12-12 22:00:00+00:00,0,38.13031768798828,0.42768790631505677,031602050205,1998-12-12 22:00:00+00:00,0,41.21638870239258,0.5831125747329434,060300051003,1998-12-12 20:00:00+00:00,0,112.63644409179688,1.1142014867023,060300050201,1998-12-13 03:00:00+00:00,5,139.38519287109375,1.069362149314753,060300050201,1998-12-13 09:00:00+00:00,3,1.1142014867023,1998-12-13 03:00:00+00:00,24,5,1,5,110,AL-RF-19981213-0110,2.0,0.5327630153901304,5,2–5-year,Unclassified,Insufficient external evidence,,Low,No nearby HURDAT2 track and no matching Alabama NOAA Storm Events record within the configured time buffer.,,,4,Drought; Heat,0,0,0,0.189308380731811,0.33852558108912506,0.3659240935269751,0.8080947607969043
ALRF-1999-001,1999,1999-01-23 00:00:00+00:00,1999-01-25 07:00:00+00:00,1999-01-22 12:00:00+00:00,1999-01-25 19:00:00+00:00,27.74675178527832,0.6759203806897404,060300021008,1999-01-22 23:00:00+00:00,0,58.139137268066406,0.9906205162437622,060300051203,1999-01-23 04:00:00+00:00,0,90.09983825683594,1.2714545367745549,060300051203,1999-01-23 04:00:00+00:00,27,135.4336700439453,1.330523429866902,060300051203,1999-01-23 07:00:00+00:00,59,137.53369140625,1.0518676099669955,060300051203,1999-01-23 08:00:00+00:00,4,1.330523429866902,1999-01-23 07:00:00+00:00,24,72,5,49,111,AL-RF-19990123-0111,5.0,0.6193668819018056,72,5–10-year,Frontal/extratropical candidate,Prolonged or widespread non-tropical rainfall,,Medium–low,No nearby HURDAT2 system; 6 flood/heavy-rain NOAA records; affected HUCs=72; Rx24h/Rx72h=0.98.,,,52,Coastal Flood; Flash Flood; Funnel Cloud; Hail; Heat; Heavy Rain; Lightning; Thunderstorm Wind; Tornado,6,37,0,0.2048733655100323,0.42928126550215695,0.6652691182894215,0.9847308587384483
ALRF-1999-002,1999,1999-01-30 17:00:00+00:00,1999-02-02 07:00:00+00:00,1999-01-30 05:00:00+00:00,1999-02-02 19:00:00+00:00,33.152557373046875,0.6105539364635896,031602031101,1999-01-30 11:00:00+00:00,0,46.91997528076172,0.723661385914741,031502030703,1999-01-30 20:00:00+00:00,0,69.39945220947266,0.888900240031307,031502030703,1999-01-30 22:00:00+00:00,0,160.36766052246094,1.415916981457042,031502030605,1999-01-31 03:00:00+00:00,172,183.0020751953125,1.2920815639039627,031502030601,1999-02-01 10:00:00+00:00,185,1.415916981457042,1999-01-31 03:00:00+00:00,24,201,1,201,112,AL-RF-19990131-0112,5.0,0.6110408926081062,201,5–10-year,Frontal/extratropical candidate,Prolonged or widespread non-tropical rainfall,,Medium–low,No nearby HURDAT2 system; 4 flood/heavy-rain NOAA records; affected HUCs=201; Rx24h/Rx72h=0.88.,,,7,Drought; Flash Flood; Heat; Heavy Rain; High Wind,4,4,0,0.20672844677685848,0.2925775379393912,0.43275216451606613,0.8763160764778511
ALRF-1999-003,1999,1999-03-14 01:00:00+00:00,1999-03-14 09:00:00+00:00,1999-03-13 13:00:00+00:00,1999-03-14 21:00:00+00:00,40.97764587402344,0.8326293221914189,031402010301,1999-03-14 05:00:00+00:00,0,78.11114501953125,1.1928395844246245,031402010401,1999-03-14 06:00:00+00:00,17,96.66399383544922,1.2262488950632706,031402010401,1999-03-14 07:00:00+00:00,34,118.99497985839844,1.0370296802538412,031502040203,1999-03-14 18:00:00+00:00,1,120.13491821289062,0.8423218511508617,031502040203,1999-03-14 21:00:00+00:00,0,1.2262488950632706,1999-03-14 07:00:00+00:00,6,34,3,28,113,AL-RF-19990314-0113,2.0,0.5492195334575108,34,2–5-year,Convective,Organized or localized severe convection,,Medium,11 convective/heavy-rain NOAA Storm Events records; Rx3h/Rx24h=0.66.,,,13,Coastal Flood; Flash Flood; Lightning; Thunderstorm Wind; Tornado,5,11,0,0.3443644927104151,0.6564238685739675,0.8123367384949968,0.9905111821654374
ALRF-1999-004,1999,1999-05-06 02:00:00+00:00,1999-05-07 03:00:00+00:00,1999-05-05 14:00:00+00:00,1999-05-07 15:00:00+00:00,44.98271560668945,1.1242691609050446,060300050303,1999-05-06 03:00:00+00:00,12,73.78703308105469,1.2750803750571504,060300020106,1999-05-06 06:00:00+00:00,149,90.67239379882812,1.3060255487113037,060300010601,1999-05-06 09:00:00+00:00,154,107.33374786376953,1.0543599857589845,060300010603,1999-05-06 12:00:00+00:00,16,114.44872283935547,0.8529902945903882,060300020104,1999-05-06 15:00:00+00:00,0,1.3060255487113037,1999-05-06 09:00:00+00:00,6,183,5,176,114,AL-RF-19990506-0114,5.0,0.6556083497430963,183,5–10-year,Convective,Organized or localized severe convection,,Medium,43 convective/heavy-rain NOAA Storm Events records; Rx3h/Rx24h=0.69.,,,45,Coastal Flood; Flash Flood; Funnel Cloud; Hail; Lightning; Thunderstorm Wind; Tornado,6,43,0,0.41909200509594197,0.6874541749413884,0.8447705926929117,0.9378326398139647
ALRF-1999-005,1999,1999-06-27 18:00:00+00:00,1999-06-27 20:00:00+00:00,1999-06-27 06:00:00+00:00,1999-06-28 08:00:00+00:00,34.79826736450195,0.839353893276365,060300050602,1999-06-28 08:00:00+00:00,0,62.355003356933594,1.0766082235009653,060300050507,1999-06-28 08:00:00+00:00,1,64.6170654296875,0.9181400628526067,060300050507,1999-06-28 08:00:00+00:00,0,88.0851821899414,0.8362539561949405,031502020507,1999-06-27 18:00:00+00:00,0,148.20553588867188,1.1042792192061304,031502020507,1999-06-27 19:00:00+00:00,7,1.1042792192061304,1999-06-27 19:00:00+00:00,72,8,2,7,115,AL-RF-19990627-0115,2.0,0.5211941680918319,8,2–5-year,Convective,Organized or localized severe convection,,Medium,20 convective/heavy-rain NOAA Storm Events records; Rx3h/Rx24h=0.71.,,,20,Flash Flood; Heavy Rain,20,20,0,0.39505245376532383,0.7078943564250698,0.7335747491598675,0.5943447500915802
ALRF-1999-006,1999,1999-06-28 17:00:00+00:00,1999-06-30 04:00:00+00:00,1999-06-28 05:00:00+00:00,1999-06-30 16:00:00+00:00,34.79826736450195,0.839353893276365,060300050602,1999-06-28 08:00:00+00:00,0,62.355003356933594,1.0766082235009653,060300050507,1999-06-28 08:00:00+00:00,1,64.6170654296875,0.9181400628526067,060300050507,1999-06-28 08:00:00+00:00,0,94.82984161376953,0.9263313352211989,060300020901,1999-06-28 16:00:00+00:00,0,146.587890625,1.136418703769252,060300010807,1999-06-29 20:00:00+00:00,19,1.136418703769252,1999-06-29 20:00:00+00:00,72,20,3,16,116,AL-RF-19990629-0116,2.0,0.5675428076009653,20,2–5-year,Convective,Organized or localized severe convection,,Medium,25 convective/heavy-rain NOAA Storm Events records; Rx3h/Rx24h=0.66.,,,25,Flash Flood; Heavy Rain; Lightning; Thunderstorm Wind,23,25,0,0.3669548189928555,0.657546214311925,0.6814001197309281,0.6469145657901749
ALRF-1999-007,1999,1999-10-10 09:00:00+00:00,1999-10-12 03:00:00+00:00,1999-10-09 21:00:00+00:00,1999-10-12 15:00:00+00:00,37.266502380371094,0.7382608442153251,031402010208,1999-10-09 22:00:00+00:00,0,52.549747467041016,0.7635876078645613,031300040701,1999-10-10 21:00:00+00:00,0,59.30929183959961,0.900172543416321,031501050106,1999-10-10 18:00:00+00:00,0,105.84175872802734,0.9461261530878313,031700020504,1999-10-10 07:00:00+00:00,0,186.62136840820312,1.3126184630319186,031700020504,1999-10-10 22:00:00+00:00,17,1.3126184630319186,1999-10-10 22:00:00+00:00,72,17,2,16,117,AL-RF-19991010-0117,5.0,0.6132837320653778,17,5–10-year,Convective candidate,Thunderstorm-associated rainfall,,Low,3 convective/heavy-rain NOAA Storm Events records; rainfall duration signature was not decisive.,Irene,1161.5098454349215,4,Drought; Thunderstorm Wind; Tornado,0,3,0,0.3520964015359163,0.4964935210692566,0.5603581474113795,0.5671470509021033
ALRF-1999-008,1999,1999-11-02 08:00:00+00:00,1999-11-02 19:00:00+00:00,1999-11-01 20:00:00+00:00,1999-11-03 07:00:00+00:00,18.68876075744629,0.48101091586630684,031501050703,1999-11-02 05:00:00+00:00,0,44.15986251831055,0.8372416646924303,031501050703,1999-11-02 06:00:00+00:00,0,72.35806274414062,1.0210893707267603,060300051203,1999-11-02 01:00:00+00:00,2,123.85610961914062,1.2167835053643457,060300051203,1999-11-02 11:00:00+00:00,24,126.9075927734375,0.9705984397885086,060300051203,1999-11-02 11:00:00+00:00,0,1.2167835053643457,1999-11-02 11:00:00+00:00,24,24,2,14,118,AL-RF-19991102-0118,5.0,0.5599422195293019,24,5–10-year,Unclassified,Insufficient external evidence,,Low,No nearby HURDAT2 track and no matching Alabama NOAA Storm Events record within the configured time buffer.,Katrina,1487.0592436741879,19,Drought; High Wind,0,0,0,0.150890907319102,0.3565416567184516,0.5842106858244034,0.975955078119364
ALRF-2000-001,2000,2000-03-19 20:00:00+00:00,2000-03-22 09:00:00+00:00,2000-03-19 08:00:00+00:00,2000-03-22 21:00:00+00:00,33.29304885864258,0.7244270797290612,031403010101,2000-03-20 01:00:00+00:00,0,54.8245964050293,0.9136272413643263,031601110206,2000-03-20 01:00:00+00:00,0,71.73343658447266,0.9707132354505281,031601120202,2000-03-19 22:00:00+00:00,0,150.91952514648438,1.448953204394013,031601110412,2000-03-20 02:00:00+00:00,100,152.7259979248047,1.1580393261138817,031601110410,2000-03-20 09:00:00+00:00,24,1.448953204394013,2000-03-20 02:00:00+00:00,24,100,2,99,119,AL-RF-20000320-0119,10.0,0.6332878291298542,100,10–25-year,Frontal/extratropical candidate,Prolonged or widespread non-tropical rainfall,,Medium–low,No nearby HURDAT2 system; 5 flood/heavy-rain NOAA records; affected HUCs=100; Rx24h/Rx72h=0.99.,,,21,Flash Flood; Hail; Lightning; Thunderstorm Wind; Tornado,5,21,0,0.22060133588631378,0.3632704009094639,0.4753091855732205,0.9881718056986621
ALRF-2000-002,2000,2000-04-03 16:00:00+00:00,2000-04-06 02:00:00+00:00,2000-04-03 04:00:00+00:00,2000-04-06 14:00:00+00:00,20.12959098815918,0.48162580542722266,031601100202,2000-04-03 18:00:00+00:00,0,38.80690002441406,0.7135098834200562,060300010303,2000-04-03 20:00:00+00:00,0,71.3105697631836,0.9687781609432389,031601120203,2000-04-03 07:00:00+00:00,0,123.84955596923828,1.185433975828975,031601110204,2000-04-04 02:00:00+00:00,84,177.94493103027344,1.4114001593744385,060300010204,2000-04-04 14:00:00+00:00,450,1.4114001593744385,2000-04-04 14:00:00+00:00,72,450,2,447,120,AL-RF-20000404-0120,10.0,0.7004492351052464,450,10–25-year,Frontal/extratropical candidate,Prolonged or widespread non-tropical rainfall,,Medium–low,No nearby HURDAT2 system; 14 flood/heavy-rain NOAA records; affected HUCs=450; Rx24h/Rx72h=0.70.,,,81,Flash Flood; Funnel Cloud; Hail; Lightning; Thunderstorm Wind; Tornado,14,80,0,0.16253260522919405,0.31333903235028887,0.5757838145249039,0.6959993479565203
ALRF-2000-003,2000,2000-11-09 06:00:00+00:00,2000-11-11 20:00:00+00:00,2000-11-08 18:00:00+00:00,2000-11-12 08:00:00+00:00,26.501752853393555,0.6043768668217085,031601120301,2000-11-09 01:00:00+00:00,0,53.01128387451172,0.8673813860901198,031601120203,2000-11-09 02:00:00+00:00,0,65.81564331054688,1.0438162322081292,060300010204,2000-11-09 09:00:00+00:00,1,136.9785919189453,1.3100173243397377,031601120203,2000-11-09 18:00:00+00:00,131,197.4276580810547,1.5659306869107537,060300010204,2000-11-09 14:00:00+00:00,251,1.5659306869107537,2000-11-09 14:00:00+00:00,72,255,1,255,121,AL-RF-20001109-0121,10.0,0.7465545380554452,255,10–25-year,Frontal/extratropical candidate,Prolonged or widespread non-tropical rainfall,,Medium–low,No nearby HURDAT2 system; 3 flood/heavy-rain NOAA records; affected HUCs=255; Rx24h/Rx72h=0.69.,,,33,Funnel Cloud; Heavy Rain; Lightning; Thunderstorm Wind; Tornado,3,32,0,0.1934736843336476,0.3870041524874209,0.48048123716655033,0.6938166275705313
ALRF-2001-001,2001,2001-03-03 13:00:00+00:00,2001-03-06 05:00:00+00:00,2001-03-03 01:00:00+00:00,2001-03-06 17:00:00+00:00,42.81123352050781,0.761529786337819,031403050101,2001-03-03 12:00:00+00:00,0,75.71940612792969,0.9736728896644535,031403050206,2001-03-03 13:00:00+00:00,0,88.99871826171875,0.9510185614034827,031403050206,2001-03-03 16:00:00+00:00,0,177.25025939941406,1.5079031144992523,031403030203,2001-03-04 02:00:00+00:00,308,215.80763244628906,1.4562497178205691,031403030203,2001-03-04 04:00:00+00:00,329,1.5079031144992523,2001-03-04 02:00:00+00:00,24,395,2,394,122,AL-RF-20010304-0122,5.0,0.6145185682885865,395,5–10-year,Frontal/extratropical candidate,Prolonged or widespread non-tropical rainfall,,Medium–low,No nearby HURDAT2 system; 22 flood/heavy-rain NOAA records; affected HUCs=395; Rx24h/Rx72h=0.82.,,,34,Flash Flood; Hail; Lightning; Thunderstorm Wind; Tornado,22,34,0,0.24152987795655284,0.42718925424703774,0.5021076897900041,0.8213345255225332
ALRF-2001-002,2001,2001-04-04 00:00:00+00:00,2001-04-04 13:00:00+00:00,2001-04-03 12:00:00+00:00,2001-04-05 01:00:00+00:00,31.303199768066406,0.6300128320119669,031403020501,2001-04-04 02:00:00+00:00,0,44.582481384277344,0.7647148398326189,031300020901,2001-04-03 23:00:00+00:00,0,71.47220611572266,0.89630042467654,031402020402,2001-04-04 06:00:00+00:00,0,114.96400451660156,1.105097956240972,031501060805,2001-04-04 04:00:00+00:00,13,125.47901153564453,0.9361972061142425,031501060804,2001-04-05 01:00:00+00:00,0,1.105097956240972,2001-04-04 04:00:00+00:00,24,13,1,13,123,AL-RF-20010404-0123,2.0,0.4960408830212538,13,2–5-year,Convective candidate,Thunderstorm-associated rainfall,,Low,58 convective/heavy-rain NOAA Storm Events records; rainfall duration signature was not decisive.,,,60,Flash Flood; Funnel Cloud; Hail; Lightning; Thunderstorm Wind,14,58,0,0.27228696407792596,0.38779513267423926,0.6216920367052942,0.9162010690843225
ALRF-2001-003,2001,2001-08-10 14:00:00+00:00,2001-08-10 17:00:00+00:00,2001-08-10 02:00:00+00:00,2001-08-11 05:00:00+00:00,32.005123138427734,0.7729111249649337,060300020901,2001-08-10 12:00:00+00:00,0,70.83467864990234,1.2017544332652585,060300020901,2001-08-10 14:00:00+00:00,3,88.90308380126953,1.2305222543148695,060300020901,2001-08-10 17:00:00+00:00,12,102.52583312988281,1.0093610585936488,060300010906,2001-08-10 23:00:00+00:00,2,103.77552032470703,0.8027475069513382,060300010906,2001-08-10 20:00:00+00:00,0,1.2305222543148695,2001-08-10 17:00:00+00:00,6,12,1,12,124,AL-RF-20010810-0124,5.0,0.6181821104464573,12,5–10-year,Convective,Organized or localized severe convection,,Medium,5 convective/heavy-rain NOAA Storm Events records; Rx3h/Rx24h=0.69.,,,5,Flash Flood; Thunderstorm Wind,4,5,0,0.312166428317463,0.6908959087429881,0.8671286161473512,0.9879577843511261
ALRF-2001-004,2001,2001-09-03 15:00:00+00:00,2001-09-03 22:00:00+00:00,2001-09-03 03:00:00+00:00,2001-09-04 10:00:00+00:00,22.895009994506836,0.5287432857416852,031601130201,2001-09-03 16:00:00+00:00,0,41.02762222290039,0.6563903504106835,031601130803,2001-09-03 15:00:00+00:00,0,55.600040435791016,0.7689296043734344,031601110306,2001-09-03 18:00:00+00:00,0,79.5845718383789,0.7646435498166195,031601110303,2001-09-03 18:00:00+00:00,0,148.9516143798828,1.1347323671380818,031601130803,2001-09-03 18:00:00+00:00,21,1.1347323671380818,2001-09-03 18:00:00+00:00,72,21,4,11,125,AL-RF-20010903-0125,2.0,0.5086974285357407,21,2–5-year,Frontal/extratropical candidate,Prolonged or widespread non-tropical rainfall,,Medium–low,No nearby HURDAT2 system; 2 flood/heavy-rain NOAA records; affected HUCs=21; Rx24h/Rx72h=0.53.,Erin,3277.585956122885,3,Flash Flood; Heavy Rain; Thunderstorm Wind,2,3,0,0.2876815124544772,0.5155223088492538,0.6986283792379269,0.5342981488969177
ALRF-2001-005,2001,2001-09-04 19:00:00+00:00,2001-09-05 10:00:00+00:00,2001-09-04 07:00:00+00:00,2001-09-05 22:00:00+00:00,20.80466651916504,0.3338927941792105,031700090103,2001-09-04 11:00:00+00:00,0,34.087337493896484,0.3862322488315172,031700090102,2001-09-04 13:00:00+00:00,0,48.55580139160156,0.4529113531724571,031700090102,2001-09-04 15:00:00+00:00,0,75.67251586914062,0.7262129658330325,031601110306,2001-09-04 07:00:00+00:00,0,141.3111114501953,1.0691955627849585,031601110304,2001-09-04 22:00:00+00:00,7,1.0691955627849585,2001-09-04 22:00:00+00:00,72,7,3,5,126,AL-RF-20010904-0126,2.0,0.476158858624132,7,2–5-year,Frontal/extratropical candidate,Prolonged or widespread non-tropical rainfall,,Medium–low,No nearby HURDAT2 system; 2 flood/heavy-rain NOAA records; affected HUCs=7; Rx24h/Rx72h=0.54.,Erin,2966.3547269372266,3,Flash Flood; Heavy Rain; Lightning,2,3,0,0.2749302871750986,0.45045862559721445,0.6416570247983878,0.5355029416480895
ALRF-2001-006,2001,2001-10-13 23:00:00+00:00,2001-10-14 22:00:00+00:00,2001-10-13 11:00:00+00:00,2001-10-15 10:00:00+00:00,22.54115104675293,0.4878679602878256,031502030408,2001-10-14 06:00:00+00:00,0,37.52247619628906,0.6207411904638794,031502011203,2001-10-14 07:00:00+00:00,0,60.002769470214844,0.8257808701709655,060300020602,2001-10-14 08:00:00+00:00,0,98.61749267578125,0.9688350360532856,060300051203,2001-10-14 07:00:00+00:00,0,171.789306640625,1.313857030567202,060300051203,2001-10-14 10:00:00+00:00,36,1.313857030567202,2001-10-14 10:00:00+00:00,72,36,3,26,127,AL-RF-20011014-0127,5.0,0.6118428170250294,36,5–10-year,Convective candidate,Thunderstorm-associated rainfall,,Low,40 convective/heavy-rain NOAA Storm Events records; rainfall duration signature was not decisive.,Karen,1932.4542568911947,42,Hail; High Surf; High Wind; Thunderstorm Wind; Tornado,0,40,0,0.22857152859138394,0.3804849948847253,0.608439414166433,0.5740607177726395
ALRF-2001-007,2001,2001-11-25 06:00:00+00:00,2001-11-26 17:00:00+00:00,2001-11-24 18:00:00+00:00,2001-11-27 05:00:00+00:00,56.97547912597656,1.2439203592142638,031300030905,2001-11-25 07:00:00+00:00,5,100.95291900634766,1.611863383874981,031300030905,2001-11-25 08:00:00+00:00,14,127.14414978027344,1.694320122578912,031300030905,2001-11-25 11:00:00+00:00,30,132.84829711914062,1.2460510460841796,031300030905,2001-11-25 15:00:00+00:00,7,169.7259521484375,1.2688479215590225,031300030905,2001-11-26 10:00:00+00:00,14,1.694320122578912,2001-11-25 11:00:00+00:00,6,30,1,30,128,AL-RF-20011125-0128,10.0,0.7589065057199224,30,10–25-year,Convective,Organized or localized severe convection,,Medium,72 convective/heavy-rain NOAA Storm Events records; Rx3h/Rx24h=0.76.,Olga,2608.475112125402,74,Flash Flood; Funnel Cloud; Hail; Heat; Lightning; Thunderstorm Wind; Tornado,1,72,0,0.4288762472798577,0.7599112762116277,0.9570626988635645,0.7827223558772867
ALRF-2001-008,2001,2001-11-29 16:00:00+00:00,2001-11-30 21:00:00+00:00,2001-11-29 04:00:00+00:00,2001-12-01 09:00:00+00:00,25.20747184753418,0.5964626712364193,060300051203,2001-11-29 15:00:00+00:00,0,47.891029357910156,0.816005163737373,060300051203,2001-11-29 15:00:00+00:00,0,78.25386810302734,1.104288726203156,060300051203,2001-11-29 17:00:00+00:00,1,145.53244018554688,1.4297354668875428,060300051203,2001-11-30 01:00:00+00:00,3,209.37863159179688,1.6013429039730918,060300051203,2001-11-30 05:00:00+00:00,15,1.6013429039730918,2001-11-30 05:00:00+00:00,72,15,2,11,129,AL-RF-20011130-0129,10.0,0.745720524071758,15,10–25-year,Convective candidate,Thunderstorm-associated rainfall,,Low,2 convective/heavy-rain NOAA Storm Events records; rainfall duration signature was not decisive.,Olga,1935.7558688508402,2,Thunderstorm Wind,0,2,0,0.1732086111893394,0.32907459874136236,0.5377073867740926,0.6950682554334193
ALRF-2001-009,2001,2001-12-14 03:00:00+00:00,2001-12-14 08:00:00+00:00,2001-12-13 15:00:00+00:00,2001-12-14 20:00:00+00:00,31.316099166870117,0.6311842168207195,031602030104,2001-12-14 06:00:00+00:00,0,54.973960876464844,0.7438695510031177,031700020607,2001-12-14 07:00:00+00:00,0,56.603187561035156,0.6877638173159248,031700020603,2001-12-14 07:00:00+00:00,0,119.79505920410156,1.124099989190238,031601050102,2001-12-14 05:00:00+00:00,49,125.37553405761719,0.9122879707178881,031601050102,2001-12-14 11:00:00+00:00,0,1.124099989190238,2001-12-14 05:00:00+00:00,24,49,2,48,130,AL-RF-20011214-0130,2.0,0.5172151137482978,49,2–5-year,Convective candidate,Thunderstorm-associated rainfall,,Low,2 convective/heavy-rain NOAA Storm Events records; rainfall duration signature was not decisive.,,,2,Thunderstorm Wind; Tornado,0,2,0,0.2614139462422663,0.45890006851453385,0.4725001843740244,0.9554899215747222
ALRF-2002-001,2002,2002-01-19 15:00:00+00:00,2002-01-19 19:00:00+00:00,2002-01-19 03:00:00+00:00,2002-01-20 07:00:00+00:00,51.537818908691406,1.2124632948107703,031501070601,2002-01-19 18:00:00+00:00,4,91.15530395507812,1.4844063786950368,031601120302,2002-01-19 15:00:00+00:00,26,108.19032287597656,1.4706651977597258,031502020302,2002-01-19 18:00:00+00:00,49,109.7568588256836,1.049066286951197,031502020302,2002-01-19 23:00:00+00:00,2,110.52642059326172,0.8219282106239688,031502020302,2002-01-19 23:00:00+00:00,0,1.4844063786950368,2002-01-19 15:00:00+00:00,3,56,3,54,131,AL-RF-20020119-0131,10.0,0.7161019372217681,56,10–25-year,Convective,Organized or localized severe convection,,Medium,11 convective/heavy-rain NOAA Storm Events records; Rx3h/Rx24h=0.83.,,,11,Thunderstorm Wind,0,11,0,0.46956353762404984,0.8305203422398544,0.9857272158982336,0.9930373048955405
ALRF-2002-002,2002,2002-01-23 17:00:00+00:00,2002-01-26 23:00:00+00:00,2002-01-23 05:00:00+00:00,2002-01-27 11:00:00+00:00,35.4737548828125,0.8350745018008418,060300060303,2002-01-24 12:00:00+00:00,0,57.810028076171875,0.9678295230138932,060300060304,2002-01-23 09:00:00+00:00,0,69.1137924194336,0.9753074658679151,060300051203,2002-01-24 16:00:00+00:00,0,135.11007690429688,1.3201883972841522,060300051202,2002-01-25 02:00:00+00:00,21,260.5635070800781,1.937380819954142,060300060303,2002-01-25 02:00:00+00:00,51,1.937380819954142,2002-01-25 02:00:00+00:00,72,51,2,44,132,AL-RF-20020125-0132,50.0,0.8995857809959876,51,50–100-year,Frontal/extratropical candidate,Prolonged or widespread non-tropical rainfall,,Medium–low,No nearby HURDAT2 system; 8 flood/heavy-rain NOAA records; affected HUCs=51; Rx24h/Rx72h=0.52.,,,11,Flash Flood; Hail; Heat; Thunderstorm Wind,8,10,0,0.2625544718469799,0.42787354874441164,0.511536918659215,0.5185303130832283
ALRF-2002-003,2002,2002-03-30 08:00:00+00:00,2002-03-31 06:00:00+00:00,2002-03-29 20:00:00+00:00,2002-03-31 18:00:00+00:00,51.72807312011719,1.2370042342141299,060300010902,2002-03-30 06:00:00+00:00,1,66.86779022216797,1.1330297121478388,060300010902,2002-03-30 08:00:00+00:00,3,80.2225570678711,1.1613076192355969,060300010801,2002-03-30 11:00:00+00:00,7,129.1149139404297,1.2601991966359534,060300010902,2002-03-31 05:00:00+00:00,27,131.08328247070312,1.013984587859517,060300010906,2002-03-31 18:00:00+00:00,1,1.2601991966359534,2002-03-31 05:00:00+00:00,24,27,3,22,133,AL-RF-20020331-0133,5.0,0.6004138153932151,27,5–10-year,Convective candidate,Thunderstorm-associated rainfall,,Low,33 convective/heavy-rain NOAA Storm Events records; rainfall duration signature was not decisive.,,,36,Funnel Cloud; Hail; Thunderstorm Wind; Tornado,0,33,0,0.4006359261021015,0.5178936203529443,0.6213268058629053,0.9849838324676271
ALRF-2002-004,2002,2002-05-03 17:00:00+00:00,2002-05-06 02:00:00+00:00,2002-05-03 05:00:00+00:00,2002-05-06 14:00:00+00:00,46.64328384399414,1.1026530882248589,031601100503,2002-05-03 17:00:00+00:00,1,73.417724609375,1.2350745871052757,031601100503,2002-05-03 18:00:00+00:00,9,76.6548843383789,1.0566851245800366,031601100502,2002-05-03 21:00:00+00:00,2,134.02264404296875,1.2564845016801591,031601010503,2002-05-04 07:00:00+00:00,8,153.17173767089844,1.1096517446503196,031601010503,2002-05-05 10:00:00+00:00,4,1.2564845016801591,2002-05-04 07:00:00+00:00,24,13,5,5,134,AL-RF-20020504-0134,5.0,0.618292073385737,13,5–10-year,Convective candidate,Thunderstorm-associated rainfall,,Low,30 convective/heavy-rain NOAA Storm Events records; rainfall duration signature was not decisive.,,,30,Flash Flood; Hail; Lightning; Thunderstorm Wind,2,30,0,0.348025396581789,0.5478008968830422,0.5719547236644781,0.8749828531091485
ALRF-2002-005,2002,2002-06-29 12:00:00+00:00,2002-06-29 14:00:00+00:00,2002-06-29 00:00:00+00:00,2002-06-30 02:00:00+00:00,40.725894927978516,0.9373367323354632,031601070204,2002-06-29 12:00:00+00:00,0,68.41326904296875,1.1202585280431971,031601070204,2002-06-29 12:00:00+00:00,3,83.35454559326172,1.1220751842121488,031601070202,2002-06-29 14:00:00+00:00,3,86.78375244140625,0.8252859425290988,031601070202,2002-06-29 14:00:00+00:00,0,106.79842376708984,0.799675865515227,031601070202,2002-06-29 21:00:00+00:00,0,1.1220751842121488,2002-06-29 14:00:00+00:00,6,3,1,3,135,AL-RF-20020629-0135,2.0,0.5410589330983532,3,2–5-year,Convective,Organized or localized severe convection,,Medium,5 convective/heavy-rain NOAA Storm Events records; Rx3h/Rx24h=0.79.,,,6,Hail; Lightning; Rip Current,0,5,0,0.4692801795529111,0.7883188629018929,0.9604856122065034,0.8125939445573432
ALRF-2002-006,2002,2002-09-14 14:00:00+00:00,2002-09-17 13:00:00+00:00,2002-09-14 02:00:00+00:00,2002-09-18 01:00:00+00:00,103.96003723144531,1.6684481475445019,031700090103,2002-09-14 14:00:00+00:00,2,248.68447875976562,2.8007588468941034,031700090103,2002-09-14 15:00:00+00:00,7,252.07119750976562,2.3322405297382267,031700090103,2002-09-14 15:00:00+00:00,6,258.6227722167969,1.7118095698479037,031700090103,2002-09-14 15:00:00+00:00,6,260.50823974609375,1.3877258112394093,031700090103,2002-09-15 22:00:00+00:00,6,2.8007588468941034,2002-09-14 15:00:00+00:00,3,10,4,5,136,AL-RF-20020914-0136,500.0,1.3056272625976268,10,500–1000-year,Tropical cyclone,Tropical storm,Hanna,High,HURDAT2 track within 11 km of rainfall footprint; track status=TS; 4 matching tropical NOAA Storm Events records.,Hanna,10.986331305697393,10,Flash Flood; Thunderstorm Wind; Tornado; Tropical Storm,2,6,4,0.40197557369116077,0.9615722414084239,0.9746674484583313,0.9927623497393612
ALRF-2002-007,2002,2002-09-22 10:00:00+00:00,2002-09-29 11:00:00+00:00,2002-09-21 22:00:00+00:00,2002-09-29 23:00:00+00:00,59.00215148925781,1.3702626838350005,031501070503,2002-09-22 11:00:00+00:00,13,91.47618103027344,1.5324375790219809,031501070403,2002-09-22 11:00:00+00:00,51,112.44172668457031,1.549634258365081,031501070401,2002-09-22 13:00:00+00:00,108,161.38905334472656,1.5872605377586964,060300050901,2002-09-27 04:00:00+00:00,181,224.3955841064453,1.5783068639636275,031700020504,2002-09-27 05:00:00+00:00,274,1.5872605377586964,2002-09-27 04:00:00+00:00,24,332,19,134,137,AL-RF-20020927-0137,10.0,0.7374190986467014,332,10–25-year,Tropical cyclone,Tropical depression,Isidore,High,HURDAT2 track within 46 km of rainfall footprint; track status=TD; 4 matching tropical NOAA Storm Events records.,Isidore,46.33080577436,27,Flash Flood; High Wind; Tornado; Tropical Storm,14,18,4,0.36558955063221904,0.5668053634026874,0.6967122264754543,0.7192167082404318
ALRF-2002-008,2002,2002-10-04 15:00:00+00:00,2002-10-04 16:00:00+00:00,2002-10-04 03:00:00+00:00,2002-10-05 04:00:00+00:00,54.78675842285156,1.2628241653829155,031601090306,2002-10-04 15:00:00+00:00,3,66.56744384765625,1.0906313691626885,031601090306,2002-10-04 16:00:00+00:00,3,68.17893981933594,0.9125321473385214,031601090306,2002-10-04 18:00:00+00:00,0,68.18634033203125,0.630299849739275,031601090306,2002-10-04 18:00:00+00:00,0,68.18634033203125,0.4995153598306752,031601090306,2002-10-04 18:00:00+00:00,0,1.2628241653829155,2002-10-04 15:00:00+00:00,1,4,1,4,138,AL-RF-20021004-0138,5.0,0.6066477552216888,4,5–10-year,Tropical cyclone,Tropical depression,Lili,High,HURDAT2 track within 313 km of rainfall footprint; track status=TD; 4 matching tropical NOAA Storm Events records.,Lili,313.2361572895369,6,Hurricane (Typhoon); Thunderstorm Wind; Tornado,0,2,4,0.80348583244194,0.9762577595968366,0.9998914663456159,1.0
ALRF-2002-009,2002,2002-10-28 15:00:00+00:00,2002-10-28 19:00:00+00:00,2002-10-28 03:00:00+00:00,2002-10-29 07:00:00+00:00,44.85370635986328,0.9617864608583774,031602010506,2002-10-28 14:00:00+00:00,0,74.33918762207031,1.2218505964558017,031601030106,2002-10-28 15:00:00+00:00,6,86.96188354492188,1.162618651274016,031601030106,2002-10-28 15:00:00+00:00,3,95.67153930664062,0.9084158832673416,031601080903,2002-10-29 02:00:00+00:00,0,113.02268981933594,0.8204642839863664,031602010301,2002-10-29 04:00:00+00:00,0,1.2218505964558017,2002-10-28 15:00:00+00:00,3,6,2,3,139,AL-RF-20021028-0139,5.0,0.6201135421062804,6,5–10-year,Convective,Organized or localized severe convection,,Medium,3 convective/heavy-rain NOAA Storm Events records; Rx3h/Rx24h=0.78.,,,3,Thunderstorm Wind,0,3,0,0.46883019427649114,0.7770251023536148,0.90896293898018,0.8464808213250745
ALRF-2002-010,2002,2002-11-06 06:00:00+00:00,2002-11-06 06:00:00+00:00,2002-11-05 18:00:00+00:00,2002-11-06 18:00:00+00:00,57.890777587890625,1.392033110385691,060300020106,2002-11-06 06:00:00+00:00,13,57.890777587890625,1.0003843672374224,060300020106,2002-11-06 06:00:00+00:00,1,57.890777587890625,0.8194517128620141,060300020106,2002-11-06 06:00:00+00:00,0,87.37613677978516,0.8352648231717577,060300020106,2002-11-06 06:00:00+00:00,0,99.73207092285156,0.7400349914292924,060300020106,2002-11-06 06:00:00+00:00,0,1.392033110385691,2002-11-06 06:00:00+00:00,1,13,1,13,140,AL-RF-20021106-0140,5.0,0.6446030046145462,13,5–10-year,Convective,Organized or localized severe convection,,Medium,9 convective/heavy-rain NOAA Storm Events records; Rx3h/Rx24h=0.66.,,,9,Thunderstorm Wind; Tornado,0,9,0,0.6625467744562026,0.6625467744562026,0.6625467744562026,0.8761087178002709
ALRF-2002-011,2002,2002-11-11 09:00:00+00:00,2002-11-11 11:00:00+00:00,2002-11-10 21:00:00+00:00,2002-11-11 23:00:00+00:00,56.99024200439453,1.326396184490387,031501090601,2002-11-11 10:00:00+00:00,15,70.53483581542969,1.161100501961067,031501070907,2002-11-11 11:00:00+00:00,16,74.21755981445312,1.01955909997028,031501090502,2002-11-11 13:00:00+00:00,1,75.07149505615234,0.713544284786197,031501090502,2002-11-11 13:00:00+00:00,0,75.12163543701172,0.5613760383474561,031501090502,2002-11-11 13:00:00+00:00,0,1.326396184490387,2002-11-11 10:00:00+00:00,1,25,8,11,141,AL-RF-20021111-0141,5.0,0.6799765220241382,25,5–10-year,Convective,Organized or localized severe convection,,Medium,42 convective/heavy-rain NOAA Storm Events records; Rx3h/Rx24h=0.94.,,,51,Funnel Cloud; Hail; Heat; Thunderstorm Wind; Tornado,0,42,0,0.7591462240330593,0.9395688172011321,0.9886250401559142,0.9993325440724541
ALRF-2002-012,2002,2002-11-12 09:00:00+00:00,2002-11-14 01:00:00+00:00,2002-11-11 21:00:00+00:00,2002-11-14 13:00:00+00:00,40.57140350341797,0.7580056844998563,031402011202,2002-11-12 05:00:00+00:00,0,55.3995475769043,0.8604424775413105,031402020102,2002-11-12 06:00:00+00:00,0,79.0096206665039,0.9382748547026626,031300120104,2002-11-12 02:00:00+00:00,0,142.7933807373047,1.219276181646094,031402030701,2002-11-12 10:00:00+00:00,10,153.49844360351562,1.0582272553887828,031300120107,2002-11-12 16:00:00+00:00,4,1.219276181646094,2002-11-12 10:00:00+00:00,24,10,2,9,142,AL-RF-20021112-0142,2.0,0.46660169581866257,10,2–5-year,Convective candidate,Thunderstorm-associated rainfall,,Low,25 convective/heavy-rain NOAA Storm Events records; rainfall duration signature was not decisive.,,,26,Funnel Cloud; Hail; Thunderstorm Wind; Tornado,0,25,0,0.28412664014207145,0.3879699975646784,0.5533143081180841,0.9302594696408651
ALRF-2002-013,2002,2002-12-24 09:00:00+00:00,2002-12-24 23:00:00+00:00,2002-12-23 21:00:00+00:00,2002-12-25 11:00:00+00:00,66.94641876220703,1.393330572907409,031402020401,2002-12-24 12:00:00+00:00,35,101.15815734863281,1.544364573759324,031403010204,2002-12-24 13:00:00+00:00,124,113.680419921875,1.439865431401644,031403010204,2002-12-24 15:00:00+00:00,154,138.82859802246094,1.1137063058911276,031602030702,2002-12-24 14:00:00+00:00,9,139.0240478515625,0.8796403692849661,031602030702,2002-12-24 14:00:00+00:00,0,1.544364573759324,2002-12-24 13:00:00+00:00,3,184,18,60,143,AL-RF-20021224-0143,10.0,0.6932405327327389,184,10–25-year,Convective,Organized or localized severe convection,,Medium,23 convective/heavy-rain NOAA Storm Events records; Rx3h/Rx24h=0.73.,,,23,Flash Flood; Lightning; Thunderstorm Wind; Tornado,1,23,0,0.48222354555057767,0.7286550378637875,0.8188544834507567,0.9985941293458075
ALRF-2003-001,2003,2003-02-15 19:00:00+00:00,2003-02-17 17:00:00+00:00,2003-02-15 07:00:00+00:00,2003-02-18 05:00:00+00:00,40.36163330078125,1.0494918772499662,060300010205,2003-02-16 03:00:00+00:00,2,87.69194030761719,1.1711516156143618,031402010802,2003-02-16 12:00:00+00:00,5,72.07256317138672,1.1115914071366213,060300010302,2003-02-16 05:00:00+00:00,6,101.48194885253906,1.0472376221941253,060300010302,2003-02-16 16:00:00+00:00,1,171.56832885742188,1.3249501499437686,060300050507,2003-02-16 15:00:00+00:00,18,1.3249501499437686,2003-02-16 15:00:00+00:00,72,24,3,12,144,AL-RF-20030216-0144,5.0,0.6366174855864001,24,5–10-year,Convective,Organized or localized severe convection,,Medium,11 convective/heavy-rain NOAA Storm Events records; Rx3h/Rx24h=0.86.,,,11,Flash Flood; Thunderstorm Wind; Tornado,4,11,0,0.39772229206427395,0.8641136803062405,0.7102008188285149,0.5914958170215286
ALRF-2003-002,2003,2003-02-22 06:00:00+00:00,2003-02-24 14:00:00+00:00,2003-02-21 18:00:00+00:00,2003-02-25 02:00:00+00:00,39.23860168457031,0.9303279230525293,031501060501,2003-02-22 11:00:00+00:00,0,78.25361633300781,1.2834966662933072,031601100303,2003-02-22 07:00:00+00:00,12,114.78604888916016,1.5245990315295077,031601070102,2003-02-22 08:00:00+00:00,31,166.2357177734375,1.5221936818149437,031601070102,2003-02-22 09:00:00+00:00,93,168.4387969970703,1.2035161515302049,031601070102,2003-02-23 01:00:00+00:00,42,1.5245990315295077,2003-02-22 08:00:00+00:00,6,93,3,89,145,AL-RF-20030222-0145,10.0,0.7409743091462595,93,10–25-year,Frontal/extratropical candidate,Prolonged or widespread non-tropical rainfall,,Medium–low,No nearby HURDAT2 system; 40 flood/heavy-rain NOAA records; affected HUCs=93; Rx24h/Rx72h=0.99.,,,60,Flash Flood; Hail; Thunderstorm Wind; Tornado,40,60,0,0.2360419421898762,0.47073888440545364,0.6905017190445314,0.9869205951187651
ALRF-2003-003,2003,2003-03-06 03:00:00+00:00,2003-03-06 11:00:00+00:00,2003-03-05 15:00:00+00:00,2003-03-06 23:00:00+00:00,54.809757232666016,1.3168775966423916,031501090102,2003-03-06 03:00:00+00:00,7,68.32258605957031,1.1608950378075427,031601110101,2003-03-06 09:00:00+00:00,12,86.34428405761719,1.2072220546065529,031601110101,2003-03-06 09:00:00+00:00,18,101.19692993164062,0.9708073694852396,031601110201,2003-03-06 20:00:00+00:00,0,101.19692993164062,0.7644653371587273,031601110201,2003-03-06 20:00:00+00:00,0,1.3168775966423916,2003-03-06 03:00:00+00:00,1,25,3,10,146,AL-RF-20030306-0146,5.0,0.6277493200717897,25,5–10-year,Convective,Organized or localized severe convection,,Medium,17 convective/heavy-rain NOAA Storm Events records; Rx3h/Rx24h=0.68.,,,17,Flash Flood; Hail; Thunderstorm Wind; Tornado,1,17,0,0.5416148224031151,0.6751448498064397,0.8532302720640189,1.0
ALRF-2003-004,2003,2003-04-07 07:00:00+00:00,2003-04-10 08:00:00+00:00,2003-04-06 19:00:00+00:00,2003-04-10 20:00:00+00:00,54.71300506591797,1.1709912829140607,031502030602,2003-04-07 06:00:00+00:00,8,103.54740142822266,1.6407934081423325,031602020405,2003-04-07 09:00:00+00:00,81,173.18978881835938,2.281255732393948,031602020405,2003-04-07 11:00:00+00:00,137,258.0152893066406,2.4452564546137308,031602020405,2003-04-07 13:00:00+00:00,165,260.44293212890625,1.9636764905244968,031602020405,2003-04-08 17:00:00+00:00,79,2.4452564546137308,2003-04-07 13:00:00+00:00,24,196,8,170,147,AL-RF-20030407-0147,200.0,1.1100909264949312,196,200–500-year,Frontal/extratropical candidate,Prolonged or widespread non-tropical rainfall,,Medium–low,No nearby HURDAT2 system; 13 flood/heavy-rain NOAA records; affected HUCs=196; Rx24h/Rx72h=0.99.,,,39,Flash Flood; Flood; Funnel Cloud; Hail; Lightning; Thunderstorm Wind; Tornado,13,37,0,0.2120533446407271,0.40132273442586885,0.6712384730523872,0.9906787916937441
ALRF-2003-005,2003,2003-04-24 22:00:00+00:00,2003-04-28 04:00:00+00:00,2003-04-24 10:00:00+00:00,2003-04-28 16:00:00+00:00,72.21389770507812,1.5853965283406908,031602020604,2003-04-25 05:00:00+00:00,16,126.5447769165039,1.9785320495667043,031602020604,2003-04-25 07:00:00+00:00,50,190.2003173828125,2.4729714014938082,031602020604,2003-04-25 08:00:00+00:00,77,259.7359313964844,2.4400207381122536,031602020604,2003-04-25 10:00:00+00:00,146,260.8857116699219,1.9473840866632863,031602020604,2003-04-25 21:00:00+00:00,84,2.4729714014938082,2003-04-25 08:00:00+00:00,6,149,5,122,148,AL-RF-20030425-0148,200.0,1.203328022146316,149,200–500-year,Frontal/extratropical candidate,Prolonged or widespread non-tropical rainfall,,Medium–low,No nearby HURDAT2 system; 2 flood/heavy-rain NOAA records; affected HUCs=149; Rx24h/Rx72h=1.00.,Ana,2923.7208298175524,86,Flash Flood; Flood; Hail; Lightning; Strong Wind; Thunderstorm Wind; Tornado,2,83,0,0.2780281392598097,0.4872055099813454,0.7322834247852815,0.9955927817354282
ALRF-2003-006,2003,2003-05-03 01:00:00+00:00,2003-05-03 01:00:00+00:00,2003-05-02 13:00:00+00:00,2003-05-03 13:00:00+00:00,49.545074462890625,1.1935275015624471,031501090302,2003-05-03 01:00:00+00:00,4,83.8627700805664,1.0508955138087435,031502040704,2003-05-03 00:00:00+00:00,2,90.95980072021484,0.9705185897793522,031502040501,2003-05-03 09:00:00+00:00,0,126.06753540039062,0.9483151750199245,031502040501,2003-05-03 10:00:00+00:00,0,139.50343322753906,0.8455502514110773,031403050206,2003-05-03 11:00:00+00:00,0,1.1935275015624471,2003-05-03 01:00:00+00:00,1,5,4,2,149,AL-RF-20030503-0149,2.0,0.5805033573988365,5,2–5-year,Convective,Organized or localized severe convection,,Medium,193 convective/heavy-rain NOAA Storm Events records; Rx3h/Rx24h=0.67.,,,194,Hail; Heavy Rain; Strong Wind; Thunderstorm Wind,1,193,0,0.39300422829347315,0.665220985039631,0.72151645093502,0.9036876905729365
ALRF-2003-007,2003,2003-05-06 04:00:00+00:00,2003-05-11 01:00:00+00:00,2003-05-05 16:00:00+00:00,2003-05-11 13:00:00+00:00,86.84456634521484,2.005287019994875,031601110405,2003-05-07 19:00:00+00:00,57,109.66496276855469,1.8274491935299106,031601110405,2003-05-07 21:00:00+00:00,162,137.96774291992188,1.9111089059773285,031601110405,2003-05-07 23:00:00+00:00,188,226.47113037109375,2.1599385647290106,031501070701,2003-05-08 11:00:00+00:00,232,233.32749938964844,1.7359242128663812,031501070701,2003-05-08 11:00:00+00:00,287,2.1599385647290106,2003-05-08 11:00:00+00:00,24,335,8,161,150,AL-RF-20030508-0150,100.0,1.0024074277554267,335,100–200-year,Frontal/extratropical candidate,Prolonged or widespread non-tropical rainfall,,Medium–low,No nearby HURDAT2 system; 49 flood/heavy-rain NOAA records; affected HUCs=335; Rx24h/Rx72h=0.97.,,,173,Flash Flood; Flood; Funnel Cloud; Hail; Heavy Rain; Lightning; Thunderstorm Wind; Tornado,49,148,0,0.3834685957672046,0.4842337413552826,0.609206757143169,0.9706148266428519
ALRF-2003-008,2003,2003-05-18 00:00:00+00:00,2003-05-21 21:00:00+00:00,2003-05-17 12:00:00+00:00,2003-05-22 09:00:00+00:00,73.59168243408203,1.6383065698431902,031602020703,2003-05-18 01:00:00+00:00,21,107.21902465820312,1.6763732315045152,031602020604,2003-05-18 02:00:00+00:00,40,124.6552963256836,1.6207595607619556,031602020604,2003-05-18 05:00:00+00:00,47,214.78219604492188,1.476469211125931,031401060501,2003-05-19 08:00:00+00:00,44,298.736328125,1.6501018901473958,031401060202,2003-05-21 07:00:00+00:00,48,1.6763732315045152,2003-05-18 02:00:00+00:00,3,87,10,34,151,AL-RF-20030518-0151,25.0,0.8484016003123063,87,25–50-year,Frontal/extratropical candidate,Prolonged or widespread non-tropical rainfall,,Medium–low,No nearby HURDAT2 system; 29 flood/heavy-rain NOAA records; affected HUCs=87; Rx24h/Rx72h=0.72.,,,80,Flash Flood; Flood; Funnel Cloud; Hail; Heavy Rain; Lightning; Thunderstorm Wind; Tornado,29,64,0,0.3426339975529921,0.4991988471697076,0.5803800250725243,0.7189691236850536
ALRF-2003-009,2003,2003-05-22 13:00:00+00:00,2003-05-23 00:00:00+00:00,2003-05-22 01:00:00+00:00,2003-05-23 12:00:00+00:00,49.817481994628906,1.147278581396054,031502010706,2003-05-22 13:00:00+00:00,4,71.83900451660156,1.1980362186416353,031502010704,2003-05-22 14:00:00+00:00,6,72.34500885009766,0.9941377200032095,031502010704,2003-05-22 15:00:00+00:00,0,87.59883880615234,0.8300418062248378,031502011005,2003-05-22 14:00:00+00:00,0,145.932373046875,1.0985694000499422,031502011202,2003-05-22 15:00:00+00:00,5,1.1980362186416353,2003-05-22 14:00:00+00:00,3,9,2,8,152,AL-RF-20030522-0152,5.0,0.5781811717467742,9,5–10-year,Frontal/extratropical candidate,Prolonged or widespread non-tropical rainfall,,Medium–low,No nearby HURDAT2 system; 9 flood/heavy-rain NOAA records; affected HUCs=9; Rx24h/Rx72h=0.60.,,,9,Flood; Heavy Rain,9,1,0,0.5687002553181112,0.8200908310619761,0.8258672128084948,0.6002700907084865
ALRF-2003-010,2003,2003-06-06 20:00:00+00:00,2003-06-10 00:00:00+00:00,2003-06-06 08:00:00+00:00,2003-06-10 12:00:00+00:00,57.03784942626953,1.3528375069775525,031501090204,2003-06-07 13:00:00+00:00,9,90.37921142578125,1.5502574563747562,031300020901,2003-06-07 15:00:00+00:00,26,159.8890838623047,1.5381160727469032,031401060202,2003-06-07 01:00:00+00:00,37,289.3717346191406,2.0048469753849374,031401060202,2003-06-07 09:00:00+00:00,52,315.3237609863281,1.7417243402490044,031401060202,2003-06-07 22:00:00+00:00,55,2.0048469753849374,2003-06-07 09:00:00+00:00,24,83,8,38,153,AL-RF-20030607-0153,25.0,0.7863607524817269,83,25–50-year,Frontal/extratropical candidate,Prolonged or widespread non-tropical rainfall,,Medium–low,No nearby HURDAT2 system; 3 flood/heavy-rain NOAA records; affected HUCs=83; Rx24h/Rx72h=0.92.,Unnamed,4741.993974994752,11,Flash Flood; Funnel Cloud; Hail; Thunderstorm Wind,3,10,0,0.1971092632849592,0.312329093042673,0.5525387062172614,0.9176972065599815
ALRF-2003-011,2003,2003-06-13 10:00:00+00:00,2003-06-13 10:00:00+00:00,2003-06-12 22:00:00+00:00,2003-06-13 22:00:00+00:00,41.34038543701172,0.9550708545275471,031501070709,2003-06-13 10:00:00+00:00,0,78.65873718261719,1.3057230896233885,031502011001,2003-06-13 10:00:00+00:00,5,78.66949462890625,1.074593739155052,031502011001,2003-06-13 10:00:00+00:00,1,95.0975570678711,0.8896454349503923,031502011001,2003-06-13 19:00:00+00:00,0,131.3414764404297,0.9911426534269585,031502020603,2003-06-13 22:00:00+00:00,0,1.3057230896233885,2003-06-13 10:00:00+00:00,3,5,1,5,154,AL-RF-20030613-0154,5.0,0.6221758701035994,5,5–10-year,Convective,Organized or localized severe convection,,Medium,9 convective/heavy-rain NOAA Storm Events records; Rx3h/Rx24h=0.83.,Unnamed,4904.50172108865,9,Lightning; Thunderstorm Wind,0,9,0,0.4347155354107267,0.8271373062346752,0.8272504263464924,0.7240481807055281
ALRF-2003-012,2003,2003-06-14 04:00:00+00:00,2003-06-15 19:00:00+00:00,2003-06-13 16:00:00+00:00,2003-06-16 07:00:00+00:00,59.77503204345703,1.100846631700309,031602031101,2003-06-14 03:00:00+00:00,1,71.19195556640625,1.1293398210963292,031300031301,2003-06-15 02:00:00+00:00,5,84.87824249267578,0.9791084699798196,031602030502,2003-06-14 06:00:00+00:00,0,96.50814056396484,0.9252035209493258,031502020603,2003-06-14 05:00:00+00:00,0,180.08602905273438,1.358983845148159,031502020603,2003-06-14 22:00:00+00:00,16,1.358983845148159,2003-06-14 22:00:00+00:00,72,21,6,9,155,AL-RF-20030614-0155,5.0,0.6032583930423892,21,5–10-year,Convective,Organized or localized severe convection,,Medium,9 convective/heavy-rain NOAA Storm Events records; Rx3h/Rx24h=0.74.,,,9,Flash Flood; Lightning; Thunderstorm Wind,1,9,0,0.6193781342604835,0.7376782429998304,0.8794930872843741,0.5359002087591397
ALRF-2003-013,2003,2003-06-18 03:00:00+00:00,2003-06-18 12:00:00+00:00,2003-06-17 15:00:00+00:00,2003-06-19 00:00:00+00:00,73.05990600585938,1.2477544298448753,031602040101,2003-06-18 08:00:00+00:00,4,104.54396057128906,1.3550598998424142,031502040702,2003-06-18 10:00:00+00:00,12,86.78325653076172,1.1944306452095623,031502020202,2003-06-18 04:00:00+00:00,15,104.29336547851562,1.030791564170852,031501060513,2003-06-18 23:00:00+00:00,3,126.83747863769531,0.9777125802991316,031501060513,2003-06-18 23:00:00+00:00,0,1.3550598998424142,2003-06-18 10:00:00+00:00,3,22,10,4,156,AL-RF-20030618-0156,5.0,0.5974326528863229,22,5–10-year,Convective,Organized or localized severe convection,,Medium,27 convective/heavy-rain NOAA Storm Events records; Rx3h/Rx24h=1.00.,,,27,Flash Flood; Hail; Thunderstorm Wind,13,27,0,0.700523045455942,1.002402790356066,0.8321071636013033,0.8222598446349144
ALRF-2003-014,2003,2003-06-19 08:00:00+00:00,2003-06-19 09:00:00+00:00,2003-06-18 20:00:00+00:00,2003-06-19 21:00:00+00:00,46.30778121948242,1.008496896630696,031502010301,2003-06-19 04:00:00+00:00,1,59.03932189941406,0.9451875695826301,031502030205,2003-06-19 06:00:00+00:00,0,85.13774871826172,1.1312475139156752,031502010801,2003-06-19 08:00:00+00:00,6,104.29336547851562,1.030791564170852,031501060513,2003-06-18 23:00:00+00:00,2,127.97602844238281,0.9864889646872178,031501060513,2003-06-19 21:00:00+00:00,0,1.1312475139156752,2003-06-19 08:00:00+00:00,6,9,4,6,157,AL-RF-20030619-0157,2.0,0.512440381646981,9,2–5-year,Convective,Organized or localized severe convection,,Medium,7 convective/heavy-rain NOAA Storm Events records; Rx3h/Rx24h=0.57.,,,7,Flash Flood; Hail; Thunderstorm Wind,3,7,0,0.44401464088357373,0.566088951377987,0.8163294791345097,0.8149445388162708
ALRF-2003-015,2003,2003-06-20 01:00:00+00:00,2003-06-21 00:00:00+00:00,2003-06-19 13:00:00+00:00,2003-06-21 12:00:00+00:00,70.34842681884766,1.4770730397033787,031602010903,2003-06-20 01:00:00+00:00,17,112.38905334472656,1.6768896731204361,031602010909,2003-06-20 03:00:00+00:00,27,150.02178955078125,1.8591407283894525,031602010909,2003-06-20 05:00:00+00:00,22,153.64923095703125,1.3498050154044061,031602010909,2003-06-20 07:00:00+00:00,10,156.25840759277344,1.0951337589814565,031602010909,2003-06-20 23:00:00+00:00,1,1.8591407283894525,2003-06-20 05:00:00+00:00,6,31,2,30,158,AL-RF-20030620-0158,25.0,0.8457347928036436,31,25–50-year,Convective,Organized or localized severe convection,,Medium,7 convective/heavy-rain NOAA Storm Events records; Rx3h/Rx24h=0.73.,,,8,Flash Flood; Funnel Cloud; Hail; Thunderstorm Wind,3,7,0,0.4578508228168154,0.7314651212029607,0.9763914118954202,0.9833021680181077
ALRF-2003-016,2003,2003-06-27 16:00:00+00:00,2003-06-27 19:00:00+00:00,2003-06-27 04:00:00+00:00,2003-06-28 07:00:00+00:00,49.01192855834961,1.1455931213719053,031501070704,2003-06-27 19:00:00+00:00,2,79.70831298828125,1.2859766146498959,031602010401,2003-06-27 17:00:00+00:00,5,88.40618896484375,1.1854157095007012,031602010401,2003-06-27 19:00:00+00:00,4,89.34010314941406,0.8524475314821394,031602010401,2003-06-27 19:00:00+00:00,0,89.34010314941406,0.6755602296376491,031602010401,2003-06-27 19:00:00+00:00,0,1.2859766146498959,2003-06-27 17:00:00+00:00,3,6,2,4,159,AL-RF-20030627-0159,5.0,0.6367694705535702,6,5–10-year,Unclassified,Insufficient external evidence,,Low,No nearby HURDAT2 track and no matching Alabama NOAA Storm Events record within the configured time buffer.,Bill,914.3418167339671,0,,0,0,0,0.5485994176252644,0.8921896234547163,0.9895465289198467,1.0
ALRF-2003-017,2003,2003-06-30 22:00:00+00:00,2003-07-04 06:00:00+00:00,2003-06-30 10:00:00+00:00,2003-07-04 18:00:00+00:00,45.98323059082031,1.0975464115672775,031501060801,2003-07-01 17:00:00+00:00,1,81.67155456542969,1.384574845724476,031501060514,2003-07-01 18:00:00+00:00,10,103.45556640625,1.4429959671638328,031501060514,2003-07-01 18:00:00+00:00,29,144.54461669921875,1.3915752430942385,031300030401,2003-07-01 22:00:00+00:00,114,187.89378356933594,1.4170963062056963,031300030401,2003-07-01 23:00:00+00:00,58,1.4429959671638328,2003-07-01 18:00:00+00:00,6,121,11,40,160,AL-RF-20030701-0160,10.0,0.6833614906879764,121,10–25-year,Tropical cyclone,Tropical depression,Bill,High,HURDAT2 track within 21 km of rainfall footprint; track status=TD; 0 matching tropical NOAA Storm Events records.,Bill,20.801991868351898,32,Cold/Wind Chill; Flash Flood; Heavy Rain; High Surf; Thunderstorm Wind; Tornado,24,30,0,0.3181248229154483,0.5650266086033429,0.71573448232617,0.7692889778116548
ALRF-2003-018,2003,2003-07-14 00:00:00+00:00,2003-07-14 00:00:00+00:00,2003-07-13 12:00:00+00:00,2003-07-14 12:00:00+00:00,58.18354797363281,1.285523327375868,031501100701,2003-07-14 00:00:00+00:00,4,72.58644104003906,1.1647671589996247,031501100701,2003-07-14 02:00:00+00:00,2,82.1683349609375,1.090491838800298,031501100701,2003-07-14 04:00:00+00:00,1,86.50162506103516,0.9036868595693301,031501050106,2003-07-14 04:00:00+00:00,0,90.72425842285156,0.7390591607728905,031501050106,2003-07-13 12:00:00+00:00,0,1.285523327375868,2003-07-14 00:00:00+00:00,1,5,3,2,161,AL-RF-20030714-0161,5.0,0.6404947570302697,5,5–10-year,Convective,Organized or localized severe convection,,Medium,7 convective/heavy-rain NOAA Storm Events records; Rx3h/Rx24h=0.84.,Claudette,876.8422948706726,7,Flash Flood; Hail; Lightning; Thunderstorm Wind,1,7,0,0.6726295365269584,0.8391338427321151,0.9499051018169877,0.9534564025628584
ALRF-2003-019,2003,2003-08-16 23:00:00+00:00,2003-08-16 23:00:00+00:00,2003-08-16 11:00:00+00:00,2003-08-17 11:00:00+00:00,44.309120178222656,0.955429009737772,031300031306,2003-08-16 22:00:00+00:00,0,69.63188934326172,1.0827489413668188,031300031309,2003-08-16 23:00:00+00:00,3,73.59937286376953,0.9513542715248623,031300031309,2003-08-17 02:00:00+00:00,0,73.66181945800781,0.666207616736674,031300031309,2003-08-17 02:00:00+00:00,0,95.5832748413086,0.6827934975515006,031300031309,2003-08-16 23:00:00+00:00,0,1.0827489413668188,2003-08-16 23:00:00+00:00,3,3,1,3,162,AL-RF-20030816-0162,2.0,0.499366907843856,3,2–5-year,Tropical cyclone,Tropical storm,Erika,High,HURDAT2 track within 575 km of rainfall footprint; track status=TS; 0 matching tropical NOAA Storm Events records.,Erika,575.135382892701,7,Heavy Rain; Lightning; Thunderstorm Wind,1,7,0,0.6015208489858418,0.9452914665372415,0.9991522528944065,0.7706559498019323
ALRF-2003-020,2003,2003-09-22 10:00:00+00:00,2003-09-24 23:00:00+00:00,2003-09-21 22:00:00+00:00,2003-09-25 11:00:00+00:00,44.391361236572266,1.153755911403909,060200011102,2003-09-22 17:00:00+00:00,7,82.31948852539062,1.3567723063808539,031601090309,2003-09-22 15:00:00+00:00,22,99.72195434570312,1.3756071063521744,060300020605,2003-09-22 16:00:00+00:00,47,170.11273193359375,1.5732464006858446,031601090307,2003-09-22 15:00:00+00:00,106,174.24517822265625,1.2745156943452625,031601090307,2003-09-22 16:00:00+00:00,13,1.5732464006858446,2003-09-22 15:00:00+00:00,24,124,8,35,163,AL-RF-20030922-0163,10.0,0.7383307240438994,124,10–25-year,Unclassified,Insufficient external evidence,,Low,No nearby HURDAT2 track and no matching Alabama NOAA Storm Events record within the configured time buffer.,Juan,2167.9050329738047,0,,0,0,0,0.2609526090845519,0.48391138975726616,0.5862109979200805,0.9762837265787526
ALRF-2003-021,2003,2003-11-19 00:00:00+00:00,2003-11-19 20:00:00+00:00,2003-11-18 12:00:00+00:00,2003-11-20 08:00:00+00:00,40.53293228149414,0.9682323564978509,031300020908,2003-11-19 06:00:00+00:00,0,71.04368591308594,1.1856282443046087,031501090701,2003-11-19 02:00:00+00:00,27,101.514892578125,1.4164324869616134,031501080404,2003-11-19 02:00:00+00:00,83,106.97639465332031,1.044366282886592,031501080405,2003-11-19 05:00:00+00:00,6,107.78196716308594,0.823373116216425,031501080405,2003-11-19 05:00:00+00:00,0,1.4164324869616134,2003-11-19 02:00:00+00:00,6,84,4,73,164,AL-RF-20031119-0164,10.0,0.6427094880732508,84,10–25-year,Convective,Organized or localized severe convection,,Medium,31 convective/heavy-rain NOAA Storm Events records; Rx3h/Rx24h=0.66.,,,32,Funnel Cloud; Hail; Thunderstorm Wind; Tornado,0,31,0,0.37889603975577696,0.6641061903732881,0.9489466616173179,0.9925259064111652
ALRF-2003-022,2003,2003-11-27 14:00:00+00:00,2003-11-28 08:00:00+00:00,2003-11-27 02:00:00+00:00,2003-11-28 20:00:00+00:00,39.47774887084961,0.8355068931703934,031602010505,2003-11-27 12:00:00+00:00,0,73.42498779296875,1.1064397799216987,031602010802,2003-11-27 14:00:00+00:00,3,78.48566436767578,1.0884850757259596,031502020803,2003-11-27 18:00:00+00:00,9,119.67587280273438,1.069790170845832,031700020504,2003-11-28 01:00:00+00:00,3,119.67587280273438,0.8417511968764645,031700020504,2003-11-28 01:00:00+00:00,0,1.1064397799216987,2003-11-27 14:00:00+00:00,3,10,4,4,165,AL-RF-20031127-0165,2.0,0.5451784156135785,10,2–5-year,Unclassified,Insufficient external evidence,,Low,No nearby HURDAT2 track and no matching Alabama NOAA Storm Events record within the configured time buffer.,,,0,,0,0,0,0.3298722453098133,0.613532085234904,0.655818608459587,1.0
ALRF-2004-001,2004,2004-02-05 19:00:00+00:00,2004-02-09 04:00:00+00:00,2004-02-05 07:00:00+00:00,2004-02-09 16:00:00+00:00,56.73588943481445,1.319003022276239,031501060301,2004-02-06 07:00:00+00:00,23,105.99043273925781,1.7679674950378172,031601110303,2004-02-06 06:00:00+00:00,124,147.9266357421875,2.0457749419964992,031601110306,2004-02-06 09:00:00+00:00,175,168.5096893310547,1.6171514830077485,031601110306,2004-02-06 15:00:00+00:00,373,168.8760528564453,1.2717862150066406,031601110306,2004-02-06 15:00:00+00:00,120,2.0457749419964992,2004-02-06 09:00:00+00:00,6,445,12,396,166,AL-RF-20040206-0166,50.0,0.9914227744127483,445,50–100-year,Convective,Organized or localized severe convection,,Medium,57 convective/heavy-rain NOAA Storm Events records; Rx3h/Rx24h=0.63.,,,72,Flash Flood; Flood; Hail; High Wind; Lightning; Thunderstorm Wind,49,57,0,0.3366921490392813,0.6289871707675436,0.8778524032025858,0.9978305774016281
ALRF-2004-002,2004,2004-02-25 22:00:00+00:00,2004-02-26 13:00:00+00:00,2004-02-25 10:00:00+00:00,2004-02-27 01:00:00+00:00,35.81479263305664,0.824761117775337,031601070206,2004-02-26 05:00:00+00:00,0,54.1392936706543,0.8832270009143941,031601070202,2004-02-26 06:00:00+00:00,0,60.9868049621582,0.8209723887926275,031601070202,2004-02-26 07:00:00+00:00,0,114.39835357666016,0.9210895638793468,031700020607,2004-02-26 03:00:00+00:00,0,215.908203125,1.405146550069241,031700020607,2004-02-26 03:00:00+00:00,8,1.405146550069241,2004-02-26 03:00:00+00:00,72,8,1,8,167,AL-RF-20040226-0167,5.0,0.640735802616098,8,5–10-year,Frontal/extratropical candidate,Prolonged or widespread non-tropical rainfall,,Medium–low,No nearby HURDAT2 system; 1 flood/heavy-rain NOAA records; affected HUCs=8; Rx24h/Rx72h=0.53.,,,9,Flash Flood; Winter Storm,1,1,0,0.31307087482737744,0.47325238500372907,0.5331091143832762,0.5298471846872315
ALRF-2004-003,2004,2004-03-06 05:00:00+00:00,2004-03-06 05:00:00+00:00,2004-03-05 17:00:00+00:00,2004-03-06 17:00:00+00:00,49.1024284362793,1.133187695589624,031601060301,2004-03-06 05:00:00+00:00,4,61.21412658691406,1.007625372647566,031601060301,2004-03-06 07:00:00+00:00,1,71.95459747314453,0.9664396021552609,031601010601,2004-03-06 06:00:00+00:00,0,88.46681213378906,0.8668213990318935,060300010601,2004-03-06 11:00:00+00:00,0,88.58222961425781,0.6745727963963583,060300010601,2004-03-06 11:00:00+00:00,0,1.133187695589624,2004-03-06 05:00:00+00:00,1,4,2,3,168,AL-RF-20040306-0168,2.0,0.5402044226632159,4,2–5-year,Convective,Organized or localized severe convection,,Medium,19 convective/heavy-rain NOAA Storm Events records; Rx3h/Rx24h=0.69.,,,21,Drought; Flash Flood; Hail; Heavy Rain; Thunderstorm Wind; Tornado,12,19,0,0.555037841332197,0.6919445282411607,0.8133513092381697,0.9986970583042293
ALRF-2004-004,2004,2004-04-08 04:00:00+00:00,2004-04-08 08:00:00+00:00,2004-04-07 16:00:00+00:00,2004-04-08 20:00:00+00:00,48.86457061767578,1.1246394697272826,031502020803,2004-04-08 03:00:00+00:00,2,76.39057922363281,1.2790034626064801,031502020803,2004-04-08 04:00:00+00:00,4,96.08757781982422,1.3325987014593026,031502020803,2004-04-08 07:00:00+00:00,6,106.36080932617188,1.0213508612989775,031502020803,2004-04-08 12:00:00+00:00,1,106.36080932617188,0.8033125469230608,031502020803,2004-04-08 12:00:00+00:00,0,1.3325987014593026,2004-04-08 07:00:00+00:00,6,7,1,7,169,AL-RF-20040408-0169,5.0,0.6209746967086577,7,5–10-year,Convective,Organized or localized severe convection,,Medium,35 convective/heavy-rain NOAA Storm Events records; Rx3h/Rx24h=0.72.,,,35,Hail; Lightning; Thunderstorm Wind,0,35,0,0.45942270397571927,0.7182211164769279,0.9034114955364508,1.0
ALRF-2004-005,2004,2004-04-30 01:00:00+00:00,2004-05-01 02:00:00+00:00,2004-04-29 13:00:00+00:00,2004-05-01 14:00:00+00:00,63.677757263183594,1.093295802067311,031401040401,2004-04-29 23:00:00+00:00,1,94.70791625976562,1.2092569325671507,031403050101,2004-04-30 02:00:00+00:00,10,117.84593200683594,1.2841119321193672,031403050205,2004-04-30 02:00:00+00:00,72,149.83262634277344,1.2029043377106274,031402011104,2004-04-30 22:00:00+00:00,36,149.835205078125,0.9677793334491323,031402011104,2004-04-30 22:00:00+00:00,0,1.2841119321193672,2004-04-30 02:00:00+00:00,6,76,6,53,170,AL-RF-20040430-0170,5.0,0.5468494270206548,76,5–10-year,Convective,Organized or localized severe convection,,Medium,2 convective/heavy-rain NOAA Storm Events records; Rx3h/Rx24h=0.63.,,,2,Hail; Thunderstorm Wind,0,2,0,0.4249925988583249,0.6320914114066284,0.786517161737783,0.9999827895229948
ALRF-2004-006,2004,2004-05-02 09:00:00+00:00,2004-05-03 01:00:00+00:00,2004-05-01 21:00:00+00:00,2004-05-03 13:00:00+00:00,36.13467025756836,0.805610732526912,031601060608,2004-05-02 00:00:00+00:00,0,58.217044830322266,0.9241850268744336,031601060608,2004-05-02 02:00:00+00:00,0,59.451148986816406,0.7845965741872595,031601060608,2004-05-02 05:00:00+00:00,0,62.7713623046875,0.5917129965185787,031502010901,2004-05-02 11:00:00+00:00,0,170.69244384765625,1.140520020906963,031402011003,2004-05-02 23:00:00+00:00,18,1.140520020906963,2004-05-02 23:00:00+00:00,72,18,2,16,171,AL-RF-20040502-0171,2.0,0.4327247836959812,18,2–5-year,Convective,Organized or localized severe convection,,Medium,2 convective/heavy-rain NOAA Storm Events records; Rx3h/Rx24h=0.93.,,,2,Hail; Thunderstorm Wind,0,2,0,0.5756553455407479,0.9274459354210138,0.9471062408721508,0.36774540741071826
ALRF-2004-007,2004,2004-05-31 11:00:00+00:00,2004-05-31 12:00:00+00:00,2004-05-30 23:00:00+00:00,2004-06-01 00:00:00+00:00,41.161014556884766,0.9677552629852363,031601030402,2004-05-31 06:00:00+00:00,0,62.64750671386719,1.033990426576697,031601100506,2004-05-31 10:00:00+00:00,2,86.16065216064453,1.158231193826063,031601030201,2004-05-31 12:00:00+00:00,12,94.64326477050781,0.8864828103362166,031601030306,2004-05-31 16:00:00+00:00,0,112.56145477294922,0.8212140007822943,031601070104,2004-05-31 16:00:00+00:00,0,1.158231193826063,2004-05-31 12:00:00+00:00,6,13,2,12,172,AL-RF-20040531-0172,2.0,0.5572539970235245,13,2–5-year,Convective,Organized or localized severe convection,,Medium,65 convective/heavy-rain NOAA Storm Events records; Rx3h/Rx24h=0.66.,,,65,Flash Flood; Hail; Thunderstorm Wind; Tornado,1,65,0,0.4349069599056258,0.6619330690438,0.9103727810908465,0.8408141575765463
ALRF-2004-008,2004,2004-06-17 23:00:00+00:00,2004-06-17 23:00:00+00:00,2004-06-17 11:00:00+00:00,2004-06-18 11:00:00+00:00,68.10134887695312,1.2768241943585947,031402010904,2004-06-17 23:00:00+00:00,5,86.25526428222656,1.1659883460351899,031402010604,2004-06-18 00:00:00+00:00,2,86.83048248291016,0.9814135598485106,031402010604,2004-06-18 01:00:00+00:00,0,86.83048248291016,0.7189793393777941,031402010604,2004-06-18 01:00:00+00:00,0,102.93172454833984,0.6912381744490377,031402010604,2004-06-18 01:00:00+00:00,0,1.2768241943585947,2004-06-17 23:00:00+00:00,1,5,3,3,173,AL-RF-20040617-0173,5.0,0.6150891161437597,5,5–10-year,Convective,Organized or localized severe convection,,Medium,4 convective/heavy-rain NOAA Storm Events records; Rx3h/Rx24h=0.99.,,,4,Lightning; Thunderstorm Wind,0,4,0,0.7843023202175196,0.9933753886396196,1.0,0.8435735713543976
ALRF-2004-009,2004,2004-06-25 12:00:00+00:00,2004-06-26 18:00:00+00:00,2004-06-25 00:00:00+00:00,2004-06-27 06:00:00+00:00,36.094608306884766,0.8547533779996676,060300020201,2004-06-25 12:00:00+00:00,0,50.92018127441406,0.8749224566232016,060300051001,2004-06-25 12:00:00+00:00,0,73.44990539550781,1.1328344670979922,060300010302,2004-06-25 15:00:00+00:00,2,100.53771209716797,0.9917731687647937,060300030601,2004-06-25 19:00:00+00:00,0,178.2629852294922,1.369912560493354,060300030601,2004-06-25 20:00:00+00:00,24,1.369912560493354,2004-06-25 20:00:00+00:00,72,24,3,19,174,AL-RF-20040625-0174,5.0,0.6899357391149004,24,5–10-year,Frontal/extratropical candidate,Prolonged or widespread non-tropical rainfall,,Medium–low,No nearby HURDAT2 system; 4 flood/heavy-rain NOAA records; affected HUCs=24; Rx24h/Rx72h=0.56.,,,23,Flash Flood; Hail; Lightning; Thunderstorm Wind; Tornado,4,23,0,0.3590156126886988,0.5064784170262456,0.730570686992755,0.5639853498904315
ALRF-2004-010,2004,2004-07-26 23:00:00+00:00,2004-07-26 23:00:00+00:00,2004-07-26 11:00:00+00:00,2004-07-27 11:00:00+00:00,50.66260528564453,1.1704384758694681,031501070709,2004-07-26 23:00:00+00:00,4,72.68528747558594,1.1631647503189193,031601060502,2004-07-27 02:00:00+00:00,6,76.31243896484375,1.0153659290898174,031601060502,2004-07-27 03:00:00+00:00,1,91.7123794555664,0.8676210366719984,031501090503,2004-07-27 01:00:00+00:00,0,95.69141387939453,0.7118266146155302,031601090601,2004-07-27 03:00:00+00:00,0,1.1704384758694681,2004-07-26 23:00:00+00:00,1,9,7,2,175,AL-RF-20040726-0175,2.0,0.5786962932042481,9,2–5-year,Convective,Organized or localized severe convection,,Medium,23 convective/heavy-rain NOAA Storm Events records; Rx3h/Rx24h=0.79.,,,23,Flash Flood; Hail; Thunderstorm Wind,5,23,0,0.5524074894402885,0.7925351834405422,0.8320843861849234,0.9584180621592326
ALRF-2004-011,2004,2004-07-31 13:00:00+00:00,2004-07-31 17:00:00+00:00,2004-07-31 01:00:00+00:00,2004-08-01 05:00:00+00:00,52.84136199951172,1.24166085591292,031601010503,2004-07-31 13:00:00+00:00,3,93.37118530273438,1.540340685014214,031601010503,2004-07-31 14:00:00+00:00,6,93.83625793457031,1.2605128025002146,031601010503,2004-07-31 16:00:00+00:00,5,93.83625793457031,0.8797304711631307,031601010503,2004-07-31 16:00:00+00:00,0,93.83625793457031,0.6797962137915765,031601010503,2004-07-31 16:00:00+00:00,0,1.540340685014214,2004-07-31 14:00:00+00:00,3,6,2,4,176,AL-RF-20040731-0176,10.0,0.7786632403138584,6,10–25-year,Convective,Organized or localized severe convection,,Medium,2 convective/heavy-rain NOAA Storm Events records; Rx3h/Rx24h=1.00.,Alex,853.2279109870975,2,Flash Flood; Lightning,1,2,0,0.5631230737734308,0.9950437853973224,1.0,1.0
ALRF-2004-012,2004,2004-08-10 16:00:00+00:00,2004-08-10 22:00:00+00:00,2004-08-10 04:00:00+00:00,2004-08-11 10:00:00+00:00,60.27557373046875,1.36172952392415,031300030602,2004-08-10 17:00:00+00:00,7,82.17802429199219,1.3592543277170273,031501100201,2004-08-10 17:00:00+00:00,23,96.86747741699219,1.3171048273206363,031501100101,2004-08-10 18:00:00+00:00,23,97.439208984375,0.9202766939273153,031501100101,2004-08-10 18:00:00+00:00,0,108.50035858154297,0.8253986152592715,031601130105,2004-08-11 00:00:00+00:00,0,1.36172952392415,2004-08-10 17:00:00+00:00,1,26,3,23,177,AL-RF-20040810-0177,5.0,0.6902804639452147,26,5–10-year,Tropical cyclone,Tropical depression,Bonnie,High,HURDAT2 track within 237 km of rainfall footprint; track status=TD; 0 matching tropical NOAA Storm Events records.,Bonnie,236.7592953896494,8,Flash Flood; Lightning; Thunderstorm Wind,2,8,0,0.6185967061794839,0.8433773749658616,0.9941324280713887,0.8980542576838121
ALRF-2004-013,2004,2004-08-25 14:00:00+00:00,2004-08-25 18:00:00+00:00,2004-08-25 02:00:00+00:00,2004-08-26 06:00:00+00:00,36.936824798583984,0.8406866878899846,031501100205,2004-08-25 19:00:00+00:00,0,77.20185852050781,1.2765533622578473,060300060106,2004-08-25 15:00:00+00:00,3,113.01776123046875,1.5287092459815754,060300060106,2004-08-25 16:00:00+00:00,5,124.90624237060547,1.1821688967876034,060300060106,2004-08-25 23:00:00+00:00,2,125.51314544677734,0.9200296549392167,060300060106,2004-08-25 23:00:00+00:00,0,1.5287092459815754,2004-08-25 16:00:00+00:00,6,5,1,5,178,AL-RF-20040825-0178,10.0,0.763325221651472,5,10–25-year,Unclassified,Insufficient external evidence,,Low,No nearby HURDAT2 track and no matching Alabama NOAA Storm Events record within the configured time buffer.,Gaston,959.0968405994222,0,,0,0,0,0.29571640374057423,0.618078464737131,0.9048207606401066,0.9951646253943239
ALRF-2004-014,2004,2004-09-16 03:00:00+00:00,2004-09-19 21:00:00+00:00,2004-09-15 15:00:00+00:00,2004-09-20 09:00:00+00:00,107.1983642578125,1.9124233399381134,031403050206,2004-09-16 11:00:00+00:00,25,155.58457946777344,2.0006560381848804,031403050206,2004-09-16 12:00:00+00:00,347,210.6165771484375,2.229395526818146,031403050101,2004-09-16 11:00:00+00:00,861,223.89967346191406,2.1419814990169628,031502020301,2004-09-17 06:00:00+00:00,934,225.7384033203125,1.6837910794408104,031502020301,2004-09-17 07:00:00+00:00,610,2.229395526818146,2004-09-16 11:00:00+00:00,6,980,3,966,179,AL-RF-20040916-0179,50.0,0.9795370467885531,980,50–100-year,Tropical cyclone,Hurricane,Ivan,High,HURDAT2 track within 0 km of rainfall footprint; track status=HU; 19 matching tropical NOAA Storm Events records.,Ivan,0.0,116,Flash Flood; Heavy Rain; High Wind; Hurricane (Typhoon); Tornado; Tropical Storm,39,48,19,0.4787785645254513,0.694885245083838,0.940673891533227,0.9918545988128153
ALRF-2004-015,2004,2004-10-19 11:00:00+00:00,2004-10-20 11:00:00+00:00,2004-10-18 23:00:00+00:00,2004-10-20 23:00:00+00:00,58.61030960083008,1.3933142052871688,031601100401,2004-10-19 13:00:00+00:00,4,99.85301971435547,1.6899795924439915,031601100402,2004-10-19 14:00:00+00:00,54,114.27117156982422,1.5722583898011164,031601100402,2004-10-19 17:00:00+00:00,58,124.7425765991211,1.1792940833661745,031601100402,2004-10-19 23:00:00+00:00,13,129.3753662109375,0.9713785859752204,031601100402,2004-10-19 23:00:00+00:00,0,1.6899795924439915,2004-10-19 14:00:00+00:00,3,71,15,49,180,AL-RF-20041019-0180,25.0,0.8482898657538379,71,25–50-year,Convective,Organized or localized severe convection,,Medium,45 convective/heavy-rain NOAA Storm Events records; Rx3h/Rx24h=0.80.,,,50,Flash Flood; Funnel Cloud; Hail; Heat; Thunderstorm Wind; Tornado,14,45,0,0.4698500800507197,0.8004726408309495,0.9160558863318312,0.9641910995307795
ALRF-2004-016,2004,2004-11-03 19:00:00+00:00,2004-11-04 14:00:00+00:00,2004-11-03 07:00:00+00:00,2004-11-05 02:00:00+00:00,34.95523452758789,0.8853375089053075,060300010701,2004-11-03 15:00:00+00:00,0,97.06395721435547,1.2832245996429188,031403040201,2004-11-03 08:00:00+00:00,5,106.22857666015625,1.1658799236781658,031403040201,2004-11-03 09:00:00+00:00,4,131.45079040527344,1.3149668234298686,060300010703,2004-11-04 10:00:00+00:00,14,140.16978454589844,1.0921419168894917,060300010703,2004-11-04 10:00:00+00:00,2,1.3149668234298686,2004-11-04 10:00:00+00:00,24,18,4,11,181,AL-RF-20041104-0181,5.0,0.6243206990744254,18,5–10-year,Unclassified,Insufficient external evidence,,Low,No nearby HURDAT2 track and no matching Alabama NOAA Storm Events record within the configured time buffer.,,,0,,0,0,0,0.2659187854239451,0.73840527634029,0.8081242899540196,0.9377969070233537
ALRF-2004-017,2004,2004-11-22 21:00:00+00:00,2004-11-26 18:00:00+00:00,2004-11-22 09:00:00+00:00,2004-11-27 06:00:00+00:00,47.00453186035156,1.1341383172788828,031501060103,2004-11-24 08:00:00+00:00,2,72.43559265136719,1.2657245071019496,031501060204,2004-11-24 10:00:00+00:00,34,99.47650909423828,1.4133503474410276,031501060108,2004-11-24 13:00:00+00:00,45,146.43856811523438,1.4467848725178527,031501060104,2004-11-24 15:00:00+00:00,48,236.41799926757812,1.7887982989114246,031601110304,2004-11-24 14:00:00+00:00,185,1.7887982989114246,2004-11-24 14:00:00+00:00,72,202,5,167,182,AL-RF-20041124-0182,25.0,0.797486417141815,202,25–50-year,Frontal/extratropical candidate,Prolonged or widespread non-tropical rainfall,,Medium–low,No nearby HURDAT2 system; 20 flood/heavy-rain NOAA records; affected HUCs=202; Rx24h/Rx72h=0.62.,Otto,3826.3273113460673,71,Flash Flood; Hail; Heat; Thunderstorm Wind; Tornado,20,70,0,0.3209846454068241,0.4946483264870952,0.6793053932073342,0.619405326874013
ALRF-2004-018,2004,2004-12-07 02:00:00+00:00,2004-12-09 22:00:00+00:00,2004-12-06 14:00:00+00:00,2004-12-10 10:00:00+00:00,38.913970947265625,0.9143464236548221,031601050303,2004-12-07 11:00:00+00:00,0,52.25571823120117,0.8545568828053467,031601090307,2004-12-09 14:00:00+00:00,0,72.7036361694336,1.003963772995942,031601050404,2004-12-09 12:00:00+00:00,1,127.80867767333984,1.2078003510628,031601050303,2004-12-07 11:00:00+00:00,11,197.06610107421875,1.4366045015740434,031601050404,2004-12-09 13:00:00+00:00,46,1.4366045015740434,2004-12-09 13:00:00+00:00,72,47,4,35,183,AL-RF-20041209-0183,10.0,0.6696489770557087,47,10–25-year,Frontal/extratropical candidate,Prolonged or widespread non-tropical rainfall,,Medium–low,No nearby HURDAT2 system; 22 flood/heavy-rain NOAA records; affected HUCs=47; Rx24h/Rx72h=0.65.,Otto,3419.296327307846,46,Flash Flood; Thunderstorm Wind; Tornado,22,46,0,0.30447049179809216,0.40885892243372624,0.5688474170373109,0.6485573976277367
ALRF-2005-001,2005,2005-03-26 23:00:00+00:00,2005-03-30 11:00:00+00:00,2005-03-26 11:00:00+00:00,2005-03-30 23:00:00+00:00,81.01832580566406,1.3148261744667264,031401070202,2005-03-26 23:00:00+00:00,20,105.4560546875,1.7168521737427145,031501100603,2005-03-27 08:00:00+00:00,90,136.0183868408203,1.8268009566271728,031501100603,2005-03-27 11:00:00+00:00,162,219.7133026123047,2.03595644588598,031501100704,2005-03-28 00:00:00+00:00,307,231.35130310058594,1.6779304626428588,031501100704,2005-03-28 02:00:00+00:00,182,2.03595644588598,2005-03-28 00:00:00+00:00,24,325,4,311,184,AL-RF-20050328-0184,50.0,0.8978152766810829,325,50–100-year,Frontal/extratropical candidate,Prolonged or widespread non-tropical rainfall,,Medium–low,No nearby HURDAT2 system; 18 flood/heavy-rain NOAA records; affected HUCs=325; Rx24h/Rx72h=0.95.,,,136,Flash Flood; Funnel Cloud; Hail; Lightning; Strong Wind; Thunderstorm Wind,18,133,0,0.36874565555379696,0.47997118715011344,0.6190721509513317,0.9496955481455779
ALRF-2005-002,2005,2005-03-31 12:00:00+00:00,2005-04-04 04:00:00+00:00,2005-03-31 00:00:00+00:00,2005-04-04 16:00:00+00:00,50.336795806884766,1.1587465266891914,031502020702,2005-03-31 12:00:00+00:00,10,122.10902404785156,1.429601609488168,031602050101,2005-04-01 12:00:00+00:00,63,149.92318725585938,1.4433984120189955,031602050101,2005-04-01 12:00:00+00:00,83,300.6061096191406,2.0423672926626595,031602050105,2005-04-01 16:00:00+00:00,99,304.28985595703125,1.6484973433420207,031602050105,2005-04-02 03:00:00+00:00,114,2.0423672926626595,2005-04-01 16:00:00+00:00,24,158,7,71,185,AL-RF-20050401-0185,25.0,0.7792979436125067,158,25–50-year,Frontal/extratropical candidate,Prolonged or widespread non-tropical rainfall,,Medium–low,No nearby HURDAT2 system; 38 flood/heavy-rain NOAA records; affected HUCs=158; Rx24h/Rx72h=0.99.,,,101,Flash Flood; Flood; Hail; Heavy Rain; Lightning; Strong Wind; Thunderstorm Wind,38,75,0,0.16745100713575,0.40620938876644996,0.498736327900347,0.9878939561547171
ALRF-2005-003,2005,2005-04-06 23:00:00+00:00,2005-04-07 20:00:00+00:00,2005-04-06 11:00:00+00:00,2005-04-08 08:00:00+00:00,57.276973724365234,0.9433227212550597,031401060702,2005-04-06 22:00:00+00:00,0,120.38044738769531,1.3565368205528925,031401060703,2005-04-07 00:00:00+00:00,14,153.2662811279297,1.3985477844625653,031401070202,2005-04-07 02:00:00+00:00,16,170.39991760253906,1.1289547587674962,031401070202,2005-04-07 06:00:00+00:00,6,170.39991760253906,0.9043387789666211,031401070202,2005-04-07 06:00:00+00:00,0,1.3985477844625653,2005-04-07 02:00:00+00:00,6,17,1,17,186,AL-RF-20050407-0186,5.0,0.6392094377657704,17,5–10-year,Convective,Organized or localized severe convection,,Medium,22 convective/heavy-rain NOAA Storm Events records; Rx3h/Rx24h=0.71.,,,31,Flash Flood; Flood; Funnel Cloud; Hail; Heavy Rain; High Wind; Strong Wind; Thunderstorm Wind; Tornado,11,22,0,0.33613263744625055,0.7064583661858623,0.8994504415514221,1.0
ALRF-2005-004,2005,2005-04-30 10:00:00+00:00,2005-04-30 14:00:00+00:00,2005-04-29 22:00:00+00:00,2005-05-01 02:00:00+00:00,50.41630935668945,1.160272277641021,031501100402,2005-04-30 13:00:00+00:00,12,72.36758422851562,1.1944338507221413,031501100402,2005-04-30 14:00:00+00:00,9,72.4931411743164,0.9824314224841175,031501100402,2005-04-30 16:00:00+00:00,0,100.83890533447266,0.8065460806725675,031403040402,2005-05-01 01:00:00+00:00,0,100.83890533447266,0.6402104795185609,031403040402,2005-05-01 01:00:00+00:00,0,1.1944338507221413,2005-04-30 14:00:00+00:00,3,16,7,7,187,AL-RF-20050430-0187,5.0,0.6004240632089797,16,5–10-year,Convective,Organized or localized severe convection,,Medium,75 convective/heavy-rain NOAA Storm Events records; Rx3h/Rx24h=0.72.,,,78,Flash Flood; Hail; Heavy Rain; High Wind; Thunderstorm Wind; Tornado,3,75,0,0.4999688283947902,0.7176553929108961,0.7189005169568614,1.0
ALRF-2005-005,2005,2005-05-20 23:00:00+00:00,2005-05-21 00:00:00+00:00,2005-05-20 11:00:00+00:00,2005-05-21 12:00:00+00:00,55.71089172363281,1.2866017507142553,031601130201,2005-05-20 23:00:00+00:00,6,70.32471466064453,1.164793442063523,031601120412,2005-05-21 00:00:00+00:00,3,74.83354187011719,1.0388291716594946,060300010902,2005-05-20 19:00:00+00:00,2,77.13676452636719,0.7528773068932515,060300010902,2005-05-20 19:00:00+00:00,0,78.94258880615234,0.6065365343326569,060300010902,2005-05-21 01:00:00+00:00,0,1.2866017507142553,2005-05-20 23:00:00+00:00,1,9,3,6,188,AL-RF-20050520-0188,5.0,0.639580816745981,9,5–10-year,Convective,Organized or localized severe convection,,Medium,37 convective/heavy-rain NOAA Storm Events records; Rx3h/Rx24h=0.91.,,,37,Flash Flood; Hail; Thunderstorm Wind,1,37,0,0.7222352670053914,0.9116886752050103,0.970141051800757,0.9771248408863377
ALRF-2005-006,2005,2005-05-29 10:00:00+00:00,2005-06-01 22:00:00+00:00,2005-05-28 22:00:00+00:00,2005-06-02 10:00:00+00:00,58.178165435791016,1.3022579705691446,031601130801,2005-05-29 10:00:00+00:00,12,94.36373901367188,1.4944598104150741,031601060604,2005-05-29 12:00:00+00:00,32,101.68095397949219,1.3388421583868821,031601060604,2005-05-29 13:00:00+00:00,18,131.7825927734375,1.2506559920624714,031601060701,2005-05-30 08:00:00+00:00,38,198.2642822265625,1.5142291387098834,031601060607,2005-06-01 08:00:00+00:00,126,1.5142291387098834,2005-06-01 08:00:00+00:00,72,129,6,117,189,AL-RF-20050601-0189,10.0,0.7545832747692642,129,10–25-year,Convective,Organized or localized severe convection,,Medium,11 convective/heavy-rain NOAA Storm Events records; Rx3h/Rx24h=0.72.,,,11,Flash Flood; Hail; Thunderstorm Wind; Tornado,1,11,0,0.4414707907273591,0.7160561727291506,0.7715810703034468,0.664681460994803
ALRF-2005-007,2005,2005-06-21 01:00:00+00:00,2005-06-21 01:00:00+00:00,2005-06-20 13:00:00+00:00,2005-06-21 13:00:00+00:00,44.81195831298828,1.1646964124665884,060300010302,2005-06-20 22:00:00+00:00,4,63.315025329589844,1.1896115270805503,060300010302,2005-06-20 23:00:00+00:00,5,71.1483383178711,1.0096558467903871,060300050102,2005-06-21 03:00:00+00:00,1,74.40663146972656,0.71130793177766,060300050102,2005-06-21 13:00:00+00:00,0,74.40663146972656,0.554897369898861,060300050102,2005-06-21 13:00:00+00:00,0,1.1896115270805503,2005-06-20 23:00:00+00:00,3,8,4,3,190,AL-RF-20050620-0190,2.0,0.5703749957850907,8,2–5-year,Convective,Organized or localized severe convection,,Medium,10 convective/heavy-rain NOAA Storm Events records; Rx3h/Rx24h=0.85.,,,10,Hail; Lightning; Thunderstorm Wind,0,10,0,0.6022575868284091,0.8509325590871628,0.9562096403573765,1.0
ALRF-2005-008,2005,2005-07-06 00:00:00+00:00,2005-07-10 05:00:00+00:00,2005-07-05 12:00:00+00:00,2005-07-10 17:00:00+00:00,115.2643814086914,1.9485049640237773,031700080205,2005-07-06 10:00:00+00:00,54,156.612060546875,1.8891958874200634,031700080303,2005-07-06 10:00:00+00:00,85,187.6929473876953,1.9024412132346844,031700080206,2005-07-06 14:00:00+00:00,112,196.6262969970703,1.4405444113060657,031700080206,2005-07-06 15:00:00+00:00,56,174.7258758544922,1.3397947535021828,031501060108,2005-07-07 15:00:00+00:00,45,1.9485049640237773,2005-07-06 10:00:00+00:00,1,132,7,54,191,AL-RF-20050706-0191,50.0,0.946219647845418,132,50–100-year,Tropical cyclone,Tropical depression,Cindy,High,HURDAT2 track within 7 km of rainfall footprint; track status=TD; 74 matching tropical NOAA Storm Events records.,Cindy,6.758282506694387,157,Flash Flood; Flood; Funnel Cloud; Hail; Hurricane (Typhoon); Lightning; Strong Wind; Thunderstorm Wind; Tornado; Tropical Storm,47,75,74,0.5862104060801634,0.7964960075976434,0.9545668623891742,1.1253416017259876
ALRF-2005-009,2005,2005-07-10 22:00:00+00:00,2005-07-14 02:00:00+00:00,2005-07-10 10:00:00+00:00,2005-07-14 14:00:00+00:00,83.7387924194336,1.4768107275316125,031401060301,2005-07-10 22:00:00+00:00,25,135.39549255371094,1.8096001779234843,031502040601,2005-07-11 00:00:00+00:00,118,158.06809997558594,1.7578166617802884,031502040601,2005-07-11 00:00:00+00:00,293,173.33230590820312,1.6566922814084772,031601070301,2005-07-11 13:00:00+00:00,229,204.49935913085938,1.5564800260067921,031601070301,2005-07-12 23:00:00+00:00,204,1.8096001779234843,2005-07-11 00:00:00+00:00,3,347,11,309,192,AL-RF-20050711-0192,25.0,0.8213974562141064,347,25–50-year,Tropical cyclone,Tropical storm,Dennis,High,HURDAT2 track within 0 km of rainfall footprint; track status=TS; 68 matching tropical NOAA Storm Events records.,Dennis,0.0,121,Flash Flood; Flood; Funnel Cloud; Hurricane (Typhoon); Thunderstorm Wind; Tropical Storm,50,46,68,0.48311128142368165,0.7811324717817835,0.9119367514749321,0.8475933941547835
ALRF-2005-010,2005,2005-08-29 17:00:00+00:00,2005-09-02 02:00:00+00:00,2005-08-29 05:00:00+00:00,2005-09-02 14:00:00+00:00,75.35802459716797,1.7612098923415895,060300060103,2005-08-30 05:00:00+00:00,31,126.76902770996094,2.0793147569203243,060300060103,2005-08-30 05:00:00+00:00,116,168.5415802001953,2.2918035447696203,060300060202,2005-08-30 06:00:00+00:00,185,209.17218017578125,1.9755329692419703,060300060202,2005-08-30 12:00:00+00:00,169,209.51515197753906,1.530320327125065,060300060202,2005-08-30 15:00:00+00:00,71,2.2918035447696203,2005-08-30 06:00:00+00:00,6,210,6,185,193,AL-RF-20050830-0193,200.0,1.1894875350463876,210,200–500-year,Tropical cyclone,Tropical storm,Katrina,High,HURDAT2 track within 28 km of rainfall footprint; track status=TS; 56 matching tropical NOAA Storm Events records.,Katrina,27.75732808368774,78,Flash Flood; Hurricane (Typhoon); Tornado; Tropical Storm,11,22,56,0.36026791198446956,0.6060510896020136,0.8057552398151544,0.9983630214878465
ALRF-2005-011,2005,2005-09-25 12:00:00+00:00,2005-09-27 23:00:00+00:00,2005-09-25 00:00:00+00:00,2005-09-28 11:00:00+00:00,64.27672576904297,1.4997678279660742,031601030104,2005-09-26 01:00:00+00:00,15,88.3291244506836,1.4458329870355773,031601030104,2005-09-26 02:00:00+00:00,54,102.28262329101562,1.3590386643961514,031601030104,2005-09-26 02:00:00+00:00,96,128.17218017578125,1.1903709828027236,031601030302,2005-09-26 07:00:00+00:00,45,206.16717529296875,1.2496087219398146,031403050206,2005-09-26 16:00:00+00:00,42,1.4997678279660742,2005-09-26 01:00:00+00:00,1,143,10,43,194,AL-RF-20050926-0194,10.0,0.7298746376395172,143,10–25-year,Tropical cyclone,Tropical depression,Rita,High,HURDAT2 track within 271 km of rainfall footprint; track status=TD; 0 matching tropical NOAA Storm Events records.,Rita,270.63622870318045,38,Flash Flood; Funnel Cloud; Rip Current; Thunderstorm Wind; Tornado,2,33,0,0.5014873405515213,0.6891442770930865,0.7980095458370179,0.621690528541439
ALRF-2005-012,2005,2005-11-14 17:00:00+00:00,2005-11-14 18:00:00+00:00,2005-11-14 05:00:00+00:00,2005-11-15 06:00:00+00:00,26.0181941986084,0.6101804560029855,031601030302,2005-11-14 14:00:00+00:00,0,59.8864631652832,0.9843033409260152,031601030106,2005-11-14 16:00:00+00:00,0,80.72588348388672,1.0839785996910472,031601010505,2005-11-14 16:00:00+00:00,4,96.92253875732422,0.8897507934056634,031601030104,2005-11-15 03:00:00+00:00,0,97.3601303100586,0.6905136758711317,060300060103,2005-11-15 03:00:00+00:00,0,1.0839785996910472,2005-11-14 16:00:00+00:00,6,4,1,4,195,AL-RF-20051114-0195,2.0,0.5420628579689493,4,2–5-year,Convective,Organized or localized severe convection,,Medium,12 convective/heavy-rain NOAA Storm Events records; Rx3h/Rx24h=0.62.,Gamma,2463.033820315114,14,Funnel Cloud; Hail; Thunderstorm Wind; Tornado,0,12,0,0.26844317670787654,0.6178796380398952,0.832890724065835,0.9955054337813559
ALRF-2005-013,2005,2005-11-21 19:00:00+00:00,2005-11-21 20:00:00+00:00,2005-11-21 07:00:00+00:00,2005-11-22 08:00:00+00:00,40.79561233520508,0.9389288648996852,031502020803,2005-11-21 19:00:00+00:00,0,68.460205078125,1.1417651141066767,031502020603,2005-11-21 20:00:00+00:00,4,75.88616180419922,1.049957379844553,031502020603,2005-11-21 20:00:00+00:00,3,80.98326110839844,0.7776578986928596,031502020803,2005-11-21 21:00:00+00:00,0,80.98326110839844,0.6116432373095431,031502020803,2005-11-21 21:00:00+00:00,0,1.1417651141066767,2005-11-21 20:00:00+00:00,3,4,2,2,196,AL-RF-20051121-0196,2.0,0.5582061867854647,4,2–5-year,Unclassified,Insufficient external evidence,,Low,No nearby HURDAT2 track and no matching Alabama NOAA Storm Events record within the configured time buffer.,Gamma,1705.021549676381,0,,0,0,0,0.5037536371942218,0.8453624136781678,0.9370598413247818,1.0
ALRF-2006-001,2006,2006-03-21 07:00:00+00:00,2006-03-22 00:00:00+00:00,2006-03-20 19:00:00+00:00,2006-03-22 12:00:00+00:00,41.61296844482422,0.9792058328175597,031501090502,2006-03-21 07:00:00+00:00,0,70.28329467773438,1.1655759890661637,031501100101,2006-03-21 08:00:00+00:00,1,89.79608154296875,1.2209552228308047,031501100101,2006-03-21 09:00:00+00:00,17,117.41789245605469,1.1152984839553821,031501090504,2006-03-21 08:00:00+00:00,6,118.93585205078125,0.8848613039246096,031501090504,2006-03-21 08:00:00+00:00,0,1.2209552228308047,2006-03-21 09:00:00+00:00,6,17,2,16,197,AL-RF-20060321-0197,5.0,0.620253457543756,17,5–10-year,Convective,Organized or localized severe convection,,Medium,14 convective/heavy-rain NOAA Storm Events records; Rx3h/Rx24h=0.60.,,,17,Flash Flood; Funnel Cloud; Hail; Thunderstorm Wind,1,14,0,0.3544005736638346,0.5985739754615242,0.7647563728549821,0.9872371571014731
ALRF-2006-002,2006,2006-05-11 03:00:00+00:00,2006-05-12 20:00:00+00:00,2006-05-10 15:00:00+00:00,2006-05-13 08:00:00+00:00,41.85407257080078,0.9728353896618018,031501090602,2006-05-10 21:00:00+00:00,0,64.24642944335938,1.0625967235004234,031501090704,2006-05-10 22:00:00+00:00,2,77.50560760498047,1.0163218380387466,031300031304,2006-05-11 04:00:00+00:00,1,110.5287094116211,1.0103240908676705,031502030505,2006-05-11 04:00:00+00:00,1,151.9618377685547,1.1216665758522963,031502030504,2006-05-11 04:00:00+00:00,3,1.1216665758522963,2006-05-11 04:00:00+00:00,72,6,5,2,198,AL-RF-20060511-0198,2.0,0.5384687511843087,6,2–5-year,Convective,Organized or localized severe convection,,Medium,94 convective/heavy-rain NOAA Storm Events records; Rx3h/Rx24h=0.58.,,,96,Flash Flood; Funnel Cloud; Hail; Lightning; Thunderstorm Wind; Tornado,9,94,0,0.3786715034817932,0.5812646305685032,0.7012260255056544,0.7273451745165238
ALRF-2006-003,2006,2006-07-30 13:00:00+00:00,2006-07-31 11:00:00+00:00,2006-07-30 01:00:00+00:00,2006-07-31 23:00:00+00:00,64.49769592285156,1.5188389603220185,031501090202,2006-07-30 13:00:00+00:00,7,90.2911605834961,1.5205948297106688,031501090306,2006-07-30 14:00:00+00:00,6,120.9111557006836,1.6713401017812515,031501090201,2006-07-30 17:00:00+00:00,8,125.32283020019531,1.191385985904463,031501090201,2006-07-30 17:00:00+00:00,3,127.94992065429688,0.9601825083714717,031501090201,2006-07-31 02:00:00+00:00,0,1.6713401017812515,2006-07-30 17:00:00+00:00,6,10,2,9,199,AL-RF-20060730-0199,25.0,0.8473341438301406,10,25–50-year,Convective,Organized or localized severe convection,,Medium,26 convective/heavy-rain NOAA Storm Events records; Rx3h/Rx24h=0.72.,Chris,2804.9253577428863,100,Drought; Flash Flood; Funnel Cloud; Lightning; Thunderstorm Wind,2,26,0,0.514652404672162,0.7204685725598573,0.9647975193947954,0.9794678227179241
ALRF-2006-004,2006,2006-08-31 00:00:00+00:00,2006-08-31 01:00:00+00:00,2006-08-30 12:00:00+00:00,2006-08-31 13:00:00+00:00,69.14702606201172,1.2894795676150155,031403010405,2006-08-31 00:00:00+00:00,4,78.55755615234375,1.0639337831802764,031403010403,2006-08-31 01:00:00+00:00,3,79.97134399414062,0.8965332084655817,031403010403,2006-08-31 02:00:00+00:00,0,80.09451293945312,0.6289961389599296,031403010403,2006-08-31 07:00:00+00:00,0,86.5750503540039,0.5474406634280187,031402020604,2006-08-31 02:00:00+00:00,0,1.2894795676150155,2006-08-31 00:00:00+00:00,1,4,2,3,200,AL-RF-20060831-0200,5.0,0.6299695843886679,4,5–10-year,Tropical cyclone,Tropical storm,Ernesto,High,HURDAT2 track within 595 km of rainfall footprint; track status=TS; 0 matching tropical NOAA Storm Events records.,Ernesto,595.0802481894224,92,Drought; Hail; Lightning; Thunderstorm Wind,0,14,0,0.8633178918795963,0.9808107106129577,0.9984622049527212,0.9251454386910319
ALRF-2006-005,2006,2006-09-13 09:00:00+00:00,2006-09-13 23:00:00+00:00,2006-09-12 21:00:00+00:00,2006-09-14 11:00:00+00:00,51.061058044433594,1.2458403925091703,031501090301,2006-09-13 11:00:00+00:00,4,90.5719985961914,1.5886700974139265,031501090301,2006-09-13 12:00:00+00:00,9,101.38081359863281,1.4513672954744463,031501090301,2006-09-13 13:00:00+00:00,7,119.62678527832031,1.1579652524684148,031501090301,2006-09-13 13:00:00+00:00,8,120.3649673461914,0.9196877875068846,031501090301,2006-09-14 06:00:00+00:00,0,1.5886700974139265,2006-09-13 12:00:00+00:00,3,13,3,9,201,AL-RF-20060913-0201,10.0,0.7494007480386821,13,10–25-year,Unclassified,Insufficient external evidence,,Low,No nearby HURDAT2 track and no matching Alabama NOAA Storm Events record within the configured time buffer.,Florence,1811.9147655645183,39,Drought,0,0,0,0.4268363303890209,0.7571213953920867,0.8474758672379523,0.9938671352292403
ALRF-2006-006,2006,2006-09-24 10:00:00+00:00,2006-09-24 15:00:00+00:00,2006-09-23 22:00:00+00:00,2006-09-25 03:00:00+00:00,46.74895477294922,1.054454947336609,031502020407,2006-09-24 11:00:00+00:00,1,81.5268783569336,1.3293806899109875,031502020501,2006-09-24 12:00:00+00:00,9,87.67723083496094,1.1897823071942455,031502020501,2006-09-24 13:00:00+00:00,7,94.85637664794922,0.9002333963198562,031502020501,2006-09-24 20:00:00+00:00,0,102.40227508544922,0.7724002548128179,031601090103,2006-09-24 16:00:00+00:00,0,1.3293806899109875,2006-09-24 12:00:00+00:00,3,9,3,7,202,AL-RF-20060924-0202,5.0,0.6556614866860714,9,5–10-year,Convective,Organized or localized severe convection,,Medium,3 convective/heavy-rain NOAA Storm Events records; Rx3h/Rx24h=0.86.,Helene,2922.4603204497803,3,Hail; Thunderstorm Wind,0,3,0,0.4928393474953581,0.859477045591918,0.9243156225581647,0.9263112227613757
ALRF-2006-007,2006,2006-10-17 09:00:00+00:00,2006-10-18 00:00:00+00:00,2006-10-16 21:00:00+00:00,2006-10-18 12:00:00+00:00,56.776084899902344,0.9927560682895336,031403040504,2006-10-17 15:00:00+00:00,0,64.25631713867188,1.0830206755359482,031601090105,2006-10-17 12:00:00+00:00,7,83.75193786621094,1.1359550833864938,031601060201,2006-10-17 10:00:00+00:00,23,130.15371704101562,1.2383344275448829,031601070203,2006-10-17 14:00:00+00:00,64,131.5519561767578,0.9897944825569657,031601120405,2006-10-17 14:00:00+00:00,0,1.2383344275448829,2006-10-17 14:00:00+00:00,24,77,5,69,203,AL-RF-20061017-0203,5.0,0.5495916322787533,77,5–10-year,Frontal/extratropical candidate,Prolonged or widespread non-tropical rainfall,,Medium–low,No nearby HURDAT2 system; 3 flood/heavy-rain NOAA records; affected HUCs=77; Rx24h/Rx72h=0.99.,,,12,Coastal Flood; Funnel Cloud; Heavy Rain; High Wind; Lightning; Strong Wind; Thunderstorm Wind,3,5,0,0.4362233072606783,0.4936955977862902,0.6434847945204516,0.9893712022505886
ALRF-2006-008,2006,2006-10-19 14:00:00+00:00,2006-10-20 06:00:00+00:00,2006-10-19 02:00:00+00:00,2006-10-20 18:00:00+00:00,41.55317306518555,1.0101792637213407,031501090105,2006-10-20 00:00:00+00:00,2,55.64223861694336,0.9287929588775262,031601050301,2006-10-19 20:00:00+00:00,0,74.7194595336914,1.018498696739214,031601050301,2006-10-19 20:00:00+00:00,1,79.25402069091797,0.7428597643158765,031601050301,2006-10-20 05:00:00+00:00,0,176.1719512939453,1.310008648219655,031601120401,2006-10-19 20:00:00+00:00,106,1.310008648219655,2006-10-19 20:00:00+00:00,72,108,3,105,204,AL-RF-20061019-0204,5.0,0.6307846530827121,108,5–10-year,Convective,Organized or localized severe convection,,Medium,3 convective/heavy-rain NOAA Storm Events records; Rx3h/Rx24h=0.70.,,,3,Thunderstorm Wind,0,3,0,0.5243036593340593,0.7020746472149598,0.94278446547323,0.4498674170820845
ALRF-2006-009,2006,2006-11-15 11:00:00+00:00,2006-11-18 07:00:00+00:00,2006-11-14 23:00:00+00:00,2006-11-18 19:00:00+00:00,57.673091888427734,1.2267131771142665,031402020102,2006-11-15 20:00:00+00:00,16,104.93330383300781,1.5557247272774535,031402020501,2006-11-15 21:00:00+00:00,73,120.40528869628906,1.6580878502432588,031502030106,2006-11-15 14:00:00+00:00,199,150.69297790527344,1.4368791448059928,031502030106,2006-11-15 20:00:00+00:00,241,150.84413146972656,1.1399169496299728,031502030106,2006-11-16 01:00:00+00:00,28,1.6580878502432588,2006-11-15 14:00:00+00:00,6,282,6,236,205,AL-RF-20061115-0205,10.0,0.7634921378234896,282,10–25-year,Convective,Organized or localized severe convection,,Medium,49 convective/heavy-rain NOAA Storm Events records; Rx3h/Rx24h=0.70.,,,50,Flash Flood; Funnel Cloud; Hail; Thunderstorm Wind; Tornado,13,49,0,0.382719173050528,0.6963383781490439,0.799010613301282,0.9989979486574626
ALRF-2006-010,2006,2006-12-22 10:00:00+00:00,2006-12-22 17:00:00+00:00,2006-12-21 22:00:00+00:00,2006-12-23 05:00:00+00:00,44.85618209838867,0.8347959249363295,031602030705,2006-12-22 05:00:00+00:00,0,73.63587951660156,0.9861512054255618,031602030705,2006-12-22 07:00:00+00:00,0,92.04463195800781,1.0241799969019474,031602030705,2006-12-22 09:00:00+00:00,1,142.3040313720703,1.1329715426750135,031602030607,2006-12-22 14:00:00+00:00,6,145.82659912109375,0.9459430061322246,031602030607,2006-12-22 15:00:00+00:00,0,1.1329715426750135,2006-12-22 14:00:00+00:00,24,6,1,6,206,AL-RF-20061222-0206,2.0,0.47460599002537684,6,2–5-year,Unclassified,Insufficient external evidence,,Low,No nearby HURDAT2 track and no matching Alabama NOAA Storm Events record within the configured time buffer.,,,0,,0,0,0,0.31521371296296596,0.5174546272977472,0.6468167561419711,0.9758441342645705
ALRF-2007-001,2007,2007-04-02 03:00:00+00:00,2007-04-04 01:00:00+00:00,2007-04-01 15:00:00+00:00,2007-04-04 13:00:00+00:00,42.7475471496582,0.7757013945576121,031502040502,2007-04-02 01:00:00+00:00,0,86.39649200439453,1.014021904251545,031700080601,2007-04-01 18:00:00+00:00,1,98.2853775024414,1.0129590714004173,031401060301,2007-04-01 21:00:00+00:00,1,122.2410659790039,1.105131347250538,031402020102,2007-04-02 05:00:00+00:00,9,198.35714721679688,1.1555992438978782,031403040404,2007-04-02 22:00:00+00:00,12,1.1555992438978782,2007-04-02 22:00:00+00:00,72,18,3,14,207,AL-RF-20070402-0207,2.0,0.47169823957681734,18,2–5-year,Convective,Organized or localized severe convection,,Medium,38 convective/heavy-rain NOAA Storm Events records; Rx3h/Rx24h=0.71.,,,106,Drought; Flash Flood; Funnel Cloud; Hail; Lightning; Thunderstorm Wind; Tornado,3,38,0,0.3496987432766703,0.7067714218005426,0.8040291265074773,0.6162675138970366
ALRF-2007-002,2007,2007-04-14 19:00:00+00:00,2007-04-15 05:00:00+00:00,2007-04-14 07:00:00+00:00,2007-04-15 17:00:00+00:00,63.659420013427734,1.2039906824673823,031602030604,2007-04-14 19:00:00+00:00,8,93.35694885253906,1.3057114221745532,031602030603,2007-04-14 20:00:00+00:00,18,98.97480773925781,1.1556349414389022,031602030603,2007-04-14 22:00:00+00:00,13,117.69213104248047,0.9476097361952448,031700020607,2007-04-15 01:00:00+00:00,0,117.69213104248047,0.7659490909147848,031700020607,2007-04-15 01:00:00+00:00,0,1.3057114221745532,2007-04-14 20:00:00+00:00,3,22,5,16,208,AL-RF-20070414-0208,5.0,0.5931981192124212,22,5–10-year,Convective,Organized or localized severe convection,,Medium,24 convective/heavy-rain NOAA Storm Events records; Rx3h/Rx24h=0.79.,,,60,Drought; Flash Flood; Hail; Lightning; Thunderstorm Wind; Tornado,2,24,0,0.540897844652419,0.7932301677742777,0.8409636809408547,1.0
ALRF-2007-003,2007,2007-07-01 21:00:00+00:00,2007-07-01 23:00:00+00:00,2007-07-01 09:00:00+00:00,2007-07-02 11:00:00+00:00,65.41780090332031,1.617809364904561,031501050803,2007-07-01 21:00:00+00:00,3,96.25310516357422,1.7607429138143158,031501050803,2007-07-01 23:00:00+00:00,5,98.14730072021484,1.4708685087019027,031501050803,2007-07-02 01:00:00+00:00,2,99.00394439697266,0.978476496231124,031501050803,2007-07-02 01:00:00+00:00,0,113.19278717041016,0.8755160068973961,031501050803,2007-07-02 01:00:00+00:00,0,1.7607429138143158,2007-07-01 23:00:00+00:00,3,5,3,3,209,AL-RF-20070701-0209,25.0,0.7958774175240935,5,25–50-year,Convective,Organized or localized severe convection,,Medium,43 convective/heavy-rain NOAA Storm Events records; Rx3h/Rx24h=0.97.,,,132,Drought; Flash Flood; Hail; Lightning; Thunderstorm Wind,1,43,0,0.6607595414685383,0.9722148521439864,0.9913473783092626,0.8746488788894614
ALRF-2007-004,2007,2007-08-25 06:00:00+00:00,2007-08-25 06:00:00+00:00,2007-08-24 18:00:00+00:00,2007-08-25 18:00:00+00:00,58.12575149536133,1.4363366048927857,060300050803,2007-08-25 05:00:00+00:00,2,76.78861999511719,1.3542690195428333,060300050803,2007-08-25 06:00:00+00:00,3,79.29460906982422,1.1432515736273443,060300050803,2007-08-25 09:00:00+00:00,1,81.73280334472656,0.8145945649173684,060300050803,2007-08-25 10:00:00+00:00,0,81.73280334472656,0.6313305077922002,060300050803,2007-08-25 10:00:00+00:00,0,1.4363366048927857,2007-08-25 05:00:00+00:00,1,4,1,4,210,AL-RF-20070825-0210,10.0,0.6683581504272609,4,10–25-year,Convective,Organized or localized severe convection,,Medium,30 convective/heavy-rain NOAA Storm Events records; Rx3h/Rx24h=0.94.,,,130,Drought; Hail; Heat; Heavy Rain; Lightning; Thunderstorm Wind,3,30,0,0.7111679658190951,0.9395079680705901,0.9701687183710228,1.0
ALRF-2007-005,2007,2007-09-14 14:00:00+00:00,2007-09-15 03:00:00+00:00,2007-09-14 02:00:00+00:00,2007-09-15 15:00:00+00:00,36.35116958618164,0.928515365160314,031501050704,2007-09-14 17:00:00+00:00,0,82.99457550048828,1.4495304489501175,060300010605,2007-09-14 17:00:00+00:00,32,91.75658416748047,1.3159316315606655,060300010605,2007-09-14 18:00:00+00:00,27,125.43340301513672,1.1649351912298336,031601030302,2007-09-14 15:00:00+00:00,14,133.11195373535156,0.9542862643612829,031601030302,2007-09-14 15:00:00+00:00,0,1.4495304489501175,2007-09-14 17:00:00+00:00,3,37,3,28,211,AL-RF-20070914-0211,10.0,0.7196464009492436,37,10–25-year,Tropical cyclone,Tropical cyclone or remnant,Humberto,High,HURDAT2 track within 222 km of rainfall footprint; track status=LO; 0 matching tropical NOAA Storm Events records.,Humberto,222.4271946793719,53,Drought; Heavy Rain; Thunderstorm Wind,2,3,0,0.28980453940004286,0.6616624719212384,0.7315163422330789,0.9423150926363754
ALRF-2007-006,2007,2007-10-19 08:00:00+00:00,2007-10-21 13:00:00+00:00,2007-10-18 20:00:00+00:00,2007-10-22 01:00:00+00:00,45.54409408569336,0.7939738452279562,031602040104,2007-10-18 22:00:00+00:00,0,50.512786865234375,0.8229763166249924,031300031103,2007-10-19 12:00:00+00:00,0,65.6091079711914,0.8899353057423424,031300031103,2007-10-19 12:00:00+00:00,0,147.00099182128906,1.2078048101469208,031402030101,2007-10-19 15:00:00+00:00,24,234.15621948242188,1.2447132569733375,031401070103,2007-10-19 10:00:00+00:00,14,1.2447132569733375,2007-10-19 10:00:00+00:00,72,26,3,17,212,AL-RF-20071019-0212,2.0,0.4567773046220627,26,2–5-year,Frontal/extratropical candidate,Prolonged or widespread non-tropical rainfall,,Medium–low,No nearby HURDAT2 system; 6 flood/heavy-rain NOAA records; affected HUCs=26; Rx24h/Rx72h=0.63.,Fifteen,5232.090127610431,96,Drought; Flash Flood; Funnel Cloud; Hail; Thunderstorm Wind; Tornado,6,43,0,0.3098216788976627,0.34362208199685756,0.44631745104790327,0.6277902510820321
ALRF-2007-007,2007,2007-10-23 07:00:00+00:00,2007-10-23 18:00:00+00:00,2007-10-22 19:00:00+00:00,2007-10-24 06:00:00+00:00,36.764556884765625,0.8398661855053159,031502030104,2007-10-23 05:00:00+00:00,0,81.12657165527344,0.9888041997450572,031700030402,2007-10-23 04:00:00+00:00,0,94.47489929199219,1.073181816811321,031602030403,2007-10-23 06:00:00+00:00,2,115.3020248413086,1.1443989663319505,060300050507,2007-10-23 11:00:00+00:00,14,121.72145080566406,0.9400036450221626,060300050507,2007-10-24 00:00:00+00:00,0,1.1443989663319505,2007-10-23 11:00:00+00:00,24,14,4,6,213,AL-RF-20071023-0213,2.0,0.5475161409683421,14,2–5-year,Convective,Organized or localized severe convection,,Medium,33 convective/heavy-rain NOAA Storm Events records; Rx3h/Rx24h=0.70.,Noel,2759.068582575922,83,Drought; Flash Flood; Thunderstorm Wind; Tornado,5,33,0,0.3188543907651672,0.7036005808825023,0.8193689522974033,0.9472613420077906
ALRF-2007-008,2007,2007-11-26 12:00:00+00:00,2007-11-27 08:00:00+00:00,2007-11-26 00:00:00+00:00,2007-11-27 20:00:00+00:00,38.91437530517578,0.7258721701738012,031402030103,2007-11-26 12:00:00+00:00,0,73.75740051269531,0.977889180053553,031402030103,2007-11-26 12:00:00+00:00,0,120.83509063720703,1.3382010234328814,031402030103,2007-11-26 14:00:00+00:00,19,155.3321075439453,1.2349830902487857,031402030104,2007-11-26 20:00:00+00:00,11,155.3470916748047,0.9867634512607707,031402030104,2007-11-26 20:00:00+00:00,0,1.3382010234328814,2007-11-26 14:00:00+00:00,6,20,1,20,214,AL-RF-20071126-0214,5.0,0.5447606596116232,20,5–10-year,Unclassified,Insufficient external evidence,,Low,No nearby HURDAT2 track and no matching Alabama NOAA Storm Events record within the configured time buffer.,,,50,Drought,0,0,0,0.25052370640220945,0.4748367976133232,0.777914447616835,0.9999035441816269
ALRF-2007-009,2007,2007-12-16 00:00:00+00:00,2007-12-16 00:00:00+00:00,2007-12-15 12:00:00+00:00,2007-12-16 12:00:00+00:00,40.813629150390625,0.7738011011806474,031402030101,2007-12-15 23:00:00+00:00,0,80.97351837158203,1.1624888128395634,031300120101,2007-12-16 00:00:00+00:00,4,84.93515014648438,1.0283921994408074,031300040601,2007-12-16 01:00:00+00:00,2,84.94355010986328,0.7413992669084913,031300040601,2007-12-16 07:00:00+00:00,0,87.60389709472656,0.616300170986766,031300120101,2007-12-16 01:00:00+00:00,0,1.1624888128395634,2007-12-16 00:00:00+00:00,3,4,2,3,215,AL-RF-20071216-0215,2.0,0.5312192722558322,4,2–5-year,Tropical cyclone,Tropical cyclone or remnant,Olga,High,HURDAT2 track within 524 km of rainfall footprint; track status=LO; 0 matching tropical NOAA Storm Events records.,Olga,523.5353034795296,54,Drought; Heavy Rain; Strong Wind,3,3,0,0.4804794371980401,0.9532627052537063,0.9999011112277737,0.9696320931706196
ALRF-2008-001,2008,2008-01-11 07:00:00+00:00,2008-01-11 11:00:00+00:00,2008-01-10 19:00:00+00:00,2008-01-11 23:00:00+00:00,47.63134765625,1.0289568136048004,031300031201,2008-01-11 07:00:00+00:00,2,90.94844818115234,1.436175641688058,031300031201,2008-01-11 08:00:00+00:00,17,91.98165893554688,1.207384877768277,031300031201,2008-01-11 11:00:00+00:00,9,91.98628234863281,0.8439104249481779,031300031201,2008-01-11 11:00:00+00:00,0,94.73918151855469,0.671950118739208,031402020206,2008-01-11 08:00:00+00:00,0,1.436175641688058,2008-01-11 08:00:00+00:00,3,19,3,15,216,AL-RF-20080111-0216,10.0,0.6861588563961858,19,10–25-year,Convective,Organized or localized severe convection,,Medium,36 convective/heavy-rain NOAA Storm Events records; Rx3h/Rx24h=0.99.,,,91,Drought; Flash Flood; Funnel Cloud; Hail; Heavy Rain; Thunderstorm Wind; Tornado,2,36,0,0.5178092476411288,0.9887175115573534,0.999949738015627,0.9709423374173576
ALRF-2008-002,2008,2008-04-05 07:00:00+00:00,2008-04-08 03:00:00+00:00,2008-04-04 19:00:00+00:00,2008-04-08 15:00:00+00:00,40.9370231628418,0.832819052578712,031402010205,2008-04-05 13:00:00+00:00,0,111.4324951171875,1.321101259363088,031602040305,2008-04-05 08:00:00+00:00,4,161.92742919921875,1.581111170658747,031602040305,2008-04-05 09:00:00+00:00,20,205.04103088378906,1.4278744720541432,031602040305,2008-04-05 17:00:00+00:00,23,205.62405395507812,1.1309828344825197,031602040305,2008-04-06 06:00:00+00:00,7,1.581111170658747,2008-04-05 09:00:00+00:00,6,26,2,25,217,AL-RF-20080405-0217,10.0,0.6760776219643627,26,10–25-year,Convective candidate,Thunderstorm-associated rainfall,,Low,75 convective/heavy-rain NOAA Storm Events records; rainfall duration signature was not decisive.,,,122,Drought; Flash Flood; Hail; Rip Current; Thunderstorm Wind; Tornado,3,75,0,0.19965283527102262,0.5434643721643402,0.7897318331909589,0.9971646163954319
ALRF-2008-003,2008,2008-04-19 04:00:00+00:00,2008-04-19 05:00:00+00:00,2008-04-18 16:00:00+00:00,2008-04-19 17:00:00+00:00,49.70689392089844,1.1239262716909841,031502020505,2008-04-19 04:00:00+00:00,2,85.71044158935547,1.1448166092122012,031602030903,2008-04-19 04:00:00+00:00,5,86.53887939453125,0.9602463601919264,031602030903,2008-04-19 05:00:00+00:00,0,86.53887939453125,0.6828866600440203,031602030903,2008-04-19 05:00:00+00:00,0,86.53887939453125,0.5530690251744904,031602030903,2008-04-19 05:00:00+00:00,0,1.1448166092122012,2008-04-19 04:00:00+00:00,3,6,2,5,218,AL-RF-20080419-0218,2.0,0.5820085330743859,6,2–5-year,Convective candidate,Thunderstorm-associated rainfall,,Low,1 convective/heavy-rain NOAA Storm Events records; rainfall duration signature was not decisive.,,,42,Drought; Flash Flood,1,1,0,0.5743880007306822,0.9904269871418264,1.0,1.0
ALRF-2008-004,2008,2008-05-11 11:00:00+00:00,2008-05-11 14:00:00+00:00,2008-05-10 23:00:00+00:00,2008-05-12 02:00:00+00:00,45.24358367919922,1.062178883641056,031601010505,2008-05-11 05:00:00+00:00,1,73.46064758300781,1.2405458182966367,031300030304,2008-05-11 11:00:00+00:00,3,95.9574966430664,1.3422675142532519,031300030304,2008-05-11 14:00:00+00:00,4,95.9574966430664,0.9420253712854466,031300030304,2008-05-11 14:00:00+00:00,0,115.93928527832031,0.902860281747792,031300030304,2008-05-11 14:00:00+00:00,0,1.3422675142532519,2008-05-11 14:00:00+00:00,6,5,2,4,219,AL-RF-20080511-0219,5.0,0.635602605778107,5,5–10-year,Convective,Organized or localized severe convection,,Medium,40 convective/heavy-rain NOAA Storm Events records; Rx3h/Rx24h=0.77.,,,80,Drought; Hail; Strong Wind; Thunderstorm Wind; Tornado,0,40,0,0.47149608172347396,0.7655540229051594,1.0,0.8276529945196209
ALRF-2008-005,2008,2008-05-15 16:00:00+00:00,2008-05-15 18:00:00+00:00,2008-05-15 04:00:00+00:00,2008-05-16 06:00:00+00:00,28.5885009765625,0.6420526164892048,031601130606,2008-05-15 16:00:00+00:00,0,63.34162902832031,1.051276071955823,031601130201,2008-05-15 17:00:00+00:00,2,88.18435668945312,1.1664912231699711,031601060607,2008-05-15 16:00:00+00:00,23,100.6529541015625,0.9564028834504377,031601060607,2008-05-15 19:00:00+00:00,0,101.5677719116211,0.7757165236987448,031601060607,2008-05-15 19:00:00+00:00,0,1.1664912231699711,2008-05-15 16:00:00+00:00,6,23,2,16,220,AL-RF-20080515-0220,2.0,0.5645865506811498,23,2–5-year,Convective,Organized or localized severe convection,,Medium,11 convective/heavy-rain NOAA Storm Events records; Rx3h/Rx24h=0.63.,,,50,Drought; Flash Flood; Lightning; Thunderstorm Wind; Tornado,2,11,0,0.2840304214788933,0.629307203089204,0.876122886571932,0.9909930306352036
ALRF-2008-006,2008,2008-05-27 19:00:00+00:00,2008-05-27 20:00:00+00:00,2008-05-27 07:00:00+00:00,2008-05-28 08:00:00+00:00,40.518768310546875,0.9875796107543166,060300050701,2008-05-27 20:00:00+00:00,0,51.59368133544922,0.880844082560244,060300051002,2008-05-27 16:00:00+00:00,0,61.336238861083984,0.8677599686128087,060300051003,2008-05-27 19:00:00+00:00,0,117.94866180419922,1.1275288941024697,060300060304,2008-05-27 19:00:00+00:00,6,137.9745635986328,1.0220237578468443,060300060304,2008-05-28 08:00:00+00:00,1,1.1275288941024697,2008-05-27 19:00:00+00:00,24,6,2,3,221,AL-RF-20080527-0221,2.0,0.5224848614078483,6,2–5-year,Convective candidate,Thunderstorm-associated rainfall,,Low,32 convective/heavy-rain NOAA Storm Events records; rainfall duration signature was not decisive.,,,71,Drought; Flash Flood; Hail; Heavy Rain; Thunderstorm Wind,18,32,0,0.34352885137272765,0.43742489780085303,0.5200248813581732,0.854858016781348
ALRF-2008-007,2008,2008-07-10 00:00:00+00:00,2008-07-10 03:00:00+00:00,2008-07-09 12:00:00+00:00,2008-07-10 15:00:00+00:00,48.0018424987793,1.1745459744364626,060300020502,2008-07-09 22:00:00+00:00,2,79.672119140625,1.4520050549001333,031501050705,2008-07-10 01:00:00+00:00,4,82.72513580322266,1.225341241214689,031501050705,2008-07-10 02:00:00+00:00,4,85.1083984375,0.8393843143734442,031501050705,2008-07-10 12:00:00+00:00,0,85.51554870605469,0.6512852528798252,031501050705,2008-07-10 12:00:00+00:00,0,1.4520050549001333,2008-07-10 01:00:00+00:00,3,6,2,4,222,AL-RF-20080710-0222,10.0,0.6721288932641831,6,10–25-year,Convective,Organized or localized severe convection,,Medium,13 convective/heavy-rain NOAA Storm Events records; Rx3h/Rx24h=0.94.,Bertha,2248.7430208591677,40,Drought; Flash Flood; Thunderstorm Wind,4,13,0,0.564008292718959,0.936125230921045,0.9719973271964751,0.9952388743951793
ALRF-2008-008,2008,2008-07-31 02:00:00+00:00,2008-07-31 02:00:00+00:00,2008-07-30 14:00:00+00:00,2008-07-31 14:00:00+00:00,46.172725677490234,1.1987915296062779,060200011204,2008-07-31 01:00:00+00:00,2,90.24087524414062,1.715062906066954,060300010203,2008-07-31 02:00:00+00:00,1,90.53234100341797,1.4053149221605952,060300010203,2008-07-31 03:00:00+00:00,1,90.7969741821289,0.9243250010967762,060300010203,2008-07-31 03:00:00+00:00,0,93.8058853149414,0.7313867970176997,060300010203,2008-07-31 03:00:00+00:00,0,1.715062906066954,2008-07-31 02:00:00+00:00,3,2,1,2,223,AL-RF-20080731-0223,25.0,0.7917447364699808,2,25–50-year,Convective,Organized or localized severe convection,,Medium,22 convective/heavy-rain NOAA Storm Events records; Rx3h/Rx24h=0.99.,,,91,Drought; Flash Flood; Hail; Thunderstorm Wind,1,22,0,0.5085271408370144,0.9938753582594856,0.9970854405546586,0.9679240687009086
ALRF-2008-009,2008,2008-08-13 07:00:00+00:00,2008-08-13 12:00:00+00:00,2008-08-12 19:00:00+00:00,2008-08-14 00:00:00+00:00,35.80061721801758,0.8074512844005851,031601130506,2008-08-12 20:00:00+00:00,0,57.915184020996094,0.9194547852917849,031602010101,2008-08-12 20:00:00+00:00,0,70.16813659667969,1.002433033916962,031300020808,2008-08-13 03:00:00+00:00,1,118.7921142578125,1.0947867968521576,031602010101,2008-08-13 07:00:00+00:00,5,166.59304809570312,0.8833817358556674,031602050204,2008-08-13 22:00:00+00:00,0,1.0947867968521576,2008-08-13 07:00:00+00:00,24,6,2,5,224,AL-RF-20080813-0224,2.0,0.4915052467394762,6,2–5-year,Convective candidate,Thunderstorm-associated rainfall,,Low,1 convective/heavy-rain NOAA Storm Events records; rainfall duration signature was not decisive.,Fay,2394.1850565371437,41,Drought; Rip Current; Thunderstorm Wind,0,1,0,0.3013720013461509,0.4875339106710716,0.5906800887843024,0.7130676556777429
ALRF-2008-010,2008,2008-08-23 16:00:00+00:00,2008-08-29 01:00:00+00:00,2008-08-23 04:00:00+00:00,2008-08-29 13:00:00+00:00,44.03917694091797,1.0516364722826872,031501060510,2008-08-26 03:00:00+00:00,1,74.05358123779297,1.2451106336766558,031601110102,2008-08-26 07:00:00+00:00,22,106.98197937011719,1.4516124157346428,031502010101,2008-08-24 05:00:00+00:00,216,212.44679260253906,1.921410733084091,031402020101,2008-08-24 05:00:00+00:00,525,296.8175048828125,2.127611968233772,031402020204,2008-08-26 08:00:00+00:00,703,2.127611968233772,2008-08-26 08:00:00+00:00,72,733,7,698,225,AL-RF-20080826-0225,50.0,0.9045971918052034,733,50–100-year,Tropical cyclone,Tropical depression,Fay,High,HURDAT2 track within 8 km of rainfall footprint; track status=TD; 48 matching tropical NOAA Storm Events records.,Fay,7.98580437945418,106,Drought; Flash Flood; Thunderstorm Wind; Tornado; Tropical Depression; Tropical Storm,5,19,48,0.2072950897560015,0.3485747199598245,0.5035706967356616,0.7157488662483565
ALRF-2008-011,2008,2008-10-08 11:00:00+00:00,2008-10-08 20:00:00+00:00,2008-10-07 23:00:00+00:00,2008-10-09 08:00:00+00:00,53.238731384277344,1.2320640207505096,031601070104,2008-10-08 11:00:00+00:00,7,88.7536392211914,1.4526804436561582,031601070104,2008-10-08 12:00:00+00:00,15,91.28471374511719,1.2241911883449883,031601070104,2008-10-08 13:00:00+00:00,8,123.25782775878906,1.1539946545548097,031601070104,2008-10-08 13:00:00+00:00,4,144.0523223876953,1.0509617544354044,031601070104,2008-10-08 23:00:00+00:00,2,1.4526804436561582,2008-10-08 12:00:00+00:00,3,19,4,9,226,AL-RF-20081008-0226,10.0,0.6931244235242012,19,10–25-year,Convective,Organized or localized severe convection,,Medium,18 convective/heavy-rain NOAA Storm Events records; Rx3h/Rx24h=0.72.,Marco,1587.2386458879666,24,Drought; Flash Flood; Heavy Rain; Lightning; Thunderstorm Wind; Tornado,5,18,0,0.4319298202176947,0.7200649308446271,0.7405997282684386,0.8556462382262677
ALRF-2008-012,2008,2008-12-10 04:00:00+00:00,2008-12-13 20:00:00+00:00,2008-12-09 16:00:00+00:00,2008-12-14 08:00:00+00:00,45.55502700805664,1.1538064234012158,060300010701,2008-12-10 09:00:00+00:00,8,103.07167053222656,1.6821698229040107,031601060402,2008-12-10 07:00:00+00:00,123,118.42610931396484,1.59921741410356,031601060402,2008-12-10 09:00:00+00:00,261,186.68174743652344,1.6613132806887285,031300040801,2008-12-11 14:00:00+00:00,290,228.56280517578125,1.6337707939475985,031601030301,2008-12-12 01:00:00+00:00,392,1.6821698229040107,2008-12-10 07:00:00+00:00,3,509,4,346,227,AL-RF-20081210-0227,25.0,0.8251231535687239,509,25–50-year,Convective,Organized or localized severe convection,,Medium,47 convective/heavy-rain NOAA Storm Events records; Rx3h/Rx24h=0.55.,,,73,Drought; Flash Flood; Flood; Hail; Heavy Snow; High Wind; Lightning; Strong Wind; Thunderstorm Wind; Tornado; Winter Weather,22,47,0,0.24402507279693486,0.5521250574712644,0.6343743346104725,0.8167634593605541
ALRF-2009-001,2009,2009-01-06 17:00:00+00:00,2009-01-09 05:00:00+00:00,2009-01-06 05:00:00+00:00,2009-01-09 17:00:00+00:00,27.251312255859375,0.6250444421302441,031601060305,2009-01-06 19:00:00+00:00,0,50.21229553222656,0.8212255380246671,031601060305,2009-01-06 21:00:00+00:00,0,68.11408233642578,0.9288312542467961,031601050203,2009-01-07 00:00:00+00:00,0,147.5485382080078,1.4231037607275612,031601110107,2009-01-07 01:00:00+00:00,189,184.58750915527344,1.4090114206993953,031601110101,2009-01-07 21:00:00+00:00,204,1.4231037607275612,2009-01-07 01:00:00+00:00,24,214,1,214,228,AL-RF-20090107-0228,10.0,0.6825333512360865,214,10–25-year,Frontal/extratropical candidate,Prolonged or widespread non-tropical rainfall,,Medium–low,No nearby HURDAT2 system; 28 flood/heavy-rain NOAA records; affected HUCs=214; Rx24h/Rx72h=0.80.,,,38,Flash Flood; Flood; Funnel Cloud; Heavy Rain; Thunderstorm Wind,28,30,0,0.18469388166653067,0.340310355778919,0.4616384761494646,0.7993419429257873
ALRF-2009-002,2009,2009-02-27 20:00:00+00:00,2009-03-02 18:00:00+00:00,2009-02-27 08:00:00+00:00,2009-03-03 06:00:00+00:00,45.173683166503906,1.0390698821004423,031501070905,2009-02-28 01:00:00+00:00,1,63.07997512817383,1.0467422713538683,031501070902,2009-02-28 02:00:00+00:00,2,94.93683624267578,1.2894192474856194,031601060405,2009-02-27 21:00:00+00:00,21,175.66082763671875,1.6939484433195655,031601050503,2009-02-28 10:00:00+00:00,158,179.39683532714844,1.3387910329008657,031601050503,2009-03-01 15:00:00+00:00,61,1.6939484433195655,2009-02-28 10:00:00+00:00,24,158,4,121,229,AL-RF-20090228-0229,10.0,0.736483623084764,158,10–25-year,Frontal/extratropical candidate,Prolonged or widespread non-tropical rainfall,,Medium–low,No nearby HURDAT2 system; 7 flood/heavy-rain NOAA records; affected HUCs=158; Rx24h/Rx72h=0.98.,,,61,Flash Flood; Hail; Heavy Snow; Lightning; Thunderstorm Wind; Tornado; Winter Weather,7,35,0,0.2571642395988641,0.35910097872605085,0.5404553623020215,0.9791746176368346
ALRF-2009-003,2009,2009-03-15 15:00:00+00:00,2009-03-18 06:00:00+00:00,2009-03-15 03:00:00+00:00,2009-03-18 18:00:00+00:00,29.769126892089844,0.5840508135307623,031402010702,2009-03-15 18:00:00+00:00,0,55.634925842285156,0.8887489392079239,031300031202,2009-03-15 16:00:00+00:00,0,71.20912170410156,0.9179352856482679,031402020206,2009-03-15 17:00:00+00:00,0,148.51931762695312,1.3493820052364556,031402020205,2009-03-15 19:00:00+00:00,10,180.50697326660156,1.296489188843687,031402020205,2009-03-17 05:00:00+00:00,29,1.3493820052364556,2009-03-15 19:00:00+00:00,24,29,5,23,230,AL-RF-20090315-0230,5.0,0.5547287753129214,29,5–10-year,Unclassified,Insufficient external evidence,,Low,No nearby HURDAT2 track and no matching Alabama NOAA Storm Events record within the configured time buffer.,,,1,Debris Flow,0,0,0,0.2004394267879896,0.3745972357752645,0.4794603344661382,0.822789917415523
ALRF-2009-004,2009,2009-03-27 06:00:00+00:00,2009-03-31 14:00:00+00:00,2009-03-26 18:00:00+00:00,2009-04-01 02:00:00+00:00,80.42174530029297,1.4802804960700902,031402030104,2009-03-28 14:00:00+00:00,30,184.15057373046875,2.441502171984543,031402030103,2009-03-28 16:00:00+00:00,113,250.90017700195312,2.734328957383744,031402020906,2009-03-28 17:00:00+00:00,185,267.4656066894531,2.1271761428749185,031402020906,2009-03-28 19:00:00+00:00,141,314.3138732910156,2.027650995720409,031402011203,2009-03-28 19:00:00+00:00,601,2.734328957383744,2009-03-28 17:00:00+00:00,6,605,4,602,231,AL-RF-20090328-0231,200.0,1.1396267559811624,605,200–500-year,Convective,Organized or localized severe convection,,Medium,80 convective/heavy-rain NOAA Storm Events records; Rx3h/Rx24h=0.69.,,,96,Flash Flood; Flood; Hail; Lightning; Strong Wind; Thunderstorm Wind; Tornado,21,80,0,0.30068069796229324,0.6885018825776761,0.938065196895638,0.8509506878871146
ALRF-2009-005,2009,2009-04-13 04:00:00+00:00,2009-04-13 12:00:00+00:00,2009-04-12 16:00:00+00:00,2009-04-14 00:00:00+00:00,66.074462890625,1.3425809664454764,031700020602,2009-04-13 04:00:00+00:00,10,112.05679321289062,1.5542145623421169,031602030102,2009-04-13 07:00:00+00:00,59,133.11135864257812,1.4932264049090238,031700020607,2009-04-13 08:00:00+00:00,42,133.85498046875,1.0777465035842426,031700020607,2009-04-13 09:00:00+00:00,2,133.85498046875,0.8711381100529906,031700020607,2009-04-13 09:00:00+00:00,0,1.5542145623421169,2009-04-13 07:00:00+00:00,3,62,5,53,232,AL-RF-20090413-0232,10.0,0.7106942585725564,62,10–25-year,Convective,Organized or localized severe convection,,Medium,22 convective/heavy-rain NOAA Storm Events records; Rx3h/Rx24h=0.84.,,,50,Flash Flood; Funnel Cloud; Hail; High Wind; Strong Wind; Thunderstorm Wind; Tornado,1,22,0,0.4936272274609225,0.8371507195359951,0.9944445711054772,1.0
ALRF-2009-006,2009,2009-04-14 03:00:00+00:00,2009-04-14 04:00:00+00:00,2009-04-13 15:00:00+00:00,2009-04-14 16:00:00+00:00,31.14725685119629,0.7179382348832896,031601090306,2009-04-14 03:00:00+00:00,0,61.376441955566406,0.8937696429947681,031300040703,2009-04-13 16:00:00+00:00,0,103.7249755859375,1.0490717340009716,031602040104,2009-04-13 15:00:00+00:00,1,137.28636169433594,1.1053746060679095,031700020607,2009-04-14 03:00:00+00:00,5,140.3165283203125,0.9131903412341923,031700020607,2009-04-14 04:00:00+00:00,0,1.1053746060679095,2009-04-14 03:00:00+00:00,24,6,2,5,233,AL-RF-20090414-0233,2.0,0.502699676352828,6,2–5-year,Convective candidate,Thunderstorm-associated rainfall,,Low,22 convective/heavy-rain NOAA Storm Events records; rainfall duration signature was not decisive.,,,50,Flash Flood; Funnel Cloud; Hail; High Wind; Strong Wind; Thunderstorm Wind; Tornado,1,22,0,0.22687801225692575,0.4470687488406114,0.7555373622390702,0.978404777667679
ALRF-2009-007,2009,2009-05-03 16:00:00+00:00,2009-05-09 21:00:00+00:00,2009-05-03 04:00:00+00:00,2009-05-10 09:00:00+00:00,63.780303955078125,1.1392402448416954,031602031001,2009-05-04 10:00:00+00:00,10,149.9910888671875,1.8883589616017604,031700080201,2009-05-04 11:00:00+00:00,53,177.65823364257812,1.8626897767899304,031700080201,2009-05-04 14:00:00+00:00,60,176.37646484375,1.62332486235255,031501100801,2009-05-07 19:00:00+00:00,37,239.95220947265625,1.458297921944893,031700030402,2009-05-05 21:00:00+00:00,62,1.8883589616017604,2009-05-04 11:00:00+00:00,3,107,13,39,234,AL-RF-20090504-0234,25.0,0.8449748534372278,107,25–50-year,Convective,Organized or localized severe convection,,Medium,151 convective/heavy-rain NOAA Storm Events records; Rx3h/Rx24h=0.85.,,,161,Flash Flood; Flood; Funnel Cloud; Hail; Lightning; Thunderstorm Wind; Tornado,27,151,0,0.3616145953009116,0.8504030795722263,1.007267232620654,0.7350483049577794
ALRF-2009-008,2009,2009-05-24 13:00:00+00:00,2009-05-26 10:00:00+00:00,2009-05-24 01:00:00+00:00,2009-05-26 22:00:00+00:00,41.477073669433594,0.9681243331458977,031501070304,2009-05-24 11:00:00+00:00,0,94.46868896484375,1.224409479622121,031402020904,2009-05-24 14:00:00+00:00,1,109.52867126464844,1.1844468076911003,031402020904,2009-05-24 16:00:00+00:00,1,141.55271911621094,1.1161984432110323,031402020904,2009-05-24 14:00:00+00:00,1,219.48062133789062,1.3837774403089615,031402020904,2009-05-25 20:00:00+00:00,17,1.3837774403089615,2009-05-25 20:00:00+00:00,72,17,1,17,235,AL-RF-20090525-0235,5.0,0.5514931468401836,17,5–10-year,Convective,Organized or localized severe convection,,Medium,16 convective/heavy-rain NOAA Storm Events records; Rx3h/Rx24h=0.67.,One,919.3647871234206,16,Flash Flood; Hail; Lightning; Thunderstorm Wind; Tornado,7,16,0,0.2930150259804055,0.6673745976386898,0.7737659293900838,0.6449440422272652
ALRF-2009-009,2009,2009-06-04 17:00:00+00:00,2009-06-04 20:00:00+00:00,2009-06-04 05:00:00+00:00,2009-06-05 08:00:00+00:00,59.791473388671875,1.2619633721609393,031403020104,2009-06-04 17:00:00+00:00,3,82.94806671142578,1.2711888390436028,031403020104,2009-06-04 18:00:00+00:00,5,96.4011001586914,1.2263990531652837,031403020104,2009-06-04 18:00:00+00:00,5,107.86637878417969,0.9548516278458632,031403020104,2009-06-05 00:00:00+00:00,0,108.33524322509766,0.7553905128722651,031403020104,2009-06-05 08:00:00+00:00,0,1.2711888390436028,2009-06-04 18:00:00+00:00,3,6,2,5,236,AL-RF-20090604-0236,5.0,0.6169019421427041,6,5–10-year,Convective,Organized or localized severe convection,,Medium,6 convective/heavy-rain NOAA Storm Events records; Rx3h/Rx24h=0.77.,,,6,Flash Flood; Thunderstorm Wind; Tornado,4,6,0,0.5543105651882813,0.7689890737630977,0.8937085053311362,0.9956720968453103
ALRF-2009-010,2009,2009-07-05 10:00:00+00:00,2009-07-06 12:00:00+00:00,2009-07-04 22:00:00+00:00,2009-07-07 00:00:00+00:00,38.72103500366211,0.9621703977008458,060300021205,2009-07-05 10:00:00+00:00,0,87.06700134277344,1.5065277059862656,060300050201,2009-07-05 10:00:00+00:00,19,106.84172058105469,1.5170185148264075,060300050201,2009-07-05 13:00:00+00:00,14,113.87937927246094,1.1264966211708725,060300050201,2009-07-06 03:00:00+00:00,5,127.12245178222656,0.8915270185596477,031402010102,2009-07-07 00:00:00+00:00,0,1.5170185148264075,2009-07-05 13:00:00+00:00,6,23,5,17,237,AL-RF-20090705-0237,10.0,0.7227440944681971,23,10–25-year,Convective,Organized or localized severe convection,,Medium,23 convective/heavy-rain NOAA Storm Events records; Rx3h/Rx24h=0.76.,,,24,Flash Flood; Flood; Hail; Lightning; Thunderstorm Wind,2,23,0,0.34001796682628993,0.7645545830949972,0.938200763506373,0.8958242834046944
ALRF-2009-011,2009,2009-07-13 05:00:00+00:00,2009-07-13 19:00:00+00:00,2009-07-12 17:00:00+00:00,2009-07-14 07:00:00+00:00,59.26917266845703,1.428980118701203,060300050601,2009-07-13 05:00:00+00:00,6,68.94223022460938,1.2046822173395417,031501060204,2009-07-13 08:00:00+00:00,9,72.4998779296875,1.0420745080896248,031501060202,2009-07-13 09:00:00+00:00,4,111.70025634765625,1.0632447646762093,031502020104,2009-07-13 14:00:00+00:00,3,111.74479675292969,0.830677775071719,031502020104,2009-07-13 20:00:00+00:00,0,1.428980118701203,2009-07-13 05:00:00+00:00,1,13,5,5,238,AL-RF-20090713-0238,10.0,0.6735319251959306,13,10–25-year,Convective,Organized or localized severe convection,,Medium,19 convective/heavy-rain NOAA Storm Events records; Rx3h/Rx24h=0.62.,,,19,Flash Flood; Hail; Thunderstorm Wind,3,19,0,0.5306091015940685,0.6172074485669339,0.6490573996897432,0.9996014095817641
ALRF-2009-012,2009,2009-07-29 13:00:00+00:00,2009-07-29 13:00:00+00:00,2009-07-29 01:00:00+00:00,2009-07-30 01:00:00+00:00,49.3372688293457,1.1123335070192606,031601130502,2009-07-29 09:00:00+00:00,2,68.40473937988281,1.1409195859303856,031501070707,2009-07-29 13:00:00+00:00,6,85.70757293701172,1.1725583022135018,031501070707,2009-07-29 14:00:00+00:00,3,109.35331726074219,1.0336750274689832,031501070704,2009-07-29 21:00:00+00:00,2,114.14971160888672,0.8335763495776234,031501070707,2009-07-29 21:00:00+00:00,0,1.1725583022135018,2009-07-29 14:00:00+00:00,6,6,2,3,239,AL-RF-20090729-0239,2.0,0.5731383631268876,6,2–5-year,Convective,Organized or localized severe convection,,Medium,25 convective/heavy-rain NOAA Storm Events records; Rx3h/Rx24h=0.63.,,,25,Hail; Lightning; Thunderstorm Wind; Tornado,0,25,0,0.45117304225628435,0.6255387682184206,0.7837674712020896,0.9579815465099158
ALRF-2009-013,2009,2009-08-17 16:00:00+00:00,2009-08-17 16:00:00+00:00,2009-08-17 04:00:00+00:00,2009-08-18 04:00:00+00:00,40.42850112915039,0.9401429038473099,031300030403,2009-08-17 15:00:00+00:00,0,66.11146545410156,1.1115372599718452,031300030403,2009-08-17 16:00:00+00:00,3,72.59009552001953,1.0106752833702226,031300030403,2009-08-17 19:00:00+00:00,1,88.88001251220703,0.868132117487542,031300030403,2009-08-18 00:00:00+00:00,0,94.08517456054688,0.7259556356612047,031300030403,2009-08-18 00:00:00+00:00,0,1.1115372599718452,2009-08-17 16:00:00+00:00,3,3,1,3,240,AL-RF-20090817-0240,2.0,0.5492510686820684,3,2–5-year,Tropical cyclone,Tropical depression,Claudette,High,HURDAT2 track within 241 km of rainfall footprint; track status=TD; 0 matching tropical NOAA Storm Events records.,Claudette,240.90248726180937,1,Flash Flood,1,1,0,0.45486606028096394,0.7438282644820918,0.8167201316499567,0.9446760653561826
ALRF-2009-014,2009,2009-08-20 22:00:00+00:00,2009-08-21 03:00:00+00:00,2009-08-20 10:00:00+00:00,2009-08-21 15:00:00+00:00,58.43402862548828,1.3133029043655513,031601060503,2009-08-20 22:00:00+00:00,8,82.8987808227539,1.3599118153053207,031601120411,2009-08-21 00:00:00+00:00,18,84.19763946533203,1.1441410382943227,031601120411,2009-08-21 01:00:00+00:00,6,84.39445495605469,0.8078158680164388,031601120411,2009-08-21 01:00:00+00:00,0,108.16954803466797,0.8170666893094645,031601120407,2009-08-21 01:00:00+00:00,0,1.3599118153053207,2009-08-21 00:00:00+00:00,3,18,2,14,241,AL-RF-20090821-0241,5.0,0.6642540769517343,18,5–10-year,Convective,Organized or localized severe convection,,Medium,11 convective/heavy-rain NOAA Storm Events records; Rx3h/Rx24h=0.98.,Bill,1695.130974946729,11,Flash Flood; Lightning; Thunderstorm Wind,8,11,0,0.6923918005740503,0.9822775781408909,0.9976679096887925,0.7802053025959446
ALRF-2009-015,2009,2009-09-17 17:00:00+00:00,2009-09-18 06:00:00+00:00,2009-09-17 05:00:00+00:00,2009-09-18 18:00:00+00:00,64.05854034423828,1.4811646688492048,031502020102,2009-09-18 01:00:00+00:00,3,105.60029602050781,1.754702338910368,031502020102,2009-09-18 02:00:00+00:00,8,112.69523620605469,1.546993000650855,031502020102,2009-09-18 05:00:00+00:00,10,115.50048065185547,1.1028957869394844,031502020102,2009-09-18 10:00:00+00:00,4,133.31405639648438,0.9949820261809658,031502020102,2009-09-18 10:00:00+00:00,0,1.754702338910368,2009-09-18 02:00:00+00:00,3,11,4,6,242,AL-RF-20090918-0242,25.0,0.8509669417026092,11,25–50-year,Convective,Organized or localized severe convection,,Medium,47 convective/heavy-rain NOAA Storm Events records; Rx3h/Rx24h=0.91.,Fred,1773.725980989495,48,Flash Flood; Flood; Heavy Rain; Thunderstorm Wind; Tornado,45,47,0,0.554617088887493,0.9142844724500407,0.9757122703735197,0.8663788633686892
ALRF-2009-016,2009,2009-09-19 04:00:00+00:00,2009-09-24 06:00:00+00:00,2009-09-18 16:00:00+00:00,2009-09-24 18:00:00+00:00,62.358787536621094,1.41352513997774,031601130102,2009-09-21 04:00:00+00:00,27,111.52606964111328,2.073887216122176,031501050701,2009-09-21 02:00:00+00:00,87,146.5725860595703,1.9988567420332832,031502020505,2009-09-21 09:00:00+00:00,85,218.67926025390625,2.082789435704288,031601130102,2009-09-22 01:00:00+00:00,109,264.8459167480469,1.967995569912253,031502020505,2009-09-21 20:00:00+00:00,182,2.082789435704288,2009-09-22 01:00:00+00:00,24,197,13,164,243,AL-RF-20090922-0243,50.0,0.9695524995208664,197,50–100-year,Frontal/extratropical candidate,Prolonged or widespread non-tropical rainfall,,Medium–low,No nearby HURDAT2 system; 54 flood/heavy-rain NOAA records; affected HUCs=197; Rx24h/Rx72h=0.83.,Fred,1607.6664796595294,56,Flash Flood; Flood; Hail; Heavy Rain,54,52,0,0.28516095885918463,0.5099983853595512,0.6702628584411086,0.8256848470197112
ALRF-2009-017,2009,2009-09-26 17:00:00+00:00,2009-09-26 23:00:00+00:00,2009-09-26 05:00:00+00:00,2009-09-27 11:00:00+00:00,72.19013214111328,1.7122230129031561,031501090204,2009-09-26 21:00:00+00:00,7,80.7296371459961,1.3689776087046863,031501090204,2009-09-26 22:00:00+00:00,8,85.68228912353516,1.1585870542421632,031601090503,2009-09-26 19:00:00+00:00,7,88.14141082763672,0.8365505167522256,031601090503,2009-09-26 20:00:00+00:00,0,97.83078002929688,0.7131827250677497,031601050404,2009-09-26 18:00:00+00:00,0,1.7122230129031561,2009-09-26 21:00:00+00:00,1,12,4,6,244,AL-RF-20090926-0244,25.0,0.860285367362112,12,25–50-year,Convective,Organized or localized severe convection,,Medium,7 convective/heavy-rain NOAA Storm Events records; Rx3h/Rx24h=0.92.,Grace,3714.1404806790338,10,Flash Flood; Flood; Hail; Thunderstorm Wind,8,7,0,0.819026283596519,0.9159104260750422,0.9721002684094715,0.900957866238432
ALRF-2009-018,2009,2009-10-07 09:00:00+00:00,2009-10-07 09:00:00+00:00,2009-10-06 21:00:00+00:00,2009-10-07 21:00:00+00:00,43.54821014404297,1.1208428807875013,031501050703,2009-10-07 08:00:00+00:00,2,59.99672317504883,1.1374980247354842,031501050703,2009-10-07 09:00:00+00:00,4,67.44450378417969,0.9410499661751408,031501080404,2009-10-07 11:00:00+00:00,0,67.44450378417969,0.6479474883577481,031501080404,2009-10-07 11:00:00+00:00,0,102.28512573242188,0.7846101980746106,031501060512,2009-10-07 11:00:00+00:00,0,1.1374980247354842,2009-10-07 09:00:00+00:00,3,5,3,3,245,AL-RF-20091007-0245,2.0,0.5280170315827059,5,2–5-year,Convective candidate,Thunderstorm-associated rainfall,,Low,1 convective/heavy-rain NOAA Storm Events records; rainfall duration signature was not decisive.,Henri,2616.176491313063,1,Tornado,0,1,0,0.6456895328846348,0.8895717190986604,1.0,0.6593774344142145
ALRF-2009-019,2009,2009-10-12 12:00:00+00:00,2009-10-12 19:00:00+00:00,2009-10-12 00:00:00+00:00,2009-10-13 07:00:00+00:00,53.600990295410156,1.2699158837219287,031300020902,2009-10-12 15:00:00+00:00,18,74.8956069946289,1.2857788469330216,031501090304,2009-10-12 16:00:00+00:00,31,80.02955627441406,1.1295872010638732,031501060405,2009-10-12 13:00:00+00:00,17,82.22712707519531,0.8147838914378762,031501060405,2009-10-12 22:00:00+00:00,0,95.92341613769531,0.7254923191662849,031501090304,2009-10-12 20:00:00+00:00,0,1.2857788469330216,2009-10-12 16:00:00+00:00,3,44,5,30,246,AL-RF-20091012-0246,5.0,0.6429214838756522,44,5–10-year,Convective,Organized or localized severe convection,,Medium,6 convective/heavy-rain NOAA Storm Events records; Rx3h/Rx24h=0.91.,Henri,1925.644849973994,8,Flash Flood; Strong Wind; Thunderstorm Wind,4,6,0,0.6518650499170786,0.9108381827099242,0.9732743818378622,0.8572164168669789
ALRF-2009-020,2009,2009-10-23 10:00:00+00:00,2009-10-23 10:00:00+00:00,2009-10-22 22:00:00+00:00,2009-10-23 22:00:00+00:00,47.836910247802734,1.1289776280459496,031601030305,2009-10-23 09:00:00+00:00,2,67.19336700439453,1.1350865825325456,031601050401,2009-10-23 10:00:00+00:00,3,67.19807434082031,0.9278072939969758,031601050401,2009-10-23 10:00:00+00:00,0,67.19807434082031,0.6356593090345511,031601050401,2009-10-23 10:00:00+00:00,0,79.24877166748047,0.4880502254363235,031402020802,2009-10-23 18:00:00+00:00,0,1.1350865825325456,2009-10-23 10:00:00+00:00,3,3,1,3,247,AL-RF-20091023-0247,2.0,0.5346565055764609,3,2–5-year,Non-tropical heavy rain,Meteorological mechanism unresolved,,Low,1 flood/heavy-rain NOAA Storm Events records; no nearby HURDAT2 track.,,,1,Coastal Flood,1,0,0,0.7118791828048502,0.9999299483434316,1.0,0.8479383708655622
ALRF-2009-021,2009,2009-11-10 05:00:00+00:00,2009-11-13 06:00:00+00:00,2009-11-09 17:00:00+00:00,2009-11-13 18:00:00+00:00,47.18363571166992,0.8657801693518511,031401030302,2009-11-10 06:00:00+00:00,0,90.44503784179688,1.0898905974262953,031401040303,2009-11-10 05:00:00+00:00,13,129.25511169433594,1.2897229685399791,031401040401,2009-11-10 07:00:00+00:00,59,151.04759216308594,1.4556875840403043,031501070105,2009-11-11 03:00:00+00:00,326,154.04698181152344,1.1600651835405669,031501070105,2009-11-11 06:00:00+00:00,47,1.4556875840403043,2009-11-11 03:00:00+00:00,24,346,5,283,248,AL-RF-20091111-0248,10.0,0.6986635646954515,346,10–25-year,Tropical cyclone,Tropical cyclone or remnant,Ida,High,HURDAT2 track within 26 km of rainfall footprint; track status=EX; 34 matching tropical NOAA Storm Events records.,Ida,25.815956178109857,42,Flash Flood; Flood; High Surf; Storm Surge/Tide; Tropical Depression,7,1,34,0.3123759540683429,0.5987850355412714,0.8557244100573237,0.9805293838725951
ALRF-2009-022,2009,2009-12-09 04:00:00+00:00,2009-12-09 17:00:00+00:00,2009-12-08 16:00:00+00:00,2009-12-10 05:00:00+00:00,40.881263732910156,0.9836406466343657,060300021004,2009-12-09 05:00:00+00:00,0,72.43543243408203,1.346975803977815,031501050701,2009-12-09 08:00:00+00:00,22,92.20558166503906,1.3843928620020571,031501050701,2009-12-09 08:00:00+00:00,64,113.19786834716797,1.101580003643622,031501050701,2009-12-09 08:00:00+00:00,13,110.06708526611328,0.8390613971236133,060300040403,2009-12-09 06:00:00+00:00,0,1.3843928620020571,2009-12-09 08:00:00+00:00,6,64,5,48,249,AL-RF-20091209-0249,5.0,0.6560526254210101,64,5–10-year,Convective,Organized or localized severe convection,,Medium,50 convective/heavy-rain NOAA Storm Events records; Rx3h/Rx24h=0.64.,,,54,Flash Flood; Flood; Heavy Rain; Strong Wind; Thunderstorm Wind,18,50,0,0.36114870650683006,0.6399010289834159,0.8145522792200698,1.0284443171497208
ALRF-2009-023,2009,2009-12-13 03:00:00+00:00,2009-12-17 22:00:00+00:00,2009-12-12 15:00:00+00:00,2009-12-18 10:00:00+00:00,54.071311950683594,0.9356634058547001,031401060201,2009-12-15 00:00:00+00:00,0,144.2056427001953,1.80139749427343,031401060301,2009-12-15 02:00:00+00:00,25,194.39871215820312,2.003532406886457,031401060301,2009-12-15 02:00:00+00:00,38,215.35195922851562,1.575585640033127,031401060301,2009-12-15 18:00:00+00:00,62,305.7995910644531,1.7915914702047981,031401060301,2009-12-15 07:00:00+00:00,315,2.003532406886457,2009-12-15 02:00:00+00:00,6,315,2,314,250,AL-RF-20091215-0250,25.0,0.8412911403531887,315,25–50-year,Convective,Organized or localized severe convection,,Medium,29 convective/heavy-rain NOAA Storm Events records; Rx3h/Rx24h=0.67.,,,36,Flash Flood; Flood; Thunderstorm Wind; Tornado,32,29,0,0.25108344565050883,0.6696277257787793,0.9027023151060425,0.7042257920584534
ALRF-2010-001,2010,2010-01-21 07:00:00+00:00,2010-01-22 00:00:00+00:00,2010-01-20 19:00:00+00:00,2010-01-22 12:00:00+00:00,47.5157470703125,0.7775855250810573,031602050103,2010-01-21 03:00:00+00:00,0,84.73973083496094,1.2471867259571048,031300040801,2010-01-21 13:00:00+00:00,5,105.79788208007812,1.3066439075249332,031300040801,2010-01-21 16:00:00+00:00,17,175.89479064941406,1.2091469757436693,031401060501,2010-01-21 13:00:00+00:00,25,175.89479064941406,0.9617992841785835,031401060501,2010-01-21 13:00:00+00:00,0,1.3066439075249332,2010-01-21 16:00:00+00:00,6,29,6,18,251,AL-RF-20100121-0251,5.0,0.5766730532669162,29,5–10-year,Convective candidate,Thunderstorm-associated rainfall,,Low,13 convective/heavy-rain NOAA Storm Events records; rainfall duration signature was not decisive.,,,15,Debris Flow; Flash Flood; Flood; Thunderstorm Wind; Tornado,10,13,0,0.27013731842132177,0.4817637322975672,0.6014838852786147,1.0
ALRF-2010-002,2010,2010-01-24 15:00:00+00:00,2010-01-24 22:00:00+00:00,2010-01-24 03:00:00+00:00,2010-01-25 10:00:00+00:00,55.55118179321289,1.2787810174353842,031502020702,2010-01-24 15:00:00+00:00,5,73.90955352783203,1.241332781184981,031502020703,2010-01-24 17:00:00+00:00,13,83.90190887451172,1.1668264407130178,031502020703,2010-01-24 18:00:00+00:00,17,87.52191925048828,0.8408336420721917,031501080404,2010-01-25 01:00:00+00:00,0,113.0840835571289,0.8039114521644102,031300040801,2010-01-24 03:00:00+00:00,0,1.2787810174353842,2010-01-24 15:00:00+00:00,1,23,7,13,252,AL-RF-20100124-0252,5.0,0.6436678484064114,23,5–10-year,Convective,Organized or localized severe convection,,Medium,17 convective/heavy-rain NOAA Storm Events records; Rx3h/Rx24h=0.84.,,,17,Flash Flood; Hail; Thunderstorm Wind,5,17,0,0.6347116501664578,0.8444690674150144,0.9586388140596407,0.7739543576552319
ALRF-2010-003,2010,2010-02-05 11:00:00+00:00,2010-02-05 15:00:00+00:00,2010-02-04 23:00:00+00:00,2010-02-06 03:00:00+00:00,32.19501876831055,0.5491564489749936,031602040105,2010-02-05 04:00:00+00:00,0,44.371559143066406,0.7460476481811154,031601110102,2010-02-05 06:00:00+00:00,0,60.097408294677734,0.8311173709621154,031601110102,2010-02-05 08:00:00+00:00,0,113.59374237060547,1.093918704879876,031601110102,2010-02-05 15:00:00+00:00,4,115.58766174316406,0.8747293703814367,031601110102,2010-02-06 03:00:00+00:00,0,1.093918704879876,2010-02-05 15:00:00+00:00,24,4,1,4,253,AL-RF-20100205-0253,2.0,0.5062805200240263,4,2–5-year,Convective candidate,Thunderstorm-associated rainfall,,Low,1 convective/heavy-rain NOAA Storm Events records; rainfall duration signature was not decisive.,,,5,Flash Flood; Flood; High Wind,4,1,0,0.28342246761509654,0.39061622776985283,0.5290556243723957,0.9827497213587633
ALRF-2010-004,2010,2010-03-10 18:00:00+00:00,2010-03-13 08:00:00+00:00,2010-03-10 06:00:00+00:00,2010-03-13 20:00:00+00:00,32.659324645996094,0.8083423960408895,031501050801,2010-03-12 17:00:00+00:00,0,64.67154693603516,0.9797549513050274,031403020402,2010-03-11 07:00:00+00:00,0,72.71505737304688,1.0085991177284408,031501070303,2010-03-10 14:00:00+00:00,2,133.5560302734375,1.3040528549793342,031501060802,2010-03-11 05:00:00+00:00,119,158.34701538085938,1.1677422578589913,031502020407,2010-03-12 15:00:00+00:00,62,1.3040528549793342,2010-03-11 05:00:00+00:00,24,124,3,120,254,AL-RF-20100311-0254,5.0,0.6171714782503357,124,5–10-year,Frontal/extratropical candidate,Prolonged or widespread non-tropical rainfall,,Medium–low,No nearby HURDAT2 system; 6 flood/heavy-rain NOAA records; affected HUCs=124; Rx24h/Rx72h=0.84.,,,63,Flash Flood; Flood; Hail; Lightning; Thunderstorm Wind; Tornado,6,60,0,0.24453650336215177,0.4842278315971889,0.5444535692186482,0.8434388861211302
ALRF-2010-005,2010,2010-04-25 00:00:00+00:00,2010-04-27 01:00:00+00:00,2010-04-24 12:00:00+00:00,2010-04-27 13:00:00+00:00,42.178794860839844,1.0855969001618249,031501050703,2010-04-25 05:00:00+00:00,3,61.455726623535156,1.127451247065614,031501050702,2010-04-25 06:00:00+00:00,6,77.0154037475586,1.0635189164316328,031601090106,2010-04-25 04:00:00+00:00,5,129.13658142089844,1.2401038968891969,031601090105,2010-04-25 04:00:00+00:00,25,145.26837158203125,1.094939628316591,031601090105,2010-04-25 05:00:00+00:00,12,1.2401038968891969,2010-04-25 04:00:00+00:00,24,27,4,21,255,AL-RF-20100425-0255,5.0,0.5994310284383666,27,5–10-year,Convective candidate,Thunderstorm-associated rainfall,,Low,64 convective/heavy-rain NOAA Storm Events records; rainfall duration signature was not decisive.,,,64,Flash Flood; Hail; Lightning; Thunderstorm Wind; Tornado,6,64,0,0.326621584656677,0.47589711565331594,0.5963871964098241,0.8889518070213694
ALRF-2010-006,2010,2010-05-01 21:00:00+00:00,2010-05-01 22:00:00+00:00,2010-05-01 09:00:00+00:00,2010-05-02 10:00:00+00:00,49.84476089477539,1.192710969637158,060300050902,2010-05-01 21:00:00+00:00,3,61.92445373535156,1.0636649283572226,060300050902,2010-05-01 22:00:00+00:00,3,63.48830795288086,0.8996620387373122,060300050902,2010-05-01 22:00:00+00:00,0,76.78862762451172,0.762144690871527,060300050507,2010-05-02 03:00:00+00:00,0,77.51038360595703,0.5949929190169304,060300050902,2010-05-02 10:00:00+00:00,0,1.192710969637158,2010-05-01 21:00:00+00:00,1,5,1,5,256,AL-RF-20100501-0256,2.0,0.5679528930875837,5,2–5-year,Convective,Organized or localized severe convection,,Medium,47 convective/heavy-rain NOAA Storm Events records; Rx3h/Rx24h=0.81.,,,55,Flash Flood; Flood; Funnel Cloud; Hail; Thunderstorm Wind,37,47,0,0.6491164438894651,0.806427405346474,0.8267931061788469,0.9906882671989532
ALRF-2010-007,2010,2010-05-02 16:00:00+00:00,2010-05-06 04:00:00+00:00,2010-05-02 04:00:00+00:00,2010-05-06 16:00:00+00:00,54.454471588134766,1.2934841722550585,031601090105,2010-05-03 04:00:00+00:00,11,99.05078125,1.658471394086767,031501070704,2010-05-03 08:00:00+00:00,102,130.51596069335938,1.7919280608202721,031501070704,2010-05-03 11:00:00+00:00,260,202.26258850097656,1.9870621013131746,060300051203,2010-05-02 19:00:00+00:00,109,216.9587860107422,1.6593164727060432,060300051203,2010-05-02 23:00:00+00:00,19,1.9870621013131746,2010-05-02 19:00:00+00:00,24,272,20,110,257,AL-RF-20100502-0257,50.0,0.9144107874955913,272,50–100-year,Frontal/extratropical candidate,Prolonged or widespread non-tropical rainfall,,Medium–low,No nearby HURDAT2 system; 37 flood/heavy-rain NOAA records; affected HUCs=272; Rx24h/Rx72h=0.93.,,,55,Flash Flood; Flood; Funnel Cloud; Hail; Thunderstorm Wind,37,47,0,0.26922661274985044,0.48971380216229043,0.6452797902995749,0.9322627224276689
ALRF-2010-008,2010,2010-07-26 21:00:00+00:00,2010-07-27 08:00:00+00:00,2010-07-26 09:00:00+00:00,2010-07-27 20:00:00+00:00,62.60279083251953,1.6112692620423792,031501050703,2010-07-26 21:00:00+00:00,8,72.1034164428711,1.3670328884653984,031501050703,2010-07-26 23:00:00+00:00,17,75.33686065673828,1.1536948272266072,031501050703,2010-07-27 01:00:00+00:00,8,80.95999908447266,0.7772032431228351,031601120504,2010-07-27 19:00:00+00:00,0,81.48601531982422,0.6170829497691261,031601120504,2010-07-27 19:00:00+00:00,0,1.6112692620423792,2010-07-26 21:00:00+00:00,1,19,3,11,258,AL-RF-20100726-0258,10.0,0.7299170152603301,19,10–25-year,Tropical cyclone,Tropical cyclone or remnant,Bonnie,High,HURDAT2 track within 468 km of rainfall footprint; track status=LO; 0 matching tropical NOAA Storm Events records.,Bonnie,468.3406691799025,28,Flash Flood; Hail; Heat; Heavy Rain; Lightning; Thunderstorm Wind,4,17,0,0.7732558243633446,0.8906054503241692,0.930544238002433,0.9935447053916306
ALRF-2010-009,2010,2010-08-14 15:00:00+00:00,2010-08-14 16:00:00+00:00,2010-08-14 03:00:00+00:00,2010-08-15 04:00:00+00:00,45.2025260925293,1.0473793760134185,031501070202,2010-08-14 14:00:00+00:00,1,71.3505859375,1.1903034969187825,031501070201,2010-08-14 15:00:00+00:00,8,91.14387512207031,1.2561263381432157,031501070201,2010-08-14 17:00:00+00:00,3,107.45903015136719,1.0245362573150925,031501070201,2010-08-15 00:00:00+00:00,2,108.86100769042969,0.810169040121894,031501070202,2010-08-15 02:00:00+00:00,0,1.2561263381432157,2010-08-14 17:00:00+00:00,6,9,6,4,259,AL-RF-20100814-0259,5.0,0.5696014869390174,9,5–10-year,Tropical cyclone,Tropical cyclone or remnant,Five,High,HURDAT2 track within 27 km of rainfall footprint; track status=LO; 0 matching tropical NOAA Storm Events records.,Five,27.085120185373377,60,Excessive Heat; Flash Flood; Heat; Heavy Rain; Lightning; Thunderstorm Wind,3,30,0,0.4206489303770642,0.6639794332500052,0.8481732525752811,0.9871213984804428
ALRF-2010-010,2010,2010-08-17 12:00:00+00:00,2010-08-20 11:00:00+00:00,2010-08-17 00:00:00+00:00,2010-08-20 23:00:00+00:00,57.658748626708984,1.408845572918629,060300010605,2010-08-17 12:00:00+00:00,9,139.86349487304688,2.464267170004426,060300010602,2010-08-17 14:00:00+00:00,14,172.5972442626953,2.5037786650265224,060300010602,2010-08-17 16:00:00+00:00,14,172.81285095214844,1.7093047957090322,060300010602,2010-08-17 16:00:00+00:00,8,180.85169982910156,1.3922319326659809,060300010602,2010-08-17 16:00:00+00:00,3,2.5037786650265224,2010-08-17 16:00:00+00:00,6,16,3,14,260,AL-RF-20100817-0260,500.0,1.2536662183062017,16,500–1000-year,Tropical cyclone,Tropical cyclone or remnant,Five,High,HURDAT2 track within 154 km of rainfall footprint; track status=LO; 0 matching tropical NOAA Storm Events records.,Five,153.54938903794073,26,Flash Flood; Heat; Heavy Rain; Lightning; Thunderstorm Wind,6,11,0,0.33364850072796143,0.809335035574263,0.9987523688877002,0.9555500507623121
ALRF-2010-011,2010,2010-10-25 07:00:00+00:00,2010-10-25 12:00:00+00:00,2010-10-24 19:00:00+00:00,2010-10-26 00:00:00+00:00,38.987579345703125,1.0133164339201763,060300010302,2010-10-25 09:00:00+00:00,1,79.09842681884766,1.3601563629947464,060300020903,2010-10-25 09:00:00+00:00,27,88.7138900756836,1.3682543475981568,060300010302,2010-10-25 11:00:00+00:00,29,98.25763702392578,0.971809162082655,060300020503,2010-10-25 18:00:00+00:00,0,98.25763702392578,0.764544258582829,060300020503,2010-10-25 18:00:00+00:00,0,1.3682543475981568,2010-10-25 11:00:00+00:00,6,33,2,27,261,AL-RF-20101025-0261,5.0,0.6608558161108278,33,5–10-year,Convective,Organized or localized severe convection,,Medium,114 convective/heavy-rain NOAA Storm Events records; Rx3h/Rx24h=0.81.,Richard,1668.9592853560086,147,Drought; Hail; Lightning; Strong Wind; Thunderstorm Wind; Tornado,0,114,0,0.3967893033720079,0.8050104726168731,0.9028701764330209,1.0
ALRF-2010-012,2010,2010-10-27 03:00:00+00:00,2010-10-28 13:00:00+00:00,2010-10-26 15:00:00+00:00,2010-10-29 01:00:00+00:00,40.79915237426758,0.9829581315326825,031501060107,2010-10-27 03:00:00+00:00,0,72.72758483886719,1.245795472330995,031501090102,2010-10-27 16:00:00+00:00,12,91.1611557006836,1.267113078037437,031501090102,2010-10-27 19:00:00+00:00,7,132.63714599609375,1.2482567469123445,031501090102,2010-10-28 07:00:00+00:00,3,152.03787231445312,1.129137584037361,031501090102,2010-10-28 04:00:00+00:00,4,1.267113078037437,2010-10-27 19:00:00+00:00,6,12,3,8,262,AL-RF-20101027-0262,5.0,0.6007573610727307,12,5–10-year,Convective candidate,Thunderstorm-associated rainfall,,Low,27 convective/heavy-rain NOAA Storm Events records; rainfall duration signature was not decisive.,Richard,1442.1049285868746,60,Drought; Hail; Lightning; Strong Wind; Thunderstorm Wind; Tornado,0,27,0,0.3075997456660379,0.5483198865045623,0.6872973254669423,0.8723954365907349
ALRF-2010-013,2010,2010-11-15 17:00:00+00:00,2010-11-16 04:00:00+00:00,2010-11-15 05:00:00+00:00,2010-11-16 16:00:00+00:00,53.07170486450195,0.8926765599464973,031401060202,2010-11-15 18:00:00+00:00,0,79.08748626708984,0.9271673483855587,031401060202,2010-11-15 20:00:00+00:00,0,78.80342864990234,1.0803770368962753,031502010603,2010-11-15 17:00:00+00:00,6,111.53828430175781,1.041465510784232,031502010601,2010-11-15 20:00:00+00:00,3,116.20775604248047,0.8513357986489096,031502010601,2010-11-16 13:00:00+00:00,0,1.0803770368962753,2010-11-15 17:00:00+00:00,6,9,2,8,263,AL-RF-20101115-0263,2.0,0.4957417285233813,9,2–5-year,Convective,Organized or localized severe convection,,Medium,3 convective/heavy-rain NOAA Storm Events records; Rx3h/Rx24h=0.71.,,,20,Drought; Strong Wind; Thunderstorm Wind,0,3,0,0.4758160410726845,0.7090613484167019,0.7065146209054645,0.9598178994264746
ALRF-2010-014,2010,2010-11-30 09:00:00+00:00,2010-12-03 07:00:00+00:00,2010-11-29 21:00:00+00:00,2010-12-03 19:00:00+00:00,45.58201599121094,1.1103935278554655,060300021008,2010-11-30 09:00:00+00:00,5,92.83653259277344,1.5963933241506856,060300020903,2010-11-30 13:00:00+00:00,60,119.96349334716797,1.6795511837789958,060300020903,2010-11-30 13:00:00+00:00,99,137.820068359375,1.3616573319593688,060300020903,2010-11-30 22:00:00+00:00,83,141.71678161621094,1.1019566895612278,060300020903,2010-12-01 00:00:00+00:00,20,1.6795511837789958,2010-11-30 13:00:00+00:00,6,108,3,92,264,AL-RF-20101130-0264,25.0,0.8321847819275984,108,25–50-year,Convective,Organized or localized severe convection,,Medium,34 convective/heavy-rain NOAA Storm Events records; Rx3h/Rx24h=0.67.,,,84,Drought; Flash Flood; High Wind; Strong Wind; Thunderstorm Wind; Tornado,6,34,0,0.3307356942557364,0.673606780913038,0.8704355960291297,0.972503515727666
ALRF-2010-015,2010,2010-12-12 01:00:00+00:00,2010-12-12 07:00:00+00:00,2010-12-11 13:00:00+00:00,2010-12-12 19:00:00+00:00,46.851478576660156,1.0850413658672742,031601100105,2010-12-12 02:00:00+00:00,6,88.98649597167969,1.456610671730377,031601100305,2010-12-12 04:00:00+00:00,22,92.04814147949219,1.2680316349061567,060300060303,2010-12-12 01:00:00+00:00,15,105.69190979003906,1.01418477933551,060300060303,2010-12-12 03:00:00+00:00,1,105.69190979003906,0.7858563201968847,060300060303,2010-12-12 03:00:00+00:00,0,1.456610671730377,2010-12-12 04:00:00+00:00,3,24,4,16,265,AL-RF-20101212-0265,10.0,0.7196932762333696,24,10–25-year,Convective,Organized or localized severe convection,,Medium,2 convective/heavy-rain NOAA Storm Events records; Rx3h/Rx24h=0.84.,,,27,Drought; Thunderstorm Wind; Winter Weather,0,2,0,0.44328348943388735,0.8419423600960063,0.8709100030678721,1.0
ALRF-2012-001,2012,2012-01-21 17:00:00+00:00,2012-01-21 19:00:00+00:00,2012-01-21 05:00:00+00:00,2012-01-22 07:00:00+00:00,43.18491744995117,1.0109784559935926,031501070303,2012-01-21 16:00:00+00:00,1,75.06868743896484,1.2671426777995,031501070102,2012-01-21 17:00:00+00:00,8,87.57655334472656,1.2144059091232855,031501070102,2012-01-21 18:00:00+00:00,4,91.30142211914062,0.878073108967018,031501070102,2012-01-21 18:00:00+00:00,0,91.41452026367188,0.6839851013420425,031501070102,2012-01-21 18:00:00+00:00,0,1.2671426777995,2012-01-21 17:00:00+00:00,3,8,1,8,266,AL-RF-20120121-0266,5.0,0.5830666490394965,8,5–10-year,Convective,Organized or localized severe convection,,Medium,31 convective/heavy-rain NOAA Storm Events records; Rx3h/Rx24h=0.82.,,,50,Drought; Flash Flood; Hail; Heavy Rain; Thunderstorm Wind; Tornado,5,31,0,0.47299282363420925,0.8222072087881234,0.9592025108923996,0.9987627989054142
ALRF-2012-002,2012,2012-01-23 10:00:00+00:00,2012-01-23 15:00:00+00:00,2012-01-22 22:00:00+00:00,2012-01-24 03:00:00+00:00,51.08165740966797,1.0926009891897908,031403010104,2012-01-22 22:00:00+00:00,2,91.84821319580078,1.5857232310637321,060300010604,2012-01-23 11:00:00+00:00,45,105.19950866699219,1.4904669219078501,060300010604,2012-01-23 13:00:00+00:00,24,105.19950866699219,1.0305910856009801,060300010604,2012-01-23 13:00:00+00:00,1,117.72759246826172,0.9019266255478512,060300010604,2012-01-23 13:00:00+00:00,0,1.5857232310637321,2012-01-23 11:00:00+00:00,3,47,6,39,267,AL-RF-20120123-0267,10.0,0.7933244682594597,47,10–25-year,Convective,Organized or localized severe convection,,Medium,32 convective/heavy-rain NOAA Storm Events records; Rx3h/Rx24h=0.87.,,,51,Drought; Flash Flood; Hail; Heavy Rain; Thunderstorm Wind; Tornado,8,32,0,0.4855693534783167,0.8730859522029254,1.0,0.8935841331789148
ALRF-2012-003,2012,2012-02-19 00:00:00+00:00,2012-02-19 06:00:00+00:00,2012-02-18 12:00:00+00:00,2012-02-19 18:00:00+00:00,74.90450286865234,1.377600918131274,031402020906,2012-02-19 01:00:00+00:00,19,90.02486419677734,1.1744840768745917,031402020906,2012-02-19 02:00:00+00:00,19,104.92008972167969,1.1434270113530292,031402020906,2012-02-19 05:00:00+00:00,15,112.69495391845703,0.8962723109145943,031402020906,2012-02-19 07:00:00+00:00,0,137.14100646972656,0.9365004512902345,031403040102,2012-02-19 04:00:00+00:00,0,1.377600918131274,2012-02-19 01:00:00+00:00,1,27,5,15,268,AL-RF-20120219-0268,5.0,0.6556118799308823,27,5–10-year,Convective,Organized or localized severe convection,,Medium,11 convective/heavy-rain NOAA Storm Events records; Rx3h/Rx24h=0.80.,,,28,Drought; Hail; Heavy Rain; Lightning; Thunderstorm Wind,1,11,0,0.6646659878209914,0.798836692030744,0.931009651040782,0.8217451280214578
ALRF-2012-004,2012,2012-03-03 07:00:00+00:00,2012-03-04 03:00:00+00:00,2012-03-02 19:00:00+00:00,2012-03-04 15:00:00+00:00,38.95392608642578,0.9164184004806237,031501070601,2012-03-03 07:00:00+00:00,0,70.99592590332031,1.1965539131850271,031501070601,2012-03-03 07:00:00+00:00,5,94.80709075927734,1.3125894934962306,031501070601,2012-03-03 11:00:00+00:00,30,119.83544158935547,1.1397801083377517,031602010402,2012-03-03 23:00:00+00:00,11,132.51316833496094,0.986142826797538,031501070601,2012-03-03 14:00:00+00:00,0,1.3125894934962306,2012-03-03 11:00:00+00:00,6,31,5,22,269,AL-RF-20120303-0269,5.0,0.598659636297495,31,5–10-year,Convective,Organized or localized severe convection,,Medium,138 convective/heavy-rain NOAA Storm Events records; Rx3h/Rx24h=0.59.,,,156,Drought; Funnel Cloud; Hail; Heavy Rain; Thunderstorm Wind; Tornado,1,138,0,0.3250618145165321,0.5924451477936274,0.7911440013227163,0.9043285516080993
ALRF-2012-005,2012,2012-03-23 02:00:00+00:00,2012-03-25 05:00:00+00:00,2012-03-22 14:00:00+00:00,2012-03-25 17:00:00+00:00,60.26776885986328,1.3834647226932049,031502010702,2012-03-23 11:00:00+00:00,11,84.79353332519531,1.4055122791460504,031502010702,2012-03-23 11:00:00+00:00,20,102.32605743408203,1.3971462326159259,031502011201,2012-03-23 11:00:00+00:00,12,137.54193115234375,1.305262707858712,031502011201,2012-03-23 19:00:00+00:00,35,139.7734832763672,1.0484971520212483,031502010807,2012-03-23 22:00:00+00:00,3,1.4055122791460504,2012-03-23 11:00:00+00:00,3,49,7,16,270,AL-RF-20120323-0270,10.0,0.6912982133259857,49,10–25-year,Convective,Organized or localized severe convection,,Medium,13 convective/heavy-rain NOAA Storm Events records; Rx3h/Rx24h=0.62.,,,33,Drought; Flash Flood; Hail; Heavy Rain; Lightning; Thunderstorm Wind; Tornado; Wildfire,8,13,0,0.43817742236809,0.61649224069187,0.743962634352894,0.9840345101823705
ALRF-2012-006,2012,2012-05-02 22:00:00+00:00,2012-05-03 20:00:00+00:00,2012-05-02 10:00:00+00:00,2012-05-04 08:00:00+00:00,52.68788528442383,1.1827260516345592,031501100704,2012-05-03 19:00:00+00:00,1,125.49324035644531,1.4851862417259307,031602040304,2012-05-02 23:00:00+00:00,8,150.1295166015625,1.4555796583448657,031602040304,2012-05-03 01:00:00+00:00,10,180.5600128173828,1.238213432806411,031602040304,2012-05-03 09:00:00+00:00,6,180.56158447265625,0.9860059612097783,031602040304,2012-05-03 20:00:00+00:00,0,1.4851862417259307,2012-05-02 23:00:00+00:00,3,11,3,8,271,AL-RF-20120502-0271,10.0,0.6791436027730581,11,10–25-year,Convective,Organized or localized severe convection,,Medium,6 convective/heavy-rain NOAA Storm Events records; Rx3h/Rx24h=0.70.,,,26,Drought; Flash Flood; Hail; Heat,4,6,0,0.29180262264221263,0.6950223274705255,0.8314660276049187,0.9999912957383597
ALRF-2012-007,2012,2012-05-13 01:00:00+00:00,2012-05-13 02:00:00+00:00,2012-05-12 13:00:00+00:00,2012-05-13 14:00:00+00:00,39.024208068847656,0.837259228348158,031602010201,2012-05-13 00:00:00+00:00,0,60.962188720703125,0.9677636882012005,031601060608,2012-05-12 23:00:00+00:00,0,82.63615417480469,1.090576794132939,031601060608,2012-05-13 02:00:00+00:00,7,85.75310516357422,0.8156467330643633,031601060608,2012-05-13 05:00:00+00:00,0,85.75310516357422,0.6544281380552068,031601060608,2012-05-13 05:00:00+00:00,0,1.090576794132939,2012-05-13 02:00:00+00:00,6,7,2,4,272,AL-RF-20120513-0272,2.0,0.5317233664765155,7,2–5-year,Convective,Organized or localized severe convection,,Medium,2 convective/heavy-rain NOAA Storm Events records; Rx3h/Rx24h=0.71.,,,23,Drought; Funnel Cloud; Thunderstorm Wind; Tornado,0,2,0,0.45507632632554706,0.7109035714149082,0.9636520335581558,1.0
ALRF-2012-008,2012,2012-06-09 14:00:00+00:00,2012-06-13 17:00:00+00:00,2012-06-09 02:00:00+00:00,2012-06-14 05:00:00+00:00,67.08089447021484,1.2347225165583824,031402030104,2012-06-09 22:00:00+00:00,4,144.431884765625,1.6242895405960005,031401070103,2012-06-09 16:00:00+00:00,33,211.4207000732422,1.949032734579391,031401070103,2012-06-09 17:00:00+00:00,57,286.3855285644531,1.9204914276550475,031700090102,2012-06-09 20:00:00+00:00,76,357.979736328125,1.9485801930968336,031602050103,2012-06-10 23:00:00+00:00,149,1.949032734579391,2012-06-09 17:00:00+00:00,6,155,7,88,273,AL-RF-20120609-0273,25.0,0.846205173398624,155,25–50-year,Frontal/extratropical candidate,Prolonged or widespread non-tropical rainfall,,Medium–low,No nearby HURDAT2 system; 9 flood/heavy-rain NOAA records; affected HUCs=155; Rx24h/Rx72h=0.80.,,,119,Drought; Flash Flood; Funnel Cloud; Hail; Heavy Rain; Lightning; Thunderstorm Wind; Tornado,9,100,0,0.23423283573882753,0.5043267566263201,0.7382380706630588,0.8000048592190467
ALRF-2012-009,2012,2012-07-12 15:00:00+00:00,2012-07-13 22:00:00+00:00,2012-07-12 03:00:00+00:00,2012-07-14 10:00:00+00:00,40.614402770996094,0.9805412756498105,031501080403,2012-07-12 23:00:00+00:00,0,46.80984115600586,0.8585077442933176,031501050301,2012-07-13 00:00:00+00:00,0,54.29946517944336,0.7768021641858673,060300021204,2012-07-12 17:00:00+00:00,0,86.14247131347656,0.7903062740446216,031601100104,2012-07-12 18:00:00+00:00,0,144.272216796875,1.1086801164962745,060300020604,2012-07-13 05:00:00+00:00,8,1.1086801164962745,2012-07-13 05:00:00+00:00,72,8,2,6,274,AL-RF-20120713-0274,2.0,0.5604621277966008,8,2–5-year,Convective candidate,Thunderstorm-associated rainfall,,Low,8 convective/heavy-rain NOAA Storm Events records; rainfall duration signature was not decisive.,,,37,Drought; Lightning; Thunderstorm Wind,0,8,0,0.47147942416463007,0.5434002582264283,0.6303448734578907,0.5970828841894003
ALRF-2012-010,2012,2012-07-21 10:00:00+00:00,2012-07-21 13:00:00+00:00,2012-07-20 22:00:00+00:00,2012-07-22 01:00:00+00:00,48.786529541015625,1.1454455234473357,031601050301,2012-07-21 09:00:00+00:00,3,67.34043884277344,1.1084685605512756,031601060301,2012-07-21 10:00:00+00:00,4,76.20560455322266,1.0334493795176227,031601060304,2012-07-21 13:00:00+00:00,3,79.5690689086914,0.7743228428077445,031501050701,2012-07-21 08:00:00+00:00,0,132.3414306640625,0.9953917543208624,031601060304,2012-07-21 13:00:00+00:00,0,1.1454455234473357,2012-07-21 09:00:00+00:00,1,5,3,3,275,AL-RF-20120721-0275,2.0,0.5324964633533389,5,2–5-year,Convective candidate,Thunderstorm-associated rainfall,,Low,1 convective/heavy-rain NOAA Storm Events records; rainfall duration signature was not decisive.,,,27,Drought; Hail,0,1,0,0.6131343524579892,0.8463142747095508,0.9577289969381386,0.601240809544146
ALRF-2012-011,2012,2012-07-31 07:00:00+00:00,2012-08-03 08:00:00+00:00,2012-07-30 19:00:00+00:00,2012-08-03 20:00:00+00:00,104.53805541992188,2.4100715384786957,031502020201,2012-07-31 08:00:00+00:00,60,153.48118591308594,2.552790882674715,031502020201,2012-07-31 09:00:00+00:00,97,201.79425048828125,2.7771404044628474,031502020201,2012-07-31 12:00:00+00:00,126,244.34463500976562,2.337572665803008,031501070204,2012-07-31 16:00:00+00:00,75,244.379150390625,1.8268895266708534,031501070204,2012-08-02 21:00:00+00:00,46,2.7771404044628474,2012-07-31 12:00:00+00:00,6,140,3,133,276,AL-RF-20120731-0276,200.0,1.2497498775492804,140,200–500-year,Convective,Organized or localized severe convection,,Medium,72 convective/heavy-rain NOAA Storm Events records; Rx3h/Rx24h=0.63.,Ernesto,2192.8122829216413,140,Drought; Flash Flood; Flood; Hail; Heat; Heavy Rain; Lightning; Thunderstorm Wind,17,72,0,0.4278303692476974,0.6281340529819769,0.8258591414549218,0.9998587629885601
ALRF-2012-012,2012,2012-08-07 09:00:00+00:00,2012-08-10 10:00:00+00:00,2012-08-06 21:00:00+00:00,2012-08-10 22:00:00+00:00,46.117042541503906,1.1390505631546937,060300010501,2012-08-09 18:00:00+00:00,9,129.79685974121094,1.6873943991169582,031402011105,2012-08-07 13:00:00+00:00,33,174.26968383789062,1.9299680915154749,031402030103,2012-08-07 14:00:00+00:00,44,228.98269653320312,1.912096208901644,031402010803,2012-08-07 15:00:00+00:00,40,242.7022705078125,1.64009691973337,031402010803,2012-08-08 21:00:00+00:00,37,1.9299680915154749,2012-08-07 14:00:00+00:00,6,60,6,46,277,AL-RF-20120807-0277,25.0,0.7821646587729669,60,25–50-year,Convective,Organized or localized severe convection,,Medium,20 convective/heavy-rain NOAA Storm Events records; Rx3h/Rx24h=0.57.,Ernesto,1334.1023914286063,43,Drought; Flash Flood; Hail; Heavy Rain; Lightning; Thunderstorm Wind,10,20,0,0.2013996832062671,0.5668413452471944,0.7610604926762273,0.9434715878598765
ALRF-2012-013,2012,2012-08-29 13:00:00+00:00,2012-09-02 08:00:00+00:00,2012-08-29 01:00:00+00:00,2012-09-02 20:00:00+00:00,56.55744171142578,0.959917363012867,031700030402,2012-08-30 05:00:00+00:00,0,83.78459167480469,1.1728828214433815,031700020605,2012-08-30 15:00:00+00:00,7,133.60836791992188,1.5503611417134784,031700020605,2012-08-30 15:00:00+00:00,17,257.90057373046875,2.076511763977836,031700020607,2012-08-30 15:00:00+00:00,42,469.4361267089844,2.5821873751555136,031700080405,2012-08-31 18:00:00+00:00,53,2.5821873751555136,2012-08-31 18:00:00+00:00,72,53,1,53,278,AL-RF-20120831-0278,100.0,1.0455088939316088,53,100–200-year,Tropical cyclone,Hurricane,Isaac,High,HURDAT2 track within 187 km of rainfall footprint; track status=HU; 2 matching tropical NOAA Storm Events records.,Isaac,187.48309526139928,79,Drought; Flash Flood; Heavy Rain; Lightning; Thunderstorm Wind; Tornado; Tropical Storm,9,41,2,0.21929940245318658,0.3248716761769121,0.5180615381629807,0.549383737332913
ALRF-2012-014,2012,2012-09-03 02:00:00+00:00,2012-09-03 06:00:00+00:00,2012-09-02 14:00:00+00:00,2012-09-03 18:00:00+00:00,42.31855010986328,0.9367581378367467,031502030501,2012-09-03 16:00:00+00:00,0,70.2573013305664,1.165799222142442,060300060101,2012-09-03 01:00:00+00:00,8,89.24964904785156,1.1987336229696077,031601010601,2012-09-03 03:00:00+00:00,17,105.40682983398438,1.019587984015422,031601110106,2012-09-03 15:00:00+00:00,2,118.6297378540039,0.9053934443739906,031601110402,2012-09-03 15:00:00+00:00,0,1.1987336229696077,2012-09-03 03:00:00+00:00,6,17,7,8,279,AL-RF-20120903-0279,5.0,0.604165722526389,17,5–10-year,Convective,Organized or localized severe convection,,Medium,52 convective/heavy-rain NOAA Storm Events records; Rx3h/Rx24h=0.67.,Isaac,629.6140756927965,68,Drought; Flash Flood; Hail; Heavy Rain; Lightning; Thunderstorm Wind,19,52,0,0.40147825502877704,0.6665346205859863,0.8467159973259764,0.888536312570354
ALRF-2012-015,2012,2012-09-04 00:00:00+00:00,2012-09-07 12:00:00+00:00,2012-09-03 12:00:00+00:00,2012-09-08 00:00:00+00:00,75.0271987915039,1.6898587397470215,031602010404,2012-09-04 22:00:00+00:00,35,140.83543395996094,2.27702080865513,031502030206,2012-09-04 14:00:00+00:00,85,185.69696044921875,2.4879888905757817,031502030206,2012-09-04 17:00:00+00:00,118,263.52447509765625,2.459542988510073,031502030206,2012-09-04 23:00:00+00:00,182,276.0992736816406,2.035809743852344,031502030206,2012-09-05 00:00:00+00:00,131,2.4879888905757817,2012-09-04 17:00:00+00:00,6,205,11,175,280,AL-RF-20120904-0280,100.0,1.1054653938792718,205,100–200-year,Frontal/extratropical candidate,Prolonged or widespread non-tropical rainfall,,Medium–low,No nearby HURDAT2 system; 19 flood/heavy-rain NOAA records; affected HUCs=205; Rx24h/Rx72h=0.95.,Leslie,2131.6931315584475,69,Drought; Flash Flood; Hail; Heavy Rain; Lightning; Thunderstorm Wind,19,53,0,0.284706757365518,0.5344301849297698,0.7046668450071046,0.9544555173351021
ALRF-2012-016,2012,2012-09-17 21:00:00+00:00,2012-09-20 13:00:00+00:00,2012-09-17 09:00:00+00:00,2012-09-21 01:00:00+00:00,37.812320709228516,0.9078533835328987,060300020107,2012-09-18 01:00:00+00:00,0,80.71582794189453,1.4343273194264663,060300020301,2012-09-18 00:00:00+00:00,10,99.44818115234375,1.4448291390151256,060300020301,2012-09-18 03:00:00+00:00,29,154.58396911621094,1.512019644129813,060300020203,2012-09-18 10:00:00+00:00,49,159.7294921875,1.2352334156807485,060300020203,2012-09-18 20:00:00+00:00,9,1.512019644129813,2012-09-18 10:00:00+00:00,24,64,5,42,281,AL-RF-20120918-0281,10.0,0.7262043390037998,64,10–25-year,Frontal/extratropical candidate,Prolonged or widespread non-tropical rainfall,,Medium–low,No nearby HURDAT2 system; 13 flood/heavy-rain NOAA records; affected HUCs=64; Rx24h/Rx72h=0.97.,Nadine,3543.2343199311185,30,Drought; Flash Flood; Flood; Heavy Rain; Tornado,13,13,0,0.24460699854848794,0.5221487609831983,0.6433279059976912,0.9677860174672757
ALRF-2012-017,2012,2012-10-18 10:00:00+00:00,2012-10-18 13:00:00+00:00,2012-10-17 22:00:00+00:00,2012-10-19 01:00:00+00:00,54.526390075683594,1.1331029124677547,031602010807,2012-10-18 09:00:00+00:00,2,76.55171203613281,1.1510923532859192,031602010806,2012-10-18 10:00:00+00:00,9,76.56278228759766,0.9559718923361157,031602010806,2012-10-18 11:00:00+00:00,0,76.56278228759766,0.6789969803233298,031602010806,2012-10-18 11:00:00+00:00,0,76.56278228759766,0.5385927372910502,031602010806,2012-10-18 11:00:00+00:00,0,1.1510923532859192,2012-10-18 10:00:00+00:00,3,9,2,5,282,AL-RF-20121018-0282,2.0,0.5522148532037079,9,2–5-year,Unclassified,Insufficient external evidence,,Low,No nearby HURDAT2 track and no matching Alabama NOAA Storm Events record within the configured time buffer.,Rafael,2197.3801684771734,14,Drought,0,0,0,0.7121787955780218,0.9998554094935675,1.0,1.0
ALRF-2012-018,2012,2012-12-10 15:00:00+00:00,2012-12-10 16:00:00+00:00,2012-12-10 03:00:00+00:00,2012-12-11 04:00:00+00:00,34.00809097290039,0.8681664315954217,031501050604,2012-12-10 13:00:00+00:00,0,67.01058197021484,1.066488129822717,031601060704,2012-12-10 16:00:00+00:00,1,96.90769958496094,1.2460410370447799,031601081004,2012-12-10 15:00:00+00:00,9,104.01256561279297,0.9789835153860175,031601081004,2012-12-10 18:00:00+00:00,0,105.5995101928711,0.7925135035638314,031601081004,2012-12-10 18:00:00+00:00,0,1.2460410370447799,2012-12-10 15:00:00+00:00,6,9,4,4,283,AL-RF-20121210-0283,5.0,0.6011035636872097,9,5–10-year,Convective,Organized or localized severe convection,,Medium,12 convective/heavy-rain NOAA Storm Events records; Rx3h/Rx24h=0.64.,,,31,Drought; Thunderstorm Wind; Tornado,0,12,0,0.32696137022042254,0.6442546780326022,0.9316922336645239,0.9849720460144212
ALRF-2012-019,2012,2012-12-26 06:00:00+00:00,2012-12-26 07:00:00+00:00,2012-12-25 18:00:00+00:00,2012-12-26 19:00:00+00:00,38.339988708496094,0.9237558706576579,031501090107,2012-12-26 06:00:00+00:00,0,59.94953155517578,1.0486781368569758,031501090104,2012-12-26 06:00:00+00:00,2,78.14273071289062,1.1149451010156435,031501090104,2012-12-26 06:00:00+00:00,6,93.45691680908203,0.8894589540645885,031602010404,2012-12-26 02:00:00+00:00,0,117.02446746826172,0.8941320886152668,031601060605,2012-12-26 06:00:00+00:00,0,1.1149451010156435,2012-12-26 06:00:00+00:00,6,6,1,6,284,AL-RF-20121226-0284,2.0,0.5282684270817596,6,2–5-year,Convective,Organized or localized severe convection,,Medium,40 convective/heavy-rain NOAA Storm Events records; Rx3h/Rx24h=0.64.,,,62,Drought; Funnel Cloud; Hail; High Wind; Thunderstorm Wind; Tornado,0,40,0,0.41024238780334193,0.6414670374547382,0.8361364078864713,0.7986100584856628
ALRF-2013-001,2013,2013-01-14 23:00:00+00:00,2013-01-17 01:00:00+00:00,2013-01-14 11:00:00+00:00,2013-01-17 13:00:00+00:00,21.869529724121094,0.42261106136225973,031403030601,2013-01-16 04:00:00+00:00,0,35.06734085083008,0.5885419971949816,031501070705,2013-01-14 12:00:00+00:00,0,58.55388259887695,0.739418900681829,031602010604,2013-01-14 13:00:00+00:00,0,112.25457000732422,1.1126661580938095,060200011102,2013-01-14 23:00:00+00:00,9,178.0880889892578,1.332826304661887,060200011102,2013-01-16 23:00:00+00:00,46,1.332826304661887,2013-01-16 23:00:00+00:00,72,46,6,35,285,AL-RF-20130116-0285,5.0,0.6329491937860677,46,5–10-year,Frontal/extratropical candidate,Prolonged or widespread non-tropical rainfall,,Medium–low,No nearby HURDAT2 system; 14 flood/heavy-rain NOAA records; affected HUCs=46; Rx24h/Rx72h=0.63.,,,72,Drought; Flash Flood; Flood; Heavy Snow; Sleet; Thunderstorm Wind; Winter Weather,14,9,0,0.19482084090379737,0.31239120909324275,0.5216169158641516,0.6303317119321515
ALRF-2013-002,2013,2013-01-30 15:00:00+00:00,2013-01-31 11:00:00+00:00,2013-01-30 03:00:00+00:00,2013-01-31 23:00:00+00:00,52.48094177246094,1.340691993364411,031501050106,2013-01-30 17:00:00+00:00,11,89.2160873413086,1.6458592912719314,031501050106,2013-01-30 18:00:00+00:00,38,100.15940856933594,1.5201791618549572,031501050106,2013-01-30 21:00:00+00:00,41,108.04852294921875,1.1287883934687748,031501050106,2013-01-31 05:00:00+00:00,4,108.04852294921875,0.880186314903913,031501050106,2013-01-31 05:00:00+00:00,0,1.6458592912719314,2013-01-30 18:00:00+00:00,3,48,10,31,286,AL-RF-20130130-0286,10.0,0.7262461383069375,48,10–25-year,Convective,Organized or localized severe convection,,Medium,69 convective/heavy-rain NOAA Storm Events records; Rx3h/Rx24h=0.83.,,,120,Drought; Flash Flood; Flood; Hail; High Wind; Strong Wind; Thunderstorm Wind; Tornado,10,69,0,0.4857164201784251,0.8257039051171376,0.9269854490876235,1.0
ALRF-2013-003,2013,2013-02-11 02:00:00+00:00,2013-02-14 12:00:00+00:00,2013-02-10 14:00:00+00:00,2013-02-15 00:00:00+00:00,65.01753997802734,1.4013450723859333,031300031304,2013-02-11 02:00:00+00:00,24,84.7821273803711,1.336202705846246,031300031304,2013-02-11 04:00:00+00:00,66,138.83216857910156,1.6174977389786072,031602030401,2013-02-11 05:00:00+00:00,125,258.049072265625,2.1202095773290894,031402030101,2013-02-11 23:00:00+00:00,164,294.84393310546875,1.9456157187288163,031402030101,2013-02-14 01:00:00+00:00,388,2.1202095773290894,2013-02-11 23:00:00+00:00,24,397,2,340,287,AL-RF-20130211-0287,25.0,0.786001913135536,397,25–50-year,Frontal/extratropical candidate,Prolonged or widespread non-tropical rainfall,,Medium–low,No nearby HURDAT2 system; 18 flood/heavy-rain NOAA records; affected HUCs=397; Rx24h/Rx72h=0.88.,,,48,Drought; Flash Flood; Flood; Hail; Heavy Rain; Thunderstorm Wind; Tornado,18,24,0,0.2519580458367275,0.32855040568834093,0.5380068502482097,0.8752056369201877
ALRF-2013-004,2013,2013-02-23 06:00:00+00:00,2013-02-26 13:00:00+00:00,2013-02-22 18:00:00+00:00,2013-02-27 01:00:00+00:00,53.309288024902344,0.9804908482156189,031402011106,2013-02-23 02:00:00+00:00,0,77.38823699951172,1.0088513414282285,031402011106,2013-02-23 03:00:00+00:00,1,92.00220489501953,1.0027232819165588,031402011106,2013-02-23 03:00:00+00:00,1,147.32566833496094,1.1879784115453895,031402030105,2013-02-23 13:00:00+00:00,21,195.31358337402344,1.3805514643660963,031300040602,2013-02-25 18:00:00+00:00,55,1.3805514643660963,2013-02-25 18:00:00+00:00,72,55,2,53,288,AL-RF-20130225-0288,5.0,0.5501496118681344,55,5–10-year,Frontal/extratropical candidate,Prolonged or widespread non-tropical rainfall,,Medium–low,No nearby HURDAT2 system; 16 flood/heavy-rain NOAA records; affected HUCs=55; Rx24h/Rx72h=0.75.,,,24,Drought; Flash Flood; Flood; Lightning; Strong Wind,16,16,0,0.36184657179832286,0.5252868551294207,0.6244818430814276,0.7543032378492276
ALRF-2013-005,2013,2013-03-23 12:00:00+00:00,2013-03-23 14:00:00+00:00,2013-03-23 00:00:00+00:00,2013-03-24 02:00:00+00:00,35.55177307128906,0.8231020557382928,031501060804,2013-03-23 12:00:00+00:00,0,72.02120971679688,1.1983806809892412,031501060804,2013-03-23 12:00:00+00:00,4,83.82300567626953,1.1525466073797317,031501060804,2013-03-23 13:00:00+00:00,3,89.30619812011719,0.8523780619323779,031501060804,2013-03-23 13:00:00+00:00,0,90.62384796142578,0.6761433026168515,031501060804,2013-03-23 13:00:00+00:00,0,1.1983806809892412,2013-03-23 12:00:00+00:00,3,4,3,2,289,AL-RF-20130323-0289,2.0,0.5682453779677757,4,2–5-year,Convective,Organized or localized severe convection,,Medium,33 convective/heavy-rain NOAA Storm Events records; Rx3h/Rx24h=0.81.,,,36,Hail; Strong Wind; Thunderstorm Wind,0,33,0,0.3980885293478935,0.8064525333384819,0.9386023304175065,0.985460230712456
ALRF-2013-006,2013,2013-04-01 01:00:00+00:00,2013-04-01 04:00:00+00:00,2013-03-31 13:00:00+00:00,2013-04-01 16:00:00+00:00,35.72015380859375,0.7682343480317921,031300031307,2013-04-01 01:00:00+00:00,0,83.21846008300781,1.3085537264529021,031300031307,2013-04-01 01:00:00+00:00,3,98.11967468261719,1.2839962177645108,031300031307,2013-04-01 03:00:00+00:00,3,98.63680267333984,0.903714400225737,031300031307,2013-04-01 09:00:00+00:00,0,98.63680267333984,0.7130019839705461,031300031307,2013-04-01 09:00:00+00:00,0,1.3085537264529021,2013-04-01 01:00:00+00:00,3,3,1,3,290,AL-RF-20130401-0290,5.0,0.6005242100422854,3,5–10-year,Convective,Organized or localized severe convection,,Medium,4 convective/heavy-rain NOAA Storm Events records; Rx3h/Rx24h=0.84.,,,4,Hail; Thunderstorm Wind,0,4,0,0.362138196296669,0.8436857017619105,0.9947572510796477,1.0
ALRF-2013-007,2013,2013-04-28 19:00:00+00:00,2013-04-29 10:00:00+00:00,2013-04-28 07:00:00+00:00,2013-04-29 22:00:00+00:00,35.06552505493164,0.9167181108039547,060200011103,2013-04-28 10:00:00+00:00,0,60.580467224121094,1.0730739838146233,060300010704,2013-04-28 12:00:00+00:00,1,66.10902404785156,0.9660008341555341,060300010704,2013-04-28 15:00:00+00:00,0,119.28855895996094,1.2062069778731597,031501050304,2013-04-29 00:00:00+00:00,17,123.45634460449219,0.9717542106180602,031501050304,2013-04-29 01:00:00+00:00,0,1.2062069778731597,2013-04-29 00:00:00+00:00,24,17,3,15,291,AL-RF-20130429-0291,2.0,0.5816058821422362,17,2–5-year,Convective candidate,Thunderstorm-associated rainfall,,Low,7 convective/heavy-rain NOAA Storm Events records; rainfall duration signature was not decisive.,,,10,Flood; Hail; Thunderstorm Wind,3,7,0,0.29395547536709987,0.5078480933318581,0.5541941710440226,0.966240814452402
ALRF-2013-008,2013,2013-05-02 02:00:00+00:00,2013-05-04 23:00:00+00:00,2013-05-01 14:00:00+00:00,2013-05-05 11:00:00+00:00,53.18691635131836,0.8643381522368282,031700080603,2013-05-02 01:00:00+00:00,0,136.06320190429688,1.5614008559202393,031700080603,2013-05-02 02:00:00+00:00,8,164.2204132080078,1.5510677131141635,031700080603,2013-05-02 04:00:00+00:00,25,194.9786834716797,1.3222722666828668,031700080603,2013-05-02 06:00:00+00:00,21,280.6282653808594,1.525943990610794,031700080603,2013-05-03 23:00:00+00:00,21,1.5614008559202393,2013-05-02 02:00:00+00:00,3,31,2,29,292,AL-RF-20130502-0292,10.0,0.7328499173913079,31,10–25-year,Convective,Organized or localized severe convection,,Medium,3 convective/heavy-rain NOAA Storm Events records; Rx3h/Rx24h=0.70.,,,7,Flash Flood; Flood; Hail; Lightning,5,3,0,0.2727832366302938,0.6978362941098626,0.842248035959585,0.6947934599783137
ALRF-2013-009,2013,2013-05-06 11:00:00+00:00,2013-05-07 13:00:00+00:00,2013-05-05 23:00:00+00:00,2013-05-08 01:00:00+00:00,25.255460739135742,0.621399318469443,031501050805,2013-05-06 11:00:00+00:00,0,46.45303726196289,0.8431356884488043,031501050804,2013-05-06 12:00:00+00:00,0,55.537784576416016,0.8278711307913693,031501050804,2013-05-06 15:00:00+00:00,0,112.1372299194336,1.1207515190737773,060300010803,2013-05-06 21:00:00+00:00,8,177.3450927734375,1.3750491346867786,060300010805,2013-05-06 22:00:00+00:00,88,1.3750491346867786,2013-05-06 22:00:00+00:00,72,88,1,88,293,AL-RF-20130506-0293,5.0,0.6827885487814972,88,5–10-year,Frontal/extratropical candidate,Prolonged or widespread non-tropical rainfall,,Medium–low,No nearby HURDAT2 system; 6 flood/heavy-rain NOAA records; affected HUCs=88; Rx24h/Rx72h=0.63.,,,6,Flood,6,0,0,0.22521923144776135,0.41425169228219444,0.4952662431229828,0.6323108700994142
ALRF-2013-010,2013,2013-05-18 09:00:00+00:00,2013-05-21 04:00:00+00:00,2013-05-17 21:00:00+00:00,2013-05-21 16:00:00+00:00,39.369354248046875,0.9697071876729336,031501080401,2013-05-19 23:00:00+00:00,0,75.53364562988281,1.278737726864279,031501060509,2013-05-18 10:00:00+00:00,15,101.84768676757812,1.414274683865176,031501060508,2013-05-18 09:00:00+00:00,22,156.51402282714844,1.5115582809613954,031501060508,2013-05-18 16:00:00+00:00,19,161.2975311279297,1.2198875363631567,031501060508,2013-05-20 00:00:00+00:00,5,1.5115582809613954,2013-05-18 16:00:00+00:00,24,35,3,25,294,AL-RF-20130518-0294,10.0,0.7142504669768551,35,10–25-year,Frontal/extratropical candidate,Prolonged or widespread non-tropical rainfall,,Medium–low,No nearby HURDAT2 system; 11 flood/heavy-rain NOAA records; affected HUCs=35; Rx24h/Rx72h=0.97.,,,18,Flash Flood; Flood; Hail; Heavy Rain; Thunderstorm Wind; Tornado,11,17,0,0.25153883043135217,0.48259986080161615,0.6507256342139839,0.9703435739696021
ALRF-2013-011,2013,2013-06-05 06:00:00+00:00,2013-06-06 03:00:00+00:00,2013-06-04 18:00:00+00:00,2013-06-06 15:00:00+00:00,54.7506103515625,1.2659462612616015,031502020102,2013-06-05 19:00:00+00:00,7,112.31499481201172,1.821725762291992,031501100704,2013-06-05 08:00:00+00:00,17,130.0493927001953,1.7397327366156636,031501100704,2013-06-05 09:00:00+00:00,17,140.63609313964844,1.3031935570015543,031501100704,2013-06-06 01:00:00+00:00,5,176.26426696777344,1.2783986044463798,031501100704,2013-06-06 15:00:00+00:00,2,1.821725762291992,2013-06-05 08:00:00+00:00,3,21,7,6,295,AL-RF-20130605-0295,25.0,0.8667733240397534,21,25–50-year,Tropical cyclone,Tropical storm,Andrea,High,HURDAT2 track within 306 km of rainfall footprint; track status=TS; 0 matching tropical NOAA Storm Events records.,Andrea,305.7658106043927,35,Flash Flood; Hail; Heavy Rain; Lightning; Thunderstorm Wind,7,35,0,0.38930696330703946,0.7986214086627498,0.9247227350880632,0.7978706947186356
ALRF-2013-012,2013,2013-06-07 18:00:00+00:00,2013-06-08 06:00:00+00:00,2013-06-07 06:00:00+00:00,2013-06-08 18:00:00+00:00,32.80604934692383,0.7550199561280668,031601110407,2013-06-07 17:00:00+00:00,0,42.82024383544922,0.7108602023798337,031601110407,2013-06-07 18:00:00+00:00,0,48.303401947021484,0.6664538494157287,031601110407,2013-06-07 21:00:00+00:00,0,68.29740905761719,0.6504788044807632,031601130301,2013-06-07 19:00:00+00:00,0,176.09515380859375,1.2771720709554575,031501100704,2013-06-07 23:00:00+00:00,5,1.2771720709554575,2013-06-07 23:00:00+00:00,72,5,3,3,296,AL-RF-20130607-0296,5.0,0.568100637758645,5,5–10-year,Tropical cyclone,Tropical storm,Andrea,High,HURDAT2 track within 358 km of rainfall footprint; track status=TS; 0 matching tropical NOAA Storm Events records.,Andrea,357.63370224136696,21,Hail; Rip Current; Thunderstorm Wind,0,20,0,0.48034105245848974,0.6269673246217162,0.7072508695940674,0.38784377412142135
ALRF-2013-013,2013,2013-07-03 15:00:00+00:00,2013-07-07 18:00:00+00:00,2013-07-03 03:00:00+00:00,2013-07-08 06:00:00+00:00,54.92157745361328,1.2961095302640375,031501090201,2013-07-03 14:00:00+00:00,4,91.83514404296875,1.550359465342126,031501090201,2013-07-03 15:00:00+00:00,29,132.41119384765625,1.8218471690679259,031601100402,2013-07-04 18:00:00+00:00,59,169.2700958251953,1.6454873818190598,060300021013,2013-07-05 07:00:00+00:00,57,280.2474060058594,1.8027405644570609,031402030105,2013-07-06 04:00:00+00:00,133,1.8218471690679259,2013-07-04 18:00:00+00:00,6,158,10,73,297,AL-RF-20130704-0297,50.0,0.9274590961358785,158,50–100-year,Frontal/extratropical candidate,Prolonged or widespread non-tropical rainfall,,Medium–low,No nearby HURDAT2 system; 30 flood/heavy-rain NOAA records; affected HUCs=158; Rx24h/Rx72h=0.60.,Chantal,2901.7348397934197,32,Flash Flood; Flood; Funnel Cloud; Heavy Rain; Thunderstorm Wind,30,25,0,0.32446119431710263,0.5425361378527641,0.7822479995781232,0.6040023643310948
ALRF-2013-014,2013,2013-07-11 03:00:00+00:00,2013-07-12 00:00:00+00:00,2013-07-10 15:00:00+00:00,2013-07-12 12:00:00+00:00,58.045738220214844,1.5126902387558738,060300010203,2013-07-11 03:00:00+00:00,10,87.6356201171875,1.689732576693995,060300010201,2013-07-11 03:00:00+00:00,24,105.8653793334961,1.6761880832581542,060300010201,2013-07-11 05:00:00+00:00,17,116.7778091430664,1.2274789549794534,060300010201,2013-07-11 07:00:00+00:00,4,118.26753997802734,0.9428915848631867,060300010201,2013-07-11 07:00:00+00:00,0,1.689732576693995,2013-07-11 03:00:00+00:00,3,28,6,12,298,AL-RF-20130711-0298,10.0,0.7746866593401338,28,10–25-year,Convective,Organized or localized severe convection,,Medium,22 convective/heavy-rain NOAA Storm Events records; Rx3h/Rx24h=0.75.,Chantal,2271.3155577727825,23,Flash Flood; Flood; Hail; Lightning; Thunderstorm Wind,16,22,0,0.4970613736133897,0.7504475444459116,0.9065539087464698,0.9874037218053431
ALRF-2013-015,2013,2013-07-23 20:00:00+00:00,2013-07-24 23:00:00+00:00,2013-07-23 08:00:00+00:00,2013-07-25 11:00:00+00:00,53.607418060302734,1.144726833489581,031300031305,2013-07-24 21:00:00+00:00,7,75.50489807128906,1.2655458602098901,031601110308,2013-07-23 20:00:00+00:00,9,85.80656433105469,1.1928255589048629,031601110308,2013-07-23 21:00:00+00:00,5,117.7223129272461,1.1368465909198016,031601110308,2013-07-23 21:00:00+00:00,2,175.41290283203125,1.3284458142980176,031601110302,2013-07-24 17:00:00+00:00,8,1.3284458142980176,2013-07-24 17:00:00+00:00,72,16,5,8,299,AL-RF-20130724-0299,5.0,0.6233674609274731,16,5–10-year,Convective,Organized or localized severe convection,,Medium,63 convective/heavy-rain NOAA Storm Events records; Rx3h/Rx24h=0.64.,Dorian,4361.216442745117,64,Flash Flood; Flood; Heavy Rain; Thunderstorm Wind,8,63,0,0.4553717704598007,0.6413813676762541,0.7288895554072595,0.671115471134826
ALRF-2013-016,2013,2013-08-14 20:00:00+00:00,2013-08-16 21:00:00+00:00,2013-08-14 08:00:00+00:00,2013-08-17 09:00:00+00:00,55.163795471191406,1.2724987373996586,031501100201,2013-08-15 09:00:00+00:00,8,96.00413513183594,1.5909167509845095,031501100202,2013-08-15 10:00:00+00:00,21,117.5361099243164,1.6005770932786278,031501100202,2013-08-15 12:00:00+00:00,14,143.37490844726562,1.360702367727816,031501100202,2013-08-15 17:00:00+00:00,5,147.3135986328125,1.0938868181555697,031501100202,2013-08-15 18:00:00+00:00,5,1.6005770932786278,2013-08-15 12:00:00+00:00,6,21,5,12,300,AL-RF-20130815-0300,25.0,0.8132102246352885,21,25–50-year,Convective,Organized or localized severe convection,,Medium,4 convective/heavy-rain NOAA Storm Events records; Rx3h/Rx24h=0.67.,Erin,4707.92213157833,4,Flash Flood,4,4,0,0.3847520885530753,0.6696020675552653,0.8197815865915414,0.9732632274134835
ALRF-2013-017,2013,2013-08-17 15:00:00+00:00,2013-08-17 23:00:00+00:00,2013-08-17 03:00:00+00:00,2013-08-18 11:00:00+00:00,18.276220321655273,0.36684071435874954,031300040703,2013-08-17 18:00:00+00:00,0,37.263824462890625,0.5426393910375072,031300040703,2013-08-17 19:00:00+00:00,0,53.86088180541992,0.6519153200948491,031300120202,2013-08-17 20:00:00+00:00,0,103.58045196533203,0.921780424881969,031300040801,2013-08-17 20:00:00+00:00,0,174.81185913085938,1.228407981082505,031300040504,2013-08-17 23:00:00+00:00,8,1.228407981082505,2013-08-17 23:00:00+00:00,72,8,3,5,301,AL-RF-20130817-0301,2.0,0.518899121905285,8,2–5-year,Unclassified,Insufficient external evidence,,Low,No nearby HURDAT2 track and no matching Alabama NOAA Storm Events record within the configured time buffer.,Erin,4412.282759227701,0,,0,0,0,0.17644468598932406,0.3597573070579252,0.5199907973315945,0.5925253153894698
ALRF-2013-018,2013,2013-09-21 11:00:00+00:00,2013-09-22 00:00:00+00:00,2013-09-20 23:00:00+00:00,2013-09-22 12:00:00+00:00,38.35449981689453,0.9552680179415464,031501050806,2013-09-21 15:00:00+00:00,0,61.899261474609375,1.069653165890342,060300020106,2013-09-21 13:00:00+00:00,2,74.35118865966797,1.0524510369201916,060300020106,2013-09-21 13:00:00+00:00,3,116.79047393798828,1.0924109917199099,031601030502,2013-09-21 14:00:00+00:00,8,116.79047393798828,0.8446124379120588,031601030502,2013-09-21 14:00:00+00:00,0,1.0924109917199099,2013-09-21 14:00:00+00:00,24,11,3,8,302,AL-RF-20130921-0302,2.0,0.526269178989856,11,2–5-year,Non-tropical heavy rain,Meteorological mechanism unresolved,,Low,1 flood/heavy-rain NOAA Storm Events records; no nearby HURDAT2 track.,,,1,Flood,1,0,0,0.3284043511738761,0.5300026567875369,0.636620318016227,1.0
ALRF-2013-019,2013,2013-11-26 17:00:00+00:00,2013-11-27 00:00:00+00:00,2013-11-26 05:00:00+00:00,2013-11-27 12:00:00+00:00,43.191776275634766,0.7246669522099498,031602040303,2013-11-26 11:00:00+00:00,0,59.67298126220703,0.7135870668910769,031602040303,2013-11-26 13:00:00+00:00,0,48.954097747802734,0.7496740486774478,031501050703,2013-11-26 13:00:00+00:00,0,109.76898193359375,1.0537518670883979,031601110404,2013-11-26 17:00:00+00:00,6,111.81712341308594,0.8508205702819618,031601110404,2013-11-26 17:00:00+00:00,0,1.0537518670883979,2013-11-26 17:00:00+00:00,24,6,2,3,303,AL-RF-20131126-0303,2.0,0.4870973938472729,6,2–5-year,Unclassified,Insufficient external evidence,,Low,No nearby HURDAT2 track and no matching Alabama NOAA Storm Events record within the configured time buffer.,,,0,,0,0,0,0.3934788818736082,0.5436233461498897,0.44597387062784444,0.981683114204917
ALRF-2013-020,2013,2013-12-09 04:00:00+00:00,2013-12-11 21:00:00+00:00,2013-12-08 16:00:00+00:00,2013-12-12 09:00:00+00:00,48.03607940673828,1.0895908512554664,031601130708,2013-12-09 04:00:00+00:00,2,65.71681213378906,1.0743106074577033,031601130708,2013-12-09 05:00:00+00:00,2,83.8370361328125,1.1362915682682873,031601130805,2013-12-09 04:00:00+00:00,13,159.14999389648438,1.5083369926716435,031502020401,2013-12-09 12:00:00+00:00,58,173.26321411132812,1.2841223213246011,031502020401,2013-12-10 10:00:00+00:00,29,1.5083369926716435,2013-12-09 12:00:00+00:00,24,58,1,58,304,AL-RF-20131209-0304,10.0,0.6323158248548789,58,10–25-year,Unclassified,Insufficient external evidence,,Low,No nearby HURDAT2 track and no matching Alabama NOAA Storm Events record within the configured time buffer.,Unnamed,5164.805310307814,1,Winter Weather,0,0,0,0.30182897423158117,0.4129237490045593,0.526780014753519,0.9185446242167973
ALRF-2013-021,2013,2013-12-22 07:00:00+00:00,2013-12-25 15:00:00+00:00,2013-12-21 19:00:00+00:00,2013-12-26 03:00:00+00:00,53.02347183227539,1.2974190603793592,060300020502,2013-12-22 07:00:00+00:00,5,68.58338165283203,1.2057707296941447,060300020303,2013-12-22 09:00:00+00:00,12,84.69622802734375,1.2970224576515053,031501050703,2013-12-22 14:00:00+00:00,53,177.50904846191406,1.6454911667044685,031502030205,2013-12-23 06:00:00+00:00,238,181.89413452148438,1.3058473579330774,031502030204,2013-12-23 06:00:00+00:00,103,1.6454911667044685,2013-12-23 06:00:00+00:00,24,253,7,236,305,AL-RF-20131223-0305,10.0,0.7422539861459514,253,10–25-year,Frontal/extratropical candidate,Prolonged or widespread non-tropical rainfall,,Medium–low,No nearby HURDAT2 system; 6 flood/heavy-rain NOAA records; affected HUCs=253; Rx24h/Rx72h=0.98.,,,15,Flash Flood; Flood; Strong Wind; Thunderstorm Wind,6,6,0,0.2987085576296804,0.3863655528948831,0.47713752488237793,0.9758920975043736
ALRF-2014-001,2014,2014-02-03 09:00:00+00:00,2014-02-03 09:00:00+00:00,2014-02-02 21:00:00+00:00,2014-02-03 21:00:00+00:00,18.358285903930664,0.4771456222020693,060300010302,2014-02-03 06:00:00+00:00,0,35.702117919921875,0.6897289624141385,060300010204,2014-02-03 07:00:00+00:00,0,66.14915466308594,1.0303045671233888,060200011103,2014-02-03 09:00:00+00:00,3,89.15751647949219,0.937329065191865,060300010204,2014-02-03 12:00:00+00:00,0,94.62686920166016,0.7133153337766653,060300010404,2014-02-03 12:00:00+00:00,0,1.0303045671233888,2014-02-03 09:00:00+00:00,6,3,1,3,306,AL-RF-20140203-0306,2.0,0.48085323496270427,3,2–5-year,Unclassified,Insufficient external evidence,,Low,No nearby HURDAT2 track and no matching Alabama NOAA Storm Events record within the configured time buffer.,,,0,,0,0,0,0.20590844865170058,0.40043867673382305,0.7419358151177463,0.9422008487831064
ALRF-2014-002,2014,2014-03-16 15:00:00+00:00,2014-03-16 15:00:00+00:00,2014-03-16 03:00:00+00:00,2014-03-17 03:00:00+00:00,57.108943939208984,1.0256884281201175,031502040501,2014-03-16 13:00:00+00:00,2,86.3360366821289,1.0609091399423125,031602040106,2014-03-16 15:00:00+00:00,3,96.9554672241211,0.9819725431408561,031602040106,2014-03-16 15:00:00+00:00,0,95.27832794189453,0.7880156228510129,031402030203,2014-03-17 03:00:00+00:00,0,111.62592315673828,0.6428315269591708,031602040106,2014-03-17 02:00:00+00:00,0,1.0609091399423125,2014-03-16 15:00:00+00:00,3,5,3,2,307,AL-RF-20140316-0307,2.0,0.4975614854913741,5,2–5-year,Convective,Organized or localized severe convection,,Medium,18 convective/heavy-rain NOAA Storm Events records; Rx3h/Rx24h=0.91.,,,18,Flash Flood; Hail; Thunderstorm Wind,1,18,0,0.5993907027213666,0.9061455899475999,1.017602526392459,0.8535501902018812
ALRF-2014-003,2014,2014-03-28 16:00:00+00:00,2014-03-28 19:00:00+00:00,2014-03-28 04:00:00+00:00,2014-03-29 07:00:00+00:00,53.08029556274414,0.9863706881271167,031602030802,2014-03-28 13:00:00+00:00,0,76.7024154663086,1.034749383653394,031602030801,2014-03-28 14:00:00+00:00,1,103.51356506347656,1.1575722118644596,031602030801,2014-03-28 17:00:00+00:00,11,128.6162567138672,1.0211245084469478,031602030801,2014-03-28 18:00:00+00:00,1,130.05911254882812,0.8214632275975607,031602030801,2014-03-29 07:00:00+00:00,0,1.1575722118644596,2014-03-28 17:00:00+00:00,6,11,4,6,308,AL-RF-20140328-0308,2.0,0.5056674637910921,11,2–5-year,Convective candidate,Thunderstorm-associated rainfall,,Low,1 convective/heavy-rain NOAA Storm Events records; rainfall duration signature was not decisive.,,,4,Flood; Hail,3,1,0,0.41270284891615194,0.5963664114167821,0.8048248931218965,0.9889061534660307
ALRF-2014-004,2014,2014-04-06 14:00:00+00:00,2014-04-10 01:00:00+00:00,2014-04-06 02:00:00+00:00,2014-04-10 13:00:00+00:00,59.623008728027344,1.3384041761934191,031501100704,2014-04-07 12:00:00+00:00,13,96.24212646484375,1.6075321337317752,031501070709,2014-04-07 11:00:00+00:00,61,125.26014709472656,1.7240025817695104,031502020202,2014-04-07 10:00:00+00:00,208,152.6678924560547,1.4247341568941418,031501070709,2014-04-07 11:00:00+00:00,158,177.64425659179688,1.3518756282478321,031300030903,2014-04-08 03:00:00+00:00,176,1.7240025817695104,2014-04-07 10:00:00+00:00,6,337,13,131,309,AL-RF-20140407-0309,25.0,0.7799784080136067,337,25–50-year,Convective,Organized or localized severe convection,,Medium,31 convective/heavy-rain NOAA Storm Events records; Rx3h/Rx24h=0.63.,,,42,Flash Flood; Flood; Hail; Strong Wind; Thunderstorm Wind,26,31,0,0.39054058956888904,0.6304018802941618,0.8204747251016292,0.8594023549371789
ALRF-2014-005,2014,2014-04-15 01:00:00+00:00,2014-04-17 23:00:00+00:00,2014-04-14 13:00:00+00:00,2014-04-18 11:00:00+00:00,83.74303436279297,1.360979908795519,031602050207,2014-04-15 03:00:00+00:00,5,151.58078002929688,1.7002026308518146,031602050205,2014-04-15 02:00:00+00:00,20,178.38783264160156,1.6504992930927176,031700090103,2014-04-15 04:00:00+00:00,25,224.3375701904297,1.484877747758757,031700090103,2014-04-15 12:00:00+00:00,18,224.3375701904297,1.1950448741560777,031700090103,2014-04-15 12:00:00+00:00,4,1.7002026308518146,2014-04-15 02:00:00+00:00,3,26,2,21,310,AL-RF-20140415-0310,25.0,0.7990707171645453,26,25–50-year,Convective,Organized or localized severe convection,,Medium,12 convective/heavy-rain NOAA Storm Events records; Rx3h/Rx24h=0.68.,,,27,Flash Flood; Flood; Frost/Freeze; Heavy Rain; Strong Wind; Thunderstorm Wind,16,12,0,0.37329027987468805,0.6756816519882383,0.795175914984621,1.0
ALRF-2014-006,2014,2014-04-18 18:00:00+00:00,2014-04-21 06:00:00+00:00,2014-04-18 06:00:00+00:00,2014-04-21 18:00:00+00:00,22.54764175415039,0.4708521069242661,031402010402,2014-04-18 21:00:00+00:00,0,63.186866760253906,0.8232374358605529,031402011101,2014-04-18 20:00:00+00:00,0,75.94420623779297,0.9808074222969391,031402020102,2014-04-18 23:00:00+00:00,0,162.3082275390625,1.3213242007167505,031402011201,2014-04-18 22:00:00+00:00,51,162.319580078125,1.0654187041325593,031402011201,2014-04-19 06:00:00+00:00,15,1.3213242007167505,2014-04-18 22:00:00+00:00,24,51,2,50,311,AL-RF-20140418-0311,5.0,0.4880949798103193,51,5–10-year,Frontal/extratropical candidate,Prolonged or widespread non-tropical rainfall,,Medium–low,No nearby HURDAT2 system; 5 flood/heavy-rain NOAA records; affected HUCs=51; Rx24h/Rx72h=1.00.,,,9,Flood; Strong Wind,5,0,0,0.13891866170939413,0.38930168678631405,0.4679011494935805,0.9999300605690513
ALRF-2014-007,2014,2014-04-28 22:00:00+00:00,2014-05-03 03:00:00+00:00,2014-04-28 10:00:00+00:00,2014-05-03 15:00:00+00:00,108.04145050048828,1.789088791396649,031401060502,2014-04-30 03:00:00+00:00,53,162.7628173828125,1.8227304443183825,031401060602,2014-04-30 03:00:00+00:00,122,238.79690551757812,2.202442474014284,031401060703,2014-04-30 07:00:00+00:00,115,386.842041015625,2.567394100456994,031401060703,2014-04-30 09:00:00+00:00,125,425.09112548828125,2.2493389094792997,031401060703,2014-05-02 08:00:00+00:00,102,2.567394100456994,2014-04-30 09:00:00+00:00,24,187,9,71,312,AL-RF-20140430-0312,50.0,0.9563703262042029,187,50–100-year,Frontal/extratropical candidate,Prolonged or widespread non-tropical rainfall,,Medium–low,No nearby HURDAT2 system; 18 flood/heavy-rain NOAA records; affected HUCs=187; Rx24h/Rx72h=0.91.,,,105,Flash Flood; Flood; Hail; Heavy Rain; Lightning; Thunderstorm Wind; Tornado,18,102,0,0.2792908708082335,0.4207474889634302,0.6172982256288242,0.9100214467457504
ALRF-2014-008,2014,2014-05-14 21:00:00+00:00,2014-05-15 13:00:00+00:00,2014-05-14 09:00:00+00:00,2014-05-16 01:00:00+00:00,45.344207763671875,0.9202197375607852,031402020404,2014-05-14 19:00:00+00:00,0,64.2201919555664,1.0710510538556537,031502020603,2014-05-14 20:00:00+00:00,3,116.00666809082031,1.2990765128382549,031403030604,2014-05-14 22:00:00+00:00,18,147.6712188720703,1.1734581230084167,031403030604,2014-05-15 02:00:00+00:00,13,148.927734375,0.9449413323731611,031403030604,2014-05-15 02:00:00+00:00,0,1.2990765128382549,2014-05-14 22:00:00+00:00,6,22,6,12,313,AL-RF-20140514-0313,5.0,0.540362377030071,22,5–10-year,Convective candidate,Thunderstorm-associated rainfall,,Low,12 convective/heavy-rain NOAA Storm Events records; rainfall duration signature was not decisive.,,,12,Flash Flood; Thunderstorm Wind; Tornado,8,12,0,0.30706191842944164,0.43488631329847205,0.7855739864334603,0.9915629180273046
ALRF-2014-009,2014,2014-07-09 03:00:00+00:00,2014-07-09 06:00:00+00:00,2014-07-08 15:00:00+00:00,2014-07-09 18:00:00+00:00,40.299808502197266,0.9731290911377817,060300050507,2014-07-09 02:00:00+00:00,0,73.55939483642578,1.2700608633331805,060300050507,2014-07-09 03:00:00+00:00,4,81.66493225097656,1.1603721947316559,060300050507,2014-07-09 04:00:00+00:00,5,97.56998443603516,0.9684044099598474,060300050507,2014-07-09 09:00:00+00:00,0,105.41996002197266,0.8141140778625501,060300050507,2014-07-09 09:00:00+00:00,0,1.2700608633331805,2014-07-09 03:00:00+00:00,3,5,2,4,314,AL-RF-20140709-0314,5.0,0.6148460513689707,5,5–10-year,Convective,Organized or localized severe convection,,Medium,4 convective/heavy-rain NOAA Storm Events records; Rx3h/Rx24h=0.75.,Arthur,3273.486199743612,4,Flash Flood; Lightning; Thunderstorm Wind,1,4,0,0.41303489731124204,0.7539141802840994,0.8369882676830228,0.9255361547822506
ALRF-2014-010,2014,2014-07-21 16:00:00+00:00,2014-07-22 07:00:00+00:00,2014-07-21 04:00:00+00:00,2014-07-22 19:00:00+00:00,56.696964263916016,1.2797223869344538,031501100502,2014-07-21 16:00:00+00:00,3,75.80935668945312,1.2341961702247508,031501100603,2014-07-21 17:00:00+00:00,3,77.96282196044922,1.0470831263818543,031501100603,2014-07-21 18:00:00+00:00,1,92.42273712158203,0.8596078038310861,031501100603,2014-07-21 17:00:00+00:00,0,153.62860107421875,1.1245863195079797,031501100601,2014-07-21 23:00:00+00:00,5,1.2797223869344538,2014-07-21 16:00:00+00:00,1,6,3,4,315,AL-RF-20140721-0315,5.0,0.6497381797258843,6,5–10-year,Convective,Organized or localized severe convection,,Medium,2 convective/heavy-rain NOAA Storm Events records; Rx3h/Rx24h=0.82.,Two,3699.8996991587655,3,Flash Flood; Hail; Rip Current,1,2,0,0.6134525553958785,0.8202457430981078,0.843545910763162,0.6015985075391798
ALRF-2014-011,2014,2014-08-18 12:00:00+00:00,2014-08-20 19:00:00+00:00,2014-08-18 00:00:00+00:00,2014-08-21 07:00:00+00:00,50.50166320800781,1.2888424678246782,060300010303,2014-08-18 12:00:00+00:00,5,116.90863037109375,2.0679492766343994,060300020101,2014-08-18 14:00:00+00:00,15,132.73631286621094,1.9139706102722815,060300020101,2014-08-18 15:00:00+00:00,11,154.27525329589844,1.4998369231851847,060300020101,2014-08-18 16:00:00+00:00,8,163.94705200195312,1.2344534827045195,060300020101,2014-08-20 13:00:00+00:00,3,2.0679492766343994,2014-08-18 14:00:00+00:00,3,15,2,13,316,AL-RF-20140818-0316,50.0,0.9842618844460852,15,50–100-year,Convective,Organized or localized severe convection,,Medium,9 convective/heavy-rain NOAA Storm Events records; Rx3h/Rx24h=0.76.,,,9,Flash Flood; Lightning; Thunderstorm Wind,1,9,0,0.3273477899345666,0.7577925031622805,0.8603862902861289,0.9410065714024582
ALRF-2014-012,2014,2014-09-03 21:00:00+00:00,2014-09-03 21:00:00+00:00,2014-09-03 09:00:00+00:00,2014-09-04 09:00:00+00:00,47.42197799682617,1.1329870477942665,031300020903,2014-09-03 21:00:00+00:00,3,56.71029281616211,0.9763629869566365,031300020903,2014-09-03 23:00:00+00:00,0,64.76578521728516,0.9025501417406976,031501060602,2014-09-04 03:00:00+00:00,0,69.59175872802734,0.6757157612189527,031501060806,2014-09-04 05:00:00+00:00,0,75.7083511352539,0.5707927925229807,031501070103,2014-09-04 05:00:00+00:00,0,1.1329870477942665,2014-09-03 21:00:00+00:00,1,3,1,3,317,AL-RF-20140903-0317,2.0,0.5661773397103274,3,2–5-year,Unclassified,Insufficient external evidence,,Low,No nearby HURDAT2 track and no matching Alabama NOAA Storm Events record within the configured time buffer.,Dolly,1464.2842456923881,0,,0,0,0,0.6814309461865558,0.8148995492094474,0.9306530888290573,0.9192084847245029
ALRF-2014-013,2014,2014-09-08 21:00:00+00:00,2014-09-08 22:00:00+00:00,2014-09-08 09:00:00+00:00,2014-09-09 10:00:00+00:00,64.52058410644531,1.1421005087720313,031403040203,2014-09-08 21:00:00+00:00,2,86.8701171875,1.0748125795867243,031403040504,2014-09-08 22:00:00+00:00,4,87.21083068847656,0.8925359209812471,031403040504,2014-09-08 22:00:00+00:00,0,93.690673828125,0.699793682102669,031403040203,2014-09-08 21:00:00+00:00,0,136.0752410888672,0.863392706248663,031403030604,2014-09-08 22:00:00+00:00,0,1.1421005087720313,2014-09-08 21:00:00+00:00,1,4,3,2,318,AL-RF-20140908-0318,2.0,0.5665187172416448,4,2–5-year,Unclassified,Insufficient external evidence,,Low,No nearby HURDAT2 track and no matching Alabama NOAA Storm Events record within the configured time buffer.,Edouard,5836.059896201401,0,,0,0,0,0.6886553535179815,0.9272013279236601,0.9308379065398156,0.6885210937597243
ALRF-2014-014,2014,2014-10-13 07:00:00+00:00,2014-10-16 07:00:00+00:00,2014-10-12 19:00:00+00:00,2014-10-16 19:00:00+00:00,42.71147918701172,1.0909763054485278,031501050704,2014-10-14 07:00:00+00:00,7,94.87108612060547,1.5737461322111879,060300060206,2014-10-13 08:00:00+00:00,60,104.71830749511719,1.4430283839733955,031501070402,2014-10-14 06:00:00+00:00,78,175.37265014648438,1.6603553464354193,060300060206,2014-10-14 04:00:00+00:00,65,214.9067840576172,1.6140699360432569,060300050804,2014-10-14 05:00:00+00:00,125,1.6603553464354193,2014-10-14 04:00:00+00:00,24,181,13,117,319,AL-RF-20141014-0319,10.0,0.8028621547435406,181,10–25-year,Frontal/extratropical candidate,Prolonged or widespread non-tropical rainfall,,Medium–low,No nearby HURDAT2 system; 3 flood/heavy-rain NOAA records; affected HUCs=181; Rx24h/Rx72h=0.82.,Gonzalo,1729.6717866435795,47,Flash Flood; Hail; Heavy Rain; Thunderstorm Wind; Tornado,3,47,0,0.2435469792543814,0.5409685378042816,0.5971188061972527,0.8160405494666302
ALRF-2014-015,2014,2014-11-17 04:00:00+00:00,2014-11-19 22:00:00+00:00,2014-11-16 16:00:00+00:00,2014-11-20 10:00:00+00:00,43.637001037597656,0.8315280110857803,031602030702,2014-11-17 08:00:00+00:00,0,63.40144729614258,1.0761672744687265,031501080404,2014-11-17 05:00:00+00:00,1,97.27479553222656,1.3299764861797085,031601130101,2014-11-17 05:00:00+00:00,55,147.1151580810547,1.4083766937012707,031501070203,2014-11-17 12:00:00+00:00,108,147.1151580810547,1.101308740675596,031501070203,2014-11-17 12:00:00+00:00,12,1.4083766937012707,2014-11-17 12:00:00+00:00,24,108,1,108,320,AL-RF-20141117-0320,5.0,0.6211089572420897,108,5–10-year,Convective candidate,Thunderstorm-associated rainfall,,Low,9 convective/heavy-rain NOAA Storm Events records; rainfall duration signature was not decisive.,,,9,Thunderstorm Wind; Tornado,0,9,0,0.2966179801374062,0.43096474981327804,0.6612153145947881,1.0
ALRF-2014-016,2014,2014-12-06 11:00:00+00:00,2014-12-06 12:00:00+00:00,2014-12-05 23:00:00+00:00,2014-12-07 00:00:00+00:00,46.04853439331055,1.050144459965296,031601120301,2014-12-06 12:00:00+00:00,1,65.84676361083984,1.0867938209517993,031601100506,2014-12-06 11:00:00+00:00,1,90.11090087890625,1.2186602774279403,031601100506,2014-12-06 11:00:00+00:00,6,105.4239501953125,0.9862374397909655,031601100506,2014-12-06 12:00:00+00:00,0,105.4239501953125,0.7838569963184348,031601100506,2014-12-06 12:00:00+00:00,0,1.2186602774279403,2014-12-06 11:00:00+00:00,6,6,5,2,321,AL-RF-20141206-0321,5.0,0.5969338140437432,6,5–10-year,Convective candidate,Thunderstorm-associated rainfall,,Low,1 convective/heavy-rain NOAA Storm Events records; rainfall duration signature was not decisive.,,,1,Thunderstorm Wind,0,1,0,0.43679386238135876,0.6245901760354224,0.8547479079655362,1.0
ALRF-2014-017,2014,2014-12-24 00:00:00+00:00,2014-12-26 19:00:00+00:00,2014-12-23 12:00:00+00:00,2014-12-27 07:00:00+00:00,52.22547912597656,1.033947680383284,031402010407,2014-12-24 04:00:00+00:00,1,105.30460357666016,1.3520857851629893,031402020903,2014-12-24 06:00:00+00:00,21,138.76791381835938,1.6088996140738485,031402030201,2014-12-24 10:00:00+00:00,50,169.20765686035156,1.4326326081798988,031402030201,2014-12-24 14:00:00+00:00,52,173.6377716064453,1.1813443016726368,031402030201,2014-12-24 14:00:00+00:00,13,1.6088996140738485,2014-12-24 10:00:00+00:00,6,55,5,49,322,AL-RF-20141224-0322,10.0,0.6484710671821737,55,10–25-year,Convective,Organized or localized severe convection,,Medium,21 convective/heavy-rain NOAA Storm Events records; Rx3h/Rx24h=0.62.,,,22,Flash Flood; Flood; Hail; Heavy Rain; Thunderstorm Wind,8,21,0,0.30864725683825683,0.6223394705097116,0.8201042221918222,0.9744864570357726
ALRF-2015-001,2015,2015-01-04 09:00:00+00:00,2015-01-04 11:00:00+00:00,2015-01-03 21:00:00+00:00,2015-01-04 23:00:00+00:00,45.14647674560547,1.0151361315162792,031601060605,2015-01-04 00:00:00+00:00,1,62.47108459472656,0.9906828032682524,031601060606,2015-01-04 00:00:00+00:00,0,80.30564880371094,1.1205009133469463,031501080404,2015-01-04 09:00:00+00:00,10,104.6657943725586,1.005536919623327,031501080404,2015-01-04 12:00:00+00:00,1,132.63673400878906,0.9938174799455771,031501070104,2015-01-04 12:00:00+00:00,0,1.1205009133469463,2015-01-04 09:00:00+00:00,6,11,4,7,323,AL-RF-20150104-0323,2.0,0.5189906257299723,11,2–5-year,Convective,Organized or localized severe convection,,Medium,29 convective/heavy-rain NOAA Storm Events records; Rx3h/Rx24h=0.60.,,,29,Flash Flood; Thunderstorm Wind; Tornado,3,29,0,0.43133935987631533,0.5968624703918103,0.7672578160335978,0.7891161913382382
ALRF-2015-002,2015,2015-04-01 03:00:00+00:00,2015-04-01 04:00:00+00:00,2015-03-31 15:00:00+00:00,2015-04-01 16:00:00+00:00,27.620208740234375,0.6532541562123043,060300051202,2015-04-01 02:00:00+00:00,0,73.34527587890625,1.245822642583385,060300051202,2015-04-01 02:00:00+00:00,2,111.66065979003906,1.567715250879464,060300051202,2015-04-01 04:00:00+00:00,2,116.13360595703125,1.1347653900592696,060300051202,2015-04-01 08:00:00+00:00,1,147.5503692626953,1.1207679458868114,060300051202,2015-04-01 08:00:00+00:00,1,1.567715250879464,2015-04-01 04:00:00+00:00,6,2,1,2,324,AL-RF-20150401-0324,10.0,0.7660519233492163,2,10–25-year,Convective,Organized or localized severe convection,,Medium,73 convective/heavy-rain NOAA Storm Events records; Rx3h/Rx24h=0.63.,,,73,Flash Flood; Hail; Lightning,2,73,0,0.23783131947572256,0.631559446333248,0.9614844804814969,0.7870777046329829
ALRF-2015-003,2015,2015-04-13 03:00:00+00:00,2015-04-16 04:00:00+00:00,2015-04-12 15:00:00+00:00,2015-04-16 16:00:00+00:00,56.878623962402344,0.9243319242781711,031700080603,2015-04-13 05:00:00+00:00,0,114.07763671875,1.3303277109173979,031700080602,2015-04-13 05:00:00+00:00,11,184.294921875,1.7569943008701459,031602050102,2015-04-13 07:00:00+00:00,14,239.15921020507812,1.6163477021383479,031700080602,2015-04-13 20:00:00+00:00,13,308.2323913574219,1.6695668372419767,031700080602,2015-04-15 06:00:00+00:00,26,1.7569943008701459,2015-04-13 07:00:00+00:00,6,26,2,23,325,AL-RF-20150413-0325,25.0,0.7670058316923434,26,25–50-year,Convective candidate,Thunderstorm-associated rainfall,,Low,3 convective/heavy-rain NOAA Storm Events records; rainfall duration signature was not decisive.,,,6,Flash Flood; Flood; Hail,5,3,0,0.23782744521370988,0.4769945369067278,0.7705951266395628,0.7759055080222005
ALRF-2015-004,2015,2015-04-17 09:00:00+00:00,2015-04-18 02:00:00+00:00,2015-04-16 21:00:00+00:00,2015-04-18 14:00:00+00:00,52.65912628173828,0.9931432864793031,031403030604,2015-04-17 21:00:00+00:00,0,81.23619079589844,1.2120764912170632,031602010909,2015-04-17 08:00:00+00:00,2,114.75702667236328,1.4221231648703145,031602010909,2015-04-17 10:00:00+00:00,4,137.69407653808594,1.2096393450518685,031602010909,2015-04-17 18:00:00+00:00,10,158.46266174316406,1.1105822277752688,031602010909,2015-04-17 17:00:00+00:00,6,1.4221231648703145,2015-04-17 10:00:00+00:00,6,10,3,4,326,AL-RF-20150417-0326,10.0,0.646932758675441,10,10–25-year,Convective,Organized or localized severe convection,,Medium,38 convective/heavy-rain NOAA Storm Events records; Rx3h/Rx24h=0.59.,,,40,Flash Flood; Flood; Hail; Thunderstorm Wind; Tornado,17,38,0,0.3824356690258412,0.5899759295268497,0.8334202135457998,0.8689370418456065
ALRF-2015-005,2015,2015-04-19 14:00:00+00:00,2015-04-19 18:00:00+00:00,2015-04-19 02:00:00+00:00,2015-04-20 06:00:00+00:00,53.19393539428711,1.0531209484687134,031402010407,2015-04-19 14:00:00+00:00,3,90.11553955078125,1.3162175945438175,031402010207,2015-04-19 16:00:00+00:00,18,100.01937866210938,1.1364920970203298,031402010903,2015-04-19 17:00:00+00:00,7,102.68011474609375,0.8541969895621503,031402010903,2015-04-19 19:00:00+00:00,0,147.31585693359375,1.0324600810070084,031602010909,2015-04-19 10:00:00+00:00,1,1.3162175945438175,2015-04-19 16:00:00+00:00,3,20,4,16,327,AL-RF-20150419-0327,5.0,0.5815308496973538,20,5–10-year,Convective,Organized or localized severe convection,,Medium,59 convective/heavy-rain NOAA Storm Events records; Rx3h/Rx24h=0.88.,,,59,Flash Flood; Hail; Thunderstorm Wind; Tornado,14,59,0,0.5180548884837584,0.8776338025489936,0.9740871337107111,0.6970065333318418
ALRF-2015-006,2015,2015-05-25 17:00:00+00:00,2015-05-25 22:00:00+00:00,2015-05-25 05:00:00+00:00,2015-05-26 10:00:00+00:00,35.90866470336914,0.7136437381329728,031402010503,2015-05-25 20:00:00+00:00,0,53.26316452026367,0.8860929581770234,060300060204,2015-05-25 13:00:00+00:00,0,76.82706451416016,1.0786517019120618,060300051202,2015-05-25 15:00:00+00:00,1,111.75541687011719,1.0919852024811496,060300051202,2015-05-25 19:00:00+00:00,4,111.75541687011719,0.8488754696658871,060300051202,2015-05-25 19:00:00+00:00,0,1.0919852024811496,2015-05-25 19:00:00+00:00,24,4,2,3,328,AL-RF-20150525-0328,2.0,0.5270748054597907,4,2–5-year,Convective candidate,Thunderstorm-associated rainfall,,Low,6 convective/heavy-rain NOAA Storm Events records; rainfall duration signature was not decisive.,,,6,Thunderstorm Wind,0,6,0,0.3213147577902412,0.4766047679117554,0.6874571870055214,1.0
ALRF-2015-007,2015,2015-05-27 23:00:00+00:00,2015-05-28 09:00:00+00:00,2015-05-27 11:00:00+00:00,2015-05-28 21:00:00+00:00,46.711151123046875,1.0493698487246697,031602010402,2015-05-27 21:00:00+00:00,1,69.66069030761719,1.1563568782268816,031502011001,2015-05-28 01:00:00+00:00,2,74.95638275146484,1.0238741203866522,031502011001,2015-05-28 03:00:00+00:00,2,74.76568603515625,0.7251952695504567,060300050804,2015-05-28 03:00:00+00:00,0,165.60830688476562,1.2139330338340342,060300060106,2015-05-28 02:00:00+00:00,11,1.2139330338340342,2015-05-28 02:00:00+00:00,72,14,5,7,329,AL-RF-20150528-0329,2.0,0.5668178650470331,14,2–5-year,Convective,Organized or localized severe convection,,Medium,11 convective/heavy-rain NOAA Storm Events records; Rx3h/Rx24h=0.93.,,,11,Flash Flood; Hail; Thunderstorm Wind,3,11,0,0.6247672374875608,0.9317200710879775,1.0025505914065835,0.4514609649815457
ALRF-2015-008,2015,2015-06-10 01:00:00+00:00,2015-06-10 01:00:00+00:00,2015-06-09 13:00:00+00:00,2015-06-10 13:00:00+00:00,63.0837287902832,1.418861798844513,031502010407,2015-06-10 01:00:00+00:00,5,62.558746337890625,1.1124469232754777,031300020803,2015-06-09 23:00:00+00:00,2,63.16515350341797,0.9170334304786861,031300020803,2015-06-09 23:00:00+00:00,0,67.76390075683594,0.6330308442707028,031502010407,2015-06-10 03:00:00+00:00,0,85.1703109741211,0.6060147114405046,031402020103,2015-06-10 04:00:00+00:00,0,1.418861798844513,2015-06-10 01:00:00+00:00,1,5,3,3,330,AL-RF-20150610-0330,10.0,0.7153946274090404,5,10–25-year,Convective,Organized or localized severe convection,,Medium,20 convective/heavy-rain NOAA Storm Events records; Rx3h/Rx24h=0.92.,,,20,Flash Flood; Hail; Lightning; Thunderstorm Wind,1,20,0,0.9309341417143758,0.9231869127837918,0.9321357359588829,0.7956281946349347
ALRF-2015-009,2015,2015-07-02 03:00:00+00:00,2015-07-02 06:00:00+00:00,2015-07-01 15:00:00+00:00,2015-07-02 18:00:00+00:00,50.17777633666992,1.1587329873699235,031501070405,2015-07-02 03:00:00+00:00,2,90.32559204101562,1.5093445405991637,031501070405,2015-07-02 03:00:00+00:00,6,95.3701171875,1.3125244594927008,031501070405,2015-07-02 04:00:00+00:00,3,104.67886352539062,0.9918951548449582,031501070405,2015-07-02 04:00:00+00:00,0,110.15812683105469,0.8182886663387011,031501070405,2015-07-02 18:00:00+00:00,0,1.5093445405991637,2015-07-02 03:00:00+00:00,3,6,2,4,331,AL-RF-20150702-0331,10.0,0.707927993346962,6,10–25-year,Convective,Organized or localized severe convection,,Medium,13 convective/heavy-rain NOAA Storm Events records; Rx3h/Rx24h=0.86.,,,13,Hail; Lightning; Thunderstorm Wind,0,13,0,0.47934964754846554,0.8628828112860291,0.9110732957505531,0.9502600174559305
ALRF-2015-010,2015,2015-07-04 07:00:00+00:00,2015-07-06 09:00:00+00:00,2015-07-03 19:00:00+00:00,2015-07-06 21:00:00+00:00,41.302223205566406,0.959396453763554,031501060807,2015-07-04 13:00:00+00:00,0,63.26118087768555,1.0511825600075633,031502020301,2015-07-04 13:00:00+00:00,2,100.37743377685547,1.3720590761530709,031601090603,2015-07-04 13:00:00+00:00,21,124.4402847290039,1.1577523641184748,031601030106,2015-07-04 08:00:00+00:00,17,172.83607482910156,1.240452470775486,031601030106,2015-07-04 16:00:00+00:00,15,1.3720590761530709,2015-07-04 13:00:00+00:00,6,35,7,9,332,AL-RF-20150704-0332,5.0,0.6446826315720382,35,5–10-year,Frontal/extratropical candidate,Prolonged or widespread non-tropical rainfall,,Medium–low,No nearby HURDAT2 system; 1 flood/heavy-rain NOAA records; affected HUCs=35; Rx24h/Rx72h=0.72.,,,23,Flash Flood; Hail; Lightning; Thunderstorm Wind,1,23,0,0.3319039593609986,0.5083657676889014,0.8066313412529504,0.719990226878556
ALRF-2015-011,2015,2015-08-06 17:00:00+00:00,2015-08-07 09:00:00+00:00,2015-08-06 05:00:00+00:00,2015-08-07 21:00:00+00:00,38.902584075927734,0.9103923333745981,031300030301,2015-08-07 01:00:00+00:00,0,79.6343994140625,1.3935803073073485,060300050509,2015-08-06 18:00:00+00:00,27,105.31256866455078,1.5120556056803003,060300050509,2015-08-06 19:00:00+00:00,26,134.37420654296875,1.34243257503209,060300050509,2015-08-06 22:00:00+00:00,15,135.1348114013672,1.0474127248896614,060300050509,2015-08-06 20:00:00+00:00,1,1.5120556056803003,2015-08-06 19:00:00+00:00,6,34,3,17,333,AL-RF-20150806-0333,10.0,0.7461920835378133,34,10–25-year,Convective,Organized or localized severe convection,,Medium,19 convective/heavy-rain NOAA Storm Events records; Rx3h/Rx24h=0.59.,,,19,Flash Flood; Thunderstorm Wind; Tornado,1,19,0,0.2895093119190838,0.5926315880317244,0.7837260689675221,0.994371510564074
ALRF-2015-012,2015,2015-09-10 00:00:00+00:00,2015-09-10 02:00:00+00:00,2015-09-09 12:00:00+00:00,2015-09-10 14:00:00+00:00,43.360252380371094,1.0458964475480663,031501081005,2015-09-10 00:00:00+00:00,3,62.97837829589844,1.083930039218177,031501090101,2015-09-10 02:00:00+00:00,3,66.27903747558594,0.9264014522591829,031501090101,2015-09-10 05:00:00+00:00,0,78.02883911132812,0.7375465272750427,031501090101,2015-09-10 05:00:00+00:00,0,93.724365234375,0.6989362230992745,031501090101,2015-09-10 05:00:00+00:00,0,1.083930039218177,2015-09-10 02:00:00+00:00,3,3,1,3,334,AL-RF-20150910-0334,2.0,0.490337829986247,3,2–5-year,Convective,Organized or localized severe convection,,Medium,6 convective/heavy-rain NOAA Storm Events records; Rx3h/Rx24h=0.81.,Henri,2203.0065339297703,6,Thunderstorm Wind,0,6,0,0.5556952131314755,0.8071166893312823,0.8494171928025472,0.8325352635486266
ALRF-2015-013,2015,2015-09-27 22:00:00+00:00,2015-10-01 21:00:00+00:00,2015-09-27 10:00:00+00:00,2015-10-02 09:00:00+00:00,89.04832458496094,1.4650959993824293,031602050102,2015-09-27 23:00:00+00:00,4,170.23043823242188,1.9852563371346317,031602050102,2015-09-28 00:00:00+00:00,26,209.1717071533203,1.9941596525428567,031602050102,2015-09-28 01:00:00+00:00,30,249.24905395507812,1.6865703545420374,031602050102,2015-09-28 08:00:00+00:00,46,212.3202362060547,1.4021657365896092,031402030203,2015-09-30 22:00:00+00:00,25,1.9941596525428567,2015-09-28 01:00:00+00:00,6,50,4,27,335,AL-RF-20150928-0335,50.0,0.9322396281632804,50,50–100-year,Convective,Organized or localized severe convection,,Medium,5 convective/heavy-rain NOAA Storm Events records; Rx3h/Rx24h=0.68.,Joaquin,1312.0830151601976,5,Flash Flood; Thunderstorm Wind,3,5,0,0.35726644964923326,0.6829732571947988,0.8392076272073598,1.173929807204926
ALRF-2015-014,2015,2015-10-26 21:00:00+00:00,2015-10-29 00:00:00+00:00,2015-10-26 09:00:00+00:00,2015-10-29 12:00:00+00:00,32.19987487792969,0.5465102035533235,031700030402,2015-10-26 09:00:00+00:00,0,52.056846618652344,0.6904483093161712,031700080104,2015-10-26 22:00:00+00:00,0,89.96803283691406,0.8383831204774753,031401060702,2015-10-26 18:00:00+00:00,0,173.16468811035156,1.2244629020121467,031602040301,2015-10-27 06:00:00+00:00,27,194.8240509033203,1.1005433510679699,031602040301,2015-10-28 01:00:00+00:00,8,1.2244629020121467,2015-10-27 06:00:00+00:00,24,27,4,21,336,AL-RF-20151027-0336,2.0,0.506830867310691,27,2–5-year,Non-tropical heavy rain,Meteorological mechanism unresolved,,Low,2 flood/heavy-rain NOAA Storm Events records; no nearby HURDAT2 track.,,,7,Coastal Flood; High Surf; High Wind; Strong Wind; Wildfire,2,0,0,0.1859494290048897,0.3006204508939975,0.5195518429229676,0.8888260320399712
ALRF-2015-015,2015,2015-11-01 09:00:00+00:00,2015-11-01 14:00:00+00:00,2015-10-31 21:00:00+00:00,2015-11-02 02:00:00+00:00,58.1742057800293,1.1834907181580174,031402010205,2015-11-01 09:00:00+00:00,4,75.63196563720703,1.1200972257155535,031300040604,2015-11-01 11:00:00+00:00,9,83.00218963623047,1.0292785009482324,031300040405,2015-11-01 14:00:00+00:00,3,124.29499053955078,0.9853226735144075,031402020905,2015-11-02 01:00:00+00:00,0,124.51168060302734,0.7916972238270772,031402020905,2015-11-02 01:00:00+00:00,0,1.1834907181580174,2015-11-01 09:00:00+00:00,1,10,2,8,337,AL-RF-20151101-0337,2.0,0.573995874290359,10,2–5-year,Convective,Organized or localized severe convection,,Medium,4 convective/heavy-rain NOAA Storm Events records; Rx3h/Rx24h=0.61.,,,4,Flash Flood; Thunderstorm Wind,1,4,0,0.46803338998218286,0.6084876414479542,0.6677838686493088,0.998259680839363
ALRF-2015-016,2015,2015-11-02 12:00:00+00:00,2015-11-04 05:00:00+00:00,2015-11-02 00:00:00+00:00,2015-11-04 17:00:00+00:00,53.74415969848633,0.9861602859467654,031401030302,2015-11-02 09:00:00+00:00,0,78.43856048583984,1.285353559900424,031501100501,2015-11-02 12:00:00+00:00,16,97.15089416503906,1.3124924998365122,031501100501,2015-11-02 14:00:00+00:00,32,112.75048065185547,1.0244435769948959,031402020204,2015-11-03 02:00:00+00:00,2,158.47238159179688,1.1466219662607509,031402020202,2015-11-03 03:00:00+00:00,15,1.3124924998365122,2015-11-02 14:00:00+00:00,6,42,4,35,338,AL-RF-20151102-0338,5.0,0.6449611258991779,42,5–10-year,Convective,Organized or localized severe convection,,Medium,2 convective/heavy-rain NOAA Storm Events records; Rx3h/Rx24h=0.70.,,,2,Flash Flood; Thunderstorm Wind,1,2,0,0.47666457284944524,0.6956827148971363,0.8616450555542736,0.7114834744030366
ALRF-2015-017,2015,2015-11-07 09:00:00+00:00,2015-11-07 11:00:00+00:00,2015-11-06 21:00:00+00:00,2015-11-07 23:00:00+00:00,42.90776824951172,1.021844330281789,031501060503,2015-11-07 08:00:00+00:00,1,68.37382507324219,1.1404844929505686,031501070404,2015-11-07 06:00:00+00:00,5,77.18096160888672,1.074311489186444,031501060511,2015-11-07 11:00:00+00:00,6,110.39696502685547,1.0360188316947412,031601081002,2015-11-07 23:00:00+00:00,1,111.23638153076172,0.8301259527316471,031601081002,2015-11-07 23:00:00+00:00,0,1.1404844929505686,2015-11-07 06:00:00+00:00,3,9,3,7,339,AL-RF-20151107-0339,2.0,0.5377316426236156,9,2–5-year,Unclassified,Insufficient external evidence,,Low,No nearby HURDAT2 track and no matching Alabama NOAA Storm Events record within the configured time buffer.,Kate,1624.4600036070656,0,,0,0,0,0.38866800585572125,0.6193451518944328,0.6991221324799234,0.9924537593514392
ALRF-2015-018,2015,2015-11-18 16:00:00+00:00,2015-11-19 15:00:00+00:00,2015-11-18 04:00:00+00:00,2015-11-20 03:00:00+00:00,63.43766403198242,1.3493262775633388,031402020102,2015-11-18 21:00:00+00:00,8,79.76414489746094,1.3355427480409794,031501070704,2015-11-18 19:00:00+00:00,59,114.25059509277344,1.568611579951939,031501070704,2015-11-18 21:00:00+00:00,91,119.92897033691406,1.133642625689608,031501070704,2015-11-18 23:00:00+00:00,4,119.92897033691406,0.8803188629349744,031501070704,2015-11-18 23:00:00+00:00,0,1.568611579951939,2015-11-18 21:00:00+00:00,6,101,15,29,340,AL-RF-20151118-0340,10.0,0.7351744273854579,101,10–25-year,Convective,Organized or localized severe convection,,Medium,10 convective/heavy-rain NOAA Storm Events records; Rx3h/Rx24h=0.67.,,,14,Flash Flood; Funnel Cloud; Strong Wind; Thunderstorm Wind,9,10,0,0.5289602991985027,0.6650948863596604,0.9526521804682515,1.0
ALRF-2015-019,2015,2015-12-01 20:00:00+00:00,2015-12-02 20:00:00+00:00,2015-12-01 08:00:00+00:00,2015-12-03 08:00:00+00:00,36.98582458496094,0.7423803211552458,031300040703,2015-12-02 11:00:00+00:00,0,58.76913833618164,0.8652402690753146,031300040710,2015-12-02 13:00:00+00:00,0,64.840087890625,0.9665354369467998,031501050804,2015-12-02 04:00:00+00:00,0,107.73114013671875,1.0820931858567346,031501050502,2015-12-02 12:00:00+00:00,10,164.05874633789062,1.2746072393545649,060300010303,2015-12-02 09:00:00+00:00,23,1.2746072393545649,2015-12-02 09:00:00+00:00,72,33,5,21,341,AL-RF-20151202-0341,5.0,0.6366620150170165,33,5–10-year,Unclassified,Insufficient external evidence,,Low,No nearby HURDAT2 track and no matching Alabama NOAA Storm Events record within the configured time buffer.,,,0,,0,0,0,0.34331600443495913,0.5455167211782895,0.6018695041038102,0.6566619734789318
ALRF-2015-020,2015,2015-12-22 07:00:00+00:00,2015-12-22 12:00:00+00:00,2015-12-21 19:00:00+00:00,2015-12-23 00:00:00+00:00,37.80292892456055,0.8352283191406122,031501100701,2015-12-22 07:00:00+00:00,0,86.3592300415039,1.2961100474117597,031403030405,2015-12-22 07:00:00+00:00,17,103.69583129882812,1.3591761381732856,031502010302,2015-12-22 08:00:00+00:00,30,110.84400177001953,1.0103869738082476,031502010302,2015-12-22 09:00:00+00:00,1,110.84400177001953,0.7965386412096934,031502010302,2015-12-22 09:00:00+00:00,0,1.3591761381732856,2015-12-22 08:00:00+00:00,6,31,3,21,342,AL-RF-20151222-0342,5.0,0.5815449488343909,31,5–10-year,Convective,Organized or localized severe convection,,Medium,5 convective/heavy-rain NOAA Storm Events records; Rx3h/Rx24h=0.78.,,,5,Flash Flood; Hail; Thunderstorm Wind; Tornado,1,5,0,0.3410462300250989,0.7791060288556081,0.9355114362794072,1.0
ALRF-2015-021,2015,2015-12-23 13:00:00+00:00,2015-12-28 22:00:00+00:00,2015-12-23 01:00:00+00:00,2015-12-29 10:00:00+00:00,68.78010559082031,1.5796696238781058,031501100303,2015-12-24 16:00:00+00:00,60,129.08372497558594,2.1044485351387148,031501100504,2015-12-24 17:00:00+00:00,305,165.9597930908203,2.221303781709612,060300060102,2015-12-25 20:00:00+00:00,361,277.52630615234375,2.546111626423432,031300031201,2015-12-25 04:00:00+00:00,456,376.60260009765625,2.8856274278790304,031300030804,2015-12-25 04:00:00+00:00,779,2.8856274278790304,2015-12-25 04:00:00+00:00,72,822,9,440,343,AL-RF-20151225-0343,200.0,1.2569934246590344,822,200–500-year,Frontal/extratropical candidate,Prolonged or widespread non-tropical rainfall,,Medium–low,No nearby HURDAT2 system; 72 flood/heavy-rain NOAA records; affected HUCs=822; Rx24h/Rx72h=0.74.,,,88,Flash Flood; Flood; Hail; Heavy Rain; Thunderstorm Wind; Tornado,72,72,0,0.24783274257635435,0.46512248429785763,0.5979966201824459,0.7369208446260829
ALRF-2015-022,2015,2015-12-31 14:00:00+00:00,2015-12-31 21:00:00+00:00,2015-12-31 02:00:00+00:00,2016-01-01 09:00:00+00:00,17.881052017211914,0.364194756669874,031402020502,2015-12-31 13:00:00+00:00,0,34.43656539916992,0.5094148312890601,031402020502,2015-12-31 15:00:00+00:00,0,48.57357406616211,0.591073437085027,031402020503,2015-12-31 15:00:00+00:00,0,120.69366455078125,1.0378684165509717,031402020504,2015-12-31 15:00:00+00:00,2,174.17396545410156,1.2022645631869773,031402020504,2015-12-31 20:00:00+00:00,10,1.2022645631869773,2015-12-31 20:00:00+00:00,72,10,3,7,344,AL-RF-20151231-0344,2.0,0.49610453797698295,10,2–5-year,Frontal/extratropical candidate,Prolonged or widespread non-tropical rainfall,,Medium–low,No nearby HURDAT2 system; 7 flood/heavy-rain NOAA records; affected HUCs=10; Rx24h/Rx72h=0.69.,,,8,Flash Flood; Flood; Hail,7,5,0,0.1481523664374989,0.28532206331908094,0.402453386819861,0.6929489389307527
ALRF-2016-001,2016,2016-02-03 06:00:00+00:00,2016-02-03 18:00:00+00:00,2016-02-02 18:00:00+00:00,2016-02-04 06:00:00+00:00,51.35721969604492,1.154024667471719,031601060502,2016-02-03 00:00:00+00:00,1,72.41743469238281,1.1588783682116552,031601060502,2016-02-03 01:00:00+00:00,5,77.36919403076172,1.092094981724834,060300021009,2016-02-03 07:00:00+00:00,12,103.7009048461914,0.9936851830427962,031601060502,2016-02-03 11:00:00+00:00,0,103.7009048461914,0.7864912162507549,031601060502,2016-02-03 11:00:00+00:00,0,1.1588783682116552,2016-02-03 01:00:00+00:00,3,14,9,3,345,AL-RF-20160203-0345,2.0,0.575215810454256,14,2–5-year,Convective,Organized or localized severe convection,,Medium,10 convective/heavy-rain NOAA Storm Events records; Rx3h/Rx24h=0.70.,,,11,Flash Flood; Flood; Thunderstorm Wind; Tornado,3,10,0,0.4952436989071374,0.6983298246027067,0.7460802212431538,1.0
ALRF-2016-002,2016,2016-02-24 02:00:00+00:00,2016-02-25 20:00:00+00:00,2016-02-23 14:00:00+00:00,2016-02-26 08:00:00+00:00,63.32538986206055,1.2726358871358796,031300040702,2016-02-24 06:00:00+00:00,17,88.56432342529297,1.4262734590508708,031502030110,2016-02-24 04:00:00+00:00,43,94.31844329833984,1.2577269999439917,031502030110,2016-02-24 06:00:00+00:00,24,102.69783782958984,0.9502294097172815,031502030110,2016-02-24 05:00:00+00:00,0,160.19996643066406,1.1779239976969766,031502030110,2016-02-24 06:00:00+00:00,17,1.4262734590508708,2016-02-24 04:00:00+00:00,3,50,6,20,346,AL-RF-20160224-0346,10.0,0.6784052398359266,50,10–25-year,Convective,Organized or localized severe convection,,Medium,31 convective/heavy-rain NOAA Storm Events records; Rx3h/Rx24h=0.86.,,,38,Flash Flood; Flood; High Wind; Thunderstorm Wind; Tornado,6,31,0,0.6166185306368241,0.8623776828899834,0.9184072935872883,0.6410602955652825
ALRF-2016-003,2016,2016-03-11 18:00:00+00:00,2016-03-14 02:00:00+00:00,2016-03-11 06:00:00+00:00,2016-03-14 14:00:00+00:00,48.242313385009766,0.7979348050876746,031700080601,2016-03-11 16:00:00+00:00,0,68.48115539550781,1.0217662563083696,031602010909,2016-03-11 07:00:00+00:00,1,104.29650115966797,0.9728408988745124,031700090102,2016-03-11 20:00:00+00:00,0,142.291259765625,1.268995696087703,031602010802,2016-03-12 02:00:00+00:00,30,154.63853454589844,1.0786342101046913,031700020507,2016-03-12 23:00:00+00:00,8,1.268995696087703,2016-03-12 02:00:00+00:00,24,30,2,29,347,AL-RF-20160312-0347,5.0,0.5773337082624248,30,5–10-year,Frontal/extratropical candidate,Prolonged or widespread non-tropical rainfall,,Medium–low,No nearby HURDAT2 system; 7 flood/heavy-rain NOAA records; affected HUCs=30; Rx24h/Rx72h=0.92.,,,9,Flash Flood; Heavy Rain; Strong Wind; Thunderstorm Wind,7,8,0,0.3390391895079998,0.48127450349590356,0.7329789709604083,0.9201539589305366
ALRF-2016-004,2016,2016-03-31 21:00:00+00:00,2016-04-03 21:00:00+00:00,2016-03-31 09:00:00+00:00,2016-04-04 09:00:00+00:00,66.78360748291016,1.2661757870311172,031402030101,2016-03-31 21:00:00+00:00,8,95.80412292480469,1.3012402061166248,031402011004,2016-03-31 22:00:00+00:00,31,117.29610443115234,1.3303515668072736,031402011004,2016-04-01 01:00:00+00:00,38,197.7733612060547,1.6371864735708612,031402011004,2016-04-01 20:00:00+00:00,56,246.86485290527344,1.6464112637598889,031402011004,2016-04-02 08:00:00+00:00,35,1.6464112637598889,2016-04-02 08:00:00+00:00,72,82,10,30,348,AL-RF-20160402-0348,10.0,0.6447059131073132,82,10–25-year,Frontal/extratropical candidate,Prolonged or widespread non-tropical rainfall,,Medium–low,No nearby HURDAT2 system; 25 flood/heavy-rain NOAA records; affected HUCs=82; Rx24h/Rx72h=0.80.,,,56,Flash Flood; Flood; Hail; Heavy Rain; Thunderstorm Wind; Tornado,25,54,0,0.3376774661443415,0.4844136861535613,0.5930834350787249,0.8011402144879002
ALRF-2016-005,2016,2016-06-14 04:00:00+00:00,2016-06-14 05:00:00+00:00,2016-06-13 16:00:00+00:00,2016-06-14 17:00:00+00:00,54.841270446777344,1.2432661785775074,031601130301,2016-06-14 03:00:00+00:00,2,79.24549102783203,1.293340227666303,031601130301,2016-06-14 04:00:00+00:00,5,93.55223846435547,1.2672248537847528,031601130301,2016-06-14 06:00:00+00:00,2,94.59862518310547,0.9009770863008654,031601130301,2016-06-14 07:00:00+00:00,0,94.93598175048828,0.7203657635377568,031601130301,2016-06-14 07:00:00+00:00,0,1.293340227666303,2016-06-14 04:00:00+00:00,3,5,2,4,349,AL-RF-20160614-0349,5.0,0.6404117946752563,5,5–10-year,Convective,Organized or localized severe convection,,Medium,2 convective/heavy-rain NOAA Storm Events records; Rx3h/Rx24h=0.84.,,,12,Drought; Heat; Thunderstorm Wind,0,2,0,0.579725871709302,0.8377023542831002,0.9889386688577703,0.9964464836075593
ALRF-2016-006,2016,2016-06-15 12:00:00+00:00,2016-06-18 12:00:00+00:00,2016-06-15 00:00:00+00:00,2016-06-19 00:00:00+00:00,53.79362106323242,1.2394156276422996,031601070302,2016-06-15 12:00:00+00:00,2,103.4320068359375,1.5345857678054555,031502030402,2016-06-15 14:00:00+00:00,17,151.7490997314453,1.885305579246771,031502030401,2016-06-15 17:00:00+00:00,15,171.9027557373047,1.5003285479166668,031502030402,2016-06-15 19:00:00+00:00,7,185.30377197265625,1.2858985630111786,031502030402,2016-06-15 19:00:00+00:00,6,1.885305579246771,2016-06-15 17:00:00+00:00,6,19,2,12,350,AL-RF-20160615-0350,25.0,0.7810630960427041,19,25–50-year,Convective,Organized or localized severe convection,,Medium,118 convective/heavy-rain NOAA Storm Events records; Rx3h/Rx24h=0.60.,Danielle,1412.1816024106804,130,Drought; Hail; Heat; Thunderstorm Wind,0,118,0,0.3129305335013815,0.6016890560730649,0.8827612976917169,0.9276808232628473
ALRF-2016-007,2016,2016-06-29 05:00:00+00:00,2016-06-29 05:00:00+00:00,2016-06-28 17:00:00+00:00,2016-06-29 17:00:00+00:00,64.3336181640625,1.2944735402544567,031402010206,2016-06-29 04:00:00+00:00,1,81.1610336303711,1.180473379345482,031402010206,2016-06-29 05:00:00+00:00,3,81.24149322509766,0.9797046286991256,031402010206,2016-06-29 06:00:00+00:00,0,86.59213256835938,0.7446189454523566,031602030201,2016-06-28 22:00:00+00:00,0,90.99158477783203,0.6431634883758678,031300040602,2016-06-29 06:00:00+00:00,0,1.2944735402544567,2016-06-29 04:00:00+00:00,1,3,1,3,351,AL-RF-20160629-0351,5.0,0.6282173338830915,3,5–10-year,Convective candidate,Thunderstorm-associated rainfall,,Low,1 convective/heavy-rain NOAA Storm Events records; rainfall duration signature was not decisive.,,,10,Drought; Flash Flood,1,1,0,0.7429499223070284,0.9372795336377615,0.9382087126790912,0.9516499001504974
ALRF-2016-008,2016,2016-09-17 20:00:00+00:00,2016-09-18 03:00:00+00:00,2016-09-17 08:00:00+00:00,2016-09-18 15:00:00+00:00,64.37335205078125,1.4491592220353733,031502020501,2016-09-17 19:00:00+00:00,6,81.36192321777344,1.3266909245094345,031502020501,2016-09-17 19:00:00+00:00,11,89.7140884399414,1.2031280159922055,031601070104,2016-09-18 00:00:00+00:00,8,97.2920150756836,0.9211527575162924,031502010701,2016-09-18 04:00:00+00:00,0,97.2920150756836,0.7283331035258397,031502010701,2016-09-18 04:00:00+00:00,0,1.4491592220353733,2016-09-17 19:00:00+00:00,1,12,8,4,352,AL-RF-20160917-0352,10.0,0.7420214890035524,12,10–25-year,Unclassified,Insufficient external evidence,,Low,No nearby HURDAT2 track and no matching Alabama NOAA Storm Events record within the configured time buffer.,Julia,777.7042367276948,19,Drought,0,0,0,0.6616509278865808,0.8362651668225998,0.9221115254952084,1.0
ALRF-2016-009,2016,2016-11-29 05:00:00+00:00,2016-11-29 12:00:00+00:00,2016-11-28 17:00:00+00:00,2016-11-30 00:00:00+00:00,56.09846115112305,1.295954660454013,031501090703,2016-11-29 08:00:00+00:00,8,86.33845520019531,1.4321619468116695,031502020401,2016-11-29 05:00:00+00:00,34,108.87882995605469,1.4905698027583913,031502020401,2016-11-29 08:00:00+00:00,29,109.25546264648438,1.03546379064478,031502020401,2016-11-29 10:00:00+00:00,2,109.25546264648438,0.8097355173201994,031502020401,2016-11-29 10:00:00+00:00,0,1.4905698027583913,2016-11-29 08:00:00+00:00,6,41,8,23,353,AL-RF-20161129-0353,10.0,0.6802251111060957,41,10–25-year,Convective,Organized or localized severe convection,,Medium,41 convective/heavy-rain NOAA Storm Events records; Rx3h/Rx24h=0.79.,,,185,Drought; Flash Flood; Hail; Strong Wind; Thunderstorm Wind; Tornado,4,41,0,0.5134613848338153,0.7902438295424994,0.9965527335539427,1.0
ALRF-2016-010,2016,2016-11-30 11:00:00+00:00,2016-12-03 04:00:00+00:00,2016-11-29 23:00:00+00:00,2016-12-03 16:00:00+00:00,37.90981674194336,0.9267237349447195,060300010601,2016-11-30 12:00:00+00:00,0,67.99048614501953,1.2289917288053858,060300010703,2016-11-30 16:00:00+00:00,10,98.3349380493164,1.4163951787606865,060300010601,2016-11-30 14:00:00+00:00,29,138.62185668945312,1.423163473725506,060300010307,2016-11-30 18:00:00+00:00,24,168.62387084960938,1.3271503039303212,060300010307,2016-11-30 18:00:00+00:00,17,1.423163473725506,2016-11-30 18:00:00+00:00,24,36,6,17,354,AL-RF-20161130-0354,10.0,0.7110125116982978,36,10–25-year,Frontal/extratropical candidate,Prolonged or widespread non-tropical rainfall,,Medium–low,No nearby HURDAT2 system; 4 flood/heavy-rain NOAA records; affected HUCs=36; Rx24h/Rx72h=0.82.,,,182,Drought; Flash Flood; Hail; Thunderstorm Wind; Tornado,4,40,0,0.2734764751194368,0.49047450213666416,0.7093754217245173,0.8220773013394161
ALRF-2016-011,2016,2016-12-05 01:00:00+00:00,2016-12-08 20:00:00+00:00,2016-12-04 13:00:00+00:00,2016-12-09 08:00:00+00:00,32.35627365112305,0.7911738920475105,060300021103,2016-12-06 09:00:00+00:00,0,70.41153717041016,1.025339567338717,031300040703,2016-12-06 00:00:00+00:00,1,110.039794921875,1.3590331374604665,031300040801,2016-12-06 03:00:00+00:00,30,193.29876708984375,1.7201992873797534,031300040801,2016-12-06 12:00:00+00:00,31,252.33616638183594,1.793850447991129,031300040801,2016-12-06 12:00:00+00:00,84,1.793850447991129,2016-12-06 12:00:00+00:00,72,84,1,84,355,AL-RF-20161206-0355,10.0,0.7403110531993338,84,10–25-year,Frontal/extratropical candidate,Prolonged or widespread non-tropical rainfall,,Medium–low,No nearby HURDAT2 system; 5 flood/heavy-rain NOAA records; affected HUCs=84; Rx24h/Rx72h=0.77.,,,77,Drought; Flood,5,0,0,0.16738996393124486,0.36426273292101974,0.5692731339084505,0.7660367115086603
ALRF-2017-001,2017,2017-01-01 09:00:00+00:00,2017-01-05 09:00:00+00:00,2016-12-31 21:00:00+00:00,2017-01-05 21:00:00+00:00,41.40753173828125,0.9624857104616796,031300030305,2017-01-03 00:00:00+00:00,0,82.98873901367188,1.3698728670715963,031300030803,2017-01-03 01:00:00+00:00,38,102.40335083007812,1.404607389611255,031300030803,2017-01-03 03:00:00+00:00,75,180.7631072998047,1.622641499889661,031403010103,2017-01-03 03:00:00+00:00,254,264.6502685546875,1.8716746474763937,031403010103,2017-01-03 23:00:00+00:00,569,1.8716746474763937,2017-01-03 23:00:00+00:00,72,569,2,554,356,AL-RF-20170103-0356,25.0,0.8207641283583477,569,25–50-year,Frontal/extratropical candidate,Prolonged or widespread non-tropical rainfall,,Medium–low,No nearby HURDAT2 system; 13 flood/heavy-rain NOAA records; affected HUCs=569; Rx24h/Rx72h=0.68.,,,138,Drought; Flash Flood; Flood; Hail; Ice Storm; Lightning; Strong Wind; Thunderstorm Wind; Tornado,13,32,0,0.22907070118906941,0.4591021932148516,0.566505811720956,0.6830263512936949
ALRF-2017-002,2017,2017-01-21 17:00:00+00:00,2017-01-21 18:00:00+00:00,2017-01-21 05:00:00+00:00,2017-01-22 06:00:00+00:00,34.102725982666016,0.7823038401894049,031502020701,2017-01-21 13:00:00+00:00,0,72.42810821533203,1.0666083192578841,031402010205,2017-01-22 06:00:00+00:00,2,74.87226104736328,1.0936072071695848,031300020603,2017-01-21 17:00:00+00:00,4,120.22203063964844,1.0413625329669511,031402010205,2017-01-22 06:00:00+00:00,1,131.81317138671875,0.9319695363744123,031502030801,2017-01-22 06:00:00+00:00,0,1.0936072071695848,2017-01-21 17:00:00+00:00,6,6,2,4,357,AL-RF-20170121-0357,2.0,0.5118269140196734,6,2–5-year,Convective,Organized or localized severe convection,,Medium,82 convective/heavy-rain NOAA Storm Events records; Rx3h/Rx24h=0.60.,,,111,Drought; Flash Flood; Flood; Hail; Thunderstorm Wind; Tornado,11,82,0,0.2836645313776555,0.6024528768144572,0.6227832007910779,0.9120638656582827
ALRF-2017-003,2017,2017-01-22 07:00:00+00:00,2017-01-24 16:00:00+00:00,2017-01-21 19:00:00+00:00,2017-01-25 04:00:00+00:00,40.64409255981445,0.7628022816632574,031402010901,2017-01-22 04:00:00+00:00,0,72.42810821533203,1.0666083192578841,031402010205,2017-01-22 06:00:00+00:00,2,82.30181121826172,1.2450898871742644,060300010403,2017-01-23 04:00:00+00:00,12,132.9025421142578,1.151201049903137,031402010205,2017-01-22 20:00:00+00:00,11,189.07748413085938,1.3247260736925495,031402010205,2017-01-22 20:00:00+00:00,44,1.3247260736925495,2017-01-22 20:00:00+00:00,72,53,6,26,358,AL-RF-20170122-0358,5.0,0.5884154168776204,53,5–10-year,Frontal/extratropical candidate,Prolonged or widespread non-tropical rainfall,,Medium–low,No nearby HURDAT2 system; 11 flood/heavy-rain NOAA records; affected HUCs=53; Rx24h/Rx72h=0.70.,,,111,Drought; Flash Flood; Flood; Hail; Thunderstorm Wind; Tornado,11,82,0,0.3058187745187919,0.5449715788962469,0.6192643865871724,0.7028998863887821
ALRF-2017-004,2017,2017-04-05 15:00:00+00:00,2017-04-06 02:00:00+00:00,2017-04-05 03:00:00+00:00,2017-04-06 14:00:00+00:00,43.45813751220703,0.8856718328958743,031402010204,2017-04-05 18:00:00+00:00,0,66.58990478515625,1.0306900282770304,031300031308,2017-04-05 18:00:00+00:00,1,75.91297912597656,0.975457319319381,031300031308,2017-04-05 19:00:00+00:00,0,99.20808410644531,0.89154389246384,031300031308,2017-04-06 05:00:00+00:00,0,136.79364013671875,1.0276368535526106,031601081003,2017-04-05 15:00:00+00:00,5,1.0306900282770304,2017-04-05 18:00:00+00:00,3,6,4,2,359,AL-RF-20170405-0359,2.0,0.4805717874153064,6,2–5-year,Convective,Organized or localized severe convection,,Medium,98 convective/heavy-rain NOAA Storm Events records; Rx3h/Rx24h=0.67.,,,109,Drought; Hail; Rip Current; Thunderstorm Wind; Tornado,0,98,0,0.43805036558894356,0.6712145021741234,0.7651894481151933,0.725239009703167
ALRF-2017-005,2017,2017-05-21 00:00:00+00:00,2017-05-24 03:00:00+00:00,2017-05-20 12:00:00+00:00,2017-05-24 15:00:00+00:00,59.22754669189453,1.3172460480990127,031502010309,2017-05-21 02:00:00+00:00,7,121.17323303222656,1.9468504263155204,031502010406,2017-05-21 03:00:00+00:00,40,154.4443359375,2.048081761173887,031502010406,2017-05-21 05:00:00+00:00,75,180.5628662109375,1.6803791214169894,031502010311,2017-05-21 08:00:00+00:00,49,227.74609375,1.67248937290689,031502010311,2017-05-23 16:00:00+00:00,99,2.048081761173887,2017-05-21 05:00:00+00:00,6,112,6,103,360,AL-RF-20170521-0360,50.0,0.936326519522173,112,50–100-year,Convective,Organized or localized severe convection,,Medium,82 convective/heavy-rain NOAA Storm Events records; Rx3h/Rx24h=0.67.,,,85,Drought; Flash Flood; Hail; Lightning; Thunderstorm Wind,8,82,0,0.32801620806519327,0.6710861185082725,0.8553493815116711,0.7928253048728195
ALRF-2017-006,2017,2017-05-28 08:00:00+00:00,2017-05-28 09:00:00+00:00,2017-05-27 20:00:00+00:00,2017-05-28 21:00:00+00:00,38.247257232666016,0.9373389205245882,060300010905,2017-05-28 08:00:00+00:00,0,70.9811019897461,1.2046444872117836,060300020606,2017-05-28 08:00:00+00:00,7,73.78070068359375,1.0224335809162466,060300020606,2017-05-28 09:00:00+00:00,2,75.03345489501953,0.736963243222381,060300020606,2017-05-28 12:00:00+00:00,0,75.03345489501953,0.5794199843625735,060300020606,2017-05-28 12:00:00+00:00,0,1.2046444872117836,2017-05-28 08:00:00+00:00,3,7,1,7,361,AL-RF-20170528-0361,2.0,0.5901053645768128,7,2–5-year,Convective,Organized or localized severe convection,,Medium,64 convective/heavy-rain NOAA Storm Events records; Rx3h/Rx24h=0.95.,,,65,Hail; Strong Wind; Thunderstorm Wind,0,64,0,0.5097360542197923,0.9459927187020357,0.9833040579941503,1.0
ALRF-2017-007,2017,2017-06-18 11:00:00+00:00,2017-06-25 18:00:00+00:00,2017-06-17 23:00:00+00:00,2017-06-26 06:00:00+00:00,50.37887191772461,1.1421024177581902,031601130301,2017-06-24 07:00:00+00:00,1,94.16157531738281,1.5249523116048542,031502010311,2017-06-18 13:00:00+00:00,24,129.3236541748047,1.745210158433024,031502010501,2017-06-18 14:00:00+00:00,39,152.07969665527344,1.456537035299318,031601130701,2017-06-23 09:00:00+00:00,79,258.7947692871094,1.9652371010566418,031601130705,2017-06-24 08:00:00+00:00,309,1.9652371010566418,2017-06-24 08:00:00+00:00,72,315,9,228,362,AL-RF-20170624-0362,50.0,0.883635476269155,315,50–100-year,Tropical cyclone,Tropical cyclone or remnant,Cindy,High,HURDAT2 track within 321 km of rainfall footprint; track status=LO; 0 matching tropical NOAA Storm Events records.,Cindy,320.892467880953,71,Coastal Flood; Flash Flood; High Surf; Rip Current; Storm Surge/Tide; Thunderstorm Wind; Tornado,28,64,0,0.3312662572698372,0.6191594104163918,0.8503676494565149,0.5876459446000424
ALRF-2017-008,2017,2017-06-30 12:00:00+00:00,2017-06-30 18:00:00+00:00,2017-06-30 00:00:00+00:00,2017-07-01 06:00:00+00:00,62.761253356933594,1.4312807862748533,031601120301,2017-06-30 12:00:00+00:00,10,102.36221313476562,1.6700351793727726,031601120301,2017-06-30 13:00:00+00:00,25,106.54471588134766,1.4409718850127209,031601120301,2017-06-30 15:00:00+00:00,19,116.19829559326172,1.1094959347279119,031601120301,2017-06-30 16:00:00+00:00,4,155.0034637451172,0.9348642988934488,031401030402,2017-07-01 03:00:00+00:00,0,1.6700351793727726,2017-06-30 13:00:00+00:00,3,25,1,25,363,AL-RF-20170630-0363,25.0,0.8165120771140172,25,25–50-year,Convective,Organized or localized severe convection,,Medium,3 convective/heavy-rain NOAA Storm Events records; Rx3h/Rx24h=0.88.,,,9,Flood; Thunderstorm Wind,6,3,0,0.5401219788681056,0.8809269758402684,0.916921503343687,0.749649670954028
ALRF-2017-009,2017,2017-07-28 17:00:00+00:00,2017-07-28 17:00:00+00:00,2017-07-28 05:00:00+00:00,2017-07-29 05:00:00+00:00,22.0887393951416,0.5404969258038864,060300021105,2017-07-28 14:00:00+00:00,0,51.435516357421875,0.8797936359265353,060300020501,2017-07-28 16:00:00+00:00,0,76.0815200805664,1.0748177873134537,060300040401,2017-07-28 16:00:00+00:00,4,99.3231430053711,0.9767905282238545,060300040401,2017-07-29 01:00:00+00:00,0,110.25286102294922,0.8391726969926384,060300040401,2017-07-29 01:00:00+00:00,0,1.0748177873134537,2017-07-28 16:00:00+00:00,6,4,2,3,364,AL-RF-20170728-0364,2.0,0.504706275427552,4,2–5-year,Convective candidate,Thunderstorm-associated rainfall,,Low,7 convective/heavy-rain NOAA Storm Events records; rainfall duration signature was not decisive.,,,7,Flash Flood; Thunderstorm Wind,6,7,0,0.2223926743231143,0.517860337490935,0.7659999248760397,0.9008668082064274
ALRF-2017-010,2017,2017-08-05 03:00:00+00:00,2017-08-05 06:00:00+00:00,2017-08-04 15:00:00+00:00,2017-08-05 18:00:00+00:00,51.950138092041016,1.0478373501476226,031402020503,2017-08-05 02:00:00+00:00,2,90.74442291259766,1.3136066506927042,031402020504,2017-08-05 03:00:00+00:00,4,96.24308013916016,1.161734135220712,031402020504,2017-08-05 04:00:00+00:00,5,146.1830291748047,0.9578284620218578,031401060601,2017-08-05 02:00:00+00:00,0,155.51466369628906,0.8266753024301052,031401070103,2017-08-05 17:00:00+00:00,0,1.3136066506927042,2017-08-05 03:00:00+00:00,3,6,4,3,365,AL-RF-20170805-0365,5.0,0.5610902771635955,6,5–10-year,Convective,Organized or localized severe convection,,Medium,3 convective/heavy-rain NOAA Storm Events records; Rx3h/Rx24h=0.62.,Franklin,1537.3905452024023,4,Flash Flood; Flood,4,3,0,0.35537735389187614,0.6207589446247285,0.6583738254874533,0.9399951470833098
ALRF-2017-011,2017,2017-08-08 19:00:00+00:00,2017-08-08 21:00:00+00:00,2017-08-08 07:00:00+00:00,2017-08-09 09:00:00+00:00,39.481929779052734,0.9004774644901931,031601130105,2017-08-08 19:00:00+00:00,0,77.28857421875,1.2748629379951895,031601130205,2017-08-08 20:00:00+00:00,3,82.17887878417969,1.1249558609685024,031601130205,2017-08-08 21:00:00+00:00,3,118.72058868408203,1.1347390365937275,031601130105,2017-08-08 20:00:00+00:00,1,138.93798828125,1.056947872186671,031601130105,2017-08-09 00:00:00+00:00,2,1.2748629379951895,2017-08-08 20:00:00+00:00,3,3,1,3,366,AL-RF-20170808-0366,5.0,0.6257348775196548,3,5–10-year,Convective,Organized or localized severe convection,,Medium,9 convective/heavy-rain NOAA Storm Events records; Rx3h/Rx24h=0.65.,Franklin,1444.9790252083192,12,Flash Flood; Flood,12,9,0,0.3325617756505148,0.6510123903143414,0.69220410457077,0.8544861643149589
ALRF-2017-012,2017,2017-08-10 23:00:00+00:00,2017-08-11 11:00:00+00:00,2017-08-10 11:00:00+00:00,2017-08-11 23:00:00+00:00,91.74508666992188,2.0428626384473434,031502010406,2017-08-11 00:00:00+00:00,20,117.93448638916016,1.8948145506935103,031502010406,2017-08-11 01:00:00+00:00,37,115.91014862060547,1.6565025127798476,031300020804,2017-08-11 04:00:00+00:00,26,116.92308807373047,1.12958725611854,031300020804,2017-08-11 06:00:00+00:00,4,135.96693420410156,1.0394075877046969,031300020804,2017-08-11 06:00:00+00:00,1,2.0428626384473434,2017-08-11 00:00:00+00:00,1,41,9,15,367,AL-RF-20170811-0367,100.0,1.0317377727061072,41,100–200-year,Convective,Organized or localized severe convection,,Medium,31 convective/heavy-rain NOAA Storm Events records; Rx3h/Rx24h=1.01.,Franklin,1346.6493727727861,37,Flash Flood; Flood; Heavy Rain; Rip Current,36,31,0,0.7846618506352517,1.0086501163464987,0.9913367028718378,0.8599376661550362
ALRF-2017-013,2017,2017-08-30 13:00:00+00:00,2017-08-30 16:00:00+00:00,2017-08-30 01:00:00+00:00,2017-08-31 04:00:00+00:00,35.321746826171875,0.760037436563088,031403010102,2017-08-31 01:00:00+00:00,0,52.65043640136719,0.8963902685911014,031501090305,2017-08-30 16:00:00+00:00,0,82.63697814941406,0.8200146021295485,031401040303,2017-08-30 16:00:00+00:00,0,165.07215881347656,1.1105527382054887,031602050104,2017-08-30 15:00:00+00:00,6,175.5735626220703,0.945911359871478,031602050104,2017-08-31 04:00:00+00:00,0,1.1105527382054887,2017-08-30 15:00:00+00:00,24,6,2,3,368,AL-RF-20170830-0368,2.0,0.4262813350281157,6,2–5-year,Tropical cyclone,Tropical depression,Harvey,High,HURDAT2 track within 389 km of rainfall footprint; track status=TD; 0 matching tropical NOAA Storm Events records.,Harvey,388.9242696213098,15,Coastal Flood; Flash Flood; Thunderstorm Wind; Tornado,6,14,0,0.21397761488103947,0.3189540669959953,0.5006112402200409,0.9401880120687732
ALRF-2017-014,2017,2017-08-31 13:00:00+00:00,2017-09-01 19:00:00+00:00,2017-08-31 01:00:00+00:00,2017-09-02 07:00:00+00:00,42.87069320678711,0.7866412891879663,031401030302,2017-08-31 14:00:00+00:00,0,48.22905349731445,0.8477159924374393,060300050703,2017-09-01 01:00:00+00:00,0,94.81182861328125,1.0415695723833407,031402020604,2017-08-31 15:00:00+00:00,2,128.3119659423828,1.0308626923181703,031402020602,2017-08-31 22:00:00+00:00,4,207.13015747070312,1.193711269663121,031401040303,2017-08-31 19:00:00+00:00,15,1.193711269663121,2017-08-31 19:00:00+00:00,72,18,5,10,369,AL-RF-20170831-0369,2.0,0.42276196354017054,18,2–5-year,Tropical cyclone,Tropical cyclone or remnant,Harvey,High,HURDAT2 track within 382 km of rainfall footprint; track status=EX; 0 matching tropical NOAA Storm Events records.,Harvey,381.5411990124075,13,Coastal Flood; Flash Flood; Thunderstorm Wind; Tornado,4,12,0,0.3341129791904035,0.3758733890724675,0.7389164986830264,0.6194750562120898
ALRF-2017-015,2017,2017-10-08 08:00:00+00:00,2017-10-11 07:00:00+00:00,2017-10-07 20:00:00+00:00,2017-10-11 19:00:00+00:00,56.717655181884766,0.9629704250137872,031700080206,2017-10-08 08:00:00+00:00,0,124.43963623046875,1.5652565467981903,031401040101,2017-10-08 10:00:00+00:00,23,177.10838317871094,1.8226229181188225,031401040102,2017-10-08 12:00:00+00:00,60,196.24806213378906,1.4668228429437316,031401040101,2017-10-08 16:00:00+00:00,62,278.5500183105469,1.5759887728604849,031700080501,2017-10-10 00:00:00+00:00,44,1.8226229181188225,2017-10-08 12:00:00+00:00,6,117,15,30,370,AL-RF-20171008-0370,25.0,0.7837673171879518,117,25–50-year,Tropical cyclone,Tropical depression,Nate,High,HURDAT2 track within 13 km of rainfall footprint; track status=TD; 23 matching tropical NOAA Storm Events records.,Nate,13.013779700748522,42,Flash Flood; Flood; Rip Current; Storm Surge/Tide; Tornado; Tropical Storm,10,11,23,0.2890100139853528,0.6340935797146061,0.9024720104393696,0.7045343716868764
ALRF-2017-016,2017,2017-10-22 18:00:00+00:00,2017-10-24 17:00:00+00:00,2017-10-22 06:00:00+00:00,2017-10-25 05:00:00+00:00,57.92697525024414,1.291811948653826,031300031103,2017-10-23 13:00:00+00:00,10,142.37161254882812,1.6051755731179123,031700080702,2017-10-22 20:00:00+00:00,34,184.20347595214844,1.7114353320272335,031700080702,2017-10-22 23:00:00+00:00,80,211.66990661621094,1.422042409814415,031700080702,2017-10-23 01:00:00+00:00,11,211.67770385742188,1.1419469240612303,031700080702,2017-10-23 01:00:00+00:00,3,1.7114353320272335,2017-10-22 23:00:00+00:00,6,85,9,29,371,AL-RF-20171022-0371,10.0,0.7561032265616695,85,10–25-year,Convective,Organized or localized severe convection,,Medium,10 convective/heavy-rain NOAA Storm Events records; Rx3h/Rx24h=0.67.,,,10,Flash Flood; Thunderstorm Wind; Tornado,8,10,0,0.2736665602412457,0.6726114960071724,0.8702393216723848,0.9999631645607031
ALRF-2018-001,2018,2018-02-11 18:00:00+00:00,2018-02-14 07:00:00+00:00,2018-02-11 06:00:00+00:00,2018-02-14 19:00:00+00:00,35.221561431884766,0.6475163461461003,031402011105,2018-02-11 08:00:00+00:00,0,65.19517517089844,0.850550520797242,031402020906,2018-02-11 09:00:00+00:00,0,92.81502532958984,1.0115051112021638,031402020906,2018-02-11 09:00:00+00:00,1,179.94898986816406,1.431149234175884,031402020906,2018-02-12 03:00:00+00:00,70,200.0556640625,1.2749119120713022,031402020906,2018-02-12 10:00:00+00:00,49,1.431149234175884,2018-02-12 03:00:00+00:00,24,70,4,65,372,AL-RF-20180212-0372,5.0,0.516440738976212,70,5–10-year,Frontal/extratropical candidate,Prolonged or widespread non-tropical rainfall,,Medium–low,No nearby HURDAT2 system; 4 flood/heavy-rain NOAA records; affected HUCs=70; Rx24h/Rx72h=0.90.,,,29,Drought; Flood; Thunderstorm Wind; Tornado,4,3,0,0.1957308093681944,0.3622980891343838,0.5157851977807092,0.8994946017221769
ALRF-2018-002,2018,2018-04-14 21:00:00+00:00,2018-04-17 21:00:00+00:00,2018-04-14 09:00:00+00:00,2018-04-18 09:00:00+00:00,52.95884323120117,0.9949842555779378,031602030605,2018-04-14 23:00:00+00:00,0,132.2605743408203,1.7978718134338605,031602030605,2018-04-15 01:00:00+00:00,23,190.79055786132812,2.0610253667588534,031700080105,2018-04-15 00:00:00+00:00,62,213.90170288085938,1.6592511913007952,031700080105,2018-04-15 07:00:00+00:00,62,213.90170288085938,1.3337776379401685,031700080105,2018-04-15 07:00:00+00:00,28,2.0610253667588534,2018-04-15 00:00:00+00:00,6,69,2,68,373,AL-RF-20180415-0373,50.0,0.9086707969146751,69,50–100-year,Convective,Organized or localized severe convection,,Medium,10 convective/heavy-rain NOAA Storm Events records; Rx3h/Rx24h=0.62.,,,10,Flash Flood; Thunderstorm Wind,5,10,0,0.2475849538266584,0.6183240832565406,0.8919543663829368,1.0
ALRF-2018-003,2018,2018-04-23 02:00:00+00:00,2018-04-23 04:00:00+00:00,2018-04-22 14:00:00+00:00,2018-04-23 16:00:00+00:00,30.744468688964844,0.7208721817463164,031300030402,2018-04-23 05:00:00+00:00,0,56.834327697753906,0.9342204948309157,031601100105,2018-04-23 02:00:00+00:00,0,86.14827728271484,1.1521440642766352,031601100105,2018-04-23 03:00:00+00:00,11,109.59663391113281,1.0067215779578904,031601100105,2018-04-23 05:00:00+00:00,1,110.76008605957031,0.8059937316914483,031601100105,2018-04-23 16:00:00+00:00,0,1.1521440642766352,2018-04-23 03:00:00+00:00,6,11,2,10,374,AL-RF-20180423-0374,2.0,0.5792328542816353,11,2–5-year,Convective candidate,Thunderstorm-associated rainfall,,Low,16 convective/heavy-rain NOAA Storm Events records; rainfall duration signature was not decisive.,,,22,Strong Wind; Thunderstorm Wind; Tornado,0,16,0,0.2805238408498404,0.5185773109038952,0.786048569270556,0.98949574535531
ALRF-2018-004,2018,2018-05-22 21:00:00+00:00,2018-05-26 04:00:00+00:00,2018-05-22 09:00:00+00:00,2018-05-26 16:00:00+00:00,44.14282989501953,1.0394239139553312,031300021306,2018-05-23 06:00:00+00:00,1,92.70134735107422,1.5737889828310767,031300021306,2018-05-23 07:00:00+00:00,3,107.98448944091797,1.5128426914420214,031300021306,2018-05-23 09:00:00+00:00,4,148.4457244873047,1.4549080555760512,031300021306,2018-05-23 16:00:00+00:00,8,185.26222229003906,1.4361754407590654,031300021306,2018-05-25 13:00:00+00:00,8,1.5737889828310767,2018-05-23 07:00:00+00:00,3,10,2,6,375,AL-RF-20180523-0375,10.0,0.7766688256935541,10,10–25-year,Tropical cyclone,Tropical storm,Alberto,High,HURDAT2 track within 368 km of rainfall footprint; track status=TS; 0 matching tropical NOAA Storm Events records.,Alberto,367.616606394877,2,Flash Flood,2,2,0,0.29736679885849254,0.6244797394552255,0.7274341501843186,0.8012735821278449
ALRF-2018-005,2018,2018-05-29 13:00:00+00:00,2018-06-02 09:00:00+00:00,2018-05-29 01:00:00+00:00,2018-06-02 21:00:00+00:00,54.5186882019043,1.308298845216254,060300051001,2018-05-29 22:00:00+00:00,3,116.64842987060547,2.0042805871728264,060300051001,2018-05-29 23:00:00+00:00,65,148.61376953125,2.102413179246628,060300051001,2018-05-30 00:00:00+00:00,88,163.5165252685547,1.6071886266436146,060300051001,2018-05-30 08:00:00+00:00,91,203.92083740234375,1.5401553288486622,031502020803,2018-05-31 04:00:00+00:00,126,2.102413179246628,2018-05-30 00:00:00+00:00,6,165,5,123,376,AL-RF-20180530-0376,100.0,1.06183950695937,165,100–200-year,Tropical cyclone,Tropical depression,Alberto,High,HURDAT2 track within 0 km of rainfall footprint; track status=TD; 17 matching tropical NOAA Storm Events records.,Alberto,0.0,58,Flash Flood; Lightning; Thunderstorm Wind; Tropical Depression; Tropical Storm,10,41,17,0.33341393545615294,0.7133739521374096,0.9088608584800292,0.8018627588603425
ALRF-2018-006,2018,2018-06-16 15:00:00+00:00,2018-06-16 23:00:00+00:00,2018-06-16 03:00:00+00:00,2018-06-17 11:00:00+00:00,31.173343658447266,0.7130258562824966,031501100203,2018-06-17 11:00:00+00:00,0,64.60662078857422,0.8789675196643356,031402020601,2018-06-16 13:00:00+00:00,0,72.26575469970703,0.8196320105068683,031402020601,2018-06-16 16:00:00+00:00,0,99.48894500732422,0.8201556725598291,031403010402,2018-06-16 03:00:00+00:00,0,178.3370819091797,1.154688961186183,031402020601,2018-06-16 20:00:00+00:00,3,1.154688961186183,2018-06-16 20:00:00+00:00,72,3,2,2,377,AL-RF-20180616-0377,2.0,0.47862548989512327,3,2–5-year,Convective,Organized or localized severe convection,,Medium,5 convective/heavy-rain NOAA Storm Events records; Rx3h/Rx24h=0.65.,,,5,Flash Flood; Hail; Heavy Rain; Thunderstorm Wind,3,5,0,0.31333474946540374,0.6493849219510568,0.7263696955916754,0.5578702081600178
ALRF-2018-007,2018,2018-06-17 12:00:00+00:00,2018-06-20 09:00:00+00:00,2018-06-17 00:00:00+00:00,2018-06-20 21:00:00+00:00,51.56108474731445,1.1894142833084482,031300030501,2018-06-17 13:00:00+00:00,2,107.30611419677734,1.7833388152774614,031300030501,2018-06-17 14:00:00+00:00,6,161.37042236328125,2.215957422757969,031300030801,2018-06-17 15:00:00+00:00,8,171.33448791503906,1.6461786244909598,031300030801,2018-06-17 21:00:00+00:00,5,189.3603515625,1.4372131000138866,031300030801,2018-06-19 21:00:00+00:00,5,2.215957422757969,2018-06-17 15:00:00+00:00,6,10,3,7,378,AL-RF-20180617-0378,100.0,1.0536330081003766,10,100–200-year,Convective,Organized or localized severe convection,,Medium,9 convective/heavy-rain NOAA Storm Events records; Rx3h/Rx24h=0.63.,,,9,Flash Flood; Hail; Thunderstorm Wind,2,9,0,0.30093815538692037,0.6262960569268928,0.9418443672782402,0.9048065579794229
ALRF-2018-008,2018,2018-06-23 16:00:00+00:00,2018-06-24 10:00:00+00:00,2018-06-23 04:00:00+00:00,2018-06-24 22:00:00+00:00,32.89141845703125,0.7573982986733623,031601090302,2018-06-23 15:00:00+00:00,0,62.90917205810547,1.0257196861151372,031601090305,2018-06-23 17:00:00+00:00,1,85.70636749267578,1.1396781570665804,031601090305,2018-06-23 17:00:00+00:00,4,105.59217071533203,0.9684989057711219,031601090305,2018-06-24 02:00:00+00:00,0,169.6020050048828,1.2424600901805616,031601090306,2018-06-24 02:00:00+00:00,20,1.2424600901805616,2018-06-24 02:00:00+00:00,72,20,1,20,379,AL-RF-20180624-0379,5.0,0.5876431267816505,20,5–10-year,Convective,Organized or localized severe convection,,Medium,54 convective/heavy-rain NOAA Storm Events records; Rx3h/Rx24h=0.60.,,,57,Funnel Cloud; Hail; Lightning; Thunderstorm Wind; Tornado,0,54,0,0.31149486021746686,0.5957749673288137,0.8116735067766836,0.6225879859869112
ALRF-2018-009,2018,2018-06-28 18:00:00+00:00,2018-06-28 18:00:00+00:00,2018-06-28 06:00:00+00:00,2018-06-29 06:00:00+00:00,44.930545806884766,1.162726764200389,060300010402,2018-06-28 18:00:00+00:00,3,49.45347213745117,0.9387271443799503,060300010202,2018-06-28 19:00:00+00:00,0,50.37474060058594,0.7793185013967027,060300010202,2018-06-28 21:00:00+00:00,0,78.36721801757812,0.8015226369332319,031501050302,2018-06-28 19:00:00+00:00,0,102.77960205078125,0.7827680477455845,031501050705,2018-06-28 19:00:00+00:00,0,1.162726764200389,2018-06-28 18:00:00+00:00,1,3,1,3,380,AL-RF-20180628-0380,2.0,0.5261441022250452,3,2–5-year,Convective,Organized or localized severe convection,,Medium,127 convective/heavy-rain NOAA Storm Events records; Rx3h/Rx24h=0.63.,,,127,Hail; Lightning; Thunderstorm Wind,0,127,0,0.5733334287406584,0.6310479482167981,0.6428037370075668,0.7624783172332047
ALRF-2018-010,2018,2018-07-16 00:00:00+00:00,2018-07-16 04:00:00+00:00,2018-07-15 12:00:00+00:00,2018-07-16 16:00:00+00:00,52.74712371826172,1.2117525191230287,031601110409,2018-07-16 00:00:00+00:00,8,79.01100158691406,1.2694437399569103,031502010406,2018-07-16 01:00:00+00:00,7,87.21631622314453,1.1565729843642976,031502010406,2018-07-16 04:00:00+00:00,4,90.15966033935547,0.864154286670094,031601110410,2018-07-16 16:00:00+00:00,0,108.6817398071289,0.8081232969704419,031502010502,2018-07-16 04:00:00+00:00,0,1.2694437399569103,2018-07-16 01:00:00+00:00,3,11,3,5,381,AL-RF-20180716-0381,5.0,0.6105316683277799,11,5–10-year,Convective,Organized or localized severe convection,,Medium,2 convective/heavy-rain NOAA Storm Events records; Rx3h/Rx24h=0.88.,Beryl,1711.4366307584662,2,Flash Flood,2,2,0,0.5850412869760684,0.876345377628104,0.9673540904531764,0.8295750555645918
ALRF-2018-011,2018,2018-07-16 17:00:00+00:00,2018-07-16 22:00:00+00:00,2018-07-16 05:00:00+00:00,2018-07-17 10:00:00+00:00,31.707796096801758,0.7284188992249578,031601110409,2018-07-16 17:00:00+00:00,0,58.588382720947266,0.9682763271377371,031601110412,2018-07-16 17:00:00+00:00,0,82.07215118408203,1.088356364253115,031502010406,2018-07-16 05:00:00+00:00,1,122.66191864013672,1.177656634542386,031601110412,2018-07-16 19:00:00+00:00,4,136.75112915039062,1.0351615315618454,031601110412,2018-07-16 19:00:00+00:00,2,1.177656634542386,2018-07-16 19:00:00+00:00,24,5,2,4,382,AL-RF-20180716-0382,2.0,0.5079149657659812,5,2–5-year,Convective candidate,Thunderstorm-associated rainfall,,Low,2 convective/heavy-rain NOAA Storm Events records; rainfall duration signature was not decisive.,Beryl,1958.7998290323412,2,Flash Flood,2,2,0,0.25849747377444426,0.47764117315686855,0.6690923482524662,0.896971889023604
ALRF-2018-012,2018,2018-07-19 22:00:00+00:00,2018-07-19 22:00:00+00:00,2018-07-19 10:00:00+00:00,2018-07-20 10:00:00+00:00,47.90943145751953,1.1401123386073553,031501060505,2018-07-19 22:00:00+00:00,3,77.50711059570312,0.9696171018060058,031401030401,2018-07-20 02:00:00+00:00,0,79.41629791259766,0.816419698554753,031401030401,2018-07-20 04:00:00+00:00,0,72.48554992675781,0.697111924058352,031601060305,2018-07-19 18:00:00+00:00,0,104.56053161621094,0.7867565863330007,031601060305,2018-07-19 18:00:00+00:00,0,1.1401123386073553,2018-07-19 22:00:00+00:00,1,3,2,2,383,AL-RF-20180719-0383,2.0,0.5203482442332887,3,2–5-year,Convective candidate,Thunderstorm-associated rainfall,,Low,1 convective/heavy-rain NOAA Storm Events records; rainfall duration signature was not decisive.,,,1,Thunderstorm Wind,0,1,0,0.6609514793766352,1.069276713414181,1.0956155812136754,0.6932400668429629
ALRF-2018-013,2018,2018-08-01 14:00:00+00:00,2018-08-03 22:00:00+00:00,2018-08-01 02:00:00+00:00,2018-08-04 10:00:00+00:00,46.702430725097656,0.8569504611599398,031401030302,2018-08-01 03:00:00+00:00,0,70.17514038085938,1.1640486899215035,031502020401,2018-08-01 17:00:00+00:00,1,94.07674407958984,1.3366311317282669,031501060108,2018-08-01 03:00:00+00:00,3,148.177734375,1.4584271625668883,031501060108,2018-08-01 21:00:00+00:00,13,173.23915100097656,1.411243076300976,031501050106,2018-08-02 19:00:00+00:00,16,1.4584271625668883,2018-08-01 21:00:00+00:00,24,24,4,16,384,AL-RF-20180801-0384,10.0,0.71772180751038,24,10–25-year,Convective candidate,Thunderstorm-associated rainfall,,Low,6 convective/heavy-rain NOAA Storm Events records; rainfall duration signature was not decisive.,Debby,3275.2267437489077,11,Flash Flood; Flood; Heavy Rain; Rip Current,9,6,0,0.315178464039042,0.47358761879341477,0.6348912302944627,0.8553362996691476
ALRF-2018-014,2018,2018-09-05 07:00:00+00:00,2018-09-08 13:00:00+00:00,2018-09-04 19:00:00+00:00,2018-09-09 01:00:00+00:00,106.42613220214844,2.379741633216396,031601060706,2018-09-05 14:00:00+00:00,13,169.2960205078125,2.696751824957988,031602020701,2018-09-05 14:00:00+00:00,28,196.00999450683594,2.5949812428928483,031602020701,2018-09-05 17:00:00+00:00,54,235.9438018798828,2.2397471424529196,031602020701,2018-09-05 18:00:00+00:00,84,241.78277587890625,1.8237624024290515,031602020701,2018-09-07 03:00:00+00:00,69,2.696751824957988,2018-09-05 14:00:00+00:00,3,91,4,39,385,AL-RF-20180905-0385,1000.0,1.3534216846639318,91,>1000-year,Tropical cyclone,Tropical storm,Gordon,High,HURDAT2 track within 64 km of rainfall footprint; track status=TS; 5 matching tropical NOAA Storm Events records.,Gordon,63.83407927612624,24,Flash Flood; Flood; Storm Surge/Tide; Thunderstorm Wind; Tropical Storm,17,14,5,0.45106559847810357,0.7175268820750791,0.8307486483862929,0.9758503310345489
ALRF-2018-015,2018,2018-09-26 17:00:00+00:00,2018-09-28 00:00:00+00:00,2018-09-26 05:00:00+00:00,2018-09-28 12:00:00+00:00,39.466495513916016,0.9524304215258887,060300010804,2018-09-26 13:00:00+00:00,0,87.39794921875,1.4356182110132059,031601120102,2018-09-26 18:00:00+00:00,8,108.47550201416016,1.484331469401359,031601120102,2018-09-26 20:00:00+00:00,7,114.31196594238281,1.0980987406877185,031601120102,2018-09-26 23:00:00+00:00,4,152.36122131347656,1.1838017784253276,060300010804,2018-09-27 21:00:00+00:00,12,1.484331469401359,2018-09-26 20:00:00+00:00,6,14,4,6,386,AL-RF-20180926-0386,10.0,0.6748677724388784,14,10–25-year,Convective,Organized or localized severe convection,,Medium,11 convective/heavy-rain NOAA Storm Events records; Rx3h/Rx24h=0.76.,Kirk,3070.696435223841,11,Flash Flood; Thunderstorm Wind,2,11,0,0.34525253055142535,0.7645564355248827,0.9489426685989774,0.7502694252311809
ALRF-2018-016,2018,2018-10-10 21:00:00+00:00,2018-10-13 19:00:00+00:00,2018-10-10 09:00:00+00:00,2018-10-14 07:00:00+00:00,55.850128173828125,1.1708956301263842,031300040301,2018-10-11 00:00:00+00:00,7,100.02122497558594,1.518638880449546,031300040304,2018-10-11 01:00:00+00:00,38,142.58726501464844,1.7819650258022361,031300040304,2018-10-11 01:00:00+00:00,133,175.64366149902344,1.617632750489106,031300031303,2018-10-11 04:00:00+00:00,151,183.3848876953125,1.3353319150789955,031300031303,2018-10-11 04:00:00+00:00,52,1.7819650258022361,2018-10-11 01:00:00+00:00,6,161,1,161,387,AL-RF-20181011-0387,25.0,0.7694065146046208,161,25–50-year,Tropical cyclone,Hurricane,Michael,High,HURDAT2 track within 46 km of rainfall footprint; track status=HU; 12 matching tropical NOAA Storm Events records.,Michael,46.08099388885338,13,Hurricane (Typhoon); Storm Surge/Tide; Tropical Storm,1,0,12,0.3179740600781011,0.5694553627609389,0.811798523201711,0.9577870003707676
ALRF-2018-017,2018,2018-11-08 00:00:00+00:00,2018-11-08 04:00:00+00:00,2018-11-07 12:00:00+00:00,2018-11-08 16:00:00+00:00,54.73276138305664,1.0413807443878458,031402030102,2018-11-07 23:00:00+00:00,1,116.6654281616211,1.5800479078182603,031402030102,2018-11-08 01:00:00+00:00,6,131.65370178222656,1.4882293665060349,031402030102,2018-11-08 02:00:00+00:00,6,136.92092895507812,1.1280676082530645,031402030102,2018-11-08 15:00:00+00:00,1,145.28286743164062,0.9599549834461264,031402030102,2018-11-08 15:00:00+00:00,0,1.5800479078182603,2018-11-08 01:00:00+00:00,3,7,3,4,388,AL-RF-20181108-0388,10.0,0.6847765401450703,7,10–25-year,Convective,Organized or localized severe convection,,Medium,3 convective/heavy-rain NOAA Storm Events records; Rx3h/Rx24h=0.85.,,,3,Flash Flood; Heavy Rain,3,3,0,0.3997399214331485,0.8520642465104616,0.9615308834591703,0.9424437401024108
ALRF-2018-018,2018,2018-12-02 09:00:00+00:00,2018-12-04 17:00:00+00:00,2018-12-01 21:00:00+00:00,2018-12-05 05:00:00+00:00,46.62124252319336,0.9396800494525541,031300040801,2018-12-02 02:00:00+00:00,0,85.5225601196289,1.2587082906695288,031300040801,2018-12-02 02:00:00+00:00,4,100.32307434082031,1.2390279587296915,031300040801,2018-12-02 02:00:00+00:00,4,146.69317626953125,1.305448043365087,031300040801,2018-12-02 14:00:00+00:00,37,163.05616760253906,1.1591615403196773,031300040801,2018-12-03 18:00:00+00:00,11,1.305448043365087,2018-12-02 14:00:00+00:00,24,37,3,35,389,AL-RF-20181202-0389,5.0,0.5820003837803379,37,5–10-year,Convective,Organized or localized severe convection,,Medium,10 convective/heavy-rain NOAA Storm Events records; Rx3h/Rx24h=0.58.,,,10,Flash Flood; Thunderstorm Wind; Tornado,1,10,0,0.3178146639727289,0.5830029882405122,0.6838973488207019,0.8996481300057674
ALRF-2018-019,2018,2018-12-28 00:00:00+00:00,2018-12-31 04:00:00+00:00,2018-12-27 12:00:00+00:00,2018-12-31 16:00:00+00:00,58.16884231567383,1.1724083189527086,031602030104,2018-12-28 00:00:00+00:00,8,100.58960723876953,1.4081326886930208,031700020605,2018-12-28 01:00:00+00:00,32,136.8304443359375,1.7135303960171173,031602010801,2018-12-28 09:00:00+00:00,50,209.98716735839844,1.8808278029260734,031602010801,2018-12-28 13:00:00+00:00,372,208.46099853515625,1.5555330277089745,031602010405,2018-12-30 19:00:00+00:00,128,1.8808278029260734,2018-12-28 13:00:00+00:00,24,372,7,338,390,AL-RF-20181228-0390,25.0,0.8440817012997638,372,25–50-year,Frontal/extratropical candidate,Prolonged or widespread non-tropical rainfall,,Medium–low,No nearby HURDAT2 system; 3 flood/heavy-rain NOAA records; affected HUCs=372; Rx24h/Rx72h=1.01.,,,10,Flash Flood; Hail; Strong Wind; Thunderstorm Wind,3,9,0,0.2770114147803774,0.4790274020273194,0.651613363127092,1.0073211240182407
ALRF-2019-001,2019,2019-01-23 19:00:00+00:00,2019-01-26 11:00:00+00:00,2019-01-23 07:00:00+00:00,2019-01-26 23:00:00+00:00,64.97310638427734,1.253959959987525,031602030701,2019-01-23 21:00:00+00:00,3,109.75829315185547,1.532802531952695,031602030501,2019-01-23 21:00:00+00:00,29,154.34384155273438,1.7686497514526325,031602030701,2019-01-23 21:00:00+00:00,34,171.46910095214844,1.3939517938889407,031602030701,2019-01-24 02:00:00+00:00,16,171.46910095214844,1.099790774380878,031602030701,2019-01-24 02:00:00+00:00,5,1.7686497514526325,2019-01-23 21:00:00+00:00,6,37,5,24,391,AL-RF-20190123-0391,25.0,0.7847666711896794,37,25–50-year,Convective,Organized or localized severe convection,,Medium,10 convective/heavy-rain NOAA Storm Events records; Rx3h/Rx24h=0.64.,,,15,Flash Flood; Flood; Thunderstorm Wind,11,10,0,0.37892020208590976,0.6401053749181639,0.9001262658734464,1.0
ALRF-2019-002,2019,2019-02-21 22:00:00+00:00,2019-02-25 18:00:00+00:00,2019-02-21 10:00:00+00:00,2019-02-26 06:00:00+00:00,32.68510055541992,0.7569598063406553,031601100105,2019-02-21 23:00:00+00:00,0,57.88975524902344,1.0209625083463503,060300050803,2019-02-23 08:00:00+00:00,1,83.59730529785156,1.2052868657012499,060300050803,2019-02-23 09:00:00+00:00,2,130.53746032714844,1.3010089137909462,060300050803,2019-02-24 03:00:00+00:00,47,218.25375366210938,1.6858623158426584,060300050803,2019-02-23 13:00:00+00:00,148,1.6858623158426584,2019-02-23 13:00:00+00:00,72,148,2,147,392,AL-RF-20190223-0392,25.0,0.8139821156435945,148,25–50-year,Frontal/extratropical candidate,Prolonged or widespread non-tropical rainfall,,Medium–low,No nearby HURDAT2 system; 55 flood/heavy-rain NOAA records; affected HUCs=148; Rx24h/Rx72h=0.60.,,,72,Flash Flood; Flood; Funnel Cloud; Thunderstorm Wind; Tornado,55,19,0,0.2503886660082528,0.44347235731369483,0.6404085470051502,0.5980994971992126
ALRF-2019-003,2019,2019-04-14 06:00:00+00:00,2019-04-14 14:00:00+00:00,2019-04-13 18:00:00+00:00,2019-04-15 02:00:00+00:00,53.26639175415039,1.2607077259763335,031601030601,2019-04-14 06:00:00+00:00,31,89.9007339477539,1.5127032662190174,031601030601,2019-04-14 07:00:00+00:00,26,95.20014953613281,1.3064195680400716,031601030601,2019-04-14 08:00:00+00:00,9,115.45606231689453,1.0875353553811407,031601030601,2019-04-14 07:00:00+00:00,1,122.97830963134766,0.8915941942524901,031601030601,2019-04-15 00:00:00+00:00,0,1.5127032662190174,2019-04-14 07:00:00+00:00,3,44,7,19,393,AL-RF-20190414-0393,10.0,0.7298188144044649,44,10–25-year,Convective,Organized or localized severe convection,,Medium,54 convective/heavy-rain NOAA Storm Events records; Rx3h/Rx24h=0.78.,,,56,Hail; High Wind; Strong Wind; Thunderstorm Wind; Tornado,0,54,0,0.4613563868820424,0.7786575442093425,0.8245573911470763,0.9388327312596622
ALRF-2019-004,2019,2019-04-19 07:00:00+00:00,2019-04-22 07:00:00+00:00,2019-04-18 19:00:00+00:00,2019-04-22 19:00:00+00:00,69.81612396240234,1.6535858365036482,031300021302,2019-04-19 10:00:00+00:00,12,135.04150390625,2.302507088610966,031300021302,2019-04-19 10:00:00+00:00,53,151.88330078125,2.130786191241252,031300021302,2019-04-19 13:00:00+00:00,67,162.73287963867188,1.5899133326159038,031300021302,2019-04-20 00:00:00+00:00,25,164.08639526367188,1.2675985668701515,031300021302,2019-04-20 15:00:00+00:00,7,2.302507088610966,2019-04-19 10:00:00+00:00,3,71,4,67,394,AL-RF-20190419-0394,200.0,1.149732882624248,71,200–500-year,Convective,Organized or localized severe convection,,Medium,71 convective/heavy-rain NOAA Storm Events records; Rx3h/Rx24h=0.83.,,,71,Thunderstorm Wind,0,71,0,0.4290228509285915,0.8298353977763613,0.933328907584552,0.9917512014154188
ALRF-2019-005,2019,2019-06-07 04:00:00+00:00,2019-06-11 14:00:00+00:00,2019-06-06 16:00:00+00:00,2019-06-12 02:00:00+00:00,58.945213317871094,1.4002739151010413,031501090801,2019-06-07 07:00:00+00:00,14,92.51310729980469,1.5643806880607978,031501090801,2019-06-07 08:00:00+00:00,32,107.27531433105469,1.4736879412613022,031501090502,2019-06-07 10:00:00+00:00,29,139.90379333496094,1.395000657971198,031501080704,2019-06-09 09:00:00+00:00,11,185.79632568359375,1.3978188843963264,031501090204,2019-06-09 19:00:00+00:00,36,1.5643806880607978,2019-06-07 08:00:00+00:00,3,53,11,23,395,AL-RF-20190607-0395,10.0,0.7646846956152226,53,10–25-year,Convective,Organized or localized severe convection,,Medium,18 convective/heavy-rain NOAA Storm Events records; Rx3h/Rx24h=0.66.,,,18,Flash Flood; Hail; Thunderstorm Wind; Tornado,1,18,0,0.4213267697234133,0.6612623224468807,0.7667791685548769,0.7529954794327495
ALRF-2019-006,2019,2019-07-17 13:00:00+00:00,2019-07-17 21:00:00+00:00,2019-07-17 01:00:00+00:00,2019-07-18 09:00:00+00:00,39.527462005615234,0.9325338480817584,060300060206,2019-07-17 13:00:00+00:00,0,68.35218811035156,1.2164376921091047,060300050702,2019-07-17 15:00:00+00:00,2,81.23210906982422,1.1547039244451962,060300050808,2019-07-17 15:00:00+00:00,3,97.14414978027344,0.9551949360541051,060300050808,2019-07-17 16:00:00+00:00,0,146.24928283691406,1.1208445089023387,060300051003,2019-07-17 15:00:00+00:00,6,1.2164376921091047,2019-07-17 15:00:00+00:00,3,8,2,7,396,AL-RF-20190717-0396,5.0,0.5990511363199592,8,5–10-year,Tropical cyclone,Tropical cyclone or remnant,Barry,High,HURDAT2 track within 492 km of rainfall footprint; track status=LO; 0 matching tropical NOAA Storm Events records.,Barry,491.6757877114051,12,Flash Flood; Thunderstorm Wind,1,12,0,0.4068949298029872,0.7036161031308082,0.8362017605132163,0.6642367599750976
ALRF-2019-007,2019,2019-08-25 22:00:00+00:00,2019-08-27 20:00:00+00:00,2019-08-25 10:00:00+00:00,2019-08-28 08:00:00+00:00,60.18472671508789,1.487215628399199,060300050803,2019-08-25 22:00:00+00:00,5,108.6080322265625,1.9154464988079742,060300050803,2019-08-25 23:00:00+00:00,6,123.92649841308594,1.7867439664167974,060300050803,2019-08-26 00:00:00+00:00,6,144.01675415039062,1.4353510510724246,060300050803,2019-08-26 10:00:00+00:00,4,165.73870849609375,1.2802191863447625,060300050803,2019-08-26 14:00:00+00:00,5,1.9154464988079742,2019-08-25 23:00:00+00:00,3,15,6,4,397,AL-RF-20190825-0397,50.0,0.9453101715476255,15,50–100-year,Convective,Organized or localized severe convection,,Medium,29 convective/heavy-rain NOAA Storm Events records; Rx3h/Rx24h=0.75.,Erin,1151.023818151634,32,Drought; Flash Flood; Thunderstorm Wind,11,29,0,0.4179008690352757,0.7541347037522295,0.8605005656749819,0.8689385567028532
ALRF-2019-008,2019,2019-10-06 00:00:00+00:00,2019-10-06 08:00:00+00:00,2019-10-05 12:00:00+00:00,2019-10-06 20:00:00+00:00,48.29094696044922,1.1973933089585798,031300020603,2019-10-06 00:00:00+00:00,2,69.60026550292969,1.2457816541109488,031300020602,2019-10-06 01:00:00+00:00,5,92.2483139038086,1.2745567509347757,031601110403,2019-10-06 08:00:00+00:00,4,103.1836166381836,0.9921383246833391,031601110403,2019-10-06 09:00:00+00:00,0,103.1836166381836,0.7837925523352404,031601110403,2019-10-06 09:00:00+00:00,0,1.2745567509347757,2019-10-06 08:00:00+00:00,6,6,2,3,398,AL-RF-20191006-0398,5.0,0.6028769391694725,6,5–10-year,Convective,Organized or localized severe convection,,Medium,5 convective/heavy-rain NOAA Storm Events records; Rx3h/Rx24h=0.67.,Lorenzo,6216.968568904376,20,Drought; Thunderstorm Wind,0,5,0,0.468009830763956,0.6745282610802942,0.8940209396544031,1.0
ALRF-2019-009,2019,2019-10-25 15:00:00+00:00,2019-10-29 00:00:00+00:00,2019-10-25 03:00:00+00:00,2019-10-29 12:00:00+00:00,59.07392501831055,1.3353111340657597,031602010105,2019-10-26 04:00:00+00:00,16,101.13778686523438,1.6301116664554602,031601130507,2019-10-26 04:00:00+00:00,57,137.19125366210938,1.8349027896535766,031601060709,2019-10-26 06:00:00+00:00,106,214.02223205566406,2.0356104972267266,031602010402,2019-10-26 07:00:00+00:00,208,224.7791290283203,1.6923328595816145,031602010402,2019-10-26 17:00:00+00:00,140,2.0356104972267266,2019-10-26 07:00:00+00:00,24,232,3,205,399,AL-RF-20191026-0399,50.0,0.9243753451472021,232,50–100-year,Tropical cyclone,Tropical cyclone or remnant,Olga,High,HURDAT2 track within 150 km of rainfall footprint; track status=EX; 0 matching tropical NOAA Storm Events records.,Olga,150.40976114428918,26,Drought; Strong Wind; Thunderstorm Wind; Tornado,0,5,0,0.27601770363251926,0.47255738758452864,0.6410140308527758,0.9521445918081612
ALRF-2019-010,2019,2019-10-30 15:00:00+00:00,2019-11-02 14:00:00+00:00,2019-10-30 03:00:00+00:00,2019-11-03 02:00:00+00:00,77.94954681396484,1.3156381445501986,031700080303,2019-10-30 17:00:00+00:00,3,140.95172119140625,1.7002867535855144,031700080303,2019-10-30 17:00:00+00:00,5,208.85092163085938,2.067455682571206,031700080402,2019-10-30 18:00:00+00:00,13,273.69036865234375,1.941788215182662,031700080402,2019-10-31 00:00:00+00:00,25,307.2044677734375,1.749687278308647,031700080402,2019-10-31 17:00:00+00:00,16,2.067455682571206,2019-10-30 18:00:00+00:00,6,27,6,11,400,AL-RF-20191030-0400,50.0,0.9100401023571362,27,50–100-year,Unclassified,Insufficient external evidence,,Low,No nearby HURDAT2 track and no matching Alabama NOAA Storm Events record within the configured time buffer.,Rebekah,3681.524116728284,52,Drought; Frost/Freeze; Strong Wind,0,0,0,0.2848092433715874,0.5150043163208666,0.7630919665140028,0.8909062118659996
ALRF-2019-011,2019,2019-12-01 01:00:00+00:00,2019-12-01 06:00:00+00:00,2019-11-30 13:00:00+00:00,2019-12-01 18:00:00+00:00,29.884614944458008,0.742596158484047,060300021205,2019-12-01 00:00:00+00:00,0,58.64194869995117,1.0424672200033633,060300050802,2019-12-01 01:00:00+00:00,3,85.68147277832031,1.209529653066105,060300040405,2019-12-01 05:00:00+00:00,14,111.81250762939453,1.1008755149024225,060300040405,2019-12-01 07:00:00+00:00,2,112.91287994384766,0.8620900598877976,060300040405,2019-12-01 07:00:00+00:00,0,1.209529653066105,2019-12-01 05:00:00+00:00,6,14,4,8,401,AL-RF-20191201-0401,5.0,0.5804697326260712,14,5–10-year,Convective candidate,Thunderstorm-associated rainfall,,Low,12 convective/heavy-rain NOAA Storm Events records; rainfall duration signature was not decisive.,,,14,Flash Flood; Flood; Hail,13,12,0,0.26727434683346285,0.5244668055770776,0.7662959591454096,0.9902546785185149
ALRF-2020-001,2020,2020-01-11 16:00:00+00:00,2020-01-12 01:00:00+00:00,2020-01-11 04:00:00+00:00,2020-01-12 13:00:00+00:00,52.6596794128418,1.1458277053112436,031403010101,2020-01-11 22:00:00+00:00,2,93.96405029296875,1.5501211548906293,031601010503,2020-01-11 17:00:00+00:00,21,109.97408294677734,1.4772939858097522,031601010503,2020-01-11 19:00:00+00:00,22,136.3566131591797,1.2783658489917296,031601010503,2020-01-11 19:00:00+00:00,11,137.0739288330078,0.9930312640470855,031601010503,2020-01-12 00:00:00+00:00,0,1.5501211548906293,2020-01-11 17:00:00+00:00,3,26,2,24,402,AL-RF-20200111-0402,10.0,0.7836074013295697,26,10–25-year,Convective,Organized or localized severe convection,,Medium,155 convective/heavy-rain NOAA Storm Events records; Rx3h/Rx24h=0.69.,,,155,Hail; Heavy Rain; Lightning; Thunderstorm Wind; Tornado,1,155,0,0.3861908725421924,0.6891051934773211,0.806518146783215,0.9947669430654315
ALRF-2020-002,2020,2020-01-14 12:00:00+00:00,2020-01-14 14:00:00+00:00,2020-01-14 00:00:00+00:00,2020-01-15 02:00:00+00:00,28.617876052856445,0.6724598899348571,031601010503,2020-01-14 11:00:00+00:00,0,48.83171844482422,0.8126524280872843,031501070901,2020-01-14 03:00:00+00:00,0,53.59260940551758,0.7320390128419053,031501070901,2020-01-14 04:00:00+00:00,0,126.70594787597656,0.99362033852757,031403030702,2020-01-14 00:00:00+00:00,0,159.7141876220703,1.1570484844993094,031601010503,2020-01-14 13:00:00+00:00,6,1.1570484844993094,2020-01-14 13:00:00+00:00,72,6,2,4,403,AL-RF-20200114-0403,2.0,0.5485899123535256,6,2–5-year,Convective candidate,Thunderstorm-associated rainfall,,Low,3 convective/heavy-rain NOAA Storm Events records; rainfall duration signature was not decisive.,,,3,Heavy Rain; Thunderstorm Wind,1,3,0,0.2258605577132689,0.38539405026685974,0.422968379179607,0.7933293200964667
ALRF-2020-003,2020,2020-02-05 22:00:00+00:00,2020-02-09 04:00:00+00:00,2020-02-05 10:00:00+00:00,2020-02-09 16:00:00+00:00,50.802757263183594,1.1882455216788486,031601110208,2020-02-06 07:00:00+00:00,4,71.74691009521484,1.20632708371171,031601110102,2020-02-06 09:00:00+00:00,32,100.73763275146484,1.498069378856293,031501050501,2020-02-06 11:00:00+00:00,53,143.28863525390625,1.36971241230549,031601110206,2020-02-06 18:00:00+00:00,98,153.99081420898438,1.209233664876567,060300020302,2020-02-07 06:00:00+00:00,34,1.498069378856293,2020-02-06 11:00:00+00:00,6,106,13,63,404,AL-RF-20200206-0404,10.0,0.7088134552207004,106,10–25-year,Frontal/extratropical candidate,Prolonged or widespread non-tropical rainfall,,Medium–low,No nearby HURDAT2 system; 35 flood/heavy-rain NOAA records; affected HUCs=106; Rx24h/Rx72h=0.93.,,,89,Flash Flood; Flood; Hail; Thunderstorm Wind; Tornado; Winter Weather,35,64,0,0.3545484062512113,0.5007159846842,0.7030399345555816,0.9305011859957182
ALRF-2020-004,2020,2020-02-10 21:00:00+00:00,2020-02-13 20:00:00+00:00,2020-02-10 09:00:00+00:00,2020-02-14 08:00:00+00:00,54.59358596801758,1.0338599980753589,031700020607,2020-02-11 01:00:00+00:00,2,81.3010025024414,1.3342759352774483,031601130102,2020-02-10 21:00:00+00:00,9,101.05787658691406,1.3783070625599403,031601130102,2020-02-10 21:00:00+00:00,16,167.55166625976562,1.5985852738474857,031601130602,2020-02-11 12:00:00+00:00,99,209.89378356933594,1.6002015069738127,031601130602,2020-02-13 11:00:00+00:00,204,1.6002015069738127,2020-02-13 11:00:00+00:00,72,212,4,120,405,AL-RF-20200213-0405,10.0,0.702581446788958,212,10–25-year,Frontal/extratropical candidate,Prolonged or widespread non-tropical rainfall,,Medium–low,No nearby HURDAT2 system; 20 flood/heavy-rain NOAA records; affected HUCs=212; Rx24h/Rx72h=0.80.,,,47,Flash Flood; Flood; Thunderstorm Wind; Tornado,20,38,0,0.3258313521238147,0.4852294478313064,0.6031445633625502,0.7982688358391372
ALRF-2020-005,2020,2020-02-19 03:00:00+00:00,2020-02-19 08:00:00+00:00,2020-02-18 15:00:00+00:00,2020-02-19 20:00:00+00:00,34.0454216003418,0.8160151305492602,031501090304,2020-02-19 02:00:00+00:00,0,57.04490280151367,0.9793248534963684,031501090304,2020-02-19 03:00:00+00:00,0,65.19271850585938,0.9145442841474135,031501090304,2020-02-19 06:00:00+00:00,0,120.64028930664062,1.1795029866943278,031300020803,2020-02-19 08:00:00+00:00,7,129.6890106201172,1.0023840233154444,031300020803,2020-02-19 12:00:00+00:00,1,1.1795029866943278,2020-02-19 08:00:00+00:00,24,7,1,7,406,AL-RF-20200219-0406,2.0,0.5941357802179301,7,2–5-year,Non-tropical heavy rain,Meteorological mechanism unresolved,,Low,5 flood/heavy-rain NOAA Storm Events records; no nearby HURDAT2 track.,,,5,Flood,5,0,0,0.2822060672766289,0.4728511770766588,0.54038927526238,0.9302275399418234
ALRF-2020-006,2020,2020-02-20 15:00:00+00:00,2020-02-21 08:00:00+00:00,2020-02-20 03:00:00+00:00,2020-02-21 20:00:00+00:00,22.075315475463867,0.49045953244764295,031300031001,2020-02-20 16:00:00+00:00,0,44.96198272705078,0.7288825721449285,031300031001,2020-02-20 17:00:00+00:00,0,60.54267501831055,0.8141772721353386,031300031001,2020-02-20 19:00:00+00:00,0,76.84525299072266,0.7209523115016747,031300031001,2020-02-21 00:00:00+00:00,0,149.5887908935547,1.1561921348755722,031300020803,2020-02-20 23:00:00+00:00,10,1.1561921348755722,2020-02-20 23:00:00+00:00,72,10,2,9,407,AL-RF-20200220-0407,2.0,0.5933811322899958,10,2–5-year,Frontal/extratropical candidate,Prolonged or widespread non-tropical rainfall,,Medium–low,No nearby HURDAT2 system; 3 flood/heavy-rain NOAA records; affected HUCs=10; Rx24h/Rx72h=0.51.,,,3,Flood,3,0,0,0.28726973516671184,0.5850977253270144,0.7878518537198351,0.5137099680510465
ALRF-2020-007,2020,2020-03-04 16:00:00+00:00,2020-03-07 13:00:00+00:00,2020-03-04 04:00:00+00:00,2020-03-08 01:00:00+00:00,46.916534423828125,1.0217544032792405,031502010301,2020-03-04 13:00:00+00:00,1,67.2595443725586,1.062101896521681,031300031201,2020-03-04 14:00:00+00:00,2,84.60247039794922,1.1105229516669064,031300031201,2020-03-04 16:00:00+00:00,7,148.87876892089844,1.3711350036977221,031300031303,2020-03-05 12:00:00+00:00,40,161.06785583496094,1.2240136089793032,031601060701,2020-03-05 15:00:00+00:00,67,1.3711350036977221,2020-03-05 12:00:00+00:00,24,94,6,39,408,AL-RF-20200305-0408,5.0,0.5629241608506017,94,5–10-year,Convective candidate,Thunderstorm-associated rainfall,,Low,21 convective/heavy-rain NOAA Storm Events records; rainfall duration signature was not decisive.,,,21,Hail; Thunderstorm Wind; Tornado,0,21,0,0.3151324716337196,0.45177391551574836,0.5682641723273505,0.9243232807013206
ALRF-2020-008,2020,2020-04-12 22:00:00+00:00,2020-04-15 21:00:00+00:00,2020-04-12 10:00:00+00:00,2020-04-16 09:00:00+00:00,66.47518920898438,1.5303747059234598,031601070205,2020-04-12 22:00:00+00:00,80,80.90709686279297,1.3632573704259479,031601090201,2020-04-13 04:00:00+00:00,163,139.49435424804688,1.9281662050322088,031601090205,2020-04-13 04:00:00+00:00,275,156.1142578125,1.4978261723480089,031601090205,2020-04-13 06:00:00+00:00,169,156.1142578125,1.1905577320906848,031601090205,2020-04-13 06:00:00+00:00,20,1.9281662050322088,2020-04-13 04:00:00+00:00,6,305,4,280,409,AL-RF-20200413-0409,50.0,0.9470292262146875,305,50–100-year,Frontal/extratropical candidate,Prolonged or widespread non-tropical rainfall,,Medium–low,No nearby HURDAT2 system; 44 flood/heavy-rain NOAA records; affected HUCs=305; Rx24h/Rx72h=1.00.,,,201,Flash Flood; Flood; Frost/Freeze; Hail; High Wind; Lightning; Strong Wind; Thunderstorm Wind; Tornado,44,181,0,0.4258111343604757,0.5182556545217407,0.8935401301755901,1.0
ALRF-2020-009,2020,2020-04-19 14:00:00+00:00,2020-04-22 15:00:00+00:00,2020-04-19 02:00:00+00:00,2020-04-23 03:00:00+00:00,42.14738845825195,0.9991281363858331,031501090309,2020-04-19 13:00:00+00:00,0,90.77554321289062,1.4334452828011233,031300031201,2020-04-19 19:00:00+00:00,30,104.19735717773438,1.4232941013269707,031502011001,2020-04-19 16:00:00+00:00,48,178.5749053955078,1.6705828654297334,031502011001,2020-04-20 09:00:00+00:00,243,178.92330932617188,1.315198154556418,031502011001,2020-04-20 09:00:00+00:00,81,1.6705828654297334,2020-04-20 09:00:00+00:00,24,244,1,244,410,AL-RF-20200420-0410,10.0,0.7613154009348526,244,10–25-year,Frontal/extratropical candidate,Prolonged or widespread non-tropical rainfall,,Medium–low,No nearby HURDAT2 system; 5 flood/heavy-rain NOAA records; affected HUCs=244; Rx24h/Rx72h=1.00.,,,136,Flash Flood; Hail; High Wind; Strong Wind; Thunderstorm Wind; Tornado,5,123,0,0.23602077999091692,0.5083331446366492,0.5834938394448985,0.9980527750577822
ALRF-2020-010,2020,2020-04-23 15:00:00+00:00,2020-04-26 14:00:00+00:00,2020-04-23 03:00:00+00:00,2020-04-27 02:00:00+00:00,54.655704498291016,0.9464405345082494,031403040404,2020-04-23 15:00:00+00:00,0,120.21275329589844,1.4821407575300096,031403040404,2020-04-23 16:00:00+00:00,57,129.05857849121094,1.5626373199126458,031300040601,2020-04-23 21:00:00+00:00,81,149.62823486328125,1.3059763041804755,031300040601,2020-04-24 00:00:00+00:00,47,149.62823486328125,1.0609716746890476,031300040601,2020-04-24 00:00:00+00:00,8,1.5626373199126458,2020-04-23 21:00:00+00:00,6,93,1,93,411,AL-RF-20200423-0411,10.0,0.6880824734092287,93,10–25-year,Convective,Organized or localized severe convection,,Medium,40 convective/heavy-rain NOAA Storm Events records; Rx3h/Rx24h=0.80.,,,53,Flash Flood; Hail; High Wind; Strong Wind; Thunderstorm Wind; Tornado,2,40,0,0.36527667754839976,0.8034095530548736,0.8625282428088169,1.0
ALRF-2020-011,2020,2020-05-28 01:00:00+00:00,2020-05-28 03:00:00+00:00,2020-05-27 13:00:00+00:00,2020-05-28 15:00:00+00:00,31.721158981323242,0.732451869129419,031501070903,2020-05-27 22:00:00+00:00,0,47.6658935546875,0.8955835700305813,060300010302,2020-05-28 01:00:00+00:00,0,85.37094116210938,1.3166952920670074,060300010302,2020-05-28 02:00:00+00:00,6,113.13729858398438,1.1675143894085178,060300010302,2020-05-28 03:00:00+00:00,2,113.44657135009766,0.887554448988218,060300010302,2020-05-28 15:00:00+00:00,0,1.3166952920670074,2020-05-28 02:00:00+00:00,6,6,3,3,412,AL-RF-20200528-0412,5.0,0.6188661077672502,6,5–10-year,Tropical cyclone,Tropical depression,Bertha,High,HURDAT2 track within 457 km of rainfall footprint; track status=TD; 0 matching tropical NOAA Storm Events records.,Bertha,456.734990818372,9,Hail; Thunderstorm Wind,0,9,0,0.28037755345356696,0.42131016164668306,0.7545782180642805,0.997273846512656
ALRF-2020-012,2020,2020-06-06 00:00:00+00:00,2020-06-06 02:00:00+00:00,2020-06-05 12:00:00+00:00,2020-06-06 14:00:00+00:00,64.755615234375,1.4799745681832124,031502010103,2020-06-06 00:00:00+00:00,3,73.148193359375,1.2058569126343623,031502010103,2020-06-06 01:00:00+00:00,4,75.54985809326172,1.0242424857629782,031502010103,2020-06-06 02:00:00+00:00,3,76.83963012695312,0.7182517618302097,031502010103,2020-06-06 03:00:00+00:00,0,98.49549865722656,0.7183472651547451,031502010102,2020-06-06 04:00:00+00:00,0,1.4799745681832124,2020-06-06 00:00:00+00:00,1,4,2,3,413,AL-RF-20200606-0413,10.0,0.7351810119612072,4,10–25-year,Tropical cyclone,Tropical storm,Cristobal,High,HURDAT2 track within 408 km of rainfall footprint; track status=TS; 3 matching tropical NOAA Storm Events records.,Cristobal,408.23825136115477,8,Hail; Storm Surge/Tide; Tropical Storm,4,1,3,0.8427372064049096,0.9519592069680815,0.9832147547878554,0.780133419034327
ALRF-2020-013,2020,2020-06-08 03:00:00+00:00,2020-06-10 23:00:00+00:00,2020-06-07 15:00:00+00:00,2020-06-11 11:00:00+00:00,57.63578414916992,1.3513986495133279,031300030402,2020-06-09 19:00:00+00:00,2,61.77157211303711,1.043473594434606,031300030402,2020-06-09 19:00:00+00:00,2,109.26171875,1.096581508637383,031602040105,2020-06-08 05:00:00+00:00,2,183.21466064453125,1.2998779264320848,031700080402,2020-06-08 18:00:00+00:00,24,249.2686309814453,1.382564402378947,031700080404,2020-06-09 22:00:00+00:00,19,1.382564402378947,2020-06-09 22:00:00+00:00,72,28,4,21,414,AL-RF-20200609-0414,5.0,0.683034107632122,28,5–10-year,Tropical cyclone,Tropical storm,Cristobal,High,HURDAT2 track within 159 km of rainfall footprint; track status=TS; 3 matching tropical NOAA Storm Events records.,Cristobal,159.4714257677118,10,Flash Flood; Lightning; Storm Surge/Tide; Tropical Storm,6,3,3,0.3145806342484432,0.3371540896112285,0.596359037893736,0.7350088935104278
ALRF-2020-014,2020,2020-07-08 22:00:00+00:00,2020-07-08 22:00:00+00:00,2020-07-08 10:00:00+00:00,2020-07-09 10:00:00+00:00,45.125492095947266,1.0625873544784625,031501070105,2020-07-08 12:00:00+00:00,1,86.24937438964844,1.45623138404428,031501070105,2020-07-08 13:00:00+00:00,6,88.08883666992188,1.2245305288270494,031501070105,2020-07-08 14:00:00+00:00,1,107.45748901367188,0.9384228966763045,031602030302,2020-07-08 21:00:00+00:00,0,129.19903564453125,0.9008436131180855,031602030302,2020-07-09 10:00:00+00:00,0,1.45623138404428,2020-07-08 13:00:00+00:00,3,6,2,4,415,AL-RF-20200708-0415,10.0,0.6643854523935477,6,10–25-year,Tropical cyclone,Tropical cyclone or remnant,Fay,High,HURDAT2 track within 220 km of rainfall footprint; track status=LO; 0 matching tropical NOAA Storm Events records.,Fay,219.66627569851696,1,Flash Flood,1,1,0,0.4199380844475709,0.8026371654624731,0.8197552118374392,0.8317205192562159
ALRF-2020-015,2020,2020-07-12 15:00:00+00:00,2020-07-12 19:00:00+00:00,2020-07-12 03:00:00+00:00,2020-07-13 07:00:00+00:00,46.78767776489258,1.103817219094573,060300060206,2020-07-12 17:00:00+00:00,4,85.46701049804688,1.4669817666358407,060300051003,2020-07-12 16:00:00+00:00,11,87.48015594482422,1.2376333923710479,060300051003,2020-07-12 18:00:00+00:00,6,87.63438415527344,0.861963300867484,060300051003,2020-07-12 19:00:00+00:00,0,87.63438415527344,0.6716239311819995,060300051003,2020-07-12 19:00:00+00:00,0,1.4669817666358407,2020-07-12 16:00:00+00:00,3,13,3,9,416,AL-RF-20200712-0416,10.0,0.7300528750631936,13,10–25-year,Convective,Organized or localized severe convection,,Medium,70 convective/heavy-rain NOAA Storm Events records; Rx3h/Rx24h=0.98.,Fay,1260.0876925923926,73,Flood; Hail; Thunderstorm Wind,3,70,0,0.5338963492000202,0.9752679992206444,0.9982400947763157,1.0
ALRF-2020-016,2020,2020-07-30 01:00:00+00:00,2020-07-30 05:00:00+00:00,2020-07-29 13:00:00+00:00,2020-07-30 17:00:00+00:00,59.03966522216797,1.362519620965633,031601060301,2020-07-30 00:00:00+00:00,2,108.92286682128906,1.7929430736026366,031601060301,2020-07-30 02:00:00+00:00,4,122.51074981689453,1.666965619452226,031601060301,2020-07-30 04:00:00+00:00,4,123.0801010131836,1.1865828304752768,031601060301,2020-07-30 05:00:00+00:00,2,133.71852111816406,1.002852862634049,031601060301,2020-07-30 05:00:00+00:00,1,1.7929430736026366,2020-07-30 02:00:00+00:00,3,4,1,4,417,AL-RF-20200730-0417,25.0,0.857945614196055,4,25–50-year,Convective,Organized or localized severe convection,,Medium,5 convective/heavy-rain NOAA Storm Events records; Rx3h/Rx24h=0.88.,Isaias,1670.0739992275799,5,Thunderstorm Wind,0,5,0,0.4796848941149634,0.8849754422091505,0.9953741409732181,0.9204416858934632
ALRF-2020-017,2020,2020-08-20 03:00:00+00:00,2020-08-20 03:00:00+00:00,2020-08-19 15:00:00+00:00,2020-08-20 15:00:00+00:00,38.14973068237305,0.927702564800073,031300020804,2020-08-20 02:00:00+00:00,0,63.67502975463867,1.093148311652198,031501090304,2020-08-20 03:00:00+00:00,4,80.9612808227539,1.0835712783941287,031502010104,2020-08-20 07:00:00+00:00,2,81.19588470458984,0.7547125140776723,031502010104,2020-08-20 07:00:00+00:00,0,85.77703857421875,0.6557278449115163,031300020804,2020-08-20 09:00:00+00:00,0,1.093148311652198,2020-08-20 03:00:00+00:00,3,4,2,3,418,AL-RF-20200820-0418,2.0,0.5382627672896224,4,2–5-year,Convective,Organized or localized severe convection,,Medium,10 convective/heavy-rain NOAA Storm Events records; Rx3h/Rx24h=0.78.,Marco,1545.7263561816114,10,Flash Flood; Hail; Lightning; Thunderstorm Wind,2,10,0,0.4698480818476323,0.7842149880662517,0.9971106431971339,0.9465923055193255
ALRF-2020-018,2020,2020-08-22 06:00:00+00:00,2020-08-23 02:00:00+00:00,2020-08-21 18:00:00+00:00,2020-08-23 14:00:00+00:00,50.44028091430664,1.1445055500845376,031502010106,2020-08-22 04:00:00+00:00,2,75.22076416015625,1.2306203019745852,031502010106,2020-08-22 06:00:00+00:00,2,85.000732421875,1.1446457811303077,031502010106,2020-08-22 08:00:00+00:00,1,88.85220336914062,0.8289731483834992,031502010106,2020-08-23 00:00:00+00:00,0,161.0896453857422,1.1775092844468908,031502010105,2020-08-23 00:00:00+00:00,3,1.2306203019745852,2020-08-22 06:00:00+00:00,3,3,1,3,419,AL-RF-20200822-0419,5.0,0.5920319006468514,3,5–10-year,Tropical cyclone,Tropical storm,Marco,High,HURDAT2 track within 461 km of rainfall footprint; track status=TS; 0 matching tropical NOAA Storm Events records.,Marco,460.94565620977164,2,Hail; Tornado,0,2,0,0.5676874517647035,0.8465829918437484,0.9566530620375895,0.5515699234198252
ALRF-2020-019,2020,2020-08-25 11:00:00+00:00,2020-08-29 11:00:00+00:00,2020-08-24 23:00:00+00:00,2020-08-29 23:00:00+00:00,68.67562103271484,1.6188618389209257,060300060304,2020-08-29 02:00:00+00:00,15,149.11383056640625,2.46248380808059,060300060104,2020-08-26 13:00:00+00:00,37,188.15042114257812,2.5259447269836675,060300060104,2020-08-26 13:00:00+00:00,39,207.33563232421875,1.9383349288081724,060300060104,2020-08-26 14:00:00+00:00,16,253.49240112304688,1.8286422983815682,060300060104,2020-08-29 07:00:00+00:00,22,2.5259447269836675,2020-08-26 13:00:00+00:00,6,47,5,19,420,AL-RF-20200826-0420,500.0,1.302743603221371,47,500–1000-year,Tropical cyclone,Tropical depression,Laura,High,HURDAT2 track within 294 km of rainfall footprint; track status=TD; 0 matching tropical NOAA Storm Events records.,Laura,293.98535920884,53,Flash Flood; Funnel Cloud; Heavy Rain; Rip Current; Thunderstorm Wind; Tornado,9,51,0,0.3312292260759314,0.7191905650507346,0.9074678531298471,0.8179165584674732
ALRF-2020-020,2020,2020-08-30 22:00:00+00:00,2020-08-31 02:00:00+00:00,2020-08-30 10:00:00+00:00,2020-08-31 14:00:00+00:00,57.29619216918945,1.3341012370282306,031501070708,2020-08-31 00:00:00+00:00,6,71.00834655761719,1.1787277672791043,031502011001,2020-08-31 01:00:00+00:00,6,72.5855712890625,0.9914897868373874,031502011001,2020-08-31 02:00:00+00:00,0,72.5855712890625,0.6790439642365709,031502011001,2020-08-31 02:00:00+00:00,0,131.31922912597656,0.972725468582031,060300060304,2020-08-30 23:00:00+00:00,0,1.3341012370282306,2020-08-31 00:00:00+00:00,1,10,9,2,421,AL-RF-20200831-0421,5.0,0.651829005084834,10,5–10-year,Tropical cyclone,Tropical depression,Laura,High,HURDAT2 track within 464 km of rainfall footprint; track status=TD; 0 matching tropical NOAA Storm Events records.,Laura,463.6747655547538,17,Flash Flood; Funnel Cloud; Heavy Rain; Rip Current; Thunderstorm Wind,7,15,0,0.7893606284507274,0.9782708229275454,1.0,0.5527413751373003
ALRF-2020-021,2020,2020-09-15 23:00:00+00:00,2020-09-19 23:00:00+00:00,2020-09-15 11:00:00+00:00,2020-09-20 11:00:00+00:00,86.34819793701172,1.9366085481047763,031300030804,2020-09-17 04:00:00+00:00,44,183.90289306640625,2.0781678731696145,031401060507,2020-09-16 11:00:00+00:00,227,274.0473327636719,2.5138880772464374,031602050207,2020-09-16 09:00:00+00:00,320,499.9336242675781,3.327418307307004,031401070103,2020-09-16 11:00:00+00:00,485,554.5694580078125,2.9479462805670305,031401070103,2020-09-16 14:00:00+00:00,415,3.327418307307004,2020-09-16 11:00:00+00:00,24,485,1,485,422,AL-RF-20200916-0422,200.0,1.2031714837166958,485,200–500-year,Tropical cyclone,Hurricane,Sally,High,HURDAT2 track within 0 km of rainfall footprint; track status=HU; 19 matching tropical NOAA Storm Events records.,Sally,0.0,56,Flash Flood; Hurricane (Typhoon); Storm Surge/Tide; Strong Wind; Thunderstorm Wind; Tropical Storm,26,25,19,0.17271932461737322,0.36785461937238373,0.5481674355573937,0.9014806297907147
ALRF-2020-022,2020,2020-09-25 01:00:00+00:00,2020-09-25 04:00:00+00:00,2020-09-24 13:00:00+00:00,2020-09-25 16:00:00+00:00,41.87458038330078,0.9947522337451705,031501090801,2020-09-25 02:00:00+00:00,0,60.502403259277344,1.0659971438118119,060300010602,2020-09-25 01:00:00+00:00,1,77.64969635009766,1.1264238539710174,060300010602,2020-09-25 02:00:00+00:00,2,118.15035247802734,1.1686339470281966,060300010602,2020-09-25 02:00:00+00:00,7,126.19546508789062,0.9714774946490428,060300010602,2020-09-25 09:00:00+00:00,0,1.1686339470281966,2020-09-25 02:00:00+00:00,24,7,2,6,423,AL-RF-20200925-0423,2.0,0.5640113293332115,7,2–5-year,Tropical cyclone,Tropical cyclone or remnant,Beta,High,HURDAT2 track within 41 km of rainfall footprint; track status=EX; 0 matching tropical NOAA Storm Events records.,Beta,40.870828908056446,0,,0,0,0,0.3544177355805035,0.512079752538437,0.6572108734465124,0.9362487978132958
ALRF-2020-023,2020,2020-10-29 03:00:00+00:00,2020-10-31 04:00:00+00:00,2020-10-28 15:00:00+00:00,2020-10-31 16:00:00+00:00,63.57570266723633,1.4213032473136258,031502030502,2020-10-29 05:00:00+00:00,14,127.07460021972656,1.756941118302881,031602030701,2020-10-29 04:00:00+00:00,56,140.6510009765625,1.611741391273892,031602030701,2020-10-29 04:00:00+00:00,53,154.64883422851562,1.2572120498598307,031602030701,2020-10-29 12:00:00+00:00,32,146.2188720703125,1.108728915487694,031601080903,2020-10-29 08:00:00+00:00,10,1.756941118302881,2020-10-29 04:00:00+00:00,3,79,5,34,424,AL-RF-20201029-0424,25.0,0.7845523810107738,79,25–50-year,Tropical cyclone,Tropical storm,Zeta,High,HURDAT2 track within 12 km of rainfall footprint; track status=TS; 41 matching tropical NOAA Storm Events records.,Zeta,11.59887602792438,49,Flood; Heavy Rain; Storm Surge/Tide; Tropical Storm,8,2,41,0.41109719956436397,0.8216977570743003,0.9094863319094321,1.057653037797675
ALRF-2020-024,2020,2020-11-11 15:00:00+00:00,2020-11-11 16:00:00+00:00,2020-11-11 03:00:00+00:00,2020-11-12 04:00:00+00:00,48.41835403442383,1.0939284225605033,031601120502,2020-11-11 12:00:00+00:00,1,73.67340087890625,1.203356875724791,031601120502,2020-11-11 13:00:00+00:00,3,77.42459869384766,1.0724741665985984,031601110405,2020-11-11 17:00:00+00:00,3,88.1524887084961,0.8485711066732397,031601110405,2020-11-12 00:00:00+00:00,0,88.1524887084961,0.6676646748204645,031601110405,2020-11-12 00:00:00+00:00,0,1.203356875724791,2020-11-11 13:00:00+00:00,3,3,2,2,425,AL-RF-20201111-0425,5.0,0.5912666714319081,3,5–10-year,Tropical cyclone,Tropical storm,Eta,High,HURDAT2 track within 590 km of rainfall footprint; track status=TS; 0 matching tropical NOAA Storm Events records.,Eta,589.8838687880171,0,,0,0,0,0.5492568019779264,0.8357495285530793,0.8783030386116089,1.0
ALRF-2021-001,2021,2021-03-16 09:00:00+00:00,2021-03-19 15:00:00+00:00,2021-03-15 21:00:00+00:00,2021-03-20 03:00:00+00:00,81.50554656982422,1.770576739657217,031602010302,2021-03-16 09:00:00+00:00,17,118.00534057617188,1.8473434552785526,031602010301,2021-03-16 11:00:00+00:00,35,126.92431640625,1.6220354638381265,031602010901,2021-03-16 13:00:00+00:00,53,162.62265014648438,1.4724941990424134,031602010901,2021-03-17 04:00:00+00:00,61,256.9266052246094,1.8038759452556414,031700020505,2021-03-18 06:00:00+00:00,151,1.8473434552785526,2021-03-16 11:00:00+00:00,3,164,5,93,426,AL-RF-20210316-0426,25.0,0.9054092037839145,164,25–50-year,Convective,Organized or localized severe convection,,Medium,62 convective/heavy-rain NOAA Storm Events records; Rx3h/Rx24h=0.73.,,,63,Flash Flood; Flood; Hail; Thunderstorm Wind; Tornado,23,62,0,0.5011943077818931,0.725639020578481,0.780483630613087,0.6329537184532409
ALRF-2021-002,2021,2021-03-25 21:00:00+00:00,2021-03-28 16:00:00+00:00,2021-03-25 09:00:00+00:00,2021-03-29 04:00:00+00:00,43.26972961425781,1.0278074281413767,031601090105,2021-03-25 14:00:00+00:00,1,66.99874877929688,1.129243526460178,031601090105,2021-03-25 15:00:00+00:00,6,90.14781188964844,1.2771150972380958,031501060404,2021-03-25 23:00:00+00:00,21,157.05126953125,1.5570184869727575,031501060404,2021-03-26 07:00:00+00:00,90,160.35447692871094,1.2431741878822264,031501060404,2021-03-26 08:00:00+00:00,22,1.5570184869727575,2021-03-26 07:00:00+00:00,24,91,4,85,427,AL-RF-20210326-0427,10.0,0.7467223222299635,91,10–25-year,Frontal/extratropical candidate,Prolonged or widespread non-tropical rainfall,,Medium–low,No nearby HURDAT2 system; 17 flood/heavy-rain NOAA records; affected HUCs=91; Rx24h/Rx72h=0.98.,,,94,Flash Flood; Hail; Heavy Rain; Lightning; Thunderstorm Wind; Tornado,17,94,0,0.27551340236474825,0.42660431195028,0.5740024398319866,0.9794005913602933
ALRF-2021-003,2021,2021-03-31 09:00:00+00:00,2021-04-03 06:00:00+00:00,2021-03-30 21:00:00+00:00,2021-04-03 18:00:00+00:00,49.91014862060547,1.1607759132306448,031601050101,2021-03-31 10:00:00+00:00,5,104.01045989990234,1.6953630744595989,031601070101,2021-03-31 11:00:00+00:00,23,140.11558532714844,1.9026796422749845,031601030202,2021-03-31 12:00:00+00:00,35,154.18675231933594,1.4373383143894396,031601030202,2021-03-31 16:00:00+00:00,22,154.18675231933594,1.105952118424352,031601030202,2021-03-31 16:00:00+00:00,5,1.9026796422749845,2021-03-31 12:00:00+00:00,6,35,3,30,428,AL-RF-20210331-0428,50.0,0.9049988362672018,35,50–100-year,Convective,Organized or localized severe convection,,Medium,36 convective/heavy-rain NOAA Storm Events records; Rx3h/Rx24h=0.67.,,,59,Flash Flood; Flood; Frost/Freeze; Hail; Thunderstorm Wind; Tornado,8,36,0,0.323699331296872,0.6745745554357773,0.9087394553648505,1.0
ALRF-2021-004,2021,2021-04-10 13:00:00+00:00,2021-04-10 21:00:00+00:00,2021-04-10 01:00:00+00:00,2021-04-11 09:00:00+00:00,40.697608947753906,0.8445419982846042,031700020507,2021-04-10 07:00:00+00:00,0,93.32643127441406,1.0510701325006009,031700090103,2021-04-10 12:00:00+00:00,1,108.2650375366211,1.0017015469875568,031700090103,2021-04-10 14:00:00+00:00,1,119.19940948486328,1.103792003238313,031502030302,2021-04-10 15:00:00+00:00,5,125.49858093261719,0.9203055525380599,031502030302,2021-04-10 15:00:00+00:00,0,1.103792003238313,2021-04-10 15:00:00+00:00,24,6,4,2,429,AL-RF-20210410-0429,2.0,0.48997642957254267,6,2–5-year,Convective,Organized or localized severe convection,,Medium,50 convective/heavy-rain NOAA Storm Events records; Rx3h/Rx24h=0.78.,,,50,Hail; Thunderstorm Wind,0,50,0,0.34142458526962716,0.7829437383770367,0.9082682372715051,0.9498068312729683
ALRF-2021-005,2021,2021-04-15 14:00:00+00:00,2021-04-15 15:00:00+00:00,2021-04-15 02:00:00+00:00,2021-04-16 03:00:00+00:00,40.44028854370117,0.6547653930270493,031401070205,2021-04-15 14:00:00+00:00,0,79.65348815917969,0.8894550436837523,031700090203,2021-04-15 12:00:00+00:00,0,132.87648010253906,1.217039603845681,031700090203,2021-04-15 15:00:00+00:00,4,164.38221740722656,1.0843960983394652,031700090203,2021-04-15 17:00:00+00:00,2,167.55361938476562,0.8964151735246234,031700090203,2021-04-15 17:00:00+00:00,0,1.217039603845681,2021-04-15 15:00:00+00:00,6,4,2,3,430,AL-RF-20210415-0430,2.0,0.5264654909650089,4,2–5-year,Convective candidate,Thunderstorm-associated rainfall,,Low,3 convective/heavy-rain NOAA Storm Events records; rainfall duration signature was not decisive.,,,3,Flash Flood; Hail,2,3,0,0.2460137670701803,0.48456268211696457,0.8083385307631065,0.9810723158999249
ALRF-2021-006,2021,2021-04-17 08:00:00+00:00,2021-04-18 10:00:00+00:00,2021-04-16 20:00:00+00:00,2021-04-18 22:00:00+00:00,11.273598670959473,0.18449014658528187,031602050103,2021-04-17 11:00:00+00:00,0,17.439105987548828,0.19468515153055882,031401070300,2021-04-18 02:00:00+00:00,0,28.432872772216797,0.2622386019452202,031401060703,2021-04-18 01:00:00+00:00,0,57.410438537597656,0.3787250016216881,031700090203,2021-04-18 02:00:00+00:00,0,223.0230712890625,1.1931778369435613,031700090203,2021-04-18 08:00:00+00:00,4,1.1931778369435613,2021-04-18 08:00:00+00:00,72,4,2,3,431,AL-RF-20210418-0431,2.0,0.4353787828536559,4,2–5-year,Unclassified,Insufficient external evidence,,Low,No nearby HURDAT2 track and no matching Alabama NOAA Storm Events record within the configured time buffer.,,,0,,0,0,0,0.19636844723937233,0.3037619365357764,0.4952561502138035,0.2574192804617393
ALRF-2021-007,2021,2021-04-24 09:00:00+00:00,2021-04-25 13:00:00+00:00,2021-04-23 21:00:00+00:00,2021-04-26 01:00:00+00:00,71.73414611816406,1.3696743285620063,031502040304,2021-04-24 10:00:00+00:00,6,107.63985443115234,1.4684413162416703,031602030702,2021-04-24 10:00:00+00:00,35,146.515869140625,1.6560765994276267,031602030702,2021-04-24 10:00:00+00:00,55,163.7590789794922,1.313702806945271,031602030702,2021-04-24 23:00:00+00:00,33,163.7590789794922,1.0361451772796118,031602030702,2021-04-24 23:00:00+00:00,1,1.6560765994276267,2021-04-24 10:00:00+00:00,6,56,4,24,432,AL-RF-20210424-0432,10.0,0.7299670121164085,56,10–25-year,Convective,Organized or localized severe convection,,Medium,174 convective/heavy-rain NOAA Storm Events records; Rx3h/Rx24h=0.66.,,,178,Flash Flood; Hail; High Wind; Strong Wind; Thunderstorm Wind; Tornado,2,174,0,0.4380468341981054,0.6573061786982343,0.8947037932411273,1.0
ALRF-2021-008,2021,2021-05-04 00:00:00+00:00,2021-05-07 19:00:00+00:00,2021-05-03 12:00:00+00:00,2021-05-08 07:00:00+00:00,52.85065460205078,1.1939469682846129,031501100905,2021-05-04 01:00:00+00:00,12,102.53369903564453,1.690280567185831,031502010103,2021-05-04 02:00:00+00:00,53,158.88462829589844,2.17024695478707,031502020205,2021-05-05 00:00:00+00:00,96,169.28768920898438,1.6180470806986305,031502020201,2021-05-05 02:00:00+00:00,40,180.31674194335938,1.342264367640361,031501070401,2021-05-05 14:00:00+00:00,31,2.17024695478707,2021-05-05 00:00:00+00:00,6,109,10,79,433,AL-RF-20210505-0433,50.0,0.9808637212119554,109,50–100-year,Convective,Organized or localized severe convection,,Medium,223 convective/heavy-rain NOAA Storm Events records; Rx3h/Rx24h=0.61.,,,223,Flash Flood; Hail; Heavy Rain; Thunderstorm Wind; Tornado,12,223,0,0.3121943175490277,0.6056772321410061,0.9385480364124799,0.9388351152782063
ALRF-2021-009,2021,2021-06-06 19:00:00+00:00,2021-06-07 07:00:00+00:00,2021-06-06 07:00:00+00:00,2021-06-07 19:00:00+00:00,53.9112434387207,1.2145692553300527,031602010104,2021-06-06 20:00:00+00:00,14,78.13330841064453,1.273163608914458,031602010104,2021-06-06 22:00:00+00:00,14,91.42523956298828,1.2375720264434458,031602010104,2021-06-07 00:00:00+00:00,9,115.87252044677734,1.0980995703617538,031602010104,2021-06-07 02:00:00+00:00,3,130.71786499023438,0.9822909678220946,031602010104,2021-06-07 02:00:00+00:00,0,1.273163608914458,2021-06-06 22:00:00+00:00,3,17,4,9,434,AL-RF-20210606-0434,5.0,0.623518069342076,17,5–10-year,Convective,Organized or localized severe convection,,Medium,25 convective/heavy-rain NOAA Storm Events records; Rx3h/Rx24h=0.67.,,,26,Flash Flood; Rip Current; Thunderstorm Wind,2,25,0,0.465263405256497,0.6743040378286479,0.789015714946684,0.8864321679017165
ALRF-2021-010,2021,2021-06-08 03:00:00+00:00,2021-06-09 20:00:00+00:00,2021-06-07 15:00:00+00:00,2021-06-10 08:00:00+00:00,39.618927001953125,0.935263868422526,031601050402,2021-06-08 05:00:00+00:00,0,69.0116958618164,1.1476717915716763,031502030106,2021-06-08 03:00:00+00:00,2,84.88652038574219,1.1689628389667552,031502030106,2021-06-08 04:00:00+00:00,2,99.94215393066406,0.9381556626554081,031601010601,2021-06-09 20:00:00+00:00,0,170.0880126953125,1.288907996802466,031601130702,2021-06-08 23:00:00+00:00,18,1.288907996802466,2021-06-08 23:00:00+00:00,72,18,3,16,435,AL-RF-20210608-0435,5.0,0.5785662870201236,18,5–10-year,Convective,Organized or localized severe convection,,Medium,37 convective/heavy-rain NOAA Storm Events records; Rx3h/Rx24h=0.69.,,,39,Flash Flood; Rip Current; Thunderstorm Wind,2,37,0,0.3964185825876755,0.6905163952109138,0.8493565232207535,0.5875908145843037
ALRF-2021-011,2021,2021-06-10 12:00:00+00:00,2021-06-11 04:00:00+00:00,2021-06-10 00:00:00+00:00,2021-06-11 16:00:00+00:00,38.17531204223633,0.8809869063640263,031601120412,2021-06-11 16:00:00+00:00,0,69.55939483642578,1.152117393299829,031601120412,2021-06-11 16:00:00+00:00,2,81.7655029296875,1.077934745707528,031601060504,2021-06-10 14:00:00+00:00,3,118.68480682373047,1.1326449865010042,031601060504,2021-06-10 18:00:00+00:00,2,142.7520751953125,1.0815610772613555,031601060504,2021-06-10 16:00:00+00:00,6,1.152117393299829,2021-06-11 16:00:00+00:00,3,9,4,3,436,AL-RF-20210611-0436,2.0,0.5587768769144995,9,2–5-year,Convective,Organized or localized severe convection,,Medium,13 convective/heavy-rain NOAA Storm Events records; Rx3h/Rx24h=0.59.,,,14,Flash Flood; Rip Current; Thunderstorm Wind,1,13,0,0.32165289782148726,0.5860850828171691,0.6889298227626122,0.8314051243132309
ALRF-2021-012,2021,2021-06-11 19:00:00+00:00,2021-06-13 11:00:00+00:00,2021-06-11 07:00:00+00:00,2021-06-13 23:00:00+00:00,38.17531204223633,0.8809869063640263,031601120412,2021-06-11 16:00:00+00:00,0,76.7977523803711,1.2720068438178107,031601120412,2021-06-11 17:00:00+00:00,2,94.65613555908203,1.2980589220855934,031601120412,2021-06-11 19:00:00+00:00,3,99.71691131591797,0.9575374387326834,031601120412,2021-06-12 02:00:00+00:00,0,161.61776733398438,1.235245665198981,031601120412,2021-06-12 23:00:00+00:00,6,1.2980589220855934,2021-06-11 19:00:00+00:00,6,6,3,3,437,AL-RF-20210611-0437,5.0,0.6169232542932493,6,5–10-year,Convective,Organized or localized severe convection,,Medium,21 convective/heavy-rain NOAA Storm Events records; Rx3h/Rx24h=0.77.,Bill,889.3803866865084,21,Flash Flood; Hail; Thunderstorm Wind,1,21,0,0.38283688833172214,0.7701577532527499,0.9492485708787886,0.6169922587152945
ALRF-2021-013,2021,2021-06-19 10:00:00+00:00,2021-06-23 02:00:00+00:00,2021-06-18 22:00:00+00:00,2021-06-23 14:00:00+00:00,50.84284591674805,1.169022246013049,031601120505,2021-06-20 00:00:00+00:00,12,110.6519775390625,1.8302349271464087,031601120505,2021-06-20 02:00:00+00:00,53,141.08917236328125,1.9364228128376533,031601120505,2021-06-20 03:00:00+00:00,82,183.80667114257812,1.768835068531025,031601120505,2021-06-20 11:00:00+00:00,72,200.1478729248047,1.5316426822883003,031601120505,2021-06-22 11:00:00+00:00,116,1.9364228128376533,2021-06-20 03:00:00+00:00,6,137,10,81,438,AL-RF-20210620-0438,50.0,0.9035681305325228,137,50–100-year,Tropical cyclone,Tropical depression,Claudette,High,HURDAT2 track within 38 km of rainfall footprint; track status=TD; 4 matching tropical NOAA Storm Events records.,Claudette,37.847749193638805,34,Flash Flood; Heavy Rain; Storm Surge/Tide; Thunderstorm Wind; Tornado; Tropical Storm,21,26,4,0.276610449450496,0.6020019668014671,0.7675954930593293,0.9183543569890151
ALRF-2021-014,2021,2021-06-29 09:00:00+00:00,2021-06-29 09:00:00+00:00,2021-06-28 21:00:00+00:00,2021-06-29 21:00:00+00:00,43.57746887207031,1.0521339280575885,031300020808,2021-06-29 08:00:00+00:00,2,65.89590454101562,1.1558412611947841,031501090301,2021-06-29 10:00:00+00:00,3,72.89464569091797,1.0417566122742112,031300020804,2021-06-29 11:00:00+00:00,1,73.25725555419922,0.7077341494783391,031300020804,2021-06-29 21:00:00+00:00,0,75.87553405761719,0.5800351848946403,031300020804,2021-06-29 21:00:00+00:00,0,1.1558412611947841,2021-06-29 10:00:00+00:00,3,3,2,2,439,AL-RF-20210629-0439,2.0,0.5452285576239813,3,2–5-year,Tropical cyclone,Tropical depression,Danny,High,HURDAT2 track within 416 km of rainfall footprint; track status=TD; 0 matching tropical NOAA Storm Events records.,Danny,416.172737377907,2,Thunderstorm Wind,0,2,0,0.5948553292421611,0.8995136937973698,0.9950501849879843,0.965492453714662
ALRF-2021-015,2021,2021-08-17 01:00:00+00:00,2021-08-19 00:00:00+00:00,2021-08-16 13:00:00+00:00,2021-08-19 12:00:00+00:00,65.18724060058594,1.4788444878918983,031300030605,2021-08-17 05:00:00+00:00,3,85.6779556274414,1.401067974761279,031300030606,2021-08-17 05:00:00+00:00,36,125.41712188720703,1.5482593322232532,031300040710,2021-08-17 04:00:00+00:00,55,140.39166259765625,1.2488710696673677,031300040710,2021-08-17 06:00:00+00:00,27,144.67251586914062,1.1159159847196758,031501050802,2021-08-17 18:00:00+00:00,9,1.5482593322232532,2021-08-17 04:00:00+00:00,6,63,7,33,440,AL-RF-20210817-0440,10.0,0.7433125824461745,63,10–25-year,Tropical cyclone,Tropical depression,Fred,High,HURDAT2 track within 16 km of rainfall footprint; track status=TD; 5 matching tropical NOAA Storm Events records.,Fred,16.44836133498999,21,Flash Flood; Funnel Cloud; Rip Current; Thunderstorm Wind; Tropical Storm,6,14,5,0.46432415853214776,0.6102780894687669,0.8933373931658303,0.9704100447430077
ALRF-2021-016,2021,2021-08-30 12:00:00+00:00,2021-09-02 14:00:00+00:00,2021-08-30 00:00:00+00:00,2021-09-03 02:00:00+00:00,75.17082214355469,1.2215976027734647,031700080603,2021-08-30 16:00:00+00:00,1,141.2731170654297,1.6211875276875725,031700080603,2021-08-30 17:00:00+00:00,8,160.98764038085938,1.5205340574128379,031700080603,2021-08-30 17:00:00+00:00,13,248.32601928710938,1.6840538799042222,031700080603,2021-08-30 17:00:00+00:00,90,306.90142822265625,1.6688069160483585,031700080603,2021-08-31 11:00:00+00:00,102,1.6840538799042222,2021-08-30 17:00:00+00:00,24,120,8,90,441,AL-RF-20210830-0441,10.0,0.7609110378266292,120,10–25-year,Tropical cyclone,Tropical depression,Ida,High,HURDAT2 track within 37 km of rainfall footprint; track status=TD; 5 matching tropical NOAA Storm Events records.,Ida,37.38653153122525,20,Flash Flood; Storm Surge/Tide; Tornado; Tropical Depression; Tropical Storm,7,11,5,0.3027102128055447,0.5689017907627821,0.6482914711999181,0.8091393406841673
ALRF-2021-017,2021,2021-09-15 21:00:00+00:00,2021-09-16 12:00:00+00:00,2021-09-15 09:00:00+00:00,2021-09-17 00:00:00+00:00,39.066017150878906,0.6340707776444563,031401070203,2021-09-15 17:00:00+00:00,0,88.73731231689453,0.9899846873463344,031401070203,2021-09-15 19:00:00+00:00,0,126.92316436767578,1.1617700680239766,031401070104,2021-09-15 21:00:00+00:00,3,173.0133514404297,1.1511100686239724,031401070104,2021-09-16 06:00:00+00:00,6,193.1248016357422,1.0313394285312112,031401070203,2021-09-17 00:00:00+00:00,2,1.1617700680239766,2021-09-15 21:00:00+00:00,6,6,1,6,442,AL-RF-20210915-0442,2.0,0.5031829318692416,6,2–5-year,Tropical cyclone,Tropical cyclone or remnant,Nicholas,High,HURDAT2 track within 391 km of rainfall footprint; track status=LO; 0 matching tropical NOAA Storm Events records.,Nicholas,391.30949026345576,14,Flash Flood,14,14,0,0.22579770188620238,0.5128928581413424,0.7336032931040976,0.8958629340976866
ALRF-2021-018,2021,2021-09-17 10:00:00+00:00,2021-09-19 00:00:00+00:00,2021-09-16 22:00:00+00:00,2021-09-19 12:00:00+00:00,53.55577850341797,1.2851916559546241,060300051001,2021-09-17 23:00:00+00:00,3,102.61443328857422,1.7631451776262372,060300051001,2021-09-18 00:00:00+00:00,16,107.75428009033203,1.5243810805465754,060300051001,2021-09-18 03:00:00+00:00,14,138.08804321289062,1.3572544558584079,060300051001,2021-09-18 21:00:00+00:00,5,224.3926544189453,1.195013588420036,031401070104,2021-09-17 13:00:00+00:00,8,1.7631451776262372,2021-09-18 00:00:00+00:00,3,23,10,6,443,AL-RF-20210918-0443,25.0,0.8815480833486884,23,25–50-year,Tropical cyclone,Tropical cyclone or remnant,Nicholas,High,HURDAT2 track within 391 km of rainfall footprint; track status=LO; 0 matching tropical NOAA Storm Events records.,Nicholas,391.30949026345576,32,Flash Flood; Flood,32,21,0,0.38783791309759463,0.7431087507726744,0.7803302703348981,0.6153857556989261
ALRF-2021-019,2021,2021-09-19 13:00:00+00:00,2021-09-22 12:00:00+00:00,2021-09-19 01:00:00+00:00,2021-09-23 00:00:00+00:00,39.904930114746094,0.974570968375539,060300020501,2021-09-19 19:00:00+00:00,0,74.50942993164062,1.2542755826272913,060300020203,2021-09-19 14:00:00+00:00,7,102.90343475341797,1.4384792649536107,060300020501,2021-09-19 20:00:00+00:00,24,153.45570373535156,1.5141805089215263,060300020501,2021-09-19 22:00:00+00:00,41,209.05772399902344,1.641675102518694,060300020301,2021-09-21 08:00:00+00:00,57,1.641675102518694,2021-09-21 08:00:00+00:00,72,59,7,46,444,AL-RF-20210921-0444,25.0,0.8175375620873477,59,25–50-year,Frontal/extratropical candidate,Prolonged or widespread non-tropical rainfall,,Medium–low,No nearby HURDAT2 system; 27 flood/heavy-rain NOAA records; affected HUCs=59; Rx24h/Rx72h=0.73.,Odette,1201.524207345475,27,Flash Flood; Flood,27,16,0,0.26004201305912883,0.485543568065342,0.6705741933899334,0.734035082750965
ALRF-2021-020,2021,2021-10-04 16:00:00+00:00,2021-10-09 23:00:00+00:00,2021-10-04 04:00:00+00:00,2021-10-10 11:00:00+00:00,56.29173278808594,1.2955702301633842,031502020204,2021-10-07 03:00:00+00:00,7,125.40412139892578,2.08349046806844,031502020204,2021-10-07 04:00:00+00:00,34,158.7109375,2.185726107269724,031502020204,2021-10-07 05:00:00+00:00,44,193.31602478027344,1.8946793024598891,031300021306,2021-10-05 12:00:00+00:00,55,256.0519104003906,1.90770858254963,031502020204,2021-10-07 05:00:00+00:00,64,2.185726107269724,2021-10-07 05:00:00+00:00,6,82,11,33,445,AL-RF-20211007-0445,100.0,1.0728859531513761,82,100–200-year,Convective,Organized or localized severe convection,,Medium,41 convective/heavy-rain NOAA Storm Events records; Rx3h/Rx24h=0.65.,Sam,2385.525282222417,42,Flash Flood; Funnel Cloud; Hail; Thunderstorm Wind,36,41,0,0.2911902044958154,0.6487000834072727,0.8209921432038227,0.7549876291802841
ALRF-2021-021,2021,2021-12-10 06:00:00+00:00,2021-12-10 08:00:00+00:00,2021-12-09 18:00:00+00:00,2021-12-10 20:00:00+00:00,52.999107360839844,0.8776271374927317,031401060502,2021-12-10 05:00:00+00:00,0,107.85897827148438,1.2366593319693093,031401060502,2021-12-10 06:00:00+00:00,4,119.84930419921875,1.123517755569697,031401060502,2021-12-10 08:00:00+00:00,3,125.39938354492188,0.8483663107089374,031401060502,2021-12-10 10:00:00+00:00,0,128.61798095703125,0.6916240844208505,031401060502,2021-12-10 10:00:00+00:00,0,1.2366593319693093,2021-12-10 06:00:00+00:00,3,4,1,4,446,AL-RF-20211210-0446,5.0,0.5795914140951174,4,5–10-year,Convective,Organized or localized severe convection,,Medium,58 convective/heavy-rain NOAA Storm Events records; Rx3h/Rx24h=0.86.,,,58,Flash Flood; Thunderstorm Wind; Tornado,1,58,0,0.4226424872483839,0.8601236722415466,0.9557407764790573,0.9749755252868987
ALRF-2021-022,2021,2021-12-19 03:00:00+00:00,2021-12-19 04:00:00+00:00,2021-12-18 15:00:00+00:00,2021-12-19 16:00:00+00:00,41.3412971496582,0.7585781533703162,031401030302,2021-12-19 00:00:00+00:00,0,69.55101013183594,0.9087612246080817,031401030302,2021-12-19 02:00:00+00:00,0,106.26710510253906,1.1466544624940684,031401030302,2021-12-19 03:00:00+00:00,7,156.44155883789062,1.1017491728862023,031602040202,2021-12-19 00:00:00+00:00,1,176.30238342285156,0.9924707053747034,031602040202,2021-12-19 07:00:00+00:00,0,1.1466544624940684,2021-12-19 03:00:00+00:00,6,8,4,4,447,AL-RF-20211219-0447,2.0,0.47431851199653674,8,2–5-year,Convective candidate,Thunderstorm-associated rainfall,,Low,1 convective/heavy-rain NOAA Storm Events records; rainfall duration signature was not decisive.,,,1,Thunderstorm Wind,0,1,0,0.26426032479321737,0.4445814184446139,0.6792766953483005,0.8873479518576567
ALRF-2021-023,2021,2021-12-30 15:00:00+00:00,2021-12-30 15:00:00+00:00,2021-12-30 03:00:00+00:00,2021-12-31 03:00:00+00:00,48.89509201049805,1.1021564957953847,031502020502,2021-12-30 04:00:00+00:00,1,66.98188781738281,1.0626977700491846,031601060602,2021-12-30 12:00:00+00:00,1,92.6584701538086,1.222157623508302,031601060602,2021-12-30 15:00:00+00:00,4,119.6906967163086,1.138036914903872,031601060602,2021-12-30 19:00:00+00:00,2,134.07369995117188,1.0229916431097228,031601060602,2021-12-30 19:00:00+00:00,1,1.222157623508302,2021-12-30 15:00:00+00:00,6,6,4,3,448,AL-RF-20211230-0448,5.0,0.59236437723572,6,5–10-year,Convective,Organized or localized severe convection,,Medium,24 convective/heavy-rain NOAA Storm Events records; Rx3h/Rx24h=0.56.,,,24,Hail; Thunderstorm Wind; Tornado,0,24,0,0.4085120510776991,0.5596248468345336,0.7741493089761864,0.8927231571881629
ALRF-2022-001,2022,2022-02-03 22:00:00+00:00,2022-02-07 03:00:00+00:00,2022-02-03 10:00:00+00:00,2022-02-07 15:00:00+00:00,48.897666931152344,1.1338820915504164,031300030502,2022-02-04 07:00:00+00:00,7,117.70260620117188,1.9395615488236082,031501100204,2022-02-04 06:00:00+00:00,46,181.33432006835938,2.4497966498214936,031501100501,2022-02-04 06:00:00+00:00,70,207.48193359375,1.9572823046196213,031501100205,2022-02-04 15:00:00+00:00,57,214.46896362304688,1.584569693082861,031501100205,2022-02-04 21:00:00+00:00,33,2.4497966498214936,2022-02-04 06:00:00+00:00,6,73,7,58,449,AL-RF-20220204-0449,200.0,1.1720568065267603,73,200–500-year,Convective,Organized or localized severe convection,,Medium,31 convective/heavy-rain NOAA Storm Events records; Rx3h/Rx24h=0.57.,,,31,Flash Flood; Thunderstorm Wind; Tornado,17,31,0,0.23567192614897287,0.5672908679925539,0.8739764322006576,0.9674217196219712
ALRF-2022-002,2022,2022-02-18 00:00:00+00:00,2022-02-18 05:00:00+00:00,2022-02-17 12:00:00+00:00,2022-02-18 17:00:00+00:00,41.92435073852539,0.9589876832556972,031601060308,2022-02-17 22:00:00+00:00,0,85.56080627441406,1.428345492446251,031601110401,2022-02-18 01:00:00+00:00,55,93.49778747558594,1.297060756003339,031601110401,2022-02-18 03:00:00+00:00,30,93.50048828125,0.9013533150708521,031601110401,2022-02-18 03:00:00+00:00,0,93.50048828125,0.7110162921703447,031601110401,2022-02-18 03:00:00+00:00,0,1.428345492446251,2022-02-18 01:00:00+00:00,3,55,3,42,450,AL-RF-20220218-0450,10.0,0.6982523283916612,55,10–25-year,Convective,Organized or localized severe convection,,Medium,13 convective/heavy-rain NOAA Storm Events records; Rx3h/Rx24h=0.92.,,,18,Flash Flood; Hail; Strong Wind; Thunderstorm Wind; Tornado,4,13,0,0.4483864363618798,0.9150840583532214,0.9999711145287719,1.0
ALRF-2022-003,2022,2022-02-23 06:00:00+00:00,2022-02-23 11:00:00+00:00,2022-02-22 18:00:00+00:00,2022-02-23 23:00:00+00:00,47.528812408447266,1.1022296649736063,031601100303,2022-02-23 07:00:00+00:00,5,75.4529800415039,1.2302528829435784,031601030102,2022-02-23 08:00:00+00:00,11,90.01788330078125,1.1903614709246066,031601030102,2022-02-23 10:00:00+00:00,29,100.93431854248047,0.9157089525332014,031601100303,2022-02-23 23:00:00+00:00,0,144.39620971679688,1.045383373821036,031601050402,2022-02-23 22:00:00+00:00,2,1.2302528829435784,2022-02-23 08:00:00+00:00,3,29,4,13,451,AL-RF-20220223-0451,5.0,0.6084811228442036,29,5–10-year,Convective,Organized or localized severe convection,,Medium,13 convective/heavy-rain NOAA Storm Events records; Rx3h/Rx24h=0.75.,,,18,Flash Flood; Flood; Hail; Thunderstorm Wind; Tornado,10,13,0,0.4708885252783839,0.7475453456373,0.8918461490666845,0.6990094735896609
ALRF-2022-004,2022,2022-03-18 14:00:00+00:00,2022-03-19 17:00:00+00:00,2022-03-18 02:00:00+00:00,2022-03-20 05:00:00+00:00,67.13701629638672,1.255169831847835,031401030101,2022-03-18 17:00:00+00:00,30,111.55302429199219,1.4978768266169598,031401030104,2022-03-18 18:00:00+00:00,112,121.26265716552734,1.4682445430121496,031300040601,2022-03-18 23:00:00+00:00,81,121.30174255371094,1.0587386904329679,031300040601,2022-03-19 14:00:00+00:00,6,121.1574935913086,0.9037182150481516,031502020301,2022-03-18 15:00:00+00:00,0,1.4978768266169598,2022-03-18 18:00:00+00:00,3,121,5,110,452,AL-RF-20220318-0452,10.0,0.675112902414629,121,10–25-year,Convective,Organized or localized severe convection,,Medium,28 convective/heavy-rain NOAA Storm Events records; Rx3h/Rx24h=0.92.,,,28,Flash Flood; Hail; Lightning; Thunderstorm Wind,14,28,0,0.5534711611142706,0.9196324961498213,0.9996777837864425,1.0011905905126177
ALRF-2022-005,2022,2022-03-23 01:00:00+00:00,2022-03-26 02:00:00+00:00,2022-03-22 13:00:00+00:00,2022-03-26 14:00:00+00:00,58.66714859008789,1.3796132837019563,031501070104,2022-03-23 05:00:00+00:00,11,111.46124267578125,1.877733578707706,031501070501,2022-03-23 06:00:00+00:00,97,142.7611541748047,1.9810340349249838,031501070104,2022-03-23 09:00:00+00:00,165,148.46853637695312,1.4104835193885394,031501070501,2022-03-23 10:00:00+00:00,21,148.46853637695312,1.1044735848204146,031501070501,2022-03-23 10:00:00+00:00,4,1.9810340349249838,2022-03-23 09:00:00+00:00,6,173,7,93,453,AL-RF-20220323-0453,50.0,0.8885193229015604,173,50–100-year,Convective,Organized or localized severe convection,,Medium,24 convective/heavy-rain NOAA Storm Events records; Rx3h/Rx24h=0.75.,,,27,Flash Flood; Flood; Hail; Thunderstorm Wind; Tornado,8,24,0,0.3951486962943809,0.7507398226974336,0.9615583049350085,1.0
ALRF-2022-006,2022,2022-04-05 15:00:00+00:00,2022-04-05 20:00:00+00:00,2022-04-05 03:00:00+00:00,2022-04-06 08:00:00+00:00,39.11180877685547,0.892958656171151,031502010505,2022-04-05 16:00:00+00:00,0,76.63546752929688,1.283157276155297,031501070704,2022-04-05 16:00:00+00:00,30,110.05168151855469,1.5109623007478472,031501070704,2022-04-05 18:00:00+00:00,63,112.51322174072266,1.0635443943246312,031501070704,2022-04-05 19:00:00+00:00,2,112.51322174072266,0.8258847812141754,031501070704,2022-04-05 19:00:00+00:00,0,1.5109623007478472,2022-04-05 18:00:00+00:00,6,63,4,58,454,AL-RF-20220405-0454,10.0,0.7081554531730203,63,10–25-year,Convective,Organized or localized severe convection,,Medium,56 convective/heavy-rain NOAA Storm Events records; Rx3h/Rx24h=0.68.,,,56,Hail; Thunderstorm Wind; Tornado,0,56,0,0.34761966790876697,0.6811241056264207,0.9781222136911129,1.0
ALRF-2022-007,2022,2022-04-07 03:00:00+00:00,2022-04-08 13:00:00+00:00,2022-04-06 15:00:00+00:00,2022-04-09 01:00:00+00:00,28.58423614501953,0.7135340300981295,031501080704,2022-04-07 03:00:00+00:00,0,38.787635803222656,0.6981300004975709,031501080704,2022-04-07 05:00:00+00:00,0,38.91999816894531,0.5735834352943314,031501080704,2022-04-07 07:00:00+00:00,0,70.77885437011719,0.6852029526120121,031300030503,2022-04-06 15:00:00+00:00,0,153.61874389648438,1.1442040301155947,031501090404,2022-04-07 06:00:00+00:00,7,1.1442040301155947,2022-04-07 06:00:00+00:00,72,7,1,7,455,AL-RF-20220407-0455,2.0,0.551627043872789,7,2–5-year,Convective candidate,Thunderstorm-associated rainfall,,Low,7 convective/heavy-rain NOAA Storm Events records; rainfall duration signature was not decisive.,,,8,Frost/Freeze; Hail; Thunderstorm Wind,0,7,0,0.40385276647099544,0.548011636362382,0.5498817198343539,0.4607436083308385
ALRF-2022-008,2022,2022-04-16 09:00:00+00:00,2022-04-16 12:00:00+00:00,2022-04-15 21:00:00+00:00,2022-04-17 00:00:00+00:00,44.2020378112793,1.052968828534879,060300060201,2022-04-16 08:00:00+00:00,2,70.36861419677734,1.1715050987499454,031601090206,2022-04-16 11:00:00+00:00,10,79.35580444335938,1.0911459790835845,031601090206,2022-04-16 12:00:00+00:00,3,102.09105682373047,0.9125983923368952,031700020504,2022-04-17 00:00:00+00:00,0,131.53697204589844,0.9251773232157391,031700020504,2022-04-17 00:00:00+00:00,0,1.1715050987499454,2022-04-16 11:00:00+00:00,3,11,3,7,456,AL-RF-20220416-0456,2.0,0.5704627001838272,11,2–5-year,Convective,Organized or localized severe convection,,Medium,26 convective/heavy-rain NOAA Storm Events records; Rx3h/Rx24h=0.69.,,,26,Flash Flood; Hail; Thunderstorm Wind,2,26,0,0.4329667963727533,0.6892730508047848,0.7773041724935262,0.7761396300661906
ALRF-2022-009,2022,2022-05-26 02:00:00+00:00,2022-05-26 17:00:00+00:00,2022-05-25 14:00:00+00:00,2022-05-27 05:00:00+00:00,36.947052001953125,0.8794086436509436,031501090203,2022-05-25 18:00:00+00:00,0,58.440547943115234,0.9827972227068466,031501090202,2022-05-25 19:00:00+00:00,0,85.9437484741211,0.8701834635372045,031403040506,2022-05-26 18:00:00+00:00,0,131.0435333251953,0.8818301638939918,031401060505,2022-05-26 19:00:00+00:00,0,183.13461303710938,1.1195492427471427,031502040705,2022-05-26 03:00:00+00:00,12,1.1195492427471427,2022-05-26 03:00:00+00:00,72,12,4,6,457,AL-RF-20220526-0457,2.0,0.45779253485403615,12,2–5-year,Frontal/extratropical candidate,Prolonged or widespread non-tropical rainfall,,Medium–low,No nearby HURDAT2 system; 1 flood/heavy-rain NOAA records; affected HUCs=12; Rx24h/Rx72h=0.72.,,,20,Flash Flood; Hail; Thunderstorm Wind; Tornado,1,20,0,0.2819448702612892,0.4459628526505784,0.6558412024868454,0.7155585236016601
ALRF-2022-010,2022,2022-06-08 01:00:00+00:00,2022-06-11 10:00:00+00:00,2022-06-07 13:00:00+00:00,2022-06-11 22:00:00+00:00,64.77523803710938,1.5232507629670442,031501070104,2022-06-08 13:00:00+00:00,15,111.64342498779297,1.8831316696707248,031501070104,2022-06-08 13:00:00+00:00,63,141.82835388183594,1.968089973644165,031501070104,2022-06-08 14:00:00+00:00,77,170.82061767578125,1.6443488176842989,031601110405,2022-06-09 05:00:00+00:00,55,181.97206115722656,1.3782516956579083,031601110405,2022-06-09 05:00:00+00:00,21,1.968089973644165,2022-06-08 14:00:00+00:00,6,86,6,75,458,AL-RF-20220608-0458,50.0,0.8822217679830914,86,50–100-year,Convective,Organized or localized severe convection,,Medium,40 convective/heavy-rain NOAA Storm Events records; Rx3h/Rx24h=0.65.,Alex,1636.680316452063,40,Flash Flood; Hail; Thunderstorm Wind,13,40,0,0.3792003501594476,0.6535711350704339,0.8302765545024967,0.938718925254079
ALRF-2022-011,2022,2022-06-29 04:00:00+00:00,2022-06-29 04:00:00+00:00,2022-06-28 16:00:00+00:00,2022-06-29 16:00:00+00:00,45.89253616333008,1.0310154314135993,031501100804,2022-06-29 02:00:00+00:00,1,84.06385040283203,1.3600886187559238,031501100901,2022-06-29 04:00:00+00:00,3,96.556396484375,1.2882286009083874,031501100901,2022-06-29 05:00:00+00:00,2,100.60930633544922,0.9318414418677647,031501100901,2022-06-29 13:00:00+00:00,0,102.69205474853516,0.7477205649058628,031501100901,2022-06-29 13:00:00+00:00,0,1.3600886187559238,2022-06-29 04:00:00+00:00,3,3,2,2,459,AL-RF-20220629-0459,5.0,0.6432869475064321,3,5–10-year,Convective,Organized or localized severe convection,,Medium,7 convective/heavy-rain NOAA Storm Events records; Rx3h/Rx24h=0.84.,Bonnie,2407.964879871423,7,Flash Flood; Lightning,2,7,0,0.4561460349434897,0.8355474604163187,0.9597163523068025,0.9797185048231236
ALRF-2022-012,2022,2022-07-09 17:00:00+00:00,2022-07-10 05:00:00+00:00,2022-07-09 05:00:00+00:00,2022-07-10 17:00:00+00:00,79.23678588867188,1.8517567411722244,031501070205,2022-07-10 00:00:00+00:00,8,106.1962890625,1.7849326602272935,031501070205,2022-07-10 01:00:00+00:00,18,113.83740997314453,1.577702377270371,031501070205,2022-07-10 04:00:00+00:00,20,115.0272445678711,1.1033104780967518,031501070205,2022-07-10 05:00:00+00:00,3,120.79296112060547,0.9062252888666423,031501070205,2022-07-10 05:00:00+00:00,0,1.8517567411722244,2022-07-10 00:00:00+00:00,1,21,2,18,460,AL-RF-20220710-0460,25.0,0.8888483383179516,21,25–50-year,Convective,Organized or localized severe convection,,Medium,32 convective/heavy-rain NOAA Storm Events records; Rx3h/Rx24h=0.92.,Bonnie,3295.0163670352463,41,Excessive Heat; Flash Flood; Heat; Lightning; Thunderstorm Wind,4,32,0,0.6888523339522291,0.9232272707344524,0.9896560627945451,0.9522677770356369
ALRF-2022-013,2022,2022-07-14 09:00:00+00:00,2022-07-14 18:00:00+00:00,2022-07-13 21:00:00+00:00,2022-07-15 06:00:00+00:00,48.07328414916992,1.1079072209912788,031300030504,2022-07-14 08:00:00+00:00,1,81.08737182617188,1.3378252484797344,031300030605,2022-07-14 09:00:00+00:00,7,101.40946960449219,1.3602619246533831,031501100905,2022-07-14 16:00:00+00:00,7,117.0908203125,1.0892407854522956,031501100905,2022-07-14 17:00:00+00:00,3,119.89521789550781,0.8752933345007705,031501100905,2022-07-15 01:00:00+00:00,0,1.3602619246533831,2022-07-14 16:00:00+00:00,6,8,4,3,461,AL-RF-20220714-0461,5.0,0.6530817794698283,8,5–10-year,Convective,Organized or localized severe convection,,Medium,6 convective/heavy-rain NOAA Storm Events records; Rx3h/Rx24h=0.69.,,,6,Thunderstorm Wind,0,6,0,0.4105640734334993,0.6925168993586376,0.8660753194301966,0.9766095960103102
ALRF-2022-014,2022,2022-07-19 03:00:00+00:00,2022-07-19 03:00:00+00:00,2022-07-18 15:00:00+00:00,2022-07-19 15:00:00+00:00,40.07658004760742,0.7869359935740721,031403020503,2022-07-19 02:00:00+00:00,0,88.56236267089844,1.2548997286183883,031403020503,2022-07-19 03:00:00+00:00,3,90.84635925292969,1.0711699904005072,031403020503,2022-07-19 06:00:00+00:00,1,80.31134033203125,0.8390166413780954,031501050106,2022-07-19 15:00:00+00:00,0,81.37981414794922,0.6629373245214424,031501050106,2022-07-19 15:00:00+00:00,0,1.2548997286183883,2022-07-19 03:00:00+00:00,3,3,1,3,462,AL-RF-20220719-0462,5.0,0.5538430720441284,3,5–10-year,Convective,Organized or localized severe convection,,Medium,2 convective/heavy-rain NOAA Storm Events records; Rx3h/Rx24h=1.10.,,,9,Excessive Heat; Heat; Lightning; Thunderstorm Wind,0,2,0,0.49901520609566197,1.1027379483987563,1.1311772269936413,0.9868705301541304
ALRF-2022-015,2022,2022-07-22 02:00:00+00:00,2022-07-23 00:00:00+00:00,2022-07-21 14:00:00+00:00,2022-07-23 12:00:00+00:00,66.37393188476562,1.4809577853586182,031602020701,2022-07-22 02:00:00+00:00,8,118.49267578125,1.9117053711120742,031602010401,2022-07-22 03:00:00+00:00,10,134.05624389648438,1.797525482460785,031602010401,2022-07-22 05:00:00+00:00,10,142.76565551757812,1.3622127839146905,031602010401,2022-07-22 14:00:00+00:00,4,142.76611328125,1.0795499990799868,031602010401,2022-07-23 01:00:00+00:00,1,1.9117053711120742,2022-07-22 03:00:00+00:00,3,11,1,11,463,AL-RF-20220722-0463,50.0,0.9466078956255852,11,50–100-year,Convective,Organized or localized severe convection,,Medium,31 convective/heavy-rain NOAA Storm Events records; Rx3h/Rx24h=0.83.,,,41,Excessive Heat; Flash Flood; Hail; Heat; Thunderstorm Wind,1,31,0,0.46491526021532037,0.8299802592694326,0.9389950503885621,0.9999967936111633
ALRF-2022-016,2022,2022-08-19 22:00:00+00:00,2022-08-19 22:00:00+00:00,2022-08-19 10:00:00+00:00,2022-08-20 10:00:00+00:00,38.18595886230469,0.9517736394188145,031501080304,2022-08-20 01:00:00+00:00,0,64.28461456298828,1.1954069641702478,031501050701,2022-08-19 22:00:00+00:00,3,66.00943756103516,0.99107876696923,031501050701,2022-08-19 22:00:00+00:00,0,111.12561798095703,0.757159995708396,031602050103,2022-08-19 10:00:00+00:00,0,117.287353515625,0.7275608987209755,031602031002,2022-08-19 18:00:00+00:00,0,1.1954069641702478,2022-08-19 22:00:00+00:00,3,3,1,3,464,AL-RF-20220819-0464,2.0,0.558858650097217,3,2–5-year,Convective,Organized or localized severe convection,,Medium,8 convective/heavy-rain NOAA Storm Events records; Rx3h/Rx24h=0.58.,,,8,Flash Flood; Thunderstorm Wind,4,8,0,0.3436287649608248,0.5784860028765317,0.5940073833591353,0.9474646212914413
ALRF-2022-017,2022,2022-08-21 01:00:00+00:00,2022-08-21 01:00:00+00:00,2022-08-20 13:00:00+00:00,2022-08-21 13:00:00+00:00,49.46002197265625,1.0916493657924478,031601080903,2022-08-21 00:00:00+00:00,1,77.71060180664062,1.2189838928445436,031601080903,2022-08-21 01:00:00+00:00,3,77.02823638916016,1.047711230381337,031601120305,2022-08-20 14:00:00+00:00,3,94.16393280029297,0.8971691488874072,031601060507,2022-08-21 02:00:00+00:00,0,94.55316925048828,0.7207153126139321,031601060507,2022-08-21 02:00:00+00:00,0,1.2189838928445436,2022-08-21 01:00:00+00:00,3,4,2,3,465,AL-RF-20220821-0465,5.0,0.6109005199710514,4,5–10-year,Convective,Organized or localized severe convection,,Medium,4 convective/heavy-rain NOAA Storm Events records; Rx3h/Rx24h=0.83.,,,4,Thunderstorm Wind,0,4,0,0.5252544206873055,0.8252692883107665,0.8180227195111428,0.9958834119122527
ALRF-2022-018,2022,2022-08-23 20:00:00+00:00,2022-08-26 20:00:00+00:00,2022-08-23 08:00:00+00:00,2022-08-27 08:00:00+00:00,60.81576156616211,1.4963446194767978,031501050805,2022-08-24 01:00:00+00:00,3,107.1747817993164,1.9312720693838663,031501050805,2022-08-24 01:00:00+00:00,8,108.57085418701172,1.6075685904847372,031501050805,2022-08-24 03:00:00+00:00,9,161.7947235107422,1.5199378790634768,031602020604,2022-08-24 18:00:00+00:00,13,206.65060424804688,1.54254556769732,031602020604,2022-08-24 20:00:00+00:00,37,1.9312720693838663,2022-08-24 01:00:00+00:00,3,41,5,36,466,AL-RF-20220824-0466,25.0,0.8668105667017019,41,25–50-year,Convective,Organized or localized severe convection,,Medium,17 convective/heavy-rain NOAA Storm Events records; Rx3h/Rx24h=0.66.,,,17,Flash Flood; Heavy Rain,17,17,0,0.3758822305606543,0.662412095238697,0.6710407597427197,0.7829385454713538
ALRF-2022-019,2022,2022-09-04 09:00:00+00:00,2022-09-07 08:00:00+00:00,2022-09-03 21:00:00+00:00,2022-09-07 20:00:00+00:00,39.49240493774414,1.0091806985874778,031501050204,2022-09-04 13:00:00+00:00,1,101.72943115234375,1.8640460764320292,031501050604,2022-09-04 13:00:00+00:00,9,145.90003967285156,2.1718147704332464,031501050604,2022-09-04 13:00:00+00:00,12,213.5061798095703,2.1559507980645116,031501050604,2022-09-05 03:00:00+00:00,13,224.77622985839844,1.7674724300424394,031501050604,2022-09-07 01:00:00+00:00,9,2.1718147704332464,2022-09-04 13:00:00+00:00,6,17,3,14,467,AL-RF-20220904-0467,100.0,1.0405435556109897,17,100–200-year,Convective candidate,Thunderstorm-associated rainfall,,Low,14 convective/heavy-rain NOAA Storm Events records; rainfall duration signature was not decisive.,Earl,1989.7006982497903,15,Flash Flood; Flood; Heavy Rain; Thunderstorm Wind,10,14,0,0.1849707815154019,0.476470663486546,0.6833527713482683,0.9498610237571478
ALRF-2022-020,2022,2022-10-12 17:00:00+00:00,2022-10-12 20:00:00+00:00,2022-10-12 05:00:00+00:00,2022-10-13 08:00:00+00:00,41.02543258666992,0.9228047830462482,031602010107,2022-10-12 13:00:00+00:00,0,85.4084243774414,1.3064602977973772,031602010201,2022-10-12 17:00:00+00:00,5,107.13063049316406,1.4435466707722089,031602010107,2022-10-12 18:00:00+00:00,13,120.6269760131836,1.145434050961035,031602010107,2022-10-13 08:00:00+00:00,1,120.6269760131836,0.9052312138604853,031602010107,2022-10-13 08:00:00+00:00,0,1.4435466707722089,2022-10-12 18:00:00+00:00,6,13,1,13,468,AL-RF-20221012-0468,10.0,0.6744821864737702,13,10–25-year,Convective,Organized or localized severe convection,,Medium,12 convective/heavy-rain NOAA Storm Events records; Rx3h/Rx24h=0.71.,Karl,1233.5731981779868,13,Drought; Hail; Thunderstorm Wind,0,12,0,0.3401016417935086,0.7080375153241587,0.8881150306002491,1.0
ALRF-2022-021,2022,2022-10-13 09:00:00+00:00,2022-10-13 11:00:00+00:00,2022-10-12 21:00:00+00:00,2022-10-13 23:00:00+00:00,37.07959747314453,0.8369335395810805,031501100502,2022-10-12 21:00:00+00:00,0,52.97808837890625,0.8716043721274634,031502010203,2022-10-12 21:00:00+00:00,0,82.04650115966797,1.0606837171981485,031602010203,2022-10-12 21:00:00+00:00,1,122.00534057617188,1.1585225470608813,031602010107,2022-10-13 10:00:00+00:00,4,122.00534057617188,0.9155749915770037,031602010107,2022-10-13 10:00:00+00:00,0,1.1585225470608813,2022-10-13 10:00:00+00:00,24,5,2,3,469,AL-RF-20221013-0469,2.0,0.5193236532610565,5,2–5-year,Convective candidate,Thunderstorm-associated rainfall,,Low,12 convective/heavy-rain NOAA Storm Events records; rainfall duration signature was not decisive.,Karl,1245.6360232338711,13,Drought; Hail; Thunderstorm Wind,0,12,0,0.30391782276116464,0.43422761764949397,0.6724828665056977,1.0
ALRF-2022-022,2022,2022-11-30 08:00:00+00:00,2022-12-01 01:00:00+00:00,2022-11-29 20:00:00+00:00,2022-12-01 13:00:00+00:00,44.53265380859375,1.03274644579817,031601100303,2022-11-30 00:00:00+00:00,2,66.54818725585938,1.0954747783006047,031501070907,2022-11-30 12:00:00+00:00,2,89.06489562988281,1.2559063901637935,031501060306,2022-11-30 08:00:00+00:00,21,108.8990478515625,1.0604818452790734,031501060305,2022-11-30 14:00:00+00:00,5,110.63560485839844,0.8426304932415882,031501060305,2022-11-30 10:00:00+00:00,0,1.2559063901637935,2022-11-30 08:00:00+00:00,6,25,5,18,470,AL-RF-20221130-0470,5.0,0.5758187519137934,25,5–10-year,Convective,Organized or localized severe convection,,Medium,62 convective/heavy-rain NOAA Storm Events records; Rx3h/Rx24h=0.61.,,,67,Drought; Flash Flood; Flood; Hail; Lightning; Thunderstorm Wind; Tornado,4,62,0,0.40893519904136416,0.6110998082055731,0.8178666148788085,0.9843038142281724
ALRF-2023-001,2023,2023-01-04 13:00:00+00:00,2023-01-04 16:00:00+00:00,2023-01-04 01:00:00+00:00,2023-01-05 04:00:00+00:00,43.24213409423828,0.867887878276738,031300040701,2023-01-04 14:00:00+00:00,0,52.659523010253906,0.9657928161820886,031501050301,2023-01-04 09:00:00+00:00,0,66.76448059082031,1.0073698496952708,031501050301,2023-01-04 11:00:00+00:00,1,114.36624908447266,1.077841682386052,031602010406,2023-01-04 11:00:00+00:00,4,114.36624908447266,0.8519667649686228,031602010406,2023-01-04 11:00:00+00:00,0,1.077841682386052,2023-01-04 11:00:00+00:00,24,4,3,2,471,AL-RF-20230104-0471,2.0,0.5041761739757197,4,2–5-year,Convective candidate,Thunderstorm-associated rainfall,,Low,46 convective/heavy-rain NOAA Storm Events records; rainfall duration signature was not decisive.,,,49,Drought; Flash Flood; Flood; Hail; Thunderstorm Wind; Tornado,7,46,0,0.37810223243659047,0.4604463592345219,0.5837778289074345,1.0
ALRF-2023-002,2023,2023-03-02 05:00:00+00:00,2023-03-02 05:00:00+00:00,2023-03-01 17:00:00+00:00,2023-03-02 17:00:00+00:00,39.701419830322266,0.9714448532325152,060300020502,2023-03-02 05:00:00+00:00,0,65.2325439453125,1.1185447298241997,060300020502,2023-03-02 07:00:00+00:00,4,72.27948760986328,1.012062629030833,060300020502,2023-03-02 09:00:00+00:00,3,103.68738555908203,1.0057234208236001,060300050804,2023-03-02 17:00:00+00:00,2,104.32332611083984,0.7835264253844983,060300050804,2023-03-02 17:00:00+00:00,0,1.1185447298241997,2023-03-02 07:00:00+00:00,3,6,4,3,472,AL-RF-20230302-0472,2.0,0.5291877201046273,6,2–5-year,Convective,Organized or localized severe convection,,Medium,56 convective/heavy-rain NOAA Storm Events records; Rx3h/Rx24h=0.63.,,,74,Flash Flood; Flood; High Wind; Strong Wind; Thunderstorm Wind; Tornado,10,56,0,0.3828953697332838,0.6291270977041117,0.6970904630310865,0.9939041384562246
ALRF-2023-003,2023,2023-03-25 04:00:00+00:00,2023-03-25 07:00:00+00:00,2023-03-24 16:00:00+00:00,2023-03-25 19:00:00+00:00,51.95998001098633,1.2217441862999685,031601030304,2023-03-25 05:00:00+00:00,10,67.1053695678711,1.1157745894495685,031601030304,2023-03-25 07:00:00+00:00,6,68.91141510009766,0.9263549959071298,031601030201,2023-03-25 08:00:00+00:00,0,69.28378295898438,0.6437152757395015,031601030201,2023-03-25 08:00:00+00:00,0,76.59636688232422,0.5669855847699712,060300060302,2023-03-25 05:00:00+00:00,0,1.2217441862999685,2023-03-25 05:00:00+00:00,1,12,2,6,473,AL-RF-20230325-0473,5.0,0.5739545875953683,12,5–10-year,Convective,Organized or localized severe convection,,Medium,122 convective/heavy-rain NOAA Storm Events records; Rx3h/Rx24h=0.97.,,,122,Hail; Lightning; Thunderstorm Wind; Tornado,0,122,0,0.7499587607932199,0.968558105546822,0.9946254687174464,0.9045309298471788
ALRF-2023-004,2023,2023-03-26 13:00:00+00:00,2023-03-30 00:00:00+00:00,2023-03-26 01:00:00+00:00,2023-03-30 12:00:00+00:00,50.77747344970703,1.2131552113259736,031300020903,2023-03-27 13:00:00+00:00,3,100.00585174560547,1.746249285807805,031300020808,2023-03-27 13:00:00+00:00,27,110.9372329711914,1.5848667559874534,031300020808,2023-03-27 14:00:00+00:00,28,179.48049926757812,1.7354200218739508,031300020808,2023-03-27 13:00:00+00:00,86,253.44215393066406,1.8939464176487313,031501090502,2023-03-27 15:00:00+00:00,76,1.8939464176487313,2023-03-27 15:00:00+00:00,72,94,6,81,474,AL-RF-20230327-0474,50.0,0.9614986213555393,94,50–100-year,Convective,Organized or localized severe convection,,Medium,79 convective/heavy-rain NOAA Storm Events records; Rx3h/Rx24h=0.56.,,,79,Flash Flood; Hail; Thunderstorm Wind; Tornado,7,79,0,0.2829135959445128,0.5571961976577297,0.6181018741529176,0.7081714564210966
ALRF-2023-005,2023,2023-05-11 03:00:00+00:00,2023-05-11 03:00:00+00:00,2023-05-10 15:00:00+00:00,2023-05-11 15:00:00+00:00,42.37854766845703,1.0086883555160115,031501090203,2023-05-11 03:00:00+00:00,1,102.04336547851562,1.7370795757185091,031501090203,2023-05-11 03:00:00+00:00,3,105.7285385131836,1.4719145289352622,031501090203,2023-05-11 05:00:00+00:00,2,105.77539825439453,1.0091781324593059,031501090203,2023-05-11 12:00:00+00:00,1,117.36798095703125,0.8846753597457386,031501090203,2023-05-11 12:00:00+00:00,0,1.7370795757185091,2023-05-11 03:00:00+00:00,3,3,2,2,475,AL-RF-20230511-0475,25.0,0.8714042396098045,3,25–50-year,Convective,Organized or localized severe convection,,Medium,20 convective/heavy-rain NOAA Storm Events records; Rx3h/Rx24h=0.96.,,,21,Flash Flood; Flood; Hail; Thunderstorm Wind,5,20,0,0.4006465432210876,0.9647173838390738,0.999556988279087,0.9012287456245771
ALRF-2023-006,2023,2023-06-14 12:00:00+00:00,2023-06-19 05:00:00+00:00,2023-06-14 00:00:00+00:00,2023-06-19 17:00:00+00:00,48.598777770996094,1.0317453694634706,031300040104,2023-06-15 15:00:00+00:00,4,82.49427795410156,1.3695947727295938,031501090602,2023-06-14 13:00:00+00:00,30,226.95416259765625,2.0922317067280836,031401070103,2023-06-16 08:00:00+00:00,39,295.1393737792969,1.9643650833830213,031401070103,2023-06-16 16:00:00+00:00,71,336.20648193359375,1.7871857773759725,031401070103,2023-06-18 20:00:00+00:00,106,2.0922317067280836,2023-06-16 08:00:00+00:00,6,127,11,55,476,AL-RF-20230616-0476,50.0,0.9083774031963647,127,50–100-year,Frontal/extratropical candidate,Prolonged or widespread non-tropical rainfall,,Medium–low,No nearby HURDAT2 system; 41 flood/heavy-rain NOAA records; affected HUCs=127; Rx24h/Rx72h=0.88.,Bret,4247.194672827993,303,Flash Flood; Hail; Heavy Rain; Lightning; Thunderstorm Wind; Tornado,41,303,0,0.16466382356472,0.27950956491420287,0.7689728404972864,0.8778515276739718
ALRF-2023-007,2023,2023-06-19 20:00:00+00:00,2023-06-23 22:00:00+00:00,2023-06-19 08:00:00+00:00,2023-06-24 10:00:00+00:00,91.41914367675781,2.0743077671165127,031501100503,2023-06-21 23:00:00+00:00,4,102.26652526855469,1.6721923456400034,031501100503,2023-06-22 00:00:00+00:00,18,204.41497802734375,1.9180775534309267,031602050104,2023-06-19 21:00:00+00:00,20,158.60438537597656,1.4809109859611949,031501100503,2023-06-22 00:00:00+00:00,13,280.3196716308594,1.5102362669591405,031602050104,2023-06-20 01:00:00+00:00,14,2.0743077671165127,2023-06-21 23:00:00+00:00,1,22,3,11,477,AL-RF-20230621-0477,100.0,1.0567911973081727,22,100–200-year,Convective,Organized or localized severe convection,,Medium,117 convective/heavy-rain NOAA Storm Events records; Rx3h/Rx24h=0.64.,Bret,2573.170373936566,123,Flash Flood; Hail; Heat; Heavy Rain; Lightning; Rip Current; Thunderstorm Wind; Tornado,41,117,0,0.5763973263415506,0.6447900228365613,1.2888355989827884,0.5657982704290396
ALRF-2023-008,2023,2023-07-10 06:00:00+00:00,2023-07-10 07:00:00+00:00,2023-07-09 18:00:00+00:00,2023-07-10 19:00:00+00:00,40.2667236328125,0.9258469869663818,031601120505,2023-07-09 23:00:00+00:00,0,64.22904968261719,1.0703482255201553,031601110206,2023-07-10 07:00:00+00:00,3,91.90576171875,1.2619005276293827,031601110206,2023-07-10 08:00:00+00:00,7,94.1754379272461,0.9002337556965297,031601110206,2023-07-10 10:00:00+00:00,0,112.26085662841797,0.8536561312273383,031601090201,2023-07-10 10:00:00+00:00,0,1.2619005276293827,2023-07-10 08:00:00+00:00,6,9,4,5,478,AL-RF-20230710-0478,5.0,0.612190298009222,9,5–10-year,Convective candidate,Thunderstorm-associated rainfall,,Low,1 convective/heavy-rain NOAA Storm Events records; rainfall duration signature was not decisive.,Don,2783.286080114236,1,Flash Flood,1,1,0,0.4275713977982241,0.6820148766628135,0.9758994886729436,0.8388982656614283
ALRF-2023-009,2023,2023-07-13 12:00:00+00:00,2023-07-16 11:00:00+00:00,2023-07-13 00:00:00+00:00,2023-07-16 23:00:00+00:00,64.40100860595703,1.3817151311600948,031602010201,2023-07-13 12:00:00+00:00,7,126.81867980957031,1.9410155036188972,031602020502,2023-07-13 13:00:00+00:00,13,156.30519104003906,1.9908627986909178,031602020502,2023-07-13 15:00:00+00:00,16,206.68017578125,1.9187647917069726,031602020502,2023-07-13 19:00:00+00:00,15,253.1808624267578,1.8681735926230707,031602020502,2023-07-15 00:00:00+00:00,16,1.9908627986909178,2023-07-13 15:00:00+00:00,6,18,2,15,479,AL-RF-20230713-0479,50.0,0.9955786632727835,18,50–100-year,Convective,Organized or localized severe convection,,Medium,7 convective/heavy-rain NOAA Storm Events records; Rx3h/Rx24h=0.61.,Don,2979.1498977974907,7,Flash Flood; Lightning; Thunderstorm Wind,2,7,0,0.3115974154875839,0.6135986643624448,0.7562660059156919,0.8163341170426738
ALRF-2023-010,2023,2023-07-21 10:00:00+00:00,2023-07-23 21:00:00+00:00,2023-07-20 22:00:00+00:00,2023-07-24 09:00:00+00:00,50.67167663574219,1.2398735280207351,060300020502,2023-07-21 10:00:00+00:00,2,85.06877136230469,1.4586772203717384,060300020502,2023-07-21 11:00:00+00:00,3,107.47087097167969,1.502327107445082,060300020501,2023-07-21 12:00:00+00:00,4,138.0865478515625,1.3636910641142117,060300020502,2023-07-21 14:00:00+00:00,3,167.07066345214844,1.2958187944842174,060300020501,2023-07-21 13:00:00+00:00,3,1.502327107445082,2023-07-21 12:00:00+00:00,6,4,1,4,480,AL-RF-20230721-0480,10.0,0.7095241645524821,4,10–25-year,Convective,Organized or localized severe convection,,Medium,47 convective/heavy-rain NOAA Storm Events records; Rx3h/Rx24h=0.62.,Don,3229.177005199926,58,Excessive Heat; Flash Flood; Funnel Cloud; Hail; Heat; Thunderstorm Wind; Tornado,11,47,0,0.3669559231085435,0.6160540087782498,0.7782863185717885,0.8265158286817517
ALRF-2023-011,2023,2023-08-04 10:00:00+00:00,2023-08-05 08:00:00+00:00,2023-08-03 22:00:00+00:00,2023-08-05 20:00:00+00:00,37.976478576660156,0.8819801129248888,031601110204,2023-08-04 10:00:00+00:00,0,98.31881713867188,1.6402248328366553,031601110204,2023-08-04 11:00:00+00:00,18,123.51409912109375,1.6984462712936728,031601110204,2023-08-04 13:00:00+00:00,22,136.74392700195312,1.3118006536372797,031601090103,2023-08-04 18:00:00+00:00,12,137.65391540527344,1.0382964562681216,031601090103,2023-08-04 19:00:00+00:00,1,1.6984462712936728,2023-08-04 13:00:00+00:00,6,22,2,15,481,AL-RF-20230804-0481,25.0,0.8178436201603994,22,25–50-year,Convective,Organized or localized severe convection,,Medium,222 convective/heavy-rain NOAA Storm Events records; Rx3h/Rx24h=0.72.,,,279,Excessive Heat; Flash Flood; Flood; Hail; Heat; Lightning; Thunderstorm Wind,6,222,0,0.2777196721585869,0.7189995145983161,0.9032510754157995,0.9933893024354508
ALRF-2023-012,2023,2023-09-02 12:00:00+00:00,2023-09-02 15:00:00+00:00,2023-09-02 00:00:00+00:00,2023-09-03 03:00:00+00:00,14.945967674255371,0.32578058534634063,031601081002,2023-09-02 13:00:00+00:00,0,51.00815963745117,0.8092673895489229,031601060602,2023-09-02 00:00:00+00:00,0,66.46672058105469,0.886327065514629,031502030110,2023-09-02 00:00:00+00:00,0,146.0443572998047,1.3655012563370061,031502030108,2023-09-02 12:00:00+00:00,4,147.4286346435547,1.0975179541012723,031502030108,2023-09-02 20:00:00+00:00,2,1.3655012563370061,2023-09-02 12:00:00+00:00,24,4,2,3,482,AL-RF-20230902-0482,5.0,0.6051043395107475,4,5–10-year,Convective candidate,Thunderstorm-associated rainfall,,Low,1 convective/heavy-rain NOAA Storm Events records; rainfall duration signature was not decisive.,Idalia,961.4649326465517,1,Flash Flood,1,1,0,0.10233854940094532,0.34926484378126255,0.4551132396345146,0.9906105259192229
ALRF-2024-001,2024,2024-01-09 08:00:00+00:00,2024-01-12 01:00:00+00:00,2024-01-08 20:00:00+00:00,2024-01-12 13:00:00+00:00,43.55327224731445,0.9943613623114314,031502010505,2024-01-09 09:00:00+00:00,0,97.34930419921875,1.6040469789737608,031502010505,2024-01-09 11:00:00+00:00,57,122.08531188964844,1.6578695757295951,031502010505,2024-01-09 13:00:00+00:00,116,146.3154296875,1.382546840504808,031502010505,2024-01-09 16:00:00+00:00,105,146.3154296875,1.0923461669047438,031502010505,2024-01-09 16:00:00+00:00,8,1.6578695757295951,2024-01-09 13:00:00+00:00,6,153,7,112,483,AL-RF-20240109-0483,10.0,0.7783375225170824,153,10–25-year,Convective,Organized or localized severe convection,,Medium,32 convective/heavy-rain NOAA Storm Events records; Rx3h/Rx24h=0.67.,,,84,Astronomical Low Tide; Coastal Flood; Drought; Flash Flood; Hail; High Wind; Lightning; Strong Wind; Thunderstorm Wind; Tornado,4,32,0,0.297666981126566,0.66533860719363,0.8343980682720737,1.0
ALRF-2024-002,2024,2024-01-25 05:00:00+00:00,2024-01-26 01:00:00+00:00,2024-01-24 17:00:00+00:00,2024-01-26 13:00:00+00:00,35.9738655090332,0.8013256639685378,031502010405,2024-01-25 04:00:00+00:00,0,76.65766906738281,1.0139909129984828,031602031101,2024-01-25 04:00:00+00:00,3,118.61971282958984,1.3019206050837726,031602031101,2024-01-25 06:00:00+00:00,5,162.99395751953125,1.2697281902388913,031602031101,2024-01-25 23:00:00+00:00,6,172.8563690185547,1.054229387828297,031602031103,2024-01-26 02:00:00+00:00,2,1.3019206050837726,2024-01-25 06:00:00+00:00,6,6,1,6,484,AL-RF-20240125-0484,5.0,0.5423687013505563,6,5–10-year,Convective candidate,Thunderstorm-associated rainfall,,Low,2 convective/heavy-rain NOAA Storm Events records; rainfall duration signature was not decisive.,,,27,Astronomical Low Tide; Drought; Thunderstorm Wind,0,2,0,0.22070674309949512,0.4703098828568358,0.7277552777708086,0.9429444714416928
ALRF-2024-003,2024,2024-01-27 12:00:00+00:00,2024-01-28 00:00:00+00:00,2024-01-27 00:00:00+00:00,2024-01-28 12:00:00+00:00,42.53321075439453,0.7435686196844267,031401040201,2024-01-27 17:00:00+00:00,0,67.57217407226562,0.8179920923937465,031401040201,2024-01-27 19:00:00+00:00,0,73.50992584228516,0.7513350727971436,031401030601,2024-01-27 22:00:00+00:00,0,74.18354034423828,0.5507131058700967,031401030601,2024-01-28 01:00:00+00:00,0,187.58062744140625,1.1781322197952666,031602031101,2024-01-27 19:00:00+00:00,7,1.1781322197952666,2024-01-27 19:00:00+00:00,72,7,4,3,485,AL-RF-20240127-0485,2.0,0.49527614294822137,7,2–5-year,Unclassified,Insufficient external evidence,,Low,No nearby HURDAT2 track and no matching Alabama NOAA Storm Events record within the configured time buffer.,,,19,Astronomical Low Tide; Drought,0,0,0,0.5733510500715543,0.9108782589602283,0.9909196231559277,0.39547548889295975
ALRF-2024-004,2024,2024-02-11 22:00:00+00:00,2024-02-15 00:00:00+00:00,2024-02-11 10:00:00+00:00,2024-02-15 12:00:00+00:00,52.65790557861328,1.20444083979613,031501100203,2024-02-12 00:00:00+00:00,10,120.61206817626953,1.7315559798814837,031300120101,2024-02-12 15:00:00+00:00,78,136.18458557128906,1.8531070235893545,031501100201,2024-02-12 13:00:00+00:00,65,228.7540283203125,2.1713587346836576,031501100201,2024-02-12 17:00:00+00:00,110,240.72251892089844,1.787486548618254,031501100201,2024-02-13 01:00:00+00:00,54,2.1713587346836576,2024-02-12 17:00:00+00:00,24,129,4,73,486,AL-RF-20240212-0486,100.0,1.0214260119311434,129,100–200-year,Frontal/extratropical candidate,Prolonged or widespread non-tropical rainfall,,Medium–low,No nearby HURDAT2 system; 26 flood/heavy-rain NOAA records; affected HUCs=129; Rx24h/Rx72h=0.95.,,,36,Drought; Flash Flood; Flood; Hail; Thunderstorm Wind,26,32,0,0.23019444057561742,0.5272565867447049,0.5953319667035406,0.9502809680862521
ALRF-2024-005,2024,2024-03-01 15:00:00+00:00,2024-03-02 17:00:00+00:00,2024-03-01 03:00:00+00:00,2024-03-03 05:00:00+00:00,56.44229507446289,1.3069751435168344,031601110303,2024-03-01 15:00:00+00:00,7,111.12271881103516,1.8535763062826918,031601110303,2024-03-01 16:00:00+00:00,14,149.4937744140625,2.0673538342963163,031601110303,2024-03-01 17:00:00+00:00,19,157.45220947265625,1.5127909040227139,031601110303,2024-03-01 19:00:00+00:00,9,164.687255859375,1.2424941264324418,031601110303,2024-03-01 19:00:00+00:00,5,2.0673538342963163,2024-03-01 17:00:00+00:00,6,19,2,15,487,AL-RF-20240301-0487,100.0,1.0081864347411438,19,100–200-year,Non-tropical heavy rain,Meteorological mechanism unresolved,,Low,6 flood/heavy-rain NOAA Storm Events records; no nearby HURDAT2 track.,,,7,Drought; Flood,6,0,0,0.3584725502646241,0.7057552204774437,0.949454916604547,0.9560679644034102
ALRF-2024-006,2024,2024-03-09 02:00:00+00:00,2024-03-10 02:00:00+00:00,2024-03-08 14:00:00+00:00,2024-03-10 14:00:00+00:00,55.08976745605469,1.1100601724903052,031300040601,2024-03-09 11:00:00+00:00,3,101.03575134277344,1.47552380964282,031300040602,2024-03-09 11:00:00+00:00,43,119.98057556152344,1.3781895386845093,031402020506,2024-03-09 08:00:00+00:00,257,141.4592742919922,1.179195515728785,031402020506,2024-03-09 11:00:00+00:00,39,141.4592742919922,0.9467228901206426,031402020506,2024-03-09 11:00:00+00:00,0,1.47552380964282,2024-03-09 11:00:00+00:00,3,267,6,228,488,AL-RF-20240309-0488,10.0,0.7348651203097177,267,10–25-year,Convective,Organized or localized severe convection,,Medium,20 convective/heavy-rain NOAA Storm Events records; Rx3h/Rx24h=0.71.,,,32,Drought; Flash Flood; Frost/Freeze; Hail; Thunderstorm Wind; Tornado,9,20,0,0.38943906457728267,0.7142391465562109,0.8481633753745008,1.0
ALRF-2024-007,2024,2024-04-10 18:00:00+00:00,2024-04-13 20:00:00+00:00,2024-04-10 06:00:00+00:00,2024-04-14 08:00:00+00:00,55.70872497558594,1.1093233537359763,031300120103,2024-04-10 23:00:00+00:00,5,111.5945053100586,1.5896253884138296,031300120104,2024-04-11 00:00:00+00:00,45,136.06231689453125,1.6299404457974584,031300120106,2024-04-11 02:00:00+00:00,74,152.89627075195312,1.328583823032712,031300120106,2024-04-11 07:00:00+00:00,23,152.89627075195312,1.073798086694953,031300120106,2024-04-11 07:00:00+00:00,5,1.6299404457974584,2024-04-11 02:00:00+00:00,6,80,7,34,489,AL-RF-20240411-0489,10.0,0.7137425562745662,80,10–25-year,Convective,Organized or localized severe convection,,Medium,11 convective/heavy-rain NOAA Storm Events records; Rx3h/Rx24h=0.73.,,,26,Coastal Flood; Flash Flood; Hail; Strong Wind; Thunderstorm Wind; Tornado,3,11,0,0.36435633584525673,0.7298706813529856,0.8898995130840571,1.0
ALRF-2024-008,2024,2024-04-30 06:00:00+00:00,2024-04-30 08:00:00+00:00,2024-04-29 18:00:00+00:00,2024-04-30 20:00:00+00:00,48.18820571899414,0.8888283285630499,031402020605,2024-04-30 17:00:00+00:00,0,65.92805480957031,1.1316091875896157,060300051003,2024-04-30 06:00:00+00:00,6,78.13719940185547,1.1054530724326284,060300051003,2024-04-30 07:00:00+00:00,4,78.5660400390625,0.7727679478886608,060300051003,2024-04-30 08:00:00+00:00,0,79.19602966308594,0.6069529590358546,060300051003,2024-04-30 08:00:00+00:00,0,1.1316091875896157,2024-04-30 06:00:00+00:00,3,6,4,3,490,AL-RF-20240430-0490,2.0,0.5631525623813708,6,2–5-year,Unclassified,Insufficient external evidence,,Low,No nearby HURDAT2 track and no matching Alabama NOAA Storm Events record within the configured time buffer.,,,0,,0,0,0,0.6133465005368133,0.8391418833988747,0.9945416539131434,0.9920451867763633
ALRF-2024-009,2024,2024-05-10 04:00:00+00:00,2024-05-10 15:00:00+00:00,2024-05-09 16:00:00+00:00,2024-05-11 03:00:00+00:00,51.6949462890625,1.1987478646651915,031300030502,2024-05-10 04:00:00+00:00,3,74.62818908691406,1.1963305348295017,031502010801,2024-05-10 09:00:00+00:00,15,83.50052642822266,1.1272702574815996,031502030209,2024-05-10 10:00:00+00:00,12,119.48690032958984,1.1294639072162167,031501070704,2024-05-10 10:00:00+00:00,13,136.18544006347656,0.9832917141485249,031501050703,2024-05-09 16:00:00+00:00,0,1.1987478646651915,2024-05-10 04:00:00+00:00,1,27,8,6,491,AL-RF-20240510-0491,2.0,0.6105637975517977,27,2–5-year,Convective,Organized or localized severe convection,,Medium,114 convective/heavy-rain NOAA Storm Events records; Rx3h/Rx24h=0.62.,,,114,Flash Flood; Hail; Thunderstorm Wind; Tornado,7,114,0,0.43264111920610865,0.6245721403857781,0.6988257808839026,0.877383810441825
ALRF-2024-010,2024,2024-05-13 14:00:00+00:00,2024-05-13 15:00:00+00:00,2024-05-13 02:00:00+00:00,2024-05-14 03:00:00+00:00,69.67232513427734,1.1567025407720612,031401060504,2024-05-13 15:00:00+00:00,5,81.71456909179688,1.0958047914962936,031602030902,2024-05-13 14:00:00+00:00,5,92.6960220336914,1.0337854303398304,031602030902,2024-05-13 17:00:00+00:00,2,96.63457489013672,0.7725205805626914,031602030703,2024-05-14 03:00:00+00:00,0,88.54005432128906,0.658362854706576,031300031002,2024-05-13 02:00:00+00:00,0,1.1567025407720612,2024-05-13 15:00:00+00:00,1,10,2,5,492,AL-RF-20240513-0492,2.0,0.5673677708212187,10,2–5-year,Convective,Organized or localized severe convection,,Medium,21 convective/heavy-rain NOAA Storm Events records; Rx3h/Rx24h=0.85.,,,21,Flash Flood; Hail; Thunderstorm Wind,2,21,0,0.7209875472985461,0.8456038553974878,0.9592428190332184,1.0914221323998146
ALRF-2024-011,2024,2024-05-14 06:00:00+00:00,2024-05-14 14:00:00+00:00,2024-05-13 18:00:00+00:00,2024-05-15 02:00:00+00:00,53.41366195678711,0.8677692671280747,031602050206,2024-05-14 06:00:00+00:00,0,86.51991271972656,0.9913507128437204,031401060505,2024-05-14 06:00:00+00:00,0,107.83628845214844,1.0118051881616175,031401060505,2024-05-14 08:00:00+00:00,1,198.37051391601562,1.334893056982785,031401060505,2024-05-14 13:00:00+00:00,17,201.1522979736328,1.0694418271301813,031401060505,2024-05-14 21:00:00+00:00,2,1.334893056982785,2024-05-14 13:00:00+00:00,24,17,1,17,493,AL-RF-20240514-0493,5.0,0.49305670830162796,17,5–10-year,Convective candidate,Thunderstorm-associated rainfall,,Low,21 convective/heavy-rain NOAA Storm Events records; rainfall duration signature was not decisive.,,,21,Flash Flood; Hail; Thunderstorm Wind,2,21,0,0.2692621040413341,0.43615309055637475,0.5436104707466919,0.9861707567567445
ALRF-2024-012,2024,2024-05-17 15:00:00+00:00,2024-05-17 18:00:00+00:00,2024-05-17 03:00:00+00:00,2024-05-18 06:00:00+00:00,54.40232849121094,0.9841709386304968,031402020802,2024-05-17 22:00:00+00:00,0,91.70748901367188,1.3821528756144748,031700020504,2024-05-17 15:00:00+00:00,5,123.0402603149414,1.541159314851936,031700020504,2024-05-17 17:00:00+00:00,5,145.39242553710938,1.2996720568014135,031700020504,2024-05-18 02:00:00+00:00,2,149.9857177734375,1.0549382636069817,031700020504,2024-05-18 06:00:00+00:00,1,1.541159314851936,2024-05-17 17:00:00+00:00,6,7,4,3,494,AL-RF-20240517-0494,10.0,0.7446751448049029,7,10–25-year,Convective,Organized or localized severe convection,,Medium,36 convective/heavy-rain NOAA Storm Events records; Rx3h/Rx24h=0.63.,,,36,Flash Flood; Hail; Thunderstorm Wind,7,36,0,0.3741758092984391,0.6307583677408616,0.8462632070440087,0.9693751358161544
ALRF-2024-013,2024,2024-05-27 09:00:00+00:00,2024-05-27 13:00:00+00:00,2024-05-26 21:00:00+00:00,2024-05-28 01:00:00+00:00,55.68202590942383,1.3315574631909297,060300010902,2024-05-27 10:00:00+00:00,15,72.84532928466797,1.234315089469782,060300010902,2024-05-27 11:00:00+00:00,18,74.77900695800781,1.0380721253383218,060300010902,2024-05-27 13:00:00+00:00,2,74.77900695800781,0.7298649057474034,060300010902,2024-05-27 13:00:00+00:00,0,86.17153930664062,0.6637877300971613,031501060601,2024-05-27 13:00:00+00:00,0,1.3315574631909297,2024-05-27 10:00:00+00:00,1,23,5,8,495,AL-RF-20240527-0495,5.0,0.6178769098981712,23,5–10-year,Convective,Organized or localized severe convection,,Medium,51 convective/heavy-rain NOAA Storm Events records; Rx3h/Rx24h=0.97.,,,51,Flash Flood; Hail; Thunderstorm Wind; Tornado,3,51,0,0.7446210931992197,0.974141436855056,1.0,0.8677924005965288
ALRF-2024-014,2024,2024-06-10 19:00:00+00:00,2024-06-10 23:00:00+00:00,2024-06-10 07:00:00+00:00,2024-06-11 11:00:00+00:00,168.15130615234375,3.4175161618216063,031300040603,2024-06-10 21:00:00+00:00,10,250.03866577148438,3.7798875359284314,031402010104,2024-06-10 21:00:00+00:00,12,255.03488159179688,3.1834082786084044,031402010104,2024-06-10 23:00:00+00:00,7,255.40628051757812,2.2314488612250156,031402010104,2024-06-10 23:00:00+00:00,5,255.40628051757812,1.7861604160354814,031402010104,2024-06-10 23:00:00+00:00,2,3.7798875359284314,2024-06-10 21:00:00+00:00,3,13,6,7,496,AL-RF-20240610-0496,1000.0,1.7028400497989957,13,>1000-year,Convective,Organized or localized severe convection,,Medium,6 convective/heavy-rain NOAA Storm Events records; Rx3h/Rx24h=0.98.,,,6,Hail; Thunderstorm Wind,0,6,0,0.658367937591773,0.978984014272412,0.9985458504582244,1.0
ALRF-2024-015,2024,2024-06-27 14:00:00+00:00,2024-06-27 16:00:00+00:00,2024-06-27 02:00:00+00:00,2024-06-28 04:00:00+00:00,43.721500396728516,0.7998482342450036,031402020904,2024-06-27 12:00:00+00:00,0,115.00918579101562,1.4906350333552996,031402020904,2024-06-27 13:00:00+00:00,2,158.20436096191406,1.7108273855653908,031402020904,2024-06-27 15:00:00+00:00,4,180.85748291015625,1.4261318477510148,031402020904,2024-06-27 16:00:00+00:00,1,181.79335021972656,1.146167416962815,031402020904,2024-06-27 21:00:00+00:00,1,1.7108273855653908,2024-06-27 15:00:00+00:00,6,5,2,4,497,AL-RF-20240627-0497,10.0,0.7115813521043641,5,10–25-year,Convective,Organized or localized severe convection,,Medium,11 convective/heavy-rain NOAA Storm Events records; Rx3h/Rx24h=0.64.,Beryl,4699.617178118975,11,Thunderstorm Wind,0,11,0,0.24174559820921454,0.6359105741184522,0.8747460067245574,0.9948520267191338
ALRF-2024-016,2024,2024-07-09 03:00:00+00:00,2024-07-09 04:00:00+00:00,2024-07-08 15:00:00+00:00,2024-07-09 16:00:00+00:00,62.46333694458008,1.5200730819287271,060300010704,2024-07-09 03:00:00+00:00,3,90.6224594116211,1.605213825508228,060300010704,2024-07-09 04:00:00+00:00,3,91.4919204711914,1.3369017734960031,060300010704,2024-07-09 04:00:00+00:00,1,92.21585083007812,0.9211261863209715,060300010704,2024-07-09 05:00:00+00:00,0,92.21585083007812,0.7175077159838865,060300010704,2024-07-09 05:00:00+00:00,0,1.605213825508228,2024-07-09 04:00:00+00:00,3,4,2,3,498,AL-RF-20240709-0498,10.0,0.7595205900642394,4,10–25-year,Tropical cyclone,Tropical cyclone or remnant,Beryl,High,HURDAT2 track within 414 km of rainfall footprint; track status=EX; 0 matching tropical NOAA Storm Events records.,Beryl,413.95645655464267,26,Drought; Heat; Thunderstorm Wind,0,4,0,0.6773600892072056,0.9827210679713502,0.992149610372075,1.0
ALRF-2024-017,2024,2024-07-20 12:00:00+00:00,2024-07-23 09:00:00+00:00,2024-07-20 00:00:00+00:00,2024-07-23 21:00:00+00:00,77.19617462158203,1.694778306331907,031602020604,2024-07-20 12:00:00+00:00,3,106.40532684326172,1.6285801853523236,031602020502,2024-07-20 13:00:00+00:00,9,133.40000915527344,1.6991189723457782,031602020502,2024-07-20 14:00:00+00:00,6,146.58509826660156,1.3627434680777464,031602020305,2024-07-20 20:00:00+00:00,6,172.5977783203125,1.2735662897771245,031602020502,2024-07-22 00:00:00+00:00,7,1.6991189723457782,2024-07-20 14:00:00+00:00,6,12,5,8,499,AL-RF-20240720-0499,25.0,0.8781078358324271,12,25–50-year,Convective,Organized or localized severe convection,,Medium,8 convective/heavy-rain NOAA Storm Events records; Rx3h/Rx24h=0.73.,,,34,Drought; Funnel Cloud; Lightning; Thunderstorm Wind,0,8,0,0.5266304387993215,0.7258945697859212,0.9100516405334207,0.8492872833772184
ALRF-2024-018,2024,2024-07-24 22:00:00+00:00,2024-07-24 22:00:00+00:00,2024-07-24 10:00:00+00:00,2024-07-25 10:00:00+00:00,46.38917541503906,0.9562389333599774,031403030404,2024-07-24 21:00:00+00:00,0,82.17851257324219,1.188731492990669,031403020502,2024-07-24 22:00:00+00:00,3,84.57524108886719,1.0185357804753792,031403020502,2024-07-25 00:00:00+00:00,1,87.12548065185547,0.8327363474087466,031601070301,2024-07-24 19:00:00+00:00,0,124.69005584716797,0.8846072626228654,031403020103,2024-07-24 23:00:00+00:00,0,1.188731492990669,2024-07-24 22:00:00+00:00,3,3,2,2,500,AL-RF-20240724-0500,2.0,0.5168687488944459,3,2–5-year,Convective,Organized or localized severe convection,,Medium,3 convective/heavy-rain NOAA Storm Events records; Rx3h/Rx24h=0.94.,,,20,Drought; Flash Flood,3,3,0,0.5324409698283958,0.9432201918244691,0.9707291191519646,0.698736399305529
ALRF-2024-019,2024,2024-07-28 03:00:00+00:00,2024-07-28 03:00:00+00:00,2024-07-27 15:00:00+00:00,2024-07-28 15:00:00+00:00,50.81177520751953,1.1957489312121357,031601050404,2024-07-28 02:00:00+00:00,1,82.61932373046875,1.395515509566769,031601050402,2024-07-28 03:00:00+00:00,4,83.2000732421875,1.1484186705642756,031601050402,2024-07-28 04:00:00+00:00,1,88.79550170898438,0.8386463158913079,031601050402,2024-07-28 15:00:00+00:00,0,153.2795867919922,0.8625470452205046,031401060104,2024-07-27 18:00:00+00:00,0,1.395515509566769,2024-07-28 03:00:00+00:00,3,4,1,4,501,AL-RF-20240728-0501,5.0,0.6553269488995791,4,5–10-year,Convective,Organized or localized severe convection,,Medium,8 convective/heavy-rain NOAA Storm Events records; Rx3h/Rx24h=0.93.,,,25,Drought; Flash Flood; Lightning; Thunderstorm Wind,2,8,0,0.5722336630750561,0.9304449227759618,0.9369852260631946,0.5793041563289453
ALRF-2024-020,2024,2024-09-06 17:00:00+00:00,2024-09-07 09:00:00+00:00,2024-09-06 05:00:00+00:00,2024-09-07 21:00:00+00:00,42.42859649658203,0.680880841746119,031700080702,2024-09-07 00:00:00+00:00,0,66.58844757080078,1.0017951429056717,031602010501,2024-09-06 15:00:00+00:00,1,110.85985565185547,1.3881382925448194,031602010501,2024-09-06 16:00:00+00:00,3,162.1126708984375,1.45414379796723,031602010501,2024-09-07 04:00:00+00:00,5,164.75083923339844,1.1625941231718433,031602010501,2024-09-07 16:00:00+00:00,2,1.45414379796723,2024-09-07 04:00:00+00:00,24,5,1,5,502,AL-RF-20240907-0502,10.0,0.6730939012298269,5,10–25-year,Unclassified,Insufficient external evidence,,Low,No nearby HURDAT2 track and no matching Alabama NOAA Storm Events record within the configured time buffer.,Francine,1230.8488620321757,14,Drought,0,0,0,0.2617228885406697,0.41075412058640376,0.6838444832070433,0.9839869202048585
ALRF-2024-021,2024,2024-09-12 00:00:00+00:00,2024-09-17 09:00:00+00:00,2024-09-11 12:00:00+00:00,2024-09-17 21:00:00+00:00,60.46593475341797,1.3995859682389158,031502020805,2024-09-14 03:00:00+00:00,14,115.38209533691406,1.9387838980807046,031502020805,2024-09-14 04:00:00+00:00,57,143.50244140625,1.9950158497356445,031502020805,2024-09-14 07:00:00+00:00,74,189.69288635253906,1.7900525239864165,031601100202,2024-09-14 19:00:00+00:00,146,284.0705261230469,2.1184938048915503,060300050102,2024-09-15 08:00:00+00:00,247,2.1184938048915503,2024-09-15 08:00:00+00:00,72,271,12,154,503,AL-RF-20240915-0503,100.0,1.0445029455754744,271,100–200-year,Tropical cyclone,Tropical cyclone or remnant,Francine,High,HURDAT2 track within 161 km of rainfall footprint; track status=EX; 0 matching tropical NOAA Storm Events records.,Francine,161.13009083174214,85,Coastal Flood; Drought; Flash Flood; Flood; Hail; Heavy Rain; High Wind; Strong Wind; Thunderstorm Wind,26,20,0,0.3187569967228169,0.6082573656582967,0.7564988026991936,0.6677668709296946
ALRF-2024-022,2024,2024-09-25 21:00:00+00:00,2024-09-26 03:00:00+00:00,2024-09-25 09:00:00+00:00,2024-09-26 15:00:00+00:00,48.516929626464844,1.0211225493511769,031300040403,2024-09-25 23:00:00+00:00,2,90.85208129882812,1.3910060754218108,031300040403,2024-09-26 01:00:00+00:00,9,95.54740142822266,1.206976652701366,031300040403,2024-09-26 03:00:00+00:00,13,118.57429504394531,1.0549009286775377,031300040403,2024-09-26 15:00:00+00:00,2,119.26200866699219,0.8469686983604916,031300040403,2024-09-26 15:00:00+00:00,0,1.3910060754218108,2024-09-26 01:00:00+00:00,3,16,6,6,504,AL-RF-20240926-0504,10.0,0.6462077662646895,16,10–25-year,Tropical cyclone,Hurricane,Helene,High,HURDAT2 track within 166 km of rainfall footprint; track status=HU; 9 matching tropical NOAA Storm Events records.,Helene,165.90969248973354,18,Drought; Flash Flood; Heavy Rain; Thunderstorm Wind; Tropical Depression; Tropical Storm,4,5,9,0.4091690328707734,0.7662038493685083,0.8058019775096401,0.9942335901370978
ALRF-2024-023,2024,2024-09-26 16:00:00+00:00,2024-09-29 11:00:00+00:00,2024-09-26 04:00:00+00:00,2024-09-29 23:00:00+00:00,36.11547088623047,0.8191068152897277,031300031102,2024-09-27 07:00:00+00:00,0,71.16160583496094,1.159395865673031,031300031103,2024-09-27 08:00:00+00:00,6,91.33842468261719,1.4081746886833342,060200011102,2024-09-27 12:00:00+00:00,14,151.91619873046875,1.3296879075508987,031300040702,2024-09-27 08:00:00+00:00,76,210.80714416503906,1.5873991491219288,031300021106,2024-09-27 10:00:00+00:00,108,1.5873991491219288,2024-09-27 10:00:00+00:00,72,124,5,105,505,AL-RF-20240927-0505,10.0,0.7823999894932239,124,10–25-year,Tropical cyclone,Hurricane,Helene,High,HURDAT2 track within 138 km of rainfall footprint; track status=HU; 9 matching tropical NOAA Storm Events records.,Helene,138.48537701485296,17,Drought; Flash Flood; Heavy Rain; Tropical Depression; Tropical Storm,4,4,9,0.2377328500057252,0.4684267143967746,0.6012421680236401,0.7206406563315277
ALRF-2024-024,2024,2024-11-19 15:00:00+00:00,2024-11-20 10:00:00+00:00,2024-11-19 03:00:00+00:00,2024-11-20 22:00:00+00:00,30.49442481994629,0.553546089500368,031700080105,2024-11-19 16:00:00+00:00,0,55.199554443359375,0.9946869585282796,031501050805,2024-11-19 14:00:00+00:00,0,82.52579498291016,1.2219290058342385,031501050805,2024-11-19 16:00:00+00:00,12,101.64734649658203,1.0619149787560362,031501050106,2024-11-20 09:00:00+00:00,8,101.76496124267578,0.8289990809465108,031501050106,2024-11-20 11:00:00+00:00,0,1.2219290058342385,2024-11-19 16:00:00+00:00,6,13,1,13,506,AL-RF-20241119-0506,5.0,0.5577146030561989,13,5–10-year,Unclassified,Insufficient external evidence,,Low,No nearby HURDAT2 track and no matching Alabama NOAA Storm Events record within the configured time buffer.,Sara,1827.2426948976458,36,Drought; Strong Wind,0,0,0,0.3000021729142894,0.543049635291911,0.8118834168060172,0.9988442510599176
ALRF-2024-025,2024,2024-12-11 03:00:00+00:00,2024-12-12 22:00:00+00:00,2024-12-10 15:00:00+00:00,2024-12-13 10:00:00+00:00,30.746482849121094,0.7190138001211975,031501090501,2024-12-10 19:00:00+00:00,0,52.421875,0.8706437204443447,031501090601,2024-12-10 19:00:00+00:00,0,59.8840217590332,0.8097476948287194,031300030903,2024-12-11 07:00:00+00:00,0,117.37568664550781,1.1171324524956132,031300030903,2024-12-11 11:00:00+00:00,4,151.19943237304688,1.1506300938268956,031300030903,2024-12-11 12:00:00+00:00,39,1.1506300938268956,2024-12-11 12:00:00+00:00,72,39,6,19,507,AL-RF-20241211-0507,2.0,0.4946029881141818,39,2–5-year,Unclassified,Insufficient external evidence,,Low,No nearby HURDAT2 track and no matching Alabama NOAA Storm Events record within the configured time buffer.,,,10,Drought,0,0,0,0.26194933318669383,0.4466161306329302,0.5101910239715312,0.7762971381791474
ALRF-2024-026,2024,2024-12-29 09:00:00+00:00,2024-12-30 12:00:00+00:00,2024-12-28 21:00:00+00:00,2024-12-31 00:00:00+00:00,46.26755142211914,0.928772890929397,031300040709,2024-12-29 11:00:00+00:00,0,81.38670349121094,0.9166013534875869,031700090103,2024-12-29 02:00:00+00:00,0,92.27528381347656,0.9333434738444268,031401060302,2024-12-29 08:00:00+00:00,0,140.39866638183594,0.9373172653136762,031602050201,2024-12-29 03:00:00+00:00,0,211.6119384765625,1.1272555112903486,031700090103,2024-12-29 09:00:00+00:00,3,1.1272555112903486,2024-12-29 09:00:00+00:00,72,3,1,3,508,AL-RF-20241229-0508,2.0,0.43616448586757534,3,2–5-year,Convective,Organized or localized severe convection,,Medium,79 convective/heavy-rain NOAA Storm Events records; Rx3h/Rx24h=0.58.,,,92,Drought; Strong Wind; Thunderstorm Wind; Tornado,0,79,0,0.3295440947871069,0.5796828815301364,0.6572376090989328,0.6634723323863226
ALRF-2025-001,2025,2025-02-13 03:00:00+00:00,2025-02-15 08:00:00+00:00,2025-02-12 15:00:00+00:00,2025-02-15 20:00:00+00:00,47.09488296508789,1.0874361518291193,031501070903,2025-02-13 04:00:00+00:00,4,74.68092346191406,1.2463290865217713,031501090701,2025-02-13 06:00:00+00:00,19,86.30239868164062,1.176391925149292,031501090702,2025-02-13 08:00:00+00:00,14,139.31494140625,1.3236174992463032,031502010903,2025-02-13 07:00:00+00:00,60,166.9248046875,1.2182432189702075,031501070901,2025-02-13 07:00:00+00:00,42,1.3236174992463032,2025-02-13 07:00:00+00:00,24,61,2,58,509,AL-RF-20250213-0509,5.0,0.6146337588723122,61,5–10-year,Frontal/extratropical candidate,Prolonged or widespread non-tropical rainfall,,Medium–low,No nearby HURDAT2 system; 16 flood/heavy-rain NOAA records; affected HUCs=61; Rx24h/Rx72h=0.83.,,,216,Drought; Flash Flood; Flood; Lightning; Thunderstorm Wind; Tornado,16,200,0,0.33804617429911293,0.5360582483693576,0.6194769764858035,0.8345970011291106
ALRF-2025-002,2025,2025-03-15 20:00:00+00:00,2025-03-18 09:00:00+00:00,2025-03-15 08:00:00+00:00,2025-03-18 21:00:00+00:00,59.42855453491211,1.3879411027408934,031501070501,2025-03-16 02:00:00+00:00,33,118.47343444824219,1.9999546117628557,031501070701,2025-03-16 04:00:00+00:00,132,135.96458435058594,1.8777252645534959,031501070701,2025-03-16 06:00:00+00:00,136,152.49029541015625,1.4520375987486158,060300060203,2025-03-16 02:00:00+00:00,74,164.152099609375,1.2085734252162894,060300060203,2025-03-16 02:00:00+00:00,21,1.9999546117628557,2025-03-16 04:00:00+00:00,3,171,5,94,510,AL-RF-20250316-0510,50.0,0.9100391707132768,171,50–100-year,Convective,Organized or localized severe convection,,Medium,53 convective/heavy-rain NOAA Storm Events records; Rx3h/Rx24h=0.78.,,,53,Flash Flood; Hail; Thunderstorm Wind; Tornado,4,53,0,0.3897202400655459,0.7769244208595818,0.89162778513137,0.9289573253892591
ALRF-2025-003,2025,2025-03-30 19:00:00+00:00,2025-03-30 23:00:00+00:00,2025-03-30 07:00:00+00:00,2025-03-31 11:00:00+00:00,64.69430541992188,1.0795923680742787,031401060501,2025-03-30 19:00:00+00:00,1,117.70193481445312,1.3655461786651846,031401060501,2025-03-30 20:00:00+00:00,12,148.73931884765625,1.4153924531047646,031401060501,2025-03-30 21:00:00+00:00,8,151.29574584960938,1.040046682801219,031401060501,2025-03-30 20:00:00+00:00,1,153.44895935058594,0.8390646403821383,031401060501,2025-03-30 23:00:00+00:00,0,1.4153924531047646,2025-03-30 21:00:00+00:00,6,13,3,10,511,AL-RF-20250330-0511,5.0,0.6375441078348437,13,5–10-year,Convective,Organized or localized severe convection,,Medium,20 convective/heavy-rain NOAA Storm Events records; Rx3h/Rx24h=0.78.,,,20,Hail; Thunderstorm Wind; Tornado,0,20,0,0.4276016160046506,0.7779593150718918,0.983103113788181,0.9859678846302431
ALRF-2025-004,2025,2025-03-31 13:00:00+00:00,2025-03-31 13:00:00+00:00,2025-03-31 01:00:00+00:00,2025-04-01 01:00:00+00:00,41.98566818237305,0.9986457244537544,060300060203,2025-03-31 10:00:00+00:00,0,67.5656509399414,1.1320035400680037,060300060203,2025-03-31 12:00:00+00:00,3,76.07266998291016,1.0393162050762126,060300060203,2025-03-31 14:00:00+00:00,3,154.53492736816406,1.0623136670739464,031401060501,2025-03-31 16:00:00+00:00,1,168.23817443847656,0.919932620795768,031401060501,2025-03-31 18:00:00+00:00,0,1.1320035400680037,2025-03-31 12:00:00+00:00,3,4,2,3,512,AL-RF-20250331-0512,2.0,0.5824414089233907,4,2–5-year,Convective candidate,Thunderstorm-associated rainfall,,Low,20 convective/heavy-rain NOAA Storm Events records; rainfall duration signature was not decisive.,,,20,Hail; Thunderstorm Wind; Tornado,0,20,0,0.27169047734009266,0.4372192881611351,0.49226845528373403,0.91854852731225
ALRF-2025-005,2025,2025-04-06 03:00:00+00:00,2025-04-09 22:00:00+00:00,2025-04-05 15:00:00+00:00,2025-04-10 10:00:00+00:00,62.65690231323242,1.4564107206256476,031300030305,2025-04-06 21:00:00+00:00,47,211.03390502929688,2.4294495626663104,031602040503,2025-04-07 01:00:00+00:00,253,267.9815673828125,2.5393675724446543,031602040501,2025-04-07 03:00:00+00:00,254,299.1396484375,2.050908263728883,031602040501,2025-04-07 20:00:00+00:00,306,300.5773620605469,1.6406519759770453,031602040501,2025-04-07 20:00:00+00:00,108,2.5393675724446543,2025-04-07 03:00:00+00:00,6,414,14,190,513,AL-RF-20250407-0513,200.0,1.1506965957088677,414,200–500-year,Convective,Organized or localized severe convection,,Medium,513 convective/heavy-rain NOAA Storm Events records; Rx3h/Rx24h=0.71.,,,514,Flash Flood; Hail; Strong Wind; Thunderstorm Wind; Tornado,22,513,0,0.20945702998752935,0.7054695227850705,0.8958410186766084,0.9952168266658842
ALRF-2025-006,2025,2025-04-22 15:00:00+00:00,2025-04-23 02:00:00+00:00,2025-04-22 03:00:00+00:00,2025-04-23 14:00:00+00:00,34.301490783691406,0.791137272970201,031601100304,2025-04-22 12:00:00+00:00,0,65.88306427001953,1.0755537006347273,031601100304,2025-04-22 14:00:00+00:00,1,86.02971649169922,1.1412785549957825,031601100304,2025-04-22 16:00:00+00:00,4,125.07611083984375,1.1472069914451264,031601090305,2025-04-22 19:00:00+00:00,12,132.09713745117188,0.9562500346973207,031601090305,2025-04-22 23:00:00+00:00,0,1.1472069914451264,2025-04-22 19:00:00+00:00,24,12,2,11,514,AL-RF-20250422-0514,2.0,0.5684946288695848,12,2–5-year,Convective candidate,Thunderstorm-associated rainfall,,Low,2 convective/heavy-rain NOAA Storm Events records; rainfall duration signature was not decisive.,,,2,Flash Flood; Hail,1,2,0,0.27424494216656164,0.5267437868641506,0.6878189281233545,0.9468495173567
ALRF-2025-007,2025,2025-05-03 04:00:00+00:00,2025-05-03 05:00:00+00:00,2025-05-02 16:00:00+00:00,2025-05-03 17:00:00+00:00,37.961849212646484,0.9037279890939257,031601100405,2025-05-02 22:00:00+00:00,0,58.65351486206055,0.9909726979751244,031601100405,2025-05-02 22:00:00+00:00,0,82.63997650146484,1.118912783886998,031601130502,2025-05-03 04:00:00+00:00,6,102.59304809570312,0.9745896498593676,031601130502,2025-05-03 17:00:00+00:00,0,105.8504638671875,0.7958969518349096,031601130502,2025-05-03 17:00:00+00:00,0,1.118912783886998,2025-05-03 04:00:00+00:00,6,6,2,5,515,AL-RF-20250503-0515,2.0,0.5257483617806781,6,2–5-year,Convective,Organized or localized severe convection,,Medium,134 convective/heavy-rain NOAA Storm Events records; Rx3h/Rx24h=0.57.,,,134,Hail; Lightning; Thunderstorm Wind; Tornado,0,134,0,0.37002360215707863,0.5717104223996354,0.8055124400278544,0.9692262494421232
ALRF-2025-008,2025,2025-05-03 21:00:00+00:00,2025-05-03 22:00:00+00:00,2025-05-03 09:00:00+00:00,2025-05-04 10:00:00+00:00,32.32009506225586,0.7510642337762407,031601100301,2025-05-03 19:00:00+00:00,0,44.96506881713867,0.733150705427574,031601030102,2025-05-03 20:00:00+00:00,0,77.973876953125,0.7191591452699311,031401060703,2025-05-03 10:00:00+00:00,0,111.47953796386719,1.05832430699898,031601130504,2025-05-03 22:00:00+00:00,4,113.7225341796875,0.8538721445183158,031601130504,2025-05-03 22:00:00+00:00,0,1.05832430699898,2025-05-03 22:00:00+00:00,24,4,2,3,516,AL-RF-20250503-0516,2.0,0.45741449719168015,4,2–5-year,Convective candidate,Thunderstorm-associated rainfall,,Low,126 convective/heavy-rain NOAA Storm Events records; rainfall duration signature was not decisive.,,,126,Hail; Lightning; Thunderstorm Wind; Tornado,0,126,0,0.289919528306006,0.40334818064740074,0.6994456415705449,0.980276589578313
ALRF-2025-009,2025,2025-05-10 11:00:00+00:00,2025-05-10 14:00:00+00:00,2025-05-09 23:00:00+00:00,2025-05-11 02:00:00+00:00,46.547298431396484,0.9505391359943125,031300040501,2025-05-10 19:00:00+00:00,0,53.16912078857422,0.8824437468598402,031601130201,2025-05-10 20:00:00+00:00,0,69.1231689453125,0.9502526714489058,031601130201,2025-05-10 23:00:00+00:00,0,146.9263458251953,1.0124590008492975,031602050101,2025-05-10 11:00:00+00:00,4,184.1983184814453,0.9812233240404891,031700090103,2025-05-10 09:00:00+00:00,0,1.0124590008492975,2025-05-10 11:00:00+00:00,24,4,2,3,517,AL-RF-20250510-0517,2.0,0.43041220449765194,4,2–5-year,Convective candidate,Thunderstorm-associated rainfall,,Low,12 convective/heavy-rain NOAA Storm Events records; rainfall duration signature was not decisive.,,,13,Flash Flood; Flood; Hail; Thunderstorm Wind; Tornado,3,12,0,0.3168070244309747,0.361876016788928,0.47046136318908627,0.7976530243949839
ALRF-2025-010,2025,2025-05-11 13:00:00+00:00,2025-05-13 09:00:00+00:00,2025-05-11 01:00:00+00:00,2025-05-13 21:00:00+00:00,54.18302917480469,1.0619298342783632,031403010402,2025-05-11 08:00:00+00:00,2,72.22146606445312,1.0211086130335971,031403010402,2025-05-11 10:00:00+00:00,1,80.14704132080078,0.9416155590492665,031403010402,2025-05-11 13:00:00+00:00,0,107.51232147216797,1.0060024405766483,031502030303,2025-05-11 01:00:00+00:00,1,193.8503875732422,1.2953023115938562,031402020408,2025-05-12 19:00:00+00:00,19,1.2953023115938562,2025-05-12 19:00:00+00:00,72,21,7,9,518,AL-RF-20250512-0518,5.0,0.5037590646111676,21,5–10-year,Convective,Organized or localized severe convection,,Medium,14 convective/heavy-rain NOAA Storm Events records; Rx3h/Rx24h=0.67.,,,16,Flash Flood; Flood; Funnel Cloud; Hail; Thunderstorm Wind; Tornado,3,14,0,0.5039704141151041,0.6717505963551286,0.745468428393565,0.5546149420596168
ALRF-2025-011,2025,2025-05-19 07:00:00+00:00,2025-05-19 07:00:00+00:00,2025-05-18 19:00:00+00:00,2025-05-19 19:00:00+00:00,46.37077331542969,1.0886128175074528,060300060207,2025-05-19 07:00:00+00:00,3,59.652976989746094,0.9863779163389171,060300060106,2025-05-19 08:00:00+00:00,0,66.57293701171875,0.9004838109863997,060300060106,2025-05-19 08:00:00+00:00,0,68.16734313964844,0.6451664168812156,060300060106,2025-05-19 08:00:00+00:00,0,75.98355102539062,0.5569705068110969,060300060106,2025-05-19 12:00:00+00:00,0,1.0886128175074528,2025-05-19 07:00:00+00:00,1,3,1,3,519,AL-RF-20250519-0519,2.0,0.5220311451228892,3,2–5-year,Convective,Organized or localized severe convection,,Medium,152 convective/heavy-rain NOAA Storm Events records; Rx3h/Rx24h=0.88.,,,153,Flash Flood; Flood; Hail; Lightning; Thunderstorm Wind; Tornado,7,152,0,0.6802490925960538,0.8750961126288916,0.976610411166189,0.8971328954719381
ALRF-2025-012,2025,2025-05-21 02:00:00+00:00,2025-05-21 03:00:00+00:00,2025-05-20 14:00:00+00:00,2025-05-21 15:00:00+00:00,47.78647232055664,1.1676243688547339,060300010605,2025-05-21 02:00:00+00:00,3,56.461769104003906,1.0458724695056527,060300010701,2025-05-21 04:00:00+00:00,4,59.64588928222656,0.8554144981659516,060300010605,2025-05-21 05:00:00+00:00,0,59.64588928222656,0.5895705384870464,060300010605,2025-05-21 05:00:00+00:00,0,75.17989349365234,0.5815470676647511,060300020202,2025-05-21 07:00:00+00:00,0,1.1676243688547339,2025-05-21 02:00:00+00:00,1,5,4,2,520,AL-RF-20250521-0520,2.0,0.5470283184499886,5,2–5-year,Convective,Organized or localized severe convection,,Medium,144 convective/heavy-rain NOAA Storm Events records; Rx3h/Rx24h=0.95.,,,145,Flash Flood; Flood; Hail; Lightning; Thunderstorm Wind; Tornado,7,144,0,0.8011695842851014,0.9466162678343791,1.0,0.7933755491055948
ALRF-2025-013,2025,2025-05-26 03:00:00+00:00,2025-05-26 10:00:00+00:00,2025-05-25 15:00:00+00:00,2025-05-26 22:00:00+00:00,51.93882751464844,1.2095261546851472,031501070204,2025-05-26 06:00:00+00:00,5,90.4478530883789,1.361522685731973,031602010801,2025-05-26 05:00:00+00:00,11,103.20791625976562,1.292474803242668,031602010801,2025-05-26 08:00:00+00:00,14,124.08953857421875,1.111453890914747,031602010801,2025-05-26 22:00:00+00:00,1,162.42190551757812,1.1433246473121015,031602010801,2025-05-26 22:00:00+00:00,1,1.361522685731973,2025-05-26 05:00:00+00:00,3,18,10,4,521,AL-RF-20250526-0521,10.0,0.686808189615731,18,10–25-year,Convective,Organized or localized severe convection,,Medium,74 convective/heavy-rain NOAA Storm Events records; Rx3h/Rx24h=0.73.,,,74,Flash Flood; Hail; Thunderstorm Wind; Tornado,2,74,0,0.41855927672406884,0.7288918479963681,0.831721331593447,0.7639950915413263
ALRF-2025-014,2025,2025-05-27 02:00:00+00:00,2025-05-29 02:00:00+00:00,2025-05-26 14:00:00+00:00,2025-05-29 14:00:00+00:00,54.308773040771484,1.1565721872792063,031300031309,2025-05-27 02:00:00+00:00,7,92.22664642333984,1.438813477648386,031300031305,2025-05-27 03:00:00+00:00,5,93.09745788574219,1.208098265270694,031300031305,2025-05-27 04:00:00+00:00,5,127.35568237304688,1.1407083169945358,031602010801,2025-05-27 00:00:00+00:00,2,197.29945373535156,1.3888356231138292,031602010801,2025-05-27 18:00:00+00:00,11,1.438813477648386,2025-05-27 03:00:00+00:00,3,20,7,8,522,AL-RF-20250527-0522,10.0,0.6745913649674892,20,10–25-year,Convective,Organized or localized severe convection,,Medium,83 convective/heavy-rain NOAA Storm Events records; Rx3h/Rx24h=0.72.,,,83,Flash Flood; Hail; Thunderstorm Wind; Tornado,4,83,0,0.4264338428315407,0.7241659320170105,0.7310035653771898,0.6454943486253943
ALRF-2025-015,2025,2025-05-29 19:00:00+00:00,2025-05-30 00:00:00+00:00,2025-05-29 07:00:00+00:00,2025-05-30 12:00:00+00:00,42.0453987121582,0.9540230805481787,031502010106,2025-05-29 15:00:00+00:00,0,68.14659881591797,1.1148861481230088,031502010106,2025-05-29 16:00:00+00:00,2,73.25434875488281,0.9864653969751663,031502010106,2025-05-29 19:00:00+00:00,0,77.11433410644531,0.7194611940475428,031502010106,2025-05-29 23:00:00+00:00,0,170.2259521484375,1.2234483751668443,031300031305,2025-05-29 20:00:00+00:00,6,1.2234483751668443,2025-05-29 20:00:00+00:00,72,8,2,6,523,AL-RF-20250529-0523,2.0,0.5363540356184887,8,2–5-year,Convective,Organized or localized severe convection,,Medium,14 convective/heavy-rain NOAA Storm Events records; Rx3h/Rx24h=0.88.,,,14,Flash Flood; Hail; Thunderstorm Wind; Tornado,2,14,0,0.5452345429595559,0.8837085816218205,0.9499446452298435,0.45301161857624034
ALRF-2025-016,2025,2025-06-08 12:00:00+00:00,2025-06-12 06:00:00+00:00,2025-06-08 00:00:00+00:00,2025-06-12 18:00:00+00:00,56.518943786621094,1.252131752466756,031601060701,2025-06-08 15:00:00+00:00,4,104.63780212402344,1.6479890366157595,031601060701,2025-06-08 15:00:00+00:00,37,138.74142456054688,1.8015051650004574,031601081101,2025-06-08 15:00:00+00:00,53,195.0296630859375,1.4758842968981216,031403040602,2025-06-09 23:00:00+00:00,44,261.3540344238281,1.4849968485950797,031401040404,2025-06-11 22:00:00+00:00,47,1.8015051650004574,2025-06-08 15:00:00+00:00,6,72,11,38,524,AL-RF-20250608-0524,25.0,0.8661198830019616,72,25–50-year,Convective candidate,Thunderstorm-associated rainfall,,Low,205 convective/heavy-rain NOAA Storm Events records; rainfall duration signature was not decisive.,,,205,Hail; Thunderstorm Wind,0,205,0,0.289796653967026,0.5365224985181666,0.7113862699922325,0.7462278648802687
ALRF-2025-017,2025,2025-06-15 02:00:00+00:00,2025-06-15 02:00:00+00:00,2025-06-14 14:00:00+00:00,2025-06-15 14:00:00+00:00,36.8486328125,0.8641766373555784,031601030302,2025-06-15 00:00:00+00:00,0,86.73539733886719,1.442993936023314,031601050204,2025-06-15 02:00:00+00:00,4,89.99797058105469,1.2324241476094044,031601050204,2025-06-15 02:00:00+00:00,2,95.13827514648438,0.9091583802953644,031601050204,2025-06-15 04:00:00+00:00,0,112.7488784790039,0.8329192179649905,031601050204,2025-06-15 04:00:00+00:00,0,1.442993936023314,2025-06-15 02:00:00+00:00,3,4,1,4,525,AL-RF-20250615-0525,10.0,0.6844769022263161,4,10–25-year,Convective,Organized or localized severe convection,,Medium,18 convective/heavy-rain NOAA Storm Events records; Rx3h/Rx24h=0.91.,,,18,Flash Flood; Lightning; Thunderstorm Wind,1,18,0,0.3873165953005157,0.9116772109366154,0.9459701728088389,0.8438068425150768
ALRF-2025-018,2025,2025-08-03 03:00:00+00:00,2025-08-05 23:00:00+00:00,2025-08-02 15:00:00+00:00,2025-08-06 11:00:00+00:00,70.38651275634766,1.7866760954260392,031501050301,2025-08-03 03:00:00+00:00,10,113.3240737915039,2.0423441816785997,031501050907,2025-08-03 05:00:00+00:00,26,121.78892517089844,1.8376012238583213,031501050301,2025-08-03 04:00:00+00:00,23,165.26068115234375,1.4592550661484875,031300040501,2025-08-04 13:00:00+00:00,22,201.17576599121094,1.4198181889276236,031300040501,2025-08-05 22:00:00+00:00,19,2.0423441816785997,2025-08-03 05:00:00+00:00,3,35,5,14,526,AL-RF-20250803-0526,50.0,0.9013176858831299,35,50–100-year,Convective,Organized or localized severe convection,,Medium,5 convective/heavy-rain NOAA Storm Events records; Rx3h/Rx24h=0.69.,Dexter,871.7761298382133,6,Flash Flood; Flood,6,5,0,0.4259120334343934,0.6857291946354581,0.7369504005531035,0.8214740992191064
ALRF-2025-019,2025,2025-08-06 18:00:00+00:00,2025-08-06 18:00:00+00:00,2025-08-06 06:00:00+00:00,2025-08-07 06:00:00+00:00,25.406789779663086,0.513701050920557,031300040504,2025-08-06 18:00:00+00:00,0,29.587631225585938,0.4325237657751982,031300040504,2025-08-06 19:00:00+00:00,0,36.17686080932617,0.49568188104772226,031300030602,2025-08-06 06:00:00+00:00,0,53.85228729248047,0.5188204258361224,031300030602,2025-08-06 06:00:00+00:00,0,189.11239624023438,1.3346797444047176,031300040501,2025-08-06 18:00:00+00:00,4,1.3346797444047176,2025-08-06 18:00:00+00:00,72,4,1,4,527,AL-RF-20250806-0527,5.0,0.556634146351606,4,5–10-year,Unclassified,Insufficient external evidence,,Low,No nearby HURDAT2 track and no matching Alabama NOAA Storm Events record within the configured time buffer.,Dexter,1731.1504967516394,0,,0,0,0,0.4717866418871813,0.549421996969056,0.6717794661690747,0.2847633913118552
ALRF-2025-020,2025,2025-08-13 15:00:00+00:00,2025-08-13 17:00:00+00:00,2025-08-13 03:00:00+00:00,2025-08-14 05:00:00+00:00,45.70596694946289,1.0973755634254307,060300020107,2025-08-13 15:00:00+00:00,2,65.30471801757812,1.2269954078364593,060300010302,2025-08-13 13:00:00+00:00,3,91.61105346679688,1.4129379524114634,060300010302,2025-08-13 15:00:00+00:00,8,98.65718078613281,1.018087577022923,060300010302,2025-08-13 20:00:00+00:00,1,183.8785400390625,0.9758462573111568,031602050205,2025-08-13 16:00:00+00:00,0,1.4129379524114634,2025-08-13 15:00:00+00:00,6,11,4,5,528,AL-RF-20250813-0528,10.0,0.6641015703434374,11,10–25-year,Convective,Organized or localized severe convection,,Medium,3 convective/heavy-rain NOAA Storm Events records; Rx3h/Rx24h=0.66.,Erin,3552.5957738305665,4,Flash Flood; Rip Current; Thunderstorm Wind,2,3,0,0.4632806916360546,0.6619357810268719,0.9285796810410547,0.5365345013353621
ALRF-2025-021,2025,2025-10-05 19:00:00+00:00,2025-10-06 00:00:00+00:00,2025-10-05 07:00:00+00:00,2025-10-06 12:00:00+00:00,87.22972869873047,1.415803963227273,031401070203,2025-10-05 19:00:00+00:00,3,140.6483917236328,1.5691229593368674,031401070203,2025-10-05 21:00:00+00:00,3,155.80970764160156,1.4228891400992218,031401070203,2025-10-05 22:00:00+00:00,3,167.47976684570312,1.1141508357292014,031401070203,2025-10-06 12:00:00+00:00,2,169.1766357421875,0.9034496519834315,031401070203,2025-10-06 12:00:00+00:00,0,1.5691229593368674,2025-10-05 21:00:00+00:00,3,3,1,3,529,AL-RF-20251005-0529,10.0,0.7412444379291454,3,10–25-year,Unclassified,Insufficient external evidence,,Low,No nearby HURDAT2 track and no matching Alabama NOAA Storm Events record within the configured time buffer.,Imelda,3609.2664661978692,10,Drought,0,0,0,0.520837414223857,0.8397933336819743,0.9303195877096424,0.9899698389849159
ALRF-2025-022,2025,2025-10-06 15:00:00+00:00,2025-10-06 17:00:00+00:00,2025-10-06 03:00:00+00:00,2025-10-07 05:00:00+00:00,19.25458526611328,0.3132057848462013,031401070104,2025-10-06 14:00:00+00:00,0,52.333805084228516,0.5847480674016006,031401070104,2025-10-06 16:00:00+00:00,0,68.74147033691406,0.6292136117725384,031401070104,2025-10-06 16:00:00+00:00,0,178.50025939941406,1.187464115417347,031401070203,2025-10-06 17:00:00+00:00,3,195.67030334472656,1.0449331060683966,031401070203,2025-10-07 05:00:00+00:00,1,1.187464115417347,2025-10-06 17:00:00+00:00,24,3,1,3,530,AL-RF-20251006-0530,2.0,0.42839251687800906,3,2–5-year,Unclassified,Insufficient external evidence,,Low,No nearby HURDAT2 track and no matching Alabama NOAA Storm Events record within the configured time buffer.,Imelda,3922.8209220555154,10,Drought,0,0,0,0.10786866826355147,0.2931861570415191,0.3851057167547159,0.912250128651036
ALRF-2025-023,2025,2025-11-25 15:00:00+00:00,2025-11-25 16:00:00+00:00,2025-11-25 03:00:00+00:00,2025-11-26 04:00:00+00:00,41.93046951293945,0.9666855841372943,031502020201,2025-11-25 12:00:00+00:00,0,55.00003433227539,0.9254510828014183,031601030601,2025-11-25 10:00:00+00:00,0,86.98490905761719,1.1907461467947966,031601130205,2025-11-25 16:00:00+00:00,11,98.44603729248047,0.9392588507022814,031601130602,2025-11-25 22:00:00+00:00,0,98.44603729248047,0.7505391277059336,031601130602,2025-11-25 22:00:00+00:00,0,1.1907461467947966,2025-11-25 16:00:00+00:00,6,11,1,11,531,AL-RF-20251125-0531,2.0,0.556483056528508,11,2–5-year,Convective,Organized or localized severe convection,,Medium,29 convective/heavy-rain NOAA Storm Events records; Rx3h/Rx24h=0.56.,,,53,Drought; Hail; Thunderstorm Wind; Tornado,0,29,0,0.4259233857058683,0.5586820540970258,0.8835795878628148,1.0
