relative_path,size_mb,sha256
01_raw_api\legacy_peak_sites.rdb,0.23078060150146484,ff2b44c360e893c62eac35f73e084805bd8317c3b050fad3f100c8c8614546b9
01_raw_api\legacy_site_peaks\02330050.rdb,0.004489898681640625,26dbd61343a5528ec4e3f21968537fd77dc9ca174a374c66f3f0ad035d25a989
01_raw_api\legacy_site_peaks\02330100.rdb,0.006644248962402344,4eb8908a367e75d0d2e24e110206cb01af565cb4501db94b5017766ec4f61067
01_raw_api\legacy_site_peaks\02330119.rdb,0.0036935806274414062,ce4cb6924896544af37c076a47de9d8914daa33a228e49777810eba9294c59b8
01_raw_api\legacy_site_peaks\02330200.rdb,0.004414558410644531,6fbcdfd5ea21cfec7e2e8f946230d0943c708bd1cd3dc41a2c73dc9ce38abe0c
01_raw_api\legacy_site_peaks\02330300.rdb,0.0042266845703125,76ecec20635a1e94eda4615bb2d3a3cda305c66dc8b44d4e66b76701f9db4dcd
01_raw_api\legacy_site_peaks\02330400.rdb,0.005709648132324219,b6201350ae330ac2d064fcaf2fe54f36bb0a6b4ef2d71ad312167a20cf0c1335
01_raw_api\legacy_site_peaks\02336840.rdb,0.004408836364746094,a36be42a259d212eba39787552f389dc987f791be8bd536fa7119d9b17ec5b96
01_raw_api\legacy_site_peaks\02336850.rdb,0.0035562515258789062,94f1938019a0cc99857d5483f94d261a52cc600689c476eecc8a04ecba50af73
01_raw_api\legacy_site_peaks\02336863.rdb,0.0035572052001953125,ef586956c975b98722a5e3c7a601ab3494ae5d4d130c9e7c5ffe89a9fba14790
01_raw_api\legacy_site_peaks\02337260.rdb,0.0036439895629882812,0bcdfdb9243313d79ddb7c1f54caba082b374ebd5e473ec580ff90b36b2cb361
01_raw_api\legacy_site_peaks\02337320.rdb,0.0035791397094726562,f95548f6b2443cd97af5cb37dae4aca6459300e715e3887b2d675f267e52664d
01_raw_api\legacy_site_peaks\02337400.rdb,0.004750251770019531,376316e978645c480437fd477a14125bb5d9fc86940e6c7eba6c49435883600c
01_raw_api\legacy_site_peaks\02337410.rdb,0.004340171813964844,8a4ce0c4aed32c30b4160a7891d76729f269087cb17c1f7859e056f1fef59a17
01_raw_api\legacy_site_peaks\02337445.rdb,0.0039014816284179688,0dcdf66a9b769215a4a9dc137595b254c835e2cb240a760713f26346834c050d
01_raw_api\legacy_site_peaks\02337448.rdb,0.0053081512451171875,7006d09785a0968b3d2baef26119367565d05946f4078ef51b21ed5936497e58
01_raw_api\legacy_site_peaks\02337457.rdb,0.0037984848022460938,29931cf3e0300f929f9b3aa73cca06dee31809d84f51f4f6fa336cc3b54087c0
01_raw_api\legacy_site_peaks\02337498.rdb,0.0042896270751953125,50e1bf85dd9a0e515758750bb5b1c50d314ed89c1db93cb519a916b737445b02
01_raw_api\legacy_site_peaks\02337500.rdb,0.006671905517578125,fa4ea9792204badbf8e3ced4f91a846d0a9f04f15ade073f61231f2b53416f25
01_raw_api\legacy_site_peaks\02338000.rdb,0.0073223114013671875,b13a4bec24e7ce87131d5eaa6480ac0609c3b9052792a3d0667ac756673ab35e
01_raw_api\legacy_site_peaks\02338280.rdb,0.0035877227783203125,b6b46206e935c551d3a1c13cd1211e657c7d20a267a3ab479dea9264f1ae985e
01_raw_api\legacy_site_peaks\02338400.rdb,0.0035457611083984375,2f749cf4834a329e6e5bf143d2043f6fe4e33c9611c4aea18db1e1847fed3030
01_raw_api\legacy_site_peaks\02338500.rdb,0.005074501037597656,0d8bed0d464a88802df4c0bc03ffc3985d5c42ddb0d7aba92f24a088b6ee2e63
01_raw_api\legacy_site_peaks\02338523.rdb,0.0046176910400390625,9459b15b69ed80a77655e7cf75f2f58e2348d2876d41de76c299652f6d13264a
01_raw_api\legacy_site_peaks\02338660.rdb,0.005682945251464844,b62028b1075061d678e348c630b9aae0beb3df6c48060865bd4ba2009e400ec1
01_raw_api\legacy_site_peaks\02338710.rdb,0.0035982131958007812,5d751c17502d56d6004c427bb66969caf81a654b6506eedcd52580c8f1b28a00
01_raw_api\legacy_site_peaks\02338775.rdb,0.00395965576171875,809a158e70715ccc29e81ea3fab107a7a4480a0503aaa4c00c863890256eff63
01_raw_api\legacy_site_peaks\02338840.rdb,0.004809379577636719,6698d60d69019f3928140e5f34e1758a256e77be6114cf00b385a405d05e3b6f
01_raw_api\legacy_site_peaks\02338930.rdb,0.0036144256591796875,d25f888643d3ef71cb7ddb0556c2c0c4cbfd671753cc57a7136ec00af858f1c4
01_raw_api\legacy_site_peaks\02338980.rdb,0.0036134719848632812,0e20b24c7adddcd0a1510f362c92da8037d214ae502556671f4f931b929b242c
01_raw_api\legacy_site_peaks\02339000.rdb,0.004421234130859375,f803f58ba4ce9e58d070473db73c053cdd37616b0a05bd0b7416c3d848fc6c65
01_raw_api\legacy_site_peaks\02339060.rdb,0.0036458969116210938,328ce218fb0de00e2763bf1b223dce381f54fea875c2ad77abf1677525cc27a9
01_raw_api\legacy_site_peaks\02339200.rdb,0.0036449432373046875,92690ace4d87546a3ae889acd6b7dc1eb38f409499c85c3a8e1487934653481a
01_raw_api\legacy_site_peaks\02339225.rdb,0.004016876220703125,ba8f2d81e249a5c69fa40cac5eabd34d193b29f50b256bd0695f4e75a0c62ad8
01_raw_api\legacy_site_peaks\02339495.rdb,0.0043487548828125,eb76b75e439e86ae35a1b5a566c4d7a5e25e79970f8592d9f05e8ed7698f1dbe
01_raw_api\legacy_site_peaks\02339500.rdb,0.009550094604492188,f2ea4f2107d940b25707925ef9f222f5be4d84b4a05a37ea8ec74a6682ef87f7
01_raw_api\legacy_site_peaks\02339555.rdb,0.0036439895629882812,d4ebe97911c63fe587969054de4a8f1dde0e4251e56a693fb55b75492dc6025a
01_raw_api\legacy_site_peaks\02339780.rdb,0.003970146179199219,67f8fdfc986cff1ef1e72de20242189543ab95ced1d977ff17cf4a1a9e9ea921
01_raw_api\legacy_site_peaks\02340215.rdb,0.0035448074340820312,90036247216c4cc3070e95234f871e35c7f40800857946a7b5cfee339f4ce678
01_raw_api\legacy_site_peaks\02340250.rdb,0.005766868591308594,d9885ddd5f5535bde3b8217f92da5953aa54a3818de8a779807cba032eef19aa
01_raw_api\legacy_site_peaks\02340260.rdb,0.003795623779296875,d0888318c26044604af4391dbaa998c3c2a9b2bbf0d5bb4f1bb03f11df8d9c97
01_raw_api\legacy_site_peaks\02340500.rdb,0.0048389434814453125,5ccf309be82682a724fe4ebd467b73f90582ab7aaf330615ceb72940ba36ad18
01_raw_api\legacy_site_peaks\02340750.rdb,0.004436492919921875,764963fdfc27cf59d3bb6c1848a1023dd2cdc91356bd9ee36ab36a913145af29
01_raw_api\legacy_site_peaks\02341220.rdb,0.0050182342529296875,c3dfee4ded2a303ad658bf56943b66f52f5ebee99f3148caf39f07d9fcc4c5eb
01_raw_api\legacy_site_peaks\02341460.rdb,0.004100799560546875,2384461a92153ef9a8fc1c0180afb8e1fe95d5ba653e7f0f123f8f20294efa38
01_raw_api\legacy_site_peaks\02341500.rdb,0.007572174072265625,79d2548e20b1db49e3e9e723d7a310b0c7d8459db69dbb5b9117213f3d92d19d
01_raw_api\legacy_site_peaks\02341505.rdb,0.0041656494140625,60bdc17754ee801ccc89709d86254996bbdb4342a3ce7efcdcbc20730df7fe6a
01_raw_api\legacy_site_peaks\02341542.rdb,0.0038938522338867188,772d3b1387a2cf236bee28c72896a18abe9f538d58fb8faad59c39b4f518ffb5
01_raw_api\legacy_site_peaks\02341544.rdb,0.0043621063232421875,b046d630072337286197e186ef779d758fd7f8a47ffb6f4b0cabc405a6d48910
01_raw_api\legacy_site_peaks\02341546.rdb,0.00433349609375,a4284ddccb49c25296959f0fc53178584f67963b09c929fb58a15644c9d457d4
01_raw_api\legacy_site_peaks\02341548.rdb,0.0043201446533203125,a312b3b31314841c6ad6c3843f1ce5cd9cf9bedf02ddd04675274c43f78a8989
01_raw_api\legacy_site_peaks\02341561.rdb,0.0037212371826171875,4bad0f0e10fbf1b254ffbcca6f2e60e2a3c2c8ef1993ceb43c5e81c3459900eb
01_raw_api\legacy_site_peaks\02341562.rdb,0.0037250518798828125,c2d699bd0970bd6656095548a779ba1d511f58fb2c0f5a90e948be0289da1b11
01_raw_api\legacy_site_peaks\02341563.rdb,0.0036907196044921875,e4e4a58b51e7dd22cb5ebd84e5c32ececb2f78038afd54e306bbf297a3c3ac84
01_raw_api\legacy_site_peaks\02341566.rdb,0.003964424133300781,7df8a167ba70deb625630c669c63cde3a4ffe06368eafd9d62d23f7d58eb0938
01_raw_api\legacy_site_peaks\02341665.rdb,0.0036449432373046875,6ff221ce9a536d0705ea0faf494ee6eb329717b7eca316ad2e90541c38b1bffd
01_raw_api\legacy_site_peaks\02341725.rdb,0.0036783218383789062,9af1eca8c560d3324a213b8c5e506d2de13e7e2af725085d31e75761e9eae6c2
01_raw_api\legacy_site_peaks\02341750.rdb,0.0036497116088867188,dab17113203b6f76610ffb9be225515f6bed70650a5e5476601642cae007d7eb
01_raw_api\legacy_site_peaks\02341800.rdb,0.0061187744140625,935fb61ffc0fd04bc8da9379354665e7e332907fd221568f1488b4acf0e4bc43
01_raw_api\legacy_site_peaks\02341900.rdb,0.0055675506591796875,c9b0e86d43233b9b3cd3cff3169ca29cce0aa6fc8b04a5efe17eb4c00674027e
01_raw_api\legacy_site_peaks\02341910.rdb,0.0035829544067382812,eaa49e072795adb2f7205f43043f2b081d8a95c01b99a6ff20dc9d71ab76eac0
01_raw_api\legacy_site_peaks\02342070.rdb,0.00363922119140625,ff79dfd0c84a7be460acd6a0fa1155d5bd4ce7419644283a2e63cfc08094080c
01_raw_api\legacy_site_peaks\02342150.rdb,0.004352569580078125,7c78b74accffeb47ad1bb0d1f2dcf4f7980e77160e48a79de08d55641c8826c4
01_raw_api\legacy_site_peaks\02342200.rdb,0.0041637420654296875,d83a5785ffd1e8cc5c27a799380af407dddcbe7336a6e0cb8a194dc1a64f6234
01_raw_api\legacy_site_peaks\02342500.rdb,0.007002830505371094,82c1e56b74eafd82b78f84fd85f890fea3fdceb888b34b3cb008bf9fdaf2d89a
01_raw_api\legacy_site_peaks\02342850.rdb,0.004315376281738281,71337c2c72515b7a3cfaa1d85910b34b96e496c8a75d4415aab446497945eeeb
01_raw_api\legacy_site_peaks\02342881.rdb,0.004431724548339844,e26a9cf5d2c4da3b449738f976bd122b04cfe8f09aa622eab5348a8e618da0b7
01_raw_api\legacy_site_peaks\02342933.rdb,0.005610466003417969,ff86440939364b05b293a4da52cf1b1bb9edd5a6e478318b65ce0d154c342d28
01_raw_api\legacy_site_peaks\02342937.rdb,0.0035915374755859375,dc729ac9ee00b0246e2b2b2dd87858d14c5de8a783d657c3d215caeaeadf1bd7
01_raw_api\legacy_site_peaks\02342960.rdb,0.006241798400878906,0b47409ab1d9f0e578ad985bde5d46e33b99686c18537457892dba325a3e46bb
01_raw_api\legacy_site_peaks\02342997.rdb,0.0035886764526367188,17ae315dd6c361c71c23d35ebfc5e71c1c2c2520cc9ed7d13f4ac803e36e7496
01_raw_api\legacy_site_peaks\02343000.rdb,0.0037050247192382812,f9ec16505876999d1f72e5c8d780b311951ad6830135948e72e4fa7b17fb37a8
01_raw_api\legacy_site_peaks\02343200.rdb,0.0048580169677734375,879ccb25a1c3e8dad79b8fdde9e386dc9bcad91aa426b83f1170349b25bb6866
01_raw_api\legacy_site_peaks\02343219.rdb,0.0049495697021484375,b3fa2e50a749f6230377b90aa00db79d670ad74c19121b8ee1442156d13c5f8f
01_raw_api\legacy_site_peaks\02343225.rdb,0.0055446624755859375,dd0fa9cc377812aa4ee3a495f94e3f83fae3bb54115f829321edccb2d670bd72
01_raw_api\legacy_site_peaks\023432415.rdb,0.004321098327636719,37de11eba9e699bdf69a8a8b84b9d4db36814142898e32e5a6a96147b07e88e3
01_raw_api\legacy_site_peaks\02343244.rdb,0.005188941955566406,015b2094f5ac7f46275afe7606dc4a329b86511ed7491fb820df8dbe8cce0a9a
01_raw_api\legacy_site_peaks\02343260.rdb,0.0039052963256835938,287452f8c3bb4618a21b45b8248f65b61f51e7b0ac476d29dc1e7427ea0a0a0c
01_raw_api\legacy_site_peaks\02343267.rdb,0.005589485168457031,5bb13f9fb44a2a377c28a19d1c811169be3b471dec92b7a2b66fdc785400ff8d
01_raw_api\legacy_site_peaks\02343275.rdb,0.0046100616455078125,ff047c98f7f0ae438ed19f42c8fc690764448c265f5ec10e0e3921706aa177d7
01_raw_api\legacy_site_peaks\02343300.rdb,0.00510406494140625,9592e807fc059210f0b8f3b95345334ddc6855e4d48b5db9dccd401fb096bd31
01_raw_api\legacy_site_peaks\02343500.rdb,0.00498199462890625,3ee496c3ad44bf3735bbe53043a2f47f95c765ce29879226874659537a4daf4d
01_raw_api\legacy_site_peaks\02343700.rdb,0.00412750244140625,3f4ff59407c8b8136edc3eca0de0423b961c40ceed374cc4a49a46c2f3ac1c1d
01_raw_api\legacy_site_peaks\02343805.rdb,0.003940582275390625,9cf8eaf7e10dd358b3351234153c51807b367e8a631bbadfe3c1f32f479edf73
01_raw_api\legacy_site_peaks\02343940.rdb,0.004656791687011719,101a0f88de0faa097b1587f9af7571b3d75dcc84f040c0bf0ebceb7bd34ecc14
01_raw_api\legacy_site_peaks\02344000.rdb,0.0073451995849609375,38ac365d1dc5e0dc9bdc12d2e8c2d8fd621d4e513a381bff91ed2fc1a3880026
01_raw_api\legacy_site_peaks\02344040.rdb,0.0035429000854492188,810984dc9f542d53f41692df24fd131d9e00b94bd22d2cf4c98849eebc1a1477
01_raw_api\legacy_site_peaks\02356100.rdb,0.00460052490234375,4ad1c3a7ea158c7b5fe25504d1d3e53119a19804ca1ec136db9f83f95639541f
01_raw_api\legacy_site_peaks\02356510.rdb,0.004010200500488281,d221c8190d0f7ef6348f65c85f910f5cde4e4c8da7add6cdf433158b854e775c
01_raw_api\legacy_site_peaks\02356638.rdb,0.004069328308105469,31100cd5cea8992c1a765e451805c4fd3fde39ad4285a6efc0c0bcc22ffbdeb3
01_raw_api\legacy_site_peaks\02356640.rdb,0.0052051544189453125,3ca40a97866220d0eb3705db085e41d2e10383f34ee4463f65814c2a635b5c2d
01_raw_api\legacy_site_peaks\02356980.rdb,0.0036172866821289062,1a0093b453b5f05543be69a367786ddd1c3fbecc921a19f3d61806fc950c9da5
01_raw_api\legacy_site_peaks\02357000.rdb,0.007309913635253906,1fa92573ac4e9a2acc518a8b8b2280913ad25402c732018314bf6d21ee87b641
01_raw_api\legacy_site_peaks\02357050.rdb,0.003673553466796875,d9ccff3690f2544f738e63a5f60230a119150b0daef64e302836cb968cf7e466
01_raw_api\legacy_site_peaks\02358000.rdb,0.008460044860839844,64977172f33ab7e91d12fcb50fcf08ecc8f510c11b77326f45112e94dfc779d2
01_raw_api\legacy_site_peaks\02358600.rdb,0.004406929016113281,3be6f6ed0114c67ef203de1f3d2fbafa9220d993d4d7f66c43d02f23822b0975
01_raw_api\legacy_site_peaks\02358685.rdb,0.0035772323608398438,2ab205665662f8f68bbce0457145b43c4a8dafea602ecdfd46b45279d96b58d4
01_raw_api\legacy_site_peaks\02358700.rdb,0.0067195892333984375,f29e92515377bd089fbae75435c6e6555a447842c26808c192f23942c399ad3b
01_raw_api\legacy_site_peaks\02358754.rdb,0.004817962646484375,cd8e4da387350f48d104f6f61af5b4803c5ba828abb6ae1a816a9fedafead6a1
01_raw_api\legacy_site_peaks\02358784.rdb,0.0036945343017578125,1ae299bcf0790d4b7325cce9488dc17b662fe698229e84c70dc202d9936bcc53
01_raw_api\legacy_site_peaks\02358785.rdb,0.003977775573730469,2864e74c32bda38a7d71c1d6fab05a123f44dafa23a404419b91dee17f7c07c5
01_raw_api\legacy_site_peaks\02358789.rdb,0.004694938659667969,0ef784c72f2f3a9347b07dc17c377bdaa9165ab791c09e0b8326b920c478bf75
01_raw_api\legacy_site_peaks\02358800.rdb,0.004042625427246094,b8242dbff3961e516e5ac4e1eb4d352f374f294a4d15761c29a74df3b841be74
01_raw_api\legacy_site_peaks\02358946.rdb,0.003989219665527344,7bb1faab7d471340a10474ccf0afcec31a5c4ffbf20410bca1fb4c1084a44459
01_raw_api\legacy_site_peaks\02358998.rdb,0.0042438507080078125,9a685b4be1db8968ca1fdc0df6b05347594549a969f5fa532969f351f8682c2f
01_raw_api\legacy_site_peaks\02359000.rdb,0.007500648498535156,ec9221dbf86be5ba757f411b2a8f66c14384f2fd7a09d327ff4d3f5d8bb1100b
01_raw_api\legacy_site_peaks\02359035.rdb,0.003826141357421875,4f7d696e2539ca4707ec9818f03cf412545c3c447ac16b2350e2264befe86497
01_raw_api\legacy_site_peaks\02359051.rdb,0.004075050354003906,4231fedb8bd73f46317e6f7ad2c12495057892945f43c2924ed8cf1fadc5acdd
01_raw_api\legacy_site_peaks\02359300.rdb,0.0044612884521484375,bcd4faaa5a54b5d4a85fa38cb2f139e78cbdac37c2c28a32042a7c1a7644a640
01_raw_api\legacy_site_peaks\02359315.rdb,0.004185676574707031,cf6385e1ad9f8e257b7e3cf32982ee6b62ba677be4c75a99e383e2b3c918853c
01_raw_api\legacy_site_peaks\02359350.rdb,0.0042629241943359375,f4153597b164effda5ae8216ef395a079346cb4700f1f6856a9695902aed96f7
01_raw_api\legacy_site_peaks\02359450.rdb,0.004227638244628906,5a2be6ea34a84a468629233ac43711083e0825f3178cea252c8527061f4f0d29
01_raw_api\legacy_site_peaks\02359500.rdb,0.007302284240722656,931e261fdd8e25898269719a7136ed10267e67a57b605394611ceba993191d69
01_raw_api\legacy_site_peaks\02359550.rdb,0.0045375823974609375,11b836d2831372cbf31305e25983d5a657c7b215bb877193a109f58558242bd8
01_raw_api\legacy_site_peaks\02360000.rdb,0.004791259765625,e538fa310757eae61d8d29d9ccac25bb3d801cde5b177149e13e55966ef43cc9
01_raw_api\legacy_site_peaks\02360275.rdb,0.004755973815917969,6c56a80bb5203b45402dce391b86b4ea1504e6d8c3404386467b9f62c756f130
01_raw_api\legacy_site_peaks\02360500.rdb,0.004299163818359375,a83a7a4c4d419751caa7ae29721de7335770aa4840c7210dae4ae7a02a66293c
01_raw_api\legacy_site_peaks\02361000.rdb,0.007870674133300781,0f5774cb7f674dcecb2f15208349872532b495ea63b24cea222bfd3ab9a3ed5f
01_raw_api\legacy_site_peaks\02361500.rdb,0.00469207763671875,ce88bf81a0a569ea03fc339e31f88fff4c9f61ff2a051df6f5866eb9740db689
01_raw_api\legacy_site_peaks\02362000.rdb,0.005391120910644531,9ed80adbcedc0a5278724d458fc8f77f8240814aea22a2cb6cc6f5b59a57f9e7
01_raw_api\legacy_site_peaks\02362240.rdb,0.0050201416015625,5bc4de4d90ab123bbd0c4e1dfaa5409ce0155372173cd2a23dbec3106f61f8ec
01_raw_api\legacy_site_peaks\02362610.rdb,0.004012107849121094,cbacfeb2e107422edef7fd0b0989f9aa77cf51b06afb1adce96070b50580bc06
01_raw_api\legacy_site_peaks\02362640.rdb,0.0035228729248046875,94e5f5379deacd3f354fb2c7d0a0ffd1121a8e2e9b2163890cedfceb5d0f4228
01_raw_api\legacy_site_peaks\02362745.rdb,0.00370025634765625,3a458423d3c4877e7f505eda298bcebbff2ce93addca9669c7382bd6dec42c10
01_raw_api\legacy_site_peaks\02362780.rdb,0.0035266876220703125,80a7493c88b716ce693cc57aa82e1cbdb7a9083ce95d0cd98ae08ed02f7969ec
01_raw_api\legacy_site_peaks\02363000.rdb,0.0074024200439453125,9b7d512307e7b01db73763a206fb92f97bb6ddc91ac2aad589391e3e3a58d9a7
01_raw_api\legacy_site_peaks\02363005.rdb,0.004040718078613281,650f5a5e4baf7a1dd741248f40694980ecc1784f4370ec0802c41933d598676f
01_raw_api\legacy_site_peaks\02363055.rdb,0.003911018371582031,53e1460dc7bbe193ed9078d8b8479ac966e6aa72359c8e632f559ee5977d0ede
01_raw_api\legacy_site_peaks\02363225.rdb,0.00395965576171875,be22e511e4a8224125e79622d961dbf363f8ca513d68525422a2f8aec5018d3f
01_raw_api\legacy_site_peaks\02363280.rdb,0.0035305023193359375,3f7e8d466683b62eb15d21ed23bf907d5224a7dcc99ba6e94ddc3ba610079b98
01_raw_api\legacy_site_peaks\02363330.rdb,0.0035257339477539062,6bc1b8b7405bd24ad778d62108cdc1e4d4a2c2be601fb780adfec6eebfd5ad3b
01_raw_api\legacy_site_peaks\02364000.rdb,0.007115364074707031,e01bf6b4f7d4d145a515febeaeee0f9c714b429410d221dc4c536ac8cb1b83f1
01_raw_api\legacy_site_peaks\02364050.rdb,0.0035467147827148438,37b48ec34e056f7021b02ff2556058cc0de061efe3744e9df3b85ee118b4ebad
01_raw_api\legacy_site_peaks\02364500.rdb,0.006699562072753906,79173f0cebfaa6d637932e19ee35544a8c657ca1c7c81af3270f3c3ec06ba5a4
01_raw_api\legacy_site_peaks\02364570.rdb,0.0044269561767578125,08224655f1aefa24b15b340c15fac096bda347f13aad4cb163f1844e70f9365d
01_raw_api\legacy_site_peaks\02364806.rdb,0.003985404968261719,90261fdacedbefee8faa93c372e4902979d9657363b1d71e29782f3002d8068d
01_raw_api\legacy_site_peaks\02365200.rdb,0.0049724578857421875,74029fc2484c1fc43a5c90a23d538db34bb15041ca3a75800fe5956e8e113134
01_raw_api\legacy_site_peaks\02365237.rdb,0.0042934417724609375,334a7130f09b1971ce12df596a8796b181ee379b9b7f7b97b6d4fee44bf1d191
01_raw_api\legacy_site_peaks\02365310.rdb,0.003917694091796875,5bcbc0cf6e14612d25b1674a1aa497ff82879ac06924cfc6daba349324707244
01_raw_api\legacy_site_peaks\02365408.rdb,0.003993034362792969,096cc6099137a6f2bb388155eefd90eeed07229a4155683f8dab2b7feccba777
01_raw_api\legacy_site_peaks\02365435.rdb,0.00395965576171875,a49334fbcc449177d5caf199c56cecbce6d4bf607f4c25a5e6167f34ff571d21
01_raw_api\legacy_site_peaks\02365470.rdb,0.004879951477050781,711a8d25a958e3846ace8e65dad933c5c8765570f22e8bc3d6a1a39e8f439681
01_raw_api\legacy_site_peaks\02365500.rdb,0.007756233215332031,2ff0426fd43a852d38735b2789f1a5a2adc43089042d01fac8553944b9bbd6a1
01_raw_api\legacy_site_peaks\02365700.rdb,0.0047931671142578125,cae8eb1c5cae25782bb29d336b0ff9aa33898bd51b449cf5bc70808a33c03ce4
01_raw_api\legacy_site_peaks\02365715.rdb,0.00403594970703125,0ae294837ceff07fd04e82739bdbcefc35b3089d2ac36cf042656f0975ed9c88
01_raw_api\legacy_site_peaks\02365769.rdb,0.0047092437744140625,8922df0def9e4aeb887bfddf78e44b3472569b1d78b348516f982c4fe4b79519
01_raw_api\legacy_site_peaks\02366000.rdb,0.0059070587158203125,8875e11bec53a80007d8a3f38a4af1001cd2e108541aaa8f8808f24a42335cdf
01_raw_api\legacy_site_peaks\02366164.rdb,0.0036830902099609375,ef0210d21ec841cd8dc90334acc8939ed657ac22f75fa66b8979759e75c8cd35
01_raw_api\legacy_site_peaks\02366500.rdb,0.007739067077636719,f32bb68e0354f0fbc20a09af9cd6383e6c7d1a4cc617839ab667f8f58bfb4bc4
01_raw_api\legacy_site_peaks\02366650.rdb,0.0036296844482421875,e593244b3b3b5585b8e142705cef560d9d84202b8bc87d9a23de5bcb94912701
01_raw_api\legacy_site_peaks\02366859.rdb,0.004288673400878906,592e6b0d92e012892caaad2486fdbfa0d73fa082ab77820616c03e30269de6e8
01_raw_api\legacy_site_peaks\02366900.rdb,0.004085540771484375,aa67b430f2664fa2b4aaf4a31bee4c9e991155c68fed52c35d9ac15a7dda1d87
01_raw_api\legacy_site_peaks\02366996.rdb,0.004656791687011719,49224a4e77e28a1a654cebc406bfb9d546ea26520f99af3f43d51e59d6f60b26
01_raw_api\legacy_site_peaks\02367000.rdb,0.004634857177734375,6fbea0475b7ca84bcc2b4339a8e7826186eab84717db2547c744cb727257c6aa
01_raw_api\legacy_site_peaks\02367006.rdb,0.0041484832763671875,b20f4c29f71b2fc0196628fad53f7524bebb7cc3e605f877f7cf0e0ad7751c09
01_raw_api\legacy_site_peaks\02367240.rdb,0.0036144256591796875,7025797183443935358b5e99c197a833524e5e52931ef1864ae801f0f45f0873
01_raw_api\legacy_site_peaks\02367242.rdb,0.0040988922119140625,b35a75f0bc8f57c3a7c4465b8b51522ea0da9fdd481e9c5ab1f51839bd48312e
01_raw_api\legacy_site_peaks\02367310.rdb,0.00524139404296875,d6983d21c36e97f04134ce50ac2ad810cb08d6dbcc4c258c0fe62067efd21541
01_raw_api\legacy_site_peaks\02367355.rdb,0.0037145614624023438,43cec3240a5866e6fd8097ce9c15d316ea630be17e18414fcbfe755b90c3cf86
01_raw_api\legacy_site_peaks\02367390.rdb,0.0036573410034179688,5d762680d9ac30f923a19549fb5b39b3e679c5c0c78b3721098dc589d11cfe68
01_raw_api\legacy_site_peaks\02367400.rdb,0.0036106109619140625,3bba1d15aa5eef69d935135cfeb1687311abc61a2ea1150823bb7f3831f391a9
01_raw_api\legacy_site_peaks\02367500.rdb,0.004852294921875,7e3425e47319bc9cefe64be30e58bdf73cff57d420aed3dee154cae45d7fa616
01_raw_api\legacy_site_peaks\02367800.rdb,0.004017829895019531,8d94c3141caccba6b51d5e0385a584d29b7627640380c1789127ca6fb520f572
01_raw_api\legacy_site_peaks\02367900.rdb,0.0046672821044921875,4d8c62932f5f5c1fb3860c772fb71caa0a9555d89bfb6044877628b19b263348
01_raw_api\legacy_site_peaks\02368000.rdb,0.007323265075683594,acab4f0fc385ac42fcd58f476b3ff2fab64dab54290bec2ccf8291d6fd077a4d
01_raw_api\legacy_site_peaks\02368300.rdb,0.004261016845703125,9b91b51ff2426e720bd327282da247289886973cdf836e9dc471d98293d7d697
01_raw_api\legacy_site_peaks\02368326.rdb,0.003971099853515625,5431a3b41b8560551ed6e18572c40c9f047979080403f4552f8b0a11953cad1f
01_raw_api\legacy_site_peaks\02368329.rdb,0.003997802734375,e1490cf86be286453f7b63922868b0ffcac7d4b80b6e0ddc95d78bff97739857
01_raw_api\legacy_site_peaks\02368500.rdb,0.0058441162109375,cfefc32b37b455033d5df42e9379a85e9552e907ec048d25f0046d753d395baa
01_raw_api\legacy_site_peaks\02368900.rdb,0.003780364990234375,4c7c40bbb7a2eb283abbe7f5b7a89c21b6a3f45229e5091cae64be46c9480143
01_raw_api\legacy_site_peaks\02369000.rdb,0.007325172424316406,949e89c8b88df65042a5e154ab60b51876fa24a6afdff910ffc39307b297ffff
01_raw_api\legacy_site_peaks\02369500.rdb,0.0042896270751953125,1fd753ee60445ba6982bcda48e7fd2fde3d100deb358de2c7a4c63b75c95161c
01_raw_api\legacy_site_peaks\02369600.rdb,0.0046024322509765625,d4e6f322c5d0e1ebeff351cb3e9b330e41df499013da9843a85a2a89bc607280
01_raw_api\legacy_site_peaks\02369800.rdb,0.006053924560546875,b7c0e0e141e607288199156d1cbecc9fd1e8c6b2fdda73b25d16cd2f5cfba716
01_raw_api\legacy_site_peaks\02370000.rdb,0.006636619567871094,e9a72cf67664351986478e77c879393a8b9b9d73ddebe11c3c6c748edce94066
01_raw_api\legacy_site_peaks\02370015.rdb,0.0038738250732421875,ff51c6ae898eb4c9ca1f5316f073d3f1b318547320a85889c3d677b35e146111
01_raw_api\legacy_site_peaks\02370018.rdb,0.003627777099609375,2392c1156c23eb80859fc14ee6163da8de1c1a3dde5247ac344ea24c88d97cda
01_raw_api\legacy_site_peaks\02370200.rdb,0.0039196014404296875,c98468c647ed61852323999d37479912472f17947b5bf5689988adf57004659d
01_raw_api\legacy_site_peaks\02370250.rdb,0.0037298202514648438,0ae269360d1950702fca7fdb0150a037dcb8a9f82fcf775415dc223cb030aaee
01_raw_api\legacy_site_peaks\02370370.rdb,0.003991127014160156,799b219bc04a3ac06c7a3613b589ed6dc15c5c6cdd5a58362a3171790e67b7c5
01_raw_api\legacy_site_peaks\02370500.rdb,0.006927490234375,bb6f3fd20eb647c124f552f990597b5c25892f2053aff229c306f53241e497a3
01_raw_api\legacy_site_peaks\02370550.rdb,0.0035686492919921875,62c87924086f1bde81374b174b5e759ddc8574236cf29bd4c37d3ea3dd3c78d8
01_raw_api\legacy_site_peaks\02370700.rdb,0.004633903503417969,00b12df50f36fcdd9550837d709fa8c24c6b9cde3b3eb715e265cd15f01582f7
01_raw_api\legacy_site_peaks\02370750.rdb,0.004475593566894531,88647aec887fa907f877a919d5a3a446d07955ac8bd32d59e15fe00e3943367d
01_raw_api\legacy_site_peaks\02371000.rdb,0.004672050476074219,1f097dac200f9e17545be831dac9e6c111e5c9ba326c88c004974e72222059ff
01_raw_api\legacy_site_peaks\02371050.rdb,0.003960609436035156,5dbd442b9c8b116b1c48016b4d6d4528857989cc957ff33838b29a6b2466bd44
01_raw_api\legacy_site_peaks\02371200.rdb,0.00470733642578125,6e54dcdbcf9275277092669e5d0ecefea41f070ad8722de87f1695edeb6484f4
01_raw_api\legacy_site_peaks\02371470.rdb,0.003627777099609375,eb44e5e534387aa823d6e22a03316d29635609cb0403bbb24e4f303e2d7bf4b6
01_raw_api\legacy_site_peaks\02371500.rdb,0.007460594177246094,95e9a08bcd2d2290d9491fc1e60d4da8507c027e150e5bacda6dd1d35ad80b3a
01_raw_api\legacy_site_peaks\02371503.rdb,0.00353240966796875,9c6003a6af3acc307b9695076e495f8cfb3562b772a8a607edc13e5365429925
01_raw_api\legacy_site_peaks\02372000.rdb,0.004723548889160156,0f2a144c5fedbb5fe9bc6363b577b8a296edeba2f08447878f906a094c2b9a80
01_raw_api\legacy_site_peaks\02372250.rdb,0.0057773590087890625,9cabc85d07db865b7f80204ce3dd61f9b9fe86cfdd2f74125d66574eb2f094a2
01_raw_api\legacy_site_peaks\02372422.rdb,0.0047016143798828125,67c20f4718651c31a8e0f568b51e839850a0415f344be967f3a5e1661f3dcaae
01_raw_api\legacy_site_peaks\02372430.rdb,0.005351066589355469,fe716da731453d3ba7d6781b00fea2aacb72f53d44f69ec74afd8a375afb6617
01_raw_api\legacy_site_peaks\02372500.rdb,0.006076812744140625,e5735faefb30d67959ec1b9d0c52291c8d5beeacab35471ecc5143d80d1445c6
01_raw_api\legacy_site_peaks\02372510.rdb,0.0036983489990234375,f8cb628590b9b905d90dab7c1d2789977c1004f45c15ded5fa715660e4c7af79
01_raw_api\legacy_site_peaks\02372755.rdb,0.003949165344238281,f95805cb7dab2f26bbadc7bf9703bd133e44bb27fa93d209c5e0e78db3a46995
01_raw_api\legacy_site_peaks\02372800.rdb,0.003977775573730469,29f2197d5868209754baaaae09790aea5c034af8bba1077a075e3d137ed61629
01_raw_api\legacy_site_peaks\02373000.rdb,0.0072574615478515625,e4b6ce2603b59bbf390d963e13d477e790c954b7a2332b871adbf62e5bb7cd9b
01_raw_api\legacy_site_peaks\02373500.rdb,0.005036354064941406,9a5f035361abb3a181964c60591b6065611630dcee8c809ec341138459668f6b
01_raw_api\legacy_site_peaks\02373800.rdb,0.0038890838623046875,ccaecee957ff3241e6072f6275323e8cabe7cbc67fdaa65af709557d11203c13
01_raw_api\legacy_site_peaks\02374000.rdb,0.0045795440673828125,f97de061d98c8dcdae0ddd8767d9786fb9854f8742b06ae92647482f5fa6309e
01_raw_api\legacy_site_peaks\02374050.rdb,0.0036153793334960938,7ef44c5d81829be74a5e6ab8e21a4c33f2f2c4ed8d24e76f122cbc468072c65e
01_raw_api\legacy_site_peaks\02374250.rdb,0.005847930908203125,f9d862a11ee6853812b24598203493d804fc9dd76ce4225249ef7a715f309d21
01_raw_api\legacy_site_peaks\02374500.rdb,0.0074310302734375,557b29ec295ff0ed0729b6599ca5cd6747756a10a394eb72b2c6ea6ab87db0a7
01_raw_api\legacy_site_peaks\02374660.rdb,0.0037479400634765625,d7f13848d1c1f07ba9bd7ee8793ef020718d28c3df914530bf02407b6d0d722e
01_raw_api\legacy_site_peaks\02374700.rdb,0.0048122406005859375,879e4333ad822ae7e2342b45f50a68ead6c97c87aaa3dfab244a7708f6a8562d
01_raw_api\legacy_site_peaks\02374745.rdb,0.004721641540527344,83397524cf15f3f94dd8963965438bdf90cacf8787dcc6e29fd70a6f3295c601
01_raw_api\legacy_site_peaks\02374950.rdb,0.004630088806152344,6a40a45dcf83a11d3f33f141e5faa92231597ae8c5ba659d2219711f805d82fb
01_raw_api\legacy_site_peaks\02374970.rdb,0.0040225982666015625,cce2a1369b39d632264fab9ef2428f66886a064a3ad6a1fc197500194cf174d3
01_raw_api\legacy_site_peaks\02375000.rdb,0.0056476593017578125,962f983641e9cb2702b0d8f4ff498ac86c61b13e4d10f479b2fa6eb588104cd1
01_raw_api\legacy_site_peaks\02375500.rdb,0.00768280029296875,6905edecf2eae09df91a9edd1b1a458364711150b122d11314cb6040f1f4e390
01_raw_api\legacy_site_peaks\02376000.rdb,0.00533294677734375,10073c29c4719204adf97c603dc273e6ff9079b672439ea1171d83d2def19c5a
01_raw_api\legacy_site_peaks\02376033.rdb,0.0055255889892578125,822832adfa7e86c0c95ded68e861f69869aa2e05bd855e4e205463bd27d71a83
01_raw_api\legacy_site_peaks\02376079.rdb,0.0040435791015625,13af6409f92b2cec7eb07c3fe23f5ba952e503e006cc507d02078cea585e531e
01_raw_api\legacy_site_peaks\02376100.rdb,0.004763603210449219,7fbb67a943170459853a1eb741a239c20ae6dcb9573ecf01709ac5a764f61681
01_raw_api\legacy_site_peaks\02376115.rdb,0.005204200744628906,6a4cc4c1bcaceb0d6c402edae8b6edeb83467cd118fd5e62c7d2128104b9b9b5
01_raw_api\legacy_site_peaks\02376140.rdb,0.0036230087280273438,ebe943f33cb583e568fdb4fe0d32890563672a563f655ae4cc80f46f03b26359
01_raw_api\legacy_site_peaks\02376293.rdb,0.0046939849853515625,a8bd6844d58bb608311b799da5ec5820a1677564c338856aad15ae58f854783d
01_raw_api\legacy_site_peaks\02376300.rdb,0.004978179931640625,ec6482c82c5625c857d3c5c96a5bca3236edbfe5b723cf440ee8e0a3763a488f
01_raw_api\legacy_site_peaks\02376315.rdb,0.004046440124511719,869acad072a63e650b70faab267a64c1ee992c9b7f250a1ba353286ab48d3703
01_raw_api\legacy_site_peaks\02376500.rdb,0.007288932800292969,b1055bd3046f0790487703245cbf79cfc05a46b74bb1b64993b940c332eab14d
01_raw_api\legacy_site_peaks\02376551.rdb,0.0038805007934570312,20df0c72ddc0aa162a7841a0ab6c508edfe4642e08dbcb0149215a97cdbfd574
01_raw_api\legacy_site_peaks\02377500.rdb,0.004627227783203125,86fccc9c685b06b981e9b9567fcd467997f3c64dc4035024d869f1e50481b821
01_raw_api\legacy_site_peaks\02377560.rdb,0.0041522979736328125,e8a236003e8e73959212c1c5d97de744b4f1841f8352750fa9c9217ce0832535
01_raw_api\legacy_site_peaks\02377570.rdb,0.005202293395996094,006aa1ed5080a6b6d7fc7c6d08ec7c7c352ab9b2dc7d0d5c610b09d181bb8fc5
01_raw_api\legacy_site_peaks\02377750.rdb,0.0040912628173828125,024c1b8882fd26c74c7f489b28dd652a7dc4e5711e45918e81b1a7b230bea81d
01_raw_api\legacy_site_peaks\02377960.rdb,0.0036764144897460938,a9ff3563e5c6257d67cfdfbe42ce9bd0ad446d2a75e108bf370a87b95316021f
01_raw_api\legacy_site_peaks\02378170.rdb,0.004210472106933594,118537c27a5fccf2136370a6158888cf8c5043941eb533001e16dba300a955f6
01_raw_api\legacy_site_peaks\02378175.rdb,0.0035181045532226562,fbe45f20683e0a9ada84ceed11a1264dbf8a23b5eb94ac2b55c98cd4a112b068
01_raw_api\legacy_site_peaks\02378185.rdb,0.003753662109375,8ec8db08cb1b1b20dd0078982d049a3aa70c8106a29899006a8ba28ad32c1be0
01_raw_api\legacy_site_peaks\02378300.rdb,0.004657745361328125,a1b56f9becedeef6895492288475afae16d90aadc177d3c81c27cb2632612db5
01_raw_api\legacy_site_peaks\02378500.rdb,0.0059108734130859375,56ae90da0189508abe5586e1e8028b05eb8622ad7e3f41e96a6bd16dfe094af4
01_raw_api\legacy_site_peaks\0237854520.rdb,0.0037670135498046875,a4e5fc25446330b997c70af5005151ab9894e0c74781a4b88459b2a6642cdaa8
01_raw_api\legacy_site_peaks\02378780.rdb,0.0036344528198242188,5f2327ad7e3acd28f16ecab90bc05b5351fd98acfa2d12b90042d622fb47cfac
01_raw_api\legacy_site_peaks\02378790.rdb,0.0036373138427734375,2b1d4ed47d7f063063dff619a9d3d77b3f94bc5c7cf0bbab3a2fb4c1358fa9a9
01_raw_api\legacy_site_peaks\02382500.rdb,0.0073089599609375,710e879b19efd02ab8fbb2d988d4cd17781d09031b1b51a574ee0c7b1a9cec59
01_raw_api\legacy_site_peaks\02382600.rdb,0.0040378570556640625,448d5729a4b99a67f72776fba8aba17644161861e119befa72f75fb6275f8c31
01_raw_api\legacy_site_peaks\02382720.rdb,0.0035533905029296875,3ccfaff79578b93e1becfc9c6b0528927217084acd379d14cb0573a3ef01b7bd
01_raw_api\legacy_site_peaks\02382800.rdb,0.004034996032714844,60f470d0c5061016907874a646fe322d234ab767ef1a33ed1a48368ccdfa0f1f
01_raw_api\legacy_site_peaks\02382900.rdb,0.004086494445800781,243ce86520d8443bf767e9cbe89427fdda37908ac33e0207d0cdaae01273b36a
01_raw_api\legacy_site_peaks\02383000.rdb,0.00460052490234375,f84c7721b4612190f6737af8b39c67a1e0c94b78e9710c566ebe6d824773546c
01_raw_api\legacy_site_peaks\02383180.rdb,0.0035943984985351562,2578f873f42db65050eb67bc2092251fa4490004856d19a6b836423385409fdf
01_raw_api\legacy_site_peaks\02383200.rdb,0.0040798187255859375,13a4e725df6340c1cd36dc62ee58b6a9a98afe8828fe50cef8af749aa1d522e4
01_raw_api\legacy_site_peaks\02383220.rdb,0.0040073394775390625,789cda345802d17ef956e874f0d94281b15d52840b99fd55e6a352aa5303e58c
01_raw_api\legacy_site_peaks\02383350.rdb,0.0035429000854492188,231140a134e0de39f0e015dcf7838d67b83074c371676db5d31077bcca6da185
01_raw_api\legacy_site_peaks\02383500.rdb,0.007641792297363281,60b497736a85fa0a0d032f332ab29512d00e8d98b3b26d75c9fe910687723f95
01_raw_api\legacy_site_peaks\02383520.rdb,0.006001472473144531,d60b2f568f8ee4f57d0ccfb110ea8c20546810a6ba412711666f597b291524c5
01_raw_api\legacy_site_peaks\02383540.rdb,0.0037927627563476562,6460c438d9e529a8e1197f9b93c2ae2934228d6e2839914f0b7ddc36d31efb7a
01_raw_api\legacy_site_peaks\02384330.rdb,0.0036840438842773438,43d7173856ef0f82a85f8b996503526f142a3c696470ff3a797951438b0c35ed
01_raw_api\legacy_site_peaks\02384500.rdb,0.006628990173339844,8ba7489bb0ebd9246cfd34f8644599951f13dc5dd4bca3de7bbdf33095a480e3
01_raw_api\legacy_site_peaks\02384540.rdb,0.005344390869140625,5024e77ba811322d3179dc0c9c8c796c651265ee970e99d20d8919d6dfd85943
01_raw_api\legacy_site_peaks\02384600.rdb,0.006130218505859375,0665c16998cc2ab7e1c31c62418fd9309db2be7c4542890b73a010d435b3525a
01_raw_api\legacy_site_peaks\02384630.rdb,0.004298210144042969,8de192589c9bc1045ed7ae535a6c42741e3a1e615ee97d037a710c0c8b64ef11
01_raw_api\legacy_site_peaks\02384750.rdb,0.0035915374755859375,eac8153a30ab52ad2016f30c6b3da4bac1b4764219f6c9447f8fda3c67c0b1c0
01_raw_api\legacy_site_peaks\02384900.rdb,0.0048007965087890625,f5123a4e07a84a5a5bfa0f5e9b0a78bf64a08fc0c74896957143e963e88e2649
01_raw_api\legacy_site_peaks\02385000.rdb,0.0042476654052734375,30f8c06a6e8846954ab970d51cfef20aa4db287631491ba34b4f9511454fbefa
01_raw_api\legacy_site_peaks\02385170.rdb,0.004521369934082031,d0d80a9681f4d54d86e6175ae59b7573cc45ca4b9007bd1f67f3d90b7391712d
01_raw_api\legacy_site_peaks\02385500.rdb,0.005092620849609375,7e314c93bea29d8018225e66a51f0c69165559023442c504e43d0344afaaba58
01_raw_api\legacy_site_peaks\02385620.rdb,0.0035505294799804688,3c4a150b691485806217b1516d014d188a855c63d335a1aec1545e34e75d6a88
01_raw_api\legacy_site_peaks\02385700.rdb,0.003997802734375,3b3d0fcf5e57c621823c98b11052dd9a0a05a32acfb686595216a1bf89922f5d
01_raw_api\legacy_site_peaks\02385800.rdb,0.006443023681640625,4e9b8d61acd4224f7ff29383087c373abd5f886dcfda18a0d2952bf5f7f87dbf
01_raw_api\legacy_site_peaks\02386170.rdb,0.0037212371826171875,6b2789b0a1627ca2c48cda878b31763cfacda33343e3c1144c270b34f6af7cce
01_raw_api\legacy_site_peaks\02387000.rdb,0.007687568664550781,494f9dce12f3f4fb159bcc676c82af0ae1e311d39e949d1aec95b70d9a2cdc09
01_raw_api\legacy_site_peaks\02387010.rdb,0.004099845886230469,8980a549d99475cffb10f4d9cacd59459b90b9c2496001c9988ef6713489249e
01_raw_api\legacy_site_peaks\02387100.rdb,0.004093170166015625,7622105d4a7d69e781c86ff7613e94a114b4030686d6cc565becaafec7fb1943
01_raw_api\legacy_site_peaks\02387200.rdb,0.004038810729980469,40ee895a18b8c132aae72881686bd5bda379b4a5ca42f2a60a42061a1fa62900
01_raw_api\legacy_site_peaks\02387300.rdb,0.0045108795166015625,1537c95fcacb576f03c787c8ed6623958e57cc0cebe2a9b1d667b1f7c5eed383
01_raw_api\legacy_site_peaks\02387500.rdb,0.010931968688964844,f1569e3d53960c71f4bfd7c4181bbb89a13f9e2279f9b17b9aa8971d9a78c58a
01_raw_api\legacy_site_peaks\02387520.rdb,0.0040760040283203125,96e8d4e992c82a87889311199a4f9f57001b61a5bb429392b86be192c407db8b
01_raw_api\legacy_site_peaks\02387530.rdb,0.004754066467285156,2b726ff714435cc36bf4add7f774c139281e24439700d15d1b4857c77942fc4f
01_raw_api\legacy_site_peaks\02387560.rdb,0.004010200500488281,892bcb02872ec7cc2468df99fda0b762b505ff11b8f17854e806caa73b989c1d
01_raw_api\legacy_site_peaks\02387570.rdb,0.004042625427246094,e5b5a23083ae22092f7abef68eff26d8ea5388a56462bb2e94f5aef94336f863
01_raw_api\legacy_site_peaks\02387600.rdb,0.004563331604003906,a049da9f3c59c1d26645667c2ae7baf4de998110e619d3669df5f4e624b06ba8
01_raw_api\legacy_site_peaks\02387650.rdb,0.0035924911499023438,92bfae1c285cc19b90e0c692e73cc4cbbc1803959559fdaccf392d7868c20fac
01_raw_api\legacy_site_peaks\02387670.rdb,0.0036001205444335938,1d746746f4984c5f314740bc510ab15061bd664dc3fe8f6f6602bbf4d3f6e001
01_raw_api\legacy_site_peaks\02387700.rdb,0.003996849060058594,577ddc8be7747367dd5f73631d788d01bd70a893c1584e0a8195977f0b142deb
01_raw_api\legacy_site_peaks\02387800.rdb,0.003996849060058594,b0747ff5cd3a0a870a37d53bcdef181f3de88678aca912a8014ba26efc645136
01_raw_api\legacy_site_peaks\02388000.rdb,0.0044918060302734375,618ef5a0ab60598130161c6f9ec501938b95678a2f1ad4e4e6405d9cd72198f1
01_raw_api\legacy_site_peaks\02388200.rdb,0.004482269287109375,f54953f3d2b498d153a62e8cd5d7402912648bee56f16b7c51fde4885985ed59
01_raw_api\legacy_site_peaks\02388300.rdb,0.004412651062011719,f7f729c475925b0d57512636ec87b4087811f06f4797f5b1b20b801abee4b24a
01_raw_api\legacy_site_peaks\02388320.rdb,0.0054988861083984375,f34b2475e62bed513e719c827ef5b06ed6150ab4e1595ca62423bd1a89952da8
01_raw_api\legacy_site_peaks\02388350.rdb,0.004513740539550781,cc17858c3fce3feb20448d4794b5228ac2b1abc1febc96f752710621c136d0b3
01_raw_api\legacy_site_peaks\02388400.rdb,0.003993988037109375,acbd0a25028f814dc9284161cdc3c2497993c55c837041d5b685a31cc2012319
01_raw_api\legacy_site_peaks\02388500.rdb,0.009855270385742188,4808d8734e1712723004ddc8990d210905f5e4750e8abe64421d1768789665ad
01_raw_api\legacy_site_peaks\02388520.rdb,0.004164695739746094,a3ec6ca2298c9d8d8c91900f0df57a91a025ea58847cb024536d2801166a51cd
01_raw_api\legacy_site_peaks\02388530.rdb,0.0066242218017578125,c0defed8b44d9f809058f52afb6f6b7d303d0473b63d856096c5cbc8eaae5c0b
01_raw_api\legacy_site_peaks\02393419.rdb,0.004444122314453125,fcc9f33da805b9f6ca59164733aa52bfd717efb6ae2f3587e86a59da1adacddf
01_raw_api\legacy_site_peaks\02394000.rdb,0.007556915283203125,6a7ffd42ec15a2259453d249419d55db26b518924031e209736767a8e88b3fda
01_raw_api\legacy_site_peaks\02394400.rdb,0.004815101623535156,3c61aff93671ae5bf7e7b0140c2ff5e11d8dee415f680f580e01cb2fa07a4dae
01_raw_api\legacy_site_peaks\02394511.rdb,0.00382232666015625,2acdd6b2eb9b47974fe1aba9ee8af6a9cb12201aa0d3340a965906cc9972c5f0
01_raw_api\legacy_site_peaks\02394515.rdb,0.0035991668701171875,41e1b125983bac9968530fe220023a55879d4bb5bc4c23eaac1a23e9aeb0b586
01_raw_api\legacy_site_peaks\02394612.rdb,0.003597259521484375,090642a7fc892604f8811edfa63f5479b8f857e18842b2197a6c0c8511937dcf
01_raw_api\legacy_site_peaks\02394670.rdb,0.006671905517578125,5d19840765a729d30e0a919e7a0abfb5ea09ad5de7fd91f8284bcdad4dda02f7
01_raw_api\legacy_site_peaks\02394730.rdb,0.0035381317138671875,cbbbf457fd01c3d502dad5b2e21a6d516126632ddbd97e4ec7582d70c0336b0e
01_raw_api\legacy_site_peaks\02394780.rdb,0.003551483154296875,8b58eb7d058fe6d9b178cbef2a1fa0efdddb6a30cba8a9d18760ddb2b1a78582
01_raw_api\legacy_site_peaks\02394805.rdb,0.0035457611083984375,c91c3772948ae7b2d857a68acff52c5aed8ae42209740c91aef61b361e62ca76
01_raw_api\legacy_site_peaks\02394820.rdb,0.005519866943359375,f2561cbca62fe6fb17a18e7b1171ad3330dbeeaa91315875d0c6fe00e8bd59c2
01_raw_api\legacy_site_peaks\02394825.rdb,0.0036401748657226562,7bdaeb9f8a64adc37589d8dec2665f6678ff51ce70749c59e527d9bd9762a285
01_raw_api\legacy_site_peaks\02394900.rdb,0.0035371780395507812,fe281750e2f863c4499919aadfd5083423e0613990dd553c360de1ad08d98b66
01_raw_api\legacy_site_peaks\02394950.rdb,0.0043125152587890625,3e9411a672f2ac37205416ff44aa8d2abafcc433c112976133148d6e0306f68d
01_raw_api\legacy_site_peaks\02394958.rdb,0.00359344482421875,8053a1fddc4ce3990ba351ac92d4aa77f5b5180927fda21b5b4722277ca01e85
01_raw_api\legacy_site_peaks\02394969.rdb,0.0038318634033203125,3fafff8230f4d8f7a79f14850481c5f741d034bd1bdbc7e1338495a57d5a4bb7
01_raw_api\legacy_site_peaks\02395000.rdb,0.0072269439697265625,a7b832e5c1a2b1d8f8c4489c140bb056c43a31767064e00056dc7fbc79e65d77
01_raw_api\legacy_site_peaks\02395120.rdb,0.005542755126953125,0c691d7cea418d6f712b37b15efc087274a128dfc9e0ac8c8872b6bef880fdb2
01_raw_api\legacy_site_peaks\02395500.rdb,0.0036945343017578125,d10bbc4c4212a619fbddae52863a30b3af11b66ba2906b5d779e7e6c3daebf09
01_raw_api\legacy_site_peaks\02395800.rdb,0.0043430328369140625,49106069464db5fcd213f5ab584682215fede75b8581bf39c11135a146fdadc8
01_raw_api\legacy_site_peaks\02395980.rdb,0.010181427001953125,ebe349ec91fa1fd64c4b2f3404c47192cb28150c657d467cc0022814601bd415
01_raw_api\legacy_site_peaks\02395990.rdb,0.004326820373535156,6e7cb1b3b55326cbea8cfe041b456f99117aeb728a036269856b86d85cb17c20
01_raw_api\legacy_site_peaks\02396000.rdb,0.008589744567871094,9589d4eb7ddb5236164b01718d2e6cb11a3321f651f52c91509cc97d7d44ea9e
01_raw_api\legacy_site_peaks\02396050.rdb,0.0061798095703125,a5e63ea9433231ee358fd452a75b2438628ef53fcd49869e21db032149351938
01_raw_api\legacy_site_peaks\02396290.rdb,0.0038499832153320312,2c4159034357f90c3ef983b2ca389deb28b103584525fb9af13f246c2e42cac4
01_raw_api\legacy_site_peaks\02396500.rdb,0.00359344482421875,987a3f2e0d819d65981ee5cfa24f85975c0cf0be512111f2bae1246aaab26ead
01_raw_api\legacy_site_peaks\02396510.rdb,0.0043354034423828125,21333fcfaeaae1ad5ba9d3980a5d82ba69fce633703e545be70fd7967fdb9e2e
01_raw_api\legacy_site_peaks\02396515.rdb,0.0038547515869140625,ca376103493e6804aeb06fba83bbe45f115a95b6a93b80620a86c677b1275675
01_raw_api\legacy_site_peaks\02396550.rdb,0.004314422607421875,e489f531f61264de54e352d65b22025bca450da7ebd313467f83c2bf42859d59
01_raw_api\legacy_site_peaks\02396680.rdb,0.0038471221923828125,fedad4a9161edc1255b08c4fffeefff45798c91f2a774d2231f638a584486f1d
01_raw_api\legacy_site_peaks\02397000.rdb,0.00954437255859375,bcbb5b73491b02730984ed74982bfa090c6ea25071bf6d6895dd275f617a7153
01_raw_api\legacy_site_peaks\02397100.rdb,0.0036783218383789062,000c5722e1011f0b4f937a69e41811f3a7d165c0d7aea92141ffa96da8f8d68c
01_raw_api\legacy_site_peaks\02397270.rdb,0.0035448074340820312,52c59c1ffcb3df23631977ec19285a68028fb31c7837a630935fafd98c57b71e
01_raw_api\legacy_site_peaks\02397410.rdb,0.005152702331542969,0b596587ec67aa652527470ec948f816796c908f7ae15fc8664cc19af32a02c8
01_raw_api\legacy_site_peaks\02397420.rdb,0.0035943984985351562,3e1c891982047faa6102705712df9a7d6271d2a1aeba7927143c76504f0ad47a
01_raw_api\legacy_site_peaks\02397430.rdb,0.0035943984985351562,21d749d19eccb27e47759d8abaf33ecc1a8d544e42b3a36f76c8473fb8ecdc77
01_raw_api\legacy_site_peaks\02397440.rdb,0.003681182861328125,3a6ae93e838989c300e10d4330a088f8e4ffef7a8a66dfef62c84d421a426a0d
01_raw_api\legacy_site_peaks\02397480.rdb,0.0035848617553710938,c20c649a53b9007ec440b8c2ec32acdf133cbe0880c90c5b77d0253ea43ed332
01_raw_api\legacy_site_peaks\02397500.rdb,0.005974769592285156,3076ab4412687e309b6706cabbfd3e729fc82256f28f6eeaaf1f88a178b281ab
01_raw_api\legacy_site_peaks\02397505.rdb,0.0035467147827148438,086e0f331e2d9f98a342efae8943ff2e723d73f80269498c499c904a18f0c9ef
01_raw_api\legacy_site_peaks\02397530.rdb,0.004239082336425781,319a6bfd60c5fc1740fda5917fa093646c3dd129ff2521c1357efd7b2554a337
01_raw_api\legacy_site_peaks\02397730.rdb,0.0035400390625,be25788b3b74cb12d3e35440bdf9c6bb3fa7aed0c17cfafc0669a3793612777e
01_raw_api\legacy_site_peaks\02397736.rdb,0.0035495758056640625,6df0c9aa212c1ff364e4eef8356bddd22345042c42bf5ff99e1d9faf5b9d95f1
01_raw_api\legacy_site_peaks\02397750.rdb,0.003998756408691406,c48b042f8822cd64ef0ea972ff2c4bea66de5d8f57e3b0b9bb2dfb03d3149c4e
01_raw_api\legacy_site_peaks\02397830.rdb,0.0047454833984375,e557a70112d1a29ad94f404ddf97b28d1bcbcf5d2564011ca8a13b7600c002f1
01_raw_api\legacy_site_peaks\02397955.rdb,0.003543853759765625,23d1d55cf3f08aec8f8aa406f0b96ed0b6d600a234a26378dfc1fce72ac77db3
01_raw_api\legacy_site_peaks\02397960.rdb,0.0035982131958007812,ffa37c011829bc5eccbb8f0c8c80fc4ede5e60bd87beb70fbd317e6eeb67c1e5
01_raw_api\legacy_site_peaks\02398000.rdb,0.0074977874755859375,8ab23c13b22d5ac3bf6682ffb755d70450d83c852153eabb43831efb16de4655
01_raw_api\legacy_site_peaks\02398005.rdb,0.0035524368286132812,d3b7e6aafd83d0d88c83f5e5139e26cf0b62d1c4e539d148130048b6c7c4ec0a
01_raw_api\legacy_site_peaks\02398195.rdb,0.0037889480590820312,8df881218266bf7e863074d58b7b3d0e0375033ec6a808edc0f0903c9393025c
01_raw_api\legacy_site_peaks\02398250.rdb,0.0035724639892578125,8176006a4e4d021999f3b57ff6cbe97ab54db5a2329127662110ddc448ec8455
01_raw_api\legacy_site_peaks\02398300.rdb,0.007216453552246094,ba37606265337491514fb6918260da65acc7e9a69c6f57b5959df549bd423128
01_raw_api\legacy_site_peaks\02398400.rdb,0.0051250457763671875,8a28155711cc9971c452f742f00abe08374e856925e657721a8b88f58f2bceeb
01_raw_api\legacy_site_peaks\02398500.rdb,0.004557609558105469,8d919d344ba90d8c66119ec2eec5a7e3d934c354e37e971652ac47b757b7074f
01_raw_api\legacy_site_peaks\02398950.rdb,0.004158973693847656,1855744936197e4965d7b133400e496d73a471a6416e475b7850ba0f45256208
01_raw_api\legacy_site_peaks\02399000.rdb,0.004973411560058594,e3dd9d000c3c87a5d9d0c88a681d5956443638f9bb93ca34cc09eb21365cc3ab
01_raw_api\legacy_site_peaks\02399200.rdb,0.0066661834716796875,10fc09972126e124f4246fe64107b99ec892a37f2e3fb9345d5ae62ee827d2ae
01_raw_api\legacy_site_peaks\02399500.rdb,0.008265495300292969,30cb1c2423eca9ecb4e79ff76100992c310df7cfadff58e6513d3cc6ecef0df0
01_raw_api\legacy_site_peaks\02399600.rdb,0.0037069320678710938,85f03b1a05e90b1724860185f66bd6153a16db08209eff95e3db3b34ccda61ba
01_raw_api\legacy_site_peaks\02399800.rdb,0.0038394927978515625,8ac1c97aa7fef02f4703be1f95c5711ce7aab487b2d5d4e11fad7db78b9b1fea
01_raw_api\legacy_site_peaks\02400000.rdb,0.0043659210205078125,0804c277ff86c69dbbd86c2bd3ea36c80d34a22c2c5caa507269cfb0ff148c9f
01_raw_api\legacy_site_peaks\02400033.rdb,0.00395965576171875,45a0ef7edb335cecc2cf085e15ea2700fef44d61701a5a950274c1604f754e01
01_raw_api\legacy_site_peaks\02400100.rdb,0.0062999725341796875,f0ff3fcd502e6ad0bd7f70d88be28ae07cac489566612c8f484d3d9b9fe40f3c
01_raw_api\legacy_site_peaks\02400175.rdb,0.0037717819213867188,2e0af78d5a9f3536a112e58e83a3cced39c247cf07af66f53a26497a5f4a332e
01_raw_api\legacy_site_peaks\02400350.rdb,0.0038013458251953125,5091da5eb84ade1489d337d485fe8d752d7c3bbf46f84fa5a1668a0faa1c4e1a
01_raw_api\legacy_site_peaks\02400496.rdb,0.004946708679199219,6c21b1175d79b537f58521bf7eb609626d0fe588cca3de2bafae8a510ed5b973
01_raw_api\legacy_site_peaks\02400500.rdb,0.010232925415039062,7d4b77c6c7ce48d320ba3553c4dc9966e82a7efa5791659677b2137884c0916a
01_raw_api\legacy_site_peaks\02400680.rdb,0.0045452117919921875,f1cde9aa5a78c8cc8883e174edc536513cb67a44efeb231217fecbf026e4befe
01_raw_api\legacy_site_peaks\02400690.rdb,0.0036563873291015625,ed17c3d048e324da254f79444def60422365a42f94fc30d6354e8291530ab2f4
01_raw_api\legacy_site_peaks\02401000.rdb,0.006814002990722656,5cee619060505813053122cc11d8d8245aa9f0475577be2bb30d3f561c6dfbf2
01_raw_api\legacy_site_peaks\02401330.rdb,0.0036058425903320312,7365a97e06f9dc994926b34ef56439d698410e90002c103f218d3457c549c9f8
01_raw_api\legacy_site_peaks\02401370.rdb,0.0042285919189453125,4b62846c7b5ae43e1b7a46e9eff4b2be7d17ad0e6a726c369eaac93924133b05
01_raw_api\legacy_site_peaks\02401390.rdb,0.006161689758300781,d4ff04a0e3c8a7b8e8f3e5b5032f45560b1ef1a91c5aa236f6f55934487ff4a2
01_raw_api\legacy_site_peaks\02401450.rdb,0.003566741943359375,415d8e513d67614d9a56e431e66b5cc3eaafc6bb2c02c9e3cfb04268c8203d85
01_raw_api\legacy_site_peaks\02401460.rdb,0.0036973953247070312,9db96e896c8c208991712e665ce08f105217189a6f3f4652954d2db595ff1420
01_raw_api\legacy_site_peaks\02401470.rdb,0.0041370391845703125,fd500450f1ca261ea0b7d0b6381cb43851ee9e3784f58cfde82b29858e397118
01_raw_api\legacy_site_peaks\02401500.rdb,0.004729270935058594,0165925e3ed92ca4560146cd14e2972563ce59b8db9e3bd52072d1531c0b7077
01_raw_api\legacy_site_peaks\02401620.rdb,0.004477500915527344,c47e4d9a26eacc6809245d5e0db2465061e2dd3f4a07bb9aa52002cb5e670ec2
01_raw_api\legacy_site_peaks\02401700.rdb,0.0037403106689453125,fe77cda96c4e723b8dd5459f8dbf8b5bf32df8b674a9c70beec78390e704c418
01_raw_api\legacy_site_peaks\02401800.rdb,0.003719329833984375,d56c7e2b7e451f1cd723a53cec702f00016697b619fc603c63060f6753e6f88c
01_raw_api\legacy_site_peaks\02401895.rdb,0.004075050354003906,8e949c7954dbafc894b0d736e50fe45d02380f9cbd28945fd571315820436413
01_raw_api\legacy_site_peaks\02402500.rdb,0.004384040832519531,d6ae127c351a6d542445f15eb2c58ffcd730d4563340c5587fe1828ffbcf3199
01_raw_api\legacy_site_peaks\02403200.rdb,0.0036687850952148438,6c39ec12f1eb37cffd5295e894bbe7ac8c35de31bd1fc143feef4b31dd299d51
01_raw_api\legacy_site_peaks\02403310.rdb,0.0044689178466796875,83318f9a878750e84f938c378fca2e5a1bc1003ba09905955dd3cf9ee30391e1
01_raw_api\legacy_site_peaks\02403395.rdb,0.0036602020263671875,84b3927e73304b4f2d07dd385188e5d9c421aeb04ff3526dfadbc397cd014022
01_raw_api\legacy_site_peaks\02404000.rdb,0.0053768157958984375,3d8958a397790c75b7988861a83c5c90adf73a4360c8002f1097eded47dfe4a3
01_raw_api\legacy_site_peaks\02404245.rdb,0.0047435760498046875,491c202dabf0d73dbe0ae31fe8678265513808b86d6dea936815704a5e3f3c7a
01_raw_api\legacy_site_peaks\02404400.rdb,0.006343841552734375,fe78b1652efe1e15f63692e8eb21066f9215cf7dfdcc8613d1266f296de5f7f2
01_raw_api\legacy_site_peaks\02404500.rdb,0.004689216613769531,b833e834c8ef368316474c85498a036dc71fa7dc10d4ad05c069febd93bc4cf7
01_raw_api\legacy_site_peaks\02405000.rdb,0.006497383117675781,74cce38b71e6e1f6fb1cd49c15e909e5782a21715ff756a2d9386b24d8c4b799
01_raw_api\legacy_site_peaks\02405200.rdb,0.0045566558837890625,2e39aa37f35c59bb004d1bca80c8839740db5c51b16e4387ebb000b0e3d21949
01_raw_api\legacy_site_peaks\02405500.rdb,0.0060272216796875,375e74e38eed92a61c76dc36ad6be7cdbb4119a3de73863c37db4c6b6bc907c8
01_raw_api\legacy_site_peaks\02405800.rdb,0.004061698913574219,059ba0dfe25c4cc2d5ca9a0c755a99d1f306f766a8455e39a2b37ec1616649ea
01_raw_api\legacy_site_peaks\02406000.rdb,0.003978729248046875,247fdf5b98cc209e7a7226b2e8927000d9d63528c69ac5645e1e5d28ffae899a
01_raw_api\legacy_site_peaks\02406500.rdb,0.0066471099853515625,16325b473193c908c8688a603c6542b304f2dbdddec3a9bddcea5e3a6387aef5
01_raw_api\legacy_site_peaks\02406930.rdb,0.0041332244873046875,bb60bc47814df923131e0ffe6fef88d63eaada247985c28cc3dcc8433b97445f
01_raw_api\legacy_site_peaks\02407000.rdb,0.008624076843261719,620d6c3324911b39e8c102f1091dfe750d129627b4546810b1a1af94a3caa9cf
01_raw_api\legacy_site_peaks\02407500.rdb,0.004424095153808594,5041d84af80a58ad180e42276f838b57cc2468f9f0b73ae58d09a4a43cd95f2b
01_raw_api\legacy_site_peaks\02407514.rdb,0.004387855529785156,7f88fd441f6ffbbbb49428ec727b186ad2672d7736b95909f1939ebaacf04b41
01_raw_api\legacy_site_peaks\02407526.rdb,0.004881858825683594,9d6f8b44cdd7ee7f80bfa65636c4dcec933562b1443ec13091fe7a45e7b1a3a3
01_raw_api\legacy_site_peaks\02407680.rdb,0.0039730072021484375,a92de324051ddc0355bd68bf96d3a282e149c868f502a486273b707696fe5883
01_raw_api\legacy_site_peaks\02407900.rdb,0.004048347473144531,90063cbd8bda15347a829834dc4c1e84a97d0ff8727938e05405a636498f43f5
01_raw_api\legacy_site_peaks\02407950.rdb,0.004181861877441406,7e701401660fbdcc8bcdacc8d2fc9f972d74d37dfe4fad0a081d36ec4a7f3466
01_raw_api\legacy_site_peaks\02408150.rdb,0.00397491455078125,5cd25df7e9f554b9330254df9b8628ea11cefbaee911c7625ee5f1c0efd76b41
01_raw_api\legacy_site_peaks\02408340.rdb,0.00379180908203125,e64e7dfeef40cb6107a4762544ce8b853539618ba5905b0ee6c47dcf39415726
01_raw_api\legacy_site_peaks\02408500.rdb,0.0050411224365234375,4870f44a43d148fc1f84431d67963e5977bc6bd7f6869b204e0e6e8827c9401b
01_raw_api\legacy_site_peaks\02408540.rdb,0.005513191223144531,bf8dd9a3b8b5b167ec2f5f590c0efb4fee979a9435bffdeabe37179b14b03d5c
01_raw_api\legacy_site_peaks\02409000.rdb,0.0044097900390625,4c7da3d364f57f8ec33b2efa242090f58bb9b04f6063cf94dfbc65e7f6e13c1e
01_raw_api\legacy_site_peaks\02409400.rdb,0.0050868988037109375,9fe00e5ddc5a9a322df737fbce23fdff113ff14de478507336a98f9336a5cb49
01_raw_api\legacy_site_peaks\02409540.rdb,0.003907203674316406,3811aa169cf46ffa29d9a7eaf67d91f9a2457b05f1bfbbeffebcfb632c652949
01_raw_api\legacy_site_peaks\02410000.rdb,0.0050487518310546875,0f4186e144f69e46cb4654b9926d2ce80ff771502a50e9d5c72df1b9a4b9e400
01_raw_api\legacy_site_peaks\02411000.rdb,0.0073719024658203125,9cdf43dbe2ab20d1bf26d8a4a78c7655a8eb39cf35f07fc18f06d797449f3ac9
01_raw_api\legacy_site_peaks\02411600.rdb,0.005702018737792969,ff340997b62d6bf00692cdf557853fdde0ef8e71cf69dea0c7fb6a0f16951a94
01_raw_api\legacy_site_peaks\02411602.rdb,0.003947257995605469,e94e9820b41292d3ad8a50da1c76b72be3239717c8425a1a3d5e330ad7905292
01_raw_api\legacy_site_peaks\02411735.rdb,0.005621910095214844,be9a094d5506918fba722dfc00b7ac9bf689f9fe3ceb32b4947d7cc1ef9a25ce
01_raw_api\legacy_site_peaks\02411800.rdb,0.004651069641113281,b5f3586d6b41e85a82f353262490d97676e9db6e3a098c24c8837431e3abaf29
01_raw_api\legacy_site_peaks\02411900.rdb,0.004872322082519531,4d42fd5eaa74fb9ce5e96522d8c3430e2d53eb3cba2e5ba5d7ca2b0b3a443af8
01_raw_api\legacy_site_peaks\02411902.rdb,0.005675315856933594,38b69c3b610e3045c088c6c73fcbd2780674b75ed3b606478bc3d340a79cfefc
01_raw_api\legacy_site_peaks\02411930.rdb,0.004589080810546875,be05042a52ff6ebaa623a38a6bdfd2af7a65dd657f587724a9e004f6263b2ea3
01_raw_api\legacy_site_peaks\02412000.rdb,0.006701469421386719,eca2c73c469319e3a493542f96e3c647a0cdf44a5b9b78f6dc27ee413ae3090c
01_raw_api\legacy_site_peaks\02412065.rdb,0.0039806365966796875,0955ef8073063398477cf099d0ca322efb80567b9be5f6d8d75d15848700cb29
01_raw_api\legacy_site_peaks\02412320.rdb,0.0038595199584960938,f2388ba58583dcaa8531a44ffd84783da64950fe97285d9d8c3b65c3aa9c820e
01_raw_api\legacy_site_peaks\02412500.rdb,0.004958152770996094,1b6daa23d1fad799e1ac912250287141423db7f75d5a32fb35bcf662f43ca617
01_raw_api\legacy_site_peaks\02413000.rdb,0.0055866241455078125,42e6581fc761b5aa3d7908737fb27f0bfc59249994f65937b8bf21bacb2b1bf8
01_raw_api\legacy_site_peaks\02413200.rdb,0.004868507385253906,f3d841e25e10aa7e8eed6489494e13ab42e6dd1b214676feea2fb53ea9a40a2e
01_raw_api\legacy_site_peaks\02413210.rdb,0.0042591094970703125,8a1ae64ac21273d39baaa3d9cef0b8fb295ae9651358091ba0bd6b5e48ade7c8
01_raw_api\legacy_site_peaks\02413300.rdb,0.0056858062744140625,52641410c3167f0edbb5e32b4bd652ff67f0febdc1e5325a68c08955552019d2
01_raw_api\legacy_site_peaks\02413400.rdb,0.004084587097167969,9665b2f3c814bc14da99bca4536a0874bc0e064278c8c9e96b47f8c10f26d137
01_raw_api\legacy_site_peaks\02413475.rdb,0.0046215057373046875,b2692cc730d7e291d56dfd8fa5e65c1fbe9a8590da0a80262e89c043d777e605
01_raw_api\legacy_site_peaks\02413500.rdb,0.005016326904296875,2b51e2b9fd531ef8190404462ee873acfc4c6ed16b4c46e2558df0ed01fcea68
01_raw_api\legacy_site_peaks\02414000.rdb,0.0037584304809570312,0099b405c14e647ff1764ac149a2eebd50e3ff08c0b5e05d57c07ffedd28627c
01_raw_api\legacy_site_peaks\02414300.rdb,0.0037393569946289062,11dd41a879337059e78a81361448eb52106f55f14657a08046cd68d459c41e51
01_raw_api\legacy_site_peaks\02414500.rdb,0.007958412170410156,35fb9f3c87db5c9bda00bb5f01a9c85e191ec569de61dfeeacff685c3f11bfe1
01_raw_api\legacy_site_peaks\02414525.rdb,0.0036220550537109375,2e9c43c741464e3d1402f54958a39fffd370f26907067835734b7c243ab86ab0
01_raw_api\legacy_site_peaks\02414715.rdb,0.0053310394287109375,1b59bc4153be094eaab2b150cefe88ceaad2b3446800c9343fd39098e9a0b35d
01_raw_api\legacy_site_peaks\02414765.rdb,0.003925323486328125,f0f5f9050fe1d842e5b952be3385eee95b3da622fcb9dbf9d22dc89245f581a0
01_raw_api\legacy_site_peaks\02414800.rdb,0.004390716552734375,060c97ce74f3f209d94ad6276927341344fdbea4a5d101f10cf525651188a211
01_raw_api\legacy_site_peaks\02415000.rdb,0.006300926208496094,4ef7328ce092cbbce5bc0bfdaad9f87628c9f353dded43f8abda73d61699527d
01_raw_api\legacy_site_peaks\02416000.rdb,0.004572868347167969,0607693e59c721419d5399e0e5d99ee8d3c59d2c073e6e2f69ada8264341c3f9
01_raw_api\legacy_site_peaks\02416360.rdb,0.003589630126953125,76295cc30fc265b2baffe46362db5cd7a51a6c9f8e708c61e3cc18eedd1bc857
01_raw_api\legacy_site_peaks\02416481.rdb,0.004084587097167969,3727a977b4ec94a59d08215813f726ebb66db7f2c4469806392a1a7a29cf55f0
01_raw_api\legacy_site_peaks\02417400.rdb,0.0038213729858398438,c5a6dd605b18d88aac5793d3a750e85fe056084ba1ac5ae17551b3b7101bd3fc
01_raw_api\legacy_site_peaks\02418000.rdb,0.003803253173828125,851138eb294edafbd7f8bb9f08b42d1bc3fb22e0f014d69bebbd6e4328d3f9b1
01_raw_api\legacy_site_peaks\02418230.rdb,0.0046215057373046875,8cd4d44bcaeba8ef5659c540c8c53c0c85918709f46a11e69d994dd3cf04e62e
01_raw_api\legacy_site_peaks\02418500.rdb,0.0072994232177734375,cf9bac4a6dbdaca8affc8a36fa382099a280e793dff98b6223d389ba5fd7bab1
01_raw_api\legacy_site_peaks\02418760.rdb,0.004487037658691406,e6005936551b521705d364c119d047bf1bc664ac50fd29a0afcd2f209859b1ea
01_raw_api\legacy_site_peaks\02418764.rdb,0.0039997100830078125,4de7254c3ef3ad2e58c11c74db80e3ec8cad5ccf753050a856c253b4324fd7a0
01_raw_api\legacy_site_peaks\02418770.rdb,0.004016876220703125,0a73e1391cb5d1c7cb083e4ceecd56fdab1f23d2a98f1fa66104273b31ad61e2
01_raw_api\legacy_site_peaks\02419000.rdb,0.0073337554931640625,991a2aebf24e58e19bd1d077b8cd59ca7a68bdff94a44b19d7320be5b9851740
01_raw_api\legacy_site_peaks\02419500.rdb,0.0050334930419921875,3e879486c5cc30581926b670d0653d022b940a770109227fe3a9cc1089901e57
01_raw_api\legacy_site_peaks\02419625.rdb,0.0042819976806640625,856e2d8edb0fbf0369d53135165857ad8d846709d269c9e10c798d89859faa25
01_raw_api\legacy_site_peaks\02419670.rdb,0.0035429000854492188,faf9d5da87e1499284891001c7d272925f446aae773a656d4471d9653d7b64f3
01_raw_api\legacy_site_peaks\02419790.rdb,0.003543853759765625,3b11d5fd203a558da77aa82a9fdd2b8680be2a81e397fbd2162bf17f082037d2
01_raw_api\legacy_site_peaks\02419835.rdb,0.0038900375366210938,41ac825e47f26b97517fb8bb63d082d67d66d714e862ba2f2808e40cb10d71a0
01_raw_api\legacy_site_peaks\02419845.rdb,0.004010200500488281,65d73042d1b49f025969835d126732d82522afc3213e79e156797317356191be
01_raw_api\legacy_site_peaks\02419875.rdb,0.004015922546386719,1f66601b1b31e1058a892c4f129218caf965896d08b64c548941f1ad9a833ba8
01_raw_api\legacy_site_peaks\02419890.rdb,0.005869865417480469,d9a4e77329d37f6cf4b674b63baf5ceb3822f5fdbe6e55e2bd7b9d50e776e0ff
01_raw_api\legacy_site_peaks\02419974.rdb,0.004016876220703125,5645290205adf95aa81b37498c4ee0a760b4406932b7db6f3d011438b11cb730
01_raw_api\legacy_site_peaks\02419975.rdb,0.003631591796875,c37c19eb1243d55dca6f80d2324a5800c7eeb55d13895dcae30725538729f16e
01_raw_api\legacy_site_peaks\02419976.rdb,0.00402069091796875,96afd78f6f01d6dfbc656cdf7ff97b145c67bfe58e1528d61d515a3d44f0dd61
01_raw_api\legacy_site_peaks\02419977.rdb,0.0035905838012695312,2d1da2d76d97c16265c20d3ebcb9282ac8bde50dd9d80ffb93559b0ebed271bf
01_raw_api\legacy_site_peaks\02419988.rdb,0.00582122802734375,ee5eb2333d33cb95d54855b3ac43795e23ed17f7b0291499d97d2d9b63c3a15b
01_raw_api\legacy_site_peaks\02420000.rdb,0.008175849914550781,1339eb3f94bc7f3a5b9877baad4ec6dfde4b8bc65568b86faf62bd9337ea7f6f
01_raw_api\legacy_site_peaks\02420495.rdb,0.003963470458984375,518b1345ca68c1a9afb2366c7d016fce7328bc06913ca0e029faa1540a627233
01_raw_api\legacy_site_peaks\02420980.rdb,0.004014015197753906,804e0f8561916db0e2f666626e9627c3bd50c6c1e83288590522a61df3c17af9
01_raw_api\legacy_site_peaks\02420987.rdb,0.0036182403564453125,cc59361d80a07225d99981013ff560dc21e30471c8dafe3b3c4d436a5480a844
01_raw_api\legacy_site_peaks\02421000.rdb,0.006836891174316406,125df7cd1e05b17af72ad7cd5db033355d779b208a036ce8a42491fef525f54e
01_raw_api\legacy_site_peaks\02421105.rdb,0.00405120849609375,9fd171f828e83abed6db1619b3397d196c38a83a75e5992cb1af58165b006105
01_raw_api\legacy_site_peaks\02421115.rdb,0.0036382675170898438,1b9cf956b6c74f58238646286ace4ea7e32bc5a3131146caa3f55611679a4c19
01_raw_api\legacy_site_peaks\02421256.rdb,0.00396728515625,a81b9f0c5c6e3d7f974adba78b5fc3fb4482e97ef3ad2efc56ce20bf41c17062
01_raw_api\legacy_site_peaks\02421300.rdb,0.00403594970703125,b88bca558d9d1bf8d644db4cde715566c65cc754d23f5d21bde8c6750e21e3a3
01_raw_api\legacy_site_peaks\02421350.rdb,0.004815101623535156,7460672dc321a8999148dcd9eab08fb596b7958c40f77d335aa715715096a969
01_raw_api\legacy_site_peaks\02421351.rdb,0.005759239196777344,a234b943d994317076153fb341382872ca62eb0173abf0d45099d8bc5abceb27
01_raw_api\legacy_site_peaks\02421480.rdb,0.0036039352416992188,47d4d6381509c70fd5e462d1fd19ef86e0a819abc7bf64f3d21b880c152d3a89
01_raw_api\legacy_site_peaks\02421500.rdb,0.0038928985595703125,125ee7a624da035c5bf0635bb1a9ed9380e2488bbd1d4c1b3cc90c6341a1b1ae
01_raw_api\legacy_site_peaks\02422000.rdb,0.005061149597167969,7213d4e01bea98e8ce92215317a44b369ab2bdb0f22a36cc7b9960c8c78c6c47
01_raw_api\legacy_site_peaks\02422500.rdb,0.0073299407958984375,07ac83ceab6c64cb0cc3269385820481e4fee2e1d1df65dea0fe1c44fd501588
01_raw_api\legacy_site_peaks\02423000.rdb,0.009697914123535156,e27534f717734f78f5d42cae42aef325f42f47e997d87896e270fc612d3435c9
01_raw_api\legacy_site_peaks\02423110.rdb,0.0040435791015625,ad04c6e8db0475556a668f7ce5bfab492ac5d2ee316afd26b386b76e5f44db8b
01_raw_api\legacy_site_peaks\02423130.rdb,0.005008697509765625,d930a048ac736dff04a75499b445d656ebde51b9f61132cc88402a44a290b96d
01_raw_api\legacy_site_peaks\02423160.rdb,0.00411224365234375,f72b6c4c4b6dcc725f4a292420723e0a99fe6ede111e2bffb14b6294f187286b
01_raw_api\legacy_site_peaks\02423190.rdb,0.003582000732421875,0569913713df6a610d0c38a2f67958fd8daabfaa298554f386b3d6a5230b357e
01_raw_api\legacy_site_peaks\02423380.rdb,0.005420684814453125,9d4392b6223a029fddd11bbd67b2f261200a1bc0009c7bdf419e9b677f561db6
01_raw_api\legacy_site_peaks\02423390.rdb,0.0037851333618164062,2ee9ddd394861a2e119016d8e47c2623722ccecd56a4fc6a37cc3fd3083942a5
01_raw_api\legacy_site_peaks\02423397.rdb,0.00476837158203125,727e10e63c0d9564830256c59493cddaec128d39b3c8e3931e6f4ee910465532
01_raw_api\legacy_site_peaks\02423398.rdb,0.00441741943359375,9a6ec5d480bc390b33321ad213b83dc8eb8b735280eab34ad5eeccbfd66fbbbf
01_raw_api\legacy_site_peaks\02423400.rdb,0.004893302917480469,8cca1082a9ee4418127e0b0a1b65da705a28f8231da3227fcea34cf59dec81b9
01_raw_api\legacy_site_peaks\0242340550.rdb,0.0036678314208984375,3c34a95f18b35f19c7337815e5a58f978218a1ee8c44152a98f522cba4ac1f5b
01_raw_api\legacy_site_peaks\02423410.rdb,0.004136085510253906,83c99bf411bd0b3a4e04525144aa4e1b6607253e23b2fc4cff697378730a5079
01_raw_api\legacy_site_peaks\02423414.rdb,0.004462242126464844,e645c24ecd294a181ad76dc08f096913c9b2ed3c15f57004c51ef213e987378b
01_raw_api\legacy_site_peaks\02423425.rdb,0.0052890777587890625,9f1eefdc113696763c7baf73bafb20ef70cb5faa2c39e00efa5efdc4f9f0a9b7
01_raw_api\legacy_site_peaks\02423496.rdb,0.00511932373046875,eaab0d633e1ae89730e3691b6411c496ce9d13f88fd5428cc526b5c06ce29678
01_raw_api\legacy_site_peaks\02423500.rdb,0.006388664245605469,69459846c08d3c68ef1a83cec9991c1c99450a6f073a95e6d1acab5b398bce6d
01_raw_api\legacy_site_peaks\0242354650.rdb,0.0036563873291015625,dee3063a28362df010100bf19c87d61d6d4e65668bf5a7bb77bc7bfbb9aac5e5
01_raw_api\legacy_site_peaks\0242354750.rdb,0.004792213439941406,403a8c77dfc89b672c38604a9288fd53bac189e2f6743a151db426f8abce2939
01_raw_api\legacy_site_peaks\02423555.rdb,0.005478858947753906,4ae59a7886f3472c09093e9047b49dce648a2422264feb6a2e261b736be1b3e6
01_raw_api\legacy_site_peaks\02423571.rdb,0.0038843154907226562,4a8f4d774a5e4a2e2a720eabf2b562d137eef70a2c7d830ea6bb070d7b3d49fb
01_raw_api\legacy_site_peaks\02423586.rdb,0.004191398620605469,c658cabd68b6f8dec68a88a81f452fac67a7d0ed22951eab44be76a2f1e6239e
01_raw_api\legacy_site_peaks\02423630.rdb,0.0053806304931640625,70683b0c74f0f992809e24e61cff076e76c38f20e7f2520511bcd70b4fbf58f8
01_raw_api\legacy_site_peaks\02423647.rdb,0.004281044006347656,796e0105ed11bd3474b48d0968f767f350ff1720180bdd5127e7b107981c2422
01_raw_api\legacy_site_peaks\02423800.rdb,0.004214286804199219,00f97208d58895affc30efef82d9aa50afddb2236c905d9af3e3b7f81b02deed
01_raw_api\legacy_site_peaks\02424000.rdb,0.008751869201660156,12537d2e0c97b8cca1d8dbf689976882affe512a00d79816cc7922acde40918d
01_raw_api\legacy_site_peaks\02424010.rdb,0.004157066345214844,272474445790676f359ba7c94abb101f8e1c78fbcdae63f8a8679b2722f9813b
01_raw_api\legacy_site_peaks\02424500.rdb,0.0049152374267578125,939273a448672fc20551ac45ae5d398315cd4ca36afc24c0396a62a52aed9265
01_raw_api\legacy_site_peaks\02424590.rdb,0.005316734313964844,b864332dc46b7452cba7803f2168c70d486ff47efeb107d41f3ba3859380f06b
01_raw_api\legacy_site_peaks\02424940.rdb,0.004016876220703125,a70b76fc8c3e9956ef9fb6307f93bcf422d2c3dabcdd36d4e2d95a06d771c2bb
01_raw_api\legacy_site_peaks\02425000.rdb,0.006871223449707031,976888af711a821c08f53ea5f7873b8eca65eeb3892c190652d0c69f955c5d8c
01_raw_api\legacy_site_peaks\02425200.rdb,0.0040435791015625,21ce9e828b81a8214820e69324a87e4e97567acbaf9b1318c6e4a11370471d69
01_raw_api\legacy_site_peaks\02425500.rdb,0.0048084259033203125,c9078c674ba96f4df34f2ff175403670c6b5f689d291bc7ade6c5f65de176c5b
01_raw_api\legacy_site_peaks\02425655.rdb,0.004454612731933594,3496631b59c5ad385f3059bb156b9286517fe1397ae7d6287fdc3b18a8d8b08e
01_raw_api\legacy_site_peaks\02426000.rdb,0.004853248596191406,3ba2467355324ea35cd16ba8f86ab11a13f83e9fd482de6996ba21267f6bc812
01_raw_api\legacy_site_peaks\02426500.rdb,0.0037603378295898438,f7d2664cbaa63618c6a8185163e812121baf7bb1a957dc0b22b581ae6542281a
01_raw_api\legacy_site_peaks\02427000.rdb,0.0038042068481445312,bac35d7630427cefcc6acbb8653452e973fcb27ec8ff80aa4a5532a2358de9c0
01_raw_api\legacy_site_peaks\02427013.rdb,0.0036573410034179688,bd128afc8e74dd61a44a8111d057d8635825f0eef7c4a176d2eb1d019d232e5e
01_raw_api\legacy_site_peaks\02427020.rdb,0.0036525726318359375,56b1e853291981969ec89d1e775ebc96e3e3ed37d4aeb22c27cc03cf796a51eb
01_raw_api\legacy_site_peaks\02427250.rdb,0.005127906799316406,81667ac0805653360f57043086dddd1cbe443601e00cb621ebc10dedddc56407
01_raw_api\legacy_site_peaks\02427300.rdb,0.004130363464355469,25bbd4ef5f4ad758f67d5f60f846a53c3c4b7f808715bdb2930c45e625bae729
01_raw_api\legacy_site_peaks\02427500.rdb,0.004750251770019531,a23f266313d9ae78d961afe2389e31ff848af5296edaba39015bdefec60d416f
01_raw_api\legacy_site_peaks\02427506.rdb,0.0056819915771484375,8c98ce9abd3e30a568fc39aabb73133555a435585941a167e52c52d8981401ef
01_raw_api\legacy_site_peaks\02427700.rdb,0.005215644836425781,44806d10fdb8ab0532a25b89760407d2dc1dc05b2062b1a19f2c1e1264164464
01_raw_api\legacy_site_peaks\02427830.rdb,0.0040149688720703125,5c113d003816e8bdf18f5c9f5bb03d831fa47056dd32739b89f537ec299f0df6
01_raw_api\legacy_site_peaks\02427875.rdb,0.004338264465332031,ce3a915f0d73b00d4bff907feaad980bee34a46b9ef7f7975d727d83f80e5cdd
01_raw_api\legacy_site_peaks\02428300.rdb,0.004184722900390625,2986bc5063e5580944c564777823a8b7a6855cdcc98d50f9e694749cdc088073
01_raw_api\legacy_site_peaks\02428400.rdb,0.005619049072265625,114eb4d41c715587a02eb69e642a3a1e767f99b627731511495eb0cb2ece8118
01_raw_api\legacy_site_peaks\02428401.rdb,0.0057525634765625,13fd17577239aa0b88902f5eb6c06790503b263c2a0921b54539e0d8fbdffec8
01_raw_api\legacy_site_peaks\02428500.rdb,0.005290985107421875,0bd614244ed53563ffa4e85247eb1367ae3f83d619a89a64f05984949ad6793d
01_raw_api\legacy_site_peaks\02429000.rdb,0.004584312438964844,9281cda405370da0b75104893d06aae87f5138206d06eedbc914c19fa7f644f0
01_raw_api\legacy_site_peaks\02429500.rdb,0.005515098571777344,e02c3880ea4594dac9f85a655103d7967ca4600482caeb9cbdcdf68e9c17911c
01_raw_api\legacy_site_peaks\02429540.rdb,0.004170417785644531,b8b2e64ee0a6e442a8eb964b867f7beeb568e49b994ef79b1ad0e6cc9ab84050
01_raw_api\legacy_site_peaks\02429595.rdb,0.003964424133300781,953a74a96143e7924b76f32ec406be111cd16db521d1b33f5b90b4bbbcf073b6
01_raw_api\legacy_site_peaks\02429650.rdb,0.0039844512939453125,5e3466d6a0306c83473610e085d5dc8b561a495bdfd0c0541b09dcd2e8b0f9e6
01_raw_api\legacy_site_peaks\02429900.rdb,0.006642341613769531,b2de3da062f40f274c13434bdb6b10b1885a01c02ebe264dd7e164ac873dbccf
01_raw_api\legacy_site_peaks\02429949.rdb,0.004189491271972656,a43ee60c9fca2a2b13f7c9d68ceaeae983f203065da0a139e1c972a72510c67f
01_raw_api\legacy_site_peaks\02429980.rdb,0.0059337615966796875,22a4a81f57622af4c0e5581bb9efc9e8fa7e0d1f393c04f562f2286584a04de9
01_raw_api\legacy_site_peaks\02430000.rdb,0.005275726318359375,2922d8793ab947d5a20b9a301f2dc516cfa22b784ce4d2bbbf46bea12ef6062d
01_raw_api\legacy_site_peaks\02430012.rdb,0.003627777099609375,96914fef5d6192744cd0a50e7771fab6e2b82ed2adae46bacd8ae00afde99dd6
01_raw_api\legacy_site_peaks\02430038.rdb,0.003742218017578125,2e1202971bb2eb39a5b25b447c449d336827b450d5d3014f2394e4245f72fa61
01_raw_api\legacy_site_peaks\02430085.rdb,0.005713462829589844,279e8988d7a9f2cfc08bbe8d80d03c083c8396ef5b69e96853cdcf2dade72e7a
01_raw_api\legacy_site_peaks\02430100.rdb,0.0039920806884765625,7976bb54317e0a5b6dafda0371145ca74944d1f0f25a91a3e9324b4e4fbad990
01_raw_api\legacy_site_peaks\02430500.rdb,0.0047779083251953125,f558dd9b27e53717490eae1b9c980ca04cbd1ae1c48ce3fb6ac94f9b6910a326
01_raw_api\legacy_site_peaks\02430615.rdb,0.00542449951171875,709c07a963b1e797f84a0917db2c0353d1300c9ab0521933a1953f11a52e3ae0
01_raw_api\legacy_site_peaks\02430680.rdb,0.00597381591796875,126db5686e7d81e966627d8413e98bc9288f6f66147ccdfcf60794a5763fb77c
01_raw_api\legacy_site_peaks\02430880.rdb,0.0056133270263671875,567f768a4733d49cb8b70e2f86977a7cca948a0b255965d2d872ed3bf2e4ca7e
01_raw_api\legacy_site_peaks\02431000.rdb,0.0078887939453125,c683490a3b0ef74bbe4adc97240ed6a8e0c07639e1fc1cdd338fffc4a6f43bbf
01_raw_api\legacy_site_peaks\02431410.rdb,0.0037946701049804688,cf0bd64765d5d23302e69aeed773df4034713674b056d2928dda47c2e9cbc350
01_raw_api\legacy_site_peaks\02431500.rdb,0.003993988037109375,90232cb8e5040e4bcd5672caab35c5df119fed6faf5ed69ad2d5f4e035c7aed1
01_raw_api\legacy_site_peaks\02432500.rdb,0.006648063659667969,cc349ae66922971e8be4db0ca210cc245ed14b4762c1a6f6419b6001274cd869
01_raw_api\legacy_site_peaks\02432900.rdb,0.004391670227050781,c439d36ca7b9e04f38364c3fd9daa2943a69e833fffd5381f409a195cb29f513
01_raw_api\legacy_site_peaks\02432920.rdb,0.0047130584716796875,e4ccd8de9a1f13df4f28f70b3b52cb1cd6a2d1e2add001b8720f3f05051a8631
01_raw_api\legacy_site_peaks\02433000.rdb,0.005782127380371094,a6255c6548c64d649464de43a54b58dcf75c90443e54d406b73058c27c404725
01_raw_api\legacy_site_peaks\02433500.rdb,0.007370948791503906,442b4ecfc3e98162e14a798795af1917cbff019f91e3c30ac4a54bfad613371f
01_raw_api\legacy_site_peaks\02433530.rdb,0.0036563873291015625,7c410720f1b4820fd52e9057ec526912301b95d79a65554215e7ad946efb6b59
01_raw_api\legacy_site_peaks\02434000.rdb,0.00710296630859375,98d065883cd3594b82d72eececcd54455a7e5cbe3882ffc57228024b31f87313
01_raw_api\legacy_site_peaks\02434250.rdb,0.00405120849609375,bca21fe00d17baed07c49e72251ed6387ebeb807b29c6259bbf42a1c386263b5
01_raw_api\legacy_site_peaks\02434460.rdb,0.0035505294799804688,be7336a29d8f0e7315f9d829790085420666113dbaece71c3d5231cd087c61ea
01_raw_api\legacy_site_peaks\02434500.rdb,0.004665374755859375,d2040825b6de8feb4d56bb58e47c1313b3aa7f5e0edafc68325c1d06af635a05
01_raw_api\legacy_site_peaks\02435000.rdb,0.0038766860961914062,5943aa5a9d0338a4471ef41aabfc1a1c1bf402cb33ff0ac5e44ad5743d75bbed
01_raw_api\legacy_site_peaks\02435012.rdb,0.004248619079589844,3d43928e437f663c4e8380a97ff1f6ce49f42dd0f3acb8eb9a40cca3623c16f0
01_raw_api\legacy_site_peaks\02435020.rdb,0.005816459655761719,f788d24735ebb67792f2ffe006993bce58982077beecb9cd0008845dd5734d09
01_raw_api\legacy_site_peaks\02435300.rdb,0.0044307708740234375,40c748b193af770ce21c51f5cb7d4df9b4b5dbcb3fcaa1f7e4e084b9311f5a73
01_raw_api\legacy_site_peaks\02435400.rdb,0.0047054290771484375,d9257288c698095820023e12c81804bbc286c87bdbd91b4d61e9ccef6afd277e
01_raw_api\legacy_site_peaks\02435500.rdb,0.004418373107910156,599e01cda55f162252ff34546093bf22c3fbd614d9b26a1e11c2108780614e00
01_raw_api\legacy_site_peaks\02435800.rdb,0.006711006164550781,50917ed9e3ecb083100040904a38dd1f1d9f56f028a0fb8ac000ca52c055ef67
01_raw_api\legacy_site_peaks\02435920.rdb,0.004427909851074219,5c7cdb18a9aebb25ae7a2b1e22cf9186b01a621d7f3768cb115d93bfc3f9fa21
01_raw_api\legacy_site_peaks\02435930.rdb,0.0047702789306640625,a37e53fc869da17d8a5ac42f99993d9543e6665e1f6bca4078eb9f5f02ea9e8c
01_raw_api\legacy_site_peaks\02436000.rdb,0.006591796875,45650ac07bf2a2fa2489087d8fb418025494cbecbc0443359c22283b230f5543
01_raw_api\legacy_site_peaks\02436500.rdb,0.007443428039550781,3a84f0058f68a426340e7080666ee7872bd73701f7ee8d09aa6b66c75e499893
01_raw_api\legacy_site_peaks\02437000.rdb,0.007818222045898438,a83ce02e43f41ded25cfe8a0ca6bc00a391819b1bc0849d79c87e3ed5c2fbdeb
01_raw_api\legacy_site_peaks\02437100.rdb,0.0050449371337890625,a479f911e4d2cb04297b9f856574a8b73efabd284e0918b10fdf9aeb8589e883
01_raw_api\legacy_site_peaks\02437300.rdb,0.006739616394042969,a51c14269c132cc4995e108e1e6f192138696363e95c98fa804ef8157e76d9b3
01_raw_api\legacy_site_peaks\02437500.rdb,0.0071544647216796875,3c273261d4cb798bd1d047c3238e7b39244119dfcec228d397385be54e66650f
01_raw_api\legacy_site_peaks\02437550.rdb,0.005916595458984375,b5d930d691f3cb7c8355b77e77deac8843f6dc8b8f43ebf61f50e6e6f3796334
01_raw_api\legacy_site_peaks\02437600.rdb,0.006175041198730469,9c3df9f75dc3f816ef4e82d37a44c000371878b90a246d1d2c91b9da2d883b05
01_raw_api\legacy_site_peaks\02437800.rdb,0.0041255950927734375,d0f3b915a38eb08d05209a8c199197ec4d1b674afa94195108692ebd5a4bcc58
01_raw_api\legacy_site_peaks\02437810.rdb,0.0035400390625,ae266199a8500c943238a3d3d5bc9c466098b491f6abeefaf1df84d1d1bb1580
01_raw_api\legacy_site_peaks\02437900.rdb,0.003993988037109375,70ddfccd7ed48288dcdfe4b2055fb70aa6940d1f0765bbce3b6b73bb65ee4f0e
01_raw_api\legacy_site_peaks\02438000.rdb,0.00664520263671875,ea0417eb6c65a51baa6c370b54071058b449a533b936e2445fa7bed6dc7b916a
01_raw_api\legacy_site_peaks\02438500.rdb,0.003939628601074219,dc47f82cbe9d67b33ce525e152856f318d8b71a7970be44923b5fed49b2db2e4
01_raw_api\legacy_site_peaks\02439000.rdb,0.00508880615234375,133eb830248fccfa7b8cab342be2e526ee8d6bafaeb9598b827b51ccf2dc87b3
01_raw_api\legacy_site_peaks\02439400.rdb,0.0062198638916015625,99797b92d515d1562c440ba88c2def0318185e2c32b1a564ca5cb3ecba45becb
01_raw_api\legacy_site_peaks\02439500.rdb,0.004298210144042969,151843acd458b9d68bac8dc1ba6101e678305bb3fd6f26237656c580c234c2f1
01_raw_api\legacy_site_peaks\02439800.rdb,0.004412651062011719,73f83b4f8cee591b3c87a534273b4c8feb6857451fb134f5064f1c43940c6fdd
01_raw_api\legacy_site_peaks\02439980.rdb,0.005898475646972656,b1981dfb47725e0923afc221eb1fe314d6c1f65d527af84277258d8afa6d7584
01_raw_api\legacy_site_peaks\02439997.rdb,0.00429534912109375,ee25b26dc1076c7540b2e6864b8e22136fd92ef470862c0b8048ab090a595fbb
01_raw_api\legacy_site_peaks\02440000.rdb,0.006228446960449219,2ef1acf562895c4569e025bf888c0d70b6a3bbf1b44d8d856fa95c0abbf98d57
01_raw_api\legacy_site_peaks\02440400.rdb,0.006237030029296875,b1f1e9473446eadd7e659c6adda3b43a14bfe41196dcc30cec69b80e0932d259
01_raw_api\legacy_site_peaks\02440500.rdb,0.007218360900878906,1fb662862dda74b99c87ea84fd250aa78d41373bc3ab74148dd5ac4df7ae4312
01_raw_api\legacy_site_peaks\02440600.rdb,0.00665283203125,7ce69e25f961327a038926e3a298f6635d1d64ea23a7dfe2f959d075eb72d544
01_raw_api\legacy_site_peaks\02440800.rdb,0.006744384765625,36acb2ce43c4f6a96056cb58f8850f0c84aface5b148c6b0eeed6d9f4c81dda3
01_raw_api\legacy_site_peaks\02441000.rdb,0.007296562194824219,1828faf6e7c8544039dc11e8a2569e9917cfcd2bb663a7979bde37f4eeca9ba7
01_raw_api\legacy_site_peaks\02441220.rdb,0.005961418151855469,8d9ca5c63e2ae0ef7031326c516bab210fc4db25de959eee51d75d57a10e7524
01_raw_api\legacy_site_peaks\02441300.rdb,0.0061283111572265625,96f3013e8445e77099a759d26369de402371ec501354770ceedcd7adbc7da835
01_raw_api\legacy_site_peaks\02441390.rdb,0.00540924072265625,b2998298d050c39ab79a0f686c02520ec289bc689b415c383058d4d6fd2d4601
01_raw_api\legacy_site_peaks\02441500.rdb,0.009603500366210938,fbcc4796f13ebd3cf525513c5cf226a2d96b208a97bdea240112ccc4e3f3e1ad
01_raw_api\legacy_site_peaks\02442000.rdb,0.0049457550048828125,11fdced15a2221679bdd52d1c7e52382fb0b857f51952ec16c285f9f95832439
01_raw_api\legacy_site_peaks\02442500.rdb,0.005160331726074219,2288ebdd859ba810f022c7605eb3738bf4cf8fffd06b81fd89e5248495c002e6
01_raw_api\legacy_site_peaks\02443000.rdb,0.007231712341308594,49e7d0545faaeabe42bf0a74909b6e29fa897ce73a1a820a8d6d3e7125f6a546
01_raw_api\legacy_site_peaks\02443230.rdb,0.004014015197753906,3d76957953286880dd7c6272b7e76e273314cfd323151d4644c56d02d8f34062
01_raw_api\legacy_site_peaks\02443500.rdb,0.006583213806152344,ba5f186dc3c7642ad552c350d0b0c2e57258f8e1a1b545bd31e8a4bf032f4979
01_raw_api\legacy_site_peaks\02443605.rdb,0.003947257995605469,2bd617fcd38233b0e00aac2054b3da896f59cc41d9f9d5c4df82ce182536c3aa
01_raw_api\legacy_site_peaks\02443700.rdb,0.0043239593505859375,d9d54da0f1389f0882e08d6a096965e6f00fefeccddb2edea613571200c5234f
01_raw_api\legacy_site_peaks\02443730.rdb,0.004055976867675781,80ccc2a9114ee2a6b70be673a00898782bff258656fd538a6126160c3234236d
01_raw_api\legacy_site_peaks\02444000.rdb,0.004607200622558594,f2ebb710f104b66e520d08398b5a6c30c2827886f931fd4d9c71842dcfc22d7c
01_raw_api\legacy_site_peaks\02444160.rdb,0.005801200866699219,35e2cd00ea5755ae1deabc3b6cf4831c018ed9ac85fbe43e0da1ee1464ea528c
01_raw_api\legacy_site_peaks\02444161.rdb,0.00484466552734375,6130e282443cdc35720dbbf653cecb116bff457d5c65425c74064f1fb83368ae
01_raw_api\legacy_site_peaks\02444490.rdb,0.0037603378295898438,9116062bfe0843d1a1370414919b255bd7855b1b35c8fa76794dea647ade509c
01_raw_api\legacy_site_peaks\02444500.rdb,0.006861686706542969,5ebf96d54189990da696ad68d036aaed0ba9d6d68f164fe9beba28cd015e4757
01_raw_api\legacy_site_peaks\02445000.rdb,0.004137992858886719,f0fada84218adf1e93f37cfb3b5d2846b0843315e897e59bd259054cc5e8a670
01_raw_api\legacy_site_peaks\02445245.rdb,0.004405021667480469,b1f9c1f1d79d8ff884635de783c87cf75e4f9dae36b5ac785d012bf9f184b9d4
01_raw_api\legacy_site_peaks\02445290.rdb,0.0035305023193359375,01ddc0873e515f7b8b3f7bcdfac1e9dd0e4eb00564f39768ec4966d6abb2289b
01_raw_api\legacy_site_peaks\02445500.rdb,0.004513740539550781,554daae6687b0867b5dd9512c522320b73c6a3a4ec4e5f24b367bac0bfcf9699
01_raw_api\legacy_site_peaks\02446000.rdb,0.004069328308105469,9545ecae2dd9ef82e565315acda8919a905b1dd437cf33cc62047eefc323e1b2
01_raw_api\legacy_site_peaks\02446500.rdb,0.0071563720703125,3a8d9b11d229a3d21341c64dba0c4a296bc721f216ed8f4d6678454e3dfe3624
01_raw_api\legacy_site_peaks\02447000.rdb,0.0044879913330078125,32c00626efee7e8d06f0bdfd7f2bd6f2bb94b8d08f6d55514c5c68818170b639
01_raw_api\legacy_site_peaks\02447025.rdb,0.005584716796875,c42b1cccfa66311a98e3c1a8cb9fa3809b084b676b1c51b400bbad8ac5aac62a
01_raw_api\legacy_site_peaks\02447026.rdb,0.004830360412597656,e5ccf52e91ec4c43bf167648839269f073cbbe3ba2070e32738e858f21e5c623
01_raw_api\legacy_site_peaks\02447220.rdb,0.004294395446777344,e1786dea348053a38c3fc9d2f7451fafd390b7e72f7af16d22f16a5fb16fe93b
01_raw_api\legacy_site_peaks\02447280.rdb,0.004031181335449219,0f8682129376bac266702cdd9174c55738474d1b7e7327ac80bb4982aaec1061
01_raw_api\legacy_site_peaks\02447340.rdb,0.003996849060058594,c2e53af8b4456f35f70114bef21eaddf39ef2c8855b828c2d2996cd6d2246493
01_raw_api\legacy_site_peaks\02447500.rdb,0.005038261413574219,d663239a5ea044d763d1f0c62fbb32c4e94415522f84284bb60dd8ff2b97ca87
01_raw_api\legacy_site_peaks\02447800.rdb,0.004466056823730469,d4a19397e37984cf47be9cc92fdb0e7202571b5ad46a2c0a5e6c03d891ad7765
01_raw_api\legacy_site_peaks\02448000.rdb,0.007731437683105469,ce8d778acc1898ee59525fa9869aab88bdb326546b828e0353ff5cfa95651285
01_raw_api\legacy_site_peaks\02448500.rdb,0.007256507873535156,581e832fdd893f9440f7751bd2d46cb8c67e5383f72f88c0b3eec31705575400
01_raw_api\legacy_site_peaks\02448620.rdb,0.005978584289550781,772573830ffd466e7ad5220e5eef0722f4269a0784499a718b16af9d032a20d3
01_raw_api\legacy_site_peaks\02448900.rdb,0.0050258636474609375,3c47718b8e3df41de4797b83f322f79c4ea1e2294c8aaa40e23ad94e11cd43ca
01_raw_api\legacy_site_peaks\02449000.rdb,0.006133079528808594,d6f1f55ed8a6e8b9fb740db57c596991dd139e2b66c2d9c9ac6553360bfa221e
01_raw_api\legacy_site_peaks\02449245.rdb,0.004576683044433594,334da2ff3b496cc448d58b10f5197b0058abba5c3b304bc987c9c1254fbf97bc
01_raw_api\legacy_site_peaks\02449400.rdb,0.004181861877441406,3ea273397adbc78ce07b423786b5c7fabcfc3961ec4fb3ea0771cdcd7115e440
01_raw_api\legacy_site_peaks\02449500.rdb,0.004654884338378906,603c7583f15a7166955e3a88f19a627b300ac446e22053dd6c33f94e211c5900
01_raw_api\legacy_site_peaks\02449775.rdb,0.0035333633422851562,ea6358c55e9e20bd75049fab53d2a43a6aee1106b4ba9e9f71969e4b958326fb
01_raw_api\legacy_site_peaks\02449838.rdb,0.00392913818359375,324285312e1e1b94ec8613e133c1eb61c13b3fc3ca9be48af6f982d7722a38b2
01_raw_api\legacy_site_peaks\02449840.rdb,0.0038433074951171875,d83e399a0def9854c9a95f1421aca8a4c102c08a0522b805af4bba3dfedbf3ea
01_raw_api\legacy_site_peaks\02449882.rdb,0.0049610137939453125,d1596448e5884781519985e05b64398294348b4c152be8eac6482b96d9f6befd
01_raw_api\legacy_site_peaks\02450000.rdb,0.007531166076660156,7a36706300837549f39eea92506365617a50e5f2506aa56ad8645df2760812c4
01_raw_api\legacy_site_peaks\02450180.rdb,0.005593299865722656,2ad52754c7362fc9d4ebac85572d93027b2b398e0e194e9b426fd867691e22e7
01_raw_api\legacy_site_peaks\02450200.rdb,0.004174232482910156,cac17bee16384266057b29d8eda286c14a6d5439801254c64ad77a0071f75398
01_raw_api\legacy_site_peaks\02450215.rdb,0.0035343170166015625,96ba7da0c9d383676050fc0954096162893c905b81af71e4e1373d9d89bd1de8
01_raw_api\legacy_site_peaks\02450250.rdb,0.006134033203125,944a77894a81054fb8112d00b1f1d5bce3e927d1ff9e84d9dcb2338a8551d4a2
01_raw_api\legacy_site_peaks\02450500.rdb,0.0039882659912109375,afcf89b855cfa5fa063122a53f4ad23a27b34c962eaf20f579741539f0b38b2a
01_raw_api\legacy_site_peaks\02450825.rdb,0.005120277404785156,1b4a9196be1a67fd1041aef45b7c1f72d87a93879c7ca2d96bfdcf8a7206f6d2
01_raw_api\legacy_site_peaks\02451000.rdb,0.004398345947265625,7e0a0e748c663aac89876b8f7b68159f173e009077d2f2314a12e1f0c09dc070
01_raw_api\legacy_site_peaks\02451500.rdb,0.0044879913330078125,1ce31db2d76435620b4641a87aee1a3a6dee518c97929a6413771994314f28d0
01_raw_api\legacy_site_peaks\02451550.rdb,0.0038251876831054688,2a1e1ee1a22865f24836bca10d24cef2622b95b29aceec74002c35f9bbbf7962
01_raw_api\legacy_site_peaks\02451750.rdb,0.0038633346557617188,67bc61d0fa87b19eb3fb4bd92360f9b4d6df6e01490a702b4bbcaa6f7f5a46ee
01_raw_api\legacy_site_peaks\02451950.rdb,0.0039119720458984375,c58f5e23f8d3042045a4f861296cd36e10c96c3b0d6df0008d0ca6133ed07525
01_raw_api\legacy_site_peaks\02452000.rdb,0.0038423538208007812,de33777dfe7f225b4bc458d220b35f1df9935f77803f5aa51607e64ef069f09d
01_raw_api\legacy_site_peaks\02452500.rdb,0.0039196014404296875,a2f0f004d456dfeaf18fc3478e518526c413f4f7e5472ce98b5ef2c8719a5738
01_raw_api\legacy_site_peaks\02452505.rdb,0.0035276412963867188,f6dd7a54ab82591a4ffaa0aa18309152407805eeececb90da26c7aaa12c149fe
01_raw_api\legacy_site_peaks\02453000.rdb,0.006682395935058594,a99bf61a0c15514cd6bfc6b27710e35bd3c95e7dd2f5195c695673a19288b37b
01_raw_api\legacy_site_peaks\02453390.rdb,0.00362396240234375,569c677901d880cbb548c27ee60aed39a464df1469f26b2038336c2e20589bf0
01_raw_api\legacy_site_peaks\02453400.rdb,0.003998756408691406,fc41219104239108644e121b02de8875002bd18dc905236723cec4fdc45af0b6
01_raw_api\legacy_site_peaks\02453500.rdb,0.006186485290527344,4190078e3f38d50273a3f9de9975c25463ae74d5127dfcb964e377e91195721d
01_raw_api\legacy_site_peaks\02453835.rdb,0.0035753250122070312,915dd6416f6ecf1fdd928efa9d8ef69cc02855ff7fbb13d2daf9887b94cf3e6c
01_raw_api\legacy_site_peaks\02453900.rdb,0.0037860870361328125,85bc329ccaf4c5e17e06e591986b66621ab5e481c314b20ebd53a375a70e9e73
01_raw_api\legacy_site_peaks\02453950.rdb,0.0043239593505859375,f1381f635a0712f5da89c614bd25a665d66834df8c5249176799d247c996207d
01_raw_api\legacy_site_peaks\02454000.rdb,0.004637718200683594,d3b91f1c874d5b4adbd342eec084c689f670f2dade1f4bec142e53f42414dc9e
01_raw_api\legacy_site_peaks\02454055.rdb,0.00478363037109375,ca9a2f1a85d3749c5ad64cc76f8f430a9ecef699f348e61299db91df5ca2175a
01_raw_api\legacy_site_peaks\02454200.rdb,0.004101753234863281,721b02a96c06206800a8f4cbfd02be4e198acbcfae09d375a52a5a82ca3a275c
01_raw_api\legacy_site_peaks\02454500.rdb,0.004237174987792969,2aef5d9d0cfc958bfdb0a1e8eb23117fe2c6c22ea0f4a6991c21054ee176641b
01_raw_api\legacy_site_peaks\02454995.rdb,0.0036220550537109375,f67a432c43821a0e15bb5692ef1f082515d1294b0101cda764f6f659ab18b36b
01_raw_api\legacy_site_peaks\02455000.rdb,0.007248878479003906,5ad627daf0ad1b47b8390a8229b799057eb312046d9c5c6913a870353c6518e4
01_raw_api\legacy_site_peaks\02455185.rdb,0.00432586669921875,377363fd7c8d17cc3e0a89c38480962c9a96e8c0b978452c661c6c18a8a337b0
01_raw_api\legacy_site_peaks\02455280.rdb,0.0037202835083007812,aab3f61d5ad48fa5c2512c34a37b06faab7574dee8917349ddbbca3f6327b227
01_raw_api\legacy_site_peaks\02455500.rdb,0.0062465667724609375,10d74feef729d4ae26c3fca78e22857ae4ae02aac82c840a51324a4cc935f63e
01_raw_api\legacy_site_peaks\02455900.rdb,0.003937721252441406,c31f3c461c188b53a4d743d1a266a872fec03bac750f334decd05d610487a96d
01_raw_api\legacy_site_peaks\02455973.rdb,0.0035409927368164062,ec9708f49cf94bd75668df809967a112b37212a186ddb6dee702fe8551fae1e4
01_raw_api\legacy_site_peaks\02455974.rdb,0.0035429000854492188,e61780edd18270d8b1eeb559dd36e63df167c01a22b56d5f710971ce95e942f0
01_raw_api\legacy_site_peaks\02455980.rdb,0.0051326751708984375,9e0e9230df7ac6470d68e095a34fbc31541d880dd1f22d9117394dc7cb55c5f7
01_raw_api\legacy_site_peaks\02456000.rdb,0.0058498382568359375,74a8f72b08e245bf6c33026822b0d0a75a57ca17a9f0f8343f16719addb7002c
01_raw_api\legacy_site_peaks\02456330.rdb,0.00405120849609375,3e6dd23974bb455db7bae53ab79504e4c60f83484b4536f40b2f8708962acbd7
01_raw_api\legacy_site_peaks\02456500.rdb,0.007335662841796875,8bf3da65bc28931e71345eb98d6ba98e2bdbeef47ee9e207fca0dd61912ec954
01_raw_api\legacy_site_peaks\02456980.rdb,0.003814697265625,2d5cae95a3a3634cc9e307c8fef0e85f8738200fa014548d1bb446440c548ea3
01_raw_api\legacy_site_peaks\02456998.rdb,0.0038042068481445312,ecfb2c11a511da738dc1eb0bcb5a34a5315ef6393b1e927f41de564225a4af35
01_raw_api\legacy_site_peaks\02457000.rdb,0.0055255889892578125,94ac2b74ab4d3cd6e7a1f6258b81cf4d7b510e7ceeebff459f67d7f747d1cf1b
01_raw_api\legacy_site_peaks\02457595.rdb,0.0051479339599609375,589df532804fd2bb12eac97ddc06cb72ce9188ad2fe6263428b7201d2f7d9ce6
01_raw_api\legacy_site_peaks\02457670.rdb,0.003951072692871094,88f5d361c48c5ac0ef4d72996a87d730ab0ff96dee4faaa6f7c2e9dd4b0ba5eb
01_raw_api\legacy_site_peaks\02457700.rdb,0.0039730072021484375,75560a3193f583947204d31e6291ee8659ad691a4ae2110cd4fbabdd9cd384ad
01_raw_api\legacy_site_peaks\02457704.rdb,0.00373077392578125,4bd5d2c63ff549666cece7fbaabc6f7b2b39930a1ee8a4ec99024d3eb22242fa
01_raw_api\legacy_site_peaks\02458148.rdb,0.004428863525390625,df194fe8f65687e49c8ed83617cf36518eea78b848e96ded116f95efc1ddb981
01_raw_api\legacy_site_peaks\02458190.rdb,0.004181861877441406,99f606094132f61415dc606e0910d607622b2aefb58e53bd0cdd5807e682fb59
01_raw_api\legacy_site_peaks\02458200.rdb,0.0040416717529296875,2fc000e28f0a3d4046070ff282a55e5a10ccd875de86a8781571c1972383600a
01_raw_api\legacy_site_peaks\02458300.rdb,0.0049495697021484375,3fdad3b31e4d878759bb1707aeae6cdb1133b7b72b7b352e43d6ad517a73f114
01_raw_api\legacy_site_peaks\02458450.rdb,0.005320549011230469,c896e469a2261c0730479391c81d7082c50d0a4a1b90d5c49b8b02be0837dd6c
01_raw_api\legacy_site_peaks\02458502.rdb,0.004429817199707031,2e17cd484f8df0441030387c74feac9a082f04fc70c52db281549e4932d2728a
01_raw_api\legacy_site_peaks\02458600.rdb,0.0048236846923828125,0c60d5a90779c0e610a58c7a5fe8cf460ad6b48fd0772c4a240a8823b09daee7
01_raw_api\legacy_site_peaks\02460500.rdb,0.004886627197265625,afc2bd2e34930153f588213dcfe5224cc680e9f11304250175255891edce80c9
01_raw_api\legacy_site_peaks\02461130.rdb,0.004059791564941406,c035e4f0f04d9412f6f283d90e7c0aedb0fc141fe571ed9c32dd969b7ba5816e
01_raw_api\legacy_site_peaks\02461192.rdb,0.0037841796875,cc3b641eec58af125d7c6ccbb3b2e0c8ba5227b7733d81fdcf07c37c49bddf62
01_raw_api\legacy_site_peaks\02461405.rdb,0.0038366317749023438,fa8a6fc33527f385f597bec0ce9766a0746fcdb8b5987f8968c1ae9b275a8a5b
01_raw_api\legacy_site_peaks\02461500.rdb,0.0053653717041015625,0070d06b1ccf6b33060913e1d80c8709d78ee1a61aa7b53b9a4c9008dd98f447
01_raw_api\legacy_site_peaks\02461630.rdb,0.003742218017578125,0b6d4f3f881899fdd666a68284308ff2c0b64ad462e837d8636cd3d12940a02f
01_raw_api\legacy_site_peaks\02461640.rdb,0.00402069091796875,76632416c493cfb5ae9dc1944e9f68055a1f1cbb3bb343ed7244bb7239e8ff44
01_raw_api\legacy_site_peaks\02462000.rdb,0.006755828857421875,a33bea8b8f96f794685fa46d2f9868291143057114f4301d52576b36a6f81008
01_raw_api\legacy_site_peaks\02462500.rdb,0.0061588287353515625,8e30ef125f8b301a35bf2ac5c7a6eab0e21daec481e799d2ade6b02b2107474a
01_raw_api\legacy_site_peaks\02462501.rdb,0.0053653717041015625,45fce2269ef7b94b2e5fb2cd4dc314b3315ff422ac5167981483d611ac3da42b
01_raw_api\legacy_site_peaks\02462600.rdb,0.004421234130859375,9d3a9a1be6040761a872f41153c972295033c5c43786db8bb6e0136b5ca6d8c9
01_raw_api\legacy_site_peaks\02462800.rdb,0.0042266845703125,efcbcad4eea60dff5f086896a5a4e332c57dccb8baf13934e27ce1d4dae52fab
01_raw_api\legacy_site_peaks\02462840.rdb,0.0035915374755859375,6d427812fd5f249d25161824cc4323f58adea8bf21474e82551c9d987c309f23
01_raw_api\legacy_site_peaks\02462951.rdb,0.00603485107421875,81e1b5f0ef60948600e7107a34df1febaf097698abec1306a0823e9a06b8fba8
01_raw_api\legacy_site_peaks\02462952.rdb,0.005547523498535156,983dc7edb86c9223198cbd29a94a49302e007179b86fa947b735b864aa1e23cc
01_raw_api\legacy_site_peaks\02462990.rdb,0.0037860870361328125,aa08b29b2e201632f4dd08b752b1f6e871c2878476a52bfb1082f1bc25adee30
01_raw_api\legacy_site_peaks\02463500.rdb,0.0042247772216796875,c6f129a8d4b9bf2d04d123058eff2c3c994dd0230e4da1dd33fb6efb15037dc6
01_raw_api\legacy_site_peaks\02463510.rdb,0.0035333633422851562,29369f5c462fa5235541f844791f0245a269d4c695b524fb55a32e62de63d9fd
01_raw_api\legacy_site_peaks\02463587.rdb,0.0035314559936523438,e15a598e467b845b64f58e0d1f7c5038c4b1d452c2611aa69e6e33136771ba36
01_raw_api\legacy_site_peaks\02463900.rdb,0.00376129150390625,450be40dbc1250566fc38c732ab23995da1abb8b7b1a68057f0515a2c59e406e
01_raw_api\legacy_site_peaks\02464000.rdb,0.007470130920410156,7a84ba9a27a370f2b1369de561e1882b9f912f317d569533bb5dbd8ee04bbfb2
01_raw_api\legacy_site_peaks\02464146.rdb,0.004973411560058594,ea38130a1958601d30a4bfa7a8cc8a5ba37a853511caa0f11b27f5394be9ea2d
01_raw_api\legacy_site_peaks\02464360.rdb,0.004864692687988281,4d8881cc1ae4eb19040fd8b9ac404841fdced942046ac8b2c8d7fb9fcb8a51f4
01_raw_api\legacy_site_peaks\02464385.rdb,0.0035772323608398438,a98072f5baddbf2e65bd4a961a8c3a42d2ab861a426d3f71425b1a8a62ce4c4c
01_raw_api\legacy_site_peaks\02464500.rdb,0.0043468475341796875,2a786293052d6f1e06e8eee61f32747b647ae8160e0cf0793c5fe1f6040d04b5
01_raw_api\legacy_site_peaks\02464503.rdb,0.003574371337890625,9d1eeaceade3c90c59f36671bbbe29e080d164d8001d65ee364f9c787c150d08
01_raw_api\legacy_site_peaks\02464660.rdb,0.0038843154907226562,3f3bf3d85817b05e05aa07afe7b5847711374679dd412ae1a8fbab4c66e06984
01_raw_api\legacy_site_peaks\02464680.rdb,0.003570556640625,8e3da7105976068a192cd8aa9f170929af3d1ea1707a27ce1bde8f0fd421738f
01_raw_api\legacy_site_peaks\02465000.rdb,0.009537696838378906,0093501e014936c657d2fa3d36c85aa168cdf8bc55f9fa73c5c3cd281a32b00c
01_raw_api\legacy_site_peaks\02465005.rdb,0.005778312683105469,6df03e4f52fcc829e45c2df46355e66a6a03e45ae9dfae905d09571adde1f045
01_raw_api\legacy_site_peaks\02465080.rdb,0.0035915374755859375,54829135b36e32893e8bc6251c40da8602dd99d35e7c98c33363d7c4c065628c
01_raw_api\legacy_site_peaks\02465200.rdb,0.0040874481201171875,324ff981ce11c3798e8356b3a9260faf89be1db68d397750c87be4b91ad58827
01_raw_api\legacy_site_peaks\02465205.rdb,0.004008293151855469,993492037d34cafaca6028c771f89a64793aa865b7615369f938e4c54a57579d
01_raw_api\legacy_site_peaks\02465286.rdb,0.0037984848022460938,dd02c68d87fd8626f45258f33f13461ca3cafa602dee92ff9c6f9d4952e075f5
01_raw_api\legacy_site_peaks\02465292.rdb,0.004513740539550781,ed4650bdf4d9d69f26300ea97d18d30f1e6ed2f33602b8b467db5a889ec3b0d5
01_raw_api\legacy_site_peaks\02465400.rdb,0.0037021636962890625,9c7f4b15297ed2d591a5c002467cef61bb65d34b2e96d984eba009b21af2ce05
01_raw_api\legacy_site_peaks\02465493.rdb,0.0055522918701171875,8c91a43f79a69e6f5296a976f3725526a87ebbbf1c80e300d2f0844e22e202f3
01_raw_api\legacy_site_peaks\02465500.rdb,0.004391670227050781,12f3008b6fdbba87a8993ec52e0e8d8f5f49d3ecaef7179e97e17855cef05d63
01_raw_api\legacy_site_peaks\02466000.rdb,0.004899024963378906,8ed5a09c195b22b132f63aec9b53f09b32a9a8f2becc94b105d09f1402bfd8d7
01_raw_api\legacy_site_peaks\02466030.rdb,0.005808830261230469,5cb10686ef2cad03b62f64224d213500525bd909d78f1523d7ea2b8d1d261ed6
01_raw_api\legacy_site_peaks\02466031.rdb,0.0044879913330078125,aa63d93646dbae93dcc6cc084c665c982263685bc194ab236bec1b0eb7926eee
01_raw_api\legacy_site_peaks\02466040.rdb,0.0046291351318359375,4341ec029446cbcf1d461efcf89d016e0308fe0934e5dd999375c03d17b7fce4
01_raw_api\legacy_site_peaks\02466500.rdb,0.00421905517578125,52177722a3e79740459286c88b4471edfc693783d20dff758854cd25487c1087
01_raw_api\legacy_site_peaks\02467000.rdb,0.009589195251464844,acb4d98edeb3b5e8b0e4de8a17b98a2bc93f77a119ecead0a36526b50c4c1498
01_raw_api\legacy_site_peaks\02467001.rdb,0.00556182861328125,f1655547d6c8ade55a9bf9104b863f9daacb604e721d70fb9ddf0077cb44fe13
01_raw_api\legacy_site_peaks\02467050.rdb,0.0053539276123046875,4c221181d0f2428ffbe5f2c73b79cf7bf861497ae7f2fcf7c945582229fd4cb7
01_raw_api\legacy_site_peaks\02467100.rdb,0.004029273986816406,01938cc81c60342578263a28c9596bf020342ccc2549aad952ac2e6dd64ea5c3
01_raw_api\legacy_site_peaks\02467200.rdb,0.0047607421875,d4f04db3c05f04ebc43b0fa047aabe427e8f40d2a325be66e9060bce67abd59b
01_raw_api\legacy_site_peaks\02467500.rdb,0.00724029541015625,50c3807a812429a6d721ad2ff010563588a6940dbe94c72409459427386583e9
01_raw_api\legacy_site_peaks\02468000.rdb,0.0042285919189453125,33d916aee34d5cf79e1e4698d28bf5b457ffccdf9e19c74b5c0cdb7e51e95c59
01_raw_api\legacy_site_peaks\02468500.rdb,0.004786491394042969,0691266a69cb2cb102e2dace2f96688cc5f028dcc6f14d1d4199d65b9fc886b7
01_raw_api\legacy_site_peaks\02468966.rdb,0.00383758544921875,52e887c28d10711471e5423e9a89f600e2495527a73924619c0b2e4e97997fc5
01_raw_api\legacy_site_peaks\02469000.rdb,0.004189491271972656,be2fb5e5ff00550cb33f557a863068f5484145fbfd0975f9ae2d359f81d5fa68
01_raw_api\legacy_site_peaks\02469500.rdb,0.0035848617553710938,370a16beb6193b6118265b806c1fe7a7046a5b9c070aa885bce1b07e09a31b10
01_raw_api\legacy_site_peaks\02469525.rdb,0.005171775817871094,912ef2323ceb016f9f6c2debed1fe9122b5ced026e9e41a28520d3a435039c32
01_raw_api\legacy_site_peaks\02469550.rdb,0.004462242126464844,50fe035dbd8685b4b28bfbe4609f2d9026dacec2b01febaf0e2097acba5a926b
01_raw_api\legacy_site_peaks\02469672.rdb,0.004307746887207031,c30da8eb55092bfb13d85fe3da40bdeeb4e0ec57e8505f1497642d513a170d50
01_raw_api\legacy_site_peaks\02469700.rdb,0.0041046142578125,9f0ab60e943b6db5a2216f265a5e06ddc928ac88301eaa3ffe31ebbccf9553c4
01_raw_api\legacy_site_peaks\02469761.rdb,0.006680488586425781,a55208ea1687cd16ddf88df6e4cc07d505cd99fde18ece61d012f921b3c72afe
01_raw_api\legacy_site_peaks\02469762.rdb,0.005802154541015625,9733c066c2c9c727aa455526d0b93a9dbd83590650900763d27709c35f03e580
01_raw_api\legacy_site_peaks\02469766.rdb,0.005713462829589844,8dfb9ceca361ec401d8987133647b43fd1b829707a2ba13b5350fcadcabd7a61
01_raw_api\legacy_site_peaks\02469795.rdb,0.0038251876831054688,8fec3fc0f7d231662863440ba1b455989d3390f198b5a5e18502fac4b31830da
01_raw_api\legacy_site_peaks\02469800.rdb,0.0066204071044921875,4b799ea7b3047cb8dcb943908271c50f10f55da04273e129664c9b745d5cd696
01_raw_api\legacy_site_peaks\02470000.rdb,0.005114555358886719,b612c12d2e2541aa55fedd8c043da8cb45367df8a1bccd4a792dcaf60db3e2fd
01_raw_api\legacy_site_peaks\02470050.rdb,0.0047626495361328125,daa8696e2e01e85e5cb01b4e28c26effd439ce1ff156faff0c642d6e4d47d45f
01_raw_api\legacy_site_peaks\02470072.rdb,0.00484466552734375,c2dd9ef90c50b91f8ab7b12202668e2f41a47fb9879a66c854fcff0c155d9612
01_raw_api\legacy_site_peaks\02470100.rdb,0.004406929016113281,756a5327463eb61dda5085717f7e807fa10e58bb53f809e31a65ff5ed2ae748c
01_raw_api\legacy_site_peaks\02470320.rdb,0.0038394927978515625,6e4cb129da1d851e41f9a4c8994bf3692712cbb62687cdbbc69c43684e9fe0eb
01_raw_api\legacy_site_peaks\02471000.rdb,0.004237174987792969,bc941416c3ea77d6b9bf266d1f2935179c2666f71e8f472eb816fff0c2858c26
01_raw_api\legacy_site_peaks\02471001.rdb,0.0067577362060546875,f08968cccf8a2827e74cef22d2fe45ece1ea30e72b2b55894b135ce364fe1490
01_raw_api\legacy_site_peaks\0247100550.rdb,0.0036678314208984375,017ea7b80bb29ce2bc55b47beac1d7b0fdf602feea93327b238980745e7f9777
01_raw_api\legacy_site_peaks\02471013.rdb,0.0036783218383789062,c54f2184d5b8a3e2ca4a96e99fc7a874762908d51a2535a24a788a32a1ce6863
01_raw_api\legacy_site_peaks\0247101490.rdb,0.0036687850952148438,54f85cbc4570591338977d9ffdbbc0eafa82eb79e2fa005ba055d3868e831e6e
01_raw_api\legacy_site_peaks\02471016.rdb,0.0036573410034179688,201179c7f4544226f1f9b93b9c6abebe17cb7be85af72672ea9909b4482d732e
01_raw_api\legacy_site_peaks\02471026.rdb,0.0037403106689453125,80358b4f87f8ca2e26306b19d028d4bcdfbdd29fb7a093c321e9ba3f3a03b030
01_raw_api\legacy_site_peaks\02471065.rdb,0.004117012023925781,dc6c95497cfa630b25a320f55d6fef361e84edf5c45f7ec1b9f2333148b85b04
01_raw_api\legacy_site_peaks\02471078.rdb,0.0048923492431640625,4daf36f97f3795ceea0d28662f22b889b5408c03fedcbe3058ebf9d8716d2f30
01_raw_api\legacy_site_peaks\02472160.rdb,0.004283905029296875,c9edc712c12c36b873e6a737b998d9113b0df38e2292622cf69f2d977d928961
01_raw_api\legacy_site_peaks\02472980.rdb,0.004207611083984375,d992ca81573dab506f7d2cc91d3c51d07be72bbb8318dd0c77a01f5e35b39cb6
01_raw_api\legacy_site_peaks\02473000.rdb,0.009072303771972656,ee6219b384d645c679372e6135807aea51546bd090439f4bde4df935f33013ef
01_raw_api\legacy_site_peaks\02473047.rdb,0.0060024261474609375,d67adea0655b2dd08e3ec2989e0ddf847181dddc649e84dfcdcda1aaa4ed4a93
01_raw_api\legacy_site_peaks\02473460.rdb,0.0061130523681640625,6de9c1ec7c40551a4a0fcc9ca29e5794afa8e5ef9f48435b757e9729b1657ff3
01_raw_api\legacy_site_peaks\02473480.rdb,0.006098747253417969,c40f9004ee86b7bd4227ad177bd0da68260f863a4e96b35f0b5bec452d7e0de9
01_raw_api\legacy_site_peaks\02473498.rdb,0.003983497619628906,f7d0346ef23224afbe8283bde6a21d1314d24be2576989dab7ddcd33d525ccf6
01_raw_api\legacy_site_peaks\02473500.rdb,0.0074481964111328125,5765ba65e8788ac85c28e0bf64bf755a22aa18f70e1e4f46bfd170521e9a64ff
01_raw_api\legacy_site_peaks\02473610.rdb,0.00399017333984375,74ae0aba3b80c894b9c39ca7eba7221b515fab4cdbfb0cfb46fb521b1eb5f95a
01_raw_api\legacy_site_peaks\02473850.rdb,0.006023406982421875,04e42830a2f48ffa9345a6d75a0af2a66c04bcaaa71daa5c28eb6f9672fdee7a
01_raw_api\legacy_site_peaks\02474000.rdb,0.00388336181640625,d9b18af6985a05dfe3d81a241a16540e3d8151e876205066a8dc2190486544cd
01_raw_api\legacy_site_peaks\02474500.rdb,0.00738525390625,a64ee70da77883b8fa2bc9ddbee850635cc8ff960f1fef8e29aeee51dfece828
01_raw_api\legacy_site_peaks\02474560.rdb,0.005692481994628906,e61a9372d912429975e3d626b29a64261f943561f14d1a536482cc1235a21b20
01_raw_api\legacy_site_peaks\02474600.rdb,0.005995750427246094,8f67c39a2852d1b669fb2e89ab5428a3813683e766dd6b7484246c22d0e0b724
01_raw_api\legacy_site_peaks\02474650.rdb,0.006537437438964844,788a96f94aa1add3a0d92fdee624807d2a7c179f6a06dd8f3f7255adddc6e207
01_raw_api\legacy_site_peaks\02474740.rdb,0.004645347595214844,6b0f796e04ecf8d2338795365893ae53d6a76bc35f3bc4f120cf1feb8d5f429e
01_raw_api\legacy_site_peaks\02474800.rdb,0.0046825408935546875,b8bcb1f617f49571bf02971ad36a2d0ccd3bbd5d7e91eb67d771de21d52c09f1
01_raw_api\legacy_site_peaks\02475000.rdb,0.0074253082275390625,8460ac9a83a4f48b4e186f6eaad0c73de176efcdbe1fb15175d30d5f582a13d0
01_raw_api\legacy_site_peaks\02475050.rdb,0.006440162658691406,1e7340597df96aede31790185610dfbbf83fa76b591acef96162ae5d5fe5a2b3
01_raw_api\legacy_site_peaks\02475220.rdb,0.004351615905761719,08f25e06bfb963361299f30b1a6198b95561aa8a3a153d8feca1a0cd67ce18a2
01_raw_api\legacy_site_peaks\02475300.rdb,0.004486083984375,2fd7d19d8e86fde9eae0f3c27e39956dda51e4f632be0fa2b052b5ad3ea11e98
01_raw_api\legacy_site_peaks\02475350.rdb,0.004321098327636719,6920b3f0d71c401d3a51c692cebaa3326c51496a7603ce78af4862ca67c8d700
01_raw_api\legacy_site_peaks\02475500.rdb,0.007407188415527344,0cb34165e41431d14dfeb01b82c1117d2fc6ff6d0a55ab4a6cb84a698cc82420
01_raw_api\legacy_site_peaks\02475700.rdb,0.004014015197753906,74c161cfcfc6e31d138f9d2d5926f227372aa0fdf0ed038568ebb7389f0bad4b
01_raw_api\legacy_site_peaks\02476000.rdb,0.005084991455078125,163d05bda769ecaf9685a65e1d341e9ab201585c6309fe53a94bf175192c9ecb
01_raw_api\legacy_site_peaks\02476500.rdb,0.007382392883300781,b525137caa34908366651b5507f66a2d87ab832501f820434678157468fb7369
01_raw_api\legacy_site_peaks\02476600.rdb,0.0060825347900390625,4e99e38d41d9a5de2d5bc024d6b9fbbbad0aab5c2cf926172ecbb643b1f26e46
01_raw_api\legacy_site_peaks\02477000.rdb,0.009187698364257812,95ea3df2c65bc73315c4330a1e4a8e74064f546415ab51c31cc472ce03bf0403
01_raw_api\legacy_site_peaks\02477045.rdb,0.003696441650390625,4e8fb84b3ed26e8e330f05534298d461c0b922df7906bdd03612d38f7077987d
01_raw_api\legacy_site_peaks\02477050.rdb,0.006056785583496094,abadf955c8ede2a1a0e12c19730456308d44bb1b982296253f2bced665325db8
01_raw_api\legacy_site_peaks\02477090.rdb,0.004366874694824219,fdc75845dd87bac4946ddf1c433ee61834985dcec37379b32a63ddadff40cb7e
01_raw_api\legacy_site_peaks\02477100.rdb,0.004302978515625,32cd78178a1f5c2df03e098504c14c45117cf1b3fdc5effe16d6b035d7c01ed5
01_raw_api\legacy_site_peaks\02477150.rdb,0.004357337951660156,9481b9584b367a9f0a83b55cb0da141c071f09956da1c781a081e08a96955c3b
01_raw_api\legacy_site_peaks\02477190.rdb,0.0039615631103515625,c6db8fc6a922abbccc4cdfbbfa7035b38fb04c188de65d7cefeac0cfd54325d6
01_raw_api\legacy_site_peaks\02477330.rdb,0.006145477294921875,502e912e126ac155f956f0eb2423f9fc3c3f0191c403eb393f26bddfcf3864e5
01_raw_api\legacy_site_peaks\02477350.rdb,0.007292747497558594,c485972d2dc28e77d7c155fa26dacb53b52f452b31efa9cd4fc438d39e1f860e
01_raw_api\legacy_site_peaks\02477500.rdb,0.006778717041015625,ee8afd633befa1575ff68032ccda992f38563fca54bb6d0de21cb81903d6d896
01_raw_api\legacy_site_peaks\02477990.rdb,0.005982398986816406,ffc4bd486d1b14faa6e8e99fb218dc09cd5f299172b0ee8f3fc539de559d9e46
01_raw_api\legacy_site_peaks\02478000.rdb,0.0042629241943359375,6786fbe0789b36566f45cb92c3d99948ec646738f1f5cc5db22cc3c54568c686
01_raw_api\legacy_site_peaks\02478500.rdb,0.0075664520263671875,564ad5aee699bd8c3ae895e6e8d55cf309c329a68443fa974c8b9af2c4e324f9
01_raw_api\legacy_site_peaks\02478600.rdb,0.0042362213134765625,6ea5e15d8ffc0919bcc0c75d3e06ca2064e45e17d7834623c063c077bbd177c2
01_raw_api\legacy_site_peaks\02479000.rdb,0.009028434753417969,f2bacb85157efb4703443922f2dfb131410405e332c9bbee9b698c715d1a7ec3
01_raw_api\legacy_site_peaks\02479040.rdb,0.004311561584472656,b4d23576cb9ee81b8aa7fb6edbc426f7b0e771db24312dd7fe04594e6676f217
01_raw_api\legacy_site_peaks\02479130.rdb,0.005990028381347656,b6acb8e11582e6a0ae994505c39a8e89ffbf0a5e57a920bbcad9fe98686befbf
01_raw_api\legacy_site_peaks\02479138.rdb,0.0040378570556640625,b1cdd841e4c077664b930269b2d41e96b9a29689b08757bb90b05a0714b47047
01_raw_api\legacy_site_peaks\02479140.rdb,0.004314422607421875,d233a1b177f8b308803902b3e4c389a0371a11ad631ff7702322f079be1421d3
01_raw_api\legacy_site_peaks\02479143.rdb,0.0036954879760742188,81693a90edd28fc3b0494a2174daeb62d888aa9d0f9a38fb8f6017efa1affd2e
01_raw_api\legacy_site_peaks\0247914380.rdb,0.0036716461181640625,6f9448118d6bc5f809881c7830831de3c9a6dce84ef32b307a43c4d21f2d9405
01_raw_api\legacy_site_peaks\02479144.rdb,0.0037012100219726562,66264dcd4c5e8305618132d1c88ac5d3f0c2c155eef553c9f9b8ad2969bdbef7
01_raw_api\legacy_site_peaks\02479155.rdb,0.006146430969238281,7dd623854b8ba55b9ccff7c089e2e155ef1dda134775bbbbd7c73882952b53b8
01_raw_api\legacy_site_peaks\02479160.rdb,0.005967140197753906,7bc0247e5c00e21bbb81309d7aba005f8b2207564649b409ba3b618cac433575
01_raw_api\legacy_site_peaks\02479165.rdb,0.0044708251953125,0569589099d04d74b54a4cd0f5c0d33d8038629b5177838ad3081ac0e7710026
01_raw_api\legacy_site_peaks\02479170.rdb,0.004071235656738281,aa67a16d487843876dd6696124a11d0472f4d333827386c8f4a3477887011ab6
01_raw_api\legacy_site_peaks\02479187.rdb,0.004286766052246094,26e076c5959b8db4cfd17353537d72edc71e971770fb6d7d99076ee1aaccb54f
01_raw_api\legacy_site_peaks\02479190.rdb,0.0044765472412109375,950537b0baa47a7c13ec5f4523804cb090e252c92d7e8bdbac51586acd4ec493
01_raw_api\legacy_site_peaks\02479200.rdb,0.004143714904785156,6768fc892116f7f1c334ded39d574e354a184bc7a01b1d06c28b97123c9e73eb
01_raw_api\legacy_site_peaks\02479260.rdb,0.0040416717529296875,ed2154f31240165a9e52ce3203e1bc83a49e08f413cc89e88c68055d6c460386
01_raw_api\legacy_site_peaks\02479300.rdb,0.006426811218261719,e4b269e942d0d51c802e185fa850cd876cbcc3f44a19831b598f9dc9ee2ee480
01_raw_api\legacy_site_peaks\02479310.rdb,0.004961967468261719,543d38933bd6323445e51bfd97eb1c0b704e4584cf9de1ca27103841f34c8524
01_raw_api\legacy_site_peaks\02479330.rdb,0.0036134719848632812,cad7dc851b19b0b6bd0a9442c4aaa73838410ea367b841d027c3eada8e698940
01_raw_api\legacy_site_peaks\02479420.rdb,0.0036573410034179688,f8d09a9e281a7f15c748bbfd7e20c5a2d3f16cfc86c580e1fa1a3ec098acd86f
01_raw_api\legacy_site_peaks\02479431.rdb,0.004483222961425781,b829f83630b9915720bb20ad48d23d47b8a11d8eb0691c9a88640e015439cdbd
01_raw_api\legacy_site_peaks\02479500.rdb,0.005051612854003906,49bb3e4137687099ec160fd3dc0e66feee91f6f46b8ae33a6dc01ff53f4956d8
01_raw_api\legacy_site_peaks\02479560.rdb,0.005578041076660156,001ff0ac1d7bc9cd7181a3b4ac44ec0a0b9568a97235f799fb001e48e5e7fb17
01_raw_api\legacy_site_peaks\02479583.rdb,0.0036935806274414062,499e5259bc3f563e346f0927ac6eeefcf43bed224b55d11bb3fb3f54e3b4c4c6
01_raw_api\legacy_site_peaks\02479600.rdb,0.004063606262207031,5bb43f146f97ea87766a5189d0176ca27d3d77bc540afb23ea58ce1e371fbfaf
01_raw_api\legacy_site_peaks\02479945.rdb,0.005070686340332031,1128b4016ba3296e87df9ca1f002d63ef34c4b7b2a0b2a7c878079f1e6fcb2ed
01_raw_api\legacy_site_peaks\02479948.rdb,0.0035829544067382812,f158a229b9ed9fdc4aa26b56d1722e86274eaac8a3adf766ed61550e382f07da
01_raw_api\legacy_site_peaks\02479950.rdb,0.0035848617553710938,0fbd3ac4ad4c59678ea5f0f4ce117b891aac76abf11a639f3557202142d135e9
01_raw_api\legacy_site_peaks\02479955.rdb,0.0035247802734375,cc8a9a77a215112687542f1c8957f21da13aaec1af8a9be3a11b497ef4b5d7b2
01_raw_api\legacy_site_peaks\02479960.rdb,0.0035400390625,7ee3ee8e8af9c625803cfb44b17eae3ab162469077428d6677f2175fbe4ee272
01_raw_api\legacy_site_peaks\02479980.rdb,0.0050029754638671875,48dcb92c9f353f932f7da5dd8a9e05284a60da32a5105549dbf397a9eee14fa3
01_raw_api\legacy_site_peaks\02480000.rdb,0.0037450790405273438,85f7def3c2fc641db028c427377b67d85fc8e98024b44df748495fed0211d377
01_raw_api\legacy_site_peaks\02480002.rdb,0.005057334899902344,60bfce191629f70c534b7b213f86365381b7743bd222689d7235b34751c4d699
01_raw_api\legacy_site_peaks\02480020.rdb,0.0036211013793945312,6362a9097ad8fbfb75d0c4907856f6d2da1e64bfa25d5167c8a9a92d8c236d8e
01_raw_api\legacy_site_peaks\02480150.rdb,0.0045452117919921875,f21e3b6bc2a24e44b8a792fd4809c92fb87e7d0b726044111489096d06ad0be0
01_raw_api\legacy_site_peaks\0248018020.rdb,0.004521369934082031,5d602e9996fde0d5672960e6834c286b7348051f6e5daf7ad7e6b56ee2e2caa7
01_raw_api\legacy_site_peaks\02480212.rdb,0.004260063171386719,85c595f8a72caed2280eed7621cf9fb24723cb84496e73b5cae5e02fe845a76b
01_raw_api\legacy_site_peaks\02480250.rdb,0.0037479400634765625,a6d664b8ed289c932ac95742063f7414ca6e60d6c818d511a6a70707b7aeae26
01_raw_api\legacy_site_peaks\02480254.rdb,0.004052162170410156,3aa69572d47fbdb1364e55ef94e0405e3105f4ebed73fe048e242459708a951c
01_raw_api\legacy_site_peaks\02480260.rdb,0.0043964385986328125,190cb8370e6a333e2f7f160ad71cabf02114e0feeb086543d51d0779d9c92098
01_raw_api\legacy_site_peaks\02480285.rdb,0.0039386749267578125,285d913fef388cb6f9c32973f2b09bf9b84c2a6618ebeb965939c7eb24ae2a63
01_raw_api\legacy_site_peaks\02480287.rdb,0.0036211013793945312,7931861a339fb00605a30b37e47434cf6fb68946529e5b9fac8880df3c2dc4ea
01_raw_api\legacy_site_peaks\02480345.rdb,0.0037927627563476562,f367af23a2bcebddd61660ed1cb4b3cf5daa32c2d228539d6c53d81cb76ba372
01_raw_api\legacy_site_peaks\02480500.rdb,0.0067901611328125,d7a943452ee1ab969686eb2c766353e9f4ce4b448f6bd20e8f61386a09504a37
01_raw_api\legacy_site_peaks\02480590.rdb,0.00403594970703125,9c3897af923fc54d9a9f6e3a9f393d37ba1125885ae5c232f2485a362481f635
01_raw_api\legacy_site_peaks\02480599.rdb,0.00467681884765625,0385b0468c1230073f6e594017d54873c82c9cdda75e02e12fe030a6a1e14f51
01_raw_api\legacy_site_peaks\02481000.rdb,0.006791114807128906,f159453b528608c29c76637bac47eff188b4d42b8cda19baa2c0f20810d0f57a
01_raw_api\legacy_site_peaks\02481045.rdb,0.004711151123046875,bd5fde8bd14cd01fd3ab828928e3a68aac8e2ad1ccdfe41a6dafd17f5f1d8e1c
01_raw_api\legacy_site_peaks\02481130.rdb,0.0062808990478515625,27af54422efadce593d5bd857ce46beb68f0e1171b41a8b66e928729c89da5aa
01_raw_api\legacy_site_peaks\02481150.rdb,0.0038042068481445312,9771ab4381bcc2e55b70219ae2f0fc50f945de40f005223b6cd8b31bae9fea20
01_raw_api\legacy_site_peaks\02481251.rdb,0.003765106201171875,bd39176a57f809e532154f1add90e2a65e92d79b9614d2921c738b76de2ecd16
01_raw_api\legacy_site_peaks\02481270.rdb,0.003952980041503906,9a0a0a9b32d60fccf905cb13fa0719cc51f76546476feed3b9f952f1b8af8fa3
01_raw_api\legacy_site_peaks\02481505.rdb,0.00394439697265625,35c708544439acb7324ae0428a5073e30393ea9f845bf7f848059b129fdc8556
01_raw_api\legacy_site_peaks\02481510.rdb,0.005954742431640625,3a7a2d14371a8d665cc11ce461bc419d9d9d8f0608d36849fd164a4905392e08
01_raw_api\legacy_site_peaks\02481521.rdb,0.0037288665771484375,7e1a535153f0f8ca87a35ee83c498674dc7d4b6f92878f156538f79c9888731b
01_raw_api\legacy_site_peaks\02481810.rdb,0.0043735504150390625,7df0df3f2a9fa920d6a1d49e24d56c3871b58ac6313eb4066f65d39d77b03b84
01_raw_api\legacy_site_peaks\02481840.rdb,0.0043735504150390625,37bdf62d65bb9a95a843c7c145313d07c1a738b5ccb28e2908cfac7ced322b92
01_raw_api\legacy_site_peaks\02481880.rdb,0.005753517150878906,39db8a696b5db453e8caefd4cbdb24ec92dc08ab91947e796b42e5ce76948813
01_raw_api\legacy_site_peaks\02481900.rdb,0.00408172607421875,50d522832ca66a4bcf7950a74165ede2824fe971462dbe3f952c23eacdbda509
01_raw_api\legacy_site_peaks\02481960.rdb,0.00370025634765625,2447c7a69bfb1625588d74d13799953d3c49c050c78dba483c3fa90308632ff5
01_raw_api\legacy_site_peaks\03565300.rdb,0.004795074462890625,80cab8fe6a00f05248d953a2140fd0cbc389e4d6abf820cf2eeff9d607c71672
01_raw_api\legacy_site_peaks\03566000.rdb,0.0069789886474609375,aff09d013ed08e7c3bd051186ab0ee7b27f8b43af976474cba07cd76f7e6351e
01_raw_api\legacy_site_peaks\03566036.rdb,0.0037126541137695312,e7a1d49ffbc51e729bba36e8a752f9f6eae2f8df4b479ef59b998008eaeabb62
01_raw_api\legacy_site_peaks\03566100.rdb,0.003780364990234375,7b3f7ab6e99d8b205cd0a892bdbb7c6c7b6bf9287fd72f175e513a842731675c
01_raw_api\legacy_site_peaks\03566200.rdb,0.004807472229003906,448b3132dddd987d462235568235bdaab90ba6efea4f57677b5b902fd097d909
01_raw_api\legacy_site_peaks\03566420.rdb,0.006168365478515625,3064c720b58fb2f83ee8f17611128e5fbbc3c6128394d3e149e8341061e817cd
01_raw_api\legacy_site_peaks\03566525.rdb,0.003983497619628906,fb4b39fd7eab7eebea49a982577f13ab5a1932a7d6916a105dd7ccd2079590eb
01_raw_api\legacy_site_peaks\0356653019.rdb,0.0037822723388671875,9eb16ab4223f5298d59e668e673d28d638719771d5bb8a7618045be254ca5597
01_raw_api\legacy_site_peaks\03566535.rdb,0.003933906555175781,c35def92dab4981cdf4faac273a03ea76557c9a7cc2627d22130e020981b7e37
01_raw_api\legacy_site_peaks\03566599.rdb,0.004787445068359375,7cbbde186be404fd91576c42d6e0385ddfc16c1a9f0b7484ea8ecc84705eb955
01_raw_api\legacy_site_peaks\03566600.rdb,0.0037679672241210938,09906c42bc6cc6e82f42f2f69f84f1a8baf1e0ea4e9566cd6d94ba256f75bb74
01_raw_api\legacy_site_peaks\03566630.rdb,0.0037469863891601562,a1e59047644943041cf101b765d68321a3034c62df5f8a5b2612fc65da198f6a
01_raw_api\legacy_site_peaks\03566660.rdb,0.003951072692871094,15651126671e139d12d6e66a3b71c37129de2e9ee6da9d5388e90e232be8aed1
01_raw_api\legacy_site_peaks\03566685.rdb,0.004015922546386719,9457adb4f37b3f653194eb28966ba0a52764916418a48cca13f6fe54b37237e9
01_raw_api\legacy_site_peaks\03566687.rdb,0.003971099853515625,4256ab5c0a9718c7a0466ac65855050801a206b44cba7f89f44ff34ab42208c5
01_raw_api\legacy_site_peaks\03566700.rdb,0.004794120788574219,1c88db1436ec0f49d056b6a14ab079a42aa1df322b0f9a9f00207ade226d9001
01_raw_api\legacy_site_peaks\03567129.rdb,0.0036077499389648438,0c1503496894572df5e057f10e8f5c84e8317c32d5f2a75584eea23f9bc3c99d
01_raw_api\legacy_site_peaks\03567200.rdb,0.004734039306640625,ee9c331d67ce98ab429194fa083debf1b0b0f3a35e01570936e837c7a2c0e0cf
01_raw_api\legacy_site_peaks\03567340.rdb,0.0042247772216796875,7a7237e3e984e204ae0d0dfd37c8401d3939406df34c4a4e9ef6df28a4a3fc26
01_raw_api\legacy_site_peaks\03567500.rdb,0.006970405578613281,7ae64351ceaaedf712d2b3ad5fdad0bfe3192b6a491cdbd049bb129e42b6457e
01_raw_api\legacy_site_peaks\03567600.rdb,0.0037593841552734375,c7dc26fd346016c03bed1085605c0a98a2d8b19123ec174dcc6499d3e12b8227
01_raw_api\legacy_site_peaks\03568000.rdb,0.010205268859863281,4fb6c851e0b69c30dd0b71dfd8f1c1dcbf13d6343ec69d2eb0ad52011254d24b
01_raw_api\legacy_site_peaks\03568260.rdb,0.0041637420654296875,f09bdf1b2f45c23108cf83bbf832e239e7527c19cb9415393b716f4a7d810d8f
01_raw_api\legacy_site_peaks\03568400.rdb,0.003933906555175781,10f79ff3298d896a8b9350da7ccdfcb13e37673374d995f0da04bf53af970f1c
01_raw_api\legacy_site_peaks\03568500.rdb,0.004536628723144531,4b4b994fa57345960c9406d2a5be5d9b35c3b8b8982e8cb5a8be24f2e63069d3
01_raw_api\legacy_site_peaks\03568782.rdb,0.003570556640625,279056b91a25516d9ea717c70ea14135684d7106c548ebbd856d583b78ee1178
01_raw_api\legacy_site_peaks\03568810.rdb,0.0035400390625,3e2aca20468769d36bf60276631455aaa9d323e0f8494b169bb4161ee70e5480
01_raw_api\legacy_site_peaks\03568825.rdb,0.0035429000854492188,1b209670d8811f1127f9eb325e262082a53512803e55072050608d5a31237c1d
01_raw_api\legacy_site_peaks\03568890.rdb,0.0035400390625,902ec20f1da4a8078fb45195d3ea78ad8529058083a5311f5de3c723e9f47a37
01_raw_api\legacy_site_peaks\03568927.rdb,0.0035495758056640625,86922bc67519a4ec155252f00911927dcdbcbd71dbc833363e2ad9d284462c8f
01_raw_api\legacy_site_peaks\03568933.rdb,0.005658149719238281,482b1e7545a720f27bbae1de6d40d8e5cb16bbfd2478c368a41940d8bc5a7adb
01_raw_api\legacy_site_peaks\03568945.rdb,0.0035495758056640625,905cc4f85c19f98417c1e3f1d9cb541de4dba4059190479088e7124c74d7c58b
01_raw_api\legacy_site_peaks\03568950.rdb,0.0035448074340820312,9e23db8f297e808be747ed10ebea550a41479554a03a3cf4a5c5bda17e9a4433
01_raw_api\legacy_site_peaks\03569008.rdb,5.817413330078125e-05,fee16f1cf4c98687ed3c807df78b4faa459415548211dc1830acaac6cda8aed5
01_raw_api\legacy_site_peaks\03569168.rdb,0.004784584045410156,2de0431a82771d128f6b79f0f029399253750f0ff8e92869b4c4636c5b75833b
01_raw_api\legacy_site_peaks\03569190.rdb,0.0037717819213867188,8abdaa21927655f792386694c4052dcfd2ca42c196e9d43a5d8caca41a05cad0
01_raw_api\legacy_site_peaks\03571000.rdb,0.007838249206542969,10d6fd4168c6441ed28e2450aa29b49a5ba2bc31327edd1eb1182e6a143c9249
01_raw_api\legacy_site_peaks\03571500.rdb,0.00545501708984375,0dc3fc5a98c4a464a8d108e5dbfec5f15a08e7459a117f05d2b2cce4b7321b9e
01_raw_api\legacy_site_peaks\03571600.rdb,0.004517555236816406,a7b409ce6bc5488d273956828b8a8d18e51d177c7d340356e479ba8231f08110
01_raw_api\legacy_site_peaks\03571730.rdb,0.004660606384277344,af722c4581051ebb6a058620b8f8affe218ea7ceefd670a428cf0d111a25b81f
01_raw_api\legacy_site_peaks\03571800.rdb,0.006640434265136719,6a0258874f5d2857e6a421ca5e19234fb9fd96fc73aacb7bf8ad73c713d5fa44
01_raw_api\legacy_site_peaks\03571850.rdb,0.0061931610107421875,604e71e0186b2a3b4dace353198644e0ac744ebf9ed5e35ddd9ddef8d103856f
01_raw_api\legacy_site_peaks\03572110.rdb,0.004642486572265625,df76406a677e7a108bb76c24b4057e533abfc8a977368b856f48df1168a1c106
01_raw_api\legacy_site_peaks\03572153.rdb,0.0035467147827148438,6acffe3b9fd454cb15e81c84ac0d45bcba6ad73c9eb66573f881c8e6adb4b221
01_raw_api\legacy_site_peaks\03572690.rdb,0.0041961669921875,a8368713d8bfbf282a0ed9f1a21656e76b228e0492eddd6ce7df9ae87a395b1b
01_raw_api\legacy_site_peaks\03572900.rdb,0.0049419403076171875,469a0a2ee8af13085af75507a23ebc8411a99e7f5c2c50274fdbd7328719f932
01_raw_api\legacy_site_peaks\03573000.rdb,0.004459381103515625,c1db19287f2c75b3b56d5a240e23ed55c64be6d51b36dc3272e0f9f2dae8547c
01_raw_api\legacy_site_peaks\03573182.rdb,0.0037927627563476562,1bf7ea3f960e5640d97008da388cc4f2fea1bc54db98a07ed97efc21eca2e165
01_raw_api\legacy_site_peaks\03573500.rdb,0.0045452117919921875,3ca77f9bc85862b7250b1311647d2b96ad2d3873bc353c4d9c2c9596c8142462
01_raw_api\legacy_site_peaks\03574100.rdb,0.003966331481933594,9e7af495f0e7c6a3fe73f617bf2ba1e69c18dbe3b17c47104db6995928400167
01_raw_api\legacy_site_peaks\03574405.rdb,0.0036115646362304688,8831e683a7d24011dc49a355fd59e706eded0545fc75e8ba5cf77aa0d3f953d1
01_raw_api\legacy_site_peaks\03574500.rdb,0.007625579833984375,eeba6721f3a3497574603e34adc8e939fd91b998b4a608b9df8515b6824108ec
01_raw_api\legacy_site_peaks\03574700.rdb,0.004340171813964844,7fd5013cd1fa4cfcf99abf8102f25ebe3b8dc8d7bc263a372601ae652dbef2b5
01_raw_api\legacy_site_peaks\03574768.rdb,0.0037937164306640625,5f8868164c17e4656ca080549253ef20ad968102d248efa1d662e124fda34772
01_raw_api\legacy_site_peaks\03574796.rdb,0.006642341613769531,48ef9151565ad3dc1178376f33f130385ac8cbeea050e0b85f1d01a2a955294f
01_raw_api\legacy_site_peaks\0357479650.rdb,0.0046176910400390625,2319fd1ebec14ddf783feec5c8f349c02fd9a9862e3ad64fc1bd6ee5faa25e34
01_raw_api\legacy_site_peaks\03574840.rdb,0.003696441650390625,9f90b4a13e0f02379e7202b2f72e17e8114fc1160524ed5d0315f1107eec6102
01_raw_api\legacy_site_peaks\03574872.rdb,0.0037031173706054688,41964f93fb81d71fa04e613596f3da59a7727eedf2c0ba365cfdd1e16cb81449
01_raw_api\legacy_site_peaks\03575000.rdb,0.00634002685546875,16a54f796563427de17387ce9ac5d5ab159c3ea70e3cf3de1d2f36a05fa2ea61
01_raw_api\legacy_site_peaks\03575100.rdb,0.0047397613525390625,8cec2d2cc795296301103987c9966b8f31f4bdee1423c37b7befe1a1a5346f67
01_raw_api\legacy_site_peaks\0357526200.rdb,0.0048427581787109375,e868342fbbb2a625e4cc28a97113d6fb17c12792c88171ae6c108b62cc75f4c2
01_raw_api\legacy_site_peaks\03575272.rdb,0.0042705535888671875,428dbc90823e9b9e20d1417645f1a6b7ce58c75e90093a37895bb7a889e162f4
01_raw_api\legacy_site_peaks\03575340.rdb,0.006566047668457031,1c6ad3f56802e526bf0b8bae255aedd2d16027e19e5e2d26df57a6f3c914d881
01_raw_api\legacy_site_peaks\03575500.rdb,0.007819175720214844,83429aa08e2199fd3874d388ae31e60e842c12bdf6cd43be6360790129b7ecf2
01_raw_api\legacy_site_peaks\03575686.rdb,0.0037126541137695312,40b6bc0eaaa90cd627f2368967cbdd9afdcdb53a098f88c2a01dd790f98601c4
01_raw_api\legacy_site_peaks\0357568650.rdb,0.004849433898925781,4b3ad25b10173ec35b9d63f2c68c3a6692fbd7adbbd0c5f00cdf5898c848d291
01_raw_api\legacy_site_peaks\0357568820.rdb,0.0038928985595703125,6d053f49010f34ccddddd699c19e6bce79aac08272ace004df1eb94fecc21d30
01_raw_api\legacy_site_peaks\0357568980.rdb,0.0049114227294921875,8a2792c996efad33555562f7b3ccf9a9f9355976f2ed15136d46f3c24d703ad8
01_raw_api\legacy_site_peaks\03575696.rdb,0.003658294677734375,aa22bdd1744cf4afd3c6d95169abb3b7e37743cf44cdc4bc79149208558e6e94
01_raw_api\legacy_site_peaks\03575700.rdb,0.0052947998046875,07e44248a957ed4ae2821c292d28eceb9625e1e47163f081f986b55cdf0f5ec9
01_raw_api\legacy_site_peaks\03575830.rdb,0.0064449310302734375,6e101e673fd73065c561108eba645168c8cc20c45d8c834c3fe5d6a00d1d1b14
01_raw_api\legacy_site_peaks\0357586650.rdb,0.004811286926269531,c2e851c1226f8ccd1ae31131a81b6933630c9a1fafc93ecfd579922dd60ee2ab
01_raw_api\legacy_site_peaks\0357587090.rdb,0.0049228668212890625,8bffa70a1c4dc21211615d7ed3c69b640d1ef1826e3978d33f60efdcd13e7d42
01_raw_api\legacy_site_peaks\0357587140.rdb,0.004771232604980469,97758a51c5f31fd94fbad29c4aa8ce885f6e8b0b98c1d53d4128fe303a4bcf9e
01_raw_api\legacy_site_peaks\0357587400.rdb,0.0049285888671875,f6391f40162904ca264d54052820135b53b70eee6afe1379c1a4c3b97d48fa32
01_raw_api\legacy_site_peaks\0357587728.rdb,0.005297660827636719,e4402f8ebf048151f68adbd1446e6485720f0f06b76c37460805b7f507d34f4c
01_raw_api\legacy_site_peaks\03575890.rdb,0.005428314208984375,433b4716529f6be12a9e79af8c69b1b952aa9cf1cab842e342e679d3e41b2776
01_raw_api\legacy_site_peaks\03575910.rdb,0.0037021636962890625,2a46b3918276b6312c4d971885c3fb479cd311eda878d7cba1695bd46cc0b36e
01_raw_api\legacy_site_peaks\0357591500.rdb,0.004845619201660156,6389b22737e0e9af887959df8aa968b2476ed91c541d29954e089d7088805184
01_raw_api\legacy_site_peaks\03575930.rdb,0.00371551513671875,eeb61cea051db341e7ee799d7f7d87e118132ab4af11dc15bef601c79e2ae992
01_raw_api\legacy_site_peaks\03575933.rdb,0.004207611083984375,c657567de3d10599c7720c6e5fed45525fdc398bef227fcaf7ee438a6a878991
01_raw_api\legacy_site_peaks\03575950.rdb,0.005110740661621094,e8931d33bcac7bb516e5d680bbdcaebf4c71243180e3858c62c805d484633a2b
01_raw_api\legacy_site_peaks\03575980.rdb,0.005351066589355469,f6fc6b3433e9d1f7a7fc22155b7cf994fc2a890b5ed655374517f8365b166404
01_raw_api\legacy_site_peaks\03576100.rdb,0.0037021636962890625,6bf0d219bb1e0c260e5d48c1f5355ee54ee47737b7fbe4a729f295bd03a962d3
01_raw_api\legacy_site_peaks\03576148.rdb,0.0044384002685546875,a5643abc302fa073b9ef3be09dc2518dc2b3c89bd894a97dbb601a715e4f7740
01_raw_api\legacy_site_peaks\03576250.rdb,0.006865501403808594,6872e06d61dbb4511ad56201b7d39ab69b3c2c4bf42b9f6a793ba9ebddfee473
01_raw_api\legacy_site_peaks\03576400.rdb,0.0040950775146484375,7e5909da3fb32b8539e0bb8bbe683faf418caa337c04bd5cdf0269217b37ad44
01_raw_api\legacy_site_peaks\03576500.rdb,0.005382537841796875,490a35b3693705a3e304484959de8013b4064c477db8928d80c13b7ac00ea1c4
01_raw_api\legacy_site_peaks\03576800.rdb,0.0036172866821289062,304d5f7a555096916f461039f35390388858c6f4eebc3febacc2c924572d8362
01_raw_api\legacy_site_peaks\03576810.rdb,0.0036497116088867188,c1454727bc538974c51dedcf31c87d72c18a14e01e3609d9135babdb9a831101
01_raw_api\legacy_site_peaks\03577000.rdb,0.00445556640625,d11014de9bdd3142d1cd59f64d7efbe72d9a146811f190df5d185349d00ee8d4
01_raw_api\legacy_site_peaks\03577110.rdb,0.004330635070800781,16521dc5f396addd1f21f987775db3a634e957798356ab428389bc65a87293f5
01_raw_api\legacy_site_peaks\03577119.rdb,0.00359344482421875,183757ff3f26371fdc3d465247428f53644dc43bfade3b2011497651259d44d1
01_raw_api\legacy_site_peaks\03577150.rdb,0.004755973815917969,3a691be944619c2981e89b18b867738078eac19c72276bff40045d41b6ae8b56
01_raw_api\legacy_site_peaks\03577225.rdb,0.00423431396484375,852de33f7c7a42a33ac2736ab439799c19ed536a4e2a0a978425059c74266938
01_raw_api\legacy_site_peaks\03578000.rdb,0.0061969757080078125,4ea7bf5dd22bc77afb56def89558efdfe56b624b2d89befc0ebb19679932899e
01_raw_api\legacy_site_peaks\03579040.rdb,0.003604888916015625,f406dbda1a2aa1ce38d97d89086212e1c2ab89259793a363f0c3fffa2b179793
01_raw_api\legacy_site_peaks\03579100.rdb,0.00591278076171875,50ca9698547277211cabe050d8d70bd9ca3577eeb77adf6be5d5c0f99cabb778
01_raw_api\legacy_site_peaks\03579800.rdb,0.0045185089111328125,798744bc624387ead7486ee162d972a77b308a10caf8e6ec3020bfe03dcadedb
01_raw_api\legacy_site_peaks\03579900.rdb,0.004530906677246094,7cd64b0da3662f10d0d09601d31d38c92ce5d15548659cd8eaa0a4196fce883a
01_raw_api\legacy_site_peaks\03580750.rdb,0.0039882659912109375,14a3bb0f649b03e7bcc71c345e201e7e273d61f81a69ba6fa4ca29f6773f7b17
01_raw_api\legacy_site_peaks\03580995.rdb,0.0038080215454101562,06a5d207f742325c7f9346cb916d256a07cfd806136b8746b4039e389c81649e
01_raw_api\legacy_site_peaks\03581500.rdb,0.004916191101074219,010d528a2b7f55aa106e9112b857bc1b0493adb6e42f194339e14a34d53303a9
01_raw_api\legacy_site_peaks\03582000.rdb,0.006569862365722656,685e4fb729ae00abfa26d8342b90aba041a246dd64a6bdea2cffc9027d39c46c
01_raw_api\legacy_site_peaks\03582200.rdb,0.0045318603515625,d92584ef1f517ebd1cb74746cffed9114813af24ab02687fdd42640b8b866973
01_raw_api\legacy_site_peaks\03582300.rdb,0.004799842834472656,27e97d9ecc8064e583f3240883bde5e292247c7cef7c4379a91dc6b3369717af
01_raw_api\legacy_site_peaks\03582395.rdb,0.003742218017578125,40701033f830a0c6af10a1bfdba1828a1add1b55180b5f51a34f61dc037f0e2d
01_raw_api\legacy_site_peaks\03582500.rdb,0.0038919448852539062,4f21e17935bf3cb0ff24034d2ab3d0887fc2b0caddae7a0a9021832424cc6f2d
01_raw_api\legacy_site_peaks\035825882.rdb,0.0037546157836914062,650dde7852a3a8275f0dccb2997cdf9a552d202a08e72d657ec15c7a086574d0
01_raw_api\legacy_site_peaks\03583000.rdb,0.0040645599365234375,f7e177086d065c90e46b5d421e330c2bee56cfc31d179510f14aa437801eab79
01_raw_api\legacy_site_peaks\03583200.rdb,0.004986763000488281,30b0ce287dc19bd686c827e2638deb3990dd1faf0be8fe1f254344bca6310845
01_raw_api\legacy_site_peaks\03583300.rdb,0.0057010650634765625,0e3a4178394605c1fcd5bc8a667ca35fa4191d22c0d5708d13ca649ca722178b
01_raw_api\legacy_site_peaks\03583500.rdb,0.004042625427246094,00fe2f070d28ac27cd689ea873a0c96af28a1c109848bc2f8199a8d7fbd77409
01_raw_api\legacy_site_peaks\03584000.rdb,0.005534172058105469,63772654d9d81c9ce7b51615fae153d170e5394fe4e1ee07f791096c21630e6c
01_raw_api\legacy_site_peaks\03584020.rdb,0.0039005279541015625,34ab85b8cb8077e5ad06360df51e63e6c3d7298de26e121c7ab750ceac029fb2
01_raw_api\legacy_site_peaks\03584045.rdb,0.004252433776855469,c3564c74f24604c0c742001ac22a21c28a8890d115aa010653db63439d0373e2
01_raw_api\legacy_site_peaks\03584060.rdb,0.0036973953247070312,0a27b6efb04098bb4cec1aa7ed7a6b8cce87461cff0752c72d9cd22549034106
01_raw_api\legacy_site_peaks\03584500.rdb,0.006800651550292969,2ac828f39f0a339d12ffde1668c3aa55270c18d3388e0fb0536ef1fbf30f3a9c
01_raw_api\legacy_site_peaks\03584600.rdb,0.008128166198730469,367cff3d54dafd1314c10ae89d5ad39f596a634857dcfc2062cf501b05fb08b6
01_raw_api\legacy_site_peaks\03585269.rdb,0.0036287307739257812,b7d767138756b457f5e1ec5e8a7b1a67469ac113e3d4ec438fe2fd18edfeed23
01_raw_api\legacy_site_peaks\03585300.rdb,0.004023551940917969,0f2bd45619b71570f2bb36c9cbaf141955640c8b2fe7d10d1fb5ec85dd94fb18
01_raw_api\legacy_site_peaks\03585380.rdb,0.0037965774536132812,3aa9057f9c934d3be2aad66c5469f0635939525a417f4873b1e481b1fc27b941
01_raw_api\legacy_site_peaks\03585500.rdb,0.0038471221923828125,b49a7a9358ecc2209aa1ea949c73d631517cb41f80923ad93443bd518308d158
01_raw_api\legacy_site_peaks\03586500.rdb,0.007006645202636719,078bf5e135f7fecf8bb679dccb1230b6fd2a7034cf5279894a7238d597daa53f
01_raw_api\legacy_site_peaks\03587000.rdb,0.0035734176635742188,eb5a3e4940dd84bf1c0dc478c5b173c470315a512cf25d86b82ac0e14ba7b251
01_raw_api\legacy_site_peaks\03587200.rdb,0.0047206878662109375,75a1284749df9504b0cc80301c9dd495b66bc901b7f10e4d9c8ff4dc1150542f
01_raw_api\legacy_site_peaks\03587500.rdb,0.004801750183105469,57e75dce87b31fb65b4e3c27ddf9b663adb783f4970857514d8b3ae05d44e2f3
01_raw_api\legacy_site_peaks\03588000.rdb,0.004727363586425781,8d1d07487b2748a4ebd8741029f3ca757a2ca6b1072d5735414014cca6c0425f
01_raw_api\legacy_site_peaks\03588400.rdb,0.004570960998535156,cd83cc1a6dbec6c682452aad9155a06ae3f611e7827470a80f33555ebf089f07
01_raw_api\legacy_site_peaks\03588500.rdb,0.0075817108154296875,e430d36e963dd34a1630cc626358fc27fb63f18c9ee225ef450b4896452d9418
01_raw_api\legacy_site_peaks\03589250.rdb,0.0044403076171875,4bc6a56f06ef2143e8864aca46d2c98d9b0a14d69a161a4900cee95ce9b28d02
01_raw_api\legacy_site_peaks\03589260.rdb,0.004398345947265625,c4ef52e8902bfcb4655876ad66bf38aa0060a740e8c7ffec05a9a6fad3a9e983
01_raw_api\legacy_site_peaks\03589450.rdb,0.0036191940307617188,61937a6758f8f73a1b657357a93c8faae05dfba3165b5d31e93769d54d8cb943
01_raw_api\legacy_site_peaks\03589500.rdb,0.009377479553222656,f5c2a84c4c04661112b975e04c173076dd2c300f06065edc8e060a31688fd294
01_raw_api\legacy_site_peaks\03590000.rdb,0.004895210266113281,098ecab5d06c4813c485d6805cd5b4ade18e8ad6f765c50d2610b5b45c0920c1
01_raw_api\legacy_site_peaks\03590290.rdb,0.003662109375,d53adfa7b961fd0bf5dc7238abc34c790b0cad8c0be0e67ad27390fbb035f317
01_raw_api\legacy_site_peaks\03590680.rdb,0.00373077392578125,e5b9e0f3d027134cd6d2adb46d451d681cf1c3c588a173d3bc463799d2910add
01_raw_api\legacy_site_peaks\03591570.rdb,0.0040130615234375,5db9f2d164c596e3ad3c6764fe2f11b5a400b23001a405ad0ff5d24799481679
01_raw_api\legacy_site_peaks\03591800.rdb,0.0036325454711914062,973468351babd54499ddf4e84e5ee157d70c92b89648f9fbc4552968816343ff
01_raw_api\legacy_site_peaks\03592000.rdb,0.0050754547119140625,32fa97138b0d456a93e39554f3bf957af05644cd7e40b31ab8be183f1e920120
01_raw_api\legacy_site_peaks\03592200.rdb,0.004515647888183594,58864abd445988b1283963b907c1a2f124c8bc40d531d3f61cc95864c401d5bc
01_raw_api\legacy_site_peaks\03592300.rdb,0.004462242126464844,8ffb9a25037784adb199420c5d62e6b76d14fcd9d04ddc18e7cc4bdf3f30145c
01_raw_api\legacy_site_peaks\03592500.rdb,0.006249427795410156,c0e973652a933c1d0a1a1bf19723ec17b136f94c9329ae6e6c44db5ee4b1d604
01_raw_api\legacy_site_peaks\03592718.rdb,0.00576019287109375,2f61f7b036c0f7a53c2b55885fd65e687f75cd6baab5147760b7c9015dc4cafa
01_raw_api\legacy_site_peaks\03592800.rdb,0.0048313140869140625,4ac5811db2b9a261412bfd3f8ba254b253bcfb4961829450cd349bc0e18ef13e
01_raw_api\legacy_site_peaks\03593010.rdb,0.004448890686035156,cb43cc238cece84525ac7f19e540b3ac7fbc6f7e2e9f7a1a8b493626f1b9729c
01_raw_api\legacy_site_peaks\03593300.rdb,0.0043735504150390625,0af9febf8054f54eef8c4ce06f68847a85c4e4a3971f3a970f63499977002983
01_raw_api\legacy_site_peaks\03593500.rdb,0.007775306701660156,d56836d9744836ca3a2842fef7cecfd534432aa8f2535b6c864d985b4e9be964
01_raw_api\legacy_site_peaks\03593800.rdb,0.005642890930175781,7c2a875a01399eea9527828d7aa9dde7fdf4811b7314674b55aec766db8a8b9e
01_raw_api\legacy_site_peaks\03594000.rdb,0.0037031173706054688,2b4a9cbed681114531752762f23cc36d0361a424a616950fec89af672c253f57
01_raw_api\legacy_site_peaks\03594040.rdb,0.004361152648925781,2b8358ae87582cd9c6abb539d0ff49b44f017169a79e2b92ccf438880caad3cf
01_raw_api\legacy_site_peaks\03594153.rdb,0.0048065185546875,b041489869f7ed4e928a26452cdf233a2901f2b748548609dccafaa46171be08
01_raw_api\legacy_site_peaks\03594160.rdb,0.0043849945068359375,73714ad4db76d59cd064f4ab081daabdee8d2a7b4718433bf0bf4722750158a2
01_raw_api\legacy_site_peaks\03594164.rdb,0.0035314559936523438,59caf806e03f9d26a2f1f115c512ced669c63bd9834ad839dead8ddc486f1213
01_raw_api\legacy_site_peaks\03603800.rdb,0.004136085510253906,a1fdb31c8051436a4194c8d2358a45527b8773d53a8d71e96c66e7b6f1cce3f1
01_raw_api\legacy_site_peaks\07029252.rdb,0.004015922546386719,cc7dc827679d85758195e3caa5944c4c306b50036524f6151feb4eb5895b8ce8
01_raw_api\legacy_site_peaks\07029270.rdb,0.0054645538330078125,0d02992dd333c506e6d94859835d34438f853b6e990ca9e27cdf20ba2c4ae0db
01_raw_api\legacy_site_peaks\07029275.rdb,0.004265785217285156,251d9c59f3ded0582ebe680cc4443dcc58456c98b347c66a5ac1dcaed51bf3d2
01_raw_api\legacy_site_peaks\07029300.rdb,0.004862785339355469,2cbe4bd6245366e5ebbbc1c1e8e06e0cf040298cfa7ac4e4f45d16060fdc9193
01_raw_api\legacy_site_peaks\07029370.rdb,0.0044002532958984375,f3136618aaddb16478a5b0be856f3104fe3e78b08ad28e3729b3d3edb04ea183
01_raw_api\legacy_site_peaks\07029400.rdb,0.005057334899902344,34e2a243b709e554aae3d6cf47f96f57c850a475b04e0d55108a883fcc141649
01_raw_api\legacy_site_peaks\07029412.rdb,0.004241943359375,c69e93e324caaa36164486275bd6c498779de82ffcc0bbf7d0d007d197bca9a4
01_raw_api\legacy_site_peaks\07029420.rdb,0.004206657409667969,f6b23b0dbae7defc487fb941d6caf2ac1fc4eea9cc41fe07840672a1ff95fcf4
01_raw_api\legacy_site_peaks\07029430.rdb,0.004210472106933594,5846fc639c9b7d17ce7db7903533f760a372cc383dafefa89dad877e255900f8
01_raw_api\legacy_site_peaks\07029460.rdb,0.004154205322265625,950311f04c308bd2c1f0827075ff0a492171a3d65f2af2d3f5d72154e7012491
01_raw_api\legacy_site_peaks\07029500.rdb,0.007775306701660156,70076deb99d6d4ac4543fba852957dba002576e1ab53945219e9755f51e94309
01_raw_api\legacy_site_peaks\07029600.rdb,0.004155158996582031,80c9673e1bbdde08c121c80cc60fa77601bb7c9c995cb63758827a9d0624c90c
01_raw_api\legacy_site_peaks\07030365.rdb,0.003943443298339844,f2339402567c75edb0e0400370efe1c8e47b1ac56dab635ba44e091b06e4a972
01_raw_api\legacy_site_peaks\07030370.rdb,0.004616737365722656,d1a760d19ef4cf895537474f0bd8f784790746bc00880e3531312f39782fc83b
01_raw_api\legacy_site_peaks\07030392.rdb,0.004802703857421875,15c09f44a5873203b2c7e67909da15893abf93f4bb6ffe59efeebf2ae056ac9b
01_raw_api\legacy_site_peaks\07266000.rdb,0.0047206878662109375,2a7b9a7b993ff23a07adcd38eeff89a71dd5ce0a94e615517ba63ea954b6689e
01_raw_api\legacy_site_peaks\07266849.rdb,0.0039501190185546875,b14793bb54e305aeeef28dac9b1c7049622d10d8e133027d4287336442ea1c5b
01_raw_api\legacy_site_peaks\07267000.rdb,0.00662994384765625,0ff6c6c194f538fc155f28c53b9541320f7f067beb7702597960183b48acd29e
01_raw_api\legacy_site_peaks\07267150.rdb,0.003826141357421875,79465f02553ae50926be274d6e1bf955229ce280218ef7954c34e781f83c2fbb
01_raw_api\legacy_site_peaks\07267200.rdb,0.004254341125488281,64a41cde5dc66822ca7851114cfa78afd35fc62cd1f364236ff9243f5fd6f7f9
01_raw_api\legacy_site_peaks\07268000.rdb,0.007525444030761719,045f8f41a1ab917a24dd582c4add1160542e497d43444344b86c10f7f70a298d
01_raw_api\legacy_site_peaks\07268200.rdb,0.00431060791015625,a56d1151b8bb7b1c036dbc7c08950000edd7d7a03c4c48ca9ed952ee9b8d6e96
01_raw_api\legacy_site_peaks\07268500.rdb,0.006812095642089844,7c8ee949eca37391f1200ecd6fb18a2f47a66e8d821ea2a608afb96fe55a5c28
01_raw_api\legacy_site_peaks\07269000.rdb,0.0067119598388671875,b38409b7a816b2412071146fd5e37c6b6d7a24c8021e2feb95ce96deaccd1a97
01_raw_api\legacy_site_peaks\07281960.rdb,0.004702568054199219,9db4e062de342911320de6a463dd54ed5901679c269b7b8613984f5927cd02e5
01_raw_api\legacy_site_peaks\07281965.rdb,0.004643440246582031,98731ae7f53640a30af598cb81f78e7a117152d6cf2cf708d4e43032a85ef409
01_raw_api\legacy_site_peaks\07281977.rdb,0.004086494445800781,1dcd268253dce83ac5e212322104660d0b7b4117636a290d4092b65985447b20
01_raw_api\legacy_site_peaks\07281999.rdb,0.006299018859863281,ab30ad1cf5b295fb5a576bab20f16be2b2370aaa23904d27b6b4f734da3ff065
01_raw_api\legacy_site_peaks\07282000.rdb,0.0076389312744140625,efe258f4cb2e0073a375342ebe9630c831721a709483748be7fe43ddf960a2c6
01_raw_api\legacy_site_peaks\07282075.rdb,0.004088401794433594,339d62920b1e3794699f2405a22e6b1bf1c159613b2848638a484a3163d7a761
01_raw_api\legacy_site_peaks\07282090.rdb,0.0041027069091796875,009f6ac362ab4b5eecf3fc8db45cd2e25f73808d16d3bc4127eedd3b2423ca4a
01_raw_api\legacy_site_peaks\07282097.rdb,0.0040607452392578125,ae5aa17a0bd6a34de12a2b3c7f7a2226d0e9a958411fceb18890818a6fead072
01_raw_api\legacy_site_peaks\07289100.rdb,0.004034996032714844,40fdd60d827bf1e44dcb700d789a0a6585a6884e443e13966a1e6420caf8023b
01_raw_api\legacy_site_peaks\3007220891501.rdb,0.003920555114746094,761dd583abfc41281e94573b17f16dd6e41e943e97021784b374acfe5243ef01
01_raw_api\nwps_gauges.json,8.480749130249023,7b732c0651934dca80a334fad7fad8b1883a0f487188354a7c761823004f3baf
02_usgs_peaks\usgs_annual_peak_flow.csv,1.7414121627807617,4823d99f915d6bacdd0d54f98fcd6104976eba69f7fecd76c1c9f4fbc8569321
02_usgs_peaks\usgs_annual_peak_flow.parquet,0.23317432403564453,ac5141263f13857fb2c4a79d7144642f791021bf943306ffb561d230ce2ebc88
02_usgs_peaks\usgs_nwps_gage_crosswalk.csv,1.9073486328125e-06,7eb70257593da06f682a3ddda54a9d260d4fc514f645237f5ca74b08f8da61a6
02_usgs_peaks\usgs_peak_flow_gages.gpkg,0.16796875,63fccead9de753817d79faecfb8d9ce48710137e94ccd150b16168b837bd62f2
03_frequency_screening\gage_flood_frequency_screening_summary.csv,0.1691732406616211,515d4b28546875a64d8657f7b80f9c1ce327f29a403df5b0b1faa474afa44e45
03_frequency_screening\gage_peak_series_diagnostics.csv,0.06344795227050781,b18c9d0b75e6ad29ef1cf6f9136a0f068a6c540fe9e5ec55f17f96f7a773374c
03_frequency_screening\peak_series_by_gage\USGS_02338523_annual_peaks.csv,0.0042591094970703125,5829b8a4adc77b8b556f6ef9e4f6b02b8f98574ee39ddf83e89ee526792d7d5a
03_frequency_screening\peak_series_by_gage\USGS_02339225_annual_peaks.csv,0.0030345916748046875,374a4fe5637500dc58362dc9e9fa54ad41abe4dd80fc6bb090e409cf43cd3f83
03_frequency_screening\peak_series_by_gage\USGS_02339495_annual_peaks.csv,0.003943443298339844,3a974d3f4545c77c5b242e21620651ff82bf5666aba410ee1c379b31c609590c
03_frequency_screening\peak_series_by_gage\USGS_02339500_annual_peaks.csv,0.030530929565429688,08c277576e47db9144b075517dfe5955bae96cd3463fa0f0df0b26e1dd5230a1
03_frequency_screening\peak_series_by_gage\USGS_02339555_annual_peaks.csv,0.0010061264038085938,12c57afd5f72a901bea247d92e7b33119aa64751e3047e09ce304839c34edfea
03_frequency_screening\peak_series_by_gage\USGS_02339780_annual_peaks.csv,0.0026531219482421875,8a115d257f2b9576d8d13da190e9a899d29ae1c834f391eb697890c55bcdde42
03_frequency_screening\peak_series_by_gage\USGS_02340750_annual_peaks.csv,0.00550079345703125,fddd386e3f481979e3ecca730e82dd0d81171fed12a77d8906e117b74c1bfd86
03_frequency_screening\peak_series_by_gage\USGS_02341460_annual_peaks.csv,0.003032684326171875,5ceaadbd0cb7f80b454323b23b6d7aba8d9a0f989823e4c36d4009fc83a52ae3
03_frequency_screening\peak_series_by_gage\USGS_02341500_annual_peaks.csv,0.017691612243652344,7cd08e9de88cc04e60f69d269bb072e5c988b350d12ec111764e2f0e77c151aa
03_frequency_screening\peak_series_by_gage\USGS_02341505_annual_peaks.csv,0.0031576156616210938,806b6166ba42075e7cbbd28414a02bf3bbcc59cf5ca4eacb47ccbe54ca3292fa
03_frequency_screening\peak_series_by_gage\USGS_02341566_annual_peaks.csv,0.002506256103515625,e18c23f6d4a3abdf6421bd7be628e80f4eb9135da5f678a80d7f6900b65e6c64
03_frequency_screening\peak_series_by_gage\USGS_02342150_annual_peaks.csv,0.004849433898925781,4fd684c32956a20322ce4102be06bd78f8024db44878d9e338fa1608ac128f92
03_frequency_screening\peak_series_by_gage\USGS_02342200_annual_peaks.csv,0.0038537979125976562,88c1b73238c43c222b27befc0f96b7450b0919affe94288cda80d1988fc7e71c
03_frequency_screening\peak_series_by_gage\USGS_02342500_annual_peaks.csv,0.01794719696044922,4a0d6dcd8157e819ce090da509127bf43b0c6a4c22f6c2c9f450389e1c7c4544
03_frequency_screening\peak_series_by_gage\USGS_02342881_annual_peaks.csv,0.0038852691650390625,735c39eb2f93b5976af039969664ad6f0978815b6bdff81402186bf2800208ac
03_frequency_screening\peak_series_by_gage\USGS_02342933_annual_peaks.csv,0.0117950439453125,fca2778882bb1c47f93e47329f0d1950ea474e6f26f770de68a634d9f361874a
03_frequency_screening\peak_series_by_gage\USGS_02342937_annual_peaks.csv,0.00077056884765625,f333c5c32abec55f56993daa9ab19fd0f18c208094f9d90d4c2cae8ba011ef10
03_frequency_screening\peak_series_by_gage\USGS_02342960_annual_peaks.csv,0.014135360717773438,2a34c4079865a723172f131c400f5f77ab01125408b404f039ebb029cf83a233
03_frequency_screening\peak_series_by_gage\USGS_02343000_annual_peaks.csv,0.001399993896484375,d6044c832a32bafbb0c0ea201d9495585a3299b546e795d33bc07efafc0017a7
03_frequency_screening\peak_series_by_gage\USGS_023432415_annual_peaks.csv,0.0038967132568359375,910a34e995b2b6223d1d1601334bb4f34a2de29c5de141a348f7607147fbcbb3
03_frequency_screening\peak_series_by_gage\USGS_02343260_annual_peaks.csv,0.0022611618041992188,e189499b3bd0b02acad14cc69d3dd2e54684c232e298abb3e809ed7f384f1e26
03_frequency_screening\peak_series_by_gage\USGS_02343275_annual_peaks.csv,0.0062694549560546875,0b0bfa639bfd21a4f39ee6716f3fd9918f7a117b48727f258f5922377fee7f00
03_frequency_screening\peak_series_by_gage\USGS_02343300_annual_peaks.csv,0.008786201477050781,4f2107f402402ad5990f472e3a043aa50d254447fec6f4710783ad294a71b400
03_frequency_screening\peak_series_by_gage\USGS_02343500_annual_peaks.csv,0.008134841918945312,094a2818f0b3e3990f8c5744edcafc2e8103eaddd99ee86e1e87a354e99c552f
03_frequency_screening\peak_series_by_gage\USGS_02343700_annual_peaks.csv,0.00344085693359375,bafd510dadae7af9178e8f8c888381f3c1aa09df8a06e1a525bcefc2b5c10c10
03_frequency_screening\peak_series_by_gage\USGS_02343805_annual_peaks.csv,0.002201080322265625,b843bdf3275ce02179b8cdc74ad4ae409ecf6245a674477aeaee7934d7db5595
03_frequency_screening\peak_series_by_gage\USGS_02344000_annual_peaks.csv,0.021010398864746094,11e08d3bf529f6a8cb7c56871cdc006632d89fb3ecef59311fb4b3c67eb4c010
03_frequency_screening\peak_series_by_gage\USGS_02344040_annual_peaks.csv,0.0006113052368164062,738e25a34b9b42402560a08e90ac6e1402bdb84d05a7c6acecd49ea637b3a78b
03_frequency_screening\peak_series_by_gage\USGS_02358785_annual_peaks.csv,0.002658843994140625,f0a13d2202b39b394b547dd00149e7285a5da1457dbedad4993f3a1873bbbc79
03_frequency_screening\peak_series_by_gage\USGS_02360000_annual_peaks.csv,0.007306098937988281,8764e740e59df4cb0d8004c900ed590be7a8e197ccbbd873063cd55d6aec808d
03_frequency_screening\peak_series_by_gage\USGS_02360275_annual_peaks.csv,0.006796836853027344,1c8ad405911bd6939b8b693678bc3135c8f2a02e6d4dd01b5e5b432158927029
03_frequency_screening\peak_series_by_gage\USGS_02360500_annual_peaks.csv,0.004416465759277344,f6647538a50c1098fe9e4bc32660849f7c590c661bd0ed24bc82f0a52bcc6833
03_frequency_screening\peak_series_by_gage\USGS_02361000_annual_peaks.csv,0.02318096160888672,90c13bb70423356d400632eca65ffa69980828c0479e9ce52a9eb1183def5508
03_frequency_screening\peak_series_by_gage\USGS_02361500_annual_peaks.csv,0.0061511993408203125,a4f21ef07b5b831d555c933ac718aeff7d5170ce2b9cdec097dd016655b44ad1
03_frequency_screening\peak_series_by_gage\USGS_02362240_annual_peaks.csv,0.00847625732421875,68d29fc26b1cfaa649324d960866156c935005887a3a37b99a4fe527c6d6a938
03_frequency_screening\peak_series_by_gage\USGS_02362610_annual_peaks.csv,0.0030374526977539062,015405f5fcba351db9e7a077065b5fe7a006b8f8d0a0a25aff65fc3ee77ebe51
03_frequency_screening\peak_series_by_gage\USGS_02362640_annual_peaks.csv,0.0006122589111328125,dc2db60949301917474f679cddfc95fe37458e99ddda31c5186d38961a6dc1d8
03_frequency_screening\peak_series_by_gage\USGS_02362745_annual_peaks.csv,0.0013713836669921875,8ff415f15b3488c2d97391a4b9d697899718cbc761d7a453cd08f5c0799941ff
03_frequency_screening\peak_series_by_gage\USGS_02362780_annual_peaks.csv,0.0006103515625,a25216f4a24800c6d9bc6c2c261adc84506b050db24798e43d799693a37db3a8
03_frequency_screening\peak_series_by_gage\USGS_02363000_annual_peaks.csv,0.021001815795898438,af5b6f60b2407ebe06970a4638dcba7eed63e3c0f5f255af250b7fcaaff17405
03_frequency_screening\peak_series_by_gage\USGS_02363005_annual_peaks.csv,0.0024728775024414062,f8859a364ef86dd427a329d56578803db392fc9f4a574f039db7f25f25bbcdfe
03_frequency_screening\peak_series_by_gage\USGS_02363055_annual_peaks.csv,0.0018405914306640625,f55f4bf2bd549e07fd5a25a967c3aae51ad8ee4d493e066c9087d87aa7533137
03_frequency_screening\peak_series_by_gage\USGS_02363225_annual_peaks.csv,0.0024328231811523438,f99485331a754731a3c05fdd7fc7ae2618794770ea416b5a56ad23774697db91
03_frequency_screening\peak_series_by_gage\USGS_02363280_annual_peaks.csv,0.0006084442138671875,4d904aa885eaa1f76b96d482a6eec3977711f9ef223f0053419cce93c86da9c7
03_frequency_screening\peak_series_by_gage\USGS_02363330_annual_peaks.csv,0.0006103515625,842a46e4cd531ee85d33523ec233114b78144609b9ce4ba5ce853683a406b1ab
03_frequency_screening\peak_series_by_gage\USGS_02364000_annual_peaks.csv,0.017310142517089844,87519bf46aa1c939c4c7f437395b781b90607d3547a7bb293c3823d22bcaf795
03_frequency_screening\peak_series_by_gage\USGS_02364050_annual_peaks.csv,0.0006103515625,fb998a972499c1c0a8403219876101ae31034384f2e249119e52274f984769f1
03_frequency_screening\peak_series_by_gage\USGS_02364500_annual_peaks.csv,0.017454147338867188,c7112093c1c20dea6fbc4699b482bc781ee380f8eeb7255ba79311dcb9a478fc
03_frequency_screening\peak_series_by_gage\USGS_02364570_annual_peaks.csv,0.004868507385253906,cab90c43296e741fe43e1d87af393edbe5e7c8232858fc7e1915fecb5ef6ff20
03_frequency_screening\peak_series_by_gage\USGS_02364806_annual_peaks.csv,0.0011358261108398438,fe6da62938604169fdcefc138e7e1924099fa66212df780e4cc875f251e6163f
03_frequency_screening\peak_series_by_gage\USGS_02365200_annual_peaks.csv,0.007636070251464844,7577f4b21b0374379ec994cdbedd32a280e32e79bf9fa418370465c55e033c71
03_frequency_screening\peak_series_by_gage\USGS_02365310_annual_peaks.csv,0.0024547576904296875,40c11151c991997ef4550f2892b35faebe1cdd5dfd3bc2d0eecdc6477c406491
03_frequency_screening\peak_series_by_gage\USGS_02365408_annual_peaks.csv,0.0010852813720703125,241090c367c1c25a2b45d57a63fd2a90019578e60d212b670c9d0ab763d7cc90
03_frequency_screening\peak_series_by_gage\USGS_02367400_annual_peaks.csv,0.0009937286376953125,47a11d3bce2cdb1b31114911075c10338c0dc687b0af669202770607be47ed43
03_frequency_screening\peak_series_by_gage\USGS_02367500_annual_peaks.csv,0.0070819854736328125,17d993339ccfa3a335a18f72cd62b03dddc42234ee5c08879d417c4130bcd2bb
03_frequency_screening\peak_series_by_gage\USGS_02367800_annual_peaks.csv,0.0030069351196289062,f0d2c8454372356fd0606be778a96e8a64f61080b47a9096e27dbfa73ff986c7
03_frequency_screening\peak_series_by_gage\USGS_02367900_annual_peaks.csv,0.006321907043457031,d6d7dd835a441a3bfa3a8fd6f5d88517aa21ad4906ad8e579f077914230b7a3c
03_frequency_screening\peak_series_by_gage\USGS_02369800_annual_peaks.csv,0.013840675354003906,e137b522ac40774a826872c05feb00c9b1354790178e29f160c9afa608dff0a1
03_frequency_screening\peak_series_by_gage\USGS_02370200_annual_peaks.csv,0.0024700164794921875,c608ace80e854bc85d92476e3870cadba4a3dc46c29edf80eaee8dcaa2e7915c
03_frequency_screening\peak_series_by_gage\USGS_02371000_annual_peaks.csv,0.006470680236816406,4d9a2d1a4c2cd27b9395e932f324b6f68266b21640dc228188edcbfea66b9e1d
03_frequency_screening\peak_series_by_gage\USGS_02371050_annual_peaks.csv,0.0025033950805664062,74a5e5245d5783f57cfb1852a494fcf96c0c39a9aafee71cfb801a3b21337f28
03_frequency_screening\peak_series_by_gage\USGS_02371200_annual_peaks.csv,0.006732940673828125,09c4d676f53979fc2b0e8f45d849d8479a1666eeb9746bee4560b1b4d5b0fca1
03_frequency_screening\peak_series_by_gage\USGS_02371470_annual_peaks.csv,0.0008153915405273438,62c6f6e83dc122438ddc24150a14bc0914bbb8cf58870ade281a19ae909b6df0
03_frequency_screening\peak_series_by_gage\USGS_02371500_annual_peaks.csv,0.01979827880859375,f38573c477e20bfe95b345638d851bbea736ac39c584e6756053271923c7c845
03_frequency_screening\peak_series_by_gage\USGS_02371503_annual_peaks.csv,0.0006084442138671875,8027e436c41b212ef42d957e805c621c05d1a91e18c97ba35f0eccd73630f51b
03_frequency_screening\peak_series_by_gage\USGS_02372000_annual_peaks.csv,0.006786346435546875,b6947b6a2173aaa3c6db00b64b9f11e3bc4e9cc0fe263ef17f4825726faeac3b
03_frequency_screening\peak_series_by_gage\USGS_02372250_annual_peaks.csv,0.011923789978027344,1053e128685b62f04e914c8a5048c6295cfdb56f17c2e42502728f074070184d
03_frequency_screening\peak_series_by_gage\USGS_02372422_annual_peaks.csv,0.003931999206542969,1a4cdb1a1b885eff3729ff7bdeb9a675921a00a74fd6b6936ee91cb28e953b63
03_frequency_screening\peak_series_by_gage\USGS_02372430_annual_peaks.csv,0.003536224365234375,1b6f8283e62b0b209f18ceb009b301c8510b93d4fe9fd0475f3b1f0c901988d3
03_frequency_screening\peak_series_by_gage\USGS_02372500_annual_peaks.csv,0.0137176513671875,c63c0f0b3d72aeed08a57c380a6957a765120be46304e05522847c8bea38d3fd
03_frequency_screening\peak_series_by_gage\USGS_02372510_annual_peaks.csv,0.0012750625610351562,3ed7f5df419c27aaecec4a2b28bcf5bfe7c8d98ec33063974c5d2ed90e2c8142
03_frequency_screening\peak_series_by_gage\USGS_02372755_annual_peaks.csv,0.0025272369384765625,cbfdd92436af35effa12e73a1ed93a905d5d37b24c3fb639f41e4531fccc4071
03_frequency_screening\peak_series_by_gage\USGS_02372800_annual_peaks.csv,0.0025844573974609375,93d28294c6bb3f2132fee974faa2ca90ef7009c1de644e28a85262875a4e5ec7
03_frequency_screening\peak_series_by_gage\USGS_02373000_annual_peaks.csv,0.019898414611816406,12864ec4ddd7a091107035c12dbfea834f44c690278b07518ab755313bf74929
03_frequency_screening\peak_series_by_gage\USGS_02373500_annual_peaks.csv,0.008258819580078125,87f8bdd040aecb7c9768315cb3fb53465532847174d0844d8f31ca4fab38c757
03_frequency_screening\peak_series_by_gage\USGS_02373800_annual_peaks.csv,0.0021905899047851562,913daf927f932951930c8cdabe308e79d828188c09575c5add1651e67eec2768
03_frequency_screening\peak_series_by_gage\USGS_02374000_annual_peaks.csv,0.005681037902832031,248625b0761a0fd66e8bf18bb05b2f66ac726c1e9951512ee42b9ba3efc331a4
03_frequency_screening\peak_series_by_gage\USGS_02374050_annual_peaks.csv,0.0009298324584960938,1a9e26304e6f6ae9eab949188e0e8e8d4d023b012e11255dd76a0ae9c53ecea5
03_frequency_screening\peak_series_by_gage\USGS_02374250_annual_peaks.csv,0.006659507751464844,b22f79784f03df19017cdf2ec8ef8ecc75876f9e24dc714ce7798cbbae902944
03_frequency_screening\peak_series_by_gage\USGS_02374500_annual_peaks.csv,0.020813941955566406,f14170bc777555aa15abfc3cffc0362ecf031afb6524cb50f4fe3a320018063c
03_frequency_screening\peak_series_by_gage\USGS_02374660_annual_peaks.csv,0.0016536712646484375,4b19f2fc9b8074ec52c83959dd31149e23d640b456aaf71331ab095d5bb0eea0
03_frequency_screening\peak_series_by_gage\USGS_02374700_annual_peaks.csv,0.006583213806152344,b89742b0eca1759b782ffeecb6629cfb936deac16b9fd18b8d932ea24d87c98e
03_frequency_screening\peak_series_by_gage\USGS_02374745_annual_peaks.csv,0.006606101989746094,d07e04637ab0600bb2833551bfdc738e13345689f71609fa0d35c554d8940d87
03_frequency_screening\peak_series_by_gage\USGS_02374950_annual_peaks.csv,0.0062046051025390625,a9fc72c79cb2bf343be23e98976d31f3834a0bf0aeb4ce617c0512ff45adbb1a
03_frequency_screening\peak_series_by_gage\USGS_02374970_annual_peaks.csv,0.0029888153076171875,e894df7af081228c952ca02c7b2ce7d0f577d636f5c4a747afdcd6b9916727f2
03_frequency_screening\peak_series_by_gage\USGS_02375000_annual_peaks.csv,0.010846138000488281,1049d3f13b426751c8ca6e4ad17feab05771adc210c8b4d5799bd7e231e57d11
03_frequency_screening\peak_series_by_gage\USGS_02375500_annual_peaks.csv,0.021543502807617188,15e2105906a583a33b0d6e3bb42e44b54dcaaae7d4fa06b461db84b7e48bca70
03_frequency_screening\peak_series_by_gage\USGS_02376293_annual_peaks.csv,0.0062694549560546875,7ac0658ab3880b52c6d6ba4f4e8ce0f67f3c242be5980f1e0b99eeb73b43d483
03_frequency_screening\peak_series_by_gage\USGS_02376500_annual_peaks.csv,0.02026844024658203,079b1cdefacb49da5f80d070ec6852182e2557da91bb8c14ddda5b6f22f266e9
03_frequency_screening\peak_series_by_gage\USGS_02376551_annual_peaks.csv,0.0021381378173828125,422ef2be0b8bcbde720710fca9101822b5fa8545ec00ca5f717c923f836d45ca
03_frequency_screening\peak_series_by_gage\USGS_02377500_annual_peaks.csv,0.006297111511230469,274f06cc00edad6c4ef74218a0823f86d60b9c99073618640fc34f5b0bc07b60
03_frequency_screening\peak_series_by_gage\USGS_02377570_annual_peaks.csv,0.009126663208007812,1fbff0b6ce7e057126ea6a4069a76fcc7a8a04ce86f9be878dbf259461ecd951
03_frequency_screening\peak_series_by_gage\USGS_02377960_annual_peaks.csv,0.001186370849609375,91d03736ac36df606169d1351a612f07257fb1598f897cfb736475b02a994fe5
03_frequency_screening\peak_series_by_gage\USGS_02378170_annual_peaks.csv,0.00391387939453125,e4174791d3952cacca19d3f9afd6272136255b006486e4ab4eb630daf9ef8adc
03_frequency_screening\peak_series_by_gage\USGS_02378185_annual_peaks.csv,0.00109100341796875,0cc150ebc9bd5afc4fa43c00a130c190da3f6b8c3926afafce12f76a3f516915
03_frequency_screening\peak_series_by_gage\USGS_02378300_annual_peaks.csv,0.0062770843505859375,be70359087e604639ca47541625af4ad3d67d99325632b7a3c720af4a5733d2a
03_frequency_screening\peak_series_by_gage\USGS_02378500_annual_peaks.csv,0.012959480285644531,7b4387661d6166653aeaefb194c5bacbc92df88019da144ae5553dfe07e4d6db
03_frequency_screening\peak_series_by_gage\USGS_0237854520_annual_peaks.csv,0.0010204315185546875,22ccfe62083e736c73a2b61970b1865f6d35585b6aaad93c75df3ed4c2ce9d2f
03_frequency_screening\peak_series_by_gage\USGS_02378780_annual_peaks.csv,0.0009164810180664062,608045250b750db4d69e9d0768ebd5df998c1a4c6fa67f14b173b862d101b98a
03_frequency_screening\peak_series_by_gage\USGS_02378790_annual_peaks.csv,0.0009326934814453125,6c651facde26b7db52d6c62f73f92360868bd303a20e1d8d13b2f05f3d346c4c
03_frequency_screening\peak_series_by_gage\USGS_02397530_annual_peaks.csv,0.003101348876953125,f86ebca1a5ec29ba748a491dd5b27bd0fc0d4148d12c1137bae1d7a2816b1a9a
03_frequency_screening\peak_series_by_gage\USGS_02398195_annual_peaks.csv,0.0017709732055664062,8f08754289a07585de992cdb4f7e19d23e62a544ffab1cfabc9c239af90c0749
03_frequency_screening\peak_series_by_gage\USGS_02398250_annual_peaks.csv,0.0008182525634765625,93c183a7b7c42ea8fcb8f5601d5559ffaf795e34db6c79cfab7f44cd5016837a
03_frequency_screening\peak_series_by_gage\USGS_02398300_annual_peaks.csv,0.020292282104492188,f9ce7e9632d49d16d065c0c86fd8b35ffc6772b785ab0c085aa5787035b40d74
03_frequency_screening\peak_series_by_gage\USGS_02398400_annual_peaks.csv,0.009767532348632812,576d38e62cdde2a7197d09319c3e655ab6ac94760010741145b7acb07d728a5a
03_frequency_screening\peak_series_by_gage\USGS_02398500_annual_peaks.csv,0.005672454833984375,fe3d43f4237940ba71fc9b9917bdf605aa1a21c9d16e88703d13178ede757133
03_frequency_screening\peak_series_by_gage\USGS_02398950_annual_peaks.csv,0.0034666061401367188,8964b67dea906261771e5d60d2978ac6864f5c7cb81fe5048770e6b29c0bbf50
03_frequency_screening\peak_series_by_gage\USGS_02399000_annual_peaks.csv,0.0077915191650390625,d0a20e504e7a0f502e9a443211689237326fa04fbc69694f71e25709b074ad5d
03_frequency_screening\peak_series_by_gage\USGS_02399200_annual_peaks.csv,0.016834259033203125,faf47791bad2251d91e377b6a0a6f061dd02b5698a890331824ca554e582f17f
03_frequency_screening\peak_series_by_gage\USGS_02399500_annual_peaks.csv,0.005584716796875,4270dfa841b772a94892d7d205f7a8812ee3ddd34138f646194b472c36ab987f
03_frequency_screening\peak_series_by_gage\USGS_02399800_annual_peaks.csv,0.0020618438720703125,58daec361357b296522c8f44bf6ea9c97944af50425f3c4ceb8bb816491b63b5
03_frequency_screening\peak_series_by_gage\USGS_02400000_annual_peaks.csv,0.004940032958984375,e66012896e6f1e8debe25ecac0919f3a1e769f9c2da7ad9f2bd5773757878337
03_frequency_screening\peak_series_by_gage\USGS_02400033_annual_peaks.csv,0.0026159286499023438,8aa90aea723aa84a2b79e7d7cb00b857f1f26029fde05901a87551ecdf9b7bdf
03_frequency_screening\peak_series_by_gage\USGS_02400100_annual_peaks.csv,0.014451026916503906,babade546906f2aad1024053fdcaf516fa8a61ce4329b9c22573890071e50966
03_frequency_screening\peak_series_by_gage\USGS_02400496_annual_peaks.csv,0.000614166259765625,89cd4d7963fabc55720f7ff333ca360898d7c711b9e1b528365705ca17e58a79
03_frequency_screening\peak_series_by_gage\USGS_02400500_annual_peaks.csv,0.017641067504882812,80f43707e9e82a6851fa1854b2f4171840b42a7b84f01dad47cc4b46b98f2397
03_frequency_screening\peak_series_by_gage\USGS_02400680_annual_peaks.csv,0.0055084228515625,165620f3317da6997f0c842918937a7e026041d88d4650eeec543e49703093f4
03_frequency_screening\peak_series_by_gage\USGS_02400690_annual_peaks.csv,0.0011835098266601562,c7d3e525688b0adf644d3062a209e5a85f604eddf59f854a2510dc19d235a199
03_frequency_screening\peak_series_by_gage\USGS_02401000_annual_peaks.csv,0.017218589782714844,f91b8ff5208ecc934afdc758a3384a64bdbec71f922d6a386fb689181575846b
03_frequency_screening\peak_series_by_gage\USGS_02401330_annual_peaks.csv,0.0005865097045898438,0ac2ab639bfec2e5698990872a938f6249144bcd129212fe9256bf446d8aa7d9
03_frequency_screening\peak_series_by_gage\USGS_02401370_annual_peaks.csv,0.00394439697265625,d1a1519dee66efba06f9878aab6503301d31be7464f266feb3a74b4bea736823
03_frequency_screening\peak_series_by_gage\USGS_02401390_annual_peaks.csv,0.014373779296875,804b83be4d2b8333d6a8ac5f67805a876e397ee00f889418ff8989aa4778abc7
03_frequency_screening\peak_series_by_gage\USGS_02401450_annual_peaks.csv,0.0008077621459960938,3d78440d32b559a147b8091868e07ca0e8fe9165614047baa7f8a086d9fc7966
03_frequency_screening\peak_series_by_gage\USGS_02401460_annual_peaks.csv,0.001377105712890625,40e3186897b92fc8ee3074b804684ffb0ec8e94cc9dbdb1d38c0181293fa5639
03_frequency_screening\peak_series_by_gage\USGS_02401470_annual_peaks.csv,0.0034685134887695312,b9ba1309797624f82706476c70a068cb6794d128e909548629e61de63d3ad67d
03_frequency_screening\peak_series_by_gage\USGS_02401500_annual_peaks.csv,0.0069065093994140625,7a4a9366473c9a8d8925cf6deba82fe788940e252dc4504db469c576bfb4b8c4
03_frequency_screening\peak_series_by_gage\USGS_02401620_annual_peaks.csv,0.003353118896484375,97cd47bbee5bc57d11f3ab91891de2f2cf9825b226bdab42b124d8c2b1ddd4ca
03_frequency_screening\peak_series_by_gage\USGS_02401700_annual_peaks.csv,0.0013990402221679688,06e5dfd00e377e8d848dc15a93f25c74a54ee4d35d74b8b311be83fc9e1174cb
03_frequency_screening\peak_series_by_gage\USGS_02401800_annual_peaks.csv,0.0014009475708007812,7eacc6482c6f4f65c640ff630a1fb1df9589f005afa9a763dd1cc24281145dab
03_frequency_screening\peak_series_by_gage\USGS_02401895_annual_peaks.csv,0.0026760101318359375,9d6b3cbec2d8c423100c303be321aabc22b97e5c9527c8bc5d800ba5d604267f
03_frequency_screening\peak_series_by_gage\USGS_02402500_annual_peaks.csv,0.004942893981933594,69cc2d94222ff074ec84f3097ab94cb35f1eabb7f2108fb931282310a343de85
03_frequency_screening\peak_series_by_gage\USGS_02403200_annual_peaks.csv,0.0011959075927734375,8ec4d2b92ac5b220f5447330baf8b142acec1d5acdecd3eb241268c90f35eb8a
03_frequency_screening\peak_series_by_gage\USGS_02403310_annual_peaks.csv,0.004017829895019531,ad6541cff2e76b4aa7adcd016edad2f4eb19a8720227809eab99e78d5863aa4a
03_frequency_screening\peak_series_by_gage\USGS_02403395_annual_peaks.csv,0.0011949539184570312,2114d5e3df0f084ee7e6292a8b6109a3dd3984606bb610a6d3bc057300a39452
03_frequency_screening\peak_series_by_gage\USGS_02404000_annual_peaks.csv,0.010364532470703125,64f007fc92e37c5cebca4092f473b3dc092db4257583eb8316a2b942bcfb7cd7
03_frequency_screening\peak_series_by_gage\USGS_02404245_annual_peaks.csv,0.006831169128417969,44f15ae61c45e1a1f3b169cde79fcf90b844d43410f9c62d3ec3fd59d4c17f35
03_frequency_screening\peak_series_by_gage\USGS_02404400_annual_peaks.csv,0.014684677124023438,a76a9c44b4960e6601f13324f73cd7be8723b09be1d3eb06b6f1d799da27c9d5
03_frequency_screening\peak_series_by_gage\USGS_02404500_annual_peaks.csv,0.0066051483154296875,1e1327692741af7cdde9ccd6a48ec5df36f67587b8cfb0b32ecb48c43d30fd31
03_frequency_screening\peak_series_by_gage\USGS_02405000_annual_peaks.csv,0.004439353942871094,62998d3b4fac40e12109cadb5facd0e89ae8f1236f27721b3b0790ae1e553eda
03_frequency_screening\peak_series_by_gage\USGS_02405200_annual_peaks.csv,0.003448486328125,0cb4b635d686fa160f569f476c844d5bf879a64bfa3181c3932e7e72f11d9cf3
03_frequency_screening\peak_series_by_gage\USGS_02405500_annual_peaks.csv,0.013723373413085938,f073e422b256ba4144d06e9834aa7c0287f08b1f31e0553894a93cdb1bb53672
03_frequency_screening\peak_series_by_gage\USGS_02405800_annual_peaks.csv,0.0031328201293945312,a894402ba069e754830ad3b30282ce07fc57414ecd1105b1608bccb172f36108
03_frequency_screening\peak_series_by_gage\USGS_02406000_annual_peaks.csv,0.0026493072509765625,5203d960d0a4f55981c0ec2dba4f4da211d19092e1ff7c9dc6674cb20306f119
03_frequency_screening\peak_series_by_gage\USGS_02406500_annual_peaks.csv,0.016509056091308594,1b4366d9ad01affe6bfb63bd314eae7f157feb833f0b61b119b49dbdca81dd67
03_frequency_screening\peak_series_by_gage\USGS_02406930_annual_peaks.csv,0.0032835006713867188,6fa18c30090990b85d06408f03dbc3de9541c3546d5fb050583da02c29fcf041
03_frequency_screening\peak_series_by_gage\USGS_02407000_annual_peaks.csv,0.02242755889892578,0ee92d56e8cdd96f4f21353e6e35bd2c6a3cc8dcc332c2acc8a8302bee0dffcc
03_frequency_screening\peak_series_by_gage\USGS_02407500_annual_peaks.csv,0.005209922790527344,125fd0c95e4ba71ea5326379349ba684965cb3a955198c2cc888506b9ab78904
03_frequency_screening\peak_series_by_gage\USGS_02407514_annual_peaks.csv,0.004412651062011719,272364ef8638ed6ed216f7953a6cda9234fdd67261a911c8a39bb629a8ff7995
03_frequency_screening\peak_series_by_gage\USGS_02407680_annual_peaks.csv,0.0025873184204101562,7f2acbafde30216abcab7b497132e823c5bb3cd72a94b1d2d680969e7ed5833f
03_frequency_screening\peak_series_by_gage\USGS_02407900_annual_peaks.csv,0.0031566619873046875,1fb1e9ddf18efe58501b0ec040444046e0472534b6078a0778c5dc7590035459
03_frequency_screening\peak_series_by_gage\USGS_02407950_annual_peaks.csv,0.0039730072021484375,2abb0a1c2474e4b999d78f97fb2022ca6ceda8103a24dd938f706f15da822794
03_frequency_screening\peak_series_by_gage\USGS_02408150_annual_peaks.csv,0.0025224685668945312,410354edddf3a74b9089e1490f4c3e37c096e097f4b8ba362736a2f5c755d5e5
03_frequency_screening\peak_series_by_gage\USGS_02408340_annual_peaks.csv,0.001800537109375,88c483fe6b2e477ab8048e511d0ef0b7efcb9b3c2f3938ab68ec588fea7e143b
03_frequency_screening\peak_series_by_gage\USGS_02408500_annual_peaks.csv,0.008418083190917969,cc7246b5a84a62ee368ff21b9df60b3c5fc24b83d30466fa9fdf349c072c2738
03_frequency_screening\peak_series_by_gage\USGS_02408540_annual_peaks.csv,0.010939598083496094,6b0dbff022061ed1180c4fd7ef9741ef5f266479eca6e0c51b11e7b86a58a204
03_frequency_screening\peak_series_by_gage\USGS_02409000_annual_peaks.csv,0.005118370056152344,dd14fbe0092524c9ca61e847fd28e15ced3aebacb98813437d59e20e5096570c
03_frequency_screening\peak_series_by_gage\USGS_02409400_annual_peaks.csv,0.008866310119628906,c38a922ffe8a0ebed087648f58d190975e3c7164826ee0ab56d2645919d83b95
03_frequency_screening\peak_series_by_gage\USGS_02409540_annual_peaks.csv,0.0021266937255859375,63c3c824a7ecec670ac34413042555974d8a95a38deb34df2dd4cf46e881aee8
03_frequency_screening\peak_series_by_gage\USGS_02410000_annual_peaks.csv,0.008946418762207031,41b202a863c866d30c8011f0b4c9101d0e1d9f1d696abcf547a9758b74ba792f
03_frequency_screening\peak_series_by_gage\USGS_02411000_annual_peaks.csv,0.021444320678710938,2d15e8783c9d331d7ffc85e3dc28e314c22489273ddedda10839f5a5fc87dfec
03_frequency_screening\peak_series_by_gage\USGS_02411602_annual_peaks.csv,0.0024862289428710938,0859d7c145a2bbd8435d18f51d4813785a4ae0b93e3404df5a35396b3da785ea
03_frequency_screening\peak_series_by_gage\USGS_02412000_annual_peaks.csv,0.017189979553222656,13a6f07c6c78484d8bb4d56f339f0c70a071a67a9928650e7ee4edac20e57ce3
03_frequency_screening\peak_series_by_gage\USGS_02412065_annual_peaks.csv,0.00263214111328125,fe5345567bc0f19253075a2000756307cba23a9922d588533785e4fa82928090
03_frequency_screening\peak_series_by_gage\USGS_02412320_annual_peaks.csv,0.0021514892578125,ba6571379093666006a7f07fa4f90bf884481e466bb80bc80d4485f58b06cc6f
03_frequency_screening\peak_series_by_gage\USGS_02412500_annual_peaks.csv,0.008043289184570312,3186dac3cfbefa1f9b4cc96951315fec1e7b86f40b6d651f86f52d3426b96620
03_frequency_screening\peak_series_by_gage\USGS_02413300_annual_peaks.csv,0.01116180419921875,0361f28158a01bb2f1762963f360ffa8b57e5c90009f032acf0857096c827c1b
03_frequency_screening\peak_series_by_gage\USGS_02413400_annual_peaks.csv,0.00323486328125,21fcf281c210d7a64688403ac2532ff550169874a119ff8e17e42e44f1a05ac1
03_frequency_screening\peak_series_by_gage\USGS_02413475_annual_peaks.csv,0.006161689758300781,2ed7164ff4f12d7aa0b1e443aa712221072d004e7465117f461cb6f9d2c44df6
03_frequency_screening\peak_series_by_gage\USGS_02413500_annual_peaks.csv,0.0080413818359375,35f9839bbffc903e7d5564e4bb77988e66414ac0d2f8b421cddf11907fcc669f
03_frequency_screening\peak_series_by_gage\USGS_02414000_annual_peaks.csv,0.001697540283203125,ac9d0c0d99aa0490ca38798ccc3e4962b9d5709c503c9222fbdbc264a61d4c30
03_frequency_screening\peak_series_by_gage\USGS_02414300_annual_peaks.csv,0.000827789306640625,f445ad6c4e0a04b356b73466bea0e232b01f86cee56f66360fe469011109f9de
03_frequency_screening\peak_series_by_gage\USGS_02414500_annual_peaks.csv,0.022475242614746094,e321f4d7c8b63153f4ea993bf1b7dc3cd0997abe7e1caa602c6bde9cf3d962ed
03_frequency_screening\peak_series_by_gage\USGS_02414525_annual_peaks.csv,0.0010042190551757812,4fd1b0836f0c76c05f123a03129ddd1af4f97c2b5fe34288fb217200ec66315a
03_frequency_screening\peak_series_by_gage\USGS_02414715_annual_peaks.csv,0.009874343872070312,00254ffbb70df279689e66e9586b57e07af5a99d6ac64427c2ea9cec0451eee9
03_frequency_screening\peak_series_by_gage\USGS_02414765_annual_peaks.csv,0.0025167465209960938,91a1497605fa45d8a38b22f083f2c969bc57175ffd7cd931abc025aaa9a573f1
03_frequency_screening\peak_series_by_gage\USGS_02414800_annual_peaks.csv,0.005110740661621094,7a5bf88bc3aeee895d997fec905ef6be6c9420922f1d578693f5dc63ec0629cf
03_frequency_screening\peak_series_by_gage\USGS_02415000_annual_peaks.csv,0.014685630798339844,f60902ac376f62db4f24a4a1a42aa1bcf1b42679fe45aaedb54db45874fa82ec
03_frequency_screening\peak_series_by_gage\USGS_02416000_annual_peaks.csv,0.00629425048828125,92088a0ad99b26fb74678ab4dfd2723ef6fb5205ef56d16f0be0c7e930317927
03_frequency_screening\peak_series_by_gage\USGS_02416360_annual_peaks.csv,0.0007772445678710938,a881ae2e162ac167f0b399dea30c58868d454d2610afb35befcf69a5d8ff41de
03_frequency_screening\peak_series_by_gage\USGS_02416481_annual_peaks.csv,0.0024566650390625,1c3c957f80b75feeec2117b1c93d462047fe4476c7f63d4f2014f5daebb2b054
03_frequency_screening\peak_series_by_gage\USGS_02417400_annual_peaks.csv,0.0020275115966796875,71db3e2ba83bf55cc0518abb474b36c84c999dbcc93a893fd66edf6af59bd84f
03_frequency_screening\peak_series_by_gage\USGS_02418000_annual_peaks.csv,0.0017938613891601562,98be361cb529a2158aa64322fc58ae734339c49d81883132f478f887b016a975
03_frequency_screening\peak_series_by_gage\USGS_02418230_annual_peaks.csv,0.006148338317871094,ebe7969d428572bcb20888e994e1e835cbede1a659302ccb37619860c3e9881b
03_frequency_screening\peak_series_by_gage\USGS_02418500_annual_peaks.csv,0.020435333251953125,b08413521932b94a63401105108d1e49ae8996653f9ba544a2b642934880330a
03_frequency_screening\peak_series_by_gage\USGS_02418760_annual_peaks.csv,0.005488395690917969,04ccb4afeaf34b618895b4554c0b3132570a561457b07a446993e06a14432059
03_frequency_screening\peak_series_by_gage\USGS_02418764_annual_peaks.csv,0.0025720596313476562,593ab7c6e1441cbbf8427f6d99084055777c1702d2f184b61400aa64a49eb25e
03_frequency_screening\peak_series_by_gage\USGS_02418770_annual_peaks.csv,0.0024509429931640625,7560b351a0efec9d2ba8545a67346f088d6a4aaf2cbbcc9b7cb29d219f2c8fd5
03_frequency_screening\peak_series_by_gage\USGS_02419000_annual_peaks.csv,0.020394325256347656,a9f76cc35e16f541169a286c3b97ba2b284b1b0f588eb1d35477c5e1f1fd8c65
03_frequency_screening\peak_series_by_gage\USGS_02419500_annual_peaks.csv,0.00170135498046875,71ac633ea607e9e4b0d1d6961aff277e045aceaf5d1ceeb9b5f58dcff97894d3
03_frequency_screening\peak_series_by_gage\USGS_02419625_annual_peaks.csv,0.0043239593505859375,d125d314742dd7aa4fa127e140b88091077fa5358b9a534929ccf45c7b689ecf
03_frequency_screening\peak_series_by_gage\USGS_02419670_annual_peaks.csv,0.0006122589111328125,4a9acb983120ac35408fd82c3ddb9875c229ba14f0f3c5486dcedbae29e9701b
03_frequency_screening\peak_series_by_gage\USGS_02419790_annual_peaks.csv,0.0006122589111328125,65f9e6e3be6b88de173ae17205475ac7d3445aab3c911eb4d9e61a982cfec411
03_frequency_screening\peak_series_by_gage\USGS_02419835_annual_peaks.csv,0.0021572113037109375,61b7f3e96cd0a99c76382fcfae2ec89ef765af47572e20b4e4b9febf9ae551bf
03_frequency_screening\peak_series_by_gage\USGS_02419845_annual_peaks.csv,0.0026082992553710938,af8c067daab64565ff1110bdbf62ff80e06f4706182e5d5e68abaf7c34929a25
03_frequency_screening\peak_series_by_gage\USGS_02419875_annual_peaks.csv,0.0026082992553710938,3511a8a565a7c74793f3ffa803af7d8bb88b9fc9fa982b0234f9a344d0999d09
03_frequency_screening\peak_series_by_gage\USGS_02419890_annual_peaks.csv,0.0074748992919921875,3e9074bc3eea032534b42f86d5307e45d2e204e9f1e99dac9e764203d429a14a
03_frequency_screening\peak_series_by_gage\USGS_02419974_annual_peaks.csv,0.0026063919067382812,c99bc78ce4b1505405468e4b8116bf347a12313137b353562e54c1255b86c1c5
03_frequency_screening\peak_series_by_gage\USGS_02419975_annual_peaks.csv,0.0009937286376953125,fb9dcc1b1331c67ae868cfe259ad4eeca6b88217e86271ea6782fc3905a1eb65
03_frequency_screening\peak_series_by_gage\USGS_02419976_annual_peaks.csv,0.002613067626953125,e9cfd1e21e419cc42889845306b461a3d8f366cd9129160703cc55ac21d3221a
03_frequency_screening\peak_series_by_gage\USGS_02419977_annual_peaks.csv,0.0008144378662109375,cb45fa94d2d29ef6035de5e0b811cdba9ff70f42a3a2c2534911d116744c8de9
03_frequency_screening\peak_series_by_gage\USGS_02420000_annual_peaks.csv,0.023637771606445312,0c48c4fa2e2f6e6b9df5f2c3ab0cb12ce6d2efc9bedfc1b6c39aea72b387cb2a
03_frequency_screening\peak_series_by_gage\USGS_02420495_annual_peaks.csv,0.002429962158203125,b2825e0f5f44888e2dae3195103e79ab1c42858df55a7c216d8ccdfea29db907
03_frequency_screening\peak_series_by_gage\USGS_02420980_annual_peaks.csv,0.0025892257690429688,3b191dbdf94ea234e56e3c44cc8c681c9f9b4aeb330e71da3d38a823e4e6c8e1
03_frequency_screening\peak_series_by_gage\USGS_02420987_annual_peaks.csv,0.0009937286376953125,717d928e1c052527ee0a341372d2558f08954b54e988ab8303172541e187c9f4
03_frequency_screening\peak_series_by_gage\USGS_02421000_annual_peaks.csv,0.01732158660888672,dd66fa7df05aa5fcfc38b7d537112782a853ba1fafde36f37aa42d28de24aa4c
03_frequency_screening\peak_series_by_gage\USGS_02421105_annual_peaks.csv,0.003147125244140625,f7615aae57a7a7d9520574de0a34ebb41889f9e098073a41b45fa8fff56a7779
03_frequency_screening\peak_series_by_gage\USGS_02421115_annual_peaks.csv,0.0010042190551757812,922cd335062f5c35b92f0efb49e14ee024797be7f3da74ebbcceb10a2285d8aa
03_frequency_screening\peak_series_by_gage\USGS_02421256_annual_peaks.csv,0.0026092529296875,3660686fde5a836467d8fc5cb053fd3d2119cb618b8b57a30d8afb523eaca414
03_frequency_screening\peak_series_by_gage\USGS_02421300_annual_peaks.csv,0.0031003952026367188,cbd3d0e8d37412d8e8373f909282f71938db9987f37f024ad5454d7cad7c010a
03_frequency_screening\peak_series_by_gage\USGS_02421480_annual_peaks.csv,0.0007696151733398438,ce1c80d16357fbbfd8d8adf3b8b60b6cf3650c101c6e1d0c38d6f51778b50f09
03_frequency_screening\peak_series_by_gage\USGS_02421500_annual_peaks.csv,0.0021734237670898438,5e118c4ec3ca462da4b1212541934d95743f1ed56cf228eae90f9d407ffac1f4
03_frequency_screening\peak_series_by_gage\USGS_02422000_annual_peaks.csv,0.008271217346191406,58127e67e13637dc0719b7b86d18d178157d44c86c7b7c43e92174e511c16f20
03_frequency_screening\peak_series_by_gage\USGS_02422500_annual_peaks.csv,0.020586013793945312,57e6e293c03573aa15f5b3d72e24182bb836aea675e5ee0dda0a661295c0f416
03_frequency_screening\peak_series_by_gage\USGS_02423000_annual_peaks.csv,0.0228118896484375,1be406b8a2dc8086bc78dd0ec541d7edff5a3e9d3cb0827433305624c0c8baa4
03_frequency_screening\peak_series_by_gage\USGS_02423110_annual_peaks.csv,0.0029001235961914062,58937c73d4089a1afc0a086f21e8b0e4879255ebe1aa891629dd0805479da499
03_frequency_screening\peak_series_by_gage\USGS_02423130_annual_peaks.csv,0.00799560546875,f352963d610dcc2cd96d6af668aab2c56e85507c311ab70d0bbc3b35eb2c7364
03_frequency_screening\peak_series_by_gage\USGS_02423160_annual_peaks.csv,0.0031223297119140625,8b1a110763c96830ce251a21e45795f51115b571567f5891eb721342e452d708
03_frequency_screening\peak_series_by_gage\USGS_02423190_annual_peaks.csv,0.0008172988891601562,7949bb937ab9618c65b66d6111a8d439703bc17f64cca2b0b87ac1de17b2f51b
03_frequency_screening\peak_series_by_gage\USGS_02423380_annual_peaks.csv,0.010254859924316406,182459fcc1a7d5530a51c9ca9d90597ad59321b0246351c8941fbcc0bdb1ec2c
03_frequency_screening\peak_series_by_gage\USGS_02423397_annual_peaks.csv,0.006778717041015625,21613adb8e2b182fbef80aa0eea3287d143ee8cb98c9be8c0d6ccda012b846ce
03_frequency_screening\peak_series_by_gage\USGS_02423398_annual_peaks.csv,0.005179405212402344,70044508b560ab55d6be4e7940988b78bc1529812e3bd4d8cdfac2ae0c8a7e2f
03_frequency_screening\peak_series_by_gage\USGS_02423400_annual_peaks.csv,0.007214546203613281,b18249a56c7e88d4e8fb9aaaf66d7e2b1eb85aea466a0b1d37589f131b074c5b
03_frequency_screening\peak_series_by_gage\USGS_0242340550_annual_peaks.csv,0.0011816024780273438,9432268820afbbdb83b3a59e286df087bb13b89479ee312b700a1ee9823a2f92
03_frequency_screening\peak_series_by_gage\USGS_02423410_annual_peaks.csv,0.0034637451171875,a9d759a623180a21bbbee3da8788be2dd6ef2a6c63948c99557e456345d77742
03_frequency_screening\peak_series_by_gage\USGS_02423414_annual_peaks.csv,0.005202293395996094,c0c8b03e5c101ee02a6fdf2d8e33bcfd969460bde75afd2aee08ef22e5ab6517
03_frequency_screening\peak_series_by_gage\USGS_02423425_annual_peaks.csv,0.009073257446289062,a2b47b9827e73f47b2b322910d06c71b132f0a1571538c51ed39dc8e92f85d14
03_frequency_screening\peak_series_by_gage\USGS_02423496_annual_peaks.csv,0.008765220642089844,8e651a43563dbdaa74b871b65b598511ff3f1cb551437bad13045f2b2f3d40ca
03_frequency_screening\peak_series_by_gage\USGS_02423500_annual_peaks.csv,0.014336585998535156,1473813af60364f127f4c63942fc3925cdc660211d5a437222e23ea0a8265812
03_frequency_screening\peak_series_by_gage\USGS_0242354650_annual_peaks.csv,0.0010137557983398438,36bb4cb8b39cd640b2d76c8446fdc40ffda010bfc2291428d54dbee60f170a19
03_frequency_screening\peak_series_by_gage\USGS_0242354750_annual_peaks.csv,0.006453514099121094,b126164d950e9065aeb33e591197782df3eaf059f4e07fecaecf48f9b68e149d
03_frequency_screening\peak_series_by_gage\USGS_02423555_annual_peaks.csv,0.010492324829101562,58d550016346cff16dd68ad4b3f015927df37087f0db6cbe02aca8dc00640f46
03_frequency_screening\peak_series_by_gage\USGS_02423571_annual_peaks.csv,0.0020961761474609375,0b36b1970fe85c403cd305203e25023ba369db751e672d63c007cd192961e816
03_frequency_screening\peak_series_by_gage\USGS_02423586_annual_peaks.csv,0.0034265518188476562,9df62e8739876c2d9b2a1997676d72996549c8722c1d8760a9806f0eb7bb88bb
03_frequency_screening\peak_series_by_gage\USGS_02423630_annual_peaks.csv,0.009914398193359375,b82a53d4efc6cc78ee98476d9b5702fb33eafddaead9a1e10f8f326b7752dd58
03_frequency_screening\peak_series_by_gage\USGS_02423647_annual_peaks.csv,0.0038280487060546875,cbf7b8e2b36a98277d377802a617a91c1a859dcc1b041f3f50f2ef29a6a5a611
03_frequency_screening\peak_series_by_gage\USGS_02423800_annual_peaks.csv,0.003894805908203125,16be5c3809153fc5bc3ccad6f10790099b209fa760debd50834bb098295dc6b6
03_frequency_screening\peak_series_by_gage\USGS_02424000_annual_peaks.csv,0.027555465698242188,992279486aff084ffb2cefde926659b03470830d5862f964adf45ed99f7562fa
03_frequency_screening\peak_series_by_gage\USGS_02424010_annual_peaks.csv,0.0038347244262695312,5aa59dbd04d0635aaa872a827d6431c1abefe9218013402d9c134c4186190b73
03_frequency_screening\peak_series_by_gage\USGS_02424500_annual_peaks.csv,0.007814407348632812,feb4e274c9234762539011b9bf7dc17eb8cde026141590d95315c568a68e5bec
03_frequency_screening\peak_series_by_gage\USGS_02424590_annual_peaks.csv,0.006427764892578125,3327c19b106291182e244f07cc3c2c517ca6173e09b1ade6d42cae5cbbf90c0d
03_frequency_screening\peak_series_by_gage\USGS_02424940_annual_peaks.csv,0.0030469894409179688,8d60c4e50f401c676ab135e813e668233328ffa7a7721ec67802411abf1f1ce3
03_frequency_screening\peak_series_by_gage\USGS_02425000_annual_peaks.csv,0.01745319366455078,0c5905a61a9a254e6c7743d27798313cdbf328c41ab53837fa998625bd4aa165
03_frequency_screening\peak_series_by_gage\USGS_02425200_annual_peaks.csv,0.0029850006103515625,eb528811624dcd0fa398ccea74dfb780a1c921ca01bb8c99d384ecd98cf0ecdb
03_frequency_screening\peak_series_by_gage\USGS_02425500_annual_peaks.csv,0.0072956085205078125,650ba16e96d0d0ab33c2dadbf90acea0699a091b89e705cc5131e6e1e38d5a2a
03_frequency_screening\peak_series_by_gage\USGS_02425655_annual_peaks.csv,0.005405426025390625,5c1c03e0bac79b40df74d31459e0992a449561663434063682f95203c1f6baab
03_frequency_screening\peak_series_by_gage\USGS_02426000_annual_peaks.csv,0.0070590972900390625,d3649d6274c660f200a6445b4c1fe17bc8a60675c63949db3d83341fe29daea8
03_frequency_screening\peak_series_by_gage\USGS_02426500_annual_peaks.csv,0.0016107559204101562,3a9fa6b3f02714a7b11cc851fc31fe32a40072c90dc344db4b8ac3206ccf3b4a
03_frequency_screening\peak_series_by_gage\USGS_02427000_annual_peaks.csv,0.0017862319946289062,6630d14d235b513cad0667856a53853a1fa1273db578a8a88112644c518615dc
03_frequency_screening\peak_series_by_gage\USGS_02427013_annual_peaks.csv,0.001186370849609375,4418d040c43f932d582ee07662d0f29dca909b23737131498afbf3d6ccebee4d
03_frequency_screening\peak_series_by_gage\USGS_02427020_annual_peaks.csv,0.001010894775390625,33e2bf165610cb69bb4084cc81a6e33fee4817c3c673285a1aaf27e511a58d7c
03_frequency_screening\peak_series_by_gage\USGS_02427250_annual_peaks.csv,0.008820533752441406,f08250b711601a3fb6190bdc63d3ec4fd177ed5c654ebe0337480dda66763f38
03_frequency_screening\peak_series_by_gage\USGS_02427300_annual_peaks.csv,0.0034027099609375,f13b608401e9c66cf8a65aacbcbff778b0620ea73c0a26a70c7961d9e94b08f3
03_frequency_screening\peak_series_by_gage\USGS_02427500_annual_peaks.csv,0.0065555572509765625,3db56c3541246affd3ea6a3258611a038006435bc7990268d9180af36e7dc4a9
03_frequency_screening\peak_series_by_gage\USGS_02427700_annual_peaks.csv,0.008868217468261719,e4ee6eb473acaabf0e854a6df512f8ce8dd57d1b1980d8397f487603979f1e59
03_frequency_screening\peak_series_by_gage\USGS_02427830_annual_peaks.csv,0.00215911865234375,bd0d31a530e43234aa9e98acd2038508388c00d23c1469950ec69ad454e78df0
03_frequency_screening\peak_series_by_gage\USGS_02427875_annual_peaks.csv,0.004200935363769531,31e3bfd98f060e008d0f5add79b7661acd2c82c57addde30b201ebb9e981bf5d
03_frequency_screening\peak_series_by_gage\USGS_02428300_annual_peaks.csv,0.0037832260131835938,47ea518f9bfa716b6b15d062efdaf65002b4690ec89f3d20f9fc6355efe65a3e
03_frequency_screening\peak_series_by_gage\USGS_02428400_annual_peaks.csv,0.010431289672851562,185fb44bea57646d15f9c905a5b93a8f01028e6341afe6545cc9e45daaf0ac92
03_frequency_screening\peak_series_by_gage\USGS_02428500_annual_peaks.csv,0.00647735595703125,1e5524e7b80b489116b82e942d43b047a307d4e0f548e2585ab64c3859851a63
03_frequency_screening\peak_series_by_gage\USGS_02429000_annual_peaks.csv,0.005522727966308594,f8eceba2364ff5d419f62ab7ba00dbca05d3726b18e40bcac157039b395c6eb8
03_frequency_screening\peak_series_by_gage\USGS_02429500_annual_peaks.csv,0.010416984558105469,773b40bb77d89aca64a414a55ebdca3e15054751e27751d2a45c9c20da035cd1
03_frequency_screening\peak_series_by_gage\USGS_02429540_annual_peaks.csv,0.0006170272827148438,b49379c8fdb7f636dfd0eb2ad4b6f784cb0e22b72ba0d34cd55691663825313c
03_frequency_screening\peak_series_by_gage\USGS_02429595_annual_peaks.csv,0.002655029296875,0f0e3634473201e26a90fd04129fdf85032ee94ca4473c963ba64a2b41a7edc0
03_frequency_screening\peak_series_by_gage\USGS_02429650_annual_peaks.csv,0.0026216506958007812,f899840343bd1a85478e315ac4402234bd7113059cd2b48e36524eaf560c688c
03_frequency_screening\peak_series_by_gage\USGS_02432500_annual_peaks.csv,0.005608558654785156,e5ffc23a88ddc6e89f677f3bb74ee89c76e36769c2d2b4303c4f99257df99ba2
03_frequency_screening\peak_series_by_gage\USGS_02437800_annual_peaks.csv,0.0034027099609375,b653332cf791cc63ea229561eefb12b0747ebbd64fab391f46466e29abe83c18
03_frequency_screening\peak_series_by_gage\USGS_02437810_annual_peaks.csv,0.0006122589111328125,3b7c92aebda125d4e4fe717ea0e362a93bf998537add870dce647a609a64ef06
03_frequency_screening\peak_series_by_gage\USGS_02437900_annual_peaks.csv,0.0029754638671875,e1a2a59d01ba4f6d746a3500f56b760143b069d6c1da129bdff3a58fb00b3417
03_frequency_screening\peak_series_by_gage\USGS_02438000_annual_peaks.csv,0.016480445861816406,8d5609c15c1a96974145fa8099e52125b8017d8dc910303a3b8d33dbed4d733e
03_frequency_screening\peak_series_by_gage\USGS_02438500_annual_peaks.csv,0.0022192001342773438,080f7628e3b64b118cbfa94d5ea26122e783eb841170459a088dad1d28ec2fc8
03_frequency_screening\peak_series_by_gage\USGS_02439000_annual_peaks.csv,0.00861358642578125,4ed335e75cbfaba1665d190fe4ebc2045bc16bdc42433564ef76cfa4ce91ad38
03_frequency_screening\peak_series_by_gage\USGS_02442000_annual_peaks.csv,0.007802009582519531,bb17576f24ff9585072b785a37fe709ad35b09f2a25438e1b887b5add00a7b51
03_frequency_screening\peak_series_by_gage\USGS_02442500_annual_peaks.csv,0.008851051330566406,254046c9f6df51e08e4e48caf81dfa4582e8885cb040a9f24b77760d06fdec36
03_frequency_screening\peak_series_by_gage\USGS_02443000_annual_peaks.csv,0.019974708557128906,191eb941886b40ef990b848771322a6319b2b6fb6d9c5cccfda70a920e330863
03_frequency_screening\peak_series_by_gage\USGS_02443230_annual_peaks.csv,0.0030269622802734375,addb29dc5d28bdfebd58a5fc54eb27e2ed62e63a3bc9cb812656b816724b6d43
03_frequency_screening\peak_series_by_gage\USGS_02443730_annual_peaks.csv,0.0029468536376953125,06b9cc749d7de22b7c0ccce1badbef4e97516f98b479aa240fb87c0a677771fd
03_frequency_screening\peak_series_by_gage\USGS_02444000_annual_peaks.csv,0.0062274932861328125,edf9b7891840951070f05139da0638ab7f211dc3485158ffac3f67ff32a5a0eb
03_frequency_screening\peak_series_by_gage\USGS_02444160_annual_peaks.csv,0.010385513305664062,05b68cb4424bc83fcb6adc999ddc694c49ec6e92d4b77f3a463996ec8f6dfc9c
03_frequency_screening\peak_series_by_gage\USGS_02444161_annual_peaks.csv,0.0016956329345703125,30e9aeabd0164d7484fca1e981db271e419c5f3096ea5c41bfe69d073e2023b4
03_frequency_screening\peak_series_by_gage\USGS_02444490_annual_peaks.csv,0.0016660690307617188,99342346250db441dba5be98f7d21488ef732c357deb10b931bdd14c371e39d7
03_frequency_screening\peak_series_by_gage\USGS_02444500_annual_peaks.csv,0.010296821594238281,bab0c401cb61e089b121ae6f08b5847d706ef6396afb2cf3a2a44fa64ebed86b
03_frequency_screening\peak_series_by_gage\USGS_02445000_annual_peaks.csv,0.0034236907958984375,e675f951b8a0879fc8e4db70f546ce3eec70a489d21c9ba245a2b00a5653b16a
03_frequency_screening\peak_series_by_gage\USGS_02445245_annual_peaks.csv,0.005105018615722656,a3f1fbc24b738da089669f2760935f5a759099eec44920a8034109db7419652c
03_frequency_screening\peak_series_by_gage\USGS_02445290_annual_peaks.csv,0.0006074905395507812,bfc842e2e26b705d9a36e9e94c5e66f2adb266ac2035373027ca7aaa5093accd
03_frequency_screening\peak_series_by_gage\USGS_02445500_annual_peaks.csv,0.0054779052734375,992be15a81ba7507e0af7005f37706bb2002c7a779a90fbd1039f907cd9e08a3
03_frequency_screening\peak_series_by_gage\USGS_02446000_annual_peaks.csv,0.003131866455078125,eaf6e14dfcf5c5cba24d61c13e6697e8f85d82e4bfca7fbec0330fe23a91d251
03_frequency_screening\peak_series_by_gage\USGS_02446500_annual_peaks.csv,0.01917552947998047,1e775cdce0773c10a324f484ebde6c4b60f9d89ff10d976080cdf7bdf12ae959
03_frequency_screening\peak_series_by_gage\USGS_02447000_annual_peaks.csv,0.00513458251953125,0fd2811f59b1c55d9e196a9cd015419717381539eddf0e749e7ee1063567883d
03_frequency_screening\peak_series_by_gage\USGS_02447025_annual_peaks.csv,0.009703636169433594,e0cbb889cfc35b2f5f9456c0a2828f8274b6df31d5cc3cba33612024d44d8d93
03_frequency_screening\peak_series_by_gage\USGS_02448500_annual_peaks.csv,0.01925945281982422,6a29a64c72510296fb5e0f7098be9e3269379833013fe303ea9776dc48079dfa
03_frequency_screening\peak_series_by_gage\USGS_02448900_annual_peaks.csv,0.00818634033203125,a91322901e9cf1ad0fa89b4f4c1bd94cc0d4cde51ac0a37cde7708ee2fce2276
03_frequency_screening\peak_series_by_gage\USGS_02449000_annual_peaks.csv,0.012645721435546875,e8ac483fc91740fa69d306194726047264b7c0d374c932b436c599f5d45b97f9
03_frequency_screening\peak_series_by_gage\USGS_02449245_annual_peaks.csv,0.006023406982421875,ca63a3e9a1fec0871a540f01219d1d1121928e2b832b6ec291a394be2b940355
03_frequency_screening\peak_series_by_gage\USGS_02449400_annual_peaks.csv,0.0038061141967773438,84a985d25fd0f452fd51c128e540070deed8223f59d4c403f469230a05c0e261
03_frequency_screening\peak_series_by_gage\USGS_02449500_annual_peaks.csv,0.0044803619384765625,6dfb3d30f7c6c38ca4c4e62d4e04388cbefb6aee1c324b8dfdc2f392d8c57b51
03_frequency_screening\peak_series_by_gage\USGS_02449775_annual_peaks.csv,0.0006122589111328125,c271671d7a4bc59239a693fbaf3aa8e50eed4b2b96799bf912110ff1c0627832
03_frequency_screening\peak_series_by_gage\USGS_02449838_annual_peaks.csv,0.0009918212890625,f3791d6ca4667c21647e1cda54bac6fb4765c6703247e2464ae0908848052a59
03_frequency_screening\peak_series_by_gage\USGS_02449882_annual_peaks.csv,0.007939338684082031,a1cd4e8b5cc88de7629de2fe831fcfa6f73287855bdf63dd35f3232aaf12ef5e
03_frequency_screening\peak_series_by_gage\USGS_02450000_annual_peaks.csv,0.021414756774902344,7d3b94fde999edcbf29eae4d75c5c00c85899ed79b0c08f88648f7f77550f5ee
03_frequency_screening\peak_series_by_gage\USGS_02450180_annual_peaks.csv,0.011111259460449219,dd264c81b521ae69fc189eb1d9f311bc8e0e034a1b8bfea054647104d403d76c
03_frequency_screening\peak_series_by_gage\USGS_02450200_annual_peaks.csv,0.003787994384765625,5383b65ab92ef584aa8e21aa2fef158944a748439a55fa43a38f9aa7e6e505e7
03_frequency_screening\peak_series_by_gage\USGS_02450215_annual_peaks.csv,0.0006055831909179688,177c9724f376e3bc0672972a4efa796870240b91338fdc2c907e1d63a9119c7e
03_frequency_screening\peak_series_by_gage\USGS_02450250_annual_peaks.csv,0.013689994812011719,ff68c863fa6d3c8b940e8b837f601ae30a5d1ca779977a8049c40d977e7f3c89
03_frequency_screening\peak_series_by_gage\USGS_02450500_annual_peaks.csv,0.0026140213012695312,f3f18c60e4cc27abb5cf6e322dc753edc5e813541819d3397f114052417039ca
03_frequency_screening\peak_series_by_gage\USGS_02450825_annual_peaks.csv,0.008772850036621094,b4c143836457845d4c6e971f63ba702bfc5b7840c23c2b817e64e1a2ab0a4834
03_frequency_screening\peak_series_by_gage\USGS_02451000_annual_peaks.csv,0.0051059722900390625,0005a0a0a8d79e58fad441a60f8cf33122cd952b2544059e5bf114bec0b5745d
03_frequency_screening\peak_series_by_gage\USGS_02451500_annual_peaks.csv,0.003932952880859375,1980284fe38b1769986b228ff38ac47002ecaed1314e285faa95c22feb5acf1e
03_frequency_screening\peak_series_by_gage\USGS_02451550_annual_peaks.csv,0.0020294189453125,ec6901d7272299030308f7d2d9fc7b018f81e1da58c7871621a2bc3784862bb2
03_frequency_screening\peak_series_by_gage\USGS_02451750_annual_peaks.csv,0.0021514892578125,92269401dd58d0fcb370a2775e268f0ea63da68a783a03a2a62ad7fd3522717f
03_frequency_screening\peak_series_by_gage\USGS_02452000_annual_peaks.csv,0.0020475387573242188,d919c458ef164601a1f8a47256068aa3e5b0e4547ae5b49b0ab9025dc2a19cc6
03_frequency_screening\peak_series_by_gage\USGS_02452500_annual_peaks.csv,0.0021657943725585938,5e8c619472819e1ca66fad4aac27d8bb986e3c5180f9e57d2e6ff6aa49d1bd46
03_frequency_screening\peak_series_by_gage\USGS_02452505_annual_peaks.csv,0.0006103515625,bdf41afd03f883a7649a8fd93fed520b62706e40054d890970014937c3e481d9
03_frequency_screening\peak_series_by_gage\USGS_02453000_annual_peaks.csv,0.01745319366455078,78a043730f66af9fa252893ee2c9dbb2c843e63f295c0bd886761672dde5880b
03_frequency_screening\peak_series_by_gage\USGS_02453390_annual_peaks.csv,0.0010061264038085938,2df225de7afbeada729ffe978705c960e8d448deff0402414169db4fcb9ea582
03_frequency_screening\peak_series_by_gage\USGS_02453400_annual_peaks.csv,0.0029878616333007812,63ad8381cf13bd532b79dd0ee1014ea12a6eb642852a53d049e439bf387c1fa1
03_frequency_screening\peak_series_by_gage\USGS_02453500_annual_peaks.csv,0.0061550140380859375,b5e5d848c3f7a0866dfed16819f3e8e045136ed3fca778b862cda636a8cd91e5
03_frequency_screening\peak_series_by_gage\USGS_02453835_annual_peaks.csv,0.0008087158203125,9b5dd00eeb3ae1f720ed26ee542ad04f6b27bb4b4b4a0924599e78606f6eb515
03_frequency_screening\peak_series_by_gage\USGS_02453900_annual_peaks.csv,0.0017843246459960938,1ab1b80dda8b29a548feb45b7311b4e20e5ae709e1ecb3736bffcdce73a9f224
03_frequency_screening\peak_series_by_gage\USGS_02453950_annual_peaks.csv,0.004210472106933594,50d69442fbea7b485b01907c8029943eaeb0e7fb5c11e7aace3a5d90d3a491f6
03_frequency_screening\peak_series_by_gage\USGS_02454000_annual_peaks.csv,0.006220817565917969,ff221bac41fa3b339ba3695b51ddc86fdb4bc372e6cef54b2753c179ed2637b2
03_frequency_screening\peak_series_by_gage\USGS_02454055_annual_peaks.csv,0.006931304931640625,562ad779069eb22636cdeffc3ce09bb2677b58e1abdc58dd5c9aafb7e29c08be
03_frequency_screening\peak_series_by_gage\USGS_02454200_annual_peaks.csv,0.0032396316528320312,2e6b842871a7ce618cd647aa70890109deed57710fd057073a36749955d52f45
03_frequency_screening\peak_series_by_gage\USGS_02454500_annual_peaks.csv,0.0040187835693359375,7e09d91c22f13c8922faf6747012746f1c424f2342697175f1208df9cd885d51
03_frequency_screening\peak_series_by_gage\USGS_02454995_annual_peaks.csv,0.0009918212890625,8da68958a66ee8087c26903380af5afc8d1393a9f4a0ed6c1bb68f328e921ed0
03_frequency_screening\peak_series_by_gage\USGS_02455000_annual_peaks.csv,0.019988059997558594,48d9bf17191f258a6369f03cd69f787d555617ec264b451d398e3a5fe5a930b5
03_frequency_screening\peak_series_by_gage\USGS_02455185_annual_peaks.csv,0.0043621063232421875,8a8f618dfbb5ffe0901d1b4c62f310baca4edd9f6240087c5dacf3e8d2cf8a4d
03_frequency_screening\peak_series_by_gage\USGS_02455280_annual_peaks.csv,0.0014123916625976562,bf40ec034afa9723f4774931d13c020860146e7bcdf1ddd9ffd0e6a402b22586
03_frequency_screening\peak_series_by_gage\USGS_02455500_annual_peaks.csv,0.013416290283203125,7052f0c74b0881826cf731dd92be74989bfe3e2b659bf9163668f42e899c81ed
03_frequency_screening\peak_series_by_gage\USGS_02455900_annual_peaks.csv,0.0025510787963867188,ac0aae80e486cffcedd6eb5c08e101f88ace4a14c8d98b045f1cd3e7fb63291f
03_frequency_screening\peak_series_by_gage\USGS_02455973_annual_peaks.csv,0.0006074905395507812,d454ddf7d54608513ffbeacbe73919686f08f9bbf65307fbed77b9cebad68441
03_frequency_screening\peak_series_by_gage\USGS_02455974_annual_peaks.csv,0.0006084442138671875,24f4c7edf312d805b1d2fa815012fd0f67b425f3f8f2cf9e22f084a332f35a65
03_frequency_screening\peak_series_by_gage\USGS_02455980_annual_peaks.csv,0.008764266967773438,c77104dbb472fddec97e19237ec933cc2803c2fab510849ffc99a7844c194bbd
03_frequency_screening\peak_series_by_gage\USGS_02456000_annual_peaks.csv,0.012454986572265625,7ea48bae1a07c09cb3fa0ab766d8a78bf2e8c3d9ce5e68321863cbb41f2bc8ba
03_frequency_screening\peak_series_by_gage\USGS_02456330_annual_peaks.csv,0.0031585693359375,fbc559063b589f48b2b68c6aff2ac4f632cc31d643a5f09f09d8d40f82bee5e5
03_frequency_screening\peak_series_by_gage\USGS_02456500_annual_peaks.csv,0.020272254943847656,b1f648a7f9dcc163c583eefc7730db66d7a71f2838aee764cacd96033ad56f1c
03_frequency_screening\peak_series_by_gage\USGS_02456980_annual_peaks.csv,0.001811981201171875,312e803b9d72bb1452e655821eed82ad3818417a86779fbc3239d92d090d1ee9
03_frequency_screening\peak_series_by_gage\USGS_02456998_annual_peaks.csv,0.0018072128295898438,0be3fae54a848791db76e2dc16dccb851734ffe29436febb8154fc548d6dae20
03_frequency_screening\peak_series_by_gage\USGS_02457000_annual_peaks.csv,0.010933876037597656,e76c415f38276125a49ab359f821d9b4d48a76ab99be22340ca76c97236ad799
03_frequency_screening\peak_series_by_gage\USGS_02457595_annual_peaks.csv,0.008823394775390625,38c9cfa0012118fdd8b4916c598dd3dfe23f309219df9e6d3dd8d7592d273e1d
03_frequency_screening\peak_series_by_gage\USGS_02457670_annual_peaks.csv,0.00252532958984375,8e5f177bf663f94c32f8704b2579c72ac344ebec0d9d96a023d28dd0143b0b41
03_frequency_screening\peak_series_by_gage\USGS_02457700_annual_peaks.csv,0.0026073455810546875,190b86dad3975cf3faa0df855bd5a43ff813be1536545cc7c1b44b7069b7dfbb
03_frequency_screening\peak_series_by_gage\USGS_02457704_annual_peaks.csv,0.0014209747314453125,c9d0e555c0e3665454732939ba195e55fd595f6de4b6a96781c973a3288858e3
03_frequency_screening\peak_series_by_gage\USGS_02458148_annual_peaks.csv,0.0048580169677734375,7ad895b14ffdc8ddc88317aaa24975e515a9dc38dcd3ddc789a62adb85d5973a
03_frequency_screening\peak_series_by_gage\USGS_02458190_annual_peaks.csv,0.0024957656860351562,57f13e683d97f863a085408f9fefe85e45f9e8031a9f0220dd3652ddd016f144
03_frequency_screening\peak_series_by_gage\USGS_02458200_annual_peaks.csv,0.003047943115234375,0c3751d43ac1d18203c9d5ad868b962f338f6345d11a4ee6de7d4a9e2c1358b5
03_frequency_screening\peak_series_by_gage\USGS_02458300_annual_peaks.csv,0.00765228271484375,59d5d3fc9fe659d05805a5bdb1791c7a28244f404c6fbd7cb17b240539e6e592
03_frequency_screening\peak_series_by_gage\USGS_02458450_annual_peaks.csv,0.009737968444824219,5fd162eaf732045fe9c78aa9f8a63015fefcb5fc0edf2fa63c0c9b82f09e7e37
03_frequency_screening\peak_series_by_gage\USGS_02458502_annual_peaks.csv,0.004931449890136719,1c5467021cbd3fc450f08a68c14ee145d30b3830eac37e360b902bf25e5c5699
03_frequency_screening\peak_series_by_gage\USGS_02458600_annual_peaks.csv,0.006900787353515625,1bd9d47725f5dcf23ed18dbfbc6c332d88cb47b7ee27092c740a91a418c02f44
03_frequency_screening\peak_series_by_gage\USGS_02460500_annual_peaks.csv,0.007176399230957031,c6ee95e0369a9e26162de4414e63f7995f6866d6313984a6a5f2cefd5897242f
03_frequency_screening\peak_series_by_gage\USGS_02461130_annual_peaks.csv,0.0029878616333007812,410bdccc18db6c5f25597570034a17ab4a6cd2f09f2ce92865d3761ce1c95515
03_frequency_screening\peak_series_by_gage\USGS_02461192_annual_peaks.csv,0.0014219284057617188,ac49c907bd18f4c7dc839803c7c98af5c32a7ca09067d1167fd3925bbb6db67b
03_frequency_screening\peak_series_by_gage\USGS_02461405_annual_peaks.csv,0.001735687255859375,c2b474f7a36f4378263ed9f207db051a8c49f17bcb1262921f97687388b9aeb7
03_frequency_screening\peak_series_by_gage\USGS_02461500_annual_peaks.csv,0.009522438049316406,0c99d0afd8676b9d9232eaedde213e2207e2c71eb7bc84c48c66ebad8388f8af
03_frequency_screening\peak_series_by_gage\USGS_02461630_annual_peaks.csv,0.001651763916015625,12324cc10af81c22e4751193cfbc0c8e2c464d1896b44fb8e9d8ac9c75ad024d
03_frequency_screening\peak_series_by_gage\USGS_02461640_annual_peaks.csv,0.0021953582763671875,983aca1bd2cb258969bd5b38e943807e5047575dfa84c69d31ef2d7a61e25719
03_frequency_screening\peak_series_by_gage\USGS_02462000_annual_peaks.csv,0.017210960388183594,67c91a2c2bf5a96f4618e0a853a40702c14f2e8cfe81ede0e2d585393d585773
03_frequency_screening\peak_series_by_gage\USGS_02462500_annual_peaks.csv,0.011309623718261719,35b533e298747f0bdc0cc91edb60fb49724621f42e5c7c49251820e39244d13c
03_frequency_screening\peak_series_by_gage\USGS_02462600_annual_peaks.csv,0.005394935607910156,2504213292be88493edb8360c018c439bbe6839d628a885c73f935f9ed94fb6b
03_frequency_screening\peak_series_by_gage\USGS_02462800_annual_peaks.csv,0.0039825439453125,e08fb34386d4a69edd47a273b32540d9f851545ddc455da19cee2f6c72c89524
03_frequency_screening\peak_series_by_gage\USGS_02462840_annual_peaks.csv,0.0008172988891601562,3c9f9301e2b42a0b002ef260398d9cc9428a4c6e8addc597b5434f2acf5c00ee
03_frequency_screening\peak_series_by_gage\USGS_02462951_annual_peaks.csv,0.009370803833007812,93f212cfe1d63a3473ca114dda5ade1083b02201f0bf3afa13b60b72af78beab
03_frequency_screening\peak_series_by_gage\USGS_02462990_annual_peaks.csv,0.0017709732055664062,cb2236aacf59b070191733a97f30a9069ddf4c4b7775c138270bc1bc88f6cc18
03_frequency_screening\peak_series_by_gage\USGS_02463500_annual_peaks.csv,0.004016876220703125,ef101136e2526504b32202414b0aeb225ae193f192e2748dc7afb6b25f734bf9
03_frequency_screening\peak_series_by_gage\USGS_02463510_annual_peaks.csv,0.0006113052368164062,8b0569219202a93f8abbc810f4c40058e10a53b38088cd788d88b4337faf7c96
03_frequency_screening\peak_series_by_gage\USGS_02463587_annual_peaks.csv,0.0006093978881835938,1b287282084709f15fc1a5bf254773dab06bb5def6450b58432f341109ba45d7
03_frequency_screening\peak_series_by_gage\USGS_02463900_annual_peaks.csv,0.0016069412231445312,eb7e83c383fed0d6c19317b49383855f428fdb701510d2f76cf032ab132c9f32
03_frequency_screening\peak_series_by_gage\USGS_02464000_annual_peaks.csv,0.020956993103027344,1fea2a6fb78706e1eb713e79136830fa2378f0e5377818f6f3426562013d5a2f
03_frequency_screening\peak_series_by_gage\USGS_02464146_annual_peaks.csv,0.008296966552734375,a214e4fb86283d853a9c0654b0b9e0e584f4c67d7c5bee911868aadb6063d021
03_frequency_screening\peak_series_by_gage\USGS_02464360_annual_peaks.csv,0.007174491882324219,b89fd76d7010ae24c710128bbd7fcf794468ce259fd1fc0c410ba79ecbc8df7e
03_frequency_screening\peak_series_by_gage\USGS_02464385_annual_peaks.csv,0.0008077621459960938,9ab43d0d5efb5590161d9aab9f40ad98349b3336a9954d970e4c2a6b2d5d09b2
03_frequency_screening\peak_series_by_gage\USGS_02464500_annual_peaks.csv,0.004397392272949219,fa3b05a3278396db039c1c00eb1f85d7746e268d243a54b65575ae5b3ee61f76
03_frequency_screening\peak_series_by_gage\USGS_02464503_annual_peaks.csv,0.0008153915405273438,a528fa333453898f31c1a78a53450adcba051edd58605783d780661f9bd4f148
03_frequency_screening\peak_series_by_gage\USGS_02464660_annual_peaks.csv,0.0021886825561523438,0c6ff266580c1599e397a4217814ab431357d95b0d1f5e79653dc69ae13c7118
03_frequency_screening\peak_series_by_gage\USGS_02464680_annual_peaks.csv,0.0008172988891601562,e69309eaaec9d9d4c91344ef7c2091854dd4af9cecfc7d8248bd639bb4e3de62
03_frequency_screening\peak_series_by_gage\USGS_02465000_annual_peaks.csv,0.022478103637695312,35ffaba1a0865c54c8c33f9d3d5d900e7c582eefeb07842e1f68ca21cc21e321
03_frequency_screening\peak_series_by_gage\USGS_02465080_annual_peaks.csv,0.0008144378662109375,40a06ea9bd14dd676fdf1ffec17e26d8525cd3411e47abc68e2df45ddf5fd353
03_frequency_screening\peak_series_by_gage\USGS_02465200_annual_peaks.csv,0.0032796859741210938,01d7c26f0625234dd79532d07359769e9136b91b74a7d2d8d5811709edf9ac70
03_frequency_screening\peak_series_by_gage\USGS_02465205_annual_peaks.csv,0.0030126571655273438,27738fdcf975bb630e234b8afd99f8946550691a3c26d8e339a1ff979f4540ab
03_frequency_screening\peak_series_by_gage\USGS_02465286_annual_peaks.csv,0.0016269683837890625,85b704f09b8c1b7d54fbf290fce5f2b9b96e982ce3b40fd5c2d026b2b85bf6fa
03_frequency_screening\peak_series_by_gage\USGS_02465292_annual_peaks.csv,0.005526542663574219,057a44b7570337dc996f092777b4a9a24c3f0ecb3206bee77540294d068a7dfa
03_frequency_screening\peak_series_by_gage\USGS_02465400_annual_peaks.csv,0.0013980865478515625,7f217aedf90034e879eb00fc3957ec9827bb1412b80afdd80cc863c7d77b472d
03_frequency_screening\peak_series_by_gage\USGS_02465493_annual_peaks.csv,0.011511802673339844,5d47f99724ec0b7ee6d92a0432fe1631c22a2fc86450f13564924f9743c9b2e0
03_frequency_screening\peak_series_by_gage\USGS_02465500_annual_peaks.csv,0.005173683166503906,dc79af16b44d4d303b4ecb2359f1c4e1b1bc73e953427f96bd1e34b1988224c7
03_frequency_screening\peak_series_by_gage\USGS_02466000_annual_peaks.csv,0.007294654846191406,5f823d8390d1637d5a9b46e902a95fd8aec68a79a66b43480182c33bb9024355
03_frequency_screening\peak_series_by_gage\USGS_02466030_annual_peaks.csv,0.010252952575683594,d53cbecc9b154ef094c90f01859e4775472cdc00716c730341e2c6f579670c0c
03_frequency_screening\peak_series_by_gage\USGS_02466500_annual_peaks.csv,0.0039014816284179688,2ca721c96823ef428901357290da49910764cf6a8e82bf6ab7c4d1a74b981084
03_frequency_screening\peak_series_by_gage\USGS_02467000_annual_peaks.csv,0.021866798400878906,a3d638f5f3e9d6d422970f78d045c5dd7d73adabc4468d1a0aa0774dbf429124
03_frequency_screening\peak_series_by_gage\USGS_02467050_annual_peaks.csv,0.001003265380859375,f90ff30bd989cbbd5682ece12ba3ca5aaae6864fa0d14bdea7b8eb2b7b2f74a6
03_frequency_screening\peak_series_by_gage\USGS_02467500_annual_peaks.csv,0.01958465576171875,5577d5985c344906bb89c2f23581858e7189526558d94a00875b6f5566a2b6e8
03_frequency_screening\peak_series_by_gage\USGS_02468000_annual_peaks.csv,0.003918647766113281,aa8558856e6dcebf71f04663eb09f180de80666f493df493dd14d0876dd8d248
03_frequency_screening\peak_series_by_gage\USGS_02468500_annual_peaks.csv,0.006819725036621094,31e9b9a29e97ce8bc0d63cd7bf2d44cac27a14ddac4bc8cead2f8d79bd75897d
03_frequency_screening\peak_series_by_gage\USGS_02468966_annual_peaks.csv,0.0020313262939453125,914efaa994899878338338d27d86fb6dadfb2a69e67b7e07496eeec80fd9ec49
03_frequency_screening\peak_series_by_gage\USGS_02469000_annual_peaks.csv,0.0037994384765625,b5b9617daaca29e6c36c013fd261c406a48c4164c86ae787e3fe05c663f34038
03_frequency_screening\peak_series_by_gage\USGS_02469500_annual_peaks.csv,0.0008192062377929688,74b156e0b67d4fb02de21b1b99f071c930a5885369e161bc1a69f81af635d353
03_frequency_screening\peak_series_by_gage\USGS_02469525_annual_peaks.csv,0.0022602081298828125,72f18f5dc0a7cf8fdaf1dca4e6c843439eebff4564bc873d436e6d55cc550a5b
03_frequency_screening\peak_series_by_gage\USGS_02469550_annual_peaks.csv,0.005412101745605469,8408f540bdcce69d489aeb0873fac52f083a6ab9b450de639e0d5ff01da311dd
03_frequency_screening\peak_series_by_gage\USGS_02469672_annual_peaks.csv,0.004185676574707031,467fc8702d66bcbbfb36e0d652a35b33aade4101257cd38762904220ed89dcc3
03_frequency_screening\peak_series_by_gage\USGS_02469700_annual_peaks.csv,0.0032558441162109375,7df829953642a44404a5e6e19639af81233514a3c81c5fb250faa632af6c6c3b
03_frequency_screening\peak_series_by_gage\USGS_02469761_annual_peaks.csv,0.014786720275878906,a40dbf1fee0c755e459f1e6b9142561fc6fb6de7566b14e432adbafb7eb26ae9
03_frequency_screening\peak_series_by_gage\USGS_02469766_annual_peaks.csv,0.012485504150390625,551681dd4d615a734694ca8085883c5d53af391a33eb2a88dc5f388ceabea8d0
03_frequency_screening\peak_series_by_gage\USGS_02469795_annual_peaks.csv,0.0020580291748046875,7d4b64e201225b2e83601dbbb33e12ffc8ebb23aeab0906a4d7edaefd2b50b3b
03_frequency_screening\peak_series_by_gage\USGS_02469800_annual_peaks.csv,0.016750335693359375,6857487e3a89ea1f7b278aaf773c6be7cc15334d800aba1d32418e6dbf113b85
03_frequency_screening\peak_series_by_gage\USGS_02470000_annual_peaks.csv,0.00937652587890625,6094e660b261c6e74772bbb40ae7014ac040ce7e0f14399cf49288efc473a545
03_frequency_screening\peak_series_by_gage\USGS_02470072_annual_peaks.csv,0.0073108673095703125,8e94071f8dbcdd962a9121dd93e0d1a5f8e3a0de450c2a062c6456f7094bca6d
03_frequency_screening\peak_series_by_gage\USGS_02470100_annual_peaks.csv,0.005125999450683594,f65c1509c8ceba4e8ecc0e905bc26b06021b7fe211bf287db7d678cf7c59e7ef
03_frequency_screening\peak_series_by_gage\USGS_02470320_annual_peaks.csv,0.0020360946655273438,7731b7bf837c5d2db0df910258b7ff26be9e02979fef4c9f6d21e32e8b82106e
03_frequency_screening\peak_series_by_gage\USGS_02471000_annual_peaks.csv,0.003939628601074219,6bce6cb291f969febf81e5bafdd8c16a053601a047eb49775b2962b08dcc1a71
03_frequency_screening\peak_series_by_gage\USGS_02471001_annual_peaks.csv,0.016588211059570312,4f61db1005f39cf4bea94f925850bc908a49704220d0e8dbd317caa8bdcaf28c
03_frequency_screening\peak_series_by_gage\USGS_0247100550_annual_peaks.csv,0.0012025833129882812,abe09e19a2002b777dbdd1c255cce81637498ac07e308ba7d5e444e786a344f8
03_frequency_screening\peak_series_by_gage\USGS_02471013_annual_peaks.csv,0.001186370849609375,2471e78dd49873d9c968bd2bdedd0dbc25ef8bb1627930a2c1f757f4dcb0a672
03_frequency_screening\peak_series_by_gage\USGS_02471026_annual_peaks.csv,0.0016632080078125,2955ae3d9e341f7e4c532232e0118425ff99ce10047e131bd3accd1c88b7c74d
03_frequency_screening\peak_series_by_gage\USGS_02471065_annual_peaks.csv,0.0032978057861328125,9a9d41acf950a14a742f3a9b9d16e76e9e7940b3da12f9a90884021ac552452b
03_frequency_screening\peak_series_by_gage\USGS_02471078_annual_peaks.csv,0.007187843322753906,8fc04916fbe44487bcfc087182e0e9bdaf8f7ede8b8151ffe8c9140a587d124e
03_frequency_screening\peak_series_by_gage\USGS_02478500_annual_peaks.csv,0.021172523498535156,352df5d9223b609f1449cb0ee3896cef4c4c6cfe84498e9eea1a87cf9afce43a
03_frequency_screening\peak_series_by_gage\USGS_02479420_annual_peaks.csv,0.0011434555053710938,51d8d1ea3007d08c8e22ed6e8db2808993434c78a602ff481226a753317022a1
03_frequency_screening\peak_series_by_gage\USGS_02479431_annual_peaks.csv,0.005520820617675781,81528dbafd1c9514c77bd4421407f16e93fee68fc5430806caff193b2f5cc49e
03_frequency_screening\peak_series_by_gage\USGS_02479500_annual_peaks.csv,0.008251190185546875,352b88add1ee0e736449c05a307cc6d340cb1fb22b42ee85fff791603fe12d95
03_frequency_screening\peak_series_by_gage\USGS_02479560_annual_peaks.csv,0.011155128479003906,b69e5a58aab15efaecfb985c9ffeb282afac109873dbe60b3d55197fb10c4e2a
03_frequency_screening\peak_series_by_gage\USGS_02479583_annual_peaks.csv,0.0013761520385742188,f051a11841ac7f72e7bb98db6071425a1d837c673327099d121baeeeb25017aa
03_frequency_screening\peak_series_by_gage\USGS_02479600_annual_peaks.csv,0.0031251907348632812,97204b6ffd3870d84ff6b3793a0e8372718f80a1f348d83fd843420f90c80170
03_frequency_screening\peak_series_by_gage\USGS_02479945_annual_peaks.csv,0.008385658264160156,aad6c3e864375ee8858700e09a66933d438dd4620ffd01430f47576b74a793e7
03_frequency_screening\peak_series_by_gage\USGS_02479948_annual_peaks.csv,0.0006084442138671875,c747033bb92d324018fbb592af606b33c2003075515757e22c721414eb80c07b
03_frequency_screening\peak_series_by_gage\USGS_02479950_annual_peaks.csv,0.0006084442138671875,7606455794b434cb154f329b3e0fad7628df00e3efc38e782085d0b950675124
03_frequency_screening\peak_series_by_gage\USGS_02479980_annual_peaks.csv,0.008302688598632812,d064657dc7370d063d27bcb1a17446e78f6dc94fdbbf61ab4af2539287f7e803
03_frequency_screening\peak_series_by_gage\USGS_02480000_annual_peaks.csv,0.00164794921875,dbf9e821eb71ee655aab71a7556a2a5789d4f8fa8072cc41cad5c6ef822e981f
03_frequency_screening\peak_series_by_gage\USGS_02480002_annual_peaks.csv,0.008356094360351562,433ee89995da34f0fc74b5bbedb87ee3c1a2d67fbaaf00012d5e14b6b3b77e03
03_frequency_screening\peak_series_by_gage\USGS_02480150_annual_peaks.csv,0.0054759979248046875,3aaceaa550ef1563396e5efcdc6148f75d7cb73c1c8a18f8d0b8917ea5b6f058
03_frequency_screening\peak_series_by_gage\USGS_03568782_annual_peaks.csv,0.0006046295166015625,5d34febc6c814f135ec60c2c636ac30915b388d25b16beaa99edd6510a40116c
03_frequency_screening\peak_series_by_gage\USGS_03568810_annual_peaks.csv,0.0006113052368164062,1d56b18b7e37b557ebf3eae70fe150f352e14b7c9ee67d12e045dee95b58dfd1
03_frequency_screening\peak_series_by_gage\USGS_03568825_annual_peaks.csv,0.0006055831909179688,c0d855879bd1a2582d66186e22df3bb9d61db0ea33d46faa66c8e2d49f041a40
03_frequency_screening\peak_series_by_gage\USGS_03571850_annual_peaks.csv,0.013790130615234375,a5982aa6a62ceb45a4dc14313b5cff0fca3ad950857e6b3fdd4c3d1a4b58c2e5
03_frequency_screening\peak_series_by_gage\USGS_03572110_annual_peaks.csv,0.006299018859863281,f897f27a39672bab788a40f2681b573a89a35103509160b78b05ea8bdac4124e
03_frequency_screening\peak_series_by_gage\USGS_03572153_annual_peaks.csv,0.0006093978881835938,cf07de46c8d87ecc1871741f8c9a89c3fc7bca8ee266e8a249526f7d17be7a26
03_frequency_screening\peak_series_by_gage\USGS_03572690_annual_peaks.csv,0.0034666061401367188,10b90ff0c303274b1013ba4c245ce9deab1e7923289ef8b30c14d2eb8ae24078
03_frequency_screening\peak_series_by_gage\USGS_03572900_annual_peaks.csv,0.007725715637207031,0652d8b478f743b9ddcad41ab54e7450225ffc13d3f68dd8e82875917367b423
03_frequency_screening\peak_series_by_gage\USGS_03573000_annual_peaks.csv,0.00539398193359375,ac3734c00a31bb260a69a04bbe3e4583006bc8a864a9d52b97409e72880b2cc5
03_frequency_screening\peak_series_by_gage\USGS_03573182_annual_peaks.csv,0.0016870498657226562,183d381a7eb7c18556b7e7c18f99c34ceafc0517f1fbbbe1c5e6b3d7b1aff1e8
03_frequency_screening\peak_series_by_gage\USGS_03573500_annual_peaks.csv,0.0022020339965820312,2b74d2e383058e3b4793cc3b94687828092eba25539107cfdee5db0a502c8008
03_frequency_screening\peak_series_by_gage\USGS_03574100_annual_peaks.csv,0.0024900436401367188,8ac2290a4b9a9638c193c547deb021db8ac9cc024b30bb7eadc58cf09b940dc4
03_frequency_screening\peak_series_by_gage\USGS_03574405_annual_peaks.csv,0.0009317398071289062,04baf4d83a189668825e698f80c47b425868a06d8bc87208be87cb64ee567e58
03_frequency_screening\peak_series_by_gage\USGS_03574500_annual_peaks.csv,0.020433425903320312,97f898449435769495b67f0b4d6a58b055a37f763db407a1f93b1a98ac79d1ac
03_frequency_screening\peak_series_by_gage\USGS_03574700_annual_peaks.csv,0.004780769348144531,f2c643f5bb6bb75de9100e2c102a83b4e36fc188fb0338712c116cc3e06e3a31
03_frequency_screening\peak_series_by_gage\USGS_03574768_annual_peaks.csv,0.0015277862548828125,987927f046d66d84eef019834d71b3c13237d91ab1ec65d308f54c7f3acc6f1e
03_frequency_screening\peak_series_by_gage\USGS_0357479650_annual_peaks.csv,0.0055999755859375,4ef5f3c80f9883a18317ecd3ac14502a3a2b8abcac4817897e8bd694c725d153
03_frequency_screening\peak_series_by_gage\USGS_03574796_annual_peaks.csv,0.01660633087158203,24de41fb1b88d442921da7cc6b142cb2bc677c9176ad28d8aba1f038e4789a85
03_frequency_screening\peak_series_by_gage\USGS_03574840_annual_peaks.csv,0.001373291015625,d0c4b719c7580381867c3754ba7e3c23482354c837b7fafab1d262c0b82bfe87
03_frequency_screening\peak_series_by_gage\USGS_03574872_annual_peaks.csv,0.0013933181762695312,4404644f4ae2f7820a0da5499e1bc61ec009c938c3031f4e0edaab1bc28fc635
03_frequency_screening\peak_series_by_gage\USGS_03575000_annual_peaks.csv,0.015289306640625,10fccb030dd8d0a3a985d8ff2982589ecef3da8b126fba47643755c93ffe1d24
03_frequency_screening\peak_series_by_gage\USGS_03575100_annual_peaks.csv,0.006661415100097656,32c04131d2f7a2e72b9d473d48c6d505f1f1d50373b4e337be3ec699fffbdf4f
03_frequency_screening\peak_series_by_gage\USGS_0357526200_annual_peaks.csv,0.0069789886474609375,1bce724054f898178b8250562350b9bfa0571e3aff0d320ef19878c6fa0f6dfb
03_frequency_screening\peak_series_by_gage\USGS_03575272_annual_peaks.csv,0.0039234161376953125,1f66e2e5d3f3e814ab0b888955a9b8130b8634b03fab35853eddac1469fba9bc
03_frequency_screening\peak_series_by_gage\USGS_03575340_annual_peaks.csv,0.01714324951171875,decc0422edd81b9ff1f9122acb36f31e14c9bfd38b6430aa30715eef46613a44
03_frequency_screening\peak_series_by_gage\USGS_03575500_annual_peaks.csv,0.01995086669921875,9eb691fcd1b59eef34bdb2587305d3b595672721a4058478210a2e77be0e817e
03_frequency_screening\peak_series_by_gage\USGS_0357568650_annual_peaks.csv,0.00699615478515625,091287403db4640ccff770069b80af16667f87359cf38908597d04f4173384b4
03_frequency_screening\peak_series_by_gage\USGS_03575686_annual_peaks.csv,0.0013647079467773438,6914a054d0c68a52d62bf7937ce1e1d5be396aa55646eecdd37b6d6f2e2a49f8
03_frequency_screening\peak_series_by_gage\USGS_0357568820_annual_peaks.csv,0.0022220611572265625,fee6bb7a4aa135a3935a5c4b956f3bf844114c1302d5e1f7e3f49d594e1c8379
03_frequency_screening\peak_series_by_gage\USGS_0357568980_annual_peaks.csv,0.0074462890625,90faf7b8ade8e6d41d0d2651f013edc495bd26af42df97c4b997d0cd6f360690
03_frequency_screening\peak_series_by_gage\USGS_03575696_annual_peaks.csv,0.001171112060546875,1ff1270b0463eeaa3ea3c3fdbd79c19768f1bb2bb3748ec7f9e07c2f09870381
03_frequency_screening\peak_series_by_gage\USGS_03575700_annual_peaks.csv,0.009731292724609375,8cc46fe087262fe7ee5c2d95ffabea87dbadb8a14419e179ab760b3bbe8fb493
03_frequency_screening\peak_series_by_gage\USGS_03575830_annual_peaks.csv,0.015760421752929688,d2bdabf27193da736881593645fbc655273b41367176e164f4669a16e0e35e5a
03_frequency_screening\peak_series_by_gage\USGS_0357586650_annual_peaks.csv,0.006960868835449219,31cd392e870784dcdff106124abb5df4d4db7799f8eeaa7d61149599abe7e928
03_frequency_screening\peak_series_by_gage\USGS_0357587090_annual_peaks.csv,0.00742340087890625,c9869ae6515995a2bec70b5a9c47f212ca5f2258f8f43824e6a011bf87e30834
03_frequency_screening\peak_series_by_gage\USGS_0357587140_annual_peaks.csv,0.006659507751464844,cce0635f81262e66e9318ccb1d8a31575dc1c219dcd981d74d8c03a4478b0556
03_frequency_screening\peak_series_by_gage\USGS_0357587400_annual_peaks.csv,0.007359504699707031,3f202d0e06651b51bf4898087917043407652f5150219c5fc03d20a2fc7b944f
03_frequency_screening\peak_series_by_gage\USGS_0357587728_annual_peaks.csv,0.008975982666015625,7f576a50170e2ccb85bd6ca30a4dd72d54ae1d4d08f309dee1bbb20908a39dce
03_frequency_screening\peak_series_by_gage\USGS_03575890_annual_peaks.csv,0.010135650634765625,6792d7706f8c75537be2fb5288f853ae0c2d4ca45212fd24b9203cace12421e5
03_frequency_screening\peak_series_by_gage\USGS_03575910_annual_peaks.csv,0.001338958740234375,07496716e4c3c56c2742075282cfb55b275f5001b6ca4c6894572949ef727c85
03_frequency_screening\peak_series_by_gage\USGS_0357591500_annual_peaks.csv,0.006960868835449219,4e4efef3e330a99f1cec9a225cc24f70142952718db27a5d0f37e96ec8855151
03_frequency_screening\peak_series_by_gage\USGS_03575930_annual_peaks.csv,0.0013790130615234375,a221fda1cf3d0c6c71f6d154ef88c8dd45832fa2c6c13734632ebb1c7ee51433
03_frequency_screening\peak_series_by_gage\USGS_03575933_annual_peaks.csv,0.003875732421875,40d4c21994e1e06db8492d6d975eca303e807a6dbb7dff36f1d3d208f3199804
03_frequency_screening\peak_series_by_gage\USGS_03575950_annual_peaks.csv,0.008387565612792969,4969e50360d6ee26f4ad1fe86662e2bb9a0d81e287c2b2b82213654bff93bfeb
03_frequency_screening\peak_series_by_gage\USGS_03575980_annual_peaks.csv,0.00972747802734375,6af6e73cfad4fa812d7801c57b6fd760c99e36f50e6e42d7676b81c445f04075
03_frequency_screening\peak_series_by_gage\USGS_03576100_annual_peaks.csv,0.0013818740844726562,9f3a3f115f6fed5a63d39dd4c5b1614a6c9fb8844caf98398886b62807a76636
03_frequency_screening\peak_series_by_gage\USGS_03576148_annual_peaks.csv,0.005127906799316406,dd3a15d0fbe36d4eda4e65aa510a5ea36e0c8fa475e6da89d8693edd934f5ddd
03_frequency_screening\peak_series_by_gage\USGS_03576250_annual_peaks.csv,0.01808929443359375,a82912925cecbfa8f4366c5fbca3d9f49e0555251a01c44fc981c05ba3999f55
03_frequency_screening\peak_series_by_gage\USGS_03576400_annual_peaks.csv,0.0032405853271484375,5ff57e1a9f1dd753ed53aa22690978933597cd3df3d0e5e8ff95fe9e5b18e1a7
03_frequency_screening\peak_series_by_gage\USGS_03576500_annual_peaks.csv,0.009572982788085938,a372873ee8bd67f048d966741e173ad2836b811083df56f79a846a9efccfbab0
03_frequency_screening\peak_series_by_gage\USGS_03576800_annual_peaks.csv,0.0009918212890625,8e8533db1e34f766680ec46fb7589e436208d79b40ed1cc81fae315c8db1ff07
03_frequency_screening\peak_series_by_gage\USGS_03576810_annual_peaks.csv,0.0011835098266601562,b9e177de5a87cb0490823505e1c2ab0624bae07595d03c1873923c4f034f9c5d
03_frequency_screening\peak_series_by_gage\USGS_03577000_annual_peaks.csv,0.005414009094238281,e63a4417a3a692af2586095d6dd645ec748054e9ea6989e44d85c46b69089149
03_frequency_screening\peak_series_by_gage\USGS_03577110_annual_peaks.csv,0.004233360290527344,deefb481d10b91d0c619bfda91d2ae13fe3ebdb8d573ea3e59206bb5bde09457
03_frequency_screening\peak_series_by_gage\USGS_03577119_annual_peaks.csv,0.0007696151733398438,412b1e32588bf1f6cd0c633700c3dde6c95bb6fbc74278ce618d04ab78bb5484
03_frequency_screening\peak_series_by_gage\USGS_03577225_annual_peaks.csv,0.00386810302734375,5453e1c93fb578547c7b682ec2b645a4ab6f5d17f77e7cd516b49a30cd5ead33
03_frequency_screening\peak_series_by_gage\USGS_03584500_annual_peaks.csv,0.017708778381347656,20d91621106166ea3968ffec83762c24549f8eb96f0ac7a81124b491b2f205c8
03_frequency_screening\peak_series_by_gage\USGS_03584600_annual_peaks.csv,0.024129867553710938,ca630cd6653cc8ca985c21c034f94861b1c7ef5b5d1f3a8527ba6d3dd7fe9fc8
03_frequency_screening\peak_series_by_gage\USGS_03585269_annual_peaks.csv,0.0009603500366210938,fa24f7bf3b13d19e61b3290a4b7ca8a0e8611525c0fec27343b1b0a38996439f
03_frequency_screening\peak_series_by_gage\USGS_03585300_annual_peaks.csv,0.0030078887939453125,691fa53442bb2e5136b74a2be1cf8a71c68007b63aaccab610e707f2567408ec
03_frequency_screening\peak_series_by_gage\USGS_03585380_annual_peaks.csv,0.0017757415771484375,c390503f131632b406859fad419c1bf14206cf3aa17f0a6c24d20d957afcbb47
03_frequency_screening\peak_series_by_gage\USGS_03585500_annual_peaks.csv,0.0021047592163085938,069678f1eb49f56f23771a744f54871033b711c5f74a1fbc2071708a42e80ab2
03_frequency_screening\peak_series_by_gage\USGS_03586500_annual_peaks.csv,0.01749897003173828,c106268c98a67c25f38ce2f67381a4b73d7a2d8cfa62c44cf70405f9318dd583
03_frequency_screening\peak_series_by_gage\USGS_03587000_annual_peaks.csv,0.000812530517578125,a5b6879a35153669f4d1519ee575b862b06c298fc9ff1157e11e3f53d78126b9
03_frequency_screening\peak_series_by_gage\USGS_03587200_annual_peaks.csv,0.0067005157470703125,4535aeddd16dabe33bb92a9f4bf7a70c34cd2618087f842dbdfbffcce052eb8d
03_frequency_screening\peak_series_by_gage\USGS_03588500_annual_peaks.csv,0.021900177001953125,035bcaee6df96ed3918450394dfcdfb49f9f572f5bf5c4f61d40849324cdfc17
03_frequency_screening\peak_series_by_gage\USGS_03589250_annual_peaks.csv,0.005385398864746094,0c6ac4faef31d5a4c1163539fa0ef9447a323037104809ee10d3321e1c71d29f
03_frequency_screening\peak_series_by_gage\USGS_03589260_annual_peaks.csv,0.005084991455078125,938f83dd2a14d59390d1777b78250e651eb68487b65fd91b4f06ce8db96237a2
03_frequency_screening\peak_series_by_gage\USGS_03589450_annual_peaks.csv,0.0009918212890625,13602f3ef818de86bf8e0dc6aa925659e0b29dbcb37f07298b64cfbfc2d915ee
03_frequency_screening\peak_series_by_gage\USGS_03589500_annual_peaks.csv,0.027769088745117188,a94713c66520ab2b533a48dae0911f8e8aea8eb67375ca1d0e10849223cd7f8d
03_frequency_screening\peak_series_by_gage\USGS_03590000_annual_peaks.csv,0.007122039794921875,248b75a664ede6e27a4572d39c390c5591bc5992505bd507b334d32e58cee0ca
03_frequency_screening\peak_series_by_gage\USGS_03590290_annual_peaks.csv,0.0011892318725585938,b62784ef31035287f5376c761c014b9d5a97ab82dc61a133330116429c49add5
03_frequency_screening\peak_series_by_gage\USGS_03591570_annual_peaks.csv,0.0029878616333007812,47e5a5e48238f657a6cb3842c8571b5eb0c57d4a3e8486691eba17872160bda3
03_frequency_screening\peak_series_by_gage\USGS_03591800_annual_peaks.csv,0.0009975433349609375,004470350be709b85f4438a9adbbe3e216c2f22068adb06e8512736abdffd3ca
03_frequency_screening\peak_series_by_gage\USGS_03592000_annual_peaks.csv,0.008671760559082031,5185cd3d0c074068dad978e3ec3e0f08664ac31af09ab03d0fce94b9da271561
03_frequency_screening\peak_series_by_gage\USGS_03592200_annual_peaks.csv,0.0054759979248046875,d25647adc8dd00cadefa2c7f046bdd285eec4823817699ad92fa6308ef306d32
03_frequency_screening\peak_series_by_gage\USGS_03592300_annual_peaks.csv,0.0054149627685546875,8a98fc99d775e67e8443a1e2f08afe4e64edd6f55f178de3b5fd27dbfa1fe00c
03_frequency_screening\peak_series_by_gage\USGS_03592500_annual_peaks.csv,0.014365196228027344,0e539b9ed41383a0a5e1bd6e522ebca2cd72d91600383820fd3aa13cb512092b
03_frequency_screening\usgs_peak_flow_classified.csv,2.9738636016845703,4a21b953a4b506a30ac9e68cad841a4c2281022d394adb445739832e1c5d1458
03_frequency_screening\usgs_peak_flow_classified.parquet,0.5203685760498047,83141d493d35948e76ed37b5dda80c9d5ceb423d35cfca2af0087b8454e51119
04_rainfall_flood_matches\integrated_rainfall_flood_event_catalog.csv,0.5266962051391602,ab353cb94b0d02d7beb6d54f6cf74352a2ac09252ca08e6ff75150cb85c1c765
04_rainfall_flood_matches\integrated_rainfall_flood_event_catalog.parquet,0.22889232635498047,ceac8fced30dbf7825b7477f56ae6095eedcc324a15e1a803bf1fcac8f82bdda
04_rainfall_flood_matches\integrated_rainfall_flood_event_catalog_FINAL.csv,0.529017448425293,19a71ee62b309d15a26a4b4211f92d3ee9f839fae66570dc22dea7028be0a400
04_rainfall_flood_matches\rainfall_event_annual_peak_matches.csv,0.35810279846191406,1ec05c2d6231a14852a09c44a01ce4ac65be2bc3b6594b6f5f361182625e4cb9
04_rainfall_flood_matches\rainfall_event_annual_peak_matches.parquet,0.09771442413330078,af5ffdb575dae9b0ddf1a7963f182fb633cae58e69f90e686370c85119c074d1
05_event_hydrographs\priority_event_hydrograph_summary.csv,0.0068073272705078125,f7dafb317e58bc68a4c86eb2e452ea109a0d75bb4e2a4f155df62bcd0efaaf7c
05_event_hydrographs\priority_event_usgs_timeseries.parquet,0.1323385238647461,4659fec4579e0d30478b4afc37e9e768968626f0019e788c814708e96fa7292c
05_event_hydrographs\timeseries_cache\AL-RF-19790413-0003_02401390_aorc_rainfall.parquet,0.005619049072265625,d895752fc7ebcf0fbc84e2f426e2e096a6d3804d7ffeed98d4c5ec910be39184
05_event_hydrographs\timeseries_cache\AL-RF-19790413-0003_02423630_aorc_rainfall.parquet,0.005619049072265625,189b21161aa288d97f11b32b610c1d27822e72cb421828df41c17b92b86af717
05_event_hydrographs\timeseries_cache\AL-RF-19790413-0003_02466030_aorc_rainfall.parquet,0.00560760498046875,ba2290751f70167bea9822c4cb1997c0240ec267263d1030b578044bfa1b708e
05_event_hydrographs\timeseries_cache\AL-RF-19901223-0060_03572110_aorc_rainfall.parquet,0.005969047546386719,f8df54ddc7b9b1228763024afa679e5c99e07ea8adfb32348dac37fa98490d08
05_event_hydrographs\timeseries_cache\AL-RF-19901223-0060_03574500_aorc_rainfall.parquet,0.006028175354003906,02e826231fb275129810b6fb9361c1f023c0371543b8c4627012d5fa9305d531
05_event_hydrographs\timeseries_cache\AL-RF-19901223-0060_03586500_aorc_rainfall.parquet,0.006031036376953125,871ba0e1e88a54f08bb27bc5b7ae94275820914d7c52145c61b00a9da0ee2644
05_event_hydrographs\timeseries_cache\AL-RF-20030508-0150_02423397_aorc_rainfall.parquet,0.006026268005371094,8d5ca33f0ed731de59c343771ab5145dfaa70bb973fe1b791b455926e81a2cd7
05_event_hydrographs\timeseries_cache\AL-RF-20030508-0150_02423398_aorc_rainfall.parquet,0.006026268005371094,676f70c8034630182f331da653bc401d03a8d4f3b8e8155b45836368e3aa7668
05_event_hydrographs\timeseries_cache\AL-RF-20030508-0150_02458148_aorc_rainfall.parquet,0.006191253662109375,c104be4ef0f1b89c0527b363390acc890f35fe3b8a2e715b9d492923b8549d36
05_event_hydrographs\timeseries_cache\AL-RF-20030508-0150_0357479650_aorc_rainfall.parquet,0.006064414978027344,e22c9500943547cb301b8a73397dcf03faa13b559953b843f07eb25d430304f5
05_event_hydrographs\timeseries_cache\AL-RF-20040206-0166_02442500_aorc_rainfall.parquet,0.0056552886962890625,d6f95f125629056b6288ebbb0861d257951baa9f4686d5d9015e96d68dde555b
05_event_hydrographs\timeseries_cache\AL-RF-20040206-0166_02455980_aorc_rainfall.parquet,0.0056400299072265625,a47bfb20b1dec4d41b9c0d660d14fbf60912ca7cb38c392b96e542ede5b930b5
05_event_hydrographs\timeseries_cache\AL-RF-20040206-0166_02458502_aorc_rainfall.parquet,0.005611419677734375,fb6a90d2ed93cac6d535d9d5e49669b7fa0b48799ce9e36007718aa399d749b6
05_event_hydrographs\timeseries_cache\AL-RF-20040206-0166_02458600_aorc_rainfall.parquet,0.005611419677734375,5d490c085f5b79fd60e6085963313665bd67ea8109abcbff3baf4a1bf03c2830
05_event_hydrographs\timeseries_cache\AL-RF-20041124-0182_02401390_aorc_rainfall.parquet,0.005806922912597656,ed197beb83e80aa64e1dec0fda5434c93c7953851b266fccfb1693c1f3e9a501
05_event_hydrographs\timeseries_cache\AL-RF-20041124-0182_02423414_aorc_rainfall.parquet,0.005855560302734375,655576f63d0fc01caec965208ee71610692d7cf475594f1cba8ff8d31fa25095
05_event_hydrographs\timeseries_cache\AL-RF-20041124-0182_02423496_aorc_rainfall.parquet,0.005877494812011719,714013a385fc4151953b9a30390da348ce37931726131d7ec6707892e1ac1ad9
05_event_hydrographs\timeseries_cache\AL-RF-20041124-0182_02438000_aorc_rainfall.parquet,0.005896568298339844,be05f5e1ff23e9a7d873dc0f56ff2cc2a8b448be2554632fc7b6f33f3deb4689
05_event_hydrographs\timeseries_cache\AL-RF-20090918-0242_02423130_aorc_rainfall.parquet,0.005263328552246094,78b2b935acdedb76a165999402ffd51ffff69cff7b8fd020a8e4a66274538334
05_event_hydrographs\timeseries_cache\AL-RF-20090918-0242_02423397_aorc_rainfall.parquet,0.00528717041015625,497a4026845b2cba415b8b52f3293b100f671415813f7af8e9467174c3bcc6e1
05_event_hydrographs\timeseries_cache\AL-RF-20090918-0242_02423400_aorc_rainfall.parquet,0.00528717041015625,5e7ad3c93a933d516bd99200b26b0212811e1f4ff33775c9d26a76e8b9246f42
05_event_hydrographs\timeseries_cache\AL-RF-20090918-0242_02457000_aorc_rainfall.parquet,0.0052947998046875,7c5d4e464fbf871e2910b01933bd33023c9a0f4f61ff4b64dd6d3d7013298181
05_event_hydrographs\timeseries_cache\AL-RF-20090922-0243_02398950_aorc_rainfall.parquet,0.00611114501953125,d4e88a76440f1bca641b12cc65fed6243508a87b5de963439b9e74313341609c
05_event_hydrographs\timeseries_cache\AL-RF-20090922-0243_02423397_aorc_rainfall.parquet,0.006142616271972656,edfc989e02fea2ebcb1fd4c4dc1e90de69e0b13cca6f65f0dae6750f7e6083c7
05_event_hydrographs\timeseries_cache\AL-RF-20090922-0243_02423400_aorc_rainfall.parquet,0.006142616271972656,e14ba8b6a2cdbaa980f0a1c8fa0111708256062c8ee3ae6357c55f130b21de0f
05_event_hydrographs\timeseries_cache\AL-RF-20090922-0243_02465493_aorc_rainfall.parquet,0.006108283996582031,c260de01d1f48c9324fdc0dfeeb712cca23e78e355c22867446ec1abf387931e
05_event_hydrographs\timeseries_cache\AL-RF-20200413-0409_02399200_aorc_rainfall.parquet,0.005497932434082031,e6741de71c791bc1f7f2e7bc3f564a52aa7dfdca8c4fe5c60ce952e989a0577c
05_event_hydrographs\timeseries_cache\AL-RF-20200413-0409_02400680_aorc_rainfall.parquet,0.00551605224609375,dcfb213871d086a27094c7f92f655c3df4375c32060f5ac26ec40ab13d7a80b7
05_event_hydrographs\timeseries_cache\AL-RF-20200413-0409_03572900_aorc_rainfall.parquet,0.0055084228515625,0ed7aacfcfcd7f2bc8784b632de9c7f48dd4bbd95db232b7cea84bdc598fca23
05_event_hydrographs\timeseries_cache\AL-RF-20200413-0409_03576500_aorc_rainfall.parquet,0.00551605224609375,ae923b466fcc6d62ecfee3420a02b71a8d3807badb30f71df4a1a3d534f341db
05_event_hydrographs\timeseries_cache\USGS_02398950_00060_2009091716_2009092918.json,3.4332275390625e-05,43256af0aa10651a47e3d84b22aa8d5b16168daa69d53477d48f60acb9f48c9f
05_event_hydrographs\timeseries_cache\USGS_02398950_00060_2009091716_2009092918.parquet,0.0041942596435546875,fa5907d5edbcdaf2ebb570bcb0e0cb6f901038808f4db7270274c3d765237ecc
05_event_hydrographs\timeseries_cache\USGS_02399200_00060_2020041110_2020042109.json,3.147125244140625e-05,4687c7f7847599276a098a552983b555cfb4970e1ec6f52d40bca9467672b77e
05_event_hydrographs\timeseries_cache\USGS_02399200_00060_2020041110_2020042109.parquet,0.009359359741210938,75f1f8262da18b9469a00149a0cd0af5fb92b558b614d010806a7e0ee1cbba55
05_event_hydrographs\timeseries_cache\USGS_02399200_00065_2020041110_2020042109.json,3.147125244140625e-05,4687c7f7847599276a098a552983b555cfb4970e1ec6f52d40bca9467672b77e
05_event_hydrographs\timeseries_cache\USGS_02399200_00065_2020041110_2020042109.parquet,0.009137153625488281,43e81d66b3736d62d59353fbe3f733bc761cc2bac4e0400ab1537c37dce730e9
05_event_hydrographs\timeseries_cache\USGS_02400680_00060_2020041110_2020042109.json,3.147125244140625e-05,4687c7f7847599276a098a552983b555cfb4970e1ec6f52d40bca9467672b77e
05_event_hydrographs\timeseries_cache\USGS_02400680_00060_2020041110_2020042109.parquet,0.014287948608398438,40b51ceb060397cfe47c4e298d22798ac81ddef84be5a529e0dee79fd7632109
05_event_hydrographs\timeseries_cache\USGS_02400680_00065_2020041110_2020042109.json,3.147125244140625e-05,4687c7f7847599276a098a552983b555cfb4970e1ec6f52d40bca9467672b77e
05_event_hydrographs\timeseries_cache\USGS_02400680_00065_2020041110_2020042109.parquet,0.014042854309082031,c4c9dbdd6fbfcb9f37c1a081c7410d7ce3f6de4ff806435a7cb4d2c03842f2f3
05_event_hydrographs\timeseries_cache\USGS_02401390_00060_1979041021_1979042105.json,3.4332275390625e-05,43256af0aa10651a47e3d84b22aa8d5b16168daa69d53477d48f60acb9f48c9f
05_event_hydrographs\timeseries_cache\USGS_02401390_00060_1979041021_1979042105.parquet,0.004071235656738281,a198a0f680c5ab7fe1032142abeff96f4ef27d6b549bed41f2d7f933da0c0a0e
05_event_hydrographs\timeseries_cache\USGS_02401390_00060_2004112109_2004120206.json,3.147125244140625e-05,4687c7f7847599276a098a552983b555cfb4970e1ec6f52d40bca9467672b77e
05_event_hydrographs\timeseries_cache\USGS_02401390_00060_2004112109_2004120206.parquet,0.010237693786621094,0220365d7c546bb7e781822c87a3c7222458fb650aa3a6db3444da8c60b5fe6e
05_event_hydrographs\timeseries_cache\USGS_02423130_00060_2009091605_2009092318.json,3.147125244140625e-05,4687c7f7847599276a098a552983b555cfb4970e1ec6f52d40bca9467672b77e
05_event_hydrographs\timeseries_cache\USGS_02423130_00060_2009091605_2009092318.parquet,0.012218475341796875,60e788cf11db0e9fe5b8bb910d0da6fafd2f9e12bb129ea9ced46a3f90106957
05_event_hydrographs\timeseries_cache\USGS_02423130_00065_2009091605_2009092318.json,3.147125244140625e-05,4687c7f7847599276a098a552983b555cfb4970e1ec6f52d40bca9467672b77e
05_event_hydrographs\timeseries_cache\USGS_02423130_00065_2009091605_2009092318.parquet,0.012196540832519531,07d4f3bf1aa35affe8159c7895335816456a54aee17ea71cf4b5a0e834300907
05_event_hydrographs\timeseries_cache\USGS_02423397_00060_2003050416_2003051613.json,3.147125244140625e-05,4687c7f7847599276a098a552983b555cfb4970e1ec6f52d40bca9467672b77e
05_event_hydrographs\timeseries_cache\USGS_02423397_00060_2003050416_2003051613.parquet,0.015612602233886719,17f04538a115e904c33fd547915cda06ab6d45ed763a1ca2f88e570471b7125a
05_event_hydrographs\timeseries_cache\USGS_02423397_00060_2009091605_2009092318.json,3.147125244140625e-05,4687c7f7847599276a098a552983b555cfb4970e1ec6f52d40bca9467672b77e
05_event_hydrographs\timeseries_cache\USGS_02423397_00060_2009091605_2009092318.parquet,0.012472152709960938,19041c02e829e6946400f61f5cc32b1abdf2952e9a2e375197d6070e2e159635
05_event_hydrographs\timeseries_cache\USGS_02423397_00060_2009091716_2009092918.json,3.147125244140625e-05,4687c7f7847599276a098a552983b555cfb4970e1ec6f52d40bca9467672b77e
05_event_hydrographs\timeseries_cache\USGS_02423397_00060_2009091716_2009092918.parquet,0.01619243621826172,b0b8b54a6130ee4d9f0d6bbe91a03863d13db875830d9487ae33b33dadee9762
05_event_hydrographs\timeseries_cache\USGS_02423397_00065_2009091605_2009092318.json,3.147125244140625e-05,4687c7f7847599276a098a552983b555cfb4970e1ec6f52d40bca9467672b77e
05_event_hydrographs\timeseries_cache\USGS_02423397_00065_2009091605_2009092318.parquet,0.012483596801757812,dcfba9b1da9485a8253b25fe2bc081c982a321aecba8aa8b75c5e3358df432af
05_event_hydrographs\timeseries_cache\USGS_02423397_00065_2009091716_2009092918.json,3.147125244140625e-05,4687c7f7847599276a098a552983b555cfb4970e1ec6f52d40bca9467672b77e
05_event_hydrographs\timeseries_cache\USGS_02423397_00065_2009091716_2009092918.parquet,0.0162200927734375,5e927f2825310f0590b498c81618f06f7de59afc41e07e26a32c2f59c3a7b42e
05_event_hydrographs\timeseries_cache\USGS_02423398_00060_2003050416_2003051613.json,3.4332275390625e-05,43256af0aa10651a47e3d84b22aa8d5b16168daa69d53477d48f60acb9f48c9f
05_event_hydrographs\timeseries_cache\USGS_02423398_00060_2003050416_2003051613.parquet,0.0041103363037109375,75af47966ec6bcd563717a6f317eee8809f84121dd4168741abe3947805519fb
05_event_hydrographs\timeseries_cache\USGS_02423400_00060_2009091605_2009092318.json,3.147125244140625e-05,4687c7f7847599276a098a552983b555cfb4970e1ec6f52d40bca9467672b77e
05_event_hydrographs\timeseries_cache\USGS_02423400_00060_2009091605_2009092318.parquet,0.012291908264160156,2390cf8ccf7d40e3f0b9cce4f5934d5a5532d4efcc5d7006d0b8476240cd58c1
05_event_hydrographs\timeseries_cache\USGS_02423400_00060_2009091716_2009092918.json,3.147125244140625e-05,4687c7f7847599276a098a552983b555cfb4970e1ec6f52d40bca9467672b77e
05_event_hydrographs\timeseries_cache\USGS_02423400_00060_2009091716_2009092918.parquet,0.015956878662109375,6269ced50ef564f6fa2c4c74319096d595840f2f97c2fd02c0c0b300ab6a9cf1
05_event_hydrographs\timeseries_cache\USGS_02423400_00065_2009091605_2009092318.json,3.147125244140625e-05,4687c7f7847599276a098a552983b555cfb4970e1ec6f52d40bca9467672b77e
05_event_hydrographs\timeseries_cache\USGS_02423400_00065_2009091605_2009092318.parquet,0.012324333190917969,528334f555c2d1ac46f62b82621370f56835f89c85ccdfd9104ba75e7d4a7afe
05_event_hydrographs\timeseries_cache\USGS_02423400_00065_2009091716_2009092918.json,3.147125244140625e-05,4687c7f7847599276a098a552983b555cfb4970e1ec6f52d40bca9467672b77e
05_event_hydrographs\timeseries_cache\USGS_02423400_00065_2009091716_2009092918.parquet,0.015976905822753906,2c59a0ab4432d1096afedc652898f790c324fe442c27f5f54b817bdfaa56206d
05_event_hydrographs\timeseries_cache\USGS_02423414_00060_2004112109_2004120206.json,3.147125244140625e-05,4687c7f7847599276a098a552983b555cfb4970e1ec6f52d40bca9467672b77e
05_event_hydrographs\timeseries_cache\USGS_02423414_00060_2004112109_2004120206.parquet,0.005885124206542969,18753202f69a3b927fb4d23a2be94172776d9a644c0d7805d8929a20c75fd10d
05_event_hydrographs\timeseries_cache\USGS_02423496_00060_2004112109_2004120206.json,3.147125244140625e-05,4687c7f7847599276a098a552983b555cfb4970e1ec6f52d40bca9467672b77e
05_event_hydrographs\timeseries_cache\USGS_02423496_00060_2004112109_2004120206.parquet,0.01563739776611328,d44535e6996541421180a2ca4ae4fda0ded78eccdebc68921bddfcab0453b821
05_event_hydrographs\timeseries_cache\USGS_02423630_00060_1979041021_1979042105.json,3.4332275390625e-05,43256af0aa10651a47e3d84b22aa8d5b16168daa69d53477d48f60acb9f48c9f
05_event_hydrographs\timeseries_cache\USGS_02423630_00060_1979041021_1979042105.parquet,0.00408172607421875,3438efeca30cf56d12b61cb44e12e9c0134e31fd84aa974566f0797aec4cc525
05_event_hydrographs\timeseries_cache\USGS_02438000_00060_2004112109_2004120206.json,3.147125244140625e-05,4687c7f7847599276a098a552983b555cfb4970e1ec6f52d40bca9467672b77e
05_event_hydrographs\timeseries_cache\USGS_02438000_00060_2004112109_2004120206.parquet,0.015600204467773438,0e1bd903fbd9f32a1870a4f26449239d741d7e42daa03f31a3a14ca3e362b8c7
05_event_hydrographs\timeseries_cache\USGS_02442500_00060_2004020407_2004021416.json,3.4332275390625e-05,43256af0aa10651a47e3d84b22aa8d5b16168daa69d53477d48f60acb9f48c9f
05_event_hydrographs\timeseries_cache\USGS_02442500_00060_2004020407_2004021416.parquet,0.0040760040283203125,6cb9a3902b157ba2a6af490396dcc374ef02bf7f48d0fe78141e8897453e7ac5
05_event_hydrographs\timeseries_cache\USGS_02455980_00060_2004020407_2004021416.json,3.147125244140625e-05,4687c7f7847599276a098a552983b555cfb4970e1ec6f52d40bca9467672b77e
05_event_hydrographs\timeseries_cache\USGS_02455980_00060_2004020407_2004021416.parquet,0.009509086608886719,2b45500d8a5bfbfee396c0db3274f6dd1c910d2e9bc27f3c6d6e5982f5e8e1b6
05_event_hydrographs\timeseries_cache\USGS_02457000_00060_2009091605_2009092318.json,3.147125244140625e-05,4687c7f7847599276a098a552983b555cfb4970e1ec6f52d40bca9467672b77e
05_event_hydrographs\timeseries_cache\USGS_02457000_00060_2009091605_2009092318.parquet,0.011880874633789062,351c388aed50cab7236ecca40c4c9d559c2fc0fee97918f5598b4a15cc1ee394
05_event_hydrographs\timeseries_cache\USGS_02457000_00065_2009091605_2009092318.json,3.147125244140625e-05,4687c7f7847599276a098a552983b555cfb4970e1ec6f52d40bca9467672b77e
05_event_hydrographs\timeseries_cache\USGS_02457000_00065_2009091605_2009092318.parquet,0.011881828308105469,9f310878465fc2ba47be6f821cc5dc1372a4b33cdd26ec7008646c4c05f75a6c
05_event_hydrographs\timeseries_cache\USGS_02458148_00060_2003050416_2003051613.json,3.147125244140625e-05,4687c7f7847599276a098a552983b555cfb4970e1ec6f52d40bca9467672b77e
05_event_hydrographs\timeseries_cache\USGS_02458148_00060_2003050416_2003051613.parquet,0.012660026550292969,364e807350ff24a445dc739bd92971ca5ced6b8a96d5b269222dbbc074acccac
05_event_hydrographs\timeseries_cache\USGS_02458502_00060_2004020407_2004021416.json,3.147125244140625e-05,4687c7f7847599276a098a552983b555cfb4970e1ec6f52d40bca9467672b77e
05_event_hydrographs\timeseries_cache\USGS_02458502_00060_2004020407_2004021416.parquet,0.014094352722167969,9dd9604a5ba0f57c61bf2d48d84a566e67d17d196ba3816f7f0bb3240b2c8b86
05_event_hydrographs\timeseries_cache\USGS_02458600_00060_2004020407_2004021416.json,3.147125244140625e-05,4687c7f7847599276a098a552983b555cfb4970e1ec6f52d40bca9467672b77e
05_event_hydrographs\timeseries_cache\USGS_02458600_00060_2004020407_2004021416.parquet,0.014086723327636719,3e851f321039d2d669fc695c4528e37dd5d06463d8eac18c74818047626c40c2
05_event_hydrographs\timeseries_cache\USGS_02465493_00060_2009091716_2009092918.json,3.147125244140625e-05,4687c7f7847599276a098a552983b555cfb4970e1ec6f52d40bca9467672b77e
05_event_hydrographs\timeseries_cache\USGS_02465493_00060_2009091716_2009092918.parquet,0.012688636779785156,aa2d0be4dbb05b8db8b1e1846e9749fa9178300da4854801d25f96d4c5b88072
05_event_hydrographs\timeseries_cache\USGS_02465493_00065_2009091716_2009092918.json,3.147125244140625e-05,4687c7f7847599276a098a552983b555cfb4970e1ec6f52d40bca9467672b77e
05_event_hydrographs\timeseries_cache\USGS_02465493_00065_2009091716_2009092918.parquet,0.012673377990722656,743fa05a298d59ecf2e460ba23278a0fe3e0a677cfd1a382dd2a1fe4f44aa973
05_event_hydrographs\timeseries_cache\USGS_02466030_00060_1979041021_1979042105.json,3.4332275390625e-05,43256af0aa10651a47e3d84b22aa8d5b16168daa69d53477d48f60acb9f48c9f
05_event_hydrographs\timeseries_cache\USGS_02466030_00060_1979041021_1979042105.parquet,0.004177093505859375,e579e26d9b7f3e808554635fcf7645bdb3e2eab9b39a357fd1f85442f3aeab29
05_event_hydrographs\timeseries_cache\USGS_03572110_00060_1990122016_1990123022.json,3.4332275390625e-05,43256af0aa10651a47e3d84b22aa8d5b16168daa69d53477d48f60acb9f48c9f
05_event_hydrographs\timeseries_cache\USGS_03572110_00060_1990122016_1990123022.parquet,0.0040264129638671875,ee1e5115d6df7766a91477ea3d97633ba0d627ab1e56a230b228ac88d0425e82
05_event_hydrographs\timeseries_cache\USGS_03572900_00060_2020041110_2020042109.json,3.147125244140625e-05,4687c7f7847599276a098a552983b555cfb4970e1ec6f52d40bca9467672b77e
05_event_hydrographs\timeseries_cache\USGS_03572900_00060_2020041110_2020042109.parquet,0.014051437377929688,381d9768794408d9abc47430f5507026594637be824a0ace1d6a354e53ebb061
05_event_hydrographs\timeseries_cache\USGS_03572900_00065_2020041110_2020042109.json,3.147125244140625e-05,4687c7f7847599276a098a552983b555cfb4970e1ec6f52d40bca9467672b77e
05_event_hydrographs\timeseries_cache\USGS_03572900_00065_2020041110_2020042109.parquet,0.0142669677734375,733a2da2ebd2f4309071c18a9b97adc18981d0e296ab84706d431c58c896789d
05_event_hydrographs\timeseries_cache\USGS_03574500_00060_1990122016_1990123022.json,3.4332275390625e-05,43256af0aa10651a47e3d84b22aa8d5b16168daa69d53477d48f60acb9f48c9f
05_event_hydrographs\timeseries_cache\USGS_03574500_00060_1990122016_1990123022.parquet,0.004086494445800781,46b04787b70a98358a945c347676b56d0de09e1a55e3e07dc5f059c16a010c4d
05_event_hydrographs\timeseries_cache\USGS_0357479650_00060_2003050416_2003051613.json,3.4332275390625e-05,43256af0aa10651a47e3d84b22aa8d5b16168daa69d53477d48f60acb9f48c9f
05_event_hydrographs\timeseries_cache\USGS_0357479650_00060_2003050416_2003051613.parquet,0.004184722900390625,1431003116837ecb946f6620f415870c97c41abd65c3fa30e1161c91dfe0fec9
05_event_hydrographs\timeseries_cache\USGS_03576500_00060_2020041110_2020042109.json,3.147125244140625e-05,4687c7f7847599276a098a552983b555cfb4970e1ec6f52d40bca9467672b77e
05_event_hydrographs\timeseries_cache\USGS_03576500_00060_2020041110_2020042109.parquet,0.014962196350097656,34cb6d0403d4677a7eaee1b259714bbcb739a92a8b583336d137b6561e9a8622
05_event_hydrographs\timeseries_cache\USGS_03576500_00065_2020041110_2020042109.json,3.147125244140625e-05,4687c7f7847599276a098a552983b555cfb4970e1ec6f52d40bca9467672b77e
05_event_hydrographs\timeseries_cache\USGS_03576500_00065_2020041110_2020042109.parquet,0.014935493469238281,488837bbce48a8d22d5b0935b8af40f367db3dd978ddb7cfc6ee32502169fa3a
05_event_hydrographs\timeseries_cache\USGS_03586500_00060_1990122016_1990123022.json,3.4332275390625e-05,43256af0aa10651a47e3d84b22aa8d5b16168daa69d53477d48f60acb9f48c9f
05_event_hydrographs\timeseries_cache\USGS_03586500_00060_1990122016_1990123022.parquet,0.0040721893310546875,c8b3f22285d474b572f1d4422c67f7de44a285ce6819d3386cd388d9ecda9bbc
06_flood_impacts\huc12_flood_report_summary_1996_2025.csv,0.02209758758544922,9bd924b13ee66d6092a836fe062649eb7387fb8629428e043c1acb29d745706e
06_flood_impacts\rainfall_event_flood_report_summary.csv,0.02180004119873047,dbf8157d8226f2bb9583bcdad5832f85c27acb7a65047fcf28e1e8fee0dbb517
07_spatial_outputs\huc12_flood_response_summary.gpkg,42.03125,98d8bc4220f23ad56df4ee26d41e3a1f56474eb3f9a6cf182cb96c49710c463b
07_spatial_outputs\noaa_flood_reports_1996_2025.gpkg,3.1640625,7a1a602c857f8f697f78f18fb54909a0a32b5869fd19c9f2f715a97690ed5beb
07_spatial_outputs\rainfall_event_gage_peak_matches.gpkg,0.52734375,12d21e2c2452cab3e655eab7fea964c6cd104326d22ee0fa28a9f70215730f7f
07_spatial_outputs\usgs_flood_frequency_gages.gpkg,0.2578125,27296c3c458d6a7b6e040f9845fa343cca9e5a458cab37549babe578a56392e7
08_figures\figure_01_statewide_usgs_flood_severity.png,1.8004446029663086,39ac82b62d33dc396572d5fb1d605512ed373c1d13532a7b65cffd06ccd1ad73
08_figures\figure_02_huc12_matched_major_flood_frequency.png,1.3586759567260742,97229a430ce366f9150f16647a8fed30e2b66c1afd4ad521c179c48902a00803
08_figures\figure_03_ranked_integrated_rainfall_flood_events.png,0.5439643859863281,753213884d4edba79714d2335148f74569b4fd6d432d844dbadec3e7b3844407
08_figures\figure_04_rainfall_rarity_vs_flood_severity.png,0.6715183258056641,19bb8f3d42abd045fd3e577cd143944f48c42ba29681e808ac589ec3f1ce0cf8
08_figures\figure_05_rainfall_to_flood_peak_lag.png,0.7127399444580078,47c17dde4a3d93d15bdb8f4a1ac3201eb0ba2fa1e29405cbc3a3573ca561191a
08_figures\figure_06_representative_rainfall_streamflow_hydrographs.png,0.7255983352661133,d44329f8d1b408f74d2eabcbd610488cea2b2a50fe7191572c76f4810c401d6a
08_figures\figure_07_noaa_flood_report_hotspots.png,1.4074373245239258,e45959998938aa9a23033e3e8358b42eff866975c2bf8e1b119bd2bac3aba998
08_figures\figure_08_selected_gage_frequency_curves.png,0.7445735931396484,0c54e0477a668d3f4354b1f9126e2dae5c5de07de8fd93b45492aafb925c4053
09_reports\factsheet_priority_flood_events.csv,0.34636974334716797,312dab5d53020381d34ff2e090e3e7f2534413bc80e5cd88617d9fc3059dfac5
09_reports\factsheet_priority_streamgages.csv,0.1412830352783203,2d59c1a8cf45f67c4536f900376d357a04f0c7ebf0e537b36a58cf789a1f3a6d
09_reports\flood_methodology_summary.csv,0.0007734298706054688,ae8f9e34db4ae86ce30c21840f7e321bb7c7e9c746f1e2cd5b4a807bbef20582
09_reports\rainfall_to_peak_lag_by_storm_type.csv,0.0005254745483398438,7050d686d7ac570595c588394483133550f7c18e4f20ff8fb614b44539d840bb
