catalog_event_id,site_no,site_name,huc12,drainage_area_sqmi,rainfall_peak_time_utc,peak_time_utc,lag_hours,peak_cfs,peak_cfs_per_sqmi,water_year,empirical_return_period_years,lp3_return_period_years,screening_return_period_years,flood_screening_class,peak_qualifier,stationarity_warning
AL-RF-19790304-0001,02398195,,031501050501,9.53,1979-03-04 06:00:00+00:00,1979-03-04 00:00:00+00:00,-6.0,1270.0,133.26337880377756,1979.0,4.0,,4.0,2–5-year,,False
AL-RF-19790304-0001,02400000,,031501050906,116.0,1979-03-04 06:00:00+00:00,1979-03-03 00:00:00+00:00,-30.0,17600.0,151.72413793103448,1979.0,7.0,9.35564290531885,9.35564290531885,5–10-year,"2,7",False
AL-RF-19790304-0001,02400033,,031501050905,4.62,1979-03-04 06:00:00+00:00,1979-03-04 00:00:00+00:00,-6.0,1010.0,218.6147186147186,1979.0,6.0,,6.0,5–10-year,,False
AL-RF-19790304-0001,02400100,,031501050909,252.0,1979-03-04 06:00:00+00:00,1979-03-04 00:00:00+00:00,-6.0,20100.0,79.76190476190476,1979.0,32.0,80.63388341705175,80.63388341705175,50–100-year,,True
AL-RF-19790304-0001,02409540,,031501070906,1.01,1979-03-04 06:00:00+00:00,1979-03-04 00:00:00+00:00,-6.0,981.0,971.2871287128713,1979.0,5.0,,5.0,5–10-year,,True
AL-RF-19790304-0001,02412000,,031501080405,448.0,1979-03-04 06:00:00+00:00,1979-03-05 00:00:00+00:00,18.0,23100.0,51.5625,1979.0,24.333333333333336,52.90631689279242,52.90631689279242,50–100-year,,True
AL-RF-19790304-0001,02412065,,031501080403,52.8,1979-03-04 06:00:00+00:00,1979-03-04 00:00:00+00:00,-6.0,5800.0,109.84848484848486,1979.0,6.0,,6.0,5–10-year,,False
AL-RF-19790304-0001,02412320,,031501081003,1.79,1979-03-04 06:00:00+00:00,1979-03-04 00:00:00+00:00,-6.0,953.0,532.4022346368715,1979.0,10.0,,10.0,10–25-year,,True
AL-RF-19790304-0001,02414765,,031501090402,26.2,1979-03-04 06:00:00+00:00,1979-03-04 00:00:00+00:00,-6.0,8820.0,336.6412213740458,1979.0,11.0,,11.0,10–25-year,,False
AL-RF-19790304-0001,02421256,,031502010601,89.4,1979-03-04 06:00:00+00:00,1979-03-04 00:00:00+00:00,-6.0,20200.0,225.95078299776284,1979.0,12.0,,12.0,10–25-year,,True
AL-RF-19790304-0001,02424010,,031502020802,0.59,1979-03-04 06:00:00+00:00,1979-03-04 00:00:00+00:00,-6.0,360.0,610.1694915254237,1979.0,4.25,,4.25,2–5-year,,True
AL-RF-19790304-0001,02424940,,031502020805,220.0,1979-03-04 06:00:00+00:00,1979-03-05 00:00:00+00:00,18.0,17000.0,77.27272727272727,1979.0,13.0,,13.0,10–25-year,2,False
AL-RF-19790304-0001,02427700,,031502030603,97.5,1979-03-04 06:00:00+00:00,1979-03-04 00:00:00+00:00,-6.0,20000.0,205.12820512820514,1979.0,20.0,27.317309294826806,27.317309294826806,25–50-year,,False
AL-RF-19790304-0001,02450000,,031601090203,358.0,1979-03-04 06:00:00+00:00,1979-03-04 00:00:00+00:00,-6.0,46500.0,129.88826815642457,1979.0,11.375,8.951917723048481,8.951917723048481,5–10-year,,False
AL-RF-19790304-0001,02468500,,031602010108,257.0,1979-03-04 06:00:00+00:00,1979-03-04 00:00:00+00:00,-6.0,34000.0,132.295719844358,1979.0,15.0,24.507613211730977,24.507613211730977,10–25-year,,False
AL-RF-19790304-0001,02469550,,031602010603,60.4,1979-03-04 06:00:00+00:00,1979-03-08 00:00:00+00:00,90.0,28100.0,465.2317880794702,1979.0,23.0,27.693828225182006,27.693828225182006,25–50-year,,True
AL-RF-19790304-0001,02469800,,031602030205,164.0,1979-03-04 06:00:00+00:00,1979-03-04 00:00:00+00:00,-6.0,23400.0,142.6829268292683,1979.0,23.666666666666668,39.0473676736285,39.0473676736285,25–50-year,,False
AL-RF-19790304-0001,02470320,,031602031001,51.8,1979-03-04 06:00:00+00:00,1979-03-04 00:00:00+00:00,-6.0,8420.0,162.54826254826256,1979.0,9.0,,9.0,5–10-year,,True
AL-RF-19790304-0001,02471065,,031602050101,7.28,1979-03-04 06:00:00+00:00,1979-03-03 00:00:00+00:00,-30.0,3520.0,483.5164835164835,1979.0,3.75,,3.75,2–5-year,C,True
AL-RF-19790304-0001,02479431,,031700080201,20.4,1979-03-04 06:00:00+00:00,1979-03-04 00:00:00+00:00,-6.0,2930.0,143.62745098039215,1979.0,4.8,8.216979118187652,8.216979118187652,5–10-year,,False
AL-RF-19790304-0001,03572900,,060300010703,141.0,1979-03-04 06:00:00+00:00,1979-03-04 00:00:00+00:00,-6.0,15000.0,106.38297872340425,1979.0,4.714285714285714,6.582723683121518,6.582723683121518,5–10-year,,False
AL-RF-19790404-0002,02425200,,031502030301,35.8,1979-04-04 12:00:00+00:00,1979-04-04 00:00:00+00:00,-12.0,3330.0,93.01675977653632,1979.0,13.0,,13.0,10–25-year,,False
AL-RF-19790413-0003,02398300,,031501050605,366.0,1979-04-13 16:00:00+00:00,1979-04-13 00:00:00+00:00,-16.0,16800.0,45.90163934426229,1979.0,12.285714285714285,11.303469384104604,11.303469384104604,10–25-year,,True
AL-RF-19790413-0003,02398400,,031501050605,368.0,1979-04-13 16:00:00+00:00,1979-04-13 00:00:00+00:00,-16.0,16800.0,45.65217391304348,1979.0,10.5,7.871833099912042,7.871833099912042,5–10-year,,False
AL-RF-19790413-0003,02399200,,031501050806,199.0,1979-04-13 16:00:00+00:00,1979-04-13 00:00:00+00:00,-16.0,31100.0,156.28140703517587,1979.0,10.142857142857144,11.808724026037115,11.808724026037115,10–25-year,,False
AL-RF-19790413-0003,02400500,,031501060204,5805.0,1979-04-13 16:00:00+00:00,1979-04-14 00:00:00+00:00,8.0,56100.0,9.664082687338501,1979.0,4.625,3.877788271833813,3.877788271833813,2–5-year,,True
AL-RF-19790413-0003,02401000,,031501060104,182.0,1979-04-13 16:00:00+00:00,1979-04-13 00:00:00+00:00,-16.0,10500.0,57.69230769230769,1979.0,9.375,9.37624313948175,9.37624313948175,5–10-year,,False
AL-RF-19790413-0003,02401370,,031501060302,45.0,1979-04-13 16:00:00+00:00,1979-04-13 00:00:00+00:00,-16.0,4690.0,104.22222222222223,1979.0,9.0,,9.0,5–10-year,,True
AL-RF-19790413-0003,02401390,,031501060305,141.0,1979-04-13 16:00:00+00:00,1979-04-13 00:00:00+00:00,-16.0,13600.0,96.45390070921985,1979.0,30.5,1000000.0,1000000.0,>500-year,,False
AL-RF-19790413-0003,02401470,,031501060304,22.3,1979-04-13 16:00:00+00:00,1979-04-13 00:00:00+00:00,-16.0,3600.0,161.43497757847533,1979.0,16.0,,16.0,10–25-year,7,False
AL-RF-19790413-0003,02401620,,031501060409,6596.0,1979-04-13 16:00:00+00:00,1979-04-13 00:00:00+00:00,-16.0,93700.0,14.205579138872043,1979.0,15.0,,15.0,10–25-year,,True
AL-RF-19790413-0003,02404000,,031501060512,277.0,1979-04-13 16:00:00+00:00,1979-04-13 00:00:00+00:00,-16.0,23000.0,83.03249097472924,1979.0,44.0,15.480148907198933,15.480148907198933,10–25-year,7,False
AL-RF-19790413-0003,02404245,,031501060511,71.8,1979-04-13 16:00:00+00:00,1979-04-13 00:00:00+00:00,-16.0,3400.0,47.353760445682454,1979.0,2.230769230769231,2.499065495264881,2.499065495264881,2–5-year,,False
AL-RF-19790413-0003,02404400,,031501060514,481.0,1979-04-13 16:00:00+00:00,1979-04-13 00:00:00+00:00,-16.0,30100.0,62.57796257796258,1979.0,12.600000000000001,14.416900567191071,14.416900567191071,10–25-year,,False
AL-RF-19790413-0003,02405200,,031501060810,7743.0,1979-04-13 16:00:00+00:00,1979-04-15 00:00:00+00:00,32.0,115000.0,14.852124499547978,1979.0,16.0,,16.0,10–25-year,,False
AL-RF-19790413-0003,02405500,,031501060808,193.0,1979-04-13 16:00:00+00:00,1979-04-13 00:00:00+00:00,-16.0,33400.0,173.05699481865284,1979.0,58.0,146.0744183098637,146.0744183098637,100–200-year,7,False
AL-RF-19790413-0003,02406500,,031501060703,150.0,1979-04-13 16:00:00+00:00,1979-04-13 00:00:00+00:00,-16.0,14400.0,96.0,1979.0,9.0,11.121389440111136,11.121389440111136,10–25-year,7,False
AL-RF-19790413-0003,02407000,,031501070301,8392.0,1979-04-13 16:00:00+00:00,1979-04-14 00:00:00+00:00,8.0,150000.0,17.874165872259294,1979.0,96.0,70.05395829401174,70.05395829401174,50–100-year,,True
AL-RF-19790413-0003,02407500,,031501070204,96.5,1979-04-13 16:00:00+00:00,1979-04-13 00:00:00+00:00,-16.0,16200.0,167.87564766839378,1979.0,7.333333333333334,15.511483162519108,15.511483162519108,10–25-year,7,False
AL-RF-19790413-0003,02407680,,031501070403,32.9,1979-04-13 16:00:00+00:00,1979-04-13 00:00:00+00:00,-16.0,7900.0,240.12158054711247,1979.0,6.0,,6.0,5–10-year,,False
AL-RF-19790413-0003,02407950,,031501070503,9053.0,1979-04-13 16:00:00+00:00,1979-04-13 00:00:00+00:00,-16.0,197000.0,21.7607422953717,1979.0,18.0,,18.0,10–25-year,,False
AL-RF-19790413-0003,02408340,,031501070702,8.09,1979-04-13 16:00:00+00:00,1979-04-13 00:00:00+00:00,-16.0,6580.0,813.3498145859086,1979.0,8.0,,8.0,5–10-year,7,False
AL-RF-19790413-0003,02408500,,031501070708,233.0,1979-04-13 16:00:00+00:00,1979-04-13 00:00:00+00:00,-16.0,60000.0,257.51072961373393,1979.0,36.0,174.1458009161047,174.1458009161047,100–200-year,2,False
AL-RF-19790413-0003,02408540,,031501070708,263.0,1979-04-13 16:00:00+00:00,1979-04-13 00:00:00+00:00,-16.0,65000.0,247.14828897338404,1979.0,46.0,358.3884544017037,358.3884544017037,200–500-year,"2,7",False
AL-RF-19790413-0003,02409000,,031501070602,73.4,1979-04-13 16:00:00+00:00,1979-04-13 00:00:00+00:00,-16.0,15200.0,207.0844686648501,1979.0,11.0,15.847384765334885,15.847384765334885,10–25-year,7,False
AL-RF-19790413-0003,02409400,,031501070803,9778.0,1979-04-13 16:00:00+00:00,1979-04-13 00:00:00+00:00,-16.0,281000.0,28.737983227653917,1979.0,40.0,270.24368456783606,270.24368456783606,200–500-year,,False
AL-RF-19790413-0003,02414800,,031501090403,7.97,1979-04-13 16:00:00+00:00,1979-04-14 00:00:00+00:00,8.0,6260.0,785.4454203262234,1979.0,22.0,51.68691049546767,51.68691049546767,50–100-year,7,False
AL-RF-19790413-0003,02423380,,031502020104,140.0,1979-04-13 16:00:00+00:00,1979-04-13 00:00:00+00:00,-16.0,19000.0,135.71428571428572,1979.0,22.0,62.45821009895962,62.45821009895962,50–100-year,7,True
AL-RF-19790413-0003,02423425,,031502020204,201.0,1979-04-13 16:00:00+00:00,1979-04-13 00:00:00+00:00,-16.0,23400.0,116.41791044776119,1979.0,39.0,333.4596520343542,333.4596520343542,200–500-year,6,False
AL-RF-19790413-0003,02423500,,031502020204,230.0,1979-04-13 16:00:00+00:00,1979-04-13 00:00:00+00:00,-16.0,31000.0,134.7826086956522,1979.0,31.5,94.61080018180583,94.61080018180583,50–100-year,7,False
AL-RF-19790413-0003,02423555,,031502020206,335.0,1979-04-13 16:00:00+00:00,1979-04-13 00:00:00+00:00,-16.0,37200.0,111.04477611940298,1979.0,45.0,130.9657798563522,130.9657798563522,100–200-year,"2,7",False
AL-RF-19790413-0003,02423630,,031502020303,72.3,1979-04-13 16:00:00+00:00,1979-04-13 00:00:00+00:00,-16.0,7800.0,107.88381742738589,1979.0,43.0,1902.9125694438856,1902.9125694438856,>500-year,,True
AL-RF-19790413-0003,02423647,,031502020407,593.0,1979-04-13 16:00:00+00:00,1979-04-13 00:00:00+00:00,-16.0,41200.0,69.47723440134908,1979.0,17.0,,17.0,10–25-year,,False
AL-RF-19790413-0003,02424000,,031502020503,1027.0,1979-04-13 16:00:00+00:00,1979-04-13 00:00:00+00:00,-16.0,78400.0,76.33885102239533,1979.0,14.5,28.373159898891146,28.373159898891146,25–50-year,,True
AL-RF-19790413-0003,02442000,,031601050201,130.0,1979-04-13 16:00:00+00:00,1979-04-13 00:00:00+00:00,-16.0,9500.0,73.07692307692308,1979.0,4.857142857142858,7.2300091006422775,7.2300091006422775,5–10-year,7,False
AL-RF-19790413-0003,02442500,,031601050203,247.0,1979-04-13 16:00:00+00:00,1979-04-13 00:00:00+00:00,-16.0,14000.0,56.68016194331984,1979.0,9.75,1000000.0,1000000.0,>500-year,7,False
AL-RF-19790413-0003,02443000,,031601050205,309.0,1979-04-13 16:00:00+00:00,1979-04-14 00:00:00+00:00,8.0,14200.0,45.954692556634306,1979.0,21.25,21.66718107184619,21.66718107184619,10–25-year,,False
AL-RF-19790413-0003,02443230,,031601050403,35.8,1979-04-13 16:00:00+00:00,1979-04-13 00:00:00+00:00,-16.0,4650.0,129.8882681564246,1979.0,13.0,,13.0,10–25-year,,False
AL-RF-19790413-0003,02444000,,031601060203,126.0,1979-04-13 16:00:00+00:00,1979-04-13 00:00:00+00:00,-16.0,16400.0,130.15873015873015,1979.0,27.0,66.9073227157709,66.9073227157709,50–100-year,,True
AL-RF-19790413-0003,02444500,,031601060507,5940.0,1979-04-13 16:00:00+00:00,1979-04-13 00:00:00+00:00,-16.0,106000.0,17.845117845117844,1979.0,4.777777777777778,6.624073143454809,6.624073143454809,5–10-year,,False
AL-RF-19790413-0003,02445000,,031601060404,112.0,1979-04-13 16:00:00+00:00,1979-04-13 00:00:00+00:00,-16.0,21000.0,187.5,1979.0,16.0,,16.0,10–25-year,7,True
AL-RF-19790413-0003,02445500,,031601070204,282.0,1979-04-13 16:00:00+00:00,1979-04-16 00:00:00+00:00,56.0,12000.0,42.5531914893617,1979.0,3.4285714285714284,2.8627733841274723,2.8627733841274723,2–5-year,7,False
AL-RF-19790413-0003,02446500,,031601070302,528.0,1979-04-13 16:00:00+00:00,1979-04-13 00:00:00+00:00,-16.0,23100.0,43.75,1979.0,27.666666666666668,32.0967870197574,32.0967870197574,25–50-year,,False
AL-RF-19790413-0003,02447025,,031601060609,7230.0,1979-04-13 16:00:00+00:00,1979-04-15 00:00:00+00:00,32.0,145000.0,20.055325034578146,1979.0,6.833333333333334,5.74959248459578,5.74959248459578,5–10-year,1,False
AL-RF-19790413-0003,02448500,,031601081101,1097.0,1979-04-13 16:00:00+00:00,1979-04-14 00:00:00+00:00,8.0,156000.0,142.20601640838652,1979.0,83.0,543.629479897202,543.629479897202,>500-year,,False
AL-RF-19790413-0003,02449000,,031601060609,8632.0,1979-04-13 16:00:00+00:00,1979-04-15 00:00:00+00:00,32.0,261000.0,30.236329935125116,1979.0,53.0,70.75525389226505,70.75525389226505,50–100-year,,True
AL-RF-19790413-0003,02449245,,031601060607,43.2,1979-04-13 16:00:00+00:00,1979-04-13 00:00:00+00:00,-16.0,6450.0,149.30555555555554,1979.0,13.0,43.265834939375814,43.265834939375814,25–50-year,,False
AL-RF-19790413-0003,02449500,,031601060705,8930.0,1979-04-13 16:00:00+00:00,1979-04-16 00:00:00+00:00,56.0,247000.0,27.659574468085108,1979.0,19.0,,19.0,10–25-year,7,True
AL-RF-19790413-0003,02450180,,031601090205,487.0,1979-04-13 16:00:00+00:00,1979-04-14 00:00:00+00:00,8.0,37000.0,75.97535934291581,1979.0,11.75,13.83307396875628,13.83307396875628,10–25-year,,False
AL-RF-19790413-0003,02453000,,031601090309,181.0,1979-04-13 16:00:00+00:00,1979-04-14 00:00:00+00:00,8.0,8550.0,47.23756906077348,1979.0,18.5,25.863474777183974,25.863474777183974,25–50-year,,False
AL-RF-19790413-0003,02454000,,031601090405,134.0,1979-04-13 16:00:00+00:00,1979-04-13 00:00:00+00:00,-16.0,10800.0,80.59701492537313,1979.0,9.0,11.838648200443316,11.838648200443316,10–25-year,,False
AL-RF-19790413-0003,02454200,,031601090503,85.0,1979-04-13 16:00:00+00:00,1979-04-13 00:00:00+00:00,-16.0,10700.0,125.88235294117646,1979.0,7.5,,7.5,5–10-year,7,False
AL-RF-19790413-0003,02455000,,031601110208,303.0,1979-04-13 16:00:00+00:00,1979-04-13 00:00:00+00:00,-16.0,20200.0,66.66666666666667,1979.0,12.142857142857142,13.252689909577814,13.252689909577814,10–25-year,,False
AL-RF-19790413-0003,02455500,,031601110305,624.0,1979-04-13 16:00:00+00:00,1979-04-14 00:00:00+00:00,8.0,45000.0,72.11538461538461,1979.0,8.142857142857144,12.30586014152111,12.30586014152111,10–25-year,2,True
AL-RF-19790413-0003,02456000,,031601110307,80.9,1979-04-13 16:00:00+00:00,1979-04-13 00:00:00+00:00,-16.0,10700.0,132.2620519159456,1979.0,4.909090909090909,5.9355793183291174,5.9355793183291174,5–10-year,,False
AL-RF-19790413-0003,02456330,,031601110401,16.2,1979-04-13 16:00:00+00:00,1979-04-13 00:00:00+00:00,-16.0,2920.0,180.2469135802469,1979.0,3.5,,3.5,2–5-year,,True
AL-RF-19790413-0003,02456500,,031601110404,885.0,1979-04-13 16:00:00+00:00,1979-04-14 00:00:00+00:00,8.0,41800.0,47.23163841807909,1979.0,12.285714285714285,13.55923108988819,13.55923108988819,10–25-year,,False
AL-RF-19790413-0003,02457000,,031601110406,23.9,1979-04-13 16:00:00+00:00,1979-04-13 00:00:00+00:00,-16.0,4270.0,178.6610878661088,1979.0,3.916666666666667,3.6130620026384217,3.6130620026384217,2–5-year,C,True
AL-RF-19790413-0003,02458450,,031601110408,33.5,1979-04-13 16:00:00+00:00,1979-04-13 00:00:00+00:00,-16.0,5450.0,162.6865671641791,1979.0,3.416666666666667,3.7772134979652883,3.7772134979652883,2–5-year,C,False
AL-RF-19790413-0003,02460500,,031601110409,83.5,1979-04-13 16:00:00+00:00,1979-04-13 00:00:00+00:00,-16.0,14600.0,174.85029940119762,1979.0,16.0,26.10920420473863,26.10920420473863,25–50-year,,False
AL-RF-19790413-0003,02461500,,031601120102,52.5,1979-04-13 16:00:00+00:00,1979-04-13 00:00:00+00:00,-16.0,11300.0,215.23809523809524,1979.0,21.0,34.03930878294434,34.03930878294434,25–50-year,C,False
AL-RF-19790413-0003,02462000,,031601120104,148.0,1979-04-13 16:00:00+00:00,1979-04-13 00:00:00+00:00,-16.0,26300.0,177.7027027027027,1979.0,24.333333333333336,63.962888713942334,63.962888713942334,50–100-year,,True
AL-RF-19790413-0003,02462500,,031601120203,3981.0,1979-04-13 16:00:00+00:00,1979-04-13 00:00:00+00:00,-16.0,143000.0,35.920622959055514,1979.0,47.0,43.53181530836507,43.53181530836507,25–50-year,,False
AL-RF-19790413-0003,02462600,,031601120301,5.32,1979-04-13 16:00:00+00:00,1979-04-12 00:00:00+00:00,-40.0,3000.0,563.9097744360902,1979.0,3.8333333333333335,5.397252881904326,5.397252881904326,5–10-year,,True
AL-RF-19790413-0003,02462951,,031601120505,4219.0,1979-04-13 16:00:00+00:00,1979-04-13 00:00:00+00:00,-16.0,178000.0,42.19009243896658,1979.0,39.0,133.09653814418334,133.09653814418334,100–200-year,1,False
AL-RF-19790413-0003,02462990,,031601120501,8.38,1979-04-13 16:00:00+00:00,1979-04-12 00:00:00+00:00,-40.0,1180.0,140.81145584725536,1979.0,4.0,,4.0,2–5-year,,False
AL-RF-19790413-0003,02464000,,031601120408,223.0,1979-04-13 16:00:00+00:00,1979-04-13 00:00:00+00:00,-16.0,19400.0,86.99551569506727,1979.0,22.25,52.02184484624743,52.02184484624743,50–100-year,,False
AL-RF-19790413-0003,02465000,,031601130201,4820.0,1979-04-13 16:00:00+00:00,1979-04-13 00:00:00+00:00,-16.0,272000.0,56.43153526970954,1979.0,96.0,125.3382228676483,125.3382228676483,100–200-year,,False
AL-RF-19790413-0003,02465286,,031601130203,,1979-04-13 16:00:00+00:00,1979-04-13 00:00:00+00:00,-16.0,1270.0,,1979.0,8.0,,8.0,5–10-year,,True
AL-RF-19790413-0003,02465493,,031601130302,32.3,1979-04-13 16:00:00+00:00,1979-04-13 00:00:00+00:00,-16.0,2600.0,80.49535603715171,1979.0,16.333333333333332,16.46201161926149,16.46201161926149,10–25-year,,False
AL-RF-19790413-0003,02465500,,031601130402,73.6,1979-04-13 16:00:00+00:00,1979-04-13 00:00:00+00:00,-16.0,2700.0,36.684782608695656,1979.0,2.75,3.038600056311261,3.038600056311261,2–5-year,7,False
AL-RF-19790413-0003,02466000,,031601130607,5792.0,1979-04-13 16:00:00+00:00,1979-04-16 00:00:00+00:00,56.0,222000.0,38.328729281767956,1979.0,32.0,32.31235716293731,32.31235716293731,25–50-year,1,False
AL-RF-19790413-0003,02466030,,031601130607,5810.0,1979-04-13 16:00:00+00:00,1979-04-16 00:00:00+00:00,56.0,222000.0,38.20998278829604,1979.0,44.0,644.4520644171224,644.4520644171224,>500-year,1,False
AL-RF-19790413-0003,02467500,,031602020405,607.0,1979-04-13 16:00:00+00:00,1979-04-14 00:00:00+00:00,8.0,62200.0,102.47116968698518,1979.0,85.0,304.63360735458366,304.63360735458366,200–500-year,,False
AL-RF-19790913-0005,02469672,,031602010801,4.35,1979-09-13 12:00:00+00:00,1979-09-12 00:00:00+00:00,-36.0,1780.0,409.1954022988506,1979.0,10.0,,10.0,10–25-year,,True
AL-RF-19790913-0005,03587200,,060300050201,0.49,1979-09-13 12:00:00+00:00,1979-09-13 00:00:00+00:00,-12.0,193.0,393.8775510204082,1979.0,3.75,3.7701698527332344,3.7701698527332344,2–5-year,,False
AL-RF-19790913-0005,03588500,,060300050508,348.0,1979-09-13 12:00:00+00:00,1979-09-14 00:00:00+00:00,12.0,26100.0,75.0,1979.0,3.8000000000000003,3.6570587473727336,3.6570587473727336,2–5-year,,False
AL-RF-19790913-0005,03589450,,060300050803,4.92,1979-09-13 12:00:00+00:00,1979-09-13 00:00:00+00:00,-12.0,2590.0,526.4227642276422,1979.0,2.0,,2.0,2–5-year,,False
AL-RF-19800328-0008,02469761,,031602010909,18417.0,1980-03-28 18:00:00+00:00,1980-03-30 00:00:00+00:00,30.0,250000.0,13.574414942715968,1980.0,12.8,31.97901179906444,31.97901179906444,25–50-year,1,False
AL-RF-19800328-0008,02469766,,031602010909,18464.0,1980-03-28 18:00:00+00:00,1980-03-30 00:00:00+00:00,30.0,250000.0,13.539861351819757,1980.0,13.5,27.00415027466906,27.00415027466906,25–50-year,,False
AL-RF-19800330-0009,02469761,,031602010909,18417.0,1980-03-30 04:00:00+00:00,1980-03-30 00:00:00+00:00,-4.0,250000.0,13.574414942715968,1980.0,12.8,31.97901179906444,31.97901179906444,25–50-year,1,False
AL-RF-19800330-0009,02469766,,031602010909,18464.0,1980-03-30 04:00:00+00:00,1980-03-30 00:00:00+00:00,-4.0,250000.0,13.539861351819757,1980.0,13.5,27.00415027466906,27.00415027466906,25–50-year,,False
AL-RF-19800414-0010,02443000,,031601050205,309.0,1980-04-14 03:00:00+00:00,1980-04-14 00:00:00+00:00,-3.0,9230.0,29.870550161812297,1980.0,3.8636363636363633,3.7218004172413,3.7218004172413,2–5-year,,False
AL-RF-19800414-0010,02444000,,031601060203,126.0,1980-04-14 03:00:00+00:00,1980-04-14 00:00:00+00:00,-3.0,3480.0,27.61904761904762,1980.0,3.857142857142857,3.0554519532296527,3.0554519532296527,2–5-year,,True
AL-RF-19800414-0010,02446500,,031601070302,528.0,1980-04-14 03:00:00+00:00,1980-04-15 00:00:00+00:00,21.0,13600.0,25.757575757575758,1980.0,4.368421052631579,4.805654559277835,4.805654559277835,2–5-year,,False
AL-RF-19800414-0010,02448500,,031601081101,1097.0,1980-04-14 03:00:00+00:00,1980-04-17 00:00:00+00:00,69.0,23400.0,21.330902461257978,1980.0,6.916666666666667,6.320431121778964,6.320431121778964,5–10-year,,False
AL-RF-19800414-0010,02462600,,031601120301,5.32,1980-04-14 03:00:00+00:00,1980-04-12 00:00:00+00:00,-51.0,2110.0,396.6165413533834,1980.0,2.875,2.7784176591969105,2.7784176591969105,2–5-year,,True
AL-RF-19800414-0010,02462951,,031601120505,4219.0,1980-04-14 03:00:00+00:00,1980-04-13 00:00:00+00:00,-27.0,92400.0,21.900924389665796,1980.0,2.2941176470588234,2.250705108564282,2.250705108564282,2–5-year,1,False
AL-RF-19800414-0010,02465000,,031601130201,4820.0,1980-04-14 03:00:00+00:00,1980-04-14 00:00:00+00:00,-3.0,149000.0,30.91286307053942,1980.0,3.6923076923076925,3.727212012981472,3.727212012981472,2–5-year,,False
AL-RF-19800414-0010,02465286,,031601130203,,1980-04-14 03:00:00+00:00,1980-04-12 00:00:00+00:00,-51.0,696.0,,1980.0,1.6,,1.6,<2-year,,True
AL-RF-19800414-0010,02465493,,031601130302,32.3,1980-04-14 03:00:00+00:00,1980-04-13 00:00:00+00:00,-27.0,750.0,23.21981424148607,1980.0,2.722222222222222,2.6891170992895725,2.6891170992895725,2–5-year,,False
AL-RF-19800414-0010,02466000,,031601130607,5792.0,1980-04-14 03:00:00+00:00,1980-04-16 00:00:00+00:00,45.0,118000.0,20.37292817679558,1980.0,4.0,4.739535131599182,4.739535131599182,2–5-year,1,False
AL-RF-19800414-0010,02466030,,031601130607,5810.0,1980-04-14 03:00:00+00:00,1980-04-16 00:00:00+00:00,45.0,118000.0,20.309810671256454,1980.0,7.333333333333334,5.763612419792844,5.763612419792844,5–10-year,1,False
AL-RF-19800414-0010,02467500,,031602020405,607.0,1980-04-14 03:00:00+00:00,1980-04-14 00:00:00+00:00,-3.0,20800.0,34.266886326194395,1980.0,12.142857142857142,12.720645837096296,12.720645837096296,10–25-year,,False
AL-RF-19800414-0010,02469672,,031602010801,4.35,1980-04-14 03:00:00+00:00,1980-04-12 00:00:00+00:00,-51.0,830.0,190.80459770114945,1980.0,2.5,,2.5,2–5-year,,True
AL-RF-19800414-0010,02471001,,031602040303,125.0,1980-04-14 03:00:00+00:00,1980-04-13 00:00:00+00:00,-27.0,12500.0,100.0,1980.0,10.571428571428571,12.145066517478018,12.145066517478018,10–25-year,,False
AL-RF-19800414-0010,02471065,,031602050101,7.28,1980-04-14 03:00:00+00:00,1980-04-13 00:00:00+00:00,-27.0,4810.0,660.7142857142857,1980.0,7.5,,7.5,5–10-year,C,True
AL-RF-19800414-0010,02479560,,031700080403,562.0,1980-04-14 03:00:00+00:00,1980-04-14 00:00:00+00:00,-3.0,13900.0,24.73309608540925,1980.0,4.7,3.69900311031866,3.69900311031866,2–5-year,,False
AL-RF-19800519-0011,02469800,,031602030205,164.0,1980-05-19 05:00:00+00:00,1980-05-17 00:00:00+00:00,-53.0,8000.0,48.78048780487805,1980.0,4.4375,4.249262260472443,4.249262260472443,2–5-year,,False
AL-RF-19800519-0011,02479431,,031700080201,20.4,1980-05-19 05:00:00+00:00,1980-05-18 00:00:00+00:00,-29.0,2990.0,146.56862745098042,1980.0,6.0,8.746238463430394,8.746238463430394,5–10-year,,False
AL-RF-19800519-0011,03587200,,060300050201,0.49,1980-05-19 05:00:00+00:00,1980-05-17 00:00:00+00:00,-53.0,195.0,397.9591836734694,1980.0,4.285714285714286,3.8836580299611922,3.8836580299611922,2–5-year,,False
AL-RF-19810211-0015,02339500,,031300020908,3550.0,1981-02-11 07:00:00+00:00,1981-02-11 00:00:00+00:00,-7.0,19300.0,5.436619718309859,1981.0,1.1391304347826088,1.1131689574687162,1.1131689574687162,<2-year,6,True
AL-RF-19810211-0015,02342933,,031300031204,112.0,1981-02-11 07:00:00+00:00,1981-02-10 00:00:00+00:00,-31.0,5800.0,51.785714285714285,1981.0,2.4499999999999997,2.1885285190980834,2.1885285190980834,2–5-year,,False
AL-RF-19810211-0015,02343300,,031300040404,146.0,1981-02-11 07:00:00+00:00,1981-02-11 00:00:00+00:00,-7.0,6650.0,45.54794520547945,1981.0,9.25,7.630571282922452,7.630571282922452,5–10-year,,False
AL-RF-19810211-0015,02361000,,031402010602,686.0,1981-02-11 07:00:00+00:00,1981-02-11 00:00:00+00:00,-7.0,9070.0,13.221574344023324,1981.0,1.98,2.183008391032478,2.183008391032478,2–5-year,,False
AL-RF-19810211-0015,02362610,,031402020201,18.7,1981-02-11 07:00:00+00:00,1981-02-10 00:00:00+00:00,-31.0,2400.0,128.3422459893048,1981.0,1.0833333333333333,,1.0833333333333333,<2-year,,True
AL-RF-19810211-0015,02365310,,031402030201,1.44,1981-02-11 07:00:00+00:00,1981-02-10 00:00:00+00:00,-31.0,95.4,66.25,1981.0,1.1,,1.1,<2-year,,False
AL-RF-19810211-0015,02369800,,031401040104,87.7,1981-02-11 07:00:00+00:00,1981-02-11 00:00:00+00:00,-7.0,2220.0,25.313568985176737,1981.0,1.84375,2.0058460855579816,2.0058460855579816,2–5-year,,False
AL-RF-19810211-0015,02371200,,031403010205,8.87,1981-02-11 07:00:00+00:00,1981-02-10 00:00:00+00:00,-31.0,752.0,84.78015783540023,1981.0,3.3333333333333335,2.6826275472308647,2.6826275472308647,2–5-year,,True
AL-RF-19810211-0015,02371500,,031403010401,500.0,1981-02-11 07:00:00+00:00,1981-02-11 00:00:00+00:00,-7.0,5970.0,11.94,1981.0,1.7999999999999998,1.8129936773883735,1.8129936773883735,<2-year,,False
AL-RF-19810211-0015,02372250,,031403020501,442.0,1981-02-11 07:00:00+00:00,1981-02-12 00:00:00+00:00,17.0,3840.0,8.687782805429864,1981.0,1.457142857142857,1.3691814120106454,1.3691814120106454,<2-year,,False
AL-RF-19810211-0015,02373000,,031403030604,470.0,1981-02-11 07:00:00+00:00,1981-02-13 00:00:00+00:00,41.0,8280.0,17.617021276595743,1981.0,1.8085106382978722,1.8503531231598929,1.8503531231598929,<2-year,,False
AL-RF-19810211-0015,02373800,,031403030704,1017.0,1981-02-11 07:00:00+00:00,1981-02-11 00:00:00+00:00,-7.0,14100.0,13.864306784660767,1981.0,2.5,,2.5,2–5-year,,False
AL-RF-19810211-0015,02374500,,031403040107,176.0,1981-02-11 07:00:00+00:00,1981-02-11 00:00:00+00:00,-7.0,4440.0,25.227272727272727,1981.0,2.8125,2.7383473726040464,2.7383473726040464,2–5-year,,False
AL-RF-19810211-0015,02414500,,031501090107,1675.0,1981-02-11 07:00:00+00:00,1981-02-11 00:00:00+00:00,-7.0,29400.0,17.55223880597015,1981.0,2.5,2.408117608899315,2.408117608899315,2–5-year,,True
AL-RF-19810211-0015,02423398,,031502020103,19.4,1981-02-11 07:00:00+00:00,1981-02-10 00:00:00+00:00,-31.0,1120.0,57.7319587628866,1981.0,1.4666666666666668,1.4532172839780675,1.4532172839780675,<2-year,C,True
AL-RF-19810211-0015,02425500,,031502030207,211.0,1981-02-11 07:00:00+00:00,1981-02-10 00:00:00+00:00,-31.0,6300.0,29.85781990521327,1981.0,1.55,1.830441083998866,1.830441083998866,<2-year,,False
AL-RF-19810211-0015,02427700,,031502030603,97.5,1981-02-11 07:00:00+00:00,1981-02-11 00:00:00+00:00,-7.0,3210.0,32.92307692307692,1981.0,1.6666666666666667,1.479068830643935,1.479068830643935,<2-year,,False
AL-RF-19810211-0015,02471001,,031602040303,125.0,1981-02-11 07:00:00+00:00,1981-02-11 00:00:00+00:00,-7.0,5620.0,44.96,1981.0,2.642857142857143,2.6636171625667147,2.6636171625667147,2–5-year,,False
AL-RF-19810211-0015,02479560,,031700080403,562.0,1981-02-11 07:00:00+00:00,1981-02-12 00:00:00+00:00,17.0,12600.0,22.419928825622776,1981.0,3.357142857142857,3.0082942645513557,3.0082942645513557,2–5-year,,False
AL-RF-19810211-0015,02480150,,031700080702,16.7,1981-02-11 07:00:00+00:00,1981-02-11 00:00:00+00:00,-7.0,2800.0,167.66467065868264,1981.0,25.0,13.159133439587805,13.159133439587805,10–25-year,,False
AL-RF-19810401-0016,02409540,,031501070906,1.01,1981-04-01 12:00:00+00:00,1981-04-01 00:00:00+00:00,-12.0,623.0,616.8316831683168,1981.0,2.5,,2.5,2–5-year,,True
AL-RF-19810401-0016,02410000,,031501070905,4.91,1981-04-01 12:00:00+00:00,1981-04-01 00:00:00+00:00,-12.0,918.0,186.96537678207739,1981.0,4.222222222222222,3.688967331549129,3.688967331549129,2–5-year,,False
AL-RF-19810401-0016,02411000,,031501070907,10102.0,1981-04-01 12:00:00+00:00,1981-04-01 00:00:00+00:00,-12.0,92100.0,9.117006533359731,1981.0,1.6071428571428572,1.5009407349307584,1.5009407349307584,<2-year,1,True
AL-RF-19810401-0016,02418500,,031501100406,3328.0,1981-04-01 12:00:00+00:00,1981-04-02 00:00:00+00:00,12.0,13200.0,3.9663461538461537,1981.0,1.34375,1.1862871022621568,1.1862871022621568,<2-year,1,False
AL-RF-19810401-0016,02419000,,031501100302,333.0,1981-04-01 12:00:00+00:00,1981-04-02 00:00:00+00:00,12.0,16000.0,48.048048048048045,1981.0,5.117647058823529,4.751043193327792,4.751043193327792,2–5-year,,False
AL-RF-19810401-0016,02420000,,031502010107,15087.0,1981-04-01 12:00:00+00:00,1981-04-02 00:00:00+00:00,12.0,123000.0,8.152714257307617,1981.0,2.227272727272727,2.252095023364299,2.252095023364299,2–5-year,1,False
AL-RF-19810401-0016,02421256,,031502010601,89.4,1981-04-01 12:00:00+00:00,1981-04-01 00:00:00+00:00,-12.0,13800.0,154.36241610738253,1981.0,6.0,,6.0,5–10-year,,True
AL-RF-19810401-0016,02422500,,031502011006,203.0,1981-04-01 12:00:00+00:00,1981-04-01 00:00:00+00:00,-12.0,10700.0,52.70935960591133,1981.0,8.0,6.062995625590109,6.062995625590109,5–10-year,,False
AL-RF-19810401-0016,02423000,,031502011207,17095.0,1981-04-01 12:00:00+00:00,1981-04-03 00:00:00+00:00,36.0,117000.0,6.844106463878327,1981.0,1.7857142857142856,1.781597103327548,1.781597103327548,<2-year,5,False
AL-RF-19810401-0016,02424940,,031502020805,220.0,1981-04-01 12:00:00+00:00,1981-04-01 00:00:00+00:00,-12.0,13500.0,61.36363636363637,1981.0,6.5,,6.5,5–10-year,2,False
AL-RF-19810401-0016,02425000,,031502020902,1766.0,1981-04-01 12:00:00+00:00,1981-04-02 00:00:00+00:00,12.0,27000.0,15.288788221970554,1981.0,2.34375,2.317498704071277,2.317498704071277,2–5-year,,True
AL-RF-19810401-0016,02467000,,031602010401,15385.0,1981-04-01 12:00:00+00:00,1981-04-02 00:00:00+00:00,12.0,115000.0,7.474813129671758,1981.0,1.5689655172413794,1.486861531639836,1.486861531639836,<2-year,,True
AL-RF-19810401-0016,02467500,,031602020405,607.0,1981-04-01 12:00:00+00:00,1981-04-02 00:00:00+00:00,12.0,10600.0,17.462932454695224,1981.0,3.0357142857142856,3.230034035524221,3.230034035524221,2–5-year,,False
AL-RF-19810401-0016,02468500,,031602010108,257.0,1981-04-01 12:00:00+00:00,1981-04-01 00:00:00+00:00,-12.0,14800.0,57.5875486381323,1981.0,2.7272727272727275,2.2057686593207375,2.2057686593207375,2–5-year,,False
AL-RF-19820104-0017,02439000,,031601030202,472.0,1982-01-04 06:00:00+00:00,1982-01-04 00:00:00+00:00,-6.0,22800.0,48.30508474576271,1982.0,3.083333333333333,3.586448915637436,3.586448915637436,2–5-year,,True
AL-RF-19820104-0017,02450250,,031601100103,92.1,1982-01-04 06:00:00+00:00,1982-01-03 00:00:00+00:00,-30.0,8100.0,87.94788273615636,1982.0,3.0,2.698996511331315,2.698996511331315,2–5-year,,False
AL-RF-19820104-0017,03574500,,060300020203,320.0,1982-01-04 06:00:00+00:00,1982-01-04 00:00:00+00:00,-6.0,20000.0,62.5,1982.0,2.84375,2.8260705101194548,2.8260705101194548,2–5-year,,True
AL-RF-19820104-0017,03575500,,060300020904,25610.0,1982-01-04 06:00:00+00:00,1982-01-05 00:00:00+00:00,18.0,189000.0,7.379929714955096,1982.0,1.7446808510638299,1.7872244781396065,1.7872244781396065,<2-year,5,False
AL-RF-19820104-0017,03576250,,060300020703,119.0,1982-01-04 06:00:00+00:00,1982-01-04 00:00:00+00:00,-6.0,10500.0,88.23529411764706,1982.0,3.347826086956522,3.4892527596774308,3.4892527596774308,2–5-year,,False
AL-RF-19820203-0019,02419000,,031501100302,333.0,1982-02-03 12:00:00+00:00,1982-02-04 00:00:00+00:00,12.0,9330.0,28.01801801801802,1982.0,2.230769230769231,2.088493951060407,2.088493951060407,2–5-year,,False
AL-RF-19820203-0019,02421000,,031502010309,290.0,1982-02-03 12:00:00+00:00,1982-02-03 00:00:00+00:00,-12.0,15500.0,53.44827586206897,1982.0,4.166666666666667,4.005820959005896,4.005820959005896,2–5-year,,False
AL-RF-19820203-0019,02422500,,031502011006,203.0,1982-02-03 12:00:00+00:00,1982-02-03 00:00:00+00:00,-12.0,10700.0,52.70935960591133,1982.0,7.333333333333334,6.062995625590109,6.062995625590109,5–10-year,,False
AL-RF-19820203-0019,02423000,,031502011207,17095.0,1982-02-03 12:00:00+00:00,1982-02-05 00:00:00+00:00,36.0,137000.0,8.014039192746417,1982.0,2.6315789473684212,2.6104615792551553,2.6104615792551553,2–5-year,5,False
AL-RF-19820203-0019,02425200,,031502030301,35.8,1982-02-03 12:00:00+00:00,1982-02-02 00:00:00+00:00,-36.0,1320.0,36.87150837988827,1982.0,1.8571428571428572,,1.8571428571428572,<2-year,,False
AL-RF-19820203-0019,02425500,,031502030207,211.0,1982-02-03 12:00:00+00:00,1982-02-03 00:00:00+00:00,-12.0,8520.0,40.37914691943128,1982.0,4.428571428571429,3.194821876389941,3.194821876389941,2–5-year,,False
AL-RF-19821201-0022,02423425,,031502020204,201.0,1982-12-01 08:00:00+00:00,1982-12-01 00:00:00+00:00,-8.0,12500.0,62.18905472636816,1983.0,3.25,3.626673785577094,3.626673785577094,2–5-year,6,False
AL-RF-19830202-0025,02424000,,031502020503,1027.0,1983-02-02 05:00:00+00:00,1983-02-02 00:00:00+00:00,-5.0,34000.0,33.106134371957154,1983.0,2.6363636363636367,2.5013773643167574,2.5013773643167574,2–5-year,,True
AL-RF-19830202-0025,02425200,,031502030301,35.8,1983-02-02 05:00:00+00:00,1983-02-01 00:00:00+00:00,-29.0,2500.0,69.83240223463687,1983.0,3.25,,3.25,2–5-year,,False
AL-RF-19830202-0025,02427700,,031502030603,97.5,1983-02-02 05:00:00+00:00,1983-02-02 00:00:00+00:00,-5.0,8520.0,87.38461538461539,1983.0,5.714285714285714,5.331704079534586,5.331704079534586,5–10-year,,False
AL-RF-19830202-0025,02465493,,031601130302,32.3,1983-02-02 05:00:00+00:00,1983-02-02 00:00:00+00:00,-5.0,1360.0,42.10526315789474,1983.0,5.444444444444444,5.836888358584456,5.836888358584456,5–10-year,,False
AL-RF-19830202-0025,02468500,,031602010108,257.0,1983-02-02 05:00:00+00:00,1983-02-02 00:00:00+00:00,-5.0,28800.0,112.06225680933852,1983.0,7.5,13.532056674553294,13.532056674553294,10–25-year,,False
AL-RF-19830202-0025,02469800,,031602030205,164.0,1983-02-02 05:00:00+00:00,1983-02-02 00:00:00+00:00,-5.0,10500.0,64.02439024390245,1983.0,6.454545454545455,6.9284542901205795,6.9284542901205795,5–10-year,,False
AL-RF-19830407-0027,02339500,,031300020908,3550.0,1983-04-07 21:00:00+00:00,1983-04-10 00:00:00+00:00,51.0,24600.0,6.929577464788732,1983.0,1.297029702970297,1.2937277473429836,1.2937277473429836,<2-year,6,True
AL-RF-19830407-0027,02339780,,031300020908,3630.0,1983-04-07 21:00:00+00:00,1983-04-10 00:00:00+00:00,51.0,25000.0,6.887052341597796,1983.0,2.75,,2.75,2–5-year,"2,6",False
AL-RF-19830407-0027,02428400,,031502040105,21473.0,1983-04-07 21:00:00+00:00,1983-04-13 00:00:00+00:00,123.0,160000.0,7.451217808410562,1983.0,3.071428571428571,3.5347528609377465,3.5347528609377465,2–5-year,1,False
AL-RF-19830407-0027,02471001,,031602040303,125.0,1983-04-07 21:00:00+00:00,1983-04-07 00:00:00+00:00,-21.0,15800.0,126.4,1983.0,18.5,22.066889132524853,22.066889132524853,10–25-year,,False
AL-RF-19830407-0027,02478500,,031700030402,2690.0,1983-04-07 21:00:00+00:00,1983-04-15 00:00:00+00:00,171.0,34400.0,12.788104089219331,1983.0,4.238095238095238,4.859954663010571,4.859954663010571,2–5-year,,False
AL-RF-19830407-0027,02479431,,031700080201,20.4,1983-04-07 21:00:00+00:00,1983-04-07 00:00:00+00:00,-21.0,3780.0,185.29411764705884,1983.0,24.0,19.59632959854572,19.59632959854572,10–25-year,,False
AL-RF-19830407-0027,02479560,,031700080403,562.0,1983-04-07 21:00:00+00:00,1983-04-09 00:00:00+00:00,27.0,26100.0,46.44128113879004,1983.0,11.75,23.075807947381715,23.075807947381715,10–25-year,,False
AL-RF-19830407-0027,03584500,,060300040402,1784.0,1983-04-07 21:00:00+00:00,1983-04-06 00:00:00+00:00,-45.0,55200.0,30.94170403587444,1983.0,5.066666666666666,5.222749172976685,5.222749172976685,5–10-year,6,True
AL-RF-19830407-0027,03584600,,060300040402,1805.0,1983-04-07 21:00:00+00:00,1983-04-06 00:00:00+00:00,-45.0,55200.0,30.581717451523545,1983.0,6.0588235294117645,5.959068501243391,5.959068501243391,5–10-year,6,False
AL-RF-19830407-0027,03587200,,060300050201,0.49,1983-04-07 21:00:00+00:00,1983-04-05 00:00:00+00:00,-69.0,277.0,565.3061224489796,1983.0,10.0,13.573958338541843,13.573958338541843,10–25-year,,False
AL-RF-19830414-0028,02478500,,031700030402,2690.0,1983-04-14 12:00:00+00:00,1983-04-15 00:00:00+00:00,12.0,34400.0,12.788104089219331,1983.0,4.238095238095238,4.859954663010571,4.859954663010571,2–5-year,,False
AL-RF-19830519-0031,02438000,,031601030303,277.0,1983-05-19 20:00:00+00:00,1983-05-19 00:00:00+00:00,-20.0,23500.0,84.83754512635379,1983.0,7.888888888888889,6.87231266486537,6.87231266486537,5–10-year,,False
AL-RF-19830519-0031,02439000,,031601030202,472.0,1983-05-19 20:00:00+00:00,1983-05-20 00:00:00+00:00,4.0,23900.0,50.63559322033898,1983.0,3.6999999999999997,3.9726549449758544,3.9726549449758544,2–5-year,,True
AL-RF-19830519-0031,02444160,,031601060502,5750.0,1983-05-19 20:00:00+00:00,1983-05-23 00:00:00+00:00,76.0,130000.0,22.608695652173914,1983.0,15.0,12.235999443483168,12.235999443483168,10–25-year,1,False
AL-RF-19830519-0031,02448500,,031601081101,1097.0,1983-05-19 20:00:00+00:00,1983-05-22 00:00:00+00:00,52.0,34400.0,31.358249772105744,1983.0,16.6,14.528284296012936,14.528284296012936,10–25-year,,False
AL-RF-19830519-0031,02450000,,031601090203,358.0,1983-05-19 20:00:00+00:00,1983-05-19 00:00:00+00:00,-20.0,16800.0,46.927374301675975,1983.0,1.2816901408450705,1.3115880370107262,1.3115880370107262,<2-year,,False
AL-RF-19830519-0031,02450180,,031601090205,487.0,1983-05-19 20:00:00+00:00,1983-05-20 00:00:00+00:00,4.0,13600.0,27.926078028747433,1983.0,1.4242424242424243,1.458828479037716,1.458828479037716,<2-year,,False
AL-RF-19830519-0031,02450250,,031601100103,92.1,1983-05-19 20:00:00+00:00,1983-05-19 00:00:00+00:00,-20.0,11100.0,120.5211726384365,1983.0,8.571428571428571,6.917267449581396,6.917267449581396,5–10-year,,False
AL-RF-19830519-0031,02456330,,031601110401,16.2,1983-05-19 20:00:00+00:00,1983-05-19 00:00:00+00:00,-20.0,10600.0,654.320987654321,1983.0,14.0,,14.0,10–25-year,,True
AL-RF-19830519-0031,02456500,,031601110404,885.0,1983-05-19 20:00:00+00:00,1983-05-21 00:00:00+00:00,28.0,34200.0,38.644067796610166,1983.0,6.142857142857142,5.388154658684981,5.388154658684981,5–10-year,,False
AL-RF-19830519-0031,02462500,,031601120203,3981.0,1983-05-19 20:00:00+00:00,1983-05-19 00:00:00+00:00,-20.0,81300.0,20.422004521477017,1983.0,2.35,2.188552157264555,2.188552157264555,2–5-year,1,False
AL-RF-19830519-0031,02462600,,031601120301,5.32,1983-05-19 20:00:00+00:00,1983-05-19 00:00:00+00:00,-20.0,3600.0,676.6917293233082,1983.0,7.666666666666667,8.641993341540374,8.641993341540374,5–10-year,,True
AL-RF-19830519-0031,02462990,,031601120501,8.38,1983-05-19 20:00:00+00:00,1983-05-19 00:00:00+00:00,-20.0,740.0,88.30548926014319,1983.0,2.0,,2.0,2–5-year,,False
AL-RF-19830519-0031,02463900,,031601120406,15.0,1983-05-19 20:00:00+00:00,1983-05-19 00:00:00+00:00,-20.0,6960.0,464.0,1983.0,3.5,,3.5,2–5-year,,True
AL-RF-19830519-0031,02464146,,031601120411,6.16,1983-05-19 20:00:00+00:00,1983-05-19 00:00:00+00:00,-20.0,1220.0,198.05194805194805,1983.0,6.0,4.577944427200435,4.577944427200435,2–5-year,,False
AL-RF-19830519-0031,03575000,,060300020403,342.0,1983-05-19 20:00:00+00:00,1983-05-19 00:00:00+00:00,-20.0,26400.0,77.19298245614036,1983.0,4.333333333333333,3.7309304828468433,3.7309304828468433,2–5-year,,True
AL-RF-19830519-0031,03575830,,060300020505,49.0,1983-05-19 20:00:00+00:00,1983-05-19 00:00:00+00:00,-20.0,5850.0,119.38775510204081,1983.0,3.941176470588235,4.309832493775302,4.309832493775302,2–5-year,C,True
AL-RF-19830519-0031,03589500,,060300050803,30810.0,1983-05-19 20:00:00+00:00,1983-05-22 00:00:00+00:00,52.0,273000.0,8.860759493670885,1983.0,2.6744186046511627,2.594755242669901,2.594755242669901,2–5-year,5,False
AL-RF-19831128-0032,03572110,,060300010304,131.0,1983-11-28 09:00:00+00:00,1983-11-28 00:00:00+00:00,-9.0,8200.0,62.595419847328245,1984.0,1.588235294117647,1.4096050889404141,1.4096050889404141,<2-year,,False
AL-RF-19831204-0033,02404400,,031501060514,481.0,1983-12-04 01:00:00+00:00,1983-12-06 00:00:00+00:00,47.0,14200.0,29.52182952182952,1984.0,3.0,2.907887809648864,2.907887809648864,2–5-year,,False
AL-RF-19831204-0033,02407000,,031501070301,8392.0,1983-12-04 01:00:00+00:00,1983-12-06 00:00:00+00:00,47.0,85900.0,10.235938989513823,1984.0,2.742857142857143,2.7808546327097607,2.7808546327097607,2–5-year,,True
AL-RF-19831204-0033,02412000,,031501080405,448.0,1983-12-04 01:00:00+00:00,1983-12-07 00:00:00+00:00,71.0,10500.0,23.4375,1984.0,6.083333333333334,4.435514861101448,4.435514861101448,2–5-year,,True
AL-RF-19831204-0033,02423425,,031502020204,201.0,1983-12-04 01:00:00+00:00,1983-12-03 00:00:00+00:00,-25.0,11200.0,55.72139303482587,1984.0,2.7857142857142856,2.801775467345036,2.801775467345036,2–5-year,6,False
AL-RF-19831204-0033,02423500,,031502020204,230.0,1983-12-04 01:00:00+00:00,1983-12-03 00:00:00+00:00,-25.0,15000.0,65.21739130434783,1984.0,7.875,6.112180796296492,6.112180796296492,5–10-year,,False
AL-RF-19831204-0033,02438000,,031601030303,277.0,1983-12-04 01:00:00+00:00,1983-12-03 00:00:00+00:00,-25.0,19900.0,71.84115523465704,1984.0,3.9444444444444446,3.97607970273753,3.97607970273753,2–5-year,,False
AL-RF-19831204-0033,02439000,,031601030202,472.0,1983-12-04 01:00:00+00:00,1983-12-03 00:00:00+00:00,-25.0,21700.0,45.97457627118644,1984.0,2.846153846153846,3.246172115133454,3.246172115133454,2–5-year,,True
AL-RF-19831204-0033,02442500,,031601050203,247.0,1983-12-04 01:00:00+00:00,1983-12-03 00:00:00+00:00,-25.0,13300.0,53.84615384615385,1984.0,7.800000000000001,1000000.0,1000000.0,>500-year,,False
AL-RF-19831204-0033,02443000,,031601050205,309.0,1983-12-04 01:00:00+00:00,1983-12-04 00:00:00+00:00,-1.0,13300.0,43.042071197411005,1984.0,14.166666666666666,15.316821375467615,15.316821375467615,10–25-year,,False
AL-RF-19831204-0033,02446500,,031601070302,528.0,1983-12-04 01:00:00+00:00,1983-12-04 00:00:00+00:00,-1.0,17300.0,32.765151515151516,1984.0,9.222222222222221,9.904172336652934,9.904172336652934,5–10-year,,False
AL-RF-19831204-0033,02456330,,031601110401,16.2,1983-12-04 01:00:00+00:00,1983-12-03 00:00:00+00:00,-25.0,2590.0,159.87654320987656,1984.0,2.0,,2.0,2–5-year,,True
AL-RF-19831204-0033,02456500,,031601110404,885.0,1983-12-04 01:00:00+00:00,1983-12-04 00:00:00+00:00,-1.0,24200.0,27.34463276836158,1984.0,2.388888888888889,2.1286202740432074,2.1286202740432074,2–5-year,,False
AL-RF-19831204-0033,02462000,,031601120104,148.0,1983-12-04 01:00:00+00:00,1983-12-04 00:00:00+00:00,-1.0,32000.0,216.21621621621622,1984.0,73.0,127.578104053496,127.578104053496,100–200-year,,True
AL-RF-19831204-0033,02462500,,031601120203,3981.0,1983-12-04 01:00:00+00:00,1983-12-03 00:00:00+00:00,-25.0,122000.0,30.645566440592816,1984.0,6.714285714285714,10.191538594081075,10.191538594081075,10–25-year,1,False
AL-RF-19831204-0033,02462600,,031601120301,5.32,1983-12-04 01:00:00+00:00,1983-12-03 00:00:00+00:00,-25.0,3240.0,609.0225563909775,1984.0,4.6000000000000005,6.503643455823626,6.503643455823626,5–10-year,,True
AL-RF-19831204-0033,02462990,,031601120501,8.38,1983-12-04 01:00:00+00:00,1983-12-03 00:00:00+00:00,-25.0,2510.0,299.5226730310262,1984.0,8.0,,8.0,5–10-year,,False
AL-RF-19831204-0033,02463900,,031601120406,15.0,1983-12-04 01:00:00+00:00,1983-12-03 00:00:00+00:00,-25.0,9280.0,618.6666666666666,1984.0,7.0,,7.0,5–10-year,,True
AL-RF-19831204-0033,02464000,,031601120408,223.0,1983-12-04 01:00:00+00:00,1983-12-03 00:00:00+00:00,-25.0,19700.0,88.34080717488789,1984.0,29.666666666666668,57.18973209963435,57.18973209963435,50–100-year,,False
AL-RF-19831204-0033,02464146,,031601120411,6.16,1983-12-04 01:00:00+00:00,1983-12-03 00:00:00+00:00,-25.0,3500.0,568.1818181818181,1984.0,18.0,38.69124054870855,38.69124054870855,25–50-year,,False
AL-RF-19840802-0036,02400100,,031501050909,252.0,1984-08-02 22:00:00+00:00,1984-07-31 00:00:00+00:00,-70.0,7420.0,29.444444444444443,1984.0,2.4615384615384617,2.2668788063619827,2.2668788063619827,2–5-year,,True
AL-RF-19840802-0036,02418500,,031501100406,3328.0,1984-08-02 22:00:00+00:00,1984-08-02 00:00:00+00:00,-22.0,47900.0,14.393028846153847,1984.0,4.3,4.271700262801481,4.271700262801481,2–5-year,1,False
AL-RF-19850729-0039,02450000,,031601090203,358.0,1985-07-29 08:00:00+00:00,1985-07-27 00:00:00+00:00,-56.0,21000.0,58.659217877094974,1985.0,1.5166666666666666,1.5632581657793971,1.5632581657793971,<2-year,,False
AL-RF-19850729-0039,02450180,,031601090205,487.0,1985-07-29 08:00:00+00:00,1985-07-28 00:00:00+00:00,-32.0,13300.0,27.310061601642712,1985.0,1.3823529411764706,1.4299889885582664,1.4299889885582664,<2-year,,False
AL-RF-19850729-0039,02456500,,031601110404,885.0,1985-07-29 08:00:00+00:00,1985-07-28 00:00:00+00:00,-32.0,21500.0,24.293785310734464,1985.0,1.9545454545454544,1.7562358870766086,1.7562358870766086,<2-year,,False
AL-RF-19851030-0040,02478500,,031700030402,2690.0,1985-10-30 07:00:00+00:00,1985-11-01 00:00:00+00:00,41.0,16000.0,5.947955390334572,1986.0,1.2361111111111112,1.2335546893849714,1.2335546893849714,<2-year,,False
AL-RF-19851030-0040,02479560,,031700080403,562.0,1985-10-30 07:00:00+00:00,1985-10-31 00:00:00+00:00,17.0,12100.0,21.530249110320284,1986.0,2.611111111111111,2.779517004474387,2.779517004474387,2–5-year,,False
AL-RF-19860314-0042,02371200,,031403010205,8.87,1986-03-14 07:00:00+00:00,1986-03-14 00:00:00+00:00,-7.0,545.0,61.443066516347244,1986.0,2.142857142857143,1.9126315477156886,1.9126315477156886,<2-year,,True
AL-RF-19870119-0044,02424000,,031502020503,1027.0,1987-01-19 10:00:00+00:00,1987-01-19 00:00:00+00:00,-10.0,39500.0,38.46153846153846,1987.0,3.515151515151515,3.302817920208682,3.302817920208682,2–5-year,,True
AL-RF-19870119-0044,02465493,,031601130302,32.3,1987-01-19 10:00:00+00:00,1987-01-19 00:00:00+00:00,-10.0,1600.0,49.53560371517028,1987.0,8.166666666666666,7.44199172409519,7.44199172409519,5–10-year,,False
AL-RF-19870119-0044,02467500,,031602020405,607.0,1987-01-19 10:00:00+00:00,1987-01-21 00:00:00+00:00,38.0,11200.0,18.451400329489292,1987.0,3.269230769230769,3.542654827124381,3.542654827124381,2–5-year,,False
AL-RF-19890616-0052,02414715,,031501090309,2058.0,1989-06-16 15:00:00+00:00,1989-06-20 00:00:00+00:00,81.0,40800.0,19.825072886297377,1989.0,4.555555555555555,4.57397669207906,4.57397669207906,2–5-year,,False
AL-RF-19890616-0052,02418500,,031501100406,3328.0,1989-06-16 15:00:00+00:00,1989-06-20 00:00:00+00:00,81.0,70400.0,21.153846153846153,1989.0,6.615384615384616,8.482478551982952,8.482478551982952,5–10-year,1,False
AL-RF-19890616-0052,02419000,,031501100302,333.0,1989-06-16 15:00:00+00:00,1989-06-16 00:00:00+00:00,-15.0,8870.0,26.636636636636638,1989.0,2.071428571428571,1.9764355022979283,1.9764355022979283,<2-year,,False
AL-RF-19890616-0052,02421000,,031502010309,290.0,1989-06-16 15:00:00+00:00,1989-06-21 00:00:00+00:00,105.0,18400.0,63.44827586206897,1989.0,5.0,5.4944790279996365,5.4944790279996365,5–10-year,,False
AL-RF-19890621-0053,02413300,,031501080905,406.0,1989-06-21 21:00:00+00:00,1989-06-21 00:00:00+00:00,-21.0,5940.0,14.630541871921181,1989.0,1.6666666666666667,1.705781312084251,1.705781312084251,<2-year,,False
AL-RF-19890621-0053,02414500,,031501090107,1675.0,1989-06-21 21:00:00+00:00,1989-06-20 00:00:00+00:00,-45.0,23000.0,13.73134328358209,1989.0,1.6129032258064517,1.5826568142418458,1.5826568142418458,<2-year,,True
AL-RF-19890621-0053,02414715,,031501090309,2058.0,1989-06-21 21:00:00+00:00,1989-06-20 00:00:00+00:00,-45.0,40800.0,19.825072886297377,1989.0,4.555555555555555,4.57397669207906,4.57397669207906,2–5-year,,False
AL-RF-19890621-0053,02415000,,031501090405,190.0,1989-06-21 21:00:00+00:00,1989-06-19 00:00:00+00:00,-69.0,6900.0,36.31578947368421,1989.0,1.6578947368421053,1.6031858975795004,1.6031858975795004,<2-year,,False
AL-RF-19891001-0054,03584600,,060300040402,1805.0,1989-10-01 09:00:00+00:00,1989-10-03 00:00:00+00:00,39.0,36200.0,20.05540166204986,1990.0,2.2391304347826084,2.271292866054129,2.271292866054129,2–5-year,6,False
AL-RF-19900216-0056,02398300,,031501050605,366.0,1990-02-16 16:00:00+00:00,1990-02-17 00:00:00+00:00,8.0,23300.0,63.66120218579235,1990.0,28.666666666666668,43.15077171958662,43.15077171958662,25–50-year,,True
AL-RF-19900216-0056,02398500,,031501050605,379.0,1990-02-16 16:00:00+00:00,1990-02-17 00:00:00+00:00,8.0,24000.0,63.324538258575195,1990.0,8.333333333333334,12.8773794390666,12.8773794390666,10–25-year,"2,7",False
AL-RF-19900216-0056,02399200,,031501050806,199.0,1990-02-16 16:00:00+00:00,1990-02-16 00:00:00+00:00,-16.0,40700.0,204.52261306532662,1990.0,35.5,32.742814216943394,32.742814216943394,25–50-year,,False
AL-RF-19900216-0056,02400500,,031501060204,5805.0,1990-02-16 16:00:00+00:00,1990-02-22 00:00:00+00:00,128.0,61500.0,10.594315245478036,1990.0,6.727272727272727,5.843740588407978,5.843740588407978,5–10-year,,True
AL-RF-19900216-0056,02401000,,031501060104,182.0,1990-02-16 16:00:00+00:00,1990-02-17 00:00:00+00:00,8.0,15800.0,86.81318681318682,1990.0,37.5,50.21580257529803,50.21580257529803,50–100-year,,False
AL-RF-19900216-0056,02424000,,031502020503,1027.0,1990-02-16 16:00:00+00:00,1990-02-16 00:00:00+00:00,-16.0,65900.0,64.16747809152872,1990.0,10.545454545454547,14.007479628138935,14.007479628138935,10–25-year,,True
AL-RF-19900216-0056,02447025,,031601060609,7230.0,1990-02-16 16:00:00+00:00,1990-02-16 00:00:00+00:00,-16.0,119000.0,16.459197786998615,1990.0,3.1538461538461537,2.848550892601238,2.848550892601238,2–5-year,2,False
AL-RF-19900216-0056,02448500,,031601081101,1097.0,1990-02-16 16:00:00+00:00,1990-02-18 00:00:00+00:00,32.0,23300.0,21.23974475843209,1990.0,6.384615384615384,6.264413263919715,6.264413263919715,5–10-year,,False
AL-RF-19900216-0056,02449000,,031601060609,8632.0,1990-02-16 16:00:00+00:00,1990-02-18 00:00:00+00:00,32.0,142000.0,16.45041705282669,1990.0,6.625,7.704285857870809,7.704285857870809,5–10-year,,True
AL-RF-19900216-0056,02449245,,031601060607,43.2,1990-02-16 16:00:00+00:00,1990-02-16 00:00:00+00:00,-16.0,8100.0,187.5,1990.0,26.0,323.7315861138724,323.7315861138724,200–500-year,,False
AL-RF-19900216-0056,02450000,,031601090203,358.0,1990-02-16 16:00:00+00:00,1990-02-16 00:00:00+00:00,-16.0,67000.0,187.15083798882682,1990.0,91.0,79.7835922289006,79.7835922289006,50–100-year,,False
AL-RF-19900216-0056,02450180,,031601090205,487.0,1990-02-16 16:00:00+00:00,1990-02-16 00:00:00+00:00,-16.0,51700.0,106.16016427104722,1990.0,47.0,73.15817177889946,73.15817177889946,50–100-year,,False
AL-RF-19900216-0056,02455000,,031601110208,303.0,1990-02-16 16:00:00+00:00,1990-02-16 00:00:00+00:00,-16.0,24400.0,80.52805280528052,1990.0,28.333333333333332,30.688044597066302,30.688044597066302,25–50-year,,False
AL-RF-19900216-0056,02456500,,031601110404,885.0,1990-02-16 16:00:00+00:00,1990-02-17 00:00:00+00:00,8.0,42400.0,47.909604519774014,1990.0,14.333333333333334,14.701636300561097,14.701636300561097,10–25-year,,False
AL-RF-19900216-0056,02462500,,031601120203,3981.0,1990-02-16 16:00:00+00:00,1990-02-16 00:00:00+00:00,-16.0,141000.0,35.41823662396383,1990.0,23.5,36.66466257079607,36.66466257079607,25–50-year,1,False
AL-RF-19900216-0056,02465493,,031601130302,32.3,1990-02-16 16:00:00+00:00,1990-02-16 00:00:00+00:00,-16.0,6200.0,191.95046439628484,1990.0,24.500000000000004,84.22890614708152,84.22890614708152,50–100-year,,False
AL-RF-19900216-0056,02466030,,031601130607,5810.0,1990-02-16 16:00:00+00:00,1990-02-19 00:00:00+00:00,56.0,139000.0,23.924268502581757,1990.0,14.666666666666668,12.184298314548721,12.184298314548721,10–25-year,1,False
AL-RF-19900216-0056,03572900,,060300010703,141.0,1990-02-16 16:00:00+00:00,1990-02-16 00:00:00+00:00,-16.0,23500.0,166.66666666666666,1990.0,33.0,46.271239672126605,46.271239672126605,25–50-year,7,False
AL-RF-19900317-0057,02339225,,031300020806,60.2,1990-03-17 12:00:00+00:00,1990-03-17 00:00:00+00:00,-12.0,11000.0,182.72425249169433,1990.0,13.0,,13.0,10–25-year,,True
AL-RF-19900317-0057,02339500,,031300020908,3550.0,1990-03-17 12:00:00+00:00,1990-03-19 00:00:00+00:00,36.0,55800.0,15.71830985915493,1990.0,5.458333333333333,5.877226214111857,5.877226214111857,5–10-year,6,True
AL-RF-19900317-0057,02339780,,031300020908,3630.0,1990-03-17 12:00:00+00:00,1990-03-18 00:00:00+00:00,12.0,56000.0,15.426997245179063,1990.0,5.5,,5.5,5–10-year,"2,6",False
AL-RF-19900317-0057,02341500,,031300030304,4670.0,1990-03-17 12:00:00+00:00,1990-03-17 00:00:00+00:00,-12.0,98800.0,21.156316916488223,1990.0,6.153846153846153,6.5716070209304736,6.5716070209304736,5–10-year,5,True
AL-RF-19900317-0057,02341566,,031300030306,4750.0,1990-03-17 12:00:00+00:00,1990-03-17 00:00:00+00:00,-12.0,98800.0,20.8,1990.0,11.0,,11.0,10–25-year,5,False
AL-RF-19900317-0057,02342500,,031300030505,322.0,1990-03-17 12:00:00+00:00,1990-03-17 00:00:00+00:00,-12.0,24900.0,77.32919254658385,1990.0,11.428571428571429,12.131083131443457,12.131083131443457,10–25-year,,False
AL-RF-19900317-0057,02342933,,031300031204,112.0,1990-03-17 12:00:00+00:00,1990-03-17 00:00:00+00:00,-12.0,28200.0,251.78571428571428,1990.0,49.00000000000001,201.50984010484882,201.50984010484882,200–500-year,,False
AL-RF-19900317-0057,02360000,,031402010404,86.8,1990-03-17 12:00:00+00:00,1990-03-17 00:00:00+00:00,-12.0,25000.0,288.0184331797235,1990.0,31.0,114.3320455341355,114.3320455341355,100–200-year,7,False
AL-RF-19900317-0057,02360275,,031402010304,102.0,1990-03-17 12:00:00+00:00,1990-03-17 00:00:00+00:00,-12.0,29000.0,284.3137254901961,1990.0,30.0,48.71162692579661,48.71162692579661,25–50-year,"2,7",False
AL-RF-19900317-0057,02362240,,031402011101,21.4,1990-03-17 12:00:00+00:00,1990-03-17 00:00:00+00:00,-12.0,7950.0,371.49532710280374,1990.0,12.0,20.33081711114413,20.33081711114413,10–25-year,,False
AL-RF-19900317-0057,02362610,,031402020201,18.7,1990-03-17 12:00:00+00:00,1990-03-17 00:00:00+00:00,-12.0,3100.0,165.77540106951872,1990.0,1.625,,1.625,<2-year,7,True
AL-RF-19900317-0057,02362640,,031402020205,96.8,1990-03-17 12:00:00+00:00,1990-03-17 00:00:00+00:00,-12.0,18200.0,188.01652892561984,1990.0,2.0,,2.0,2–5-year,7,False
AL-RF-19900317-0057,02362780,,031402020301,39.8,1990-03-17 12:00:00+00:00,1990-03-17 00:00:00+00:00,-12.0,8780.0,220.6030150753769,1990.0,2.0,,2.0,2–5-year,7,False
AL-RF-19900317-0057,02363000,,031402020504,498.0,1990-03-17 12:00:00+00:00,1990-03-17 00:00:00+00:00,-12.0,47700.0,95.78313253012048,1990.0,29.666666666666668,72.5479169300315,72.5479169300315,50–100-year,,False
AL-RF-19900317-0057,02363005,,031402020504,0.76,1990-03-17 12:00:00+00:00,1990-03-16 00:00:00+00:00,-36.0,380.0,500.0,1990.0,5.5,,5.5,5–10-year,,False
AL-RF-19900317-0057,02363280,,031402020403,112.0,1990-03-17 12:00:00+00:00,1990-03-17 00:00:00+00:00,-12.0,23600.0,210.71428571428572,1990.0,2.0,,2.0,2–5-year,,False
AL-RF-19900317-0057,02363330,,031402020405,26.8,1990-03-17 12:00:00+00:00,1990-03-17 00:00:00+00:00,-12.0,8880.0,331.34328358208955,1990.0,2.0,,2.0,2–5-year,,False
AL-RF-19900317-0057,02364000,,031402020603,959.0,1990-03-17 12:00:00+00:00,1990-03-17 00:00:00+00:00,-12.0,58000.0,60.479666319082376,1990.0,36.5,63.761192876450735,63.761192876450735,50–100-year,,False
AL-RF-19900317-0057,02364570,,031402020701,26.2,1990-03-17 12:00:00+00:00,1990-03-17 00:00:00+00:00,-12.0,11500.0,438.9312977099237,1990.0,21.0,69.86221238379927,69.86221238379927,50–100-year,,False
AL-RF-19900317-0057,02367400,,031401030104,30.0,1990-03-17 12:00:00+00:00,1990-03-17 00:00:00+00:00,-12.0,16100.0,536.6666666666666,1990.0,4.0,,4.0,2–5-year,,False
AL-RF-19900317-0057,02367500,,031401030103,114.0,1990-03-17 12:00:00+00:00,1990-03-17 00:00:00+00:00,-12.0,26000.0,228.0701754385965,1990.0,16.0,27.98533443631528,27.98533443631528,25–50-year,7,False
AL-RF-19900317-0057,02367800,,031401030401,461.0,1990-03-17 12:00:00+00:00,1990-03-17 00:00:00+00:00,-12.0,46000.0,99.78308026030369,1990.0,13.0,,13.0,10–25-year,7,True
AL-RF-19900317-0057,02369800,,031401040104,87.7,1990-03-17 12:00:00+00:00,1990-03-17 00:00:00+00:00,-12.0,17700.0,201.824401368301,1990.0,29.5,55.26102097138935,55.26102097138935,50–100-year,,False
AL-RF-19900317-0057,02371000,,031403010204,257.0,1990-03-17 12:00:00+00:00,1990-03-17 00:00:00+00:00,-12.0,36000.0,140.07782101167317,1990.0,28.0,69.8181661612412,69.8181661612412,50–100-year,7,False
AL-RF-19900317-0057,02371200,,031403010205,8.87,1990-03-17 12:00:00+00:00,1990-03-17 00:00:00+00:00,-12.0,2320.0,261.5558060879369,1990.0,10.0,15.122009414516771,15.122009414516771,10–25-year,7,True
AL-RF-19900317-0057,02371500,,031403010401,500.0,1990-03-17 12:00:00+00:00,1990-03-18 00:00:00+00:00,12.0,24000.0,48.0,1990.0,45.0,36.65514838009232,36.65514838009232,25–50-year,,False
AL-RF-19900317-0057,02372000,,031403020404,254.0,1990-03-17 12:00:00+00:00,1990-03-17 00:00:00+00:00,-12.0,37000.0,145.66929133858267,1990.0,29.0,84.30559825471752,84.30559825471752,50–100-year,7,False
AL-RF-19900317-0057,02372250,,031403020501,442.0,1990-03-17 12:00:00+00:00,1990-03-17 00:00:00+00:00,-12.0,43600.0,98.64253393665159,1990.0,51.0,169.65033477291885,169.65033477291885,100–200-year,,False
AL-RF-19900317-0057,02372800,,031403030101,37.8,1990-03-17 12:00:00+00:00,1990-03-17 00:00:00+00:00,-12.0,5700.0,150.7936507936508,1990.0,12.0,,12.0,10–25-year,7,True
AL-RF-19900317-0057,02373000,,031403030604,470.0,1990-03-17 12:00:00+00:00,1990-03-18 00:00:00+00:00,12.0,29100.0,61.91489361702128,1990.0,28.333333333333332,23.318312347062975,23.318312347062975,10–25-year,,False
AL-RF-19900317-0057,02373500,,031403030502,307.0,1990-03-17 12:00:00+00:00,1990-03-17 00:00:00+00:00,-12.0,28500.0,92.83387622149837,1990.0,36.0,30.55274885101821,30.55274885101821,25–50-year,7,False
AL-RF-19900317-0057,02374500,,031403040107,176.0,1990-03-17 12:00:00+00:00,1990-03-16 00:00:00+00:00,-36.0,21000.0,119.31818181818181,1990.0,30.0,30.275823484660265,30.275823484660265,25–50-year,,False
AL-RF-19900317-0057,02374970,,031403050102,79.4,1990-03-17 12:00:00+00:00,1990-03-16 00:00:00+00:00,-36.0,13200.0,166.2468513853904,1990.0,13.0,,13.0,10–25-year,7,False
AL-RF-19900317-0057,02375500,,031403050402,3817.0,1990-03-17 12:00:00+00:00,1990-03-18 00:00:00+00:00,12.0,103000.0,26.984542834686927,1990.0,31.0,32.58528203454975,32.58528203454975,25–50-year,,True
AL-RF-19900317-0057,02376500,,031401060403,394.0,1990-03-17 12:00:00+00:00,1990-03-17 00:00:00+00:00,-12.0,26300.0,66.751269035533,1990.0,21.5,20.046558569589372,20.046558569589372,10–25-year,,False
AL-RF-19900317-0057,02377570,,031401060506,192.0,1990-03-17 12:00:00+00:00,1990-03-17 00:00:00+00:00,-12.0,17200.0,89.58333333333333,1990.0,5.571428571428571,6.8752316279809,6.8752316279809,5–10-year,,False
AL-RF-19900317-0057,02377960,,031401060602,56.6,1990-03-17 12:00:00+00:00,1990-03-16 00:00:00+00:00,-36.0,9370.0,165.547703180212,1990.0,2.5,,2.5,2–5-year,,False
AL-RF-19900317-0057,02378500,,031602050201,55.3,1990-03-17 12:00:00+00:00,1990-03-16 00:00:00+00:00,-36.0,5720.0,103.43580470162749,1990.0,5.090909090909091,5.646011767367361,5.646011767367361,5–10-year,,False
AL-RF-19900317-0057,02400100,,031501050909,252.0,1990-03-17 12:00:00+00:00,1990-03-16 00:00:00+00:00,-36.0,15500.0,61.507936507936506,1990.0,12.8,18.75610185469469,18.75610185469469,10–25-year,,True
AL-RF-19900317-0057,02404400,,031501060514,481.0,1990-03-17 12:00:00+00:00,1990-03-17 00:00:00+00:00,-12.0,27400.0,56.96465696465697,1990.0,9.0,11.230850810675719,11.230850810675719,10–25-year,,False
AL-RF-19900317-0057,02406500,,031501060703,150.0,1990-03-17 12:00:00+00:00,1990-03-17 00:00:00+00:00,-12.0,13000.0,86.66666666666667,1990.0,8.0,8.754707074666706,8.754707074666706,5–10-year,,False
AL-RF-19900317-0057,02407000,,031501070301,8392.0,1990-03-17 12:00:00+00:00,1990-03-17 00:00:00+00:00,-12.0,110000.0,13.107721639656816,1990.0,6.857142857142857,7.912542001238648,7.912542001238648,5–10-year,,True
AL-RF-19900317-0057,02411000,,031501070907,10102.0,1990-03-17 12:00:00+00:00,1990-03-16 00:00:00+00:00,-36.0,208000.0,20.58998218174619,1990.0,15.0,12.261309510040453,12.261309510040453,10–25-year,1,True
AL-RF-19900317-0057,02412000,,031501080405,448.0,1990-03-17 12:00:00+00:00,1990-03-18 00:00:00+00:00,12.0,24000.0,53.57142857142857,1990.0,36.5,60.91793528620757,60.91793528620757,50–100-year,,True
AL-RF-19900317-0057,02413300,,031501080905,406.0,1990-03-17 12:00:00+00:00,1990-03-17 00:00:00+00:00,-12.0,13000.0,32.01970443349754,1990.0,12.5,20.319427030097792,20.319427030097792,10–25-year,,False
AL-RF-19900317-0057,02414500,,031501090107,1675.0,1990-03-17 12:00:00+00:00,1990-03-17 00:00:00+00:00,-12.0,67600.0,40.35820895522388,1990.0,33.333333333333336,29.17370989540562,29.17370989540562,25–50-year,,True
AL-RF-19900317-0057,02414715,,031501090309,2058.0,1990-03-17 12:00:00+00:00,1990-03-17 00:00:00+00:00,-12.0,91400.0,44.412050534499514,1990.0,20.5,38.28505281741148,38.28505281741148,25–50-year,,False
AL-RF-19900317-0057,02415000,,031501090405,190.0,1990-03-17 12:00:00+00:00,1990-03-16 00:00:00+00:00,-36.0,17700.0,93.15789473684211,1990.0,15.75,27.13603224294582,27.13603224294582,25–50-year,,False
AL-RF-19900317-0057,02416481,,031501090504,0.5,1990-03-17 12:00:00+00:00,1990-03-16 00:00:00+00:00,-36.0,335.0,670.0,1990.0,12.0,,12.0,10–25-year,,False
AL-RF-19900317-0057,02418500,,031501100406,3328.0,1990-03-17 12:00:00+00:00,1990-03-17 00:00:00+00:00,-12.0,125000.0,37.56009615384615,1990.0,21.5,30.009173619267074,30.009173619267074,25–50-year,1,False
AL-RF-19900317-0057,02419000,,031501100302,333.0,1990-03-17 12:00:00+00:00,1990-03-17 00:00:00+00:00,-12.0,28400.0,85.28528528528528,1990.0,14.5,20.73481319884967,20.73481319884967,10–25-year,,False
AL-RF-19900317-0057,02420000,,031502010107,15087.0,1990-03-17 12:00:00+00:00,1990-03-19 00:00:00+00:00,36.0,290000.0,19.221846622920395,1990.0,49.00000000000001,72.6892764288442,72.6892764288442,50–100-year,,False
AL-RF-19900317-0057,02421000,,031502010309,290.0,1990-03-17 12:00:00+00:00,1990-03-17 00:00:00+00:00,-12.0,50000.0,172.41379310344828,1990.0,75.0,68.18370447346716,68.18370447346716,50–100-year,,False
AL-RF-19900317-0057,02421300,,031502010705,10.7,1990-03-17 12:00:00+00:00,1990-03-16 00:00:00+00:00,-36.0,1530.0,142.99065420560748,1990.0,4.666666666666667,,4.666666666666667,2–5-year,7,False
AL-RF-19900317-0057,02422000,,031502010807,244.0,1990-03-17 12:00:00+00:00,1990-03-17 00:00:00+00:00,-12.0,20300.0,83.19672131147541,1990.0,5.142857142857142,6.656962207667646,6.656962207667646,5–10-year,7,False
AL-RF-19900317-0057,02422500,,031502011006,203.0,1990-03-17 12:00:00+00:00,1990-03-16 00:00:00+00:00,-36.0,19600.0,96.55172413793103,1990.0,22.0,27.802610901871383,27.802610901871383,25–50-year,,False
AL-RF-19900317-0057,02423000,,031502011207,17095.0,1990-03-17 12:00:00+00:00,1990-03-21 00:00:00+00:00,84.0,280000.0,16.37905820415326,1990.0,50.0,113.8578139097187,113.8578139097187,100–200-year,5,False
AL-RF-19900317-0057,02425655,,031502030208,44.4,1990-03-17 12:00:00+00:00,1990-03-16 00:00:00+00:00,-36.0,15000.0,337.83783783783787,1990.0,7.666666666666667,8.745320988015111,8.745320988015111,5–10-year,7,True
AL-RF-19900317-0057,02427250,,031502030407,261.0,1990-03-17 12:00:00+00:00,1990-03-17 00:00:00+00:00,-12.0,23900.0,91.57088122605364,1990.0,12.333333333333332,24.632421128391783,24.632421128391783,10–25-year,,True
AL-RF-19900317-0057,02427500,,031502030701,20637.0,1990-03-17 12:00:00+00:00,1990-03-23 00:00:00+00:00,132.0,269000.0,13.034840335320057,1990.0,14.0,16.919487680448754,16.919487680448754,10–25-year,7,False
AL-RF-19900317-0057,02427700,,031502030603,97.5,1990-03-17 12:00:00+00:00,1990-03-16 00:00:00+00:00,-36.0,14600.0,149.74358974358975,1990.0,13.333333333333334,14.340555829732198,14.340555829732198,10–25-year,,False
AL-RF-19900317-0057,02428400,,031502040105,21473.0,1990-03-17 12:00:00+00:00,1990-03-25 00:00:00+00:00,180.0,255000.0,11.875378382154333,1990.0,43.0,64.60439189014753,64.60439189014753,50–100-year,1,False
AL-RF-19900317-0057,02468500,,031602010108,257.0,1990-03-17 12:00:00+00:00,1990-03-16 00:00:00+00:00,-36.0,23900.0,92.99610894941634,1990.0,5.0,7.385556830364893,7.385556830364893,5–10-year,,False
AL-RF-19900317-0057,02469800,,031602030205,164.0,1990-03-17 12:00:00+00:00,1990-03-16 00:00:00+00:00,-36.0,15500.0,94.51219512195122,1990.0,11.833333333333334,15.299070238376999,15.299070238376999,10–25-year,,False
AL-RF-19900317-0057,02471001,,031602040303,125.0,1990-03-17 12:00:00+00:00,1990-03-16 00:00:00+00:00,-36.0,15300.0,122.4,1990.0,14.799999999999999,20.24840758134867,20.24840758134867,10–25-year,,False
AL-RF-19900317-0057,02479560,,031700080403,562.0,1990-03-17 12:00:00+00:00,1990-03-17 00:00:00+00:00,-12.0,14000.0,24.91103202846975,1990.0,5.222222222222222,3.7583582566262823,3.7583582566262823,2–5-year,"1,2",False
AL-RF-19901223-0060,02438000,,031601030303,277.0,1990-12-23 01:00:00+00:00,1990-12-23 00:00:00+00:00,-1.0,29000.0,104.69314079422382,1991.0,23.666666666666668,16.638297206110998,16.638297206110998,10–25-year,,False
AL-RF-19901223-0060,02442500,,031601050203,247.0,1990-12-23 01:00:00+00:00,1990-12-24 00:00:00+00:00,23.0,15500.0,62.75303643724696,1991.0,19.5,1000000.0,1000000.0,>500-year,,False
AL-RF-19901223-0060,02443000,,031601050205,309.0,1990-12-23 01:00:00+00:00,1990-12-24 00:00:00+00:00,23.0,15500.0,50.16181229773463,1991.0,42.5,36.36600928221089,36.36600928221089,25–50-year,,False
AL-RF-19901223-0060,02450250,,031601100103,92.1,1990-12-23 01:00:00+00:00,1990-12-23 00:00:00+00:00,-1.0,11300.0,122.6927252985885,1991.0,10.0,7.3920082751311345,7.3920082751311345,5–10-year,,False
AL-RF-19901223-0060,03572110,,060300010304,131.0,1990-12-23 01:00:00+00:00,1990-12-23 00:00:00+00:00,-1.0,22400.0,170.99236641221373,1991.0,27.0,1000000.0,1000000.0,>500-year,,False
AL-RF-19901223-0060,03574500,,060300020203,320.0,1990-12-23 01:00:00+00:00,1990-12-23 00:00:00+00:00,-1.0,58000.0,181.25,1991.0,45.5,169.33368902590257,169.33368902590257,100–200-year,,True
AL-RF-19901223-0060,03575000,,060300020403,342.0,1990-12-23 01:00:00+00:00,1990-12-23 00:00:00+00:00,-1.0,120000.0,350.87719298245617,1991.0,65.0,153.9439405949455,153.9439405949455,100–200-year,,True
AL-RF-19901223-0060,03575500,,060300020904,25610.0,1990-12-23 01:00:00+00:00,1990-12-24 00:00:00+00:00,23.0,304000.0,11.870363139398673,1991.0,41.0,30.545790178710345,30.545790178710345,25–50-year,5,False
AL-RF-19901223-0060,03575700,,060300020903,14.1,1990-12-23 01:00:00+00:00,1990-12-23 00:00:00+00:00,-1.0,3080.0,218.43971631205673,1991.0,3.416666666666667,3.785803061587312,3.785803061587312,2–5-year,C,False
AL-RF-19901223-0060,03575830,,060300020505,49.0,1990-12-23 01:00:00+00:00,1990-12-22 00:00:00+00:00,-25.0,12000.0,244.89795918367346,1991.0,22.333333333333336,26.787300491947814,26.787300491947814,25–50-year,C,True
AL-RF-19901223-0060,0357587728,,060300020502,2.99,1990-12-23 01:00:00+00:00,1990-12-22 00:00:00+00:00,-25.0,909.0,304.01337792642136,1991.0,2.0,2.4403979129534705,2.4403979129534705,2–5-year,C,True
AL-RF-19901223-0060,03575890,,060300020502,22.6,1990-12-23 01:00:00+00:00,1990-12-22 00:00:00+00:00,-25.0,6200.0,274.33628318584067,1991.0,4.3,4.6019837360865,4.6019837360865,2–5-year,C,False
AL-RF-19901223-0060,03575980,,060300020503,9.64,1990-12-23 01:00:00+00:00,1990-12-22 00:00:00+00:00,-25.0,1960.0,203.31950207468878,1991.0,2.1,1.9511350008407964,1.9511350008407964,<2-year,C,False
AL-RF-19901223-0060,03576148,,060300020605,136.0,1990-12-23 01:00:00+00:00,1990-12-23 00:00:00+00:00,-1.0,23300.0,171.3235294117647,1991.0,22.0,34.30799426777022,34.30799426777022,25–50-year,7,False
AL-RF-19901223-0060,03576400,,060300020802,55.8,1990-12-23 01:00:00+00:00,1990-12-22 00:00:00+00:00,-25.0,4700.0,84.2293906810036,1991.0,3.0,,3.0,2–5-year,7,False
AL-RF-19901223-0060,03586500,,060300050105,166.0,1990-12-23 01:00:00+00:00,1990-12-23 00:00:00+00:00,-1.0,22000.0,132.53012048192772,1991.0,40.0,230.66146838136763,230.66146838136763,200–500-year,,False
AL-RF-19901223-0060,03589500,,060300050803,30810.0,1990-12-23 01:00:00+00:00,1990-12-23 00:00:00+00:00,-1.0,440000.0,14.281077572216812,1991.0,38.333333333333336,68.79519346797649,68.79519346797649,50–100-year,5,False
AL-RF-19910220-0061,02443730,,031601060305,0.24,1991-02-20 07:00:00+00:00,1991-02-20 00:00:00+00:00,-7.0,160.0,666.6666666666667,1991.0,6.5,,6.5,5–10-year,,False
AL-RF-19910220-0061,02444160,,031601060502,5750.0,1991-02-20 07:00:00+00:00,1991-02-23 00:00:00+00:00,65.0,178000.0,30.956521739130434,1991.0,45.0,165.97315549337185,165.97315549337185,100–200-year,1,False
AL-RF-19910220-0061,02448500,,031601081101,1097.0,1991-02-20 07:00:00+00:00,1991-02-24 00:00:00+00:00,89.0,28500.0,25.979945305378305,1991.0,10.375,9.606890815890146,9.606890815890146,5–10-year,,False
AL-RF-19910220-0061,03584600,,060300040402,1805.0,1991-02-20 07:00:00+00:00,1991-02-20 00:00:00+00:00,-7.0,103000.0,57.06371191135734,1991.0,34.333333333333336,62.94772553280575,62.94772553280575,50–100-year,6,False
AL-RF-19910303-0062,02344000,,031300040710,8340.0,1991-03-03 19:00:00+00:00,1991-03-03 00:00:00+00:00,-19.0,66500.0,7.973621103117506,1991.0,1.7599999999999998,1.8716629274187127,1.8716629274187127,<2-year,"2,5",False
AL-RF-19910527-0066,03588500,,060300050508,348.0,1991-05-27 22:00:00+00:00,1991-05-26 00:00:00+00:00,-46.0,40500.0,116.37931034482759,1991.0,9.5,9.636017472506076,9.636017472506076,5–10-year,,False
AL-RF-19911121-0068,02413300,,031501080905,406.0,1991-11-21 19:00:00+00:00,1991-11-22 00:00:00+00:00,5.0,6140.0,15.123152709359607,1992.0,1.7241379310344829,1.7965655579212847,1.7965655579212847,<2-year,,False
AL-RF-19911203-0069,02438000,,031601030303,277.0,1991-12-03 08:00:00+00:00,1991-12-02 00:00:00+00:00,-32.0,22700.0,81.94945848375451,1992.0,5.916666666666667,6.067847050764586,6.067847050764586,5–10-year,,False
AL-RF-19911203-0069,02450250,,031601100103,92.1,1991-12-03 08:00:00+00:00,1991-12-02 00:00:00+00:00,-32.0,5880.0,63.84364820846906,1992.0,1.4634146341463414,1.5273772876507334,1.5273772876507334,<2-year,,False
AL-RF-19911203-0069,03572110,,060300010304,131.0,1991-12-03 08:00:00+00:00,1991-12-02 00:00:00+00:00,-32.0,9310.0,71.06870229007633,1992.0,2.4545454545454546,1.526047791468552,1.526047791468552,<2-year,,False
AL-RF-19911203-0069,03574500,,060300020203,320.0,1991-12-03 08:00:00+00:00,1991-12-02 00:00:00+00:00,-32.0,34000.0,106.25,1992.0,22.75,12.750283296249089,12.750283296249089,10–25-year,,True
AL-RF-19911203-0069,03575000,,060300020403,342.0,1991-12-03 08:00:00+00:00,1991-12-02 00:00:00+00:00,-32.0,30900.0,90.35087719298245,1992.0,6.5,4.836701305945381,4.836701305945381,2–5-year,,True
AL-RF-19911203-0069,03575500,,060300020904,25610.0,1991-12-03 08:00:00+00:00,1991-12-04 00:00:00+00:00,16.0,217000.0,8.473252635689184,1992.0,2.4117647058823533,2.5307460210193597,2.5307460210193597,2–5-year,5,False
AL-RF-19911203-0069,03575700,,060300020903,14.1,1991-12-03 08:00:00+00:00,1991-12-02 00:00:00+00:00,-32.0,787.0,55.815602836879435,1992.0,1.0789473684210527,1.0634342559402066,1.0634342559402066,<2-year,C,False
AL-RF-19911203-0069,03575830,,060300020505,49.0,1991-12-03 08:00:00+00:00,1991-12-02 00:00:00+00:00,-32.0,4230.0,86.3265306122449,1992.0,2.6799999999999997,2.5538451125566866,2.5538451125566866,2–5-year,C,True
AL-RF-19911203-0069,0357587728,,060300020502,2.99,1991-12-03 08:00:00+00:00,1991-12-02 00:00:00+00:00,-32.0,588.0,196.65551839464882,1992.0,1.1111111111111112,1.0606406825836103,1.0606406825836103,<2-year,C,True
AL-RF-19911203-0069,03575890,,060300020502,22.6,1991-12-03 08:00:00+00:00,1991-12-01 00:00:00+00:00,-56.0,3670.0,162.38938053097345,1992.0,1.2647058823529413,1.4121163219426147,1.4121163219426147,<2-year,C,False
AL-RF-19911203-0069,03575933,,060300020502,8.93,1991-12-03 08:00:00+00:00,1991-12-01 00:00:00+00:00,-56.0,1890.0,211.6461366181411,1992.0,1.5454545454545454,,1.5454545454545454,<2-year,C,False
AL-RF-19911203-0069,03575950,,060300020503,41.8,1991-12-03 08:00:00+00:00,1991-12-02 00:00:00+00:00,-32.0,2740.0,65.55023923444976,1992.0,1.0285714285714287,1.0308844691159738,1.0308844691159738,<2-year,C,True
AL-RF-19911203-0069,03575980,,060300020503,9.64,1991-12-03 08:00:00+00:00,1991-12-02 00:00:00+00:00,-32.0,1760.0,182.5726141078838,1992.0,1.5,1.5662473601946427,1.5662473601946427,<2-year,C,False
AL-RF-19911203-0069,03584600,,060300040402,1805.0,1991-12-03 08:00:00+00:00,1991-12-02 00:00:00+00:00,-32.0,60700.0,33.62880886426593,1992.0,8.583333333333334,7.923284631576874,7.923284631576874,5–10-year,6,False
AL-RF-19911203-0069,03586500,,060300050105,166.0,1991-12-03 08:00:00+00:00,1991-12-03 00:00:00+00:00,-8.0,8750.0,52.71084337349398,1992.0,5.333333333333333,4.468596889926227,4.468596889926227,2–5-year,,False
AL-RF-19911203-0069,03588500,,060300050508,348.0,1991-12-03 08:00:00+00:00,1991-12-03 00:00:00+00:00,-8.0,25000.0,71.83908045977012,1992.0,3.2758620689655173,3.3840818432930853,3.3840818432930853,2–5-year,,False
AL-RF-19911203-0069,03589500,,060300050803,30810.0,1991-12-03 08:00:00+00:00,1991-12-03 00:00:00+00:00,-8.0,332000.0,10.775722168127231,1992.0,5.75,6.113542586022274,6.113542586022274,5–10-year,5,False
AL-RF-19920828-0071,02448500,,031601081101,1097.0,1992-08-28 00:00:00+00:00,1992-08-28 00:00:00+00:00,0.0,7940.0,7.23792160437557,1992.0,1.1369863013698631,1.0971517902522956,1.0971517902522956,<2-year,,False
AL-RF-19921126-0073,02339500,,031300020908,3550.0,1992-11-26 16:00:00+00:00,1992-11-26 00:00:00+00:00,-16.0,36200.0,10.19718309859155,1993.0,2.079365079365079,2.1115196501823887,2.1115196501823887,2–5-year,6,True
AL-RF-19921126-0073,02341500,,031300030304,4670.0,1992-11-26 16:00:00+00:00,1992-11-25 00:00:00+00:00,-40.0,88500.0,18.950749464668093,1993.0,5.333333333333333,4.755184317486433,4.755184317486433,2–5-year,6,True
AL-RF-19921126-0073,02342500,,031300030505,322.0,1992-11-26 16:00:00+00:00,1992-11-26 00:00:00+00:00,-16.0,26900.0,83.54037267080746,1993.0,20.0,14.645921295846048,14.645921295846048,10–25-year,,False
AL-RF-19930121-0074,02478500,,031700030402,2690.0,1993-01-21 13:00:00+00:00,1993-01-23 00:00:00+00:00,35.0,29600.0,11.003717472118959,1993.0,2.966666666666667,3.347517082470653,3.347517082470653,2–5-year,,False
AL-RF-19930121-0074,02479431,,031700080201,20.4,1993-01-21 13:00:00+00:00,1993-01-21 00:00:00+00:00,-13.0,1860.0,91.1764705882353,1993.0,3.0,2.703472466587438,2.703472466587438,2–5-year,,False
AL-RF-19930323-0075,03572110,,060300010304,131.0,1993-03-23 19:00:00+00:00,1993-03-23 00:00:00+00:00,-19.0,13600.0,103.81679389312977,1993.0,6.75,1000000.0,1000000.0,>500-year,,False
AL-RF-19940211-0078,03572110,,060300010304,131.0,1994-02-11 14:00:00+00:00,1994-02-11 00:00:00+00:00,-14.0,14400.0,109.92366412213741,1994.0,13.5,1000000.0,1000000.0,>500-year,,False
AL-RF-19940211-0078,03574500,,060300020203,320.0,1994-02-11 14:00:00+00:00,1994-02-11 00:00:00+00:00,-14.0,32000.0,100.0,1994.0,15.166666666666666,10.225311941046877,10.225311941046877,10–25-year,,True
AL-RF-19940211-0078,03575000,,060300020403,342.0,1994-02-11 14:00:00+00:00,1994-02-11 00:00:00+00:00,-14.0,36900.0,107.89473684210526,1994.0,9.285714285714285,6.7099644602653905,6.7099644602653905,5–10-year,,True
AL-RF-19940211-0078,03575830,,060300020505,49.0,1994-02-11 14:00:00+00:00,1994-02-10 00:00:00+00:00,-38.0,5170.0,105.51020408163265,1994.0,3.1904761904761902,3.4624363513821246,3.4624363513821246,2–5-year,C,True
AL-RF-19940211-0078,0357587728,,060300020502,2.99,1994-02-11 14:00:00+00:00,1994-02-11 00:00:00+00:00,-14.0,1150.0,384.6153846153846,1994.0,5.0,4.101115156104686,4.101115156104686,2–5-year,C,True
AL-RF-19940211-0078,03575890,,060300020502,22.6,1994-02-11 14:00:00+00:00,1994-02-11 00:00:00+00:00,-14.0,4100.0,181.4159292035398,1994.0,1.72,1.6297660111755372,1.6297660111755372,<2-year,C,False
AL-RF-19940211-0078,03575950,,060300020503,41.8,1994-02-11 14:00:00+00:00,1994-02-11 00:00:00+00:00,-14.0,4330.0,103.58851674641149,1994.0,1.2413793103448276,1.181675342400299,1.181675342400299,<2-year,C,True
AL-RF-19940211-0078,03576500,,060300021007,86.3,1994-02-11 14:00:00+00:00,1994-02-11 00:00:00+00:00,-14.0,8310.0,96.29200463499421,1994.0,3.818181818181818,3.807090871149374,3.807090871149374,2–5-year,,False
AL-RF-19940328-0079,03584600,,060300040402,1805.0,1994-03-28 02:00:00+00:00,1994-03-28 00:00:00+00:00,-2.0,54900.0,30.41551246537396,1994.0,5.722222222222222,5.867043483156563,5.867043483156563,5–10-year,6,False
AL-RF-19940328-0079,03588500,,060300050508,348.0,1994-03-28 02:00:00+00:00,1994-03-27 00:00:00+00:00,-26.0,27400.0,78.73563218390805,1994.0,4.318181818181818,4.0063341293461,4.0063341293461,2–5-year,,False
AL-RF-19940328-0079,03589500,,060300050803,30810.0,1994-03-28 02:00:00+00:00,1994-03-28 00:00:00+00:00,-2.0,364000.0,11.814345991561181,1994.0,12.777777777777777,11.08886682131967,11.08886682131967,10–25-year,5,False
AL-RF-19940629-0080,03575980,,060300020503,9.64,1994-06-29 15:00:00+00:00,1994-06-29 00:00:00+00:00,-15.0,2180.0,226.14107883817425,1994.0,2.625,2.5629734377169795,2.5629734377169795,2–5-year,C,False
AL-RF-19940706-0081,02339500,,031300020908,3550.0,1994-07-06 17:00:00+00:00,1994-07-05 00:00:00+00:00,-41.0,39700.0,11.183098591549296,1994.0,2.381818181818182,2.5105178237392867,2.5105178237392867,2–5-year,6,True
AL-RF-19940706-0081,02342500,,031300030505,322.0,1994-07-06 17:00:00+00:00,1994-07-08 00:00:00+00:00,31.0,25600.0,79.5031055900621,1994.0,16.0,12.968429342968859,12.968429342968859,10–25-year,,False
AL-RF-19940706-0081,02342933,,031300031204,112.0,1994-07-06 17:00:00+00:00,1994-07-04 00:00:00+00:00,-65.0,13100.0,116.96428571428571,1994.0,16.333333333333332,14.497229297621306,14.497229297621306,10–25-year,,False
AL-RF-19940706-0081,02343275,,031300040304,48.7,1994-07-06 17:00:00+00:00,1994-07-06 00:00:00+00:00,-17.0,28000.0,574.9486652977413,1994.0,27.0,70.10694367762001,70.10694367762001,50–100-year,7,True
AL-RF-19940706-0081,02343300,,031300040404,146.0,1994-07-06 17:00:00+00:00,1994-07-06 00:00:00+00:00,-17.0,35000.0,239.72602739726028,1994.0,37.0,211.41941958884973,211.41941958884973,200–500-year,"2,7",False
AL-RF-19940706-0081,02358785,,031300120203,103.0,1994-07-06 17:00:00+00:00,1994-07-07 00:00:00+00:00,7.0,9000.0,87.37864077669903,1994.0,3.0,,3.0,2–5-year,7,False
AL-RF-19940706-0081,02360000,,031402010404,86.8,1994-07-06 17:00:00+00:00,1994-07-06 00:00:00+00:00,-17.0,6800.0,78.3410138248848,1994.0,7.75,9.747868730974776,9.747868730974776,5–10-year,7,False
AL-RF-19940706-0081,02360275,,031402010304,102.0,1994-07-06 17:00:00+00:00,1994-07-06 00:00:00+00:00,-17.0,13000.0,127.45098039215686,1994.0,7.5,12.577695412921967,12.577695412921967,10–25-year,7,False
AL-RF-19940706-0081,02360500,,031402010208,291.0,1994-07-06 17:00:00+00:00,1994-07-06 00:00:00+00:00,-17.0,31000.0,106.52920962199313,1994.0,19.0,,19.0,10–25-year,"2,7",True
AL-RF-19940706-0081,02361000,,031402010602,686.0,1994-07-06 17:00:00+00:00,1994-07-07 00:00:00+00:00,7.0,60800.0,88.62973760932945,1994.0,33.0,74.50131432784566,74.50131432784566,50–100-year,,False
AL-RF-19940706-0081,02362240,,031402011101,21.4,1994-07-06 17:00:00+00:00,1994-07-06 00:00:00+00:00,-17.0,14200.0,663.5514018691589,1994.0,36.0,50.17768536008622,50.17768536008622,50–100-year,,False
AL-RF-19940706-0081,02362610,,031402020201,18.7,1994-07-06 17:00:00+00:00,1994-07-06 00:00:00+00:00,-17.0,2680.0,143.31550802139037,1994.0,1.4444444444444444,,1.4444444444444444,<2-year,7,True
AL-RF-19940706-0081,02363000,,031402020504,498.0,1994-07-06 17:00:00+00:00,1994-07-08 00:00:00+00:00,31.0,17100.0,34.33734939759036,1994.0,7.416666666666667,7.761815002030949,7.761815002030949,5–10-year,,False
AL-RF-19940706-0081,02363005,,031402020504,0.76,1994-07-06 17:00:00+00:00,1994-07-06 00:00:00+00:00,-17.0,390.0,513.1578947368421,1994.0,11.0,,11.0,10–25-year,,False
AL-RF-19940706-0081,02364000,,031402020603,959.0,1994-07-06 17:00:00+00:00,1994-07-07 00:00:00+00:00,7.0,42500.0,44.316996871741395,1994.0,14.600000000000001,24.692691639137724,24.692691639137724,10–25-year,,False
AL-RF-19940706-0081,02369800,,031401040104,87.7,1994-07-06 17:00:00+00:00,1994-07-07 00:00:00+00:00,7.0,5850.0,66.70467502850627,1994.0,7.375,6.521618782882144,6.521618782882144,5–10-year,,False
AL-RF-19940706-0081,02371000,,031403010204,257.0,1994-07-06 17:00:00+00:00,1994-07-08 00:00:00+00:00,31.0,15000.0,58.36575875486381,1994.0,5.6,7.420260986082273,7.420260986082273,5–10-year,7,False
AL-RF-19940706-0081,02371500,,031403010401,500.0,1994-07-06 17:00:00+00:00,1994-07-09 00:00:00+00:00,55.0,17000.0,34.0,1994.0,18.0,12.280519624283759,12.280519624283759,10–25-year,,False
AL-RF-19940706-0081,02372250,,031403020501,442.0,1994-07-06 17:00:00+00:00,1994-07-10 00:00:00+00:00,79.0,4870.0,11.018099547511312,1994.0,1.6451612903225807,1.609456583814861,1.609456583814861,<2-year,,False
AL-RF-19940706-0081,02373000,,031403030604,470.0,1994-07-06 17:00:00+00:00,1994-07-10 00:00:00+00:00,79.0,12000.0,25.53191489361702,1994.0,2.9310344827586206,3.0386413910749597,3.0386413910749597,2–5-year,,False
AL-RF-19940706-0081,02418500,,031501100406,3328.0,1994-07-06 17:00:00+00:00,1994-07-07 00:00:00+00:00,7.0,16300.0,4.897836538461538,1994.0,1.4333333333333333,1.3197589902861921,1.3197589902861921,<2-year,1,False
AL-RF-19940706-0081,02419000,,031501100302,333.0,1994-07-06 17:00:00+00:00,1994-07-08 00:00:00+00:00,31.0,23200.0,69.66966966966967,1994.0,7.909090909090908,11.350254582904567,11.350254582904567,10–25-year,,False
AL-RF-19950212-0082,02361000,,031402010602,686.0,1995-02-12 04:00:00+00:00,1995-02-12 00:00:00+00:00,-4.0,9790.0,14.271137026239067,1995.0,2.357142857142857,2.411045102889854,2.411045102889854,2–5-year,,False
AL-RF-19950212-0082,02364000,,031402020603,959.0,1995-02-12 04:00:00+00:00,1995-02-12 00:00:00+00:00,-4.0,13600.0,14.181438998957248,1995.0,2.28125,2.1743155589625083,2.1743155589625083,2–5-year,,False
AL-RF-19950216-0083,03575500,,060300020904,25610.0,1995-02-16 22:00:00+00:00,1995-02-18 00:00:00+00:00,26.0,164000.0,6.403748535728231,1995.0,1.4385964912280702,1.4335697922468034,1.4335697922468034,<2-year,5,False
AL-RF-19950423-0086,02442500,,031601050203,247.0,1995-04-23 13:00:00+00:00,1995-04-24 00:00:00+00:00,11.0,6000.0,24.291497975708502,1995.0,1.7727272727272727,1.38146083054855,1.38146083054855,<2-year,,False
AL-RF-19950423-0086,02444160,,031601060502,5750.0,1995-04-23 13:00:00+00:00,1995-04-25 00:00:00+00:00,35.0,104000.0,18.08695652173913,1995.0,3.75,4.158741226390259,4.158741226390259,2–5-year,1,False
AL-RF-19950509-0087,02376500,,031401060403,394.0,1995-05-09 22:00:00+00:00,1995-05-11 00:00:00+00:00,26.0,16400.0,41.6243654822335,1995.0,5.375,6.74958700033551,6.74958700033551,5–10-year,,False
AL-RF-19950509-0087,02479980,,031700080502,8.08,1995-05-09 22:00:00+00:00,1995-05-10 00:00:00+00:00,2.0,1420.0,175.74257425742573,1995.0,18.0,14.861752641758374,14.861752641758374,10–25-year,,False
AL-RF-19950509-0087,02480002,,031700080502,8.22,1995-05-09 22:00:00+00:00,1995-05-10 00:00:00+00:00,2.0,1740.0,211.6788321167883,1995.0,7.199999999999999,8.773033363930468,8.773033363930468,5–10-year,C,True
AL-RF-19950804-0088,02374500,,031403040107,176.0,1995-08-04 18:00:00+00:00,1995-08-04 00:00:00+00:00,-18.0,3360.0,19.09090909090909,1995.0,2.0,2.025900190700984,2.025900190700984,2–5-year,,False
AL-RF-19951005-0089,02342500,,031300030505,322.0,1995-10-05 17:00:00+00:00,1995-10-05 00:00:00+00:00,-17.0,9640.0,29.937888198757765,1996.0,2.0,2.2073665661053323,2.2073665661053323,2–5-year,,False
AL-RF-19951005-0089,02362240,,031402011101,21.4,1995-10-05 17:00:00+00:00,1995-10-04 00:00:00+00:00,-41.0,3100.0,144.85981308411215,1996.0,6.0,5.615099487864034,5.615099487864034,5–10-year,,False
AL-RF-19951005-0089,02363000,,031402020504,498.0,1995-10-05 17:00:00+00:00,1995-10-07 00:00:00+00:00,31.0,9420.0,18.91566265060241,1996.0,3.068965517241379,3.0388979762399324,3.0388979762399324,2–5-year,,False
AL-RF-19951005-0089,02363005,,031402020504,0.76,1995-10-05 17:00:00+00:00,1995-10-04 00:00:00+00:00,-41.0,170.0,223.68421052631578,1996.0,1.8333333333333335,,1.8333333333333335,<2-year,,False
AL-RF-19951005-0089,02364000,,031402020603,959.0,1995-10-05 17:00:00+00:00,1995-10-05 00:00:00+00:00,-17.0,16200.0,16.892596454640252,1996.0,3.041666666666667,2.814585571514468,2.814585571514468,2–5-year,,False
AL-RF-19951005-0089,02369800,,031401040104,87.7,1995-10-05 17:00:00+00:00,1995-10-05 00:00:00+00:00,-17.0,9560.0,109.00798175598631,1996.0,11.8,15.22881960791593,15.22881960791593,10–25-year,,False
AL-RF-19951005-0089,02371500,,031403010401,500.0,1995-10-05 17:00:00+00:00,1995-10-08 00:00:00+00:00,55.0,6630.0,13.26,1996.0,2.0454545454545454,2.030057732643984,2.030057732643984,2–5-year,,False
AL-RF-19951005-0089,02372250,,031403020501,442.0,1995-10-05 17:00:00+00:00,1995-10-08 00:00:00+00:00,55.0,7620.0,17.239819004524886,1996.0,2.318181818181818,2.5317938085377336,2.5317938085377336,2–5-year,,False
AL-RF-19951005-0089,02374500,,031403040107,176.0,1995-10-05 17:00:00+00:00,1995-10-05 00:00:00+00:00,-17.0,5750.0,32.67045454545455,1996.0,3.91304347826087,3.7758692758859906,3.7758692758859906,2–5-year,,False
AL-RF-19951005-0089,02375500,,031403050402,3817.0,1995-10-05 17:00:00+00:00,1995-10-06 00:00:00+00:00,7.0,58400.0,15.299973801414724,1996.0,5.812499999999999,5.301617825422368,5.301617825422368,5–10-year,,True
AL-RF-19951005-0089,02376500,,031401060403,394.0,1995-10-05 17:00:00+00:00,1995-10-05 00:00:00+00:00,-17.0,21900.0,55.58375634517766,1996.0,10.75,12.750889152449863,12.750889152449863,10–25-year,,False
AL-RF-19951005-0089,02377570,,031401060506,192.0,1995-10-05 17:00:00+00:00,1995-10-05 00:00:00+00:00,-17.0,18500.0,96.35416666666667,1996.0,9.75,7.790960158706381,7.790960158706381,5–10-year,,False
AL-RF-19951005-0089,02378500,,031602050201,55.3,1995-10-05 17:00:00+00:00,1995-10-05 00:00:00+00:00,-17.0,6760.0,122.24231464737794,1996.0,5.6,7.18673905346292,7.18673905346292,5–10-year,,False
AL-RF-19951005-0089,02399200,,031501050806,199.0,1995-10-05 17:00:00+00:00,1995-10-05 00:00:00+00:00,-17.0,40700.0,204.52261306532662,1996.0,23.666666666666668,32.742814216943394,32.742814216943394,25–50-year,,False
AL-RF-19951005-0089,02400100,,031501050909,252.0,1995-10-05 17:00:00+00:00,1995-10-05 00:00:00+00:00,-17.0,16900.0,67.06349206349206,1996.0,21.333333333333332,28.752678359499804,28.752678359499804,25–50-year,,True
AL-RF-19951005-0089,02401000,,031501060104,182.0,1995-10-05 17:00:00+00:00,1995-10-06 00:00:00+00:00,7.0,7760.0,42.637362637362635,1996.0,3.9473684210526314,4.080432204379138,4.080432204379138,2–5-year,,False
AL-RF-19951005-0089,02401390,,031501060305,141.0,1995-10-05 17:00:00+00:00,1995-10-05 00:00:00+00:00,-17.0,9440.0,66.95035460992908,1996.0,15.25,13.894570660616058,13.894570660616058,10–25-year,,False
AL-RF-19951005-0089,02404400,,031501060514,481.0,1995-10-05 17:00:00+00:00,1995-10-05 00:00:00+00:00,-17.0,18100.0,37.62993762993763,1996.0,5.25,4.42695415474274,4.42695415474274,2–5-year,,False
AL-RF-19951005-0089,02406500,,031501060703,150.0,1995-10-05 17:00:00+00:00,1995-10-05 00:00:00+00:00,-17.0,10100.0,67.33333333333333,1996.0,4.8,5.173962447908753,5.173962447908753,5–10-year,,False
AL-RF-19951005-0089,02408540,,031501070708,263.0,1995-10-05 17:00:00+00:00,1995-10-05 00:00:00+00:00,-17.0,27800.0,105.70342205323193,1996.0,23.0,15.411650560849363,15.411650560849363,10–25-year,,False
AL-RF-19951005-0089,02411000,,031501070907,10102.0,1995-10-05 17:00:00+00:00,1995-10-05 00:00:00+00:00,-17.0,149000.0,14.749554543654721,1996.0,4.090909090909091,3.6463982501994248,3.6463982501994248,2–5-year,1,True
AL-RF-19951005-0089,02412000,,031501080405,448.0,1995-10-05 17:00:00+00:00,1995-10-06 00:00:00+00:00,7.0,12600.0,28.125,1996.0,7.300000000000001,7.237404999232061,7.237404999232061,5–10-year,,True
AL-RF-19951005-0089,02413300,,031501080905,406.0,1995-10-05 17:00:00+00:00,1995-10-05 00:00:00+00:00,-17.0,13500.0,33.251231527093594,1996.0,25.0,24.831116668720703,24.831116668720703,10–25-year,,False
AL-RF-19951005-0089,02414500,,031501090107,1675.0,1995-10-05 17:00:00+00:00,1995-10-05 00:00:00+00:00,-17.0,32700.0,19.52238805970149,1996.0,2.7027027027027026,3.0299954668826468,3.0299954668826468,2–5-year,,True
AL-RF-19951005-0089,02414715,,031501090309,2058.0,1995-10-05 17:00:00+00:00,1995-10-06 00:00:00+00:00,7.0,48000.0,23.323615160349853,1996.0,8.200000000000001,6.723894003791771,6.723894003791771,5–10-year,2,False
AL-RF-19951005-0089,02415000,,031501090405,190.0,1995-10-05 17:00:00+00:00,1995-10-05 00:00:00+00:00,-17.0,12200.0,64.21052631578948,1996.0,5.7272727272727275,4.91722470734087,4.91722470734087,2–5-year,,False
AL-RF-19951005-0089,02416481,,031501090504,0.5,1995-10-05 17:00:00+00:00,1995-10-04 00:00:00+00:00,-41.0,257.0,514.0,1996.0,6.0,,6.0,5–10-year,,False
AL-RF-19951005-0089,02418500,,031501100406,3328.0,1995-10-05 17:00:00+00:00,1995-10-06 00:00:00+00:00,7.0,36200.0,10.877403846153847,1996.0,2.606060606060606,2.829755776928391,2.829755776928391,2–5-year,1,False
AL-RF-19951005-0089,02419890,,031501100905,4646.0,1995-10-05 17:00:00+00:00,1995-10-07 00:00:00+00:00,31.0,57100.0,12.29014205768403,1996.0,3.444444444444444,3.916159025019543,3.916159025019543,2–5-year,5,False
AL-RF-19951005-0089,02421105,,031502010401,0.45,1995-10-05 17:00:00+00:00,1995-10-04 00:00:00+00:00,-41.0,290.0,644.4444444444445,1996.0,7.0,,7.0,5–10-year,,False
AL-RF-19951005-0089,02449882,,031601090107,13.0,1995-10-05 17:00:00+00:00,1995-10-05 00:00:00+00:00,-17.0,1370.0,105.38461538461539,1996.0,2.125,1.8256300532475749,1.8256300532475749,<2-year,,False
AL-RF-19951005-0089,02455000,,031601110208,303.0,1995-10-05 17:00:00+00:00,1995-10-05 00:00:00+00:00,-17.0,16800.0,55.445544554455445,1996.0,5.666666666666666,6.6140982788567575,6.6140982788567575,5–10-year,,False
AL-RF-19951005-0089,03575890,,060300020502,22.6,1995-10-05 17:00:00+00:00,1995-10-03 00:00:00+00:00,-65.0,4800.0,212.38938053097343,1996.0,2.263157894736842,2.170225881005229,2.170225881005229,2–5-year,C,False
AL-RF-19951219-0091,02471001,,031602040303,125.0,1995-12-19 07:00:00+00:00,1995-12-19 00:00:00+00:00,-7.0,10800.0,86.4,1996.0,8.222222222222221,8.663714734142378,8.663714734142378,5–10-year,,False
AL-RF-19951219-0091,02478500,,031700030402,2690.0,1995-12-19 07:00:00+00:00,1995-12-21 00:00:00+00:00,41.0,16900.0,6.282527881040892,1996.0,1.3088235294117647,1.2994950577629338,1.2994950577629338,<2-year,,False
AL-RF-19951219-0091,02479431,,031700080201,20.4,1995-12-19 07:00:00+00:00,1995-12-19 00:00:00+00:00,-7.0,2880.0,141.1764705882353,1996.0,4.0,7.799798578789358,7.799798578789358,5–10-year,,False
AL-RF-19951219-0091,02479560,,031700080403,562.0,1995-12-19 07:00:00+00:00,1995-12-20 00:00:00+00:00,17.0,10400.0,18.505338078291814,1996.0,2.0434782608695654,2.133589149409309,2.133589149409309,2–5-year,,False
AL-RF-19951219-0091,02479945,,031700080501,31.48,1995-12-19 07:00:00+00:00,1995-12-18 00:00:00+00:00,-31.0,2090.0,66.39135959339264,1996.0,3.2727272727272725,3.9169663766258975,3.9169663766258975,2–5-year,,False
AL-RF-19951219-0091,02479980,,031700080502,8.08,1995-12-19 07:00:00+00:00,1995-12-18 00:00:00+00:00,-31.0,2200.0,272.2772277227723,1996.0,36.0,117.53433044596133,117.53433044596133,100–200-year,,False
AL-RF-19951219-0091,02480002,,031700080502,8.22,1995-12-19 07:00:00+00:00,1995-12-18 00:00:00+00:00,-31.0,3470.0,422.14111922141115,1996.0,18.0,49.58955567271268,49.58955567271268,25–50-year,C,True
AL-RF-19960127-0092,02427250,,031502030407,261.0,1996-01-27 06:00:00+00:00,1996-01-28 00:00:00+00:00,18.0,8570.0,32.83524904214559,1996.0,2.3125,2.620305781292092,2.620305781292092,2–5-year,,True
AL-RF-19960127-0092,02446500,,031601070302,528.0,1996-01-27 06:00:00+00:00,1996-01-31 00:00:00+00:00,90.0,7440.0,14.090909090909092,1996.0,1.7291666666666667,1.659230132030862,1.659230132030862,<2-year,,False
AL-RF-19960127-0092,02462000,,031601120104,148.0,1996-01-27 06:00:00+00:00,1996-01-27 00:00:00+00:00,-6.0,16400.0,110.8108108108108,1996.0,12.166666666666668,13.874164364699613,13.874164364699613,10–25-year,,True
AL-RF-19960127-0092,02464146,,031601120411,6.16,1996-01-27 06:00:00+00:00,1996-01-26 00:00:00+00:00,-30.0,642.0,104.22077922077922,1996.0,2.1176470588235294,1.8616621058029363,1.8616621058029363,<2-year,,False
AL-RF-19960306-0093,02405500,,031501060808,193.0,1996-03-06 13:00:00+00:00,1996-03-08 00:00:00+00:00,35.0,11000.0,56.994818652849744,1996.0,8.285714285714285,5.617411745410938,5.617411745410938,5–10-year,,False
AL-RF-19960306-0093,02423130,,031502020101,19.7,1996-03-06 13:00:00+00:00,1996-03-06 00:00:00+00:00,-13.0,2960.0,150.253807106599,1996.0,2.428571428571429,2.5387147446542775,2.5387147446542775,2–5-year,C,True
AL-RF-19960306-0093,02423410,,031502020103,42.7,1996-03-06 13:00:00+00:00,1996-03-07 00:00:00+00:00,11.0,1680.0,39.34426229508196,1996.0,5.333333333333333,,5.333333333333333,5–10-year,,True
AL-RF-19960306-0093,02423496,,031502020204,226.0,1996-03-06 13:00:00+00:00,1996-03-07 00:00:00+00:00,11.0,12200.0,53.982300884955755,1996.0,5.285714285714286,4.652746657906379,4.652746657906379,2–5-year,,False
AL-RF-19960306-0093,02423500,,031502020204,230.0,1996-03-06 13:00:00+00:00,1996-03-07 00:00:00+00:00,11.0,14500.0,63.04347826086956,1996.0,7.0,5.583448948020222,5.583448948020222,5–10-year,,False
AL-RF-19960306-0093,02455980,,031601110306,27.4,1996-03-06 13:00:00+00:00,1996-03-06 00:00:00+00:00,-13.0,5540.0,202.18978102189783,1996.0,5.285714285714286,4.696049880953543,4.696049880953543,2–5-year,C,False
AL-RF-19960306-0093,02458300,,031601110408,26.0,1996-03-06 13:00:00+00:00,1996-03-07 00:00:00+00:00,11.0,4560.0,175.3846153846154,1996.0,2.75,1.9969016159794033,1.9969016159794033,<2-year,C,False
AL-RF-19960306-0093,03574500,,060300020203,320.0,1996-03-06 13:00:00+00:00,1996-03-08 00:00:00+00:00,35.0,15000.0,46.875,1996.0,1.6851851851851851,1.763250685822502,1.763250685822502,<2-year,,True
AL-RF-19970503-0100,02399200,,031501050806,199.0,1997-05-03 08:00:00+00:00,1997-05-03 00:00:00+00:00,-8.0,24000.0,120.60301507537689,1997.0,6.454545454545455,5.4759385192279355,5.4759385192279355,5–10-year,,False
AL-RF-19970503-0100,02400100,,031501050909,252.0,1997-05-03 08:00:00+00:00,1997-05-03 00:00:00+00:00,-8.0,5210.0,20.674603174603174,1997.0,1.4545454545454546,1.4897437608019508,1.4897437608019508,<2-year,,True
AL-RF-19970503-0100,02401000,,031501060104,182.0,1997-05-03 08:00:00+00:00,1997-05-04 00:00:00+00:00,16.0,9480.0,52.08791208791209,1997.0,6.25,6.843716651625398,6.843716651625398,5–10-year,,False
AL-RF-19970503-0100,02438000,,031601030303,277.0,1997-05-03 08:00:00+00:00,1997-05-03 00:00:00+00:00,-8.0,22000.0,79.42238267148015,1997.0,5.461538461538462,5.448193222959708,5.448193222959708,5–10-year,,False
AL-RF-19970503-0100,02449882,,031601090107,13.0,1997-05-03 08:00:00+00:00,1997-05-03 00:00:00+00:00,-8.0,2470.0,190.0,1997.0,11.333333333333332,13.025303262702435,13.025303262702435,10–25-year,,False
AL-RF-19970503-0100,02450250,,031601100103,92.1,1997-05-03 08:00:00+00:00,1997-05-03 00:00:00+00:00,-8.0,10100.0,109.66340933767644,1997.0,5.0,4.989151460916863,4.989151460916863,2–5-year,,False
AL-RF-19970503-0100,02453000,,031601090309,181.0,1997-05-03 08:00:00+00:00,1997-05-03 00:00:00+00:00,-8.0,5480.0,30.276243093922652,1997.0,3.3636363636363633,3.925442878320106,3.925442878320106,2–5-year,,False
AL-RF-19970503-0100,02453390,,031601090601,11.8,1997-05-03 08:00:00+00:00,1997-05-03 00:00:00+00:00,-8.0,1930.0,163.5593220338983,1997.0,4.0,,4.0,2–5-year,,False
AL-RF-19970503-0100,02455000,,031601110208,303.0,1997-05-03 08:00:00+00:00,1997-05-03 00:00:00+00:00,-8.0,17300.0,57.0957095709571,1997.0,7.083333333333333,7.3269780324532645,7.3269780324532645,5–10-year,,False
AL-RF-19970503-0100,03576500,,060300021007,86.3,1997-05-03 08:00:00+00:00,1997-05-03 00:00:00+00:00,-8.0,5700.0,66.0486674391657,1997.0,1.68,2.0426888509552454,2.0426888509552454,2–5-year,,False
AL-RF-19970720-0101,02377570,,031401060506,192.0,1997-07-20 06:00:00+00:00,1997-07-21 00:00:00+00:00,18.0,15900.0,82.8125,1997.0,4.875,6.040091982478333,6.040091982478333,5–10-year,,False
AL-RF-19970720-0101,02378500,,031602050201,55.3,1997-07-20 06:00:00+00:00,1997-07-20 00:00:00+00:00,-6.0,16900.0,305.6057866184449,1997.0,28.0,37.28161002056827,37.28161002056827,25–50-year,,False
AL-RF-19970720-0101,02471001,,031602040303,125.0,1997-07-20 06:00:00+00:00,1997-07-20 00:00:00+00:00,-6.0,4140.0,33.12,1997.0,1.8974358974358976,1.8388398683966165,1.8388398683966165,<2-year,,False
AL-RF-19970720-0101,0247100550,,031602040304,23.2,1997-07-20 06:00:00+00:00,1997-07-19 00:00:00+00:00,-30.0,3490.0,150.43103448275863,1997.0,5.0,,5.0,5–10-year,,False
AL-RF-19970720-0101,02471078,,031602050104,16.5,1997-07-20 06:00:00+00:00,1997-07-19 00:00:00+00:00,-30.0,6940.0,420.6060606060606,1997.0,32.0,26.835166126049828,26.835166126049828,25–50-year,C,False
AL-RF-19980108-0104,02423130,,031502020101,19.7,1998-01-08 06:00:00+00:00,1998-01-07 00:00:00+00:00,-30.0,3380.0,171.5736040609137,1998.0,3.090909090909091,3.3708872560388143,3.3708872560388143,2–5-year,C,True
AL-RF-19980108-0104,02423555,,031502020206,335.0,1998-01-08 06:00:00+00:00,1998-01-08 00:00:00+00:00,-6.0,16600.0,49.55223880597015,1998.0,3.75,3.8493644285220467,3.8493644285220467,2–5-year,,False
AL-RF-19980108-0104,02423630,,031502020303,72.3,1998-01-08 06:00:00+00:00,1998-01-08 00:00:00+00:00,-6.0,5200.0,71.9225449515906,1998.0,7.166666666666667,4.699402596254376,4.699402596254376,2–5-year,,True
AL-RF-19980108-0104,02442500,,031601050203,247.0,1998-01-08 06:00:00+00:00,1998-01-08 00:00:00+00:00,-6.0,12500.0,50.607287449392715,1998.0,6.5,1000000.0,1000000.0,>500-year,,False
AL-RF-19980108-0104,02443000,,031601050205,309.0,1998-01-08 06:00:00+00:00,1998-01-08 00:00:00+00:00,-6.0,11800.0,38.18770226537217,1998.0,7.083333333333333,8.80361455398857,8.80361455398857,5–10-year,,False
AL-RF-19980108-0104,02443730,,031601060305,0.24,1998-01-08 06:00:00+00:00,1998-01-07 00:00:00+00:00,-30.0,163.0,679.1666666666667,1998.0,13.0,,13.0,10–25-year,,False
AL-RF-19980108-0104,02444160,,031601060502,5750.0,1998-01-08 06:00:00+00:00,1998-01-08 00:00:00+00:00,-6.0,77100.0,13.408695652173913,1998.0,1.956521739130435,1.8226028082778754,1.8226028082778754,<2-year,2,False
AL-RF-19980108-0104,02446500,,031601070302,528.0,1998-01-08 06:00:00+00:00,1998-01-10 00:00:00+00:00,42.0,12800.0,24.242424242424242,1998.0,3.7727272727272725,4.131979542333989,4.131979542333989,2–5-year,,False
AL-RF-19980108-0104,02447025,,031601060609,7230.0,1998-01-08 06:00:00+00:00,1998-01-11 00:00:00+00:00,66.0,134000.0,18.533886583679116,1998.0,5.125,4.1713594590706,4.1713594590706,2–5-year,2,False
AL-RF-19980108-0104,02448900,,031601081005,158.0,1998-01-08 06:00:00+00:00,1998-01-08 00:00:00+00:00,-6.0,21900.0,138.60759493670886,1998.0,35.0,71.93384876128174,71.93384876128174,50–100-year,,False
AL-RF-19980108-0104,02454995,,031601110202,13.0,1998-01-08 06:00:00+00:00,1998-01-07 00:00:00+00:00,-30.0,1830.0,140.76923076923077,1998.0,4.0,,4.0,2–5-year,,False
AL-RF-19980108-0104,02455000,,031601110208,303.0,1998-01-08 06:00:00+00:00,1998-01-08 00:00:00+00:00,-6.0,17800.0,58.745874587458744,1998.0,8.5,8.11722973381149,8.11722973381149,5–10-year,,False
AL-RF-19980108-0104,02461500,,031601120102,52.5,1998-01-08 06:00:00+00:00,1998-01-07 00:00:00+00:00,-30.0,7000.0,133.33333333333334,1998.0,4.666666666666667,4.692536095628261,4.692536095628261,2–5-year,C,False
AL-RF-19980108-0104,02461630,,031601120102,7.3,1998-01-08 06:00:00+00:00,1998-01-07 00:00:00+00:00,-30.0,919.0,125.89041095890411,1998.0,7.0,,7.0,5–10-year,,False
AL-RF-19980108-0104,02461640,,031601120102,61.4,1998-01-08 06:00:00+00:00,1998-01-07 00:00:00+00:00,-30.0,7600.0,123.7785016286645,1998.0,10.0,,10.0,10–25-year,C,True
AL-RF-19980108-0104,02462000,,031601120104,148.0,1998-01-08 06:00:00+00:00,1998-01-07 00:00:00+00:00,-30.0,10700.0,72.29729729729729,1998.0,5.615384615384616,4.318392404217503,4.318392404217503,2–5-year,,True
AL-RF-19980108-0104,02462500,,031601120203,3981.0,1998-01-08 06:00:00+00:00,1998-01-08 00:00:00+00:00,-6.0,95900.0,24.08942476764632,1998.0,4.2727272727272725,3.341180740287688,3.341180740287688,2–5-year,1,False
AL-RF-19980108-0104,02464000,,031601120408,223.0,1998-01-08 06:00:00+00:00,1998-01-07 00:00:00+00:00,-30.0,10300.0,46.18834080717489,1998.0,4.045454545454546,3.275868772840401,3.275868772840401,2–5-year,,False
AL-RF-19980108-0104,02464146,,031601120411,6.16,1998-01-08 06:00:00+00:00,1998-01-07 00:00:00+00:00,-30.0,934.0,151.62337662337663,1998.0,2.769230769230769,3.0118689577151643,3.0118689577151643,2–5-year,,False
AL-RF-19980108-0104,02464360,,031601120410,57.2,1998-01-08 06:00:00+00:00,1998-01-07 00:00:00+00:00,-30.0,4160.0,72.72727272727272,1998.0,4.571428571428571,5.653856621714429,5.653856621714429,5–10-year,,False
AL-RF-19980108-0104,02465000,,031601130201,4820.0,1998-01-08 06:00:00+00:00,1998-01-07 00:00:00+00:00,-30.0,159000.0,32.98755186721991,1998.0,4.363636363636364,4.641084987577886,4.641084987577886,2–5-year,,False
AL-RF-19980108-0104,02465080,,031601130201,11.4,1998-01-08 06:00:00+00:00,1998-01-07 00:00:00+00:00,-30.0,748.0,65.6140350877193,1998.0,3.0,,3.0,2–5-year,,False
AL-RF-19980108-0104,02465205,,031601130202,3.65,1998-01-08 06:00:00+00:00,1998-01-07 00:00:00+00:00,-30.0,1170.0,320.54794520547944,1998.0,6.5,,6.5,5–10-year,,False
AL-RF-19980108-0104,02466030,,031601130607,5810.0,1998-01-08 06:00:00+00:00,1998-01-10 00:00:00+00:00,42.0,96800.0,16.66092943201377,1998.0,3.3846153846153846,3.0306498421589647,3.0306498421589647,2–5-year,,False
AL-RF-19980108-0104,02467000,,031602010401,15385.0,1998-01-08 06:00:00+00:00,1998-01-12 00:00:00+00:00,90.0,182000.0,11.829704257393566,1998.0,6.066666666666666,4.828685137281351,4.828685137281351,2–5-year,,True
AL-RF-19980108-0104,02467500,,031602020405,607.0,1998-01-08 06:00:00+00:00,1998-01-09 00:00:00+00:00,18.0,19100.0,31.466227347611202,1998.0,9.444444444444445,10.405302037909072,10.405302037909072,10–25-year,,False
AL-RF-19980108-0104,02469761,,031602010909,18417.0,1998-01-08 06:00:00+00:00,1998-01-14 00:00:00+00:00,138.0,140000.0,7.601672367920942,1998.0,1.7297297297297298,1.7894471716203035,1.7894471716203035,<2-year,,False
AL-RF-19980108-0104,0247100550,,031602040304,23.2,1998-01-08 06:00:00+00:00,1998-01-07 00:00:00+00:00,-30.0,3280.0,141.3793103448276,1998.0,2.5,,2.5,2–5-year,,False
AL-RF-19980108-0104,02471078,,031602050104,16.5,1998-01-08 06:00:00+00:00,1998-01-07 00:00:00+00:00,-30.0,5060.0,306.6666666666667,1998.0,10.666666666666666,12.747078779150451,12.747078779150451,10–25-year,C,False
AL-RF-19980108-0104,03574500,,060300020203,320.0,1998-01-08 06:00:00+00:00,1998-01-08 00:00:00+00:00,-6.0,29000.0,90.625,1998.0,10.11111111111111,7.351954407986092,7.351954407986092,5–10-year,,True
AL-RF-19980108-0104,03586500,,060300050105,166.0,1998-01-08 06:00:00+00:00,1998-01-08 00:00:00+00:00,-6.0,8130.0,48.975903614457835,1998.0,4.2105263157894735,3.7032557042531975,3.7032557042531975,2–5-year,,False
AL-RF-19980308-0105,02342500,,031300030505,322.0,1998-03-08 20:00:00+00:00,1998-03-09 00:00:00+00:00,4.0,18200.0,56.52173913043478,1998.0,6.153846153846153,6.100121879978905,6.100121879978905,5–10-year,,False
AL-RF-19980308-0105,02342933,,031300031204,112.0,1998-03-08 20:00:00+00:00,1998-03-08 00:00:00+00:00,-20.0,9190.0,82.05357142857143,1998.0,6.125000000000001,5.576345459013074,5.576345459013074,5–10-year,,False
AL-RF-19980308-0105,02361000,,031402010602,686.0,1998-03-08 20:00:00+00:00,1998-03-09 00:00:00+00:00,4.0,39200.0,57.142857142857146,1998.0,24.749999999999996,28.462698642632322,28.462698642632322,25–50-year,,False
AL-RF-19980308-0105,02362240,,031402011101,21.4,1998-03-08 20:00:00+00:00,1998-03-08 00:00:00+00:00,-20.0,13900.0,649.5327102803739,1998.0,18.0,48.47529491414291,48.47529491414291,25–50-year,,False
AL-RF-19980308-0105,02363000,,031402020504,498.0,1998-03-08 20:00:00+00:00,1998-03-10 00:00:00+00:00,28.0,20900.0,41.967871485943775,1998.0,12.714285714285715,11.337709343547402,11.337709343547402,10–25-year,,False
AL-RF-19980308-0105,02363005,,031402020504,0.76,1998-03-08 20:00:00+00:00,1998-03-08 00:00:00+00:00,-20.0,250.0,328.9473684210526,1998.0,3.666666666666667,,3.666666666666667,2–5-year,,False
AL-RF-19980308-0105,02367500,,031401030103,114.0,1998-03-08 20:00:00+00:00,1998-03-08 00:00:00+00:00,-20.0,37900.0,332.4561403508772,1998.0,32.0,52.259889532433164,52.259889532433164,50–100-year,7,False
AL-RF-19980308-0105,02369800,,031401040104,87.7,1998-03-08 20:00:00+00:00,1998-03-08 00:00:00+00:00,-20.0,17500.0,199.54389965792473,1998.0,19.666666666666664,53.8455733124021,53.8455733124021,50–100-year,,False
AL-RF-19980308-0105,02371500,,031403010401,500.0,1998-03-08 20:00:00+00:00,1998-03-10 00:00:00+00:00,28.0,17000.0,34.0,1998.0,22.5,12.280519624283759,12.280519624283759,10–25-year,,False
AL-RF-19980308-0105,02371503,,031403010401,8.8,1998-03-08 20:00:00+00:00,1998-03-08 00:00:00+00:00,-20.0,3820.0,434.09090909090907,1998.0,2.0,,2.0,2–5-year,,False
AL-RF-19980308-0105,02373000,,031403030604,470.0,1998-03-08 20:00:00+00:00,1998-03-10 00:00:00+00:00,28.0,21200.0,45.1063829787234,1998.0,9.444444444444445,9.725119664310885,9.725119664310885,5–10-year,,False
AL-RF-19980308-0105,02374500,,031403040107,176.0,1998-03-08 20:00:00+00:00,1998-03-08 00:00:00+00:00,-20.0,7300.0,41.47727272727273,1998.0,5.625,5.244903119203054,5.244903119203054,5–10-year,,False
AL-RF-19980308-0105,02414500,,031501090107,1675.0,1998-03-08 20:00:00+00:00,1998-03-10 00:00:00+00:00,28.0,29300.0,17.492537313432837,1998.0,2.4390243902439024,2.391595546264865,2.391595546264865,2–5-year,,True
AL-RF-19980308-0105,02414715,,031501090309,2058.0,1998-03-08 20:00:00+00:00,1998-03-08 00:00:00+00:00,-20.0,45500.0,22.108843537414966,1998.0,6.833333333333334,5.905758054113501,5.905758054113501,5–10-year,,False
AL-RF-19980308-0105,02415000,,031501090405,190.0,1998-03-08 20:00:00+00:00,1998-03-08 00:00:00+00:00,-20.0,10000.0,52.63157894736842,1998.0,3.0,2.8910261527657073,2.8910261527657073,2–5-year,,False
AL-RF-19980308-0105,02418500,,031501100406,3328.0,1998-03-08 20:00:00+00:00,1998-03-10 00:00:00+00:00,28.0,40800.0,12.259615384615385,1998.0,3.185185185185185,3.343209348454763,3.343209348454763,2–5-year,1,False
AL-RF-19980930-0109,02361000,,031402010602,686.0,1998-09-30 13:00:00+00:00,1998-10-01 00:00:00+00:00,11.0,9560.0,13.935860058309038,1999.0,2.1521739130434785,2.3363766255528833,2.3363766255528833,2–5-year,,False
AL-RF-19980930-0109,02363000,,031402020504,498.0,1998-09-30 13:00:00+00:00,1998-10-01 00:00:00+00:00,11.0,5880.0,11.80722891566265,1999.0,1.7450980392156865,1.791026093013626,1.791026093013626,<2-year,,False
AL-RF-19980930-0109,02365200,,031402030105,3209.0,1998-09-30 13:00:00+00:00,1998-10-01 00:00:00+00:00,11.0,48400.0,15.082580243066376,1999.0,5.5,7.385706004988307,7.385706004988307,5–10-year,2,False
AL-RF-19980930-0109,02372250,,031403020501,442.0,1998-09-30 13:00:00+00:00,1998-09-30 00:00:00+00:00,-13.0,25400.0,57.46606334841629,1998.0,25.5,29.02520224132811,29.02520224132811,25–50-year,,False
AL-RF-19980930-0109,02373000,,031403030604,470.0,1998-09-30 13:00:00+00:00,1998-10-01 00:00:00+00:00,11.0,32800.0,69.7872340425532,1999.0,42.5,33.89386549155651,33.89386549155651,25–50-year,,False
AL-RF-19980930-0109,02374700,,031403040404,435.0,1998-09-30 13:00:00+00:00,1998-09-30 00:00:00+00:00,-13.0,18100.0,41.60919540229885,1998.0,7.0,12.34516232778918,12.34516232778918,10–25-year,7,True
AL-RF-19980930-0109,02374745,,031403040305,182.0,1998-09-30 13:00:00+00:00,1998-09-30 00:00:00+00:00,-13.0,18400.0,101.0989010989011,1998.0,14.0,32.89797453804537,32.89797453804537,25–50-year,7,False
AL-RF-19980930-0109,02375500,,031403050402,3817.0,1998-09-30 13:00:00+00:00,1998-09-30 00:00:00+00:00,-13.0,118000.0,30.91433062614619,1998.0,46.49999999999999,56.34403495861599,56.34403495861599,50–100-year,,True
AL-RF-19980930-0109,02376293,,031401060302,26.5,1998-09-30 13:00:00+00:00,1998-09-29 00:00:00+00:00,-37.0,3070.0,115.84905660377359,1998.0,4.5,4.542066990536425,4.542066990536425,2–5-year,,False
AL-RF-19980930-0109,02376500,,031401060403,394.0,1998-09-30 13:00:00+00:00,1998-09-29 00:00:00+00:00,-37.0,44000.0,111.6751269035533,1998.0,86.0,87.18725502448542,87.18725502448542,50–100-year,,False
AL-RF-19980930-0109,02377570,,031401060506,192.0,1998-09-30 13:00:00+00:00,1998-09-29 00:00:00+00:00,-37.0,48000.0,250.0,1998.0,39.0,63.00445390444142,63.00445390444142,50–100-year,,False
AL-RF-19980930-0109,02378500,,031602050201,55.3,1998-09-30 13:00:00+00:00,1998-09-28 00:00:00+00:00,-61.0,7870.0,142.3146473779385,1998.0,7.0,9.09431557739153,9.09431557739153,5–10-year,,False
AL-RF-19980930-0109,02427250,,031502030407,261.0,1998-09-30 13:00:00+00:00,1998-09-30 00:00:00+00:00,-13.0,28600.0,109.57854406130268,1998.0,18.5,40.53659142105348,40.53659142105348,25–50-year,,True
AL-RF-19980930-0109,02479431,,031700080201,20.4,1998-09-30 13:00:00+00:00,1998-09-28 00:00:00+00:00,-61.0,3210.0,157.3529411764706,1998.0,12.0,10.982881446785598,10.982881446785598,10–25-year,,False
AL-RF-19980930-0109,02479560,,031700080403,562.0,1998-09-30 13:00:00+00:00,1998-09-30 00:00:00+00:00,-13.0,27800.0,49.4661921708185,1998.0,15.666666666666668,29.064049306206847,29.064049306206847,25–50-year,,False
AL-RF-19980930-0109,02479945,,031700080501,31.48,1998-09-30 13:00:00+00:00,1998-09-28 00:00:00+00:00,-61.0,4700.0,149.30114358322746,1998.0,18.0,22.277980508949476,22.277980508949476,10–25-year,,False
AL-RF-19980930-0109,02479980,,031700080502,8.08,1998-09-30 13:00:00+00:00,1998-09-28 00:00:00+00:00,-61.0,1250.0,154.7029702970297,1998.0,9.0,9.456907704278146,9.456907704278146,5–10-year,,False
AL-RF-19980930-0109,02480002,,031700080502,8.22,1998-09-30 13:00:00+00:00,1998-09-28 00:00:00+00:00,-61.0,3640.0,442.8223844282238,1998.0,36.0,56.85662888565299,56.85662888565299,50–100-year,C,True
AL-RF-19990123-0111,02398300,,031501050605,366.0,1999-01-23 07:00:00+00:00,1999-01-23 00:00:00+00:00,-7.0,4980.0,13.60655737704918,1999.0,1.1621621621621623,1.1596882045070331,1.1596882045070331,<2-year,,True
AL-RF-19990123-0111,02398950,,031501050704,42.8,1999-01-23 07:00:00+00:00,1999-01-23 00:00:00+00:00,-7.0,2480.0,57.94392523364486,1999.0,1.7777777777777777,,1.7777777777777777,<2-year,,True
AL-RF-19990123-0111,02399200,,031501050806,199.0,1999-01-23 07:00:00+00:00,1999-01-23 00:00:00+00:00,-7.0,12500.0,62.814070351758794,1999.0,1.6904761904761905,1.6935567742573165,1.6935567742573165,<2-year,,False
AL-RF-19990123-0111,03586500,,060300050105,166.0,1999-01-23 07:00:00+00:00,1999-01-24 00:00:00+00:00,17.0,11200.0,67.46987951807229,1999.0,13.333333333333334,9.539102074420134,9.539102074420134,5–10-year,,False
AL-RF-19990131-0112,02422500,,031502011006,203.0,1999-01-31 03:00:00+00:00,1999-01-31 00:00:00+00:00,-3.0,6370.0,31.379310344827587,1999.0,2.3157894736842106,2.3024652498379727,2.3024652498379727,2–5-year,,False
AL-RF-19990131-0112,02424590,,031502020703,1480.0,1999-01-31 03:00:00+00:00,1999-02-02 00:00:00+00:00,45.0,23300.0,15.743243243243244,1999.0,2.7,2.4568784657833658,2.4568784657833658,2–5-year,,True
AL-RF-19990131-0112,02425000,,031502020902,1766.0,1999-01-31 03:00:00+00:00,1999-02-03 00:00:00+00:00,69.0,26700.0,15.118912797281993,1999.0,2.272727272727273,2.2757291631288488,2.2757291631288488,2–5-year,,True
AL-RF-19990131-0112,02428400,,031502040105,21473.0,1999-01-31 03:00:00+00:00,1999-02-04 00:00:00+00:00,93.0,143000.0,6.65952591626694,1999.0,2.263157894736842,2.2333821486225403,2.2333821486225403,2–5-year,,False
AL-RF-19990131-0112,02465493,,031601130302,32.3,1999-01-31 03:00:00+00:00,1999-01-30 00:00:00+00:00,-27.0,1460.0,45.20123839009288,1999.0,7.0,6.480161353899667,6.480161353899667,5–10-year,,False
AL-RF-19990131-0112,02466030,,031601130607,5810.0,1999-01-31 03:00:00+00:00,1999-02-02 00:00:00+00:00,45.0,74000.0,12.736660929432015,1999.0,1.5714285714285714,1.753680004949427,1.753680004949427,<2-year,,False
AL-RF-19990131-0112,02467000,,031602010401,15385.0,1999-01-31 03:00:00+00:00,1999-02-03 00:00:00+00:00,69.0,179000.0,11.634709132271693,1999.0,5.055555555555555,4.522101403830476,4.522101403830476,2–5-year,,True
AL-RF-19990131-0112,02469761,,031602010909,18417.0,1999-01-31 03:00:00+00:00,1999-02-06 00:00:00+00:00,141.0,177000.0,9.610685779442907,1999.0,5.333333333333333,3.499641990850321,3.499641990850321,2–5-year,,False
AL-RF-19990131-0112,02469800,,031602030205,164.0,1999-01-31 03:00:00+00:00,1999-01-31 00:00:00+00:00,-3.0,15500.0,94.51219512195122,1999.0,14.2,15.299070238376999,15.299070238376999,10–25-year,,False
AL-RF-19990131-0112,02470072,,031602030602,10.5,1999-01-31 03:00:00+00:00,1999-01-30 00:00:00+00:00,-27.0,1150.0,109.52380952380952,1999.0,1.722222222222222,1.8623857453139065,1.8623857453139065,<2-year,,False
AL-RF-19990629-0116,02423397,,031502020103,17.0,1999-06-29 20:00:00+00:00,1999-06-28 00:00:00+00:00,-44.0,2960.0,174.11764705882354,1999.0,5.8,6.038881005952118,6.038881005952118,5–10-year,C,False
AL-RF-19990629-0116,02423398,,031502020103,19.4,1999-06-29 20:00:00+00:00,1999-06-28 00:00:00+00:00,-44.0,3100.0,159.7938144329897,1999.0,7.333333333333334,4.9859691092139435,4.9859691092139435,2–5-year,C,True
AL-RF-19990629-0116,02423400,,031502020103,24.4,1999-06-29 20:00:00+00:00,1999-06-28 00:00:00+00:00,-44.0,3520.0,144.2622950819672,1999.0,10.666666666666666,8.682480360123064,8.682480360123064,5–10-year,C,False
AL-RF-19990629-0116,02423410,,031502020103,42.7,1999-06-29 20:00:00+00:00,1999-06-29 00:00:00+00:00,-20.0,1440.0,33.72365339578454,1999.0,4.0,,4.0,2–5-year,,True
AL-RF-20000404-0120,02398300,,031501050605,366.0,2000-04-04 14:00:00+00:00,2000-04-05 00:00:00+00:00,10.0,7700.0,21.038251366120218,2000.0,1.7551020408163265,1.7196764184282907,1.7196764184282907,<2-year,,True
AL-RF-20000404-0120,02398950,,031501050704,42.8,2000-04-04 14:00:00+00:00,2000-04-03 00:00:00+00:00,-38.0,3130.0,73.13084112149534,2000.0,4.0,,4.0,2–5-year,,True
AL-RF-20000404-0120,02399200,,031501050806,199.0,2000-04-04 14:00:00+00:00,2000-04-04 00:00:00+00:00,-14.0,13400.0,67.33668341708542,2000.0,1.918918918918919,1.8378420890869351,1.8378420890869351,<2-year,,False
AL-RF-20000404-0120,02400100,,031501050909,252.0,2000-04-04 14:00:00+00:00,2000-04-04 00:00:00+00:00,-14.0,5720.0,22.6984126984127,2000.0,1.641025641025641,1.6258628207063248,1.6258628207063248,<2-year,,True
AL-RF-20000404-0120,02401000,,031501060104,182.0,2000-04-04 14:00:00+00:00,2000-04-04 00:00:00+00:00,-14.0,4060.0,22.307692307692307,2000.0,1.5625,1.5301997871164958,1.5301997871164958,<2-year,,False
AL-RF-20000404-0120,02401390,,031501060305,141.0,2000-04-04 14:00:00+00:00,2000-04-04 00:00:00+00:00,-14.0,7900.0,56.02836879432624,2000.0,4.6923076923076925,4.7164670849127415,4.7164670849127415,2–5-year,,False
AL-RF-20000404-0120,02404400,,031501060514,481.0,2000-04-04 14:00:00+00:00,2000-04-04 00:00:00+00:00,-14.0,8220.0,17.08939708939709,2000.0,1.5,1.5294203549661944,1.5294203549661944,<2-year,,False
AL-RF-20000404-0120,02405500,,031501060808,193.0,2000-04-04 14:00:00+00:00,2000-04-04 00:00:00+00:00,-14.0,10700.0,55.44041450777202,2000.0,7.25,5.264852904006817,5.264852904006817,5–10-year,,False
AL-RF-20000404-0120,02406500,,031501060703,150.0,2000-04-04 14:00:00+00:00,2000-04-04 00:00:00+00:00,-14.0,5860.0,39.06666666666667,2000.0,2.0571428571428574,2.236437623233788,2.236437623233788,2–5-year,,False
AL-RF-20000404-0120,02412000,,031501080405,448.0,2000-04-04 14:00:00+00:00,2000-04-04 00:00:00+00:00,-14.0,5740.0,12.8125,2000.0,1.3035714285714286,1.4140835006319938,1.4140835006319938,<2-year,,True
AL-RF-20000404-0120,02423190,,031502020102,39.3,2000-04-04 14:00:00+00:00,2000-04-04 00:00:00+00:00,-14.0,3190.0,81.17048346055981,2000.0,3.0,,3.0,2–5-year,,False
AL-RF-20000404-0120,02423380,,031502020104,140.0,2000-04-04 14:00:00+00:00,2000-04-04 00:00:00+00:00,-14.0,10300.0,73.57142857142857,2000.0,3.142857142857143,3.5096064238515736,3.5096064238515736,2–5-year,,True
AL-RF-20000404-0120,02423397,,031502020103,17.0,2000-04-04 14:00:00+00:00,2000-04-03 00:00:00+00:00,-38.0,1650.0,97.05882352941177,2000.0,1.6111111111111112,1.5226768340112689,1.5226768340112689,<2-year,C,False
AL-RF-20000404-0120,02423398,,031502020103,19.4,2000-04-04 14:00:00+00:00,2000-04-03 00:00:00+00:00,-38.0,1880.0,96.90721649484537,2000.0,2.2,2.1106392164198775,2.1106392164198775,2–5-year,C,True
AL-RF-20000404-0120,02423630,,031502020303,72.3,2000-04-04 14:00:00+00:00,2000-04-03 00:00:00+00:00,-38.0,6110.0,84.50899031811895,2000.0,8.6,14.868368395759303,14.868368395759303,10–25-year,,True
AL-RF-20000404-0120,02442500,,031601050203,247.0,2000-04-04 14:00:00+00:00,2000-04-03 00:00:00+00:00,-38.0,8550.0,34.61538461538461,2000.0,2.7857142857142856,1.9278564679876877,1.9278564679876877,<2-year,,False
AL-RF-20000404-0120,02443000,,031601050205,309.0,2000-04-04 14:00:00+00:00,2000-04-04 00:00:00+00:00,-14.0,10400.0,33.65695792880259,2000.0,5.0,5.421934832007619,5.421934832007619,5–10-year,,False
AL-RF-20000404-0120,02444160,,031601060502,5750.0,2000-04-04 14:00:00+00:00,2000-04-05 00:00:00+00:00,10.0,120000.0,20.869565217391305,2000.0,9.0,7.84184496481955,7.84184496481955,5–10-year,,False
AL-RF-20000404-0120,02444490,,031601060504,52.6,2000-04-04 14:00:00+00:00,2000-04-03 00:00:00+00:00,-38.0,4150.0,78.89733840304183,2000.0,1.75,,1.75,<2-year,,True
AL-RF-20000404-0120,02446500,,031601070302,528.0,2000-04-04 14:00:00+00:00,2000-04-06 00:00:00+00:00,34.0,11300.0,21.401515151515152,2000.0,2.862068965517241,3.136682208949179,3.136682208949179,2–5-year,,False
AL-RF-20000404-0120,02448500,,031601081101,1097.0,2000-04-04 14:00:00+00:00,2000-04-04 00:00:00+00:00,-14.0,13200.0,12.03281677301732,2000.0,2.1842105263157894,2.1257146180582898,2.1257146180582898,2–5-year,,False
AL-RF-20000404-0120,02449882,,031601090107,13.0,2000-04-04 14:00:00+00:00,2000-04-03 00:00:00+00:00,-38.0,1620.0,124.61538461538461,2000.0,2.6153846153846154,2.356233029260116,2.356233029260116,2–5-year,,False
AL-RF-20000404-0120,02450000,,031601090203,358.0,2000-04-04 14:00:00+00:00,2000-04-03 22:15:00+00:00,-15.75,36700.0,102.51396648044692,2000.0,4.136363636363637,4.039585360789892,4.039585360789892,2–5-year,,False
AL-RF-20000404-0120,02450180,,031601090205,487.0,2000-04-04 14:00:00+00:00,2000-04-04 00:00:00+00:00,-14.0,25100.0,51.540041067761805,2000.0,3.916666666666667,3.9286458992752076,3.9286458992752076,2–5-year,,False
AL-RF-20000404-0120,02450250,,031601100103,92.1,2000-04-04 14:00:00+00:00,2000-04-03 00:00:00+00:00,-38.0,6970.0,75.6786102062975,2000.0,1.9354838709677418,1.9796905492871042,1.9796905492871042,<2-year,,False
AL-RF-20000404-0120,02450825,,031601100304,101.0,2000-04-04 14:00:00+00:00,2000-04-03 00:00:00+00:00,-38.0,6580.0,65.14851485148515,2000.0,2.642857142857143,3.0738143887772154,3.0738143887772154,2–5-year,,False
AL-RF-20000404-0120,02453000,,031601090309,181.0,2000-04-04 14:00:00+00:00,2000-04-05 00:00:00+00:00,10.0,4600.0,25.414364640883978,2000.0,2.3870967741935485,2.4646212263465106,2.4646212263465106,2–5-year,,False
AL-RF-20000404-0120,02454055,,031601090405,143.0,2000-04-04 14:00:00+00:00,2000-04-04 00:00:00+00:00,-14.0,6650.0,46.50349650349651,2000.0,6.0,4.8778867541078155,4.8778867541078155,2–5-year,,False
AL-RF-20000404-0120,02454995,,031601110202,13.0,2000-04-04 14:00:00+00:00,2000-04-03 00:00:00+00:00,-38.0,1140.0,87.6923076923077,2000.0,2.0,,2.0,2–5-year,,False
AL-RF-20000404-0120,02455000,,031601110208,303.0,2000-04-04 14:00:00+00:00,2000-04-04 00:00:00+00:00,-14.0,14500.0,47.85478547854785,2000.0,3.8636363636363633,4.146318593627684,4.146318593627684,2–5-year,,False
AL-RF-20000404-0120,02456500,,031601110404,885.0,2000-04-04 14:00:00+00:00,2000-04-04 00:00:00+00:00,-14.0,32500.0,36.72316384180791,2000.0,4.095238095238096,4.496134315354424,4.496134315354424,2–5-year,,False
AL-RF-20000404-0120,02461640,,031601120102,61.4,2000-04-04 14:00:00+00:00,2000-04-03 00:00:00+00:00,-38.0,6060.0,98.6970684039088,2000.0,3.3333333333333335,,3.3333333333333335,2–5-year,C,True
AL-RF-20000404-0120,02464360,,031601120410,57.2,2000-04-04 14:00:00+00:00,2000-04-03 00:00:00+00:00,-38.0,4010.0,70.1048951048951,2000.0,4.0,5.225510979855888,5.225510979855888,5–10-year,,False
AL-RF-20000404-0120,02465000,,031601130201,4820.0,2000-04-04 14:00:00+00:00,2000-04-04 00:00:00+00:00,-14.0,186000.0,38.58921161825726,2000.0,8.727272727272728,8.947463404267275,8.947463404267275,5–10-year,,False
AL-RF-20000404-0120,03573182,,060300010805,50.0,2000-04-04 14:00:00+00:00,2000-04-03 00:00:00+00:00,-38.0,3640.0,72.8,2000.0,2.0,,2.0,2–5-year,,False
AL-RF-20000404-0120,03574500,,060300020203,320.0,2000-04-04 14:00:00+00:00,2000-04-04 00:00:00+00:00,-14.0,21200.0,66.25,2000.0,3.137931034482759,3.192889817849617,3.192889817849617,2–5-year,,True
AL-RF-20000404-0120,0357479650,,060300020303,33.0,2000-04-04 14:00:00+00:00,2000-04-03 00:00:00+00:00,-38.0,3970.0,120.3030303030303,2000.0,8.333333333333334,14.046417288602044,14.046417288602044,10–25-year,,False
AL-RF-20000404-0120,03575100,,060300020403,375.0,2000-04-04 14:00:00+00:00,2000-04-04 00:00:00+00:00,-14.0,23900.0,63.733333333333334,2000.0,2.8,2.7833730725772674,2.7833730725772674,2–5-year,,True
AL-RF-20000404-0120,0357526200,,060300020404,4.89,2000-04-04 14:00:00+00:00,2000-04-03 00:00:00+00:00,-38.0,1310.0,267.8936605316974,2000.0,1.7058823529411766,1.8905061559515488,1.8905061559515488,<2-year,C,False
AL-RF-20000404-0120,03575500,,060300020904,25610.0,2000-04-04 14:00:00+00:00,2000-04-05 00:00:00+00:00,10.0,193000.0,7.536118703631394,2000.0,1.8636363636363635,1.8648145704404857,1.8648145704404857,<2-year,5,False
AL-RF-20000404-0120,0357568650,,060300020903,1.41,2000-04-04 14:00:00+00:00,2000-04-03 00:00:00+00:00,-38.0,882.0,625.5319148936171,2000.0,4.285714285714286,3.7960757894844614,3.7960757894844614,2–5-year,C,False
AL-RF-20000404-0120,0357568820,,060300020903,1.14,2000-04-04 14:00:00+00:00,2000-04-03 00:00:00+00:00,-38.0,195.0,171.05263157894737,2000.0,1.25,,1.25,<2-year,,True
AL-RF-20000404-0120,0357568980,,060300020903,6.97,2000-04-04 14:00:00+00:00,2000-04-03 00:00:00+00:00,-38.0,1500.0,215.20803443328552,2000.0,2.818181818181818,2.684964818552606,2.684964818552606,2–5-year,C,False
AL-RF-20000404-0120,03575700,,060300020903,14.1,2000-04-04 14:00:00+00:00,2000-04-03 00:00:00+00:00,-38.0,2040.0,144.68085106382978,2000.0,1.9523809523809523,1.9588711036627737,1.9588711036627737,<2-year,C,False
AL-RF-20000404-0120,03575830,,060300020505,49.0,2000-04-04 14:00:00+00:00,2000-04-03 00:00:00+00:00,-38.0,5890.0,120.20408163265306,2000.0,4.1875,4.365391704142074,4.365391704142074,2–5-year,C,True
AL-RF-20000404-0120,0357586650,,060300020502,3.44,2000-04-04 14:00:00+00:00,2000-04-03 00:00:00+00:00,-38.0,1000.0,290.69767441860466,2000.0,1.6111111111111112,1.5686050009687034,1.5686050009687034,<2-year,C,False
AL-RF-20000404-0120,0357587090,,060300020502,2.28,2000-04-04 14:00:00+00:00,2000-04-03 00:00:00+00:00,-38.0,660.0,289.47368421052636,2000.0,1.1923076923076923,1.1906598862090587,1.1906598862090587,<2-year,C,False
AL-RF-20000404-0120,0357587140,,060300020502,2.52,2000-04-04 14:00:00+00:00,2000-04-03 00:00:00+00:00,-38.0,417.0,165.47619047619048,2000.0,1.75,1.7897491557528955,1.7897491557528955,<2-year,C,True
AL-RF-20000404-0120,0357587400,,060300020502,8.5,2000-04-04 14:00:00+00:00,2000-04-03 00:00:00+00:00,-38.0,2240.0,263.52941176470586,2000.0,3.444444444444444,2.8008517558741723,2.8008517558741723,2–5-year,C,False
AL-RF-20000404-0120,0357587728,,060300020502,2.99,2000-04-04 14:00:00+00:00,2000-04-03 00:00:00+00:00,-38.0,803.0,268.561872909699,2000.0,1.6,1.8781720560937607,1.8781720560937607,<2-year,C,True
AL-RF-20000404-0120,03575890,,060300020502,22.6,2000-04-04 14:00:00+00:00,2000-04-03 00:00:00+00:00,-38.0,3790.0,167.69911504424778,2000.0,1.34375,1.465961333100159,1.465961333100159,<2-year,C,False
AL-RF-20000404-0120,0357591500,,060300020502,1.47,2000-04-04 14:00:00+00:00,2000-04-03 00:00:00+00:00,-38.0,1090.0,741.4965986394558,2000.0,2.071428571428571,2.047228277363483,2.047228277363483,2–5-year,C,False
AL-RF-20000404-0120,03575933,,060300020502,8.93,2000-04-04 14:00:00+00:00,2000-04-03 00:00:00+00:00,-38.0,2190.0,245.2407614781635,2000.0,2.428571428571429,,2.428571428571429,2–5-year,C,False
AL-RF-20000404-0120,03575950,,060300020503,41.8,2000-04-04 14:00:00+00:00,2000-04-03 00:00:00+00:00,-38.0,6340.0,151.67464114832538,2000.0,1.7999999999999998,1.6822182354811654,1.6822182354811654,<2-year,C,True
AL-RF-20000404-0120,03575980,,060300020503,9.64,2000-04-04 14:00:00+00:00,2000-04-03 00:00:00+00:00,-38.0,1990.0,206.43153526970954,2000.0,2.2105263157894735,2.0216772477076788,2.0216772477076788,2–5-year,C,False
AL-RF-20000404-0120,03576250,,060300020703,119.0,2000-04-04 14:00:00+00:00,2000-04-03 00:00:00+00:00,-38.0,8700.0,73.10924369747899,2000.0,2.40625,2.561378098474574,2.561378098474574,2–5-year,,False
AL-RF-20000404-0120,03586500,,060300050105,166.0,2000-04-04 14:00:00+00:00,2000-04-04 00:00:00+00:00,-14.0,6230.0,37.53012048192771,2000.0,2.1052631578947367,2.142514762034715,2.142514762034715,2–5-year,,False
AL-RF-20000404-0120,03589500,,060300050803,30810.0,2000-04-04 14:00:00+00:00,2000-04-04 00:00:00+00:00,-14.0,245000.0,7.9519636481661795,2000.0,1.8852459016393441,1.9172132617667192,1.9172132617667192,<2-year,5,False
AL-RF-20010304-0122,02341500,,031300030304,4670.0,2001-03-04 02:00:00+00:00,2001-03-04 02:45:00+00:00,0.75,61100.0,13.083511777301927,2001.0,2.3529411764705883,2.136872928011216,2.136872928011216,2–5-year,6,True
AL-RF-20010304-0122,02342500,,031300030505,322.0,2001-03-04 02:00:00+00:00,2001-03-04 00:00:00+00:00,-2.0,15200.0,47.20496894409938,2001.0,5.0,4.345881895921538,4.345881895921538,2–5-year,,False
AL-RF-20010304-0122,02342933,,031300031204,112.0,2001-03-04 02:00:00+00:00,2001-03-04 00:00:00+00:00,-2.0,9740.0,86.96428571428571,2001.0,7.0,6.43702023039933,6.43702023039933,5–10-year,,False
AL-RF-20010304-0122,02361000,,031402010602,686.0,2001-03-04 02:00:00+00:00,2001-03-05 00:00:00+00:00,22.0,11800.0,17.20116618075802,2001.0,3.193548387096774,3.1366594224392346,3.1366594224392346,2–5-year,,False
AL-RF-20010304-0122,02362240,,031402011101,21.4,2001-03-04 02:00:00+00:00,2001-03-03 00:00:00+00:00,-26.0,1280.0,59.81308411214954,2001.0,2.0,2.197808492303009,2.197808492303009,2–5-year,,False
AL-RF-20010304-0122,02364000,,031402020603,959.0,2001-03-04 02:00:00+00:00,2001-03-04 00:00:00+00:00,-2.0,15100.0,15.745568300312826,2001.0,2.4333333333333336,2.524158579244185,2.524158579244185,2–5-year,,False
AL-RF-20010304-0122,02371500,,031403010401,500.0,2001-03-04 02:00:00+00:00,2001-03-06 00:00:00+00:00,46.0,16900.0,33.8,2001.0,15.0,12.080301280760146,12.080301280760146,10–25-year,,False
AL-RF-20010304-0122,02372250,,031403020501,442.0,2001-03-04 02:00:00+00:00,2001-03-05 00:00:00+00:00,22.0,20600.0,46.60633484162896,2001.0,17.0,16.45576067307587,16.45576067307587,10–25-year,,False
AL-RF-20010304-0122,02373000,,031403030604,470.0,2001-03-04 02:00:00+00:00,2001-03-05 00:00:00+00:00,22.0,27000.0,57.4468085106383,2001.0,21.25,18.678806422370826,18.678806422370826,10–25-year,,False
AL-RF-20010304-0122,02374500,,031403040107,176.0,2001-03-04 02:00:00+00:00,2001-03-04 00:00:00+00:00,-2.0,12500.0,71.02272727272727,2001.0,12.857142857142858,12.1250189215968,12.1250189215968,10–25-year,,False
AL-RF-20010304-0122,02374700,,031403040404,435.0,2001-03-04 02:00:00+00:00,2001-03-04 00:00:00+00:00,-2.0,13400.0,30.804597701149426,2001.0,5.6,6.357296619749232,6.357296619749232,5–10-year,,True
AL-RF-20010304-0122,02374745,,031403040305,182.0,2001-03-04 02:00:00+00:00,2001-03-04 00:00:00+00:00,-2.0,8300.0,45.604395604395606,2001.0,7.0,6.807650915688249,6.807650915688249,5–10-year,,False
AL-RF-20010304-0122,02374950,,031403050206,193.0,2001-03-04 02:00:00+00:00,2001-03-05 00:00:00+00:00,22.0,11400.0,59.067357512953365,2001.0,26.0,17.719319452344067,17.719319452344067,10–25-year,,False
AL-RF-20010304-0122,02418230,,031501100102,71.3,2001-03-04 02:00:00+00:00,2001-03-04 00:00:00+00:00,-2.0,6000.0,84.1514726507714,2001.0,4.333333333333333,5.714433569736383,5.714433569736383,5–10-year,,False
AL-RF-20010304-0122,02421105,,031502010401,0.45,2001-03-04 02:00:00+00:00,2001-03-03 00:00:00+00:00,-26.0,148.0,328.88888888888886,2001.0,2.8,,2.8,2–5-year,,False
AL-RF-20010304-0122,02421115,,031502010404,59.3,2001-03-04 02:00:00+00:00,2001-03-04 00:00:00+00:00,-2.0,12900.0,217.5379426644182,2001.0,4.0,,4.0,2–5-year,,False
AL-RF-20010304-0122,02427250,,031502030407,261.0,2001-03-04 02:00:00+00:00,2001-03-04 00:00:00+00:00,-2.0,30400.0,116.47509578544062,2001.0,37.0,48.30274302599311,48.30274302599311,25–50-year,,True
AL-RF-20010304-0122,02428400,,031502040105,21473.0,2001-03-04 02:00:00+00:00,2001-03-08 00:00:00+00:00,94.0,177000.0,8.242909700554184,2001.0,5.375,5.8338896250492835,5.8338896250492835,5–10-year,,False
AL-RF-20010304-0122,02469761,,031602010909,18417.0,2001-03-04 02:00:00+00:00,2001-03-07 00:00:00+00:00,70.0,136000.0,7.384481728837487,2001.0,1.5238095238095237,1.6924356651792125,1.6924356651792125,<2-year,,False
AL-RF-20010304-0122,02469795,,031602030203,0.72,2001-03-04 02:00:00+00:00,2001-03-03 00:00:00+00:00,-26.0,250.0,347.22222222222223,2001.0,2.25,,2.25,2–5-year,,True
AL-RF-20010304-0122,02469800,,031602030205,164.0,2001-03-04 02:00:00+00:00,2001-03-04 00:00:00+00:00,-2.0,9990.0,60.91463414634146,2001.0,5.916666666666667,6.308430917454024,6.308430917454024,5–10-year,,False
AL-RF-20010304-0122,02478500,,031700030402,2690.0,2001-03-04 02:00:00+00:00,2001-03-06 00:00:00+00:00,46.0,30400.0,11.301115241635689,2001.0,3.068965517241379,3.5645117825445096,3.5645117825445096,2–5-year,,False
AL-RF-20010404-0123,02423130,,031502020101,19.7,2001-04-04 04:00:00+00:00,2001-04-03 00:00:00+00:00,-28.0,3390.0,172.08121827411168,2001.0,3.7777777777777777,3.395155062192274,3.395155062192274,2–5-year,C,True
AL-RF-20010404-0123,02423380,,031502020104,140.0,2001-04-04 04:00:00+00:00,2001-04-04 00:00:00+00:00,-4.0,13200.0,94.28571428571429,2001.0,8.8,7.510449205184649,7.510449205184649,5–10-year,,True
AL-RF-20010404-0123,02423397,,031502020103,17.0,2001-04-04 04:00:00+00:00,2001-04-03 00:00:00+00:00,-28.0,2190.0,128.8235294117647,2001.0,2.9,2.108162306330066,2.108162306330066,2–5-year,C,False
AL-RF-20010404-0123,02423398,,031502020103,19.4,2001-04-04 04:00:00+00:00,2001-04-03 00:00:00+00:00,-28.0,2590.0,133.50515463917526,2001.0,4.4,3.3055065381445705,3.3055065381445705,2–5-year,C,True
AL-RF-20010404-0123,02456500,,031601110404,885.0,2001-04-04 04:00:00+00:00,2001-04-04 00:00:00+00:00,-4.0,28700.0,32.429378531073446,2001.0,3.185185185185185,3.103276369046738,3.103276369046738,2–5-year,,False
AL-RF-20010404-0123,02456980,,031601110406,18.6,2001-04-04 04:00:00+00:00,2001-04-03 00:00:00+00:00,-28.0,3430.0,184.40860215053763,2001.0,2.0,,2.0,2–5-year,C,True
AL-RF-20010404-0123,02456998,,031601110406,3.11,2001-04-04 04:00:00+00:00,2001-04-03 00:00:00+00:00,-28.0,2710.0,871.3826366559485,2001.0,4.0,,4.0,2–5-year,C,False
AL-RF-20010404-0123,02457000,,031601110406,23.9,2001-04-04 04:00:00+00:00,2001-04-03 00:00:00+00:00,-28.0,4210.0,176.15062761506277,2001.0,3.6153846153846154,3.520772893552892,3.520772893552892,2–5-year,C,True
AL-RF-20011125-0128,02342933,,031300031204,112.0,2001-11-25 11:00:00+00:00,2001-11-25 00:00:00+00:00,-11.0,4880.0,43.57142857142857,2002.0,1.5312500000000002,1.6998728866299355,1.6998728866299355,<2-year,,False
AL-RF-20011214-0130,02442500,,031601050203,247.0,2001-12-14 05:00:00+00:00,2001-12-14 00:00:00+00:00,-5.0,6650.0,26.923076923076923,2002.0,2.1666666666666665,1.4709843899962691,1.4709843899962691,<2-year,,False
AL-RF-20011214-0130,02450825,,031601100304,101.0,2001-12-14 05:00:00+00:00,2001-12-14 00:00:00+00:00,-5.0,6480.0,64.15841584158416,2002.0,2.4666666666666663,2.964798527948278,2.964798527948278,2–5-year,,False
AL-RF-20020119-0131,02406500,,031501060703,150.0,2002-01-19 15:00:00+00:00,2002-01-20 00:00:00+00:00,9.0,3400.0,22.666666666666668,2002.0,1.4117647058823528,1.3752161860287342,1.3752161860287342,<2-year,,False
AL-RF-20020119-0131,02424000,,031502020503,1027.0,2002-01-19 15:00:00+00:00,2002-01-25 00:00:00+00:00,129.0,18300.0,17.818889970788707,2002.0,1.2747252747252749,1.2838005729466557,1.2838005729466557,<2-year,,True
AL-RF-20020119-0131,02461630,,031601120102,7.3,2002-01-19 15:00:00+00:00,2002-01-19 00:00:00+00:00,-15.0,474.0,64.93150684931507,2002.0,1.75,,1.75,<2-year,,False
AL-RF-20020125-0132,03588500,,060300050508,348.0,2002-01-25 02:00:00+00:00,2002-01-23 00:00:00+00:00,-50.0,47400.0,136.20689655172413,2002.0,13.571428571428573,14.777096213830731,14.777096213830731,10–25-year,,False
AL-RF-20020125-0132,03589500,,060300050803,30810.0,2002-01-25 02:00:00+00:00,2002-01-26 00:00:00+00:00,22.0,300000.0,9.737098344693282,2002.0,3.59375,3.6989422197049584,3.6989422197049584,2–5-year,5,False
AL-RF-20020927-0137,02374700,,031403040404,435.0,2002-09-27 04:00:00+00:00,2002-09-26 00:00:00+00:00,-28.0,3280.0,7.540229885057471,2002.0,1.1666666666666667,1.2375430465655395,1.2375430465655395,<2-year,,True
AL-RF-20020927-0137,02374745,,031403040305,182.0,2002-09-27 04:00:00+00:00,2002-09-26 00:00:00+00:00,-28.0,2250.0,12.362637362637363,2002.0,1.3333333333333333,1.388437640283387,1.388437640283387,<2-year,,False
AL-RF-20020927-0137,02374950,,031403050206,193.0,2002-09-27 04:00:00+00:00,2002-09-26 00:00:00+00:00,-28.0,4910.0,25.440414507772022,2002.0,2.5999999999999996,2.417411527165949,2.417411527165949,2–5-year,,False
AL-RF-20020927-0137,02375500,,031403050402,3817.0,2002-09-27 04:00:00+00:00,2002-09-27 00:00:00+00:00,-4.0,23500.0,6.156667539952842,2002.0,1.3285714285714285,1.280589218730834,1.280589218730834,<2-year,,True
AL-RF-20020927-0137,02376293,,031401060302,26.5,2002-09-27 04:00:00+00:00,2002-09-26 00:00:00+00:00,-28.0,1130.0,42.64150943396226,2002.0,1.5,1.5045756835552317,1.5045756835552317,<2-year,,False
AL-RF-20020927-0137,02376500,,031401060403,394.0,2002-09-27 04:00:00+00:00,2002-09-27 00:00:00+00:00,-4.0,11600.0,29.441624365482234,2002.0,3.739130434782609,3.587290184837033,3.587290184837033,2–5-year,,False
AL-RF-20020927-0137,02378300,,031602050203,16.6,2002-09-27 04:00:00+00:00,2002-09-26 00:00:00+00:00,-28.0,3010.0,181.32530120481925,2002.0,3.375,3.6096832863041888,3.6096832863041888,2–5-year,,False
AL-RF-20020927-0137,02378500,,031602050201,55.3,2002-09-27 04:00:00+00:00,2002-09-26 00:00:00+00:00,-28.0,3920.0,70.8860759493671,2002.0,3.1111111111111107,3.497000635294152,3.497000635294152,2–5-year,,False
AL-RF-20020927-0137,02423380,,031502020104,140.0,2002-09-27 04:00:00+00:00,2002-09-22 00:00:00+00:00,-124.0,6780.0,48.42857142857143,2002.0,1.8333333333333335,1.738500884634094,1.738500884634094,<2-year,,True
AL-RF-20020927-0137,02423425,,031502020204,201.0,2002-09-27 04:00:00+00:00,2002-09-22 00:00:00+00:00,-124.0,6060.0,30.149253731343283,2002.0,1.3928571428571428,1.3446473716181093,1.3446473716181093,<2-year,6,False
AL-RF-20020927-0137,02423496,,031502020204,226.0,2002-09-27 04:00:00+00:00,2002-09-22 00:00:00+00:00,-124.0,8070.0,35.70796460176991,2002.0,1.761904761904762,1.619313052488961,1.619313052488961,<2-year,,False
AL-RF-20020927-0137,02423500,,031502020204,230.0,2002-09-27 04:00:00+00:00,2002-09-22 00:00:00+00:00,-124.0,8630.0,37.52173913043478,2002.0,2.032258064516129,1.994226312241684,1.994226312241684,<2-year,,False
AL-RF-20020927-0137,0242354750,,031502020202,25.6,2002-09-27 04:00:00+00:00,2002-09-22 00:00:00+00:00,-124.0,1330.0,51.953125,2002.0,2.0,2.1989630865887846,2.1989630865887846,2–5-year,C,True
AL-RF-20020927-0137,02423555,,031502020206,335.0,2002-09-27 04:00:00+00:00,2002-09-22 00:00:00+00:00,-124.0,10000.0,29.850746268656717,2002.0,1.875,1.6332753437857779,1.6332753437857779,<2-year,,False
AL-RF-20020927-0137,02423586,,031502020301,27.1,2002-09-27 04:00:00+00:00,2002-09-22 00:00:00+00:00,-124.0,4040.0,149.07749077490774,2002.0,3.2,,3.2,2–5-year,C,True
AL-RF-20020927-0137,02423630,,031502020303,72.3,2002-09-27 04:00:00+00:00,2002-09-22 00:00:00+00:00,-124.0,4140.0,57.261410788381745,2002.0,2.5294117647058827,2.05229397682415,2.05229397682415,2–5-year,,True
AL-RF-20020927-0137,02471001,,031602040303,125.0,2002-09-27 04:00:00+00:00,2002-09-26 00:00:00+00:00,-28.0,7520.0,60.16,2002.0,5.285714285714286,4.216794331233187,4.216794331233187,2–5-year,,False
AL-RF-20020927-0137,02471013,,031602040504,10.4,2002-09-27 04:00:00+00:00,2002-09-26 00:00:00+00:00,-28.0,1010.0,97.11538461538461,2002.0,1.6666666666666667,,1.6666666666666667,<2-year,,False
AL-RF-20020927-0137,02471078,,031602050104,16.5,2002-09-27 04:00:00+00:00,2002-09-26 00:00:00+00:00,-28.0,1580.0,95.75757575757575,2002.0,2.1333333333333333,1.98724003204552,1.98724003204552,<2-year,C,False
AL-RF-20020927-0137,02479560,,031700080403,562.0,2002-09-27 04:00:00+00:00,2002-09-28 00:00:00+00:00,20.0,8870.0,15.782918149466193,2002.0,1.8076923076923077,1.70144984372295,1.70144984372295,<2-year,,False
AL-RF-20020927-0137,02479945,,031700080501,31.48,2002-09-27 04:00:00+00:00,2002-09-26 00:00:00+00:00,-28.0,1460.0,46.37865311308767,2002.0,2.4,2.424179529345669,2.424179529345669,2–5-year,,False
AL-RF-20020927-0137,02479980,,031700080502,8.08,2002-09-27 04:00:00+00:00,2002-09-26 00:00:00+00:00,-28.0,720.0,89.10891089108911,2002.0,2.4,2.460553779770071,2.460553779770071,2–5-year,,False
AL-RF-20020927-0137,02480002,,031700080502,8.22,2002-09-27 04:00:00+00:00,2002-09-26 00:00:00+00:00,-28.0,1000.0,121.654501216545,2002.0,3.5999999999999996,3.133375483413945,3.133375483413945,2–5-year,C,True
AL-RF-20021224-0143,02427250,,031502030407,261.0,2002-12-24 13:00:00+00:00,2002-12-25 00:00:00+00:00,11.0,10800.0,41.37931034482759,2003.0,4.625,3.917032961449058,3.917032961449058,2–5-year,,True
AL-RF-20030222-0145,02438000,,031601030303,277.0,2003-02-22 08:00:00+00:00,2003-02-22 00:00:00+00:00,-8.0,15400.0,55.5956678700361,2003.0,2.21875,2.1490822090652046,2.1490822090652046,2–5-year,,False
AL-RF-20030222-0145,02442500,,031601050203,247.0,2003-02-22 08:00:00+00:00,2003-02-23 00:00:00+00:00,16.0,9150.0,37.044534412955464,2003.0,3.0,2.2168529761837603,2.2168529761837603,2–5-year,,False
AL-RF-20030222-0145,02443000,,031601050205,309.0,2003-02-22 08:00:00+00:00,2003-02-23 00:00:00+00:00,16.0,9610.0,31.100323624595468,2003.0,4.0476190476190474,4.192082969624169,4.192082969624169,2–5-year,,False
AL-RF-20030222-0145,02450250,,031601100103,92.1,2003-02-22 08:00:00+00:00,2003-02-22 00:00:00+00:00,-8.0,8660.0,94.02823018458199,2003.0,3.3333333333333335,3.183505520555865,3.183505520555865,2–5-year,,False
AL-RF-20030222-0145,02450825,,031601100304,101.0,2003-02-22 08:00:00+00:00,2003-02-22 00:00:00+00:00,-8.0,7160.0,70.89108910891089,2003.0,4.111111111111111,3.8108409203033666,3.8108409203033666,2–5-year,,False
AL-RF-20030407-0147,02361500,,031402011202,1280.0,2003-04-07 13:00:00+00:00,2003-04-09 00:00:00+00:00,35.0,12200.0,9.53125,2003.0,1.588235294117647,1.6482869677807026,1.6482869677807026,<2-year,,False
AL-RF-20030407-0147,02467500,,031602020405,607.0,2003-04-07 13:00:00+00:00,2003-04-09 00:00:00+00:00,35.0,28000.0,46.12850082372323,2003.0,21.25,27.12216855349911,27.12216855349911,25–50-year,,False
AL-RF-20030425-0148,02448900,,031601081005,158.0,2003-04-25 08:00:00+00:00,2003-04-25 00:00:00+00:00,-8.0,14000.0,88.60759493670886,2003.0,7.0,8.218861229064668,8.218861229064668,5–10-year,,False
AL-RF-20030425-0148,02465493,,031601130302,32.3,2003-04-25 08:00:00+00:00,2003-04-25 00:00:00+00:00,-8.0,1160.0,35.913312693498455,2003.0,4.8999999999999995,4.658559921923678,4.658559921923678,2–5-year,,False
AL-RF-20030508-0150,02339500,,031300020908,3550.0,2003-05-08 11:00:00+00:00,2003-05-08 21:00:00+00:00,10.0,75100.0,21.154929577464788,2003.0,16.375,16.449669567355087,16.449669567355087,10–25-year,6,True
AL-RF-20030508-0150,02398300,,031501050605,366.0,2003-05-08 11:00:00+00:00,2003-05-07 00:00:00+00:00,-35.0,10600.0,28.961748633879782,2003.0,2.774193548387097,3.0175178954457063,3.0175178954457063,2–5-year,,True
AL-RF-20030508-0150,02398950,,031501050704,42.8,2003-05-08 11:00:00+00:00,2003-05-06 00:00:00+00:00,-59.0,4510.0,105.37383177570094,2003.0,5.333333333333333,,5.333333333333333,5–10-year,,True
AL-RF-20030508-0150,02399200,,031501050806,199.0,2003-05-08 11:00:00+00:00,2003-05-06 00:00:00+00:00,-59.0,24700.0,124.12060301507537,2003.0,7.1,5.906419620697249,5.906419620697249,5–10-year,,False
AL-RF-20030508-0150,02400680,,031501060101,55.4,2003-05-08 11:00:00+00:00,2003-05-06 00:00:00+00:00,-59.0,3760.0,67.87003610108303,2003.0,12.0,6.091072508253171,6.091072508253171,5–10-year,,False
AL-RF-20030508-0150,02403310,,031501060507,191.0,2003-05-08 11:00:00+00:00,2003-05-07 00:00:00+00:00,-35.0,5200.0,27.225130890052355,2003.0,9.0,,9.0,5–10-year,,True
AL-RF-20030508-0150,02404400,,031501060514,481.0,2003-05-08 11:00:00+00:00,2003-05-08 00:00:00+00:00,-11.0,27700.0,57.58835758835759,2003.0,10.5,11.551976888539562,11.551976888539562,10–25-year,,False
AL-RF-20030508-0150,02405500,,031501060808,193.0,2003-05-08 11:00:00+00:00,2003-05-08 00:00:00+00:00,-11.0,11400.0,59.067357512953365,2003.0,9.666666666666666,6.116869356859406,6.116869356859406,5–10-year,,False
AL-RF-20030508-0150,02406500,,031501060703,150.0,2003-05-08 11:00:00+00:00,2003-05-08 00:00:00+00:00,-11.0,15300.0,102.0,2003.0,18.0,12.909433131421636,12.909433131421636,10–25-year,,False
AL-RF-20030508-0150,02412000,,031501080405,448.0,2003-05-08 11:00:00+00:00,2003-05-08 00:00:00+00:00,-11.0,12900.0,28.794642857142858,2003.0,8.11111111111111,7.741457148319358,7.741457148319358,5–10-year,,True
AL-RF-20030508-0150,02413300,,031501080905,406.0,2003-05-08 11:00:00+00:00,2003-05-08 00:00:00+00:00,-11.0,13200.0,32.51231527093596,2003.0,16.666666666666668,22.012929314210748,22.012929314210748,10–25-year,,False
AL-RF-20030508-0150,02414500,,031501090107,1675.0,2003-05-08 11:00:00+00:00,2003-05-08 00:00:00+00:00,-11.0,125000.0,74.6268656716418,2003.0,100.0,428.6112668394926,428.6112668394926,200–500-year,,True
AL-RF-20030508-0150,02414715,,031501090309,2058.0,2003-05-08 11:00:00+00:00,2003-05-09 00:00:00+00:00,13.0,132000.0,64.1399416909621,2003.0,41.0,115.22396376226678,115.22396376226678,100–200-year,,False
AL-RF-20030508-0150,02415000,,031501090405,190.0,2003-05-08 11:00:00+00:00,2003-05-08 00:00:00+00:00,-11.0,17700.0,93.15789473684211,2003.0,21.0,27.13603224294582,27.13603224294582,25–50-year,,False
AL-RF-20030508-0150,02423130,,031502020101,19.7,2003-05-08 11:00:00+00:00,2003-05-07 00:00:00+00:00,-35.0,7350.0,373.0964467005076,2003.0,34.0,517.9621617973193,517.9621617973193,>500-year,C,True
AL-RF-20030508-0150,02423380,,031502020104,140.0,2003-05-08 11:00:00+00:00,2003-05-08 00:00:00+00:00,-11.0,23500.0,167.85714285714286,2003.0,44.0,778.6262337812192,778.6262337812192,>500-year,,True
AL-RF-20030508-0150,02423397,,031502020103,17.0,2003-05-08 11:00:00+00:00,2003-05-07 00:00:00+00:00,-35.0,6000.0,352.94117647058823,2003.0,29.0,1000000.0,1000000.0,>500-year,C,False
AL-RF-20030508-0150,02423398,,031502020103,19.4,2003-05-08 11:00:00+00:00,2003-05-07 00:00:00+00:00,-35.0,5490.0,282.9896907216495,2003.0,22.0,1000000.0,1000000.0,>500-year,C,True
AL-RF-20030508-0150,02423400,,031502020103,24.4,2003-05-08 11:00:00+00:00,2003-05-07 00:00:00+00:00,-35.0,7450.0,305.32786885245906,2003.0,32.0,97.61793657164681,97.61793657164681,50–100-year,"2,7,C",False
AL-RF-20030508-0150,02455900,,031601110308,707.0,2003-05-08 11:00:00+00:00,2003-05-08 00:00:00+00:00,-11.0,26400.0,37.34087694483734,2003.0,3.666666666666667,,3.666666666666667,2–5-year,,False
AL-RF-20030508-0150,02455980,,031601110306,27.4,2003-05-08 11:00:00+00:00,2003-05-07 00:00:00+00:00,-35.0,8510.0,310.5839416058394,2003.0,9.25,16.298895718155315,16.298895718155315,10–25-year,C,False
AL-RF-20030508-0150,02456000,,031601110307,80.9,2003-05-08 11:00:00+00:00,2003-05-07 00:00:00+00:00,-35.0,15800.0,195.3028430160692,2003.0,54.0,93.81998805845403,93.81998805845403,50–100-year,,False
AL-RF-20030508-0150,02456500,,031601110404,885.0,2003-05-08 11:00:00+00:00,2003-05-08 00:00:00+00:00,-11.0,34200.0,38.644067796610166,2003.0,5.733333333333333,5.388154658684981,5.388154658684981,5–10-year,,False
AL-RF-20030508-0150,02457000,,031601110406,23.9,2003-05-08 11:00:00+00:00,2003-05-07 00:00:00+00:00,-35.0,16700.0,698.744769874477,2003.0,47.0,1112.68169267295,1112.68169267295,>500-year,C,True
AL-RF-20030508-0150,02457595,,031601110406,51.9,2003-05-08 11:00:00+00:00,2003-05-07 00:00:00+00:00,-35.0,24200.0,466.28131021194605,2003.0,38.0,218.45523093476902,218.45523093476902,200–500-year,,False
AL-RF-20030508-0150,02457670,,031601110407,91.7,2003-05-08 11:00:00+00:00,2003-05-08 00:00:00+00:00,-11.0,29400.0,320.6106870229008,2003.0,11.0,,11.0,10–25-year,,False
AL-RF-20030508-0150,02458148,,031601110408,4.1,2003-05-08 11:00:00+00:00,2003-05-07 00:00:00+00:00,-35.0,1990.0,485.36585365853665,2003.0,21.0,1000000.0,1000000.0,>500-year,C,False
AL-RF-20030508-0150,02458200,,031601110408,15.6,2003-05-08 11:00:00+00:00,2003-05-07 00:00:00+00:00,-35.0,4860.0,311.53846153846155,2003.0,6.5,,6.5,5–10-year,C,True
AL-RF-20030508-0150,02458300,,031601110408,26.0,2003-05-08 11:00:00+00:00,2003-05-07 00:00:00+00:00,-35.0,5950.0,228.84615384615384,2003.0,33.0,287.10821210941697,287.10821210941697,200–500-year,C,False
AL-RF-20030508-0150,02458450,,031601110408,33.5,2003-05-08 11:00:00+00:00,2003-05-08 00:00:00+00:00,-11.0,6110.0,182.38805970149255,2003.0,6.833333333333334,9.201562912683158,9.201562912683158,5–10-year,C,False
AL-RF-20030508-0150,02458502,,031601110408,36.7,2003-05-08 11:00:00+00:00,2003-05-08 00:00:00+00:00,-11.0,5180.0,141.14441416893732,2003.0,3.0,2.5613343083565145,2.5613343083565145,2–5-year,C,False
AL-RF-20030508-0150,02458600,,031601110408,52.2,2003-05-08 11:00:00+00:00,2003-05-08 00:00:00+00:00,-11.0,5980.0,114.55938697318007,2003.0,5.0,5.965789129594763,5.965789129594763,5–10-year,C,False
AL-RF-20030508-0150,03573182,,060300010805,50.0,2003-05-08 11:00:00+00:00,2003-05-06 00:00:00+00:00,-59.0,5080.0,101.6,2003.0,8.0,,8.0,5–10-year,,False
AL-RF-20030508-0150,0357479650,,060300020303,33.0,2003-05-08 11:00:00+00:00,2003-05-06 00:00:00+00:00,-59.0,5780.0,175.15151515151516,2003.0,12.5,1000000.0,1000000.0,>500-year,,False
AL-RF-20030508-0150,03575100,,060300020403,375.0,2003-05-08 11:00:00+00:00,2003-05-07 00:00:00+00:00,-35.0,33500.0,89.33333333333333,2003.0,7.0,6.295299935962099,6.295299935962099,5–10-year,,True
AL-RF-20030508-0150,0357526200,,060300020404,4.89,2003-05-08 11:00:00+00:00,2003-05-06 00:00:00+00:00,-59.0,4250.0,869.1206543967281,2003.0,29.0,80.8716845660424,80.8716845660424,50–100-year,C,False
AL-RF-20030508-0150,03575500,,060300020904,25610.0,2003-05-08 11:00:00+00:00,2003-05-09 00:00:00+00:00,13.0,294000.0,11.479890667707927,2003.0,27.333333333333336,18.631953563491695,18.631953563491695,10–25-year,5,False
AL-RF-20030508-0150,0357568650,,060300020903,1.41,2003-05-08 11:00:00+00:00,2003-05-06 00:00:00+00:00,-59.0,2260.0,1602.8368794326243,2003.0,15.0,49.462836943864865,49.462836943864865,25–50-year,C,False
AL-RF-20030508-0150,0357568820,,060300020903,1.14,2003-05-08 11:00:00+00:00,2003-05-06 00:00:00+00:00,-59.0,700.0,614.0350877192983,2003.0,5.0,,5.0,5–10-year,,True
AL-RF-20030508-0150,0357568980,,060300020903,6.97,2003-05-08 11:00:00+00:00,2003-05-06 00:00:00+00:00,-59.0,3860.0,553.8020086083214,2003.0,15.5,24.226240340835304,24.226240340835304,10–25-year,C,False
AL-RF-20030508-0150,03575700,,060300020903,14.1,2003-05-08 11:00:00+00:00,2003-05-06 00:00:00+00:00,-59.0,4910.0,348.2269503546099,2003.0,10.25,11.724925147270783,11.724925147270783,10–25-year,C,False
AL-RF-20030508-0150,03575830,,060300020505,49.0,2003-05-08 11:00:00+00:00,2003-05-06 00:00:00+00:00,-59.0,10900.0,222.44897959183675,2003.0,16.75,19.751129923752753,19.751129923752753,10–25-year,C,True
AL-RF-20030508-0150,0357586650,,060300020502,3.44,2003-05-08 11:00:00+00:00,2003-05-06 00:00:00+00:00,-59.0,6810.0,1979.6511627906978,2003.0,29.0,70.99273488477282,70.99273488477282,50–100-year,C,False
AL-RF-20030508-0150,0357587090,,060300020502,2.28,2003-05-08 11:00:00+00:00,2003-05-06 00:00:00+00:00,-59.0,1360.0,596.4912280701755,2003.0,3.875,3.406196009412485,3.406196009412485,2–5-year,C,False
AL-RF-20030508-0150,0357587140,,060300020502,2.52,2003-05-08 11:00:00+00:00,2003-05-06 00:00:00+00:00,-59.0,437.0,173.4126984126984,2003.0,2.0,1.8907960253988514,1.8907960253988514,<2-year,C,True
AL-RF-20030508-0150,0357587400,,060300020502,8.5,2003-05-08 11:00:00+00:00,2003-05-06 00:00:00+00:00,-59.0,3170.0,372.94117647058823,2003.0,7.75,6.993949424300795,6.993949424300795,5–10-year,C,False
AL-RF-20030508-0150,0357587728,,060300020502,2.99,2003-05-08 11:00:00+00:00,2003-05-06 00:00:00+00:00,-59.0,6200.0,2073.5785953177256,2003.0,40.0,227.961490443382,227.961490443382,200–500-year,C,True
AL-RF-20030508-0150,03575890,,060300020502,22.6,2003-05-08 11:00:00+00:00,2003-05-06 00:00:00+00:00,-59.0,10700.0,473.4513274336283,2003.0,43.0,198.8217738181121,198.8217738181121,100–200-year,C,False
AL-RF-20030508-0150,0357591500,,060300020502,1.47,2003-05-08 11:00:00+00:00,2003-05-06 00:00:00+00:00,-59.0,1950.0,1326.530612244898,2003.0,29.0,68.9969654426436,68.9969654426436,50–100-year,C,False
AL-RF-20030508-0150,03575933,,060300020502,8.93,2003-05-08 11:00:00+00:00,2003-05-06 00:00:00+00:00,-59.0,9460.0,1059.3505039193728,2003.0,17.0,,17.0,10–25-year,C,False
AL-RF-20030508-0150,03575950,,060300020503,41.8,2003-05-08 11:00:00+00:00,2003-05-06 00:00:00+00:00,-59.0,14900.0,356.4593301435407,2003.0,36.0,28.681453582268226,28.681453582268226,25–50-year,C,True
AL-RF-20030508-0150,03575980,,060300020503,9.64,2003-05-08 11:00:00+00:00,2003-05-06 00:00:00+00:00,-59.0,3480.0,360.99585062240664,2003.0,14.0,16.568325093314346,16.568325093314346,10–25-year,C,False
AL-RF-20030508-0150,03576250,,060300020703,119.0,2003-05-08 11:00:00+00:00,2003-05-06 00:00:00+00:00,-59.0,13500.0,113.4453781512605,2003.0,6.416666666666667,5.8047557074730785,5.8047557074730785,5–10-year,,False
AL-RF-20030508-0150,03588500,,060300050508,348.0,2003-05-08 11:00:00+00:00,2003-05-06 00:00:00+00:00,-59.0,43400.0,124.71264367816092,2003.0,11.875,11.566893909548527,11.566893909548527,10–25-year,,False
AL-RF-20030518-0151,02422500,,031502011006,203.0,2003-05-18 02:00:00+00:00,2003-05-22 00:00:00+00:00,94.0,8330.0,41.03448275862069,2003.0,3.3846153846153846,3.636848738365847,3.636848738365847,2–5-year,,False
AL-RF-20030518-0151,02471013,,031602040504,10.4,2003-05-18 02:00:00+00:00,2003-05-18 00:00:00+00:00,-2.0,1930.0,185.57692307692307,2003.0,5.0,,5.0,5–10-year,,False
AL-RF-20030607-0153,02376293,,031401060302,26.5,2003-06-07 09:00:00+00:00,2003-06-07 00:00:00+00:00,-9.0,1330.0,50.18867924528302,2003.0,1.9285714285714286,1.6870637845666165,1.6870637845666165,<2-year,,False
AL-RF-20030618-0156,0242354750,,031502020202,25.6,2003-06-18 10:00:00+00:00,2003-06-17 00:00:00+00:00,-34.0,1530.0,59.765625,2003.0,3.5,2.927364425643622,2.927364425643622,2–5-year,C,True
AL-RF-20030620-0158,02469800,,031602030205,164.0,2003-06-20 05:00:00+00:00,2003-06-20 00:00:00+00:00,-5.0,5660.0,34.51219512195122,2003.0,2.535714285714286,2.4954598552464486,2.4954598552464486,2–5-year,,False
AL-RF-20030701-0160,02375500,,031403050402,3817.0,2003-07-01 18:00:00+00:00,2003-07-03 00:00:00+00:00,30.0,33400.0,8.750327482315955,2003.0,1.7884615384615385,1.8211060992305046,1.8211060992305046,<2-year,,True
AL-RF-20030701-0160,02377570,,031401060506,192.0,2003-07-01 18:00:00+00:00,2003-07-02 00:00:00+00:00,6.0,12000.0,62.5,2003.0,3.25,3.9731621356045164,3.9731621356045164,2–5-year,,False
AL-RF-20030701-0160,02378500,,031602050201,55.3,2003-07-01 18:00:00+00:00,2003-07-01 00:00:00+00:00,-18.0,3050.0,55.153707052441234,2003.0,2.6666666666666665,2.675580230838424,2.675580230838424,2–5-year,,False
AL-RF-20030701-0160,02418230,,031501100102,71.3,2003-07-01 18:00:00+00:00,2003-07-02 00:00:00+00:00,6.0,7570.0,106.1711079943899,2003.0,8.666666666666666,9.840836789550785,9.840836789550785,5–10-year,,False
AL-RF-20030701-0160,02418760,,031501100202,45.8,2003-07-01 18:00:00+00:00,2003-07-01 00:00:00+00:00,-18.0,5100.0,111.35371179039302,2003.0,4.6000000000000005,4.514845685574936,4.514845685574936,2–5-year,,False
AL-RF-20030701-0160,02419000,,031501100302,333.0,2003-07-01 18:00:00+00:00,2003-07-02 00:00:00+00:00,6.0,7460.0,22.4024024024024,2003.0,1.6111111111111112,1.6755050777157627,1.6755050777157627,<2-year,,False
AL-RF-20030701-0160,02471078,,031602050104,16.5,2003-07-01 18:00:00+00:00,2003-07-01 00:00:00+00:00,-18.0,2070.0,125.45454545454545,2003.0,2.909090909090909,2.7050007077041704,2.7050007077041704,2–5-year,C,False
AL-RF-20030701-0160,02479560,,031700080403,562.0,2003-07-01 18:00:00+00:00,2003-07-02 00:00:00+00:00,6.0,11200.0,19.9288256227758,2003.0,2.1363636363636362,2.4136561905107827,2.4136561905107827,2–5-year,,False
AL-RF-20030701-0160,02479945,,031700080501,31.48,2003-07-01 18:00:00+00:00,2003-07-01 00:00:00+00:00,-18.0,1030.0,32.71918678526048,2003.0,1.7999999999999998,1.7361251669757642,1.7361251669757642,<2-year,,False
AL-RF-20030922-0163,03584600,,060300040402,1805.0,2003-09-22 15:00:00+00:00,2003-09-23 00:00:00+00:00,9.0,8720.0,4.8310249307479225,2003.0,1.0098039215686274,1.0038779446528552,1.0038779446528552,<2-year,6,False
AL-RF-20040206-0166,02438000,,031601030303,277.0,2004-02-06 09:00:00+00:00,2004-02-06 00:00:00+00:00,-9.0,19900.0,71.84115523465704,2004.0,4.176470588235294,3.97607970273753,3.97607970273753,2–5-year,,False
AL-RF-20040206-0166,02442500,,031601050203,247.0,2004-02-06 09:00:00+00:00,2004-02-07 00:00:00+00:00,15.0,14600.0,59.10931174089069,2004.0,13.0,1000000.0,1000000.0,>500-year,,False
AL-RF-20040206-0166,02443000,,031601050205,309.0,2004-02-06 09:00:00+00:00,2004-02-07 00:00:00+00:00,15.0,12800.0,41.42394822006472,2004.0,9.444444444444445,12.6897408699913,12.6897408699913,10–25-year,,False
AL-RF-20040206-0166,02444160,,031601060502,5750.0,2004-02-06 09:00:00+00:00,2004-02-06 00:00:00+00:00,-9.0,99900.0,17.37391304347826,2004.0,3.0,3.5930526322118017,3.5930526322118017,2–5-year,2,False
AL-RF-20040206-0166,02444490,,031601060504,52.6,2004-02-06 09:00:00+00:00,2004-02-06 00:00:00+00:00,-9.0,8400.0,159.6958174904943,2004.0,7.0,,7.0,5–10-year,,True
AL-RF-20040206-0166,02446500,,031601070302,528.0,2004-02-06 09:00:00+00:00,2004-02-09 00:00:00+00:00,63.0,15200.0,28.78787878787879,2004.0,6.384615384615384,6.5425754430669345,6.5425754430669345,5–10-year,,False
AL-RF-20040206-0166,02447025,,031601060609,7230.0,2004-02-06 09:00:00+00:00,2004-02-09 00:00:00+00:00,63.0,97900.0,13.540802213001383,2004.0,1.6400000000000001,1.8502524307979402,1.8502524307979402,<2-year,1,False
AL-RF-20040206-0166,02448500,,031601081101,1097.0,2004-02-06 09:00:00+00:00,2004-02-09 00:00:00+00:00,63.0,17200.0,15.679124886052872,2004.0,2.9642857142857144,3.4187525551870737,3.4187525551870737,2–5-year,,False
AL-RF-20040206-0166,02448900,,031601081005,158.0,2004-02-06 09:00:00+00:00,2004-02-06 00:00:00+00:00,-9.0,17200.0,108.86075949367088,2004.0,17.5,19.48949345562135,19.48949345562135,10–25-year,,False
AL-RF-20040206-0166,02450000,,031601090203,358.0,2004-02-06 09:00:00+00:00,2004-02-06 00:00:00+00:00,-9.0,36500.0,101.95530726256983,2004.0,3.956521739130435,3.980742112263594,3.980742112263594,2–5-year,,False
AL-RF-20040206-0166,02450180,,031601090205,487.0,2004-02-06 09:00:00+00:00,2004-02-06 00:00:00+00:00,-9.0,25000.0,51.3347022587269,2004.0,3.6153846153846154,3.889895331123963,3.889895331123963,2–5-year,,False
AL-RF-20040206-0166,02450250,,031601100103,92.1,2004-02-06 09:00:00+00:00,2004-02-06 00:00:00+00:00,-9.0,10800.0,117.26384364820848,2004.0,5.454545454545455,6.265357286863083,6.265357286863083,5–10-year,,False
AL-RF-20040206-0166,02450825,,031601100304,101.0,2004-02-06 09:00:00+00:00,2004-02-06 00:00:00+00:00,-9.0,4040.0,40.0,2004.0,1.3703703703703705,1.3986779118262356,1.3986779118262356,<2-year,,False
AL-RF-20040206-0166,02453000,,031601090309,181.0,2004-02-06 09:00:00+00:00,2004-02-08 00:00:00+00:00,39.0,4890.0,27.016574585635357,2004.0,2.642857142857143,2.8552886987679083,2.8552886987679083,2–5-year,,False
AL-RF-20040206-0166,02454055,,031601090405,143.0,2004-02-06 09:00:00+00:00,2004-02-07 00:00:00+00:00,15.0,8200.0,57.34265734265734,2004.0,10.0,14.150789231732263,14.150789231732263,10–25-year,,False
AL-RF-20040206-0166,02455900,,031601110308,707.0,2004-02-06 09:00:00+00:00,2004-02-07 00:00:00+00:00,15.0,21800.0,30.834512022630836,2004.0,2.2,,2.2,2–5-year,,False
AL-RF-20040206-0166,02455980,,031601110306,27.4,2004-02-06 09:00:00+00:00,2004-02-06 00:00:00+00:00,-9.0,9100.0,332.1167883211679,2004.0,12.333333333333332,21.084413394169335,21.084413394169335,10–25-year,C,False
AL-RF-20040206-0166,02456000,,031601110307,80.9,2004-02-06 09:00:00+00:00,2004-02-06 00:00:00+00:00,-9.0,13200.0,163.16440049443756,2004.0,13.5,16.635256909159054,16.635256909159054,10–25-year,,False
AL-RF-20040206-0166,02456500,,031601110404,885.0,2004-02-06 09:00:00+00:00,2004-02-07 00:00:00+00:00,15.0,28000.0,31.638418079096045,2004.0,3.071428571428571,2.9134119874804414,2.9134119874804414,2–5-year,,False
AL-RF-20040206-0166,02457000,,031601110406,23.9,2004-02-06 09:00:00+00:00,2004-02-06 00:00:00+00:00,-9.0,4620.0,193.30543933054395,2004.0,5.875,4.206533022034255,4.206533022034255,2–5-year,C,True
AL-RF-20040206-0166,02457595,,031601110406,51.9,2004-02-06 09:00:00+00:00,2004-02-06 00:00:00+00:00,-9.0,12600.0,242.77456647398844,2004.0,19.0,12.507992161582852,12.507992161582852,10–25-year,,False
AL-RF-20040206-0166,02457670,,031601110407,91.7,2004-02-06 09:00:00+00:00,2004-02-06 00:00:00+00:00,-9.0,22100.0,241.00327153762268,2004.0,5.5,,5.5,5–10-year,,False
AL-RF-20040206-0166,02458450,,031601110408,33.5,2004-02-06 09:00:00+00:00,2004-02-06 00:00:00+00:00,-9.0,6510.0,194.32835820895522,2004.0,13.666666666666668,19.085291257889356,19.085291257889356,10–25-year,C,False
AL-RF-20040206-0166,02458502,,031601110408,36.7,2004-02-06 09:00:00+00:00,2004-02-06 00:00:00+00:00,-9.0,6610.0,180.10899182561306,2004.0,10.5,32.356261227596896,32.356261227596896,25–50-year,C,False
AL-RF-20040206-0166,02458600,,031601110408,52.2,2004-02-06 09:00:00+00:00,2004-02-06 00:00:00+00:00,-9.0,7110.0,136.20689655172413,2004.0,30.0,27.02007715312868,27.02007715312868,25–50-year,C,False
AL-RF-20040206-0166,02461130,,031601120101,7.0,2004-02-06 09:00:00+00:00,2004-02-06 00:00:00+00:00,-9.0,2870.0,410.0,2004.0,1.625,,1.625,<2-year,C,True
AL-RF-20040206-0166,02461500,,031601120102,52.5,2004-02-06 09:00:00+00:00,2004-02-06 00:00:00+00:00,-9.0,8190.0,156.0,2004.0,7.0,8.269892176837846,8.269892176837846,5–10-year,C,False
AL-RF-20040206-0166,02461640,,031601120102,61.4,2004-02-06 09:00:00+00:00,2004-02-06 00:00:00+00:00,-9.0,7580.0,123.45276872964169,2004.0,5.0,,5.0,5–10-year,C,True
AL-RF-20040206-0166,02462000,,031601120104,148.0,2004-02-06 09:00:00+00:00,2004-02-06 00:00:00+00:00,-9.0,11200.0,75.67567567567568,2004.0,6.636363636363637,4.833681157272993,4.833681157272993,2–5-year,,True
AL-RF-20040206-0166,02462500,,031601120203,3981.0,2004-02-06 09:00:00+00:00,2004-02-06 00:00:00+00:00,-9.0,94800.0,23.813112283345895,2004.0,3.916666666666667,3.2227839138674015,3.2227839138674015,2–5-year,1,False
AL-RF-20040206-0166,02462951,,031601120505,4219.0,2004-02-06 09:00:00+00:00,2004-02-06 00:00:00+00:00,-9.0,142000.0,33.6572647546812,2004.0,7.800000000000001,11.98169431515671,11.98169431515671,10–25-year,1,False
AL-RF-20040206-0166,02464000,,031601120408,223.0,2004-02-06 09:00:00+00:00,2004-02-06 00:00:00+00:00,-9.0,12300.0,55.15695067264574,2004.0,6.846153846153847,5.764709623980332,5.764709623980332,5–10-year,,False
AL-RF-20040206-0166,02464146,,031601120411,6.16,2004-02-06 09:00:00+00:00,2004-02-05 00:00:00+00:00,-33.0,1070.0,173.7012987012987,2004.0,3.5999999999999996,3.6998255866564644,3.6998255866564644,2–5-year,,False
AL-RF-20040206-0166,02464360,,031601120410,57.2,2004-02-06 09:00:00+00:00,2004-02-06 00:00:00+00:00,-9.0,5230.0,91.43356643356643,2004.0,8.0,9.690233179841147,9.690233179841147,5–10-year,,False
AL-RF-20040206-0166,02465000,,031601130201,4820.0,2004-02-06 09:00:00+00:00,2004-02-07 00:00:00+00:00,15.0,194000.0,40.24896265560166,2004.0,10.666666666666666,11.053869670456294,11.053869670456294,10–25-year,,False
AL-RF-20040206-0166,02465292,,031601130203,10.7,2004-02-06 09:00:00+00:00,2004-02-06 00:00:00+00:00,-9.0,4800.0,448.59813084112153,2004.0,7.666666666666667,7.637866032970136,7.637866032970136,5–10-year,C,False
AL-RF-20040206-0166,02465493,,031601130302,32.3,2004-02-06 09:00:00+00:00,2004-02-06 00:00:00+00:00,-9.0,961.0,29.752321981424153,2004.0,4.083333333333333,3.6279669571646083,3.6279669571646083,2–5-year,,False
AL-RF-20040206-0166,02466030,,031601130607,5810.0,2004-02-06 09:00:00+00:00,2004-02-07 00:00:00+00:00,15.0,83100.0,14.302925989672978,2004.0,1.8333333333333335,2.1394542735826354,2.1394542735826354,2–5-year,,False
AL-RF-20040206-0166,02467500,,031602020405,607.0,2004-02-06 09:00:00+00:00,2004-02-08 00:00:00+00:00,39.0,15800.0,26.029654036243823,2004.0,7.083333333333333,6.8409127058148576,6.8409127058148576,5–10-year,,False
AL-RF-20040206-0166,03574500,,060300020203,320.0,2004-02-06 09:00:00+00:00,2004-02-07 00:00:00+00:00,15.0,19800.0,61.875,2004.0,2.5277777777777777,2.769878283583091,2.769878283583091,2–5-year,,True
AL-RF-20040206-0166,0357479650,,060300020303,33.0,2004-02-06 09:00:00+00:00,2004-02-06 00:00:00+00:00,-9.0,3250.0,98.48484848484848,2004.0,5.0,2.6016911399765394,2.6016911399765394,2–5-year,,False
AL-RF-20040206-0166,03575100,,060300020403,375.0,2004-02-06 09:00:00+00:00,2004-02-06 00:00:00+00:00,-9.0,36400.0,97.06666666666666,2004.0,9.333333333333334,8.255927117913805,8.255927117913805,5–10-year,,True
AL-RF-20040206-0166,03575830,,060300020505,49.0,2004-02-06 09:00:00+00:00,2004-02-06 00:00:00+00:00,-9.0,5380.0,109.79591836734694,2004.0,3.5263157894736845,3.705393902475641,3.705393902475641,2–5-year,C,True
AL-RF-20040206-0166,03576250,,060300020703,119.0,2004-02-06 09:00:00+00:00,2004-02-06 00:00:00+00:00,-9.0,15400.0,129.41176470588235,2004.0,8.555555555555555,7.938761574681901,7.938761574681901,5–10-year,,False
AL-RF-20040206-0166,03584600,,060300040402,1805.0,2004-02-06 09:00:00+00:00,2004-02-07 00:00:00+00:00,15.0,51700.0,28.642659279778393,2004.0,5.15,4.969911180942941,4.969911180942941,2–5-year,6,False
AL-RF-20040206-0166,03586500,,060300050105,166.0,2004-02-06 09:00:00+00:00,2004-02-07 00:00:00+00:00,15.0,10600.0,63.855421686746986,2004.0,8.88888888888889,7.914424374273715,7.914424374273715,5–10-year,,False
AL-RF-20040206-0166,03588500,,060300050508,348.0,2004-02-06 09:00:00+00:00,2004-02-05 00:00:00+00:00,-33.0,27500.0,79.02298850574712,2004.0,4.523809523809524,4.034449346938386,4.034449346938386,2–5-year,,False
AL-RF-20040430-0170,02374745,,031403040305,182.0,2004-04-30 02:00:00+00:00,2004-04-30 00:00:00+00:00,-2.0,3650.0,20.054945054945055,2004.0,2.8,2.1256257236059115,2.1256257236059115,2–5-year,,False
AL-RF-20040916-0179,02361500,,031402011202,1280.0,2004-09-16 11:00:00+00:00,2004-09-18 00:00:00+00:00,37.0,9960.0,7.78125,2004.0,1.4210526315789473,1.375124400216317,1.375124400216317,<2-year,,False
AL-RF-20040916-0179,02362240,,031402011101,21.4,2004-09-16 11:00:00+00:00,2004-09-16 00:00:00+00:00,-11.0,1490.0,69.62616822429906,2004.0,2.571428571428571,2.5242542908192105,2.5242542908192105,2–5-year,,False
AL-RF-20040916-0179,02364000,,031402020603,959.0,2004-09-16 11:00:00+00:00,2004-09-17 00:00:00+00:00,13.0,15100.0,15.745568300312826,2004.0,2.5172413793103448,2.524158579244185,2.524158579244185,2–5-year,,False
AL-RF-20040916-0179,02364500,,031402020610,1182.0,2004-09-16 11:00:00+00:00,2004-09-18 00:00:00+00:00,37.0,12400.0,10.490693739424703,2004.0,2.28125,2.307925621049828,2.307925621049828,2–5-year,,False
AL-RF-20040916-0179,02365200,,031402030105,3209.0,2004-09-16 11:00:00+00:00,2004-09-19 00:00:00+00:00,61.0,21700.0,6.762231224680586,2004.0,1.5714285714285714,1.5197774030002005,1.5197774030002005,<2-year,,False
AL-RF-20040916-0179,02369800,,031401040104,87.7,2004-09-16 11:00:00+00:00,2004-09-17 00:00:00+00:00,13.0,3140.0,35.803876852907635,2004.0,3.9333333333333336,2.834517984090277,2.834517984090277,2–5-year,,False
AL-RF-20040916-0179,02371500,,031403010401,500.0,2004-09-16 11:00:00+00:00,2004-09-17 00:00:00+00:00,13.0,4920.0,9.84,2004.0,1.6071428571428572,1.5253010426273341,1.5253010426273341,<2-year,,False
AL-RF-20040916-0179,02372250,,031403020501,442.0,2004-09-16 11:00:00+00:00,2004-09-19 00:00:00+00:00,61.0,11700.0,26.470588235294116,2004.0,4.636363636363636,4.841599393024252,4.841599393024252,2–5-year,,False
AL-RF-20040916-0179,02372422,,031403010501,1273.0,2004-09-16 11:00:00+00:00,2004-09-21 00:00:00+00:00,109.0,12900.0,10.133542812254516,2004.0,2.125,,2.125,2–5-year,,True
AL-RF-20040916-0179,02373000,,031403030604,470.0,2004-09-16 11:00:00+00:00,2004-09-19 00:00:00+00:00,61.0,6560.0,13.957446808510639,2004.0,1.4912280701754388,1.4877524356184817,1.4877524356184817,<2-year,,False
AL-RF-20040916-0179,02374250,,031403040506,2661.0,2004-09-16 11:00:00+00:00,2004-09-21 00:00:00+00:00,109.0,15200.0,5.712138293874483,2004.0,1.647058823529412,1.5633207635034687,1.5633207635034687,<2-year,,False
AL-RF-20040916-0179,02374500,,031403040107,176.0,2004-09-16 11:00:00+00:00,2004-09-17 00:00:00+00:00,13.0,2980.0,16.931818181818183,2004.0,1.7647058823529411,1.8074062516252953,1.8074062516252953,<2-year,,False
AL-RF-20040916-0179,02374700,,031403040404,435.0,2004-09-16 11:00:00+00:00,2004-09-17 00:00:00+00:00,13.0,5740.0,13.195402298850574,2004.0,2.0,1.8295956361252532,1.8295956361252532,<2-year,,True
AL-RF-20040916-0179,02374950,,031403050206,193.0,2004-09-16 11:00:00+00:00,2004-09-18 00:00:00+00:00,37.0,8270.0,42.84974093264249,2004.0,4.333333333333333,6.92337619866455,6.92337619866455,5–10-year,,False
AL-RF-20040916-0179,02375500,,031403050402,3817.0,2004-09-16 11:00:00+00:00,2004-09-18 00:00:00+00:00,37.0,42600.0,11.160597327744302,2004.0,2.5135135135135136,2.6678995402269323,2.6678995402269323,2–5-year,,True
AL-RF-20040916-0179,02376293,,031401060302,26.5,2004-09-16 11:00:00+00:00,2004-09-16 00:00:00+00:00,-11.0,6380.0,240.75471698113208,2004.0,13.5,22.148620719847386,22.148620719847386,10–25-year,,False
AL-RF-20040916-0179,02376500,,031401060403,394.0,2004-09-16 11:00:00+00:00,2004-09-18 00:00:00+00:00,37.0,11100.0,28.17258883248731,2004.0,3.44,3.344088102570652,3.344088102570652,2–5-year,,False
AL-RF-20040916-0179,02378300,,031602050203,16.6,2004-09-16 11:00:00+00:00,2004-09-16 00:00:00+00:00,-11.0,4540.0,273.49397590361446,2004.0,4.5,5.546592504615341,5.546592504615341,5–10-year,,False
AL-RF-20040916-0179,02378500,,031602050201,55.3,2004-09-16 11:00:00+00:00,2004-09-16 00:00:00+00:00,-11.0,4970.0,89.87341772151899,2004.0,4.0,4.673938305414158,4.673938305414158,2–5-year,,False
AL-RF-20040916-0179,02398950,,031501050704,42.8,2004-09-16 11:00:00+00:00,2004-09-17 00:00:00+00:00,13.0,8850.0,206.77570093457945,2004.0,16.0,,16.0,10–25-year,,True
AL-RF-20040916-0179,02399200,,031501050806,199.0,2004-09-16 11:00:00+00:00,2004-09-17 00:00:00+00:00,13.0,39600.0,198.99497487437185,2004.0,17.75,29.185956016366646,29.185956016366646,25–50-year,,False
AL-RF-20040916-0179,02400100,,031501050909,252.0,2004-09-16 11:00:00+00:00,2004-09-17 00:00:00+00:00,13.0,3710.0,14.722222222222221,2004.0,1.2307692307692308,1.201202658634831,1.201202658634831,<2-year,,True
AL-RF-20040916-0179,02400680,,031501060101,55.4,2004-09-16 11:00:00+00:00,2004-09-17 00:00:00+00:00,13.0,3130.0,56.498194945848375,2004.0,3.4285714285714284,3.0371422300944175,3.0371422300944175,2–5-year,,False
AL-RF-20040916-0179,02401000,,031501060104,182.0,2004-09-16 11:00:00+00:00,2004-09-18 00:00:00+00:00,37.0,7280.0,40.0,2004.0,3.571428571428571,3.547746032886435,3.547746032886435,2–5-year,,False
AL-RF-20040916-0179,02401390,,031501060305,141.0,2004-09-16 11:00:00+00:00,2004-09-17 00:00:00+00:00,13.0,9360.0,66.38297872340425,2004.0,12.200000000000001,12.963472072791001,12.963472072791001,10–25-year,,False
AL-RF-20040916-0179,02403310,,031501060507,191.0,2004-09-16 11:00:00+00:00,2004-09-16 00:00:00+00:00,-11.0,3250.0,17.015706806282722,2004.0,1.7999999999999998,,1.7999999999999998,<2-year,,True
AL-RF-20040916-0179,02404400,,031501060514,481.0,2004-09-16 11:00:00+00:00,2004-09-17 00:00:00+00:00,13.0,8010.0,16.652806652806653,2004.0,1.4318181818181819,1.4975368546659171,1.4975368546659171,<2-year,,False
AL-RF-20040916-0179,02406500,,031501060703,150.0,2004-09-16 11:00:00+00:00,2004-09-17 00:00:00+00:00,13.0,5320.0,35.46666666666667,2004.0,1.945945945945946,2.0036570729578136,2.0036570729578136,2–5-year,,False
AL-RF-20040916-0179,02408540,,031501070708,263.0,2004-09-16 11:00:00+00:00,2004-09-16 00:00:00+00:00,-11.0,8350.0,31.749049429657795,2004.0,1.5333333333333332,1.618216604757786,1.618216604757786,<2-year,,False
AL-RF-20040916-0179,02411000,,031501070907,10102.0,2004-09-16 11:00:00+00:00,2004-09-17 00:00:00+00:00,13.0,65200.0,6.4541674915858245,2004.0,1.139240506329114,1.1561662055315867,1.1561662055315867,<2-year,1,True
AL-RF-20040916-0179,02412000,,031501080405,448.0,2004-09-16 11:00:00+00:00,2004-09-18 00:00:00+00:00,37.0,5660.0,12.633928571428571,2004.0,1.2586206896551724,1.3907222300161384,1.3907222300161384,<2-year,,True
AL-RF-20040916-0179,02414715,,031501090309,2058.0,2004-09-16 11:00:00+00:00,2004-09-17 00:00:00+00:00,13.0,20400.0,9.912536443148689,2004.0,1.3666666666666667,1.3237140031430201,1.3237140031430201,<2-year,,False
AL-RF-20040916-0179,02415000,,031501090405,190.0,2004-09-16 11:00:00+00:00,2004-09-17 00:00:00+00:00,13.0,7900.0,41.578947368421055,2004.0,1.75,1.8970743137724821,1.8970743137724821,<2-year,,False
AL-RF-20040916-0179,02418230,,031501100102,71.3,2004-09-16 11:00:00+00:00,2004-09-17 00:00:00+00:00,13.0,2980.0,41.79523141654979,2004.0,2.1666666666666665,1.7727834143023757,1.7727834143023757,<2-year,,False
AL-RF-20040916-0179,02418760,,031501100202,45.8,2004-09-16 11:00:00+00:00,2004-09-16 00:00:00+00:00,-11.0,1890.0,41.26637554585153,2004.0,1.5333333333333332,1.4784355121766648,1.4784355121766648,<2-year,,False
AL-RF-20040916-0179,02419890,,031501100905,4646.0,2004-09-16 11:00:00+00:00,2004-09-17 00:00:00+00:00,13.0,23300.0,5.01506672406371,2004.0,1.24,1.1623220262305909,1.1623220262305909,<2-year,5,False
AL-RF-20040916-0179,02420000,,031502010107,15087.0,2004-09-16 11:00:00+00:00,2004-09-17 00:00:00+00:00,13.0,88300.0,5.852720885530589,2004.0,1.2564102564102564,1.281548809602187,1.281548809602187,<2-year,,False
AL-RF-20040916-0179,02421000,,031502010309,290.0,2004-09-16 11:00:00+00:00,2004-09-18 00:00:00+00:00,37.0,9740.0,33.58620689655172,2004.0,1.7857142857142856,2.0367354641915907,2.0367354641915907,2–5-year,,False
AL-RF-20040916-0179,02422500,,031502011006,203.0,2004-09-16 11:00:00+00:00,2004-09-16 00:00:00+00:00,-11.0,3750.0,18.472906403940886,2004.0,1.2753623188405798,1.2662298599773731,1.2662298599773731,<2-year,,False
AL-RF-20040916-0179,02423130,,031502020101,19.7,2004-09-16 11:00:00+00:00,2004-09-16 00:00:00+00:00,-11.0,4440.0,225.38071065989848,2004.0,8.5,8.09082348037456,8.09082348037456,5–10-year,C,True
AL-RF-20040916-0179,02423380,,031502020104,140.0,2004-09-16 11:00:00+00:00,2004-09-16 00:00:00+00:00,-11.0,12700.0,90.71428571428571,2004.0,7.333333333333334,6.507120459965506,6.507120459965506,5–10-year,,True
AL-RF-20040916-0179,02423397,,031502020103,17.0,2004-09-16 11:00:00+00:00,2004-09-16 00:00:00+00:00,-11.0,3060.0,180.0,2004.0,7.25,8.285283693074737,8.285283693074737,5–10-year,C,False
AL-RF-20040916-0179,02423398,,031502020103,19.4,2004-09-16 11:00:00+00:00,2004-09-16 00:00:00+00:00,-11.0,3360.0,173.1958762886598,2004.0,11.0,6.412465186517808,6.412465186517808,5–10-year,C,True
AL-RF-20040916-0179,02423425,,031502020204,201.0,2004-09-16 11:00:00+00:00,2004-09-17 00:00:00+00:00,13.0,15800.0,78.60696517412936,2004.0,9.75,8.241318811719369,8.241318811719369,5–10-year,6,False
AL-RF-20040916-0179,02423496,,031502020204,226.0,2004-09-16 11:00:00+00:00,2004-09-17 00:00:00+00:00,13.0,13300.0,58.849557522123895,2004.0,9.25,7.434410179534073,7.434410179534073,5–10-year,,False
AL-RF-20040916-0179,02423500,,031502020204,230.0,2004-09-16 11:00:00+00:00,2004-09-17 00:00:00+00:00,13.0,13400.0,58.26086956521739,2004.0,4.846153846153847,4.576883654278392,4.576883654278392,2–5-year,,False
AL-RF-20040916-0179,0242354750,,031502020202,25.6,2004-09-16 11:00:00+00:00,2004-09-16 00:00:00+00:00,-11.0,1480.0,57.8125,2004.0,2.5454545454545454,2.718148191098212,2.718148191098212,2–5-year,C,True
AL-RF-20040916-0179,02423555,,031502020206,335.0,2004-09-16 11:00:00+00:00,2004-09-17 00:00:00+00:00,13.0,15500.0,46.26865671641791,2004.0,3.0,3.283920914102372,3.283920914102372,2–5-year,,False
AL-RF-20040916-0179,02423586,,031502020301,27.1,2004-09-16 11:00:00+00:00,2004-09-16 00:00:00+00:00,-11.0,9290.0,342.8044280442804,2004.0,16.0,,16.0,10–25-year,C,True
AL-RF-20040916-0179,02423630,,031502020303,72.3,2004-09-16 11:00:00+00:00,2004-09-17 00:00:00+00:00,13.0,7000.0,96.81881051175657,2004.0,14.333333333333334,92.60597048781916,92.60597048781916,50–100-year,,True
AL-RF-20040916-0179,02424000,,031502020503,1027.0,2004-09-16 11:00:00+00:00,2004-09-18 00:00:00+00:00,37.0,20700.0,20.155793573515094,2004.0,1.397590361445783,1.3956579126539503,1.3956579126539503,<2-year,,True
AL-RF-20040916-0179,02424590,,031502020703,1480.0,2004-09-16 11:00:00+00:00,2004-09-20 00:00:00+00:00,85.0,16900.0,11.41891891891892,2004.0,1.5,1.581225696865142,1.581225696865142,<2-year,,True
AL-RF-20040916-0179,02425000,,031502020902,1766.0,2004-09-16 11:00:00+00:00,2004-09-20 00:00:00+00:00,85.0,18800.0,10.645526613816534,2004.0,1.4150943396226414,1.4363411415831315,1.4363411415831315,<2-year,,True
AL-RF-20040916-0179,02427250,,031502030407,261.0,2004-09-16 11:00:00+00:00,2004-09-17 00:00:00+00:00,13.0,11000.0,42.1455938697318,2004.0,5.285714285714286,4.055544168731466,4.055544168731466,2–5-year,,True
AL-RF-20040916-0179,02428400,,031502040105,21473.0,2004-09-16 11:00:00+00:00,2004-09-19 00:00:00+00:00,61.0,115000.0,5.355562799795091,2004.0,1.34375,1.2555933126726642,1.2555933126726642,<2-year,2,False
AL-RF-20040916-0179,02458148,,031601110408,4.1,2004-09-16 11:00:00+00:00,2004-09-16 00:00:00+00:00,-11.0,1330.0,324.39024390243907,2004.0,2.625,2.6137077545213403,2.6137077545213403,2–5-year,C,False
AL-RF-20040916-0179,02458200,,031601110408,15.6,2004-09-16 11:00:00+00:00,2004-09-16 00:00:00+00:00,-11.0,4810.0,308.3333333333333,2004.0,4.333333333333333,,4.333333333333333,2–5-year,C,True
AL-RF-20040916-0179,02458300,,031601110408,26.0,2004-09-16 11:00:00+00:00,2004-09-16 00:00:00+00:00,-11.0,5740.0,220.76923076923077,2004.0,16.5,35.18585046298078,35.18585046298078,25–50-year,C,False
AL-RF-20040916-0179,02469800,,031602030205,164.0,2004-09-16 11:00:00+00:00,2004-09-17 00:00:00+00:00,13.0,3810.0,23.23170731707317,2004.0,1.4791666666666667,1.5668651400881932,1.5668651400881932,<2-year,,False
AL-RF-20040916-0179,02470072,,031602030602,10.5,2004-09-16 11:00:00+00:00,2004-09-16 00:00:00+00:00,-11.0,1780.0,169.52380952380952,2004.0,5.166666666666667,4.662533080112643,4.662533080112643,2–5-year,,False
AL-RF-20040916-0179,03573182,,060300010805,50.0,2004-09-16 11:00:00+00:00,2004-09-17 00:00:00+00:00,13.0,4780.0,95.6,2004.0,4.0,,4.0,2–5-year,,False
AL-RF-20040916-0179,03575500,,060300020904,25610.0,2004-09-16 11:00:00+00:00,2004-09-19 00:00:00+00:00,61.0,204000.0,7.965638422491215,2004.0,1.9523809523809523,2.1207855062304164,2.1207855062304164,2–5-year,5,False
AL-RF-20041019-0180,03588500,,060300050508,348.0,2004-10-19 14:00:00+00:00,2004-10-19 00:00:00+00:00,-14.0,41900.0,120.40229885057471,2005.0,10.555555555555555,10.529873027048296,10.529873027048296,10–25-year,,False
AL-RF-20041104-0181,02400680,,031501060101,55.4,2004-11-04 10:00:00+00:00,2004-11-04 00:00:00+00:00,-10.0,2460.0,44.4043321299639,2005.0,1.8461538461538463,1.8275726390741063,1.8275726390741063,<2-year,,False
AL-RF-20041124-0182,02398300,,031501050605,366.0,2004-11-24 14:00:00+00:00,2004-11-25 00:00:00+00:00,10.0,9020.0,24.6448087431694,2005.0,2.15,2.1971851174528285,2.1971851174528285,2–5-year,,True
AL-RF-20041124-0182,02399200,,031501050806,199.0,2004-11-24 14:00:00+00:00,2004-11-24 00:00:00+00:00,-14.0,21500.0,108.04020100502512,2005.0,3.9444444444444446,4.18509958431236,4.18509958431236,2–5-year,,False
AL-RF-20041124-0182,02401000,,031501060104,182.0,2004-11-24 14:00:00+00:00,2004-11-25 00:00:00+00:00,10.0,8980.0,49.34065934065934,2005.0,5.0,5.876180353925503,5.876180353925503,5–10-year,,False
AL-RF-20041124-0182,02401390,,031501060305,141.0,2004-11-24 14:00:00+00:00,2004-11-24 00:00:00+00:00,-14.0,14800.0,104.9645390070922,2005.0,61.0,1000000.0,1000000.0,>500-year,,False
AL-RF-20041124-0182,02403310,,031501060507,191.0,2004-11-24 14:00:00+00:00,2004-11-23 00:00:00+00:00,-38.0,3160.0,16.544502617801047,2005.0,1.5,,1.5,<2-year,,True
AL-RF-20041124-0182,02423130,,031502020101,19.7,2004-11-24 14:00:00+00:00,2004-11-24 00:00:00+00:00,-14.0,3380.0,171.5736040609137,2005.0,3.4,3.3708872560388143,3.3708872560388143,2–5-year,C,True
AL-RF-20041124-0182,02423380,,031502020104,140.0,2004-11-24 14:00:00+00:00,2004-11-23 00:00:00+00:00,-38.0,8760.0,62.57142857142857,2005.0,2.75,2.50558001755142,2.50558001755142,2–5-year,,True
AL-RF-20041124-0182,02423414,,031502020103,47.0,2004-11-24 14:00:00+00:00,2004-11-24 00:00:00+00:00,-14.0,2680.0,57.02127659574468,2005.0,11.0,8.213872639975637,8.213872639975637,5–10-year,6,False
AL-RF-20041124-0182,02423425,,031502020204,201.0,2004-11-24 14:00:00+00:00,2004-11-24 00:00:00+00:00,-14.0,14800.0,73.6318407960199,2005.0,6.5,6.246010070791084,6.246010070791084,5–10-year,6,False
AL-RF-20041124-0182,02423496,,031502020204,226.0,2004-11-24 14:00:00+00:00,2004-11-25 00:00:00+00:00,10.0,14000.0,61.94690265486726,2005.0,12.333333333333332,10.728428153903831,10.728428153903831,10–25-year,,False
AL-RF-20041124-0182,02423500,,031502020204,230.0,2004-11-24 14:00:00+00:00,2004-11-25 00:00:00+00:00,10.0,11500.0,50.0,2005.0,3.5,3.257283620795026,3.257283620795026,2–5-year,,False
AL-RF-20041124-0182,0242354750,,031502020202,25.6,2004-11-24 14:00:00+00:00,2004-11-24 00:00:00+00:00,-14.0,1090.0,42.578125,2005.0,1.5555555555555554,1.6286437450553242,1.6286437450553242,<2-year,C,True
AL-RF-20041124-0182,02423555,,031502020206,335.0,2004-11-24 14:00:00+00:00,2004-11-25 00:00:00+00:00,10.0,16800.0,50.149253731343286,2005.0,4.090909090909091,3.96425581050251,3.96425581050251,2–5-year,,False
AL-RF-20041124-0182,02423586,,031502020301,27.1,2004-11-24 14:00:00+00:00,2004-11-24 00:00:00+00:00,-14.0,2730.0,100.7380073800738,2005.0,1.6,,1.6,<2-year,C,True
AL-RF-20041124-0182,02423630,,031502020303,72.3,2004-11-24 14:00:00+00:00,2004-11-24 00:00:00+00:00,-14.0,3990.0,55.18672199170125,2005.0,1.9545454545454544,1.8855506408850027,1.8855506408850027,<2-year,,True
AL-RF-20041124-0182,02438000,,031601030303,277.0,2004-11-24 14:00:00+00:00,2004-11-24 00:00:00+00:00,-14.0,24300.0,87.72563176895306,2005.0,11.833333333333334,7.793685427767998,7.793685427767998,5–10-year,,False
AL-RF-20041124-0182,02455900,,031601110308,707.0,2004-11-24 14:00:00+00:00,2004-11-25 00:00:00+00:00,10.0,32300.0,45.68599717114569,2005.0,5.5,,5.5,5–10-year,,False
AL-RF-20041124-0182,02455980,,031601110306,27.4,2004-11-24 14:00:00+00:00,2004-11-24 00:00:00+00:00,-14.0,3930.0,143.43065693430657,2005.0,2.642857142857143,2.52367612186272,2.52367612186272,2–5-year,C,False
AL-RF-20041124-0182,02456000,,031601110307,80.9,2004-11-24 14:00:00+00:00,2004-11-24 00:00:00+00:00,-14.0,10700.0,132.2620519159456,2005.0,5.4,5.9355793183291174,5.9355793183291174,5–10-year,,False
AL-RF-20041124-0182,02456500,,031601110404,885.0,2004-11-24 14:00:00+00:00,2004-11-25 00:00:00+00:00,10.0,33400.0,37.740112994350284,2005.0,5.058823529411765,4.942530611430349,4.942530611430349,2–5-year,,False
AL-RF-20041124-0182,02457595,,031601110406,51.9,2004-11-24 14:00:00+00:00,2004-11-24 00:00:00+00:00,-14.0,6950.0,133.91136801541427,2005.0,2.7142857142857144,2.673704038648621,2.673704038648621,2–5-year,,False
AL-RF-20041124-0182,02457670,,031601110407,91.7,2004-11-24 14:00:00+00:00,2004-11-24 00:00:00+00:00,-14.0,15300.0,166.8484187568157,2005.0,2.2,,2.2,2–5-year,,False
AL-RF-20041124-0182,02458148,,031601110408,4.1,2004-11-24 14:00:00+00:00,2004-11-22 00:00:00+00:00,-62.0,1110.0,270.7317073170732,2005.0,1.909090909090909,1.6893842444681582,1.6893842444681582,<2-year,C,False
AL-RF-20041124-0182,02458300,,031601110408,26.0,2004-11-24 14:00:00+00:00,2004-11-24 00:00:00+00:00,-14.0,4090.0,157.30769230769232,2005.0,1.375,1.4375588314138694,1.4375588314138694,<2-year,C,False
AL-RF-20041124-0182,02458450,,031601110408,33.5,2004-11-24 14:00:00+00:00,2004-11-24 00:00:00+00:00,-14.0,3650.0,108.95522388059702,2005.0,1.1714285714285715,1.2015221708673438,1.2015221708673438,<2-year,C,False
AL-RF-20041124-0182,02458600,,031601110408,52.2,2004-11-24 14:00:00+00:00,2004-11-24 00:00:00+00:00,-14.0,4580.0,87.73946360153256,2005.0,2.3076923076923075,2.1758238344361986,2.1758238344361986,2–5-year,C,False
AL-RF-20041124-0182,02461500,,031601120102,52.5,2004-11-24 14:00:00+00:00,2004-11-24 00:00:00+00:00,-14.0,4480.0,85.33333333333333,2005.0,1.5,1.5450029400266159,1.5450029400266159,<2-year,C,False
AL-RF-20041124-0182,02461640,,031601120102,61.4,2004-11-24 14:00:00+00:00,2004-11-24 00:00:00+00:00,-14.0,4410.0,71.8241042345277,2005.0,1.1111111111111112,,1.1111111111111112,<2-year,C,True
AL-RF-20041124-0182,02462500,,031601120203,3981.0,2004-11-24 14:00:00+00:00,2004-11-25 00:00:00+00:00,10.0,65500.0,16.4531524742527,2005.0,1.46875,1.5602101989123114,1.5602101989123114,<2-year,1,False
AL-RF-20041124-0182,02462951,,031601120505,4219.0,2004-11-24 14:00:00+00:00,2004-11-24 00:00:00+00:00,-14.0,82100.0,19.459587579995258,2005.0,1.8571428571428572,1.8186842393054663,1.8186842393054663,<2-year,1,False
AL-RF-20041124-0182,02465000,,031601130201,4820.0,2004-11-24 14:00:00+00:00,2004-11-25 00:00:00+00:00,10.0,119000.0,24.688796680497926,2005.0,2.1333333333333333,2.1057405446921917,2.1057405446921917,2–5-year,,False
AL-RF-20041124-0182,02465292,,031601130203,10.7,2004-11-24 14:00:00+00:00,2004-11-22 00:00:00+00:00,-62.0,4420.0,413.08411214953276,2005.0,5.75,5.793620903437863,5.793620903437863,5–10-year,C,False
AL-RF-20041209-0183,02443000,,031601050205,309.0,2004-12-09 13:00:00+00:00,2004-12-09 00:00:00+00:00,-13.0,10200.0,33.00970873786408,2005.0,4.722222222222222,5.0739840122926525,5.0739840122926525,5–10-year,,False
AL-RF-20041209-0183,03584600,,060300040402,1805.0,2004-12-09 13:00:00+00:00,2004-12-08 00:00:00+00:00,-37.0,35200.0,19.501385041551245,2005.0,2.1458333333333335,2.1655802951393337,2.1655802951393337,2–5-year,6,False
AL-RF-20041209-0183,03586500,,060300050105,166.0,2004-12-09 13:00:00+00:00,2004-12-08 00:00:00+00:00,-37.0,8000.0,48.19277108433735,2005.0,3.8095238095238093,3.561659668283017,3.561659668283017,2–5-year,,False
AL-RF-20050328-0184,02341505,,031300030304,4670.0,2005-03-28 00:00:00+00:00,2005-03-31 19:00:00+00:00,91.0,80100.0,17.15203426124197,2005.0,7.0,,7.0,5–10-year,6,False
AL-RF-20050328-0184,02342500,,031300030505,322.0,2005-03-28 00:00:00+00:00,2005-03-28 00:00:00+00:00,0.0,15000.0,46.58385093167702,2005.0,4.705882352941177,4.245690363947759,4.245690363947759,2–5-year,,False
AL-RF-20050328-0184,02342933,,031300031204,112.0,2005-03-28 00:00:00+00:00,2005-03-27 00:00:00+00:00,-24.0,9160.0,81.78571428571429,2005.0,5.444444444444444,5.5323893978371235,5.5323893978371235,5–10-year,,False
AL-RF-20050328-0184,02363000,,031402020504,498.0,2005-03-28 00:00:00+00:00,2005-03-29 00:00:00+00:00,24.0,12500.0,25.100401606425702,2005.0,4.944444444444445,4.5729757433564675,4.5729757433564675,2–5-year,,False
AL-RF-20050328-0184,02364000,,031402020603,959.0,2005-03-28 00:00:00+00:00,2005-04-01 00:00:00+00:00,96.0,16800.0,17.51824817518248,2005.0,3.4761904761904763,2.9857953149297347,2.9857953149297347,2–5-year,,False
AL-RF-20050328-0184,02364500,,031402020610,1182.0,2005-03-28 00:00:00+00:00,2005-04-02 00:00:00+00:00,120.0,17000.0,14.382402707275803,2005.0,4.5625,4.3001205721274625,4.3001205721274625,2–5-year,,False
AL-RF-20050328-0184,02365200,,031402030105,3209.0,2005-03-28 00:00:00+00:00,2005-04-03 00:00:00+00:00,144.0,49100.0,15.300716734185105,2005.0,6.6,7.746199032274689,7.746199032274689,5–10-year,,False
AL-RF-20050328-0184,02372250,,031403020501,442.0,2005-03-28 00:00:00+00:00,2005-03-30 00:00:00+00:00,48.0,9280.0,20.995475113122172,2005.0,2.55,3.31639106213411,3.31639106213411,2–5-year,,False
AL-RF-20050328-0184,02411000,,031501070907,10102.0,2005-03-28 00:00:00+00:00,2005-04-01 00:00:00+00:00,96.0,116000.0,11.482874678281528,2005.0,2.0,2.0817440680303236,2.0817440680303236,2–5-year,1,True
AL-RF-20050328-0184,02418230,,031501100102,71.3,2005-03-28 00:00:00+00:00,2005-03-28 00:00:00+00:00,0.0,6350.0,89.06030855539973,2005.0,5.199999999999999,6.4800509597702876,6.4800509597702876,5–10-year,,False
AL-RF-20050328-0184,02418500,,031501100406,3328.0,2005-03-28 00:00:00+00:00,2005-04-01 00:00:00+00:00,96.0,51200.0,15.384615384615385,2005.0,4.777777777777778,4.763240168565344,4.763240168565344,2–5-year,1,False
AL-RF-20050328-0184,02418760,,031501100202,45.8,2005-03-28 00:00:00+00:00,2005-03-27 00:00:00+00:00,-24.0,4500.0,98.25327510917032,2005.0,2.875,3.684307061300817,3.684307061300817,2–5-year,,False
AL-RF-20050328-0184,02419000,,031501100302,333.0,2005-03-28 00:00:00+00:00,2005-03-28 00:00:00+00:00,0.0,17600.0,52.852852852852855,2005.0,5.8,5.7837260494801725,5.7837260494801725,5–10-year,,False
AL-RF-20050328-0184,02419890,,031501100905,4646.0,2005-03-28 00:00:00+00:00,2005-04-02 00:00:00+00:00,120.0,75600.0,16.272061988807575,2005.0,5.166666666666667,8.983452810211901,8.983452810211901,5–10-year,5,False
AL-RF-20050328-0184,02420000,,031502010107,15087.0,2005-03-28 00:00:00+00:00,2005-04-02 00:00:00+00:00,120.0,153000.0,10.141181149333864,2005.0,5.157894736842105,4.146523112367496,4.146523112367496,2–5-year,,False
AL-RF-20050328-0184,02421000,,031502010309,290.0,2005-03-28 00:00:00+00:00,2005-03-28 00:00:00+00:00,0.0,28300.0,97.58620689655173,2005.0,12.5,14.165518848744538,14.165518848744538,10–25-year,,False
AL-RF-20050401-0185,02361500,,031402011202,1280.0,2005-04-01 16:00:00+00:00,2005-03-30 00:00:00+00:00,-64.0,22400.0,17.5,2005.0,6.75,5.060381829873419,5.060381829873419,5–10-year,,False
AL-RF-20050401-0185,02364806,,031402020904,0.54,2005-04-01 16:00:00+00:00,2005-04-01 00:00:00+00:00,-16.0,144.0,266.66666666666663,2005.0,2.5,,2.5,2–5-year,,False
AL-RF-20050401-0185,02365200,,031402030105,3209.0,2005-04-01 16:00:00+00:00,2005-04-03 00:00:00+00:00,32.0,49100.0,15.300716734185105,2005.0,6.6,7.746199032274689,7.746199032274689,5–10-year,,False
AL-RF-20050401-0185,02367900,,031401030403,510.0,2005-04-01 16:00:00+00:00,2005-04-03 00:00:00+00:00,32.0,13300.0,26.07843137254902,2005.0,5.4,5.088201758904481,5.088201758904481,5–10-year,,False
AL-RF-20050401-0185,02376500,,031401060403,394.0,2005-04-01 16:00:00+00:00,2005-04-01 00:00:00+00:00,-16.0,7970.0,20.228426395939085,2005.0,2.2051282051282053,2.122887275075174,2.122887275075174,2–5-year,,False
AL-RF-20050401-0185,02377570,,031401060506,192.0,2005-04-01 16:00:00+00:00,2005-04-01 00:00:00+00:00,-16.0,14900.0,77.60416666666667,2005.0,4.333333333333333,5.449619901017779,5.449619901017779,5–10-year,,False
AL-RF-20050401-0185,02378500,,031602050201,55.3,2005-04-01 16:00:00+00:00,2005-04-01 00:00:00+00:00,-16.0,11400.0,206.1482820976492,2005.0,14.0,17.193245538159648,17.193245538159648,10–25-year,,False
AL-RF-20050401-0185,02408540,,031501070708,263.0,2005-04-01 16:00:00+00:00,2005-03-31 00:00:00+00:00,-40.0,13600.0,51.71102661596958,2005.0,3.2857142857142856,3.034685924288103,3.034685924288103,2–5-year,,False
AL-RF-20050401-0185,02411000,,031501070907,10102.0,2005-04-01 16:00:00+00:00,2005-04-01 00:00:00+00:00,-16.0,116000.0,11.482874678281528,2005.0,2.0,2.0817440680303236,2.0817440680303236,2–5-year,1,True
AL-RF-20050401-0185,02419890,,031501100905,4646.0,2005-04-01 16:00:00+00:00,2005-04-02 00:00:00+00:00,8.0,75600.0,16.272061988807575,2005.0,5.166666666666667,8.983452810211901,8.983452810211901,5–10-year,5,False
AL-RF-20050401-0185,02420000,,031502010107,15087.0,2005-04-01 16:00:00+00:00,2005-04-02 00:00:00+00:00,8.0,153000.0,10.141181149333864,2005.0,5.157894736842105,4.146523112367496,4.146523112367496,2–5-year,,False
AL-RF-20050401-0185,02424590,,031502020703,1480.0,2005-04-01 16:00:00+00:00,2005-04-04 00:00:00+00:00,56.0,23200.0,15.675675675675675,2005.0,2.4545454545454546,2.440297639233468,2.440297639233468,2–5-year,,True
AL-RF-20050401-0185,02471001,,031602040303,125.0,2005-04-01 16:00:00+00:00,2005-04-01 00:00:00+00:00,-16.0,6520.0,52.16,2005.0,3.3636363636363633,3.322619193772978,3.322619193772978,2–5-year,,False
AL-RF-20050401-0185,02471078,,031602050104,16.5,2005-04-01 16:00:00+00:00,2005-04-01 00:00:00+00:00,-16.0,4560.0,276.3636363636364,2005.0,6.4,10.2004119524461,10.2004119524461,10–25-year,C,False
AL-RF-20050401-0185,02479560,,031700080403,562.0,2005-04-01 16:00:00+00:00,2005-04-02 00:00:00+00:00,8.0,9400.0,16.725978647686834,2005.0,1.8800000000000001,1.8368548580356536,1.8368548580356536,<2-year,,False
AL-RF-20050401-0185,02480002,,031700080502,8.22,2005-04-01 16:00:00+00:00,2005-04-01 00:00:00+00:00,-16.0,1460.0,177.6155717761557,2005.0,6.0,6.103111856660203,6.103111856660203,5–10-year,C,True
AL-RF-20050407-0186,02378300,,031602050203,16.6,2005-04-07 02:00:00+00:00,2005-04-06 00:00:00+00:00,-26.0,9300.0,560.2409638554217,2005.0,9.0,13.158191232880304,13.158191232880304,10–25-year,,False
AL-RF-20050601-0189,02464146,,031601120411,6.16,2005-06-01 08:00:00+00:00,2005-06-01 00:00:00+00:00,-8.0,1200.0,194.8051948051948,2005.0,5.142857142857142,4.45339504366799,4.45339504366799,2–5-year,,False
AL-RF-20050706-0191,02338523,,031300020601,16.8,2005-07-06 10:00:00+00:00,2005-07-06 22:45:00+00:00,12.75,2720.0,161.9047619047619,2005.0,10.0,,10.0,10–25-year,,True
AL-RF-20050706-0191,02412000,,031501080405,448.0,2005-07-06 10:00:00+00:00,2005-07-12 00:00:00+00:00,134.0,6200.0,13.839285714285714,2005.0,1.4897959183673468,1.5627114817157304,1.5627114817157304,<2-year,,True
AL-RF-20050706-0191,02414500,,031501090107,1675.0,2005-07-06 10:00:00+00:00,2005-07-07 00:00:00+00:00,14.0,25800.0,15.402985074626866,2005.0,1.923076923076923,1.8892849212906777,1.8892849212906777,<2-year,,True
AL-RF-20050706-0191,02414715,,031501090309,2058.0,2005-07-06 10:00:00+00:00,2005-07-07 00:00:00+00:00,14.0,38000.0,18.464528668610303,2005.0,3.1538461538461537,3.8989999493400576,3.8989999493400576,2–5-year,,False
AL-RF-20050706-0191,02415000,,031501090405,190.0,2005-07-06 10:00:00+00:00,2005-07-07 00:00:00+00:00,14.0,8610.0,45.31578947368421,2005.0,2.3333333333333335,2.165928149893734,2.165928149893734,2–5-year,,False
AL-RF-20050706-0191,02479945,,031700080501,31.48,2005-07-06 10:00:00+00:00,2005-07-06 00:00:00+00:00,-10.0,2320.0,73.69758576874206,2005.0,4.5,4.640739982802625,4.640739982802625,2–5-year,,False
AL-RF-20050706-0191,02479980,,031700080502,8.08,2005-07-06 10:00:00+00:00,2005-07-06 00:00:00+00:00,-10.0,1200.0,148.5148514851485,2005.0,6.0,8.28585935780685,8.28585935780685,5–10-year,,False
AL-RF-20050711-0192,02412000,,031501080405,448.0,2005-07-11 00:00:00+00:00,2005-07-12 00:00:00+00:00,24.0,6200.0,13.839285714285714,2005.0,1.4897959183673468,1.5627114817157304,1.5627114817157304,<2-year,,True
AL-RF-20050711-0192,02462000,,031601120104,148.0,2005-07-11 00:00:00+00:00,2005-07-11 00:00:00+00:00,0.0,6480.0,43.78378378378378,2005.0,1.4600000000000002,1.600846279688942,1.600846279688942,<2-year,,True
AL-RF-20050711-0192,02465493,,031601130302,32.3,2005-07-11 00:00:00+00:00,2005-07-11 00:00:00+00:00,0.0,2000.0,61.91950464396285,2005.0,9.799999999999999,10.590627798729434,10.590627798729434,10–25-year,,False
AL-RF-20050926-0194,02374700,,031403040404,435.0,2005-09-26 01:00:00+00:00,2005-09-26 00:00:00+00:00,-1.0,7170.0,16.482758620689655,2005.0,3.1111111111111107,2.3328104169124124,2.3328104169124124,2–5-year,,True
AL-RF-20060321-0197,02418230,,031501100102,71.3,2006-03-21 09:00:00+00:00,2006-03-21 00:00:00+00:00,-9.0,6490.0,91.02384291725106,2006.0,6.5,6.8092414349094454,6.8092414349094454,5–10-year,,False
AL-RF-20061115-0205,02338523,,031300020601,16.8,2006-11-15 14:00:00+00:00,2006-11-15 16:15:00+00:00,2.25,1170.0,69.64285714285714,2007.0,1.8181818181818181,,1.8181818181818181,<2-year,,True
AL-RF-20061115-0205,02339495,,031300020903,86.4,2006-11-15 14:00:00+00:00,2006-11-16 00:00:00+00:00,10.0,1490.0,17.24537037037037,2007.0,2.0,,2.0,2–5-year,,True
AL-RF-20061115-0205,02376293,,031401060302,26.5,2006-11-15 14:00:00+00:00,2006-11-16 00:00:00+00:00,10.0,2170.0,81.88679245283019,2007.0,3.0,2.748904548348482,2.748904548348482,2–5-year,,False
AL-RF-20061115-0205,02408540,,031501070708,263.0,2006-11-15 14:00:00+00:00,2006-11-15 00:00:00+00:00,-14.0,13800.0,52.47148288973384,2007.0,3.5384615384615388,3.109718505268268,3.109718505268268,2–5-year,,False
AL-RF-20061115-0205,02413300,,031501080905,406.0,2006-11-15 14:00:00+00:00,2006-11-15 00:00:00+00:00,-14.0,3470.0,8.54679802955665,2007.0,1.0416666666666667,1.0870396380876808,1.0870396380876808,<2-year,,False
AL-RF-20061115-0205,02414500,,031501090107,1675.0,2006-11-15 14:00:00+00:00,2006-11-15 00:00:00+00:00,-14.0,20000.0,11.940298507462687,2007.0,1.282051282051282,1.3349421025573882,1.3349421025573882,<2-year,,True
AL-RF-20061115-0205,02414715,,031501090309,2058.0,2006-11-15 14:00:00+00:00,2006-11-15 00:00:00+00:00,-14.0,21300.0,10.349854227405247,2007.0,1.5185185185185184,1.3941616380071091,1.3941616380071091,<2-year,,False
AL-RF-20061115-0205,02415000,,031501090405,190.0,2006-11-15 14:00:00+00:00,2006-11-15 00:00:00+00:00,-14.0,7930.0,41.73684210526316,2007.0,1.7999999999999998,1.9073206060102619,1.9073206060102619,<2-year,,False
AL-RF-20061115-0205,02418230,,031501100102,71.3,2006-11-15 14:00:00+00:00,2006-11-16 00:00:00+00:00,10.0,2440.0,34.22159887798037,2007.0,1.368421052631579,1.4461257403216843,1.4461257403216843,<2-year,,False
AL-RF-20061115-0205,02422500,,031502011006,203.0,2006-11-15 14:00:00+00:00,2006-11-15 00:00:00+00:00,-14.0,3240.0,15.960591133004925,2007.0,1.1139240506329113,1.1541759900637165,1.1541759900637165,<2-year,,False
AL-RF-20061115-0205,02479980,,031700080502,8.08,2006-11-15 14:00:00+00:00,2006-11-15 00:00:00+00:00,-14.0,1300.0,160.89108910891088,2007.0,12.0,10.798027432612246,10.798027432612246,10–25-year,,False
AL-RF-20061115-0205,02480002,,031700080502,8.22,2006-11-15 14:00:00+00:00,2006-11-15 00:00:00+00:00,-14.0,1330.0,161.80048661800484,2007.0,5.142857142857142,5.101659328616759,5.101659328616759,5–10-year,C,True
AL-RF-20070402-0207,02374250,,031403040506,2661.0,2007-04-02 22:00:00+00:00,2007-04-03 00:00:00+00:00,2.0,12200.0,4.584742577978203,2007.0,1.2173913043478262,1.3083979060396158,1.3083979060396158,<2-year,,False
AL-RF-20070402-0207,02374700,,031403040404,435.0,2007-04-02 22:00:00+00:00,2007-04-02 00:00:00+00:00,-22.0,6820.0,15.67816091954023,2007.0,2.5454545454545454,2.19799705248199,2.19799705248199,2–5-year,,True
AL-RF-20070402-0207,02374745,,031403040305,182.0,2007-04-02 22:00:00+00:00,2007-04-02 00:00:00+00:00,-22.0,2840.0,15.604395604395604,2007.0,1.647058823529412,1.6620598333496057,1.6620598333496057,<2-year,,False
AL-RF-20080405-0217,02471078,,031602050104,16.5,2008-04-05 09:00:00+00:00,2008-04-05 00:00:00+00:00,-9.0,1420.0,86.06060606060606,2008.0,1.7777777777777777,1.793780447022011,1.793780447022011,<2-year,C,False
AL-RF-20080405-0217,02479980,,031700080502,8.08,2008-04-05 09:00:00+00:00,2008-04-05 00:00:00+00:00,-9.0,940.0,116.33663366336634,2008.0,4.5,4.21783785435022,4.21783785435022,2–5-year,,False
AL-RF-20080405-0217,02480002,,031700080502,8.22,2008-04-05 09:00:00+00:00,2008-04-05 00:00:00+00:00,-9.0,997.0,121.28953771289537,2008.0,3.2727272727272725,3.1188677752817693,3.1188677752817693,2–5-year,C,True
AL-RF-20080515-0220,02462951,,031601120505,4219.0,2008-05-15 16:00:00+00:00,2008-05-16 00:00:00+00:00,8.0,38200.0,9.054278264991705,2008.0,1.1142857142857143,1.074819833468494,1.074819833468494,<2-year,1,False
AL-RF-20080515-0220,02466030,,031601130607,5810.0,2008-05-15 16:00:00+00:00,2008-05-16 00:00:00+00:00,8.0,36100.0,6.2134251290877796,2008.0,1.0731707317073171,1.060189681805505,1.060189681805505,<2-year,,False
AL-RF-20080826-0225,02339495,,031300020903,86.4,2008-08-26 08:00:00+00:00,2008-08-25 00:00:00+00:00,-32.0,678.0,7.847222222222221,2008.0,1.125,,1.125,<2-year,,True
AL-RF-20080826-0225,02339500,,031300020908,3550.0,2008-08-26 08:00:00+00:00,2008-08-27 17:45:00+00:00,33.75,16600.0,4.676056338028169,2008.0,1.0396825396825395,1.057724327587422,1.057724327587422,<2-year,6,True
AL-RF-20080826-0225,02342500,,031300030505,322.0,2008-08-26 08:00:00+00:00,2008-08-24 00:00:00+00:00,-56.0,2530.0,7.857142857142857,2008.0,1.0389610389610389,1.03425213782211,1.03425213782211,<2-year,,False
AL-RF-20080826-0225,02342933,,031300031204,112.0,2008-08-26 08:00:00+00:00,2008-08-24 00:00:00+00:00,-56.0,5460.0,48.75,2008.0,2.1304347826086953,1.9908276194484738,1.9908276194484738,<2-year,,False
AL-RF-20080826-0225,02363000,,031402020504,498.0,2008-08-26 08:00:00+00:00,2008-08-26 00:00:00+00:00,-8.0,9510.0,19.096385542168676,2008.0,3.178571428571429,3.0775549156358757,3.0775549156358757,2–5-year,,False
AL-RF-20080826-0225,02371500,,031403010401,500.0,2008-08-26 08:00:00+00:00,2008-08-28 00:00:00+00:00,40.0,6460.0,12.92,2008.0,1.9148936170212765,1.9713056715228587,1.9713056715228587,<2-year,,False
AL-RF-20080826-0225,02372250,,031403020501,442.0,2008-08-26 08:00:00+00:00,2008-08-29 00:00:00+00:00,64.0,2620.0,5.927601809954751,2008.0,1.159090909090909,1.1558305120788759,1.1558305120788759,<2-year,,False
AL-RF-20080826-0225,02401390,,031501060305,141.0,2008-08-26 08:00:00+00:00,2008-08-26 00:00:00+00:00,-8.0,4380.0,31.06382978723404,2008.0,1.4186046511627908,1.3560822733917741,1.3560822733917741,<2-year,,False
AL-RF-20080826-0225,02404400,,031501060514,481.0,2008-08-26 08:00:00+00:00,2008-08-26 00:00:00+00:00,-8.0,5310.0,11.03950103950104,2008.0,1.1454545454545455,1.1749297733528077,1.1749297733528077,<2-year,,False
AL-RF-20080826-0225,02405500,,031501060808,193.0,2008-08-26 08:00:00+00:00,2008-08-26 00:00:00+00:00,-8.0,3890.0,20.155440414507773,2008.0,1.1600000000000001,1.1349672019737762,1.1349672019737762,<2-year,,False
AL-RF-20080826-0225,02407514,,031501070205,142.0,2008-08-26 08:00:00+00:00,2008-08-26 00:00:00+00:00,-8.0,4380.0,30.845070422535212,2008.0,1.9000000000000001,,1.9000000000000001,<2-year,,False
AL-RF-20080826-0225,02408540,,031501070708,263.0,2008-08-26 08:00:00+00:00,2008-08-26 00:00:00+00:00,-8.0,10900.0,41.444866920152094,2008.0,2.0,2.183990917484607,2.183990917484607,2–5-year,,False
AL-RF-20080826-0225,02419890,,031501100905,4646.0,2008-08-26 08:00:00+00:00,2008-08-27 00:00:00+00:00,16.0,20100.0,4.326302195436935,2008.0,1.1481481481481481,1.0949866326786424,1.0949866326786424,<2-year,5,False
AL-RF-20080826-0225,02420000,,031502010107,15087.0,2008-08-26 08:00:00+00:00,2008-08-27 00:00:00+00:00,16.0,71900.0,4.765692317889574,2008.0,1.0769230769230769,1.0907929205957505,1.0907929205957505,<2-year,,False
AL-RF-20080826-0225,02421000,,031502010309,290.0,2008-08-26 08:00:00+00:00,2008-08-26 00:00:00+00:00,-8.0,9780.0,33.724137931034484,2008.0,1.875,2.046586409087761,2.046586409087761,2–5-year,,False
AL-RF-20080826-0225,02423130,,031502020101,19.7,2008-08-26 08:00:00+00:00,2008-08-26 00:00:00+00:00,-8.0,2020.0,102.53807106598985,2008.0,1.619047619047619,1.5263475032972926,1.5263475032972926,<2-year,C,True
AL-RF-20080826-0225,02423380,,031502020104,140.0,2008-08-26 08:00:00+00:00,2008-08-26 00:00:00+00:00,-8.0,5420.0,38.714285714285715,2008.0,1.517241379310345,1.4172102118616823,1.4172102118616823,<2-year,,True
AL-RF-20080826-0225,02423400,,031502020103,24.4,2008-08-26 08:00:00+00:00,2008-08-26 00:00:00+00:00,-8.0,1660.0,68.03278688524591,2008.0,1.6,1.8384305374372383,1.8384305374372383,<2-year,C,False
AL-RF-20080826-0225,02423414,,031502020103,47.0,2008-08-26 08:00:00+00:00,2008-08-26 00:00:00+00:00,-8.0,985.0,20.95744680851064,2008.0,1.222222222222222,1.2580185956531837,1.2580185956531837,<2-year,6,False
AL-RF-20080826-0225,02423425,,031502020204,201.0,2008-08-26 08:00:00+00:00,2008-08-26 00:00:00+00:00,-8.0,4720.0,23.48258706467662,2008.0,1.21875,1.191509648558452,1.191509648558452,<2-year,6,False
AL-RF-20080826-0225,02423496,,031502020204,226.0,2008-08-26 08:00:00+00:00,2008-08-26 00:00:00+00:00,-8.0,6220.0,27.52212389380531,2008.0,1.2758620689655173,1.26638433113784,1.26638433113784,<2-year,,False
AL-RF-20080826-0225,02423500,,031502020204,230.0,2008-08-26 08:00:00+00:00,2008-08-26 00:00:00+00:00,-8.0,6340.0,27.565217391304348,2008.0,1.4318181818181819,1.415650395274506,1.415650395274506,<2-year,,False
AL-RF-20080826-0225,0242354750,,031502020202,25.6,2008-08-26 08:00:00+00:00,2008-08-26 00:00:00+00:00,-8.0,733.0,28.6328125,2008.0,1.2727272727272727,1.172615018306519,1.172615018306519,<2-year,C,True
AL-RF-20080826-0225,02423555,,031502020206,335.0,2008-08-26 08:00:00+00:00,2008-08-26 00:00:00+00:00,-8.0,6570.0,19.611940298507463,2008.0,1.0975609756097562,1.1953574461848488,1.1953574461848488,<2-year,,False
AL-RF-20080826-0225,02423630,,031502020303,72.3,2008-08-26 08:00:00+00:00,2008-08-26 00:00:00+00:00,-8.0,1870.0,25.86445366528354,2008.0,1.075,1.037725746936961,1.037725746936961,<2-year,,True
AL-RF-20080826-0225,02427250,,031502030407,261.0,2008-08-26 08:00:00+00:00,2008-08-26 00:00:00+00:00,-8.0,3460.0,13.256704980842912,2008.0,1.088235294117647,1.0907542414995004,1.0907542414995004,<2-year,,True
AL-RF-20080826-0225,02455000,,031601110208,303.0,2008-08-26 08:00:00+00:00,2008-08-26 00:00:00+00:00,-8.0,5370.0,17.722772277227723,2008.0,1.0365853658536586,1.05150790870019,1.05150790870019,<2-year,,False
AL-RF-20080826-0225,02455900,,031601110308,707.0,2008-08-26 08:00:00+00:00,2008-08-27 00:00:00+00:00,16.0,5590.0,7.906647807637906,2008.0,1.222222222222222,,1.222222222222222,<2-year,,False
AL-RF-20080826-0225,02455980,,031601110306,27.4,2008-08-26 08:00:00+00:00,2008-08-26 00:00:00+00:00,-8.0,3110.0,113.5036496350365,2008.0,1.9473684210526316,1.887792656699545,1.887792656699545,<2-year,C,False
AL-RF-20080826-0225,02457000,,031601110406,23.9,2008-08-26 08:00:00+00:00,2008-08-26 00:00:00+00:00,-8.0,2870.0,120.08368200836821,2008.0,1.5161290322580647,2.019504213195468,2.019504213195468,2–5-year,C,True
AL-RF-20080826-0225,02458450,,031601110408,33.5,2008-08-26 08:00:00+00:00,2008-08-26 00:00:00+00:00,-8.0,2860.0,85.3731343283582,2008.0,1.0512820512820513,1.045224885709361,1.045224885709361,<2-year,C,False
AL-RF-20081210-0227,03574500,,060300020203,320.0,2008-12-10 07:00:00+00:00,2008-12-11 00:00:00+00:00,17.0,13100.0,40.9375,2009.0,1.467741935483871,1.5083192602159026,1.5083192602159026,<2-year,,True
AL-RF-20081210-0227,0357479650,,060300020303,33.0,2008-12-10 07:00:00+00:00,2008-12-10 00:00:00+00:00,-7.0,2600.0,78.78787878787878,2009.0,2.7777777777777777,1.8247574509064155,1.8247574509064155,<2-year,,False
AL-RF-20081210-0227,03575100,,060300020403,375.0,2008-12-10 07:00:00+00:00,2008-12-10 00:00:00+00:00,-7.0,22100.0,58.93333333333333,2009.0,2.3333333333333335,2.4278673332802065,2.4278673332802065,2–5-year,,True
AL-RF-20081210-0227,03575830,,060300020505,49.0,2008-12-10 07:00:00+00:00,2008-12-10 00:00:00+00:00,-7.0,5750.0,117.34693877551021,2009.0,3.7222222222222223,4.173849672880762,4.173849672880762,2–5-year,C,True
AL-RF-20081210-0227,0357587140,,060300020502,2.52,2008-12-10 07:00:00+00:00,2008-12-10 00:00:00+00:00,-7.0,600.0,238.0952380952381,2009.0,2.8,3.0355206856557864,3.0355206856557864,2–5-year,C,True
AL-RF-20081210-0227,0357587400,,060300020502,8.5,2008-12-10 07:00:00+00:00,2008-12-10 00:00:00+00:00,-7.0,1900.0,223.52941176470588,2009.0,2.2142857142857144,2.073780627553903,2.073780627553903,2–5-year,C,False
AL-RF-20081210-0227,03575980,,060300020503,9.64,2008-12-10 07:00:00+00:00,2008-12-10 00:00:00+00:00,-7.0,1920.0,199.17012448132778,2009.0,2.0,1.8626632505665262,1.8626632505665262,<2-year,C,False
AL-RF-20081210-0227,03576250,,060300020703,119.0,2008-12-10 07:00:00+00:00,2008-12-10 00:00:00+00:00,-7.0,6380.0,53.61344537815126,2009.0,1.75,1.7370487903062561,1.7370487903062561,<2-year,,False
AL-RF-20081210-0227,03584600,,060300040402,1805.0,2008-12-10 07:00:00+00:00,2008-12-12 00:00:00+00:00,41.0,22800.0,12.631578947368421,2009.0,1.3205128205128205,1.2924639615728521,1.2924639615728521,<2-year,6,False
AL-RF-20081210-0227,03586500,,060300050105,166.0,2008-12-10 07:00:00+00:00,2008-12-12 00:00:00+00:00,41.0,4580.0,27.59036144578313,2009.0,1.3793103448275863,1.4289689980479985,1.4289689980479985,<2-year,,False
AL-RF-20090107-0228,02400100,,031501050909,252.0,2009-01-07 01:00:00+00:00,2009-01-06 00:00:00+00:00,-25.0,8180.0,32.46031746031746,2009.0,2.6666666666666665,2.6751646510463116,2.6751646510463116,2–5-year,,True
AL-RF-20090107-0228,02400680,,031501060101,55.4,2009-01-07 01:00:00+00:00,2009-01-07 00:00:00+00:00,-1.0,3710.0,66.96750902527076,2009.0,8.0,5.706526769155097,5.706526769155097,5–10-year,,False
AL-RF-20090107-0228,02401000,,031501060104,182.0,2009-01-07 01:00:00+00:00,2009-01-07 00:00:00+00:00,-1.0,8400.0,46.15384615384615,2009.0,4.411764705882353,4.933691558759319,4.933691558759319,2–5-year,,False
AL-RF-20090107-0228,02401390,,031501060305,141.0,2009-01-07 01:00:00+00:00,2009-01-07 00:00:00+00:00,-1.0,7830.0,55.53191489361702,2009.0,4.357142857142857,4.537561711129372,4.537561711129372,2–5-year,,False
AL-RF-20090107-0228,02442500,,031601050203,247.0,2009-01-07 01:00:00+00:00,2009-01-07 00:00:00+00:00,-1.0,11700.0,47.36842105263158,2009.0,4.875,1000000.0,1000000.0,>500-year,,False
AL-RF-20090107-0228,02443000,,031601050205,309.0,2009-01-07 01:00:00+00:00,2009-01-08 00:00:00+00:00,23.0,12800.0,41.42394822006472,2009.0,10.625,12.6897408699913,12.6897408699913,10–25-year,,False
AL-RF-20090107-0228,02450180,,031601090205,487.0,2009-01-07 01:00:00+00:00,2009-01-07 00:00:00+00:00,-1.0,44500.0,91.37577002053388,2009.0,15.666666666666668,32.08358857787253,32.08358857787253,25–50-year,,False
AL-RF-20090107-0228,02450825,,031601100304,101.0,2009-01-07 01:00:00+00:00,2009-01-07 00:00:00+00:00,-1.0,5160.0,51.08910891089109,2009.0,1.8499999999999999,1.9038083589369956,1.9038083589369956,<2-year,,False
AL-RF-20090107-0228,02453000,,031601090309,181.0,2009-01-07 01:00:00+00:00,2009-01-06 00:00:00+00:00,-25.0,6030.0,33.31491712707182,2009.0,4.625,5.378670612566133,5.378670612566133,5–10-year,,False
AL-RF-20090107-0228,02454055,,031601090405,143.0,2009-01-07 01:00:00+00:00,2009-01-07 00:00:00+00:00,-1.0,8770.0,61.32867132867133,2009.0,15.0,21.041373494126322,21.041373494126322,10–25-year,,False
AL-RF-20090107-0228,02455900,,031601110308,707.0,2009-01-07 01:00:00+00:00,2009-01-07 00:00:00+00:00,-1.0,45300.0,64.07355021216408,2009.0,11.0,,11.0,10–25-year,,False
AL-RF-20090107-0228,02456000,,031601110307,80.9,2009-01-07 01:00:00+00:00,2009-01-07 00:00:00+00:00,-1.0,5470.0,67.61433868974042,2009.0,1.6363636363636362,1.6499136713983473,1.6499136713983473,<2-year,,False
AL-RF-20090107-0228,02456500,,031601110404,885.0,2009-01-07 01:00:00+00:00,2009-01-08 00:00:00+00:00,23.0,39800.0,44.97175141242938,2009.0,10.75,10.444072776403914,10.444072776403914,10–25-year,,False
AL-RF-20090228-0229,02411000,,031501070907,10102.0,2009-02-28 10:00:00+00:00,2009-02-28 00:00:00+00:00,-10.0,93200.0,9.225895862205505,2009.0,1.6666666666666667,1.5209985095823184,1.5209985095823184,<2-year,1,True
AL-RF-20090228-0229,02412000,,031501080405,448.0,2009-02-28 10:00:00+00:00,2009-03-01 00:00:00+00:00,14.0,5790.0,12.924107142857142,2009.0,1.3272727272727272,1.4290538175377836,1.4290538175377836,<2-year,,True
AL-RF-20090228-0229,02423630,,031502020303,72.3,2009-02-28 10:00:00+00:00,2009-02-28 00:00:00+00:00,-10.0,3000.0,41.49377593360996,2009.0,1.1621621621621623,1.2620641459818582,1.2620641459818582,<2-year,,True
AL-RF-20090228-0229,02462000,,031601120104,148.0,2009-02-28 10:00:00+00:00,2009-02-28 00:00:00+00:00,-10.0,5840.0,39.45945945945946,2009.0,1.2166666666666668,1.392342597345557,1.392342597345557,<2-year,,True
AL-RF-20090228-0229,02464146,,031601120411,6.16,2009-02-28 10:00:00+00:00,2009-02-27 00:00:00+00:00,-34.0,1060.0,172.07792207792207,2009.0,3.2727272727272725,3.645802023669336,3.645802023669336,2–5-year,,False
AL-RF-20090228-0229,02464660,,031601120412,20.9,2009-02-28 10:00:00+00:00,2009-02-28 00:00:00+00:00,-10.0,1630.0,77.99043062200957,2009.0,10.0,,10.0,10–25-year,,True
AL-RF-20090228-0229,02465292,,031601130203,10.7,2009-02-28 10:00:00+00:00,2009-02-27 00:00:00+00:00,-34.0,2260.0,211.21495327102807,2009.0,1.4375,1.3614935642296697,1.3614935642296697,<2-year,C,False
AL-RF-20090328-0231,02361000,,031402010602,686.0,2009-03-28 17:00:00+00:00,2009-03-29 00:00:00+00:00,7.0,11300.0,16.472303206997086,2009.0,2.8285714285714287,2.943848770489619,2.943848770489619,2–5-year,,False
AL-RF-20090328-0231,02361500,,031402011202,1280.0,2009-03-28 17:00:00+00:00,2009-03-29 00:00:00+00:00,7.0,32400.0,25.3125,2009.0,13.5,20.38577793070771,20.38577793070771,10–25-year,,False
AL-RF-20090328-0231,02362240,,031402011101,21.4,2009-03-28 17:00:00+00:00,2009-03-28 00:00:00+00:00,-17.0,3960.0,185.04672897196264,2009.0,9.0,7.653667646451025,7.653667646451025,5–10-year,,False
AL-RF-20090328-0231,02364000,,031402020603,959.0,2009-03-28 17:00:00+00:00,2009-04-01 00:00:00+00:00,79.0,16700.0,17.413972888425445,2009.0,3.3181818181818183,2.956614631346553,2.956614631346553,2–5-year,,False
AL-RF-20090328-0231,02364500,,031402020610,1182.0,2009-03-28 17:00:00+00:00,2009-03-29 00:00:00+00:00,7.0,15500.0,13.11336717428088,2009.0,3.4761904761904763,3.524651583875527,3.524651583875527,2–5-year,,False
AL-RF-20090328-0231,02365200,,031402030105,3209.0,2009-03-28 17:00:00+00:00,2009-03-30 00:00:00+00:00,31.0,63200.0,19.69460891243378,2009.0,16.5,20.871766320160706,20.871766320160706,10–25-year,,False
AL-RF-20090328-0231,02367900,,031401030403,510.0,2009-03-28 17:00:00+00:00,2009-03-30 00:00:00+00:00,31.0,16700.0,32.745098039215684,2009.0,6.75,10.022826767957605,10.022826767957605,10–25-year,,False
AL-RF-20090328-0231,02369800,,031401040104,87.7,2009-03-28 17:00:00+00:00,2009-03-28 00:00:00+00:00,-17.0,6470.0,73.77423033067275,2009.0,8.428571428571429,7.6568170174112655,7.6568170174112655,5–10-year,,False
AL-RF-20090328-0231,02372250,,031403020501,442.0,2009-03-28 17:00:00+00:00,2009-03-30 00:00:00+00:00,31.0,11500.0,26.018099547511312,2009.0,3.9230769230769234,4.696120071757252,4.696120071757252,2–5-year,,False
AL-RF-20090328-0231,02376500,,031401060403,394.0,2009-03-28 17:00:00+00:00,2009-03-28 00:00:00+00:00,-17.0,12900.0,32.74111675126903,2009.0,4.095238095238096,4.289384730357401,4.289384730357401,2–5-year,,False
AL-RF-20090328-0231,02377570,,031401060506,192.0,2009-03-28 17:00:00+00:00,2009-03-29 00:00:00+00:00,7.0,13900.0,72.39583333333333,2009.0,3.9000000000000004,4.902089988861089,4.902089988861089,2–5-year,,False
AL-RF-20090328-0231,02378170,,031401070201,4.98,2009-03-28 17:00:00+00:00,2009-03-28 00:00:00+00:00,-17.0,974.0,195.58232931726906,2009.0,2.428571428571429,,2.428571428571429,2–5-year,,False
AL-RF-20090328-0231,02378300,,031602050203,16.6,2009-03-28 17:00:00+00:00,2009-03-28 00:00:00+00:00,-17.0,2800.0,168.67469879518072,2009.0,3.0,3.3654744769641263,3.3654744769641263,2–5-year,,False
AL-RF-20090328-0231,02378500,,031602050201,55.3,2009-03-28 17:00:00+00:00,2009-03-28 00:00:00+00:00,-17.0,7300.0,132.00723327305607,2009.0,6.222222222222221,8.079659785255526,8.079659785255526,5–10-year,,False
AL-RF-20090328-0231,02419890,,031501100905,4646.0,2009-03-28 17:00:00+00:00,2009-03-30 00:00:00+00:00,31.0,49300.0,10.611278519156263,2009.0,2.2142857142857144,2.8028560100556508,2.8028560100556508,2–5-year,5,False
AL-RF-20090328-0231,02420000,,031502010107,15087.0,2009-03-28 17:00:00+00:00,2009-03-28 00:00:00+00:00,-17.0,117000.0,7.755020878902366,2009.0,2.0851063829787235,2.0125636405224316,2.0125636405224316,2–5-year,,False
AL-RF-20090328-0231,02421000,,031502010309,290.0,2009-03-28 17:00:00+00:00,2009-03-29 00:00:00+00:00,7.0,11100.0,38.275862068965516,2009.0,2.4193548387096775,2.399238251739864,2.399238251739864,2–5-year,,False
AL-RF-20090328-0231,02422500,,031502011006,203.0,2009-03-28 17:00:00+00:00,2009-03-27 00:00:00+00:00,-41.0,6980.0,34.38423645320197,2009.0,2.444444444444444,2.6610685864543027,2.6610685864543027,2–5-year,,False
AL-RF-20090328-0231,02428400,,031502040105,21473.0,2009-03-28 17:00:00+00:00,2009-04-01 00:00:00+00:00,79.0,176000.0,8.196339589251618,2009.0,4.777777777777778,5.660269328022975,5.660269328022975,5–10-year,,False
AL-RF-20090328-0231,02466030,,031601130607,5810.0,2009-03-28 17:00:00+00:00,2009-03-27 00:00:00+00:00,-41.0,150000.0,25.817555938037867,2009.0,22.0,18.798928347311307,18.798928347311307,10–25-year,,False
AL-RF-20090328-0231,02469761,,031602010909,18417.0,2009-03-28 17:00:00+00:00,2009-04-02 00:00:00+00:00,103.0,174000.0,9.447792800130314,2009.0,4.923076923076923,3.2793355951451586,3.2793355951451586,2–5-year,2,False
AL-RF-20090328-0231,02469800,,031602030205,164.0,2009-03-28 17:00:00+00:00,2009-03-27 00:00:00+00:00,-41.0,8050.0,49.08536585365854,2009.0,4.733333333333333,4.2943078950273055,4.2943078950273055,2–5-year,,False
AL-RF-20090328-0231,02470072,,031602030602,10.5,2009-03-28 17:00:00+00:00,2009-03-27 00:00:00+00:00,-41.0,1850.0,176.1904761904762,2009.0,6.2,5.308527749762809,5.308527749762809,5–10-year,,False
AL-RF-20090328-0231,02471001,,031602040303,125.0,2009-03-28 17:00:00+00:00,2009-03-28 00:00:00+00:00,-17.0,6110.0,48.88,2009.0,3.083333333333333,3.0063512076562335,3.0063512076562335,2–5-year,,False
AL-RF-20090328-0231,02471078,,031602050104,16.5,2009-03-28 17:00:00+00:00,2009-03-28 00:00:00+00:00,-17.0,4720.0,286.06060606060606,2009.0,8.0,10.968956628384177,10.968956628384177,10–25-year,C,False
AL-RF-20090328-0231,02478500,,031700030402,2690.0,2009-03-28 17:00:00+00:00,2009-04-02 00:00:00+00:00,103.0,31100.0,11.561338289962825,2009.0,3.4230769230769234,3.765226079463282,3.765226079463282,2–5-year,,False
AL-RF-20090328-0231,02479560,,031700080403,562.0,2009-03-28 17:00:00+00:00,2009-03-28 00:00:00+00:00,-17.0,27900.0,49.644128113879006,2009.0,23.5,29.455574693548797,29.455574693548797,25–50-year,,False
AL-RF-20090328-0231,02479945,,031700080501,31.48,2009-03-28 17:00:00+00:00,2009-03-28 00:00:00+00:00,-17.0,1940.0,61.62642947903431,2009.0,2.769230769230769,3.5007731244754807,3.5007731244754807,2–5-year,,False
AL-RF-20090328-0231,02479980,,031700080502,8.08,2009-03-28 17:00:00+00:00,2009-03-28 00:00:00+00:00,-17.0,900.0,111.38613861386139,2009.0,3.2727272727272725,3.812578058690773,3.812578058690773,2–5-year,,False
AL-RF-20090328-0231,02480002,,031700080502,8.22,2009-03-28 17:00:00+00:00,2009-03-28 00:00:00+00:00,-17.0,862.0,104.86618004866179,2009.0,2.571428571428571,2.5224996878741663,2.5224996878741663,2–5-year,C,True
AL-RF-20090504-0234,02419845,,031501100904,7.1,2009-05-04 11:00:00+00:00,2009-05-07 00:00:00+00:00,61.0,5740.0,808.4507042253522,2009.0,12.0,,12.0,10–25-year,"7,C",True
AL-RF-20090504-0234,02419875,,031501100905,2.7,2009-05-04 11:00:00+00:00,2009-05-07 00:00:00+00:00,61.0,4880.0,1807.4074074074074,2009.0,12.0,,12.0,10–25-year,"7,C",False
AL-RF-20090504-0234,02419974,,031502010104,2.3,2009-05-04 11:00:00+00:00,2009-05-07 00:00:00+00:00,61.0,6170.0,2682.608695652174,2009.0,12.0,,12.0,10–25-year,"7,C",False
AL-RF-20090504-0234,02419976,,031502010104,8.1,2009-05-04 11:00:00+00:00,2009-05-07 00:00:00+00:00,61.0,8300.0,1024.6913580246915,2009.0,12.0,,12.0,10–25-year,"7,C",True
AL-RF-20090504-0234,02420980,,031502010309,4.6,2009-05-04 11:00:00+00:00,2009-05-07 00:00:00+00:00,61.0,5950.0,1293.4782608695652,2009.0,6.0,,6.0,5–10-year,"7,C",False
AL-RF-20090705-0237,03588500,,060300050508,348.0,2009-07-05 13:00:00+00:00,2009-07-05 00:00:00+00:00,-13.0,13100.0,37.64367816091954,2009.0,1.5079365079365081,1.4832114720484955,1.4832114720484955,<2-year,,False
AL-RF-20090918-0242,02423130,,031502020101,19.7,2009-09-18 02:00:00+00:00,2009-09-17 00:00:00+00:00,-26.0,3990.0,202.53807106598987,2009.0,5.666666666666666,5.418491171105717,5.418491171105717,5–10-year,C,True
AL-RF-20090918-0242,02423397,,031502020103,17.0,2009-09-18 02:00:00+00:00,2009-09-18 00:00:00+00:00,-2.0,3360.0,197.64705882352942,2009.0,14.5,1000000.0,1000000.0,>500-year,C,False
AL-RF-20090918-0242,02423400,,031502020103,24.4,2009-09-18 02:00:00+00:00,2009-09-18 00:00:00+00:00,-2.0,5050.0,206.96721311475412,2009.0,16.0,25.324605005824303,25.324605005824303,25–50-year,C,False
AL-RF-20090918-0242,02423414,,031502020103,47.0,2009-09-18 02:00:00+00:00,2009-09-18 00:00:00+00:00,-2.0,2330.0,49.57446808510638,2009.0,3.666666666666667,4.083838398449046,4.083838398449046,2–5-year,6,False
AL-RF-20090918-0242,02457000,,031601110406,23.9,2009-09-18 02:00:00+00:00,2009-09-17 00:00:00+00:00,-26.0,4620.0,193.30543933054395,2009.0,6.714285714285714,4.206533022034255,4.206533022034255,2–5-year,C,True
AL-RF-20090918-0242,02457595,,031601110406,51.9,2009-09-18 02:00:00+00:00,2009-09-19 00:00:00+00:00,22.0,5950.0,114.64354527938343,2009.0,2.111111111111111,2.065514520891017,2.065514520891017,2–5-year,,False
AL-RF-20090922-0243,02398950,,031501050704,42.8,2009-09-22 01:00:00+00:00,2009-09-21 00:00:00+00:00,-25.0,5500.0,128.50467289719626,2009.0,8.0,,8.0,5–10-year,,True
AL-RF-20090922-0243,02408540,,031501070708,263.0,2009-09-22 01:00:00+00:00,2009-09-19 00:00:00+00:00,-73.0,19900.0,75.66539923954373,2009.0,5.75,6.447220503881999,6.447220503881999,5–10-year,,False
AL-RF-20090922-0243,02415000,,031501090405,190.0,2009-09-22 01:00:00+00:00,2009-09-19 00:00:00+00:00,-73.0,7950.0,41.8421052631579,2009.0,1.909090909090909,1.9142025349145977,1.9142025349145977,<2-year,,False
AL-RF-20090922-0243,02423380,,031502020104,140.0,2009-09-22 01:00:00+00:00,2009-09-18 00:00:00+00:00,-97.0,11200.0,80.0,2009.0,4.888888888888888,4.365046037834332,4.365046037834332,2–5-year,,True
AL-RF-20090922-0243,02423397,,031502020103,17.0,2009-09-22 01:00:00+00:00,2009-09-18 00:00:00+00:00,-97.0,3360.0,197.64705882352942,2009.0,14.5,1000000.0,1000000.0,>500-year,C,False
AL-RF-20090922-0243,02423400,,031502020103,24.4,2009-09-22 01:00:00+00:00,2009-09-18 00:00:00+00:00,-97.0,5050.0,206.96721311475412,2009.0,16.0,25.324605005824303,25.324605005824303,25–50-year,C,False
AL-RF-20090922-0243,02423414,,031502020103,47.0,2009-09-22 01:00:00+00:00,2009-09-18 00:00:00+00:00,-97.0,2330.0,49.57446808510638,2009.0,3.666666666666667,4.083838398449046,4.083838398449046,2–5-year,6,False
AL-RF-20090922-0243,02423425,,031502020204,201.0,2009-09-22 01:00:00+00:00,2009-09-18 00:00:00+00:00,-97.0,10300.0,51.243781094527364,2009.0,2.4375,2.3866756320773512,2.3866756320773512,2–5-year,6,False
AL-RF-20090922-0243,02423496,,031502020204,226.0,2009-09-22 01:00:00+00:00,2009-09-18 00:00:00+00:00,-97.0,8760.0,38.76106194690266,2009.0,1.9473684210526316,1.827942003056997,1.827942003056997,<2-year,,False
AL-RF-20090922-0243,02424000,,031502020503,1027.0,2009-09-22 01:00:00+00:00,2009-09-21 00:00:00+00:00,-25.0,32600.0,31.7429406037001,2009.0,2.5217391304347827,2.3363673328418155,2.3363673328418155,2–5-year,,True
AL-RF-20090922-0243,02465493,,031601130302,32.3,2009-09-22 01:00:00+00:00,2009-09-21 00:00:00+00:00,-25.0,6430.0,199.07120743034056,2009.0,49.00000000000001,90.64497455272665,90.64497455272665,50–100-year,,False
AL-RF-20091012-0246,02339500,,031300020908,3550.0,2009-10-12 16:00:00+00:00,2009-10-14 09:45:00+00:00,41.75,31300.0,8.816901408450704,2010.0,1.7945205479452053,1.683393936245989,1.683393936245989,<2-year,6,True
AL-RF-20091111-0248,02341505,,031300030304,4670.0,2009-11-11 03:00:00+00:00,2009-11-12 00:00:00+00:00,21.0,60300.0,12.91220556745182,2010.0,3.5,,3.5,2–5-year,6,False
AL-RF-20091111-0248,02342500,,031300030505,322.0,2009-11-11 03:00:00+00:00,2009-11-11 00:00:00+00:00,-3.0,18600.0,57.7639751552795,2010.0,7.2727272727272725,6.372529887887806,6.372529887887806,5–10-year,,False
AL-RF-20091111-0248,02405500,,031501060808,193.0,2009-11-11 03:00:00+00:00,2009-11-11 00:00:00+00:00,-3.0,8410.0,43.575129533678755,2010.0,2.9,3.129518350392211,3.129518350392211,2–5-year,,False
AL-RF-20091111-0248,02418230,,031501100102,71.3,2009-11-11 03:00:00+00:00,2009-11-11 00:00:00+00:00,-3.0,4410.0,61.85133239831697,2010.0,2.5999999999999996,3.126708798578916,3.126708798578916,2–5-year,,False
AL-RF-20091111-0248,02418760,,031501100202,45.8,2009-11-11 03:00:00+00:00,2009-11-10 00:00:00+00:00,-27.0,3010.0,65.72052401746726,2010.0,2.090909090909091,2.186753631609755,2.186753631609755,2–5-year,,False
AL-RF-20091111-0248,02419000,,031501100302,333.0,2009-11-11 03:00:00+00:00,2009-11-11 00:00:00+00:00,-3.0,13700.0,41.14114114114114,2010.0,3.782608695652174,3.5742633736091682,3.5742633736091682,2–5-year,,False
AL-RF-20091111-0248,02423380,,031502020104,140.0,2009-11-11 03:00:00+00:00,2009-11-11 00:00:00+00:00,-3.0,8010.0,57.214285714285715,2010.0,2.2,2.1618443039441866,2.1618443039441866,2–5-year,,True
AL-RF-20091111-0248,02423397,,031502020103,17.0,2009-11-11 03:00:00+00:00,2009-11-10 00:00:00+00:00,-27.0,1440.0,84.70588235294117,2010.0,1.45,1.3889133480364018,1.3889133480364018,<2-year,C,False
AL-RF-20091111-0248,02423400,,031502020103,24.4,2009-11-11 03:00:00+00:00,2009-11-10 00:00:00+00:00,-27.0,2450.0,100.40983606557377,2010.0,4.0,3.6323503874660052,3.6323503874660052,2–5-year,C,False
AL-RF-20091111-0248,02423414,,031502020103,47.0,2009-11-11 03:00:00+00:00,2009-11-11 00:00:00+00:00,-3.0,2160.0,45.95744680851064,2010.0,3.142857142857143,3.201530019921612,3.201530019921612,2–5-year,6,False
AL-RF-20091111-0248,02465493,,031601130302,32.3,2009-11-11 03:00:00+00:00,2009-11-10 00:00:00+00:00,-27.0,665.0,20.58823529411765,2010.0,2.4499999999999997,2.3560932397619836,2.3560932397619836,2–5-year,,False
AL-RF-20091209-0249,02450250,,031601100103,92.1,2009-12-09 08:00:00+00:00,2009-12-09 00:00:00+00:00,-8.0,7850.0,85.23344191096635,2010.0,2.5,2.512802509825685,2.512802509825685,2–5-year,,False
AL-RF-20091209-0249,02450825,,031601100304,101.0,2009-12-09 08:00:00+00:00,2009-12-09 00:00:00+00:00,-8.0,7070.0,70.0,2010.0,3.3636363636363633,3.6837410161497592,3.6837410161497592,2–5-year,,False
AL-RF-20091209-0249,03574500,,060300020203,320.0,2009-12-09 08:00:00+00:00,2009-12-10 00:00:00+00:00,16.0,17300.0,54.0625,2010.0,2.1666666666666665,2.1712423889692367,2.1712423889692367,2–5-year,,True
AL-RF-20091209-0249,03575100,,060300020403,375.0,2009-12-09 08:00:00+00:00,2009-12-09 00:00:00+00:00,-8.0,21600.0,57.6,2010.0,2.1538461538461537,2.33996733219597,2.33996733219597,2–5-year,,True
AL-RF-20091209-0249,0357526200,,060300020404,4.89,2009-12-09 08:00:00+00:00,2009-12-08 00:00:00+00:00,-32.0,2620.0,535.7873210633948,2010.0,9.666666666666666,7.336342818042626,7.336342818042626,5–10-year,C,False
AL-RF-20091209-0249,03575272,,060300020404,2.73,2009-12-09 08:00:00+00:00,2009-12-08 00:00:00+00:00,-32.0,1800.0,659.3406593406594,2010.0,9.0,,9.0,5–10-year,C,False
AL-RF-20091209-0249,0357568650,,060300020903,1.41,2009-12-09 08:00:00+00:00,2009-12-08 00:00:00+00:00,-32.0,655.0,464.53900709219863,2010.0,2.3076923076923075,2.2485659581648054,2.2485659581648054,2–5-year,C,False
AL-RF-20091209-0249,0357568980,,060300020903,6.97,2009-12-09 08:00:00+00:00,2009-12-09 00:00:00+00:00,-8.0,2670.0,383.0703012912482,2010.0,10.333333333333334,8.910068909612122,8.910068909612122,5–10-year,C,False
AL-RF-20091209-0249,03575700,,060300020903,14.1,2009-12-09 08:00:00+00:00,2009-12-08 00:00:00+00:00,-32.0,7730.0,548.2269503546099,2010.0,20.5,54.12898461488923,54.12898461488923,50–100-year,C,False
AL-RF-20091209-0249,03575830,,060300020505,49.0,2009-12-09 08:00:00+00:00,2009-12-09 00:00:00+00:00,-8.0,7030.0,143.46938775510205,2010.0,6.090909090909091,6.261757877217957,6.261757877217957,5–10-year,C,True
AL-RF-20091209-0249,0357587140,,060300020502,2.52,2009-12-09 08:00:00+00:00,2009-12-08 00:00:00+00:00,-32.0,795.0,315.4761904761905,2010.0,5.6,5.465443500556605,5.465443500556605,5–10-year,C,True
AL-RF-20091209-0249,03575980,,060300020503,9.64,2009-12-09 08:00:00+00:00,2009-12-08 00:00:00+00:00,-32.0,2910.0,301.86721991701245,2010.0,6.0,7.151483855090793,7.151483855090793,5–10-year,C,False
AL-RF-20091209-0249,03577225,,060300021101,40.9,2009-12-09 08:00:00+00:00,2009-12-09 00:00:00+00:00,-8.0,9190.0,224.69437652811737,2010.0,8.5,,8.5,5–10-year,,False
AL-RF-20091215-0250,02342933,,031300031204,112.0,2009-12-15 02:00:00+00:00,2009-12-15 00:00:00+00:00,-2.0,11900.0,106.25,2010.0,9.799999999999999,10.986006717364507,10.986006717364507,10–25-year,,False
AL-RF-20091215-0250,023432415,,031300040104,7460.0,2009-12-15 02:00:00+00:00,2009-12-15 00:00:00+00:00,-2.0,82400.0,11.045576407506703,2010.0,4.25,,4.25,2–5-year,6,True
AL-RF-20091215-0250,02361000,,031402010602,686.0,2009-12-15 02:00:00+00:00,2009-12-15 00:00:00+00:00,-2.0,25100.0,36.588921282798836,2010.0,12.374999999999998,11.523299063702858,11.523299063702858,10–25-year,,False
AL-RF-20091215-0250,02363000,,031402020504,498.0,2009-12-15 02:00:00+00:00,2009-12-15 00:00:00+00:00,-2.0,16200.0,32.53012048192771,2010.0,6.357142857142858,7.045461304160325,7.045461304160325,5–10-year,,False
AL-RF-20091215-0250,02364000,,031402020603,959.0,2009-12-15 02:00:00+00:00,2009-12-15 00:00:00+00:00,-2.0,31900.0,33.26381647549531,2010.0,9.125,11.398426241606906,11.398426241606906,10–25-year,,False
AL-RF-20091215-0250,02371500,,031403010401,500.0,2009-12-15 02:00:00+00:00,2009-12-17 00:00:00+00:00,46.0,11900.0,23.8,2010.0,4.5,5.158427118597866,5.158427118597866,5–10-year,,False
AL-RF-20091215-0250,02372250,,031403020501,442.0,2009-12-15 02:00:00+00:00,2009-12-16 00:00:00+00:00,22.0,12700.0,28.733031674208146,2010.0,6.375,5.62758396059762,5.62758396059762,5–10-year,,False
AL-RF-20091215-0250,02373000,,031403030604,470.0,2009-12-15 02:00:00+00:00,2009-12-16 00:00:00+00:00,22.0,21400.0,45.53191489361702,2010.0,10.625,9.95677717138963,9.95677717138963,5–10-year,,False
AL-RF-20091215-0250,02374250,,031403040506,2661.0,2009-12-15 02:00:00+00:00,2009-12-20 00:00:00+00:00,118.0,72900.0,27.395715896279594,2010.0,28.0,38.78959713625738,38.78959713625738,25–50-year,,False
AL-RF-20091215-0250,02374500,,031403040107,176.0,2009-12-15 02:00:00+00:00,2009-12-15 00:00:00+00:00,-2.0,7160.0,40.68181818181818,2010.0,5.294117647058823,5.101443855541844,5.101443855541844,5–10-year,,False
AL-RF-20091215-0250,02374700,,031403040404,435.0,2009-12-15 02:00:00+00:00,2009-12-15 00:00:00+00:00,-2.0,32800.0,75.40229885057471,2010.0,28.0,66.1391068151714,66.1391068151714,50–100-year,2,True
AL-RF-20091215-0250,02374745,,031403040305,182.0,2009-12-15 02:00:00+00:00,2009-12-15 00:00:00+00:00,-2.0,21000.0,115.38461538461539,2010.0,28.0,44.27785752237116,44.27785752237116,25–50-year,,False
AL-RF-20091215-0250,02374950,,031403050206,193.0,2009-12-15 02:00:00+00:00,2009-12-15 00:00:00+00:00,-2.0,10500.0,54.40414507772021,2010.0,13.0,13.612841105393732,13.612841105393732,10–25-year,,False
AL-RF-20091215-0250,02375500,,031403050402,3817.0,2009-12-15 02:00:00+00:00,2009-12-16 00:00:00+00:00,22.0,73400.0,19.229761592873984,2010.0,11.624999999999998,10.05962322102328,10.05962322102328,10–25-year,,True
AL-RF-20091215-0250,02469800,,031602030205,164.0,2009-12-15 02:00:00+00:00,2009-12-19 00:00:00+00:00,94.0,5890.0,35.91463414634146,2010.0,2.8400000000000003,2.638326465836569,2.638326465836569,2–5-year,,False
AL-RF-20091215-0250,02478500,,031700030402,2690.0,2009-12-15 02:00:00+00:00,2009-12-21 01:30:00+00:00,143.5,27300.0,10.148698884758364,2010.0,2.6176470588235294,2.792496422491778,2.792496422491778,2–5-year,,False
AL-RF-20100124-0252,02408540,,031501070708,263.0,2010-01-24 15:00:00+00:00,2010-01-24 00:00:00+00:00,-15.0,13300.0,50.57034220532319,2010.0,3.0666666666666664,2.9254700017082427,2.9254700017082427,2–5-year,,False
AL-RF-20100311-0254,02404400,,031501060514,481.0,2010-03-11 05:00:00+00:00,2010-03-11 00:00:00+00:00,-5.0,16200.0,33.67983367983368,2010.0,3.9375,3.613237933961199,3.613237933961199,2–5-year,,False
AL-RF-20100311-0254,02406500,,031501060703,150.0,2010-03-11 05:00:00+00:00,2010-03-11 00:00:00+00:00,-5.0,8650.0,57.666666666666664,2010.0,3.4285714285714284,3.915650434330454,3.915650434330454,2–5-year,,False
AL-RF-20100311-0254,02407514,,031501070205,142.0,2010-03-11 05:00:00+00:00,2010-03-11 00:00:00+00:00,-5.0,10000.0,70.4225352112676,2010.0,19.0,,19.0,10–25-year,2,False
AL-RF-20100311-0254,02412000,,031501080405,448.0,2010-03-11 05:00:00+00:00,2010-03-12 00:00:00+00:00,19.0,8150.0,18.191964285714285,2010.0,2.7037037037037037,2.492469299919091,2.492469299919091,2–5-year,,True
AL-RF-20100311-0254,02423555,,031502020206,335.0,2010-03-11 05:00:00+00:00,2010-03-11 00:00:00+00:00,-5.0,15800.0,47.16417910447761,2010.0,3.4615384615384617,3.4276150955850544,3.4276150955850544,2–5-year,,False
AL-RF-20100311-0254,02424000,,031502020503,1027.0,2010-03-11 05:00:00+00:00,2010-03-11 00:00:00+00:00,-5.0,40700.0,39.62999026290166,2010.0,3.625,3.5153605123149374,3.5153605123149374,2–5-year,,True
AL-RF-20100425-0255,02398950,,031501050704,42.8,2010-04-25 04:00:00+00:00,2010-04-25 00:00:00+00:00,-4.0,2350.0,54.90654205607477,2010.0,1.4545454545454546,,1.4545454545454546,<2-year,,True
AL-RF-20100502-0257,02414500,,031501090107,1675.0,2010-05-02 19:00:00+00:00,2010-05-03 00:00:00+00:00,5.0,25600.0,15.283582089552239,2010.0,1.8867924528301885,1.8647520779624926,1.8647520779624926,<2-year,,True
AL-RF-20100502-0257,02449882,,031601090107,13.0,2010-05-02 19:00:00+00:00,2010-05-03 00:00:00+00:00,5.0,2270.0,174.6153846153846,2010.0,6.8,7.103974967292122,7.103974967292122,5–10-year,,False
AL-RF-20100502-0257,0357586650,,060300020502,3.44,2010-05-02 19:00:00+00:00,2010-05-02 00:00:00+00:00,-19.0,1810.0,526.1627906976744,2010.0,2.230769230769231,2.83282334885596,2.83282334885596,2–5-year,C,False
AL-RF-20100502-0257,0357587090,,060300020502,2.28,2010-05-02 19:00:00+00:00,2010-05-02 00:00:00+00:00,-19.0,1330.0,583.3333333333334,2010.0,2.818181818181818,3.2136462599991975,3.2136462599991975,2–5-year,C,False
AL-RF-20100502-0257,0357587400,,060300020502,8.5,2010-05-02 19:00:00+00:00,2010-05-02 00:00:00+00:00,-19.0,2700.0,317.6470588235294,2010.0,4.428571428571429,4.351087131038641,4.351087131038641,2–5-year,C,False
AL-RF-20100502-0257,0357587728,,060300020502,2.99,2010-05-02 19:00:00+00:00,2010-05-02 00:00:00+00:00,-19.0,1140.0,381.2709030100334,2010.0,4.444444444444445,4.021260915141422,4.021260915141422,2–5-year,C,True
AL-RF-20100502-0257,03575890,,060300020502,22.6,2010-05-02 19:00:00+00:00,2010-05-02 00:00:00+00:00,-19.0,4950.0,219.02654867256635,2010.0,2.388888888888889,2.3264497440400387,2.3264497440400387,2–5-year,C,False
AL-RF-20100502-0257,0357591500,,060300020502,1.47,2010-05-02 19:00:00+00:00,2010-05-02 00:00:00+00:00,-19.0,1590.0,1081.6326530612246,2010.0,14.5,12.485384931835975,12.485384931835975,10–25-year,C,False
AL-RF-20100502-0257,03584600,,060300040402,1805.0,2010-05-02 19:00:00+00:00,2010-05-04 00:00:00+00:00,29.0,31600.0,17.506925207756233,2010.0,1.7457627118644068,1.834234261131978,1.834234261131978,<2-year,6,False
AL-RF-20100502-0257,03588500,,060300050508,348.0,2010-05-02 19:00:00+00:00,2010-05-03 00:00:00+00:00,5.0,53600.0,154.02298850574712,2010.0,19.0,21.27087641655213,21.27087641655213,10–25-year,,False
AL-RF-20100726-0258,02464660,,031601120412,20.9,2010-07-26 21:00:00+00:00,2010-07-26 00:00:00+00:00,-21.0,564.0,26.985645933014357,2010.0,1.4285714285714286,,1.4285714285714286,<2-year,,True
AL-RF-20101130-0264,03575272,,060300020404,2.73,2010-11-30 13:00:00+00:00,2010-11-30 00:00:00+00:00,-13.0,1150.0,421.24542124542126,2011.0,2.0,,2.0,2–5-year,C,False
AL-RF-20101130-0264,0357568650,,060300020903,1.41,2010-11-30 13:00:00+00:00,2010-11-30 00:00:00+00:00,-13.0,563.0,399.290780141844,2011.0,1.7647058823529411,1.8223342160400195,1.8223342160400195,<2-year,C,False
AL-RF-20101130-0264,0357568980,,060300020903,6.97,2010-11-30 13:00:00+00:00,2010-11-30 00:00:00+00:00,-13.0,1640.0,235.29411764705884,2011.0,3.875,3.1323187563312294,3.1323187563312294,2–5-year,C,False
AL-RF-20101130-0264,0357586650,,060300020502,3.44,2010-11-30 13:00:00+00:00,2010-11-30 00:00:00+00:00,-13.0,1310.0,380.8139534883721,2011.0,1.8125,1.9600682230387758,1.9600682230387758,<2-year,C,False
AL-RF-20101130-0264,03575950,,060300020503,41.8,2010-11-30 13:00:00+00:00,2010-11-30 00:00:00+00:00,-13.0,8980.0,214.8325358851675,2011.0,3.5999999999999996,3.388134673952876,3.388134673952876,2–5-year,C,True
AL-RF-20120121-0266,02406930,,031501070104,16.5,2012-01-21 17:00:00+00:00,2012-01-21 00:00:00+00:00,-17.0,1480.0,89.6969696969697,2012.0,1.5,,1.5,<2-year,,False
AL-RF-20120123-0267,03574500,,060300020203,320.0,2012-01-23 11:00:00+00:00,2012-01-24 00:00:00+00:00,13.0,12900.0,40.3125,2012.0,1.421875,1.485231636861863,1.485231636861863,<2-year,,True
AL-RF-20120123-0267,0357526200,,060300020404,4.89,2012-01-23 11:00:00+00:00,2012-01-23 00:00:00+00:00,-11.0,1600.0,327.19836400817996,2012.0,2.9,2.4432390895740563,2.4432390895740563,2–5-year,C,False
AL-RF-20120123-0267,03575272,,060300020404,2.73,2012-01-23 11:00:00+00:00,2012-01-23 00:00:00+00:00,-11.0,1410.0,516.4835164835165,2012.0,2.571428571428571,,2.571428571428571,2–5-year,C,False
AL-RF-20120123-0267,0357587090,,060300020502,2.28,2012-01-23 11:00:00+00:00,2012-01-23 00:00:00+00:00,-11.0,1670.0,732.4561403508773,2012.0,5.166666666666667,6.4742632447700705,6.4742632447700705,5–10-year,C,False
AL-RF-20120123-0267,0357587140,,060300020502,2.52,2012-01-23 11:00:00+00:00,2012-01-23 00:00:00+00:00,-11.0,1030.0,408.73015873015873,2012.0,9.333333333333334,11.003578496768892,11.003578496768892,10–25-year,C,True
AL-RF-20120123-0267,0357587400,,060300020502,8.5,2012-01-23 11:00:00+00:00,2012-01-23 00:00:00+00:00,-11.0,3430.0,403.52941176470586,2012.0,15.5,9.152417762788467,9.152417762788467,5–10-year,C,False
AL-RF-20120123-0267,03575890,,060300020502,22.6,2012-01-23 11:00:00+00:00,2012-01-23 00:00:00+00:00,-11.0,5280.0,233.62831858407077,2012.0,2.8666666666666667,2.7371428752958082,2.7371428752958082,2–5-year,C,False
AL-RF-20120123-0267,0357591500,,060300020502,1.47,2012-01-23 11:00:00+00:00,2012-01-23 00:00:00+00:00,-11.0,1430.0,972.7891156462586,2012.0,7.25,6.39781517434571,6.39781517434571,5–10-year,C,False
AL-RF-20120123-0267,03576250,,060300020703,119.0,2012-01-23 11:00:00+00:00,2012-01-23 00:00:00+00:00,-11.0,6170.0,51.84873949579832,2012.0,1.673913043478261,1.679589803368322,1.679589803368322,<2-year,,False
AL-RF-20120323-0270,02469761,,031602010909,18417.0,2012-03-23 11:00:00+00:00,2012-03-27 00:00:00+00:00,85.0,110000.0,5.972742574795026,2012.0,1.2075471698113207,1.2718308144537822,1.2718308144537822,<2-year,,False
AL-RF-20120609-0273,02369800,,031401040104,87.7,2012-06-09 17:00:00+00:00,2012-06-11 00:00:00+00:00,31.0,1110.0,12.656784492588368,2012.0,1.2553191489361701,1.2777849031565562,1.2777849031565562,<2-year,,False
AL-RF-20120609-0273,02378500,,031602050201,55.3,2012-06-09 17:00:00+00:00,2012-06-10 00:00:00+00:00,7.0,1020.0,18.44484629294756,2012.0,1.2727272727272727,1.2809969964785377,1.2809969964785377,<2-year,,False
AL-RF-20120609-0273,02471078,,031602050104,16.5,2012-06-09 17:00:00+00:00,2012-06-09 00:00:00+00:00,-17.0,5470.0,331.5151515151515,2012.0,16.0,15.172168070329521,15.172168070329521,10–25-year,C,False
AL-RF-20120731-0276,0242354750,,031502020202,25.6,2012-07-31 12:00:00+00:00,2012-07-31 00:00:00+00:00,-12.0,1490.0,58.203125,2012.0,2.8,2.7583970234996085,2.7583970234996085,2–5-year,C,True
AL-RF-20120731-0276,02423555,,031502020206,335.0,2012-07-31 12:00:00+00:00,2012-07-31 00:00:00+00:00,-12.0,7720.0,23.044776119402986,2012.0,1.2162162162162162,1.3082694152282284,1.3082694152282284,<2-year,,False
AL-RF-20120731-0276,02455980,,031601110306,27.4,2012-07-31 12:00:00+00:00,2012-07-31 00:00:00+00:00,-12.0,2390.0,87.22627737226277,2012.0,1.5416666666666665,1.4976539495349959,1.4976539495349959,<2-year,C,False
AL-RF-20120731-0276,02457000,,031601110406,23.9,2012-07-31 12:00:00+00:00,2012-07-31 00:00:00+00:00,-12.0,3670.0,153.55648535564853,2012.0,2.611111111111111,2.798129804807059,2.798129804807059,2–5-year,C,True
AL-RF-20120731-0276,02457595,,031601110406,51.9,2012-07-31 12:00:00+00:00,2012-07-31 00:00:00+00:00,-12.0,4730.0,91.13680154142583,2012.0,1.6521739130434783,1.5477573386850125,1.5477573386850125,<2-year,,False
AL-RF-20120731-0276,02458450,,031601110408,33.5,2012-07-31 12:00:00+00:00,2012-07-31 00:00:00+00:00,-12.0,3730.0,111.34328358208955,2012.0,1.2424242424242424,1.2294052544351708,1.2294052544351708,<2-year,C,False
AL-RF-20120731-0276,02461500,,031601120102,52.5,2012-07-31 12:00:00+00:00,2012-07-31 00:00:00+00:00,-12.0,4410.0,84.0,2012.0,1.4482758620689655,1.5065029022661176,1.5065029022661176,<2-year,C,False
AL-RF-20120807-0277,02361000,,031402010602,686.0,2012-08-07 14:00:00+00:00,2012-08-07 00:00:00+00:00,-14.0,5570.0,8.119533527696793,2012.0,1.2692307692307694,1.320641005358517,1.320641005358517,<2-year,,False
AL-RF-20120807-0277,02361500,,031402011202,1280.0,2012-08-07 14:00:00+00:00,2012-08-08 00:00:00+00:00,10.0,13100.0,10.234375,2012.0,1.6875,1.7876455265588567,1.7876455265588567,<2-year,,False
AL-RF-20120831-0278,02471001,,031602040303,125.0,2012-08-31 18:00:00+00:00,2012-08-31 00:00:00+00:00,-18.0,4100.0,32.8,2012.0,1.8048780487804879,1.8205940105016214,1.8205940105016214,<2-year,,False
AL-RF-20120831-0278,02478500,,031700030402,2690.0,2012-08-31 18:00:00+00:00,2012-09-02 04:45:00+00:00,34.75,29500.0,10.966542750929367,2012.0,2.8709677419354835,3.321296053679698,3.321296053679698,2–5-year,,False
AL-RF-20120831-0278,02479560,,031700080403,562.0,2012-08-31 18:00:00+00:00,2012-08-31 00:00:00+00:00,-18.0,20700.0,36.83274021352313,2012.0,7.833333333333334,10.63675920287769,10.63675920287769,10–25-year,,False
AL-RF-20120831-0278,02479945,,031700080501,31.48,2012-08-31 18:00:00+00:00,2012-08-30 00:00:00+00:00,-42.0,2060.0,65.43837357052097,2012.0,3.0,3.830360849601441,3.830360849601441,2–5-year,,False
AL-RF-20120904-0280,02364000,,031402020603,959.0,2012-09-04 17:00:00+00:00,2012-09-04 00:00:00+00:00,-17.0,7660.0,7.987486965589155,2012.0,1.1967213114754098,1.2488102677005861,1.2488102677005861,<2-year,,False
AL-RF-20120904-0280,02364500,,031402020610,1182.0,2012-09-04 17:00:00+00:00,2012-09-05 00:00:00+00:00,7.0,11800.0,9.983079526226735,2012.0,2.085714285714286,2.1250615612903636,2.1250615612903636,2–5-year,,False
AL-RF-20120904-0280,02372755,,031403030102,0.69,2012-09-04 17:00:00+00:00,2012-09-04 00:00:00+00:00,-17.0,265.0,384.0579710144928,2012.0,1.5714285714285714,,1.5714285714285714,<2-year,C,True
AL-RF-20120904-0280,02422500,,031502011006,203.0,2012-09-04 17:00:00+00:00,2012-09-04 00:00:00+00:00,-17.0,4750.0,23.399014778325125,2012.0,1.5438596491228072,1.5702740546458882,1.5702740546458882,<2-year,,False
AL-RF-20120904-0280,02427250,,031502030407,261.0,2012-09-04 17:00:00+00:00,2012-09-05 00:00:00+00:00,7.0,8300.0,31.800766283524904,2012.0,2.176470588235294,2.491967593474887,2.491967593474887,2–5-year,,True
AL-RF-20130116-0285,02400680,,031501060101,55.4,2013-01-16 23:00:00+00:00,2013-01-15 00:00:00+00:00,-47.0,2530.0,45.667870036101085,2013.0,2.0,1.9100187693929709,1.9100187693929709,<2-year,,False
AL-RF-20130116-0285,02443000,,031601050205,309.0,2013-01-16 23:00:00+00:00,2013-01-17 00:00:00+00:00,1.0,8460.0,27.37864077669903,2013.0,2.741935483870968,2.955313833753539,2.955313833753539,2–5-year,,False
AL-RF-20130116-0285,03572690,,060300010503,44.1,2013-01-16 23:00:00+00:00,2013-01-14 20:00:00+00:00,-51.0,4990.0,113.15192743764172,2013.0,4.0,,4.0,2–5-year,,False
AL-RF-20130130-0286,02406930,,031501070104,16.5,2013-01-30 18:00:00+00:00,2013-01-30 00:00:00+00:00,-18.0,1620.0,98.18181818181819,2013.0,2.5,,2.5,2–5-year,,False
AL-RF-20130211-0287,02342500,,031300030505,322.0,2013-02-11 23:00:00+00:00,2013-02-13 00:00:00+00:00,25.0,10100.0,31.366459627329192,2013.0,2.2857142857142856,2.338625788089564,2.338625788089564,2–5-year,,False
AL-RF-20130211-0287,02342881,,031300030804,5910.0,2013-02-11 23:00:00+00:00,2013-02-13 00:00:00+00:00,25.0,49100.0,8.307952622673435,2013.0,1.8888888888888888,,1.8888888888888888,<2-year,6,False
AL-RF-20130211-0287,02343805,,031300040702,8210.0,2013-02-11 23:00:00+00:00,2013-02-14 00:00:00+00:00,49.0,65000.0,7.917174177831912,2013.0,2.5,,2.5,2–5-year,6,False
AL-RF-20130211-0287,02361500,,031402011202,1280.0,2013-02-11 23:00:00+00:00,2013-02-12 00:00:00+00:00,1.0,20400.0,15.9375,2013.0,3.857142857142857,3.94450853005794,3.94450853005794,2–5-year,,False
AL-RF-20130211-0287,02365200,,031402030105,3209.0,2013-02-11 23:00:00+00:00,2013-02-13 00:00:00+00:00,25.0,35200.0,10.969149267684637,2013.0,2.75,3.1414340685101507,3.1414340685101507,2–5-year,,False
AL-RF-20130211-0287,02371050,,031403010204,1.05,2013-02-11 23:00:00+00:00,2013-02-10 00:00:00+00:00,-47.0,327.0,311.4285714285714,2013.0,2.75,,2.75,2–5-year,C,True
AL-RF-20130211-0287,02371500,,031403010401,500.0,2013-02-11 23:00:00+00:00,2013-02-15 00:00:00+00:00,73.0,7230.0,14.46,2013.0,2.25,2.254065136911625,2.254065136911625,2–5-year,,False
AL-RF-20130211-0287,02372250,,031403020501,442.0,2013-02-11 23:00:00+00:00,2013-02-15 00:00:00+00:00,73.0,6810.0,15.407239819004525,2013.0,2.217391304347826,2.214773012092892,2.214773012092892,2–5-year,,False
AL-RF-20130211-0287,02372422,,031403010501,1273.0,2013-02-11 23:00:00+00:00,2013-02-17 00:00:00+00:00,121.0,13100.0,10.290652003142183,2013.0,2.428571428571429,,2.428571428571429,2–5-year,,True
AL-RF-20130211-0287,02372430,,031403010501,1277.0,2013-02-11 23:00:00+00:00,2013-02-17 00:00:00+00:00,121.0,16500.0,12.920908379013312,2013.0,4.0,,4.0,2–5-year,,False
AL-RF-20130211-0287,02373000,,031403030604,470.0,2013-02-11 23:00:00+00:00,2013-02-14 00:00:00+00:00,49.0,9280.0,19.74468085106383,2013.0,2.073170731707317,2.11148912710998,2.11148912710998,2–5-year,,False
AL-RF-20130211-0287,02374500,,031403040107,176.0,2013-02-11 23:00:00+00:00,2013-02-11 00:00:00+00:00,-23.0,4300.0,24.431818181818183,2013.0,2.7272727272727275,2.6385957733136007,2.6385957733136007,2–5-year,,False
AL-RF-20130211-0287,02419000,,031501100302,333.0,2013-02-11 23:00:00+00:00,2013-02-13 23:00:00+00:00,48.0,9050.0,27.177177177177178,2013.0,2.175,2.019430468289399,2.019430468289399,2–5-year,,False
AL-RF-20130211-0287,02419845,,031501100904,7.1,2013-02-11 23:00:00+00:00,2013-02-11 00:00:00+00:00,-23.0,1030.0,145.07042253521126,2013.0,2.4,,2.4,2–5-year,C,True
AL-RF-20130211-0287,02419875,,031501100905,2.7,2013-02-11 23:00:00+00:00,2013-02-11 00:00:00+00:00,-23.0,750.0,277.77777777777777,2013.0,2.0,,2.0,2–5-year,C,False
AL-RF-20130211-0287,02419890,,031501100905,4646.0,2013-02-11 23:00:00+00:00,2013-02-14 15:30:00+00:00,64.5,43600.0,9.38441670253982,2013.0,1.9375,2.2222501068013933,2.2222501068013933,2–5-year,5,False
AL-RF-20130211-0287,02420000,,031502010107,15087.0,2013-02-11 23:00:00+00:00,2013-02-13 21:30:00+00:00,46.5,109000.0,7.2247630410287,2013.0,1.6896551724137931,1.7460337889534665,1.7460337889534665,<2-year,,False
AL-RF-20130211-0287,02421000,,031502010309,290.0,2013-02-11 23:00:00+00:00,2013-02-13 21:00:00+00:00,46.0,14300.0,49.310344827586206,2013.0,3.409090909090909,3.4959409228701093,3.4959409228701093,2–5-year,,False
AL-RF-20130211-0287,02422500,,031502011006,203.0,2013-02-11 23:00:00+00:00,2013-02-11 09:30:00+00:00,-13.5,4310.0,21.23152709359606,2013.0,1.442622950819672,1.4229123509960038,1.4229123509960038,<2-year,,False
AL-RF-20130211-0287,02425000,,031502020902,1766.0,2013-02-11 23:00:00+00:00,2013-02-15 02:30:00+00:00,75.5,19000.0,10.758776896942242,2013.0,1.4423076923076923,1.4518514586111175,1.4518514586111175,<2-year,,True
AL-RF-20130211-0287,02427250,,031502030407,261.0,2013-02-11 23:00:00+00:00,2013-02-11 22:00:00+00:00,-1.0,10400.0,39.84674329501916,2013.0,3.6999999999999997,3.6515319368610855,3.6515319368610855,2–5-year,,True
AL-RF-20130211-0287,02428400,,031502040105,21473.0,2013-02-11 23:00:00+00:00,2013-02-15 00:00:00+00:00,73.0,173000.0,8.056629255343921,2013.0,3.9090909090909087,5.1721442805341065,5.1721442805341065,5–10-year,2,False
AL-RF-20130211-0287,02469800,,031602030205,164.0,2013-02-11 23:00:00+00:00,2013-02-11 20:30:00+00:00,-2.5,24500.0,149.390243902439,2013.0,35.5,43.58862998438459,43.58862998438459,25–50-year,,False
AL-RF-20130211-0287,02470072,,031602030602,10.5,2013-02-11 23:00:00+00:00,2013-02-11 04:00:00+00:00,-19.0,1690.0,160.95238095238096,2013.0,4.428571428571429,3.981422417527043,3.981422417527043,2–5-year,,False
AL-RF-20130225-0288,02364500,,031402020610,1182.0,2013-02-25 18:00:00+00:00,2013-02-27 00:00:00+00:00,30.0,10700.0,9.052453468697124,2013.0,1.8717948717948718,1.8291956255950104,1.8291956255950104,<2-year,,False
AL-RF-20130502-0292,02471078,,031602050104,16.5,2013-05-02 02:00:00+00:00,2013-05-02 08:30:00+00:00,6.5,832.0,50.42424242424242,2013.0,1.2307692307692308,1.2484878900834577,1.2484878900834577,<2-year,C,False
AL-RF-20130502-0292,02479560,,031700080403,562.0,2013-05-02 02:00:00+00:00,2013-05-03 00:00:00+00:00,22.0,11200.0,19.9288256227758,2013.0,2.238095238095238,2.4136561905107827,2.4136561905107827,2–5-year,,False
AL-RF-20130502-0292,02479945,,031700080501,31.48,2013-05-02 02:00:00+00:00,2013-05-02 02:00:00+00:00,0.0,2210.0,70.20330368487929,2013.0,3.5999999999999996,4.28103904787782,4.28103904787782,2–5-year,,False
AL-RF-20130502-0292,02480002,,031700080502,8.22,2013-05-02 02:00:00+00:00,2013-05-03 02:30:00+00:00,24.5,571.0,69.4647201946472,2013.0,1.7142857142857142,1.5802061992802634,1.5802061992802634,<2-year,C,True
AL-RF-20130506-0293,0357587140,,060300020502,2.52,2013-05-06 22:00:00+00:00,2013-05-06 12:40:00+00:00,-9.333333333333334,197.0,78.17460317460318,2013.0,1.1199999999999999,1.100577815307024,1.100577815307024,<2-year,C,True
AL-RF-20130518-0294,02404400,,031501060514,481.0,2013-05-18 16:00:00+00:00,2013-05-18 00:00:00+00:00,-16.0,27000.0,56.13305613305613,2013.0,7.875,10.814628457987098,10.814628457987098,10–25-year,,False
AL-RF-20130518-0294,02414500,,031501090107,1675.0,2013-05-18 16:00:00+00:00,2013-05-18 19:30:00+00:00,3.5,54500.0,32.53731343283582,2013.0,16.666666666666668,13.264427106667553,13.264427106667553,10–25-year,,True
AL-RF-20130704-0297,02361000,,031402010602,686.0,2013-07-04 18:00:00+00:00,2013-07-06 00:00:00+00:00,30.0,8880.0,12.944606413994169,2013.0,1.9038461538461537,2.125631945081719,2.125631945081719,2–5-year,,False
AL-RF-20130704-0297,02378170,,031401070201,4.98,2013-07-04 18:00:00+00:00,2013-07-04 00:00:00+00:00,-18.0,898.0,180.32128514056222,2013.0,1.8888888888888888,,1.8888888888888888,<2-year,,False
AL-RF-20130704-0297,02450250,,031601100103,92.1,2013-07-04 18:00:00+00:00,2013-07-06 03:30:00+00:00,33.5,6200.0,67.31813246471228,2013.0,1.5384615384615383,1.6402638991603595,1.6402638991603595,<2-year,,False
AL-RF-20130704-0297,03576250,,060300020703,119.0,2013-07-04 18:00:00+00:00,2013-07-05 04:15:00+00:00,10.25,12200.0,102.52100840336135,2013.0,4.529411764705882,4.664257842679307,4.664257842679307,2–5-year,,False
AL-RF-20130704-0297,03586500,,060300050105,166.0,2013-07-04 18:00:00+00:00,2013-07-07 04:00:00+00:00,58.0,6770.0,40.78313253012048,2013.0,2.2857142857142856,2.487991924409704,2.487991924409704,2–5-year,,False
AL-RF-20130711-0298,0357526200,,060300020404,4.89,2013-07-11 03:00:00+00:00,2013-07-10 22:30:00+00:00,-4.5,1960.0,400.8179959100205,2013.0,4.142857142857142,3.4831745720238647,3.4831745720238647,2–5-year,C,False
AL-RF-20130711-0298,03575272,,060300020404,2.73,2013-07-11 03:00:00+00:00,2013-07-10 22:05:00+00:00,-4.916666666666667,1400.0,512.8205128205128,2013.0,2.25,,2.25,2–5-year,C,False
AL-RF-20130711-0298,0357568650,,060300020903,1.41,2013-07-11 03:00:00+00:00,2013-07-10 21:40:00+00:00,-5.333333333333333,642.0,455.3191489361702,2013.0,2.142857142857143,2.1820918476235027,2.1820918476235027,2–5-year,C,False
AL-RF-20130711-0298,0357586650,,060300020502,3.44,2013-07-11 03:00:00+00:00,2013-07-10 00:00:00+00:00,-27.0,1510.0,438.95348837209303,2013.0,1.9333333333333331,2.2703041028140327,2.2703041028140327,2–5-year,C,False
AL-RF-20130711-0298,0357587090,,060300020502,2.28,2013-07-11 03:00:00+00:00,2013-07-10 21:40:00+00:00,-5.333333333333333,885.0,388.15789473684214,2013.0,1.55,1.5316701859210855,1.5316701859210855,<2-year,C,False
AL-RF-20130711-0298,0357587400,,060300020502,8.5,2013-07-11 03:00:00+00:00,2013-07-10 21:45:00+00:00,-5.25,1560.0,183.52941176470588,2013.0,1.4761904761904763,1.5865156811717853,1.5865156811717853,<2-year,C,False
AL-RF-20130711-0298,0357587728,,060300020502,2.99,2013-07-11 03:00:00+00:00,2013-07-10 21:40:00+00:00,-5.333333333333333,1720.0,575.2508361204013,2013.0,20.0,10.368233459729097,10.368233459729097,10–25-year,C,True
AL-RF-20130711-0298,03575890,,060300020502,22.6,2013-07-11 03:00:00+00:00,2013-07-10 22:00:00+00:00,-5.0,7080.0,313.27433628318585,2013.0,8.6,8.235273286722094,8.235273286722094,5–10-year,C,False
AL-RF-20130711-0298,0357591500,,060300020502,1.47,2013-07-11 03:00:00+00:00,2013-07-10 21:45:00+00:00,-5.25,1350.0,918.3673469387755,2013.0,4.833333333333333,4.709387423023504,4.709387423023504,2–5-year,C,False
AL-RF-20130815-0300,02418760,,031501100202,45.8,2013-08-15 12:00:00+00:00,2013-08-15 08:00:00+00:00,-4.0,9210.0,201.09170305676858,2013.0,11.5,16.004778252134354,16.004778252134354,10–25-year,,False
AL-RF-20131223-0305,02412000,,031501080405,448.0,2013-12-23 06:00:00+00:00,2013-12-24 00:00:00+00:00,18.0,8440.0,18.839285714285715,2014.0,3.173913043478261,2.6778610362057296,2.6778610362057296,2–5-year,,True
AL-RF-20131223-0305,02427830,,031502030802,21.7,2013-12-23 06:00:00+00:00,2013-12-23 00:00:00+00:00,-6.0,82.0,3.7788018433179724,2014.0,1.1111111111111112,,1.1111111111111112,<2-year,8,True
AL-RF-20131223-0305,0357479650,,060300020303,33.0,2013-12-23 06:00:00+00:00,2013-12-22 00:00:00+00:00,-30.0,2130.0,64.54545454545455,2014.0,1.6666666666666667,1.547911956245316,1.547911956245316,<2-year,,False
AL-RF-20131223-0305,0357587090,,060300020502,2.28,2013-12-23 06:00:00+00:00,2013-12-22 00:00:00+00:00,-30.0,823.0,360.9649122807018,2014.0,1.2916666666666667,1.4144882965911036,1.4144882965911036,<2-year,C,False
AL-RF-20131223-0305,0357587140,,060300020502,2.52,2013-12-23 06:00:00+00:00,2013-12-22 00:00:00+00:00,-30.0,646.0,256.3492063492063,2014.0,3.1111111111111107,3.4849736415023096,3.4849736415023096,2–5-year,C,True
AL-RF-20131223-0305,0357587400,,060300020502,8.5,2013-12-23 06:00:00+00:00,2013-12-22 00:00:00+00:00,-30.0,1810.0,212.94117647058823,2014.0,1.9375,1.9246953063743493,1.9246953063743493,<2-year,C,False
AL-RF-20131223-0305,0357587728,,060300020502,2.99,2013-12-23 06:00:00+00:00,2013-12-22 00:00:00+00:00,-30.0,959.0,320.73578595317724,2014.0,2.5,2.7406120976799198,2.7406120976799198,2–5-year,C,True
AL-RF-20131223-0305,03575890,,060300020502,22.6,2013-12-23 06:00:00+00:00,2013-12-22 00:00:00+00:00,-30.0,6260.0,276.9911504424779,2014.0,4.777777777777778,4.7760172900459406,4.7760172900459406,2–5-year,C,False
AL-RF-20140407-0309,02342881,,031300030804,5910.0,2014-04-07 10:00:00+00:00,2014-04-08 00:00:00+00:00,14.0,64200.0,10.862944162436548,2014.0,2.833333333333333,,2.833333333333333,2–5-year,6,False
AL-RF-20140407-0309,02372250,,031403020501,442.0,2014-04-07 10:00:00+00:00,2014-04-09 00:00:00+00:00,38.0,11800.0,26.69683257918552,2014.0,5.1,4.915761651069983,4.915761651069983,2–5-year,,False
AL-RF-20140407-0309,02397530,,031501050206,4362.0,2014-04-07 10:00:00+00:00,2014-04-09 00:00:00+00:00,38.0,44000.0,10.087116001834021,2014.0,2.5999999999999996,,2.5999999999999996,2–5-year,6,False
AL-RF-20140407-0309,02398300,,031501050605,366.0,2014-04-07 10:00:00+00:00,2014-04-07 00:00:00+00:00,-10.0,7160.0,19.562841530054644,2014.0,1.6226415094339623,1.5678806711916367,1.5678806711916367,<2-year,,True
AL-RF-20140407-0309,02399200,,031501050806,199.0,2014-04-07 10:00:00+00:00,2014-04-07 00:00:00+00:00,-10.0,11100.0,55.778894472361806,2014.0,1.4791666666666667,1.501618418628311,1.501618418628311,<2-year,,False
AL-RF-20140407-0309,02400100,,031501050909,252.0,2014-04-07 10:00:00+00:00,2014-04-07 00:00:00+00:00,-10.0,7020.0,27.857142857142858,2014.0,2.2857142857142856,2.0857901226708657,2.0857901226708657,2–5-year,,True
AL-RF-20140407-0309,02401000,,031501060104,182.0,2014-04-07 10:00:00+00:00,2014-04-08 00:00:00+00:00,14.0,4730.0,25.98901098901099,2014.0,1.829268292682927,1.7868269291614947,1.7868269291614947,<2-year,,False
AL-RF-20140407-0309,02404400,,031501060514,481.0,2014-04-07 10:00:00+00:00,2014-04-07 00:00:00+00:00,-10.0,14000.0,29.106029106029105,2014.0,2.739130434782609,2.8450455741784357,2.8450455741784357,2–5-year,,False
AL-RF-20140407-0309,02405500,,031501060808,193.0,2014-04-07 10:00:00+00:00,2014-04-08 00:00:00+00:00,14.0,10400.0,53.8860103626943,2014.0,5.8,4.93047997920142,4.93047997920142,2–5-year,,False
AL-RF-20140407-0309,02407000,,031501070301,8392.0,2014-04-07 10:00:00+00:00,2014-04-08 00:00:00+00:00,14.0,79600.0,9.485224022878933,2014.0,2.1333333333333333,2.222703688290599,2.222703688290599,2–5-year,,True
AL-RF-20140407-0309,02407514,,031501070205,142.0,2014-04-07 10:00:00+00:00,2014-04-07 00:00:00+00:00,-10.0,7840.0,55.2112676056338,2014.0,9.5,,9.5,5–10-year,"1,2",False
AL-RF-20140407-0309,02408540,,031501070708,263.0,2014-04-07 10:00:00+00:00,2014-04-07 00:00:00+00:00,-10.0,14900.0,56.653992395437264,2014.0,3.8333333333333335,3.555744874104441,3.555744874104441,2–5-year,,False
AL-RF-20140407-0309,02413300,,031501080905,406.0,2014-04-07 10:00:00+00:00,2014-04-07 00:00:00+00:00,-10.0,11600.0,28.571428571428573,2014.0,7.142857142857142,11.687305914472617,11.687305914472617,10–25-year,,False
AL-RF-20140407-0309,02415000,,031501090405,190.0,2014-04-07 10:00:00+00:00,2014-04-07 00:00:00+00:00,-10.0,10900.0,57.36842105263158,2014.0,3.9375,3.554524032728971,3.554524032728971,2–5-year,,False
AL-RF-20140407-0309,02422500,,031502011006,203.0,2014-04-07 10:00:00+00:00,2014-04-07 00:00:00+00:00,-10.0,5390.0,26.551724137931036,2014.0,1.8333333333333335,1.8230884498961704,1.8230884498961704,<2-year,,False
AL-RF-20140407-0309,02423110,,031502020101,12.5,2014-04-07 10:00:00+00:00,2014-04-07 00:00:00+00:00,-10.0,2530.0,202.4,2014.0,4.333333333333333,,4.333333333333333,2–5-year,C,False
AL-RF-20140407-0309,02423130,,031502020101,19.7,2014-04-07 10:00:00+00:00,2014-04-07 00:00:00+00:00,-10.0,4260.0,216.24365482233503,2014.0,6.8,6.8546418495342785,6.8546418495342785,5–10-year,C,True
AL-RF-20140407-0309,02423160,,031502020101,50.8,2014-04-07 10:00:00+00:00,2014-04-07 00:00:00+00:00,-10.0,8660.0,170.4724409448819,2014.0,3.5,,3.5,2–5-year,C,False
AL-RF-20140407-0309,02423380,,031502020104,140.0,2014-04-07 10:00:00+00:00,2014-04-07 00:00:00+00:00,-10.0,13300.0,95.0,2014.0,11.0,7.73391796852462,7.73391796852462,5–10-year,,True
AL-RF-20140407-0309,02423397,,031502020103,17.0,2014-04-07 10:00:00+00:00,2014-04-07 00:00:00+00:00,-10.0,3120.0,183.52941176470588,2014.0,9.666666666666666,10.74825896154483,10.74825896154483,10–25-year,C,False
AL-RF-20140407-0309,02423400,,031502020103,24.4,2014-04-07 10:00:00+00:00,2014-04-07 00:00:00+00:00,-10.0,3400.0,139.34426229508196,2014.0,8.0,7.914157032168422,7.914157032168422,5–10-year,C,False
AL-RF-20140407-0309,02423414,,031502020103,47.0,2014-04-07 10:00:00+00:00,2014-04-07 00:00:00+00:00,-10.0,3060.0,65.1063829787234,2014.0,22.0,37.58757272419284,37.58757272419284,25–50-year,6,False
AL-RF-20140407-0309,02423425,,031502020204,201.0,2014-04-07 10:00:00+00:00,2014-04-07 00:00:00+00:00,-10.0,15300.0,76.11940298507463,2014.0,7.800000000000001,7.149845119045976,7.149845119045976,5–10-year,6,False
AL-RF-20140407-0309,02423496,,031502020204,226.0,2014-04-07 10:00:00+00:00,2014-04-07 00:00:00+00:00,-10.0,16000.0,70.79646017699115,2014.0,18.5,50.787707423012115,50.787707423012115,50–100-year,,False
AL-RF-20140407-0309,02423500,,031502020204,230.0,2014-04-07 10:00:00+00:00,2014-04-07 00:00:00+00:00,-10.0,14500.0,63.04347826086956,2014.0,6.300000000000001,5.583448948020222,5.583448948020222,5–10-year,,False
AL-RF-20140407-0309,0242354750,,031502020202,25.6,2014-04-07 10:00:00+00:00,2014-04-07 00:00:00+00:00,-10.0,2860.0,111.71875,2014.0,14.0,31.18897155124043,31.18897155124043,25–50-year,C,True
AL-RF-20140407-0309,02423555,,031502020206,335.0,2014-04-07 10:00:00+00:00,2014-04-07 00:00:00+00:00,-10.0,21800.0,65.07462686567165,2014.0,9.0,8.632228612095236,8.632228612095236,5–10-year,,False
AL-RF-20140407-0309,02423630,,031502020303,72.3,2014-04-07 10:00:00+00:00,2014-04-07 00:00:00+00:00,-10.0,4450.0,61.54910096818811,2014.0,3.307692307692308,2.5024763157506014,2.5024763157506014,2–5-year,,True
AL-RF-20140407-0309,02444160,,031601060502,5750.0,2014-04-07 10:00:00+00:00,2014-04-08 00:00:00+00:00,14.0,75000.0,13.043478260869565,2014.0,1.7999999999999998,1.7333333368867538,1.7333333368867538,<2-year,2,False
AL-RF-20140407-0309,02444161,,031601060502,5750.0,2014-04-07 10:00:00+00:00,2014-04-08 02:00:00+00:00,16.0,48900.0,8.504347826086956,2014.0,1.75,,1.75,<2-year,,True
AL-RF-20140407-0309,02448500,,031601081101,1097.0,2014-04-07 10:00:00+00:00,2014-04-09 00:00:00+00:00,38.0,15500.0,14.129443938012763,2014.0,2.7666666666666666,2.8162509533286424,2.8162509533286424,2–5-year,,False
AL-RF-20140407-0309,02448900,,031601081005,158.0,2014-04-07 10:00:00+00:00,2014-04-07 00:00:00+00:00,-10.0,15400.0,97.46835443037975,2014.0,11.666666666666666,11.940231716525014,11.940231716525014,10–25-year,,False
AL-RF-20140407-0309,02455980,,031601110306,27.4,2014-04-07 10:00:00+00:00,2014-04-07 00:00:00+00:00,-10.0,5260.0,191.97080291970804,2014.0,4.625,4.200145104149462,4.200145104149462,2–5-year,C,False
AL-RF-20140407-0309,02457000,,031601110406,23.9,2014-04-07 10:00:00+00:00,2014-04-07 00:00:00+00:00,-10.0,4200.0,175.73221757322176,2014.0,3.357142857142857,3.5056434920502664,3.5056434920502664,2–5-year,C,True
AL-RF-20140407-0309,02457595,,031601110406,51.9,2014-04-07 10:00:00+00:00,2014-04-07 00:00:00+00:00,-10.0,9910.0,190.9441233140655,2014.0,5.428571428571429,5.992667523470344,5.992667523470344,5–10-year,,False
AL-RF-20140407-0309,02458300,,031601110408,26.0,2014-04-07 10:00:00+00:00,2014-04-07 00:00:00+00:00,-10.0,5310.0,204.23076923076923,2014.0,4.714285714285714,6.355733592446397,6.355733592446397,5–10-year,C,False
AL-RF-20140407-0309,02458450,,031601110408,33.5,2014-04-07 10:00:00+00:00,2014-04-07 00:00:00+00:00,-10.0,5250.0,156.71641791044777,2014.0,3.1538461538461537,3.067543396799794,3.067543396799794,2–5-year,C,False
AL-RF-20140407-0309,02458600,,031601110408,52.2,2014-04-07 10:00:00+00:00,2014-04-07 00:00:00+00:00,-10.0,6510.0,124.71264367816092,2014.0,15.0,10.798616590876563,10.798616590876563,10–25-year,C,False
AL-RF-20140407-0309,02461500,,031601120102,52.5,2014-04-07 10:00:00+00:00,2014-04-07 00:00:00+00:00,-10.0,10200.0,194.28571428571428,2014.0,14.0,20.962155317131835,20.962155317131835,10–25-year,C,False
AL-RF-20140407-0309,02462500,,031601120203,3981.0,2014-04-07 10:00:00+00:00,2014-04-07 00:00:00+00:00,-10.0,87000.0,21.85380557648832,2014.0,3.1333333333333333,2.546233310461369,2.546233310461369,2–5-year,1,False
AL-RF-20140407-0309,02464146,,031601120411,6.16,2014-04-07 10:00:00+00:00,2014-04-07 00:00:00+00:00,-10.0,1010.0,163.96103896103895,2014.0,3.0,3.383943454018053,3.383943454018053,2–5-year,,False
AL-RF-20140418-0311,02361500,,031402011202,1280.0,2014-04-18 22:00:00+00:00,2014-04-20 00:00:00+00:00,26.0,21400.0,16.71875,2014.0,5.4,4.461296866990519,4.461296866990519,2–5-year,,False
AL-RF-20140418-0311,02362240,,031402011101,21.4,2014-04-18 22:00:00+00:00,2014-04-18 00:00:00+00:00,-22.0,2590.0,121.02803738317758,2014.0,4.0,4.530077109370452,4.530077109370452,2–5-year,,False
AL-RF-20140418-0311,02365200,,031402030105,3209.0,2014-04-18 22:00:00+00:00,2014-04-20 00:00:00+00:00,26.0,40300.0,12.558429417263945,2014.0,4.125,4.321076382937616,4.321076382937616,2–5-year,,False
AL-RF-20140430-0312,02376500,,031401060403,394.0,2014-04-30 09:00:00+00:00,2014-05-02 00:00:00+00:00,39.0,6670.0,16.928934010152282,2014.0,1.653846153846154,1.7522452365727386,1.7522452365727386,<2-year,,False
AL-RF-20140430-0312,02377570,,031401060506,192.0,2014-04-30 09:00:00+00:00,2014-04-30 00:00:00+00:00,-9.0,17300.0,90.10416666666667,2014.0,6.5,6.9427513160169925,6.9427513160169925,5–10-year,,False
AL-RF-20140430-0312,02378170,,031401070201,4.98,2014-04-30 09:00:00+00:00,2014-04-30 00:00:00+00:00,-9.0,7040.0,1413.6546184738954,2014.0,17.0,,17.0,10–25-year,,False
AL-RF-20140430-0312,02378300,,031602050203,16.6,2014-04-30 09:00:00+00:00,2014-04-30 00:00:00+00:00,-9.0,18200.0,1096.3855421686746,2014.0,27.0,33.006105113629445,33.006105113629445,25–50-year,,False
AL-RF-20140430-0312,02378500,,031602050201,55.3,2014-04-30 09:00:00+00:00,2014-04-30 00:00:00+00:00,-9.0,18700.0,338.15551537070525,2014.0,56.0,46.223720388967386,46.223720388967386,25–50-year,,False
AL-RF-20140430-0312,02400680,,031501060101,55.4,2014-04-30 09:00:00+00:00,2014-04-29 00:00:00+00:00,-33.0,3440.0,62.09386281588448,2014.0,4.8,4.142889774882872,4.142889774882872,2–5-year,,False
AL-RF-20140430-0312,02471001,,031602040303,125.0,2014-04-30 09:00:00+00:00,2014-04-30 00:00:00+00:00,-9.0,6840.0,54.72,2014.0,4.111111111111111,3.5891803518315815,3.5891803518315815,2–5-year,,False
AL-RF-20140430-0312,02471078,,031602050104,16.5,2014-04-30 09:00:00+00:00,2014-04-30 00:00:00+00:00,-9.0,3980.0,241.21212121212122,2014.0,4.571428571428571,7.751098025056991,7.751098025056991,5–10-year,C,False
AL-RF-20140430-0312,02479560,,031700080403,562.0,2014-04-30 09:00:00+00:00,2014-04-30 00:00:00+00:00,-9.0,13600.0,24.199288256227756,2014.0,3.916666666666667,3.5265022048195864,3.5265022048195864,2–5-year,,False
AL-RF-20140430-0312,02479945,,031700080501,31.48,2014-04-30 09:00:00+00:00,2014-04-30 00:00:00+00:00,-9.0,2840.0,90.21601016518424,2014.0,7.199999999999999,6.725008403224429,6.725008403224429,5–10-year,,False
AL-RF-20140430-0312,02479980,,031700080502,8.08,2014-04-30 09:00:00+00:00,2014-04-30 00:00:00+00:00,-9.0,713.0,88.24257425742574,2014.0,2.25,2.4207334424806914,2.4207334424806914,2–5-year,,False
AL-RF-20140430-0312,02480002,,031700080502,8.22,2014-04-30 09:00:00+00:00,2014-04-30 00:00:00+00:00,-9.0,544.0,66.18004866180048,2014.0,1.6363636363636362,1.5147524594569424,1.5147524594569424,<2-year,C,True
AL-RF-20140514-0313,02374950,,031403050206,193.0,2014-05-14 22:00:00+00:00,2014-05-15 00:00:00+00:00,2.0,7550.0,39.119170984455955,2014.0,3.7142857142857144,5.532568499632148,5.532568499632148,5–10-year,,False
AL-RF-20141014-0319,02400680,,031501060101,55.4,2014-10-14 04:00:00+00:00,2014-10-14 00:00:00+00:00,-4.0,1810.0,32.671480144404335,2015.0,1.2631578947368423,1.3198819727953355,1.3198819727953355,<2-year,,False
AL-RF-20141014-0319,03575272,,060300020404,2.73,2014-10-14 04:00:00+00:00,2014-10-13 00:00:00+00:00,-28.0,525.0,192.30769230769232,2015.0,1.2,,1.2,<2-year,C,False
AL-RF-20141014-0319,0357586650,,060300020502,3.44,2014-10-14 04:00:00+00:00,2014-10-12 00:00:00+00:00,-52.0,363.0,105.52325581395348,2015.0,1.0740740740740742,1.070918011676621,1.070918011676621,<2-year,C,False
AL-RF-20141014-0319,03592500,,060300060304,667.0,2014-10-14 04:00:00+00:00,2014-10-14 00:00:00+00:00,-4.0,10100.0,15.142428785607196,2015.0,1.2653061224489797,1.3012863936128043,1.3012863936128043,<2-year,6,False
AL-RF-20141224-0322,02343805,,031300040702,8210.0,2014-12-24 10:00:00+00:00,2014-12-24 00:00:00+00:00,-10.0,35000.0,4.263093788063338,2015.0,1.4285714285714286,,1.4285714285714286,<2-year,6,False
AL-RF-20150104-0323,02412000,,031501080405,448.0,2015-01-04 09:00:00+00:00,2015-01-05 00:00:00+00:00,15.0,8330.0,18.59375,2015.0,3.041666666666667,2.6059408701105977,2.6059408701105977,2–5-year,,True
AL-RF-20150413-0325,02378300,,031602050203,16.6,2015-04-13 07:00:00+00:00,2015-04-13 00:00:00+00:00,-7.0,1420.0,85.54216867469879,2015.0,2.25,1.9074676595453575,1.9074676595453575,<2-year,,False
AL-RF-20150413-0325,02471078,,031602050104,16.5,2015-04-13 07:00:00+00:00,2015-04-13 00:00:00+00:00,-7.0,3840.0,232.72727272727272,2015.0,4.0,7.2335846656660125,7.2335846656660125,5–10-year,C,False
AL-RF-20150419-0327,02361000,,031402010602,686.0,2015-04-19 16:00:00+00:00,2015-04-19 00:00:00+00:00,-16.0,9140.0,13.323615160349854,2015.0,2.020408163265306,2.204442149309809,2.204442149309809,2–5-year,,False
AL-RF-20151222-0342,02419790,,031501100802,103.0,2015-12-22 08:00:00+00:00,2015-12-24 00:00:00+00:00,40.0,1660.0,16.116504854368934,2016.0,2.0,,2.0,2–5-year,,False
AL-RF-20151225-0343,02339495,,031300020903,86.4,2015-12-25 04:00:00+00:00,2015-12-25 00:00:00+00:00,-4.0,8300.0,96.06481481481481,2016.0,18.0,,18.0,10–25-year,,True
AL-RF-20151225-0343,02339500,,031300020908,3550.0,2015-12-25 04:00:00+00:00,2015-12-29 00:00:00+00:00,92.0,38700.0,10.901408450704226,2016.0,2.258620689655172,2.387606120513105,2.387606120513105,2–5-year,6,True
AL-RF-20151225-0343,02341460,,031300030304,4630.0,2015-12-25 04:00:00+00:00,2015-12-25 00:00:00+00:00,-4.0,95200.0,20.56155507559395,2016.0,13.0,,13.0,10–25-year,6,False
AL-RF-20151225-0343,02342500,,031300030505,322.0,2015-12-25 04:00:00+00:00,2015-12-25 00:00:00+00:00,-4.0,24900.0,77.32919254658385,2016.0,10.0,12.131083131443457,12.131083131443457,10–25-year,,False
AL-RF-20151225-0343,02342881,,031300030804,5910.0,2015-12-25 04:00:00+00:00,2015-12-25 00:00:00+00:00,-4.0,150000.0,25.380710659898476,2016.0,17.0,,17.0,10–25-year,"6,8",False
AL-RF-20151225-0343,023432415,,031300040104,7460.0,2015-12-25 04:00:00+00:00,2015-12-26 00:00:00+00:00,20.0,156000.0,20.91152815013405,2016.0,17.0,,17.0,10–25-year,"2,6",True
AL-RF-20151225-0343,02362240,,031402011101,21.4,2015-12-25 04:00:00+00:00,2015-12-30 00:00:00+00:00,116.0,1490.0,69.62616822429906,2016.0,2.769230769230769,2.5242542908192105,2.5242542908192105,2–5-year,,False
AL-RF-20151225-0343,02363000,,031402020504,498.0,2015-12-25 04:00:00+00:00,2015-12-25 00:00:00+00:00,-4.0,50200.0,100.80321285140562,2016.0,89.0,82.56565383661051,82.56565383661051,50–100-year,,False
AL-RF-20151225-0343,02364000,,031402020603,959.0,2015-12-25 04:00:00+00:00,2015-12-26 00:00:00+00:00,20.0,52000.0,54.223149113660064,2016.0,24.333333333333336,45.1222868277388,45.1222868277388,25–50-year,,False
AL-RF-20151225-0343,02369800,,031401040104,87.7,2015-12-25 04:00:00+00:00,2015-12-24 00:00:00+00:00,-28.0,3040.0,34.6636259977195,2016.0,3.2777777777777777,2.7347015007530424,2.7347015007530424,2–5-year,,False
AL-RF-20151225-0343,02371050,,031403010204,1.05,2015-12-25 04:00:00+00:00,2015-12-24 00:00:00+00:00,-28.0,410.0,390.4761904761905,2016.0,3.666666666666667,,3.666666666666667,2–5-year,C,True
AL-RF-20151225-0343,02371500,,031403010401,500.0,2015-12-25 04:00:00+00:00,2015-12-25 00:00:00+00:00,-4.0,16600.0,33.2,2016.0,12.857142857142858,11.497394119791275,11.497394119791275,10–25-year,,False
AL-RF-20151225-0343,02372250,,031403020501,442.0,2015-12-25 04:00:00+00:00,2015-12-25 00:00:00+00:00,-4.0,11600.0,26.244343891402714,2016.0,4.25,4.768388582792922,4.768388582792922,2–5-year,,False
AL-RF-20151225-0343,02372430,,031403010501,1277.0,2015-12-25 04:00:00+00:00,2015-12-26 00:00:00+00:00,20.0,29000.0,22.709475332811277,2016.0,16.0,,16.0,10–25-year,,False
AL-RF-20151225-0343,02373000,,031403030604,470.0,2015-12-25 04:00:00+00:00,2015-12-26 00:00:00+00:00,20.0,15200.0,32.340425531914896,2016.0,4.25,4.630745713794363,4.630745713794363,2–5-year,,False
AL-RF-20151225-0343,02374250,,031403040506,2661.0,2015-12-25 04:00:00+00:00,2015-12-30 00:00:00+00:00,116.0,59400.0,22.322435174746335,2016.0,14.0,21.039747085189834,21.039747085189834,10–25-year,,False
AL-RF-20151225-0343,02374500,,031403040107,176.0,2015-12-25 04:00:00+00:00,2015-12-25 00:00:00+00:00,-4.0,12000.0,68.18181818181819,2016.0,10.0,11.329477645589355,11.329477645589355,10–25-year,,False
AL-RF-20151225-0343,02374700,,031403040404,435.0,2015-12-25 04:00:00+00:00,2015-12-26 00:00:00+00:00,20.0,10200.0,23.448275862068964,2016.0,4.0,3.8626569507887334,3.8626569507887334,2–5-year,,True
AL-RF-20151225-0343,02374745,,031403040305,182.0,2015-12-25 04:00:00+00:00,2015-12-25 00:00:00+00:00,-4.0,7290.0,40.05494505494506,2016.0,4.666666666666667,5.4749575154042045,5.4749575154042045,5–10-year,,False
AL-RF-20151225-0343,02374950,,031403050206,193.0,2015-12-25 04:00:00+00:00,2015-12-25 00:00:00+00:00,-4.0,8680.0,44.97409326424871,2016.0,5.199999999999999,7.85745036800798,7.85745036800798,5–10-year,,False
AL-RF-20151225-0343,02375500,,031403050402,3817.0,2015-12-25 04:00:00+00:00,2015-12-31 00:00:00+00:00,140.0,47700.0,12.496725176840451,2016.0,3.72,3.325935224730438,3.325935224730438,2–5-year,,True
AL-RF-20151225-0343,02398300,,031501050605,366.0,2015-12-25 04:00:00+00:00,2015-12-27 00:00:00+00:00,44.0,13900.0,37.978142076502735,2016.0,7.8181818181818175,6.07388602757841,6.07388602757841,5–10-year,,True
AL-RF-20151225-0343,02399200,,031501050806,199.0,2015-12-25 04:00:00+00:00,2015-12-25 00:00:00+00:00,-4.0,27200.0,136.68341708542712,2016.0,7.888888888888889,7.743758013738327,7.743758013738327,5–10-year,,False
AL-RF-20151225-0343,02400680,,031501060101,55.4,2015-12-25 04:00:00+00:00,2015-12-25 00:00:00+00:00,-4.0,3410.0,61.55234657039711,2016.0,4.0,4.0102735012397535,4.0102735012397535,2–5-year,,False
AL-RF-20151225-0343,02401000,,031501060104,182.0,2015-12-25 04:00:00+00:00,2015-12-26 00:00:00+00:00,20.0,9190.0,50.494505494505496,2016.0,5.769230769230769,6.263556942712395,6.263556942712395,5–10-year,,False
AL-RF-20151225-0343,02401895,,031501060406,216.4,2015-12-25 04:00:00+00:00,2015-12-26 00:00:00+00:00,20.0,8010.0,37.01478743068392,2016.0,6.0,,6.0,5–10-year,,False
AL-RF-20151225-0343,02406500,,031501060703,150.0,2015-12-25 04:00:00+00:00,2015-12-26 00:00:00+00:00,20.0,9390.0,62.6,2016.0,3.789473684210526,4.519804427885857,4.519804427885857,2–5-year,,False
AL-RF-20151225-0343,02406930,,031501070104,16.5,2015-12-25 04:00:00+00:00,2015-12-25 00:00:00+00:00,-4.0,1660.0,100.60606060606061,2016.0,3.75,,3.75,2–5-year,,False
AL-RF-20151225-0343,02407000,,031501070301,8392.0,2015-12-25 04:00:00+00:00,2015-12-26 00:00:00+00:00,20.0,65000.0,7.7454718779790275,2016.0,1.5238095238095237,1.461905090032515,1.461905090032515,<2-year,,True
AL-RF-20151225-0343,02407514,,031501070205,142.0,2015-12-25 04:00:00+00:00,2015-12-26 00:00:00+00:00,20.0,5100.0,35.91549295774648,2016.0,3.8000000000000003,,3.8000000000000003,2–5-year,,False
AL-RF-20151225-0343,02412000,,031501080405,448.0,2015-12-25 04:00:00+00:00,2015-12-26 00:00:00+00:00,20.0,9360.0,20.892857142857142,2016.0,4.294117647058823,3.3610914965683625,3.3610914965683625,2–5-year,,True
AL-RF-20151225-0343,02413300,,031501080905,406.0,2015-12-25 04:00:00+00:00,2015-12-24 00:00:00+00:00,-28.0,10700.0,26.354679802955665,2016.0,5.0,8.263793413383944,8.263793413383944,5–10-year,,False
AL-RF-20151225-0343,02418230,,031501100102,71.3,2015-12-25 04:00:00+00:00,2015-12-25 00:00:00+00:00,-4.0,12800.0,179.52314165497896,2016.0,26.0,43.55204278331091,43.55204278331091,25–50-year,,False
AL-RF-20151225-0343,02418760,,031501100202,45.8,2015-12-25 04:00:00+00:00,2015-12-24 00:00:00+00:00,-28.0,4690.0,102.40174672489084,2016.0,3.8333333333333335,3.931259712535661,3.931259712535661,2–5-year,,False
AL-RF-20151225-0343,02418764,,031501100202,1.8,2015-12-25 04:00:00+00:00,2015-12-24 00:00:00+00:00,-28.0,1480.0,822.2222222222222,2016.0,12.0,,12.0,10–25-year,C,False
AL-RF-20151225-0343,02419000,,031501100302,333.0,2015-12-25 04:00:00+00:00,2015-12-24 00:00:00+00:00,-28.0,26800.0,80.48048048048048,2016.0,12.428571428571429,17.26866051508198,17.26866051508198,10–25-year,,False
AL-RF-20151225-0343,02419790,,031501100802,103.0,2015-12-25 04:00:00+00:00,2015-12-24 00:00:00+00:00,-28.0,1660.0,16.116504854368934,2016.0,2.0,,2.0,2–5-year,,False
AL-RF-20151225-0343,02419974,,031502010104,2.3,2015-12-25 04:00:00+00:00,2015-12-24 00:00:00+00:00,-28.0,1320.0,573.9130434782609,2016.0,4.0,,4.0,2–5-year,C,False
AL-RF-20151225-0343,02419976,,031502010104,8.1,2015-12-25 04:00:00+00:00,2015-12-24 00:00:00+00:00,-28.0,4900.0,604.9382716049383,2016.0,4.0,,4.0,2–5-year,C,True
AL-RF-20151225-0343,02420000,,031502010107,15087.0,2015-12-25 04:00:00+00:00,2015-12-27 00:00:00+00:00,44.0,176000.0,11.665672433220653,2016.0,8.166666666666666,6.794182235546726,6.794182235546726,5–10-year,,False
AL-RF-20151225-0343,02423110,,031502020101,12.5,2015-12-25 04:00:00+00:00,2015-12-25 00:00:00+00:00,-4.0,4600.0,368.0,2016.0,13.0,,13.0,10–25-year,C,False
AL-RF-20151225-0343,02423130,,031502020101,19.7,2015-12-25 04:00:00+00:00,2015-12-25 00:00:00+00:00,-4.0,4660.0,236.5482233502538,2016.0,11.333333333333332,10.011352624335471,10.011352624335471,10–25-year,C,True
AL-RF-20151225-0343,02423160,,031502020101,50.8,2015-12-25 04:00:00+00:00,2015-12-26 00:00:00+00:00,20.0,9820.0,193.30708661417324,2016.0,7.0,,7.0,5–10-year,C,False
AL-RF-20151225-0343,02427250,,031502030407,261.0,2015-12-25 04:00:00+00:00,2015-12-27 00:00:00+00:00,44.0,5280.0,20.229885057471265,2016.0,1.5416666666666665,1.4249044368968615,1.4249044368968615,<2-year,,True
AL-RF-20151225-0343,02438000,,031601030303,277.0,2015-12-25 04:00:00+00:00,2015-12-25 00:00:00+00:00,-4.0,40100.0,144.76534296028882,2016.0,35.5,104.86079924597884,104.86079924597884,100–200-year,,False
AL-RF-20151225-0343,02449882,,031601090107,13.0,2015-12-25 04:00:00+00:00,2015-12-25 00:00:00+00:00,-4.0,2630.0,202.30769230769232,2016.0,34.0,26.63792718310216,26.63792718310216,25–50-year,,False
AL-RF-20151225-0343,02450000,,031601090203,358.0,2015-12-25 04:00:00+00:00,2015-12-25 16:15:00+00:00,12.25,28700.0,80.16759776536313,2016.0,2.3947368421052633,2.361504301493423,2.361504301493423,2–5-year,,False
AL-RF-20151225-0343,02450180,,031601090205,487.0,2015-12-25 04:00:00+00:00,2015-12-26 00:00:00+00:00,20.0,44900.0,92.19712525667352,2016.0,23.5,33.57548812119358,33.57548812119358,25–50-year,,False
AL-RF-20151225-0343,02450250,,031601100103,92.1,2015-12-25 04:00:00+00:00,2015-12-25 00:00:00+00:00,-4.0,17500.0,190.01085776330078,2016.0,30.0,61.475867302545744,61.475867302545744,50–100-year,,False
AL-RF-20151225-0343,02450825,,031601100304,101.0,2015-12-25 04:00:00+00:00,2015-12-26 00:00:00+00:00,20.0,11700.0,115.84158415841584,2016.0,37.0,24.526057304295577,24.526057304295577,10–25-year,,False
AL-RF-20151225-0343,02453000,,031601090309,181.0,2015-12-25 04:00:00+00:00,2015-12-28 00:00:00+00:00,68.0,5890.0,32.5414364640884,2016.0,3.8947368421052633,4.957284211406351,4.957284211406351,2–5-year,,False
AL-RF-20151225-0343,02453500,,031601090603,1916.0,2015-12-25 04:00:00+00:00,2015-12-27 00:00:00+00:00,44.0,50200.0,26.200417536534445,2016.0,8.666666666666666,8.427964370169615,8.427964370169615,5–10-year,,True
AL-RF-20151225-0343,02454055,,031601090405,143.0,2015-12-25 04:00:00+00:00,2015-12-27 00:00:00+00:00,44.0,5820.0,40.6993006993007,2016.0,2.7272727272727275,2.862773572232138,2.862773572232138,2–5-year,,False
AL-RF-20151225-0343,02455000,,031601110208,303.0,2015-12-25 04:00:00+00:00,2015-12-27 00:00:00+00:00,44.0,11100.0,36.633663366336634,2016.0,2.125,2.16023374911296,2.16023374911296,2–5-year,,False
AL-RF-20151225-0343,02455185,,031601110204,36.1,2015-12-25 04:00:00+00:00,2015-12-26 00:00:00+00:00,20.0,6790.0,188.08864265927977,2016.0,19.0,,19.0,10–25-year,,True
AL-RF-20151225-0343,02455980,,031601110306,27.4,2015-12-25 04:00:00+00:00,2015-12-25 00:00:00+00:00,-4.0,9900.0,361.3138686131387,2016.0,18.5,30.026561435437223,30.026561435437223,25–50-year,C,False
AL-RF-20151225-0343,02456500,,031601110404,885.0,2015-12-25 04:00:00+00:00,2015-12-27 00:00:00+00:00,44.0,37000.0,41.80790960451977,2016.0,7.8181818181818175,7.407560663642673,7.407560663642673,5–10-year,,False
AL-RF-20151225-0343,02457000,,031601110406,23.9,2015-12-25 04:00:00+00:00,2015-12-25 00:00:00+00:00,-4.0,7090.0,296.652719665272,2016.0,15.666666666666668,12.730793597269386,12.730793597269386,10–25-year,C,True
AL-RF-20151225-0343,02457595,,031601110406,51.9,2015-12-25 04:00:00+00:00,2015-12-25 00:00:00+00:00,-4.0,10700.0,206.16570327552986,2016.0,7.6000000000000005,7.449423902937913,7.449423902937913,5–10-year,,False
AL-RF-20151225-0343,02458148,,031601110408,4.1,2015-12-25 04:00:00+00:00,2015-12-25 00:00:00+00:00,-4.0,1560.0,380.4878048780488,2016.0,7.0,6.286822363481478,6.286822363481478,5–10-year,C,False
AL-RF-20151225-0343,02458190,,031601110408,3.35,2015-12-25 04:00:00+00:00,2015-12-25 00:00:00+00:00,-4.0,2000.0,597.0149253731344,2016.0,2.75,,2.75,2–5-year,C,False
AL-RF-20151225-0343,02458300,,031601110408,26.0,2015-12-25 04:00:00+00:00,2015-12-25 00:00:00+00:00,-4.0,5680.0,218.46153846153845,2016.0,8.25,24.704552971790072,24.704552971790072,10–25-year,C,False
AL-RF-20151225-0343,02458450,,031601110408,33.5,2015-12-25 04:00:00+00:00,2015-12-26 00:00:00+00:00,20.0,5700.0,170.1492537313433,2016.0,4.1000000000000005,5.087464277074258,5.087464277074258,5–10-year,C,False
AL-RF-20151225-0343,02458502,,031601110408,36.7,2015-12-25 04:00:00+00:00,2015-12-26 00:00:00+00:00,20.0,6030.0,164.3051771117166,2016.0,7.0,7.716226112035429,7.716226112035429,5–10-year,C,False
AL-RF-20151225-0343,02458600,,031601110408,52.2,2015-12-25 04:00:00+00:00,2015-12-26 00:00:00+00:00,20.0,5750.0,110.15325670498083,2016.0,3.75,4.820672688088948,4.820672688088948,2–5-year,C,False
AL-RF-20151225-0343,02464146,,031601120411,6.16,2015-12-25 04:00:00+00:00,2015-12-25 00:00:00+00:00,-4.0,4320.0,701.2987012987013,2016.0,36.0,63.755494735324916,63.755494735324916,50–100-year,,False
AL-RF-20151225-0343,03572153,,060300010306,29.2,2015-12-25 04:00:00+00:00,2015-12-26 00:00:00+00:00,20.0,2500.0,85.61643835616438,2016.0,2.0,,2.0,2–5-year,,False
AL-RF-20151225-0343,03572690,,060300010503,44.1,2015-12-25 04:00:00+00:00,2015-12-25 00:00:00+00:00,-4.0,10300.0,233.56009070294783,2016.0,16.0,,16.0,10–25-year,,False
AL-RF-20151225-0343,03574100,,060300020103,44.9,2015-12-25 04:00:00+00:00,2015-12-25 00:00:00+00:00,-4.0,4720.0,105.12249443207128,2016.0,5.5,,5.5,5–10-year,,True
AL-RF-20151225-0343,03574500,,060300020203,320.0,2015-12-25 04:00:00+00:00,2015-12-26 00:00:00+00:00,20.0,20600.0,64.375,2016.0,3.033333333333333,3.0029378573222276,3.0029378573222276,2–5-year,,True
AL-RF-20151225-0343,03575100,,060300020403,375.0,2015-12-25 04:00:00+00:00,2015-12-26 00:00:00+00:00,20.0,37900.0,101.06666666666666,2016.0,14.0,9.536572020452445,9.536572020452445,5–10-year,,True
AL-RF-20151225-0343,0357526200,,060300020404,4.89,2015-12-25 04:00:00+00:00,2015-12-25 00:00:00+00:00,-4.0,2300.0,470.3476482617587,2016.0,4.833333333333333,5.036434142430742,5.036434142430742,5–10-year,C,False
AL-RF-20151225-0343,03575272,,060300020404,2.73,2015-12-25 04:00:00+00:00,2015-12-25 00:00:00+00:00,-4.0,831.0,304.3956043956044,2016.0,1.7999999999999998,,1.7999999999999998,<2-year,C,False
AL-RF-20151225-0343,0357568650,,060300020903,1.41,2015-12-25 04:00:00+00:00,2015-12-25 00:00:00+00:00,-4.0,789.0,559.5744680851064,2016.0,3.0,3.067098199892366,3.067098199892366,2–5-year,C,False
AL-RF-20151225-0343,0357568980,,060300020903,6.97,2015-12-25 04:00:00+00:00,2015-12-25 00:00:00+00:00,-4.0,2090.0,299.8565279770445,2016.0,4.428571428571429,5.052887962030401,5.052887962030401,5–10-year,C,False
AL-RF-20151225-0343,03575700,,060300020903,14.1,2015-12-25 04:00:00+00:00,2015-12-25 00:00:00+00:00,-4.0,2410.0,170.92198581560285,2016.0,2.4117647058823533,2.467785384889339,2.467785384889339,2–5-year,C,False
AL-RF-20151225-0343,03575830,,060300020505,49.0,2015-12-25 04:00:00+00:00,2015-12-25 00:00:00+00:00,-4.0,10100.0,206.12244897959184,2016.0,13.4,15.732148902911085,15.732148902911085,10–25-year,C,True
AL-RF-20151225-0343,0357586650,,060300020502,3.44,2015-12-25 04:00:00+00:00,2015-12-25 00:00:00+00:00,-4.0,1910.0,555.232558139535,2016.0,3.2222222222222223,3.049216285691818,3.049216285691818,2–5-year,C,False
AL-RF-20151225-0343,0357587090,,060300020502,2.28,2015-12-25 04:00:00+00:00,2015-12-25 00:00:00+00:00,-4.0,1110.0,486.8421052631579,2016.0,2.3846153846153846,2.1571600266717286,2.1571600266717286,2–5-year,C,False
AL-RF-20151225-0343,0357587140,,060300020502,2.52,2015-12-25 04:00:00+00:00,2015-12-25 00:00:00+00:00,-4.0,724.0,287.3015873015873,2016.0,4.0,4.410404865102862,4.410404865102862,2–5-year,C,True
AL-RF-20151225-0343,0357587400,,060300020502,8.5,2015-12-25 04:00:00+00:00,2015-12-25 00:00:00+00:00,-4.0,2140.0,251.76470588235293,2016.0,3.1,2.5569712598383263,2.5569712598383263,2–5-year,C,False
AL-RF-20151225-0343,0357587728,,060300020502,2.99,2015-12-25 04:00:00+00:00,2015-12-25 00:00:00+00:00,-4.0,988.0,330.4347826086956,2016.0,2.857142857142857,2.925183590193979,2.925183590193979,2–5-year,C,True
AL-RF-20151225-0343,03575890,,060300020502,22.6,2015-12-25 04:00:00+00:00,2015-12-25 00:00:00+00:00,-4.0,7270.0,321.6814159292035,2016.0,10.75,9.434487778150237,9.434487778150237,5–10-year,C,False
AL-RF-20151225-0343,0357591500,,060300020502,1.47,2015-12-25 04:00:00+00:00,2015-12-25 00:00:00+00:00,-4.0,1210.0,823.1292517006802,2016.0,2.4166666666666665,2.9064858328648238,2.9064858328648238,2–5-year,C,False
AL-RF-20151225-0343,03575950,,060300020503,41.8,2015-12-25 04:00:00+00:00,2015-12-25 00:00:00+00:00,-4.0,10900.0,260.76555023923447,2016.0,6.0,6.335742030625243,6.335742030625243,5–10-year,C,True
AL-RF-20151225-0343,03575980,,060300020503,9.64,2015-12-25 04:00:00+00:00,2015-12-25 00:00:00+00:00,-4.0,3310.0,343.3609958506224,2016.0,10.5,12.89733365491907,12.89733365491907,10–25-year,C,False
AL-RF-20151225-0343,03576250,,060300020703,119.0,2015-12-25 04:00:00+00:00,2015-12-25 00:00:00+00:00,-4.0,9710.0,81.59663865546219,2016.0,2.75,3.0462986229603186,3.0462986229603186,2–5-year,,False
AL-RF-20151225-0343,03576500,,060300021007,86.3,2015-12-25 04:00:00+00:00,2015-12-26 00:00:00+00:00,20.0,15800.0,183.08227114716107,2016.0,21.0,17.299831270866168,17.299831270866168,10–25-year,,False
AL-RF-20151225-0343,03577225,,060300021101,40.9,2015-12-25 04:00:00+00:00,2015-12-25 00:00:00+00:00,-4.0,8730.0,213.4474327628362,2016.0,5.666666666666666,,5.666666666666666,5–10-year,,False
AL-RF-20151225-0343,03584600,,060300040402,1805.0,2015-12-25 04:00:00+00:00,2015-12-27 00:00:00+00:00,44.0,32600.0,18.060941828254848,2016.0,1.9074074074074074,1.9189632890527861,1.9189632890527861,<2-year,6,False
AL-RF-20151225-0343,03586500,,060300050105,166.0,2015-12-25 04:00:00+00:00,2015-12-26 00:00:00+00:00,20.0,8010.0,48.25301204819277,2016.0,4.0,3.572336297376227,3.572336297376227,2–5-year,,False
AL-RF-20160224-0346,02469800,,031602030205,164.0,2016-02-24 04:00:00+00:00,2016-02-24 00:00:00+00:00,-4.0,7870.0,47.98780487804878,2016.0,4.176470588235294,4.13369093315134,4.13369093315134,2–5-year,,False
AL-RF-20160224-0346,02470072,,031602030602,10.5,2016-02-24 04:00:00+00:00,2016-02-24 00:00:00+00:00,-4.0,2260.0,215.23809523809524,2016.0,7.75,13.060862706989724,13.060862706989724,10–25-year,,False
AL-RF-20160402-0348,02361500,,031402011202,1280.0,2016-04-02 08:00:00+00:00,2016-04-02 00:00:00+00:00,-8.0,21300.0,16.640625,2016.0,4.5,4.406124201664061,4.406124201664061,2–5-year,,False
AL-RF-20160402-0348,02408540,,031501070708,263.0,2016-04-02 08:00:00+00:00,2016-04-01 00:00:00+00:00,-32.0,7620.0,28.973384030418252,2016.0,1.4375,1.492478793808145,1.492478793808145,<2-year,,False
AL-RF-20160402-0348,03588500,,060300050508,348.0,2016-04-02 08:00:00+00:00,2016-04-01 00:00:00+00:00,-32.0,9740.0,27.988505747126435,2016.0,1.2179487179487178,1.220305101824488,1.220305101824488,<2-year,,False
AL-RF-20170103-0356,02342500,,031300030505,322.0,2017-01-03 23:00:00+00:00,2017-01-03 00:00:00+00:00,-23.0,10800.0,33.54037267080745,2017.0,2.5806451612903225,2.5526817114717963,2.5526817114717963,2–5-year,,False
AL-RF-20170103-0356,02342881,,031300030804,5910.0,2017-01-03 23:00:00+00:00,2017-01-03 00:00:00+00:00,-23.0,48800.0,8.257191201353638,2017.0,1.7,,1.7,<2-year,"2,6",False
AL-RF-20170103-0356,023432415,,031300040104,7460.0,2017-01-03 23:00:00+00:00,2017-01-04 00:00:00+00:00,1.0,51900.0,6.957104557640751,2017.0,1.5454545454545454,,1.5454545454545454,<2-year,"2,6",True
AL-RF-20170103-0356,02343805,,031300040702,8210.0,2017-01-03 23:00:00+00:00,2017-01-04 00:00:00+00:00,1.0,63500.0,7.734470158343483,2017.0,2.0,,2.0,2–5-year,6,False
AL-RF-20170103-0356,02361500,,031402011202,1280.0,2017-01-03 23:00:00+00:00,2017-01-04 00:00:00+00:00,1.0,19700.0,15.390625,2017.0,3.375,3.625351765730188,3.625351765730188,2–5-year,,False
AL-RF-20170103-0356,02363000,,031402020504,498.0,2017-01-03 23:00:00+00:00,2017-01-05 00:00:00+00:00,25.0,5310.0,10.662650602409638,2017.0,1.6481481481481481,1.6383789749797437,1.6383789749797437,<2-year,,False
AL-RF-20170103-0356,02364500,,031402020610,1182.0,2017-01-03 23:00:00+00:00,2017-01-03 00:00:00+00:00,-23.0,10600.0,8.967851099830796,2017.0,1.7804878048780488,1.8047262989054287,1.8047262989054287,<2-year,,False
AL-RF-20170103-0356,02365200,,031402030105,3209.0,2017-01-03 23:00:00+00:00,2017-01-04 00:00:00+00:00,1.0,37200.0,11.592396385166719,2017.0,3.666666666666667,3.552378214364135,3.552378214364135,2–5-year,,False
AL-RF-20170103-0356,02367900,,031401030403,510.0,2017-01-03 23:00:00+00:00,2017-01-04 00:00:00+00:00,1.0,11800.0,23.137254901960784,2017.0,4.5,3.856833970521672,3.856833970521672,2–5-year,,False
AL-RF-20170103-0356,02371500,,031403010401,500.0,2017-01-03 23:00:00+00:00,2017-01-05 00:00:00+00:00,25.0,9710.0,19.42,2017.0,3.2142857142857144,3.5011629595252414,3.5011629595252414,2–5-year,,False
AL-RF-20170103-0356,02372430,,031403010501,1277.0,2017-01-03 23:00:00+00:00,2017-01-07 00:00:00+00:00,73.0,14600.0,11.433046202036023,2017.0,3.2,,3.2,2–5-year,,False
AL-RF-20170103-0356,02374050,,031403040501,,2017-01-03 23:00:00+00:00,2017-01-02 02:00:00+00:00,-45.0,303.0,,2017.0,4.0,,4.0,2–5-year,2,False
AL-RF-20170103-0356,02374500,,031403040107,176.0,2017-01-03 23:00:00+00:00,2017-01-03 00:00:00+00:00,-23.0,12300.0,69.88636363636364,2017.0,11.25,11.803306543839215,11.803306543839215,10–25-year,,False
AL-RF-20170103-0356,02374745,,031403040305,182.0,2017-01-03 23:00:00+00:00,2017-01-04 00:00:00+00:00,1.0,7050.0,38.73626373626374,2017.0,4.0,5.185805613124563,5.185805613124563,5–10-year,,False
AL-RF-20170103-0356,02374950,,031403050206,193.0,2017-01-03 23:00:00+00:00,2017-01-03 00:00:00+00:00,-23.0,9630.0,49.89637305699482,2017.0,6.5,10.495581446913096,10.495581446913096,10–25-year,,False
AL-RF-20170103-0356,02376500,,031401060403,394.0,2017-01-03 23:00:00+00:00,2017-01-03 00:00:00+00:00,-23.0,14600.0,37.055837563451774,2017.0,4.777777777777778,5.373045818855786,5.373045818855786,5–10-year,,False
AL-RF-20170103-0356,02378170,,031401070201,4.98,2017-01-03 23:00:00+00:00,2017-01-02 00:00:00+00:00,-47.0,1080.0,216.86746987951804,2017.0,3.4,,3.4,2–5-year,,False
AL-RF-20170103-0356,02378300,,031602050203,16.6,2017-01-03 23:00:00+00:00,2017-01-03 00:00:00+00:00,-23.0,7520.0,453.01204819277103,2017.0,6.75,10.046929277488221,10.046929277488221,10–25-year,,False
AL-RF-20170103-0356,02378500,,031602050201,55.3,2017-01-03 23:00:00+00:00,2017-01-03 00:00:00+00:00,-23.0,2390.0,43.21880650994575,2017.0,2.2399999999999998,2.1413286840507366,2.1413286840507366,2–5-year,,False
AL-RF-20170103-0356,02411602,,031501070907,0.75,2017-01-03 23:00:00+00:00,2017-01-02 12:00:00+00:00,-35.0,196.0,261.3333333333333,2017.0,2.75,,2.75,2–5-year,C,False
AL-RF-20170103-0356,02418230,,031501100102,71.3,2017-01-03 23:00:00+00:00,2017-01-03 00:00:00+00:00,-23.0,2770.0,38.849929873772794,2017.0,1.7333333333333334,1.6348686830146655,1.6348686830146655,<2-year,,False
AL-RF-20170103-0356,02418760,,031501100202,45.8,2017-01-03 23:00:00+00:00,2017-01-02 00:00:00+00:00,-47.0,1130.0,24.672489082969435,2017.0,1.2777777777777777,1.167673958294614,1.167673958294614,<2-year,,False
AL-RF-20170103-0356,02419000,,031501100302,333.0,2017-01-03 23:00:00+00:00,2017-01-04 00:00:00+00:00,1.0,8350.0,25.075075075075077,2017.0,1.891304347826087,1.8582074507742348,1.8582074507742348,<2-year,,False
AL-RF-20170103-0356,02471001,,031602040303,125.0,2017-01-03 23:00:00+00:00,2017-01-02 00:00:00+00:00,-47.0,5870.0,46.96,2017.0,2.96,2.8338243579548688,2.8338243579548688,2–5-year,,False
AL-RF-20170103-0356,02479945,,031700080501,31.48,2017-01-03 23:00:00+00:00,2017-01-01 00:00:00+00:00,-71.0,2220.0,70.52096569250318,2017.0,4.0,4.312689386602366,4.312689386602366,2–5-year,,False
AL-RF-20170103-0356,02479980,,031700080502,8.08,2017-01-03 23:00:00+00:00,2017-01-02 00:00:00+00:00,-47.0,930.0,115.0990099009901,2017.0,4.0,4.112253485800393,4.112253485800393,2–5-year,,False
AL-RF-20170103-0356,02480002,,031700080502,8.22,2017-01-03 23:00:00+00:00,2017-01-01 00:00:00+00:00,-71.0,794.0,96.59367396593673,2017.0,2.0,2.262043223211621,2.262043223211621,2–5-year,C,True
AL-RF-20170122-0358,02361000,,031402010602,686.0,2017-01-22 20:00:00+00:00,2017-01-23 00:00:00+00:00,4.0,11900.0,17.346938775510203,2017.0,3.3,3.17620744464679,3.17620744464679,2–5-year,,False
AL-RF-20170521-0360,02419845,,031501100904,7.1,2017-05-21 05:00:00+00:00,2017-05-20 00:00:00+00:00,-29.0,1940.0,273.23943661971833,2017.0,4.0,,4.0,2–5-year,C,True
AL-RF-20170521-0360,02419875,,031501100905,2.7,2017-05-21 05:00:00+00:00,2017-05-20 12:00:00+00:00,-17.0,1920.0,711.1111111111111,2017.0,6.0,,6.0,5–10-year,C,False
AL-RF-20170521-0360,02419974,,031502010104,2.3,2017-05-21 05:00:00+00:00,2017-05-20 12:00:00+00:00,-17.0,4300.0,1869.5652173913045,2017.0,6.0,,6.0,5–10-year,C,False
AL-RF-20170521-0360,02419976,,031502010104,8.1,2017-05-21 05:00:00+00:00,2017-05-20 12:00:00+00:00,-17.0,6750.0,833.3333333333334,2017.0,6.0,,6.0,5–10-year,C,True
AL-RF-20170521-0360,02420980,,031502010309,4.6,2017-05-21 05:00:00+00:00,2017-05-20 00:00:00+00:00,-29.0,6620.0,1439.1304347826087,2017.0,12.0,,12.0,10–25-year,C,False
AL-RF-20170624-0362,02372755,,031403030102,0.69,2017-06-24 08:00:00+00:00,2017-06-22 00:00:00+00:00,-56.0,227.0,328.9855072463768,2017.0,1.1,,1.1,<2-year,C,True
AL-RF-20170624-0362,02373000,,031403030604,470.0,2017-06-24 08:00:00+00:00,2017-06-24 00:00:00+00:00,-8.0,14100.0,30.0,2017.0,3.695652173913044,4.012946788254895,4.012946788254895,2–5-year,,False
AL-RF-20170624-0362,02405500,,031501060808,193.0,2017-06-24 08:00:00+00:00,2017-06-24 00:00:00+00:00,-8.0,8840.0,45.803108808290155,2017.0,3.8666666666666663,3.4616609706761756,3.4616609706761756,2–5-year,2,False
AL-RF-20170624-0362,02420000,,031502010107,15087.0,2017-06-24 08:00:00+00:00,2017-06-24 00:00:00+00:00,-8.0,106000.0,7.025916351826075,2017.0,1.5806451612903225,1.6599897881773582,1.6599897881773582,<2-year,,False
AL-RF-20170624-0362,02420495,,031502010203,1.2,2017-06-24 08:00:00+00:00,2017-06-18 00:00:00+00:00,-152.0,318.0,265.0,2017.0,5.5,,5.5,5–10-year,C,False
AL-RF-20170624-0362,02421000,,031502010309,290.0,2017-06-24 08:00:00+00:00,2017-06-23 00:00:00+00:00,-32.0,10100.0,34.827586206896555,2017.0,1.9736842105263157,2.127133494376164,2.127133494376164,2–5-year,,False
AL-RF-20170624-0362,02423555,,031502020206,335.0,2017-06-24 08:00:00+00:00,2017-06-24 00:00:00+00:00,-8.0,8670.0,25.880597014925375,2017.0,1.5,1.4259304435563616,1.4259304435563616,<2-year,,False
AL-RF-20170624-0362,02423630,,031502020303,72.3,2017-06-24 08:00:00+00:00,2017-06-24 05:30:00+00:00,-2.5,3750.0,51.86721991701245,2017.0,1.7916666666666667,1.6698633440941657,1.6698633440941657,<2-year,R,True
AL-RF-20170624-0362,02423647,,031502020407,593.0,2017-06-24 08:00:00+00:00,2017-06-24 00:00:00+00:00,-8.0,20500.0,34.56998313659359,2017.0,1.7,,1.7,<2-year,,False
AL-RF-20170624-0362,02424000,,031502020503,1027.0,2017-06-24 08:00:00+00:00,2017-06-24 00:00:00+00:00,-8.0,27600.0,26.874391431353455,2017.0,1.870967741935484,1.8511507447375775,1.8511507447375775,<2-year,,True
AL-RF-20170624-0362,02456500,,031601110404,885.0,2017-06-24 08:00:00+00:00,2017-06-25 00:00:00+00:00,16.0,16600.0,18.757062146892654,2017.0,1.2647058823529413,1.3282737064115826,1.3282737064115826,<2-year,,False
AL-RF-20170624-0362,02462000,,031601120104,148.0,2017-06-24 08:00:00+00:00,2017-06-22 00:00:00+00:00,-56.0,7120.0,48.108108108108105,2017.0,1.7804878048780488,1.8558642014463345,1.8558642014463345,<2-year,,True
AL-RF-20170624-0362,02465292,,031601130203,10.7,2017-06-24 08:00:00+00:00,2017-06-23 00:00:00+00:00,-32.0,1840.0,171.9626168224299,2017.0,1.2105263157894737,1.1401715959632857,1.1401715959632857,<2-year,C,False
AL-RF-20170624-0362,02465493,,031601130302,32.3,2017-06-24 08:00:00+00:00,2017-06-24 00:00:00+00:00,-8.0,1380.0,42.72445820433437,2017.0,6.125000000000001,5.962642535024327,5.962642535024327,5–10-year,,False
AL-RF-20170624-0362,02466030,,031601130607,5810.0,2017-06-24 08:00:00+00:00,2017-06-23 00:00:00+00:00,-32.0,92200.0,15.869191049913942,2017.0,2.588235294117647,2.679459002901129,2.679459002901129,2–5-year,,False
AL-RF-20170624-0362,02469761,,031602010909,18417.0,2017-06-24 08:00:00+00:00,2017-06-27 00:00:00+00:00,64.0,123000.0,6.678612151816257,2017.0,1.28,1.4433367393286702,1.4433367393286702,<2-year,2,False
AL-RF-20170624-0362,02469800,,031602030205,164.0,2017-06-24 08:00:00+00:00,2017-06-23 00:00:00+00:00,-32.0,9220.0,56.21951219512195,2017.0,5.461538461538462,5.445347363958693,5.445347363958693,5–10-year,,False
AL-RF-20170624-0362,02470072,,031602030602,10.5,2017-06-24 08:00:00+00:00,2017-06-23 00:00:00+00:00,-32.0,1540.0,146.66666666666666,2017.0,2.818181818181818,3.1249629501532765,3.1249629501532765,2–5-year,,False
AL-RF-20170624-0362,02478500,,031700030402,2690.0,2017-06-24 08:00:00+00:00,2017-06-24 22:15:00+00:00,14.25,33200.0,12.342007434944238,2017.0,3.7083333333333335,4.4321098116558915,4.4321098116558915,2–5-year,,False
AL-RF-20170624-0362,02479560,,031700080403,562.0,2017-06-24 08:00:00+00:00,2017-06-24 00:00:00+00:00,-8.0,36200.0,64.41281138790036,2017.0,47.0,83.48734396004494,83.48734396004494,50–100-year,2,False
AL-RF-20170630-0363,02453500,,031601090603,1916.0,2017-06-30 13:00:00+00:00,2017-06-30 00:00:00+00:00,-13.0,23400.0,12.21294363256785,2017.0,1.2999999999999998,1.2598131098069274,1.2598131098069274,<2-year,,True
AL-RF-20170630-0363,02464146,,031601120411,6.16,2017-06-30 13:00:00+00:00,2017-06-30 00:00:00+00:00,-13.0,730.0,118.5064935064935,2017.0,2.25,2.162656814850835,2.162656814850835,2–5-year,,False
AL-RF-20171008-0370,02363225,,031402020401,1.2,2017-10-08 12:00:00+00:00,2017-10-08 12:00:00+00:00,0.0,576.0,480.0,2018.0,2.75,,2.75,2–5-year,C,False
AL-RF-20171008-0370,02369800,,031401040104,87.7,2017-10-08 12:00:00+00:00,2017-10-08 19:00:00+00:00,7.0,3100.0,35.34777651083238,2018.0,3.6875,2.7943023363473856,2.7943023363473856,2–5-year,,False
AL-RF-20171008-0370,02372755,,031403030102,0.69,2017-10-08 12:00:00+00:00,2017-10-08 12:00:00+00:00,0.0,388.0,562.3188405797102,2018.0,5.5,,5.5,5–10-year,C,True
AL-RF-20171008-0370,02374050,,031403040501,,2017-10-08 12:00:00+00:00,2017-10-08 05:15:00+00:00,-6.75,148.0,,2018.0,2.0,,2.0,2–5-year,,False
AL-RF-20171008-0370,02471001,,031602040303,125.0,2017-10-08 12:00:00+00:00,2017-10-09 03:00:00+00:00,15.0,3830.0,30.64,2018.0,1.574468085106383,1.7026646061974098,1.7026646061974098,<2-year,,False
AL-RF-20171008-0370,02479945,,031700080501,31.48,2017-10-08 12:00:00+00:00,2017-10-09 16:00:00+00:00,28.0,1540.0,48.91994917407878,2018.0,2.571428571428571,2.579087770215177,2.579087770215177,2–5-year,,False
AL-RF-20171008-0370,02479980,,031700080502,8.08,2017-10-08 12:00:00+00:00,2017-10-08 06:00:00+00:00,-6.0,513.0,63.49009900990099,2018.0,1.7142857142857142,1.573409085524438,1.573409085524438,<2-year,,False
AL-RF-20171008-0370,02480002,,031700080502,8.22,2017-10-08 12:00:00+00:00,2017-10-08 08:00:00+00:00,-4.0,403.0,49.02676399026764,2018.0,1.2413793103448276,1.232327837100472,1.232327837100472,<2-year,C,True
AL-RF-20171022-0371,02374745,,031403040305,182.0,2017-10-22 23:00:00+00:00,2017-10-23 11:30:00+00:00,12.5,2500.0,13.736263736263735,2018.0,1.4,1.4975053872770454,1.4975053872770454,<2-year,,False
AL-RF-20171022-0371,02378500,,031602050201,55.3,2017-10-22 23:00:00+00:00,2017-10-23 00:00:00+00:00,1.0,8050.0,145.56962025316457,2018.0,8.0,9.430542739463307,9.430542739463307,5–10-year,,False
AL-RF-20171022-0371,02471078,,031602050104,16.5,2017-10-22 23:00:00+00:00,2017-10-22 23:00:00+00:00,0.0,2110.0,127.87878787878788,2018.0,3.2,2.7723581129638117,2.7723581129638117,2–5-year,,False
AL-RF-20180212-0372,02361000,,031402010602,686.0,2018-02-12 03:00:00+00:00,2018-02-12 08:15:00+00:00,5.25,8690.0,12.667638483965014,2018.0,1.8333333333333335,2.069427691191304,2.069427691191304,2–5-year,,False
AL-RF-20180212-0372,02361500,,031402011202,1280.0,2018-02-12 03:00:00+00:00,2018-02-13 01:30:00+00:00,22.5,16800.0,13.125,2018.0,2.4545454545454546,2.6009338391132784,2.6009338391132784,2–5-year,,False
AL-RF-20180212-0372,02365200,,031402030105,3209.0,2018-02-12 03:00:00+00:00,2018-02-14 00:15:00+00:00,45.25,31400.0,9.784979744468682,2018.0,2.5384615384615388,2.5090817738089743,2.5090817738089743,2–5-year,,False
AL-RF-20180415-0373,02469800,,031602030205,164.0,2018-04-15 00:00:00+00:00,2018-04-15 13:00:00+00:00,13.0,12600.0,76.82926829268293,2018.0,7.1,9.914197258787357,9.914197258787357,5–10-year,,False
AL-RF-20180415-0373,02470072,,031602030602,10.5,2018-04-15 00:00:00+00:00,2018-04-14 20:30:00+00:00,-3.5,2580.0,245.71428571428572,2018.0,31.0,32.67904441640812,32.67904441640812,25–50-year,2,False
AL-RF-20180415-0373,02478500,,031700030402,2690.0,2018-04-15 00:00:00+00:00,2018-04-18 06:45:00+00:00,78.75,17500.0,6.5055762081784385,2018.0,1.3692307692307693,1.3484029577621122,1.3484029577621122,<2-year,,False
AL-RF-20180530-0376,02408150,,031501070802,35.7,2018-05-30 00:00:00+00:00,2018-05-30 14:30:00+00:00,14.5,4260.0,119.32773109243696,2018.0,3.666666666666667,,3.666666666666667,2–5-year,,True
AL-RF-20180530-0376,02419890,,031501100905,4646.0,2018-05-30 00:00:00+00:00,2018-05-31 19:00:00+00:00,43.0,27800.0,5.983641842445114,2018.0,1.409090909090909,1.2953276683237835,1.2953276683237835,<2-year,,False
AL-RF-20180530-0376,02422500,,031502011006,203.0,2018-05-30 00:00:00+00:00,2018-05-30 21:00:00+00:00,21.0,8880.0,43.74384236453202,2018.0,4.190476190476191,4.113270507381052,4.113270507381052,2–5-year,,False
AL-RF-20180530-0376,02425000,,031502020902,1766.0,2018-05-30 00:00:00+00:00,2018-06-01 15:00:00+00:00,63.0,20800.0,11.778029445073612,2018.0,1.6304347826086958,1.6042181188146456,1.6042181188146456,<2-year,,True
AL-RF-20180905-0385,02374950,,031403050206,193.0,2018-09-05 14:00:00+00:00,2018-09-05 16:30:00+00:00,2.5,4330.0,22.435233160621763,2018.0,2.3636363636363638,2.027184310308642,2.027184310308642,2–5-year,,False
AL-RF-20180905-0385,02376293,,031401060302,26.5,2018-09-05 14:00:00+00:00,2018-09-05 10:30:00+00:00,-3.5,1380.0,52.075471698113205,2018.0,2.076923076923077,1.736638649451976,1.736638649451976,<2-year,,False
AL-RF-20180905-0385,02376500,,031401060403,394.0,2018-09-05 14:00:00+00:00,2018-09-07 04:00:00+00:00,38.0,14200.0,36.04060913705584,2018.0,4.526315789473684,5.100119326874171,5.100119326874171,5–10-year,,False
AL-RF-20180926-0386,02461500,,031601120102,52.5,2018-09-26 20:00:00+00:00,2018-09-26 15:30:00+00:00,-4.5,5210.0,99.23809523809524,2018.0,2.3333333333333335,2.0650183061688594,2.0650183061688594,2–5-year,C,False
AL-RF-20181228-0390,02418230,,031501100102,71.3,2018-12-28 13:00:00+00:00,2018-12-28 18:15:00+00:00,5.25,5220.0,73.21178120617111,2019.0,3.25,4.27752387466048,4.27752387466048,2–5-year,,False
AL-RF-20181228-0390,02419845,,031501100904,7.1,2018-12-28 13:00:00+00:00,2018-12-28 12:00:00+00:00,-1.0,1050.0,147.88732394366198,2019.0,3.0,,3.0,2–5-year,C,True
AL-RF-20181228-0390,02423380,,031502020104,140.0,2018-12-28 13:00:00+00:00,2018-12-28 15:45:00+00:00,2.75,10800.0,77.14285714285714,2019.0,3.666666666666667,3.9540371342280074,3.9540371342280074,2–5-year,,True
AL-RF-20181228-0390,02423400,,031502020103,24.4,2018-12-28 13:00:00+00:00,2018-12-28 12:00:00+00:00,-1.0,2110.0,86.47540983606558,2019.0,2.1333333333333333,2.707415247402932,2.707415247402932,2–5-year,C,False
AL-RF-20181228-0390,02423414,,031502020103,47.0,2018-12-28 13:00:00+00:00,2018-12-28 13:15:00+00:00,0.25,2370.0,50.42553191489362,2019.0,4.4,4.355620689768018,4.355620689768018,2–5-year,6,False
AL-RF-20181228-0390,02423425,,031502020204,201.0,2018-12-28 13:00:00+00:00,2018-12-28 18:45:00+00:00,5.75,10400.0,51.74129353233831,2019.0,2.5999999999999996,2.4278660216345713,2.4278660216345713,2–5-year,6,False
AL-RF-20181228-0390,02423496,,031502020204,226.0,2018-12-28 13:00:00+00:00,2018-12-28 23:30:00+00:00,10.5,10600.0,46.902654867256636,2019.0,3.083333333333333,2.7820968271720288,2.7820968271720288,2–5-year,,False
AL-RF-20181228-0390,02423500,,031502020204,230.0,2018-12-28 13:00:00+00:00,2018-12-29 00:00:00+00:00,11.0,10700.0,46.52173913043478,2019.0,3.0,2.829886541461473,2.829886541461473,2–5-year,,False
AL-RF-20181228-0390,0242354650,,031502020202,14.3,2018-12-28 13:00:00+00:00,2018-12-28 10:45:00+00:00,-2.25,622.0,43.49650349650349,2019.0,4.0,,4.0,2–5-year,,False
AL-RF-20181228-0390,0242354750,,031502020202,25.6,2018-12-28 13:00:00+00:00,2018-12-28 12:45:00+00:00,-0.25,1710.0,66.796875,2019.0,5.6,3.8713257130665513,3.8713257130665513,2–5-year,C,True
AL-RF-20181228-0390,02423555,,031502020206,335.0,2018-12-28 13:00:00+00:00,2018-12-28 21:30:00+00:00,8.5,15600.0,46.56716417910448,2019.0,3.2142857142857144,3.33099260913531,3.33099260913531,2–5-year,R,False
AL-RF-20181228-0390,02423571,,031502020301,9.46,2018-12-28 13:00:00+00:00,2018-12-28 06:30:00+00:00,-6.5,1580.0,167.01902748414375,2019.0,1.5,,1.5,<2-year,,False
AL-RF-20181228-0390,02423586,,031502020301,27.1,2018-12-28 13:00:00+00:00,2018-12-28 07:22:00+00:00,-5.633333333333334,3390.0,125.09225092250922,2019.0,2.2857142857142856,,2.2857142857142856,2–5-year,C,True
AL-RF-20181228-0390,02423630,,031502020303,72.3,2018-12-28 13:00:00+00:00,2018-12-28 16:30:00+00:00,3.5,4360.0,60.304287690179805,2019.0,2.8666666666666667,2.354539423838724,2.354539423838724,2–5-year,R,True
AL-RF-20181228-0390,02423647,,031502020407,593.0,2018-12-28 13:00:00+00:00,2018-12-28 12:15:00+00:00,-0.75,27800.0,46.880269814502526,2019.0,4.25,,4.25,2–5-year,,False
AL-RF-20181228-0390,02424000,,031502020503,1027.0,2018-12-28 13:00:00+00:00,2018-12-28 18:00:00+00:00,5.0,44600.0,43.427458617332036,2019.0,5.043478260869565,4.3195981394408065,4.3195981394408065,2–5-year,,True
AL-RF-20181228-0390,02448500,,031601081101,1097.0,2018-12-28 13:00:00+00:00,2018-12-29 07:00:00+00:00,18.0,12400.0,11.30355515041021,2019.0,1.8863636363636362,1.9185671391216326,1.9185671391216326,<2-year,,False
AL-RF-20181228-0390,02448900,,031601081005,158.0,2018-12-28 13:00:00+00:00,2018-12-28 23:45:00+00:00,10.75,10800.0,68.35443037974683,2019.0,3.5,3.6517233274416436,3.6517233274416436,2–5-year,,False
AL-RF-20181228-0390,02450180,,031601090205,487.0,2018-12-28 13:00:00+00:00,2018-12-29 01:15:00+00:00,12.25,26800.0,55.030800821355236,2019.0,5.222222222222222,4.66008524856908,4.66008524856908,2–5-year,,False
AL-RF-20181228-0390,02453500,,031601090603,1916.0,2018-12-28 13:00:00+00:00,2018-12-28 15:00:00+00:00,2.0,33900.0,17.69311064718163,2019.0,2.3636363636363638,2.1067641146195553,2.1067641146195553,2–5-year,,True
AL-RF-20181228-0390,02454055,,031601090405,143.0,2018-12-28 13:00:00+00:00,2018-12-29 12:15:00+00:00,23.25,5780.0,40.41958041958042,2019.0,2.5,2.793850407508789,2.793850407508789,2–5-year,,False
AL-RF-20181228-0390,02456500,,031601110404,885.0,2018-12-28 13:00:00+00:00,2018-12-29 12:30:00+00:00,23.5,27000.0,30.508474576271187,2019.0,2.774193548387097,2.6697115509813085,2.6697115509813085,2–5-year,,False
AL-RF-20181228-0390,02458148,,031601110408,4.1,2018-12-28 13:00:00+00:00,2018-12-27 19:30:00+00:00,-17.5,726.0,177.07317073170734,2019.0,1.1666666666666667,1.157745225953396,1.157745225953396,<2-year,C,False
AL-RF-20181228-0390,02458300,,031601110408,26.0,2018-12-28 13:00:00+00:00,2018-12-28 06:00:00+00:00,-7.0,3990.0,153.46153846153845,2019.0,1.2692307692307694,1.368735008342592,1.368735008342592,<2-year,C,False
AL-RF-20181228-0390,02458450,,031601110408,33.5,2018-12-28 13:00:00+00:00,2018-12-28 08:21:00+00:00,-4.65,4830.0,144.17910447761193,2019.0,2.2777777777777777,2.1394504360337088,2.1394504360337088,2–5-year,C,False
AL-RF-20181228-0390,02458502,,031601110408,36.7,2018-12-28 13:00:00+00:00,2018-12-28 08:13:00+00:00,-4.783333333333333,5000.0,136.23978201634876,2019.0,2.625,2.2029638016452693,2.2029638016452693,2–5-year,C,False
AL-RF-20181228-0390,02458600,,031601110408,52.2,2018-12-28 13:00:00+00:00,2018-12-28 10:00:00+00:00,-3.0,5130.0,98.27586206896551,2019.0,2.7272727272727275,3.0026415247452642,3.0026415247452642,2–5-year,C,False
AL-RF-20181228-0390,02461405,,031601120101,30.0,2018-12-28 13:00:00+00:00,2018-12-28 08:30:00+00:00,-4.5,3980.0,132.66666666666666,2019.0,2.0,,2.0,2–5-year,C,True
AL-RF-20181228-0390,02461500,,031601120102,52.5,2018-12-28 13:00:00+00:00,2018-12-28 09:00:00+00:00,-4.0,5090.0,96.95238095238095,2019.0,2.1,1.9632556920689337,1.9632556920689337,<2-year,C,False
AL-RF-20181228-0390,02464000,,031601120408,223.0,2018-12-28 13:00:00+00:00,2018-12-28 14:00:00+00:00,1.0,11100.0,49.775784753363226,2019.0,4.944444444444445,4.082731410777077,4.082731410777077,2–5-year,,False
AL-RF-20181228-0390,02465000,,031601130201,4820.0,2018-12-28 13:00:00+00:00,2018-12-28 14:15:00+00:00,1.25,175000.0,36.30705394190871,2019.0,6.857142857142857,6.773661197594408,6.773661197594408,5–10-year,,False
AL-RF-20181228-0390,02465493,,031601130302,32.3,2018-12-28 13:00:00+00:00,2018-12-28 21:30:00+00:00,8.5,1020.0,31.578947368421055,2019.0,4.454545454545454,3.9188322878786703,3.9188322878786703,2–5-year,,False
AL-RF-20181228-0390,02466030,,031601130607,5810.0,2018-12-28 13:00:00+00:00,2018-12-29 01:00:00+00:00,12.0,108000.0,18.588640275387263,2019.0,5.5,4.193276919177818,4.193276919177818,2–5-year,2,False
AL-RF-20181228-0390,02467500,,031602020405,607.0,2018-12-28 13:00:00+00:00,2018-12-31 15:30:00+00:00,74.5,9700.0,15.980230642504118,2019.0,2.65625,2.8049055583150166,2.8049055583150166,2–5-year,,False
AL-RF-20181228-0390,02469800,,031602030205,164.0,2018-12-28 13:00:00+00:00,2018-12-28 18:30:00+00:00,5.5,13000.0,79.26829268292683,2019.0,8.875,10.566235083991481,10.566235083991481,10–25-year,,False
AL-RF-20190223-0392,03574100,,060300020103,44.9,2019-02-23 13:00:00+00:00,2019-02-23 11:30:00+00:00,-1.5,3860.0,85.96881959910914,2019.0,1.8333333333333335,,1.8333333333333335,<2-year,,True
AL-RF-20190223-0392,03574768,,060300020307,,2019-02-23 13:00:00+00:00,2019-02-23 17:15:00+00:00,4.25,11600.0,,2019.0,2.3333333333333335,,2.3333333333333335,2–5-year,,True
AL-RF-20190223-0392,03575100,,060300020403,375.0,2019-02-23 13:00:00+00:00,2019-02-24 05:30:00+00:00,16.5,29900.0,79.73333333333333,2019.0,3.5,4.563780032327829,4.563780032327829,2–5-year,2,True
AL-RF-20190223-0392,0357526200,,060300020404,4.89,2019-02-23 13:00:00+00:00,2019-02-23 20:35:00+00:00,7.583333333333333,1190.0,243.35378323108387,2019.0,1.5263157894736843,1.7146538556546274,1.7146538556546274,<2-year,C,False
AL-RF-20190223-0392,0357568980,,060300020903,6.97,2019-02-23 13:00:00+00:00,2019-02-23 20:35:00+00:00,7.583333333333333,845.0,121.2338593974175,2019.0,1.24,1.3318892421672794,1.3318892421672794,<2-year,C,False
AL-RF-20190223-0392,03575830,,060300020505,49.0,2019-02-23 13:00:00+00:00,2019-02-24 00:15:00+00:00,11.25,6610.0,134.89795918367346,2019.0,5.583333333333334,5.48814479337991,5.48814479337991,5–10-year,C,True
AL-RF-20190223-0392,0357587090,,060300020502,2.28,2019-02-23 13:00:00+00:00,2019-02-23 19:40:00+00:00,6.666666666666667,2050.0,899.1228070175439,2019.0,10.333333333333334,15.306685982630693,15.306685982630693,10–25-year,C,False
AL-RF-20190223-0392,0357587140,,060300020502,2.52,2019-02-23 13:00:00+00:00,2019-02-23 20:10:00+00:00,7.166666666666667,1020.0,404.76190476190476,2019.0,7.0,10.68580080139641,10.68580080139641,10–25-year,C,True
AL-RF-20190223-0392,0357587400,,060300020502,8.5,2019-02-23 13:00:00+00:00,2019-02-23 19:50:00+00:00,6.833333333333333,2920.0,343.52941176470586,2019.0,5.166666666666667,5.421076258222809,5.421076258222809,5–10-year,C,False
AL-RF-20190223-0392,03575890,,060300020502,22.6,2019-02-23 13:00:00+00:00,2019-02-23 20:10:00+00:00,7.166666666666667,6270.0,277.43362831858406,2019.0,5.375,4.8058351223419935,4.8058351223419935,2–5-year,C,False
AL-RF-20190223-0392,0357591500,,060300020502,1.47,2019-02-23 13:00:00+00:00,2019-02-23 19:25:00+00:00,6.416666666666667,1340.0,911.5646258503401,2019.0,4.142857142857142,4.539103210446293,4.539103210446293,2–5-year,C,False
AL-RF-20190223-0392,03575950,,060300020503,41.8,2019-02-23 13:00:00+00:00,2019-02-23 20:30:00+00:00,7.5,8420.0,201.4354066985646,2019.0,2.571428571428571,2.8693115313882775,2.8693115313882775,2–5-year,C,True
AL-RF-20190223-0392,03575980,,060300020503,9.64,2019-02-23 13:00:00+00:00,2019-02-23 21:05:00+00:00,8.083333333333334,2480.0,257.26141078838174,2019.0,3.0,3.8486712029329277,3.8486712029329277,2–5-year,C,False
AL-RF-20190223-0392,03576250,,060300020703,119.0,2019-02-23 13:00:00+00:00,2019-02-23 22:00:00+00:00,9.0,9170.0,77.05882352941177,2019.0,2.655172413793103,2.7763347728154986,2.7763347728154986,2–5-year,,False
AL-RF-20190223-0392,03584600,,060300040402,1805.0,2019-02-23 13:00:00+00:00,2019-02-24 15:30:00+00:00,26.5,78100.0,43.26869806094183,2019.0,12.875000000000002,19.17091395299039,19.17091395299039,10–25-year,6,False
AL-RF-20190223-0392,03586500,,060300050105,166.0,2019-02-23 13:00:00+00:00,2019-02-23 08:00:00+00:00,-5.0,7630.0,45.963855421686745,2019.0,3.6363636363636362,3.1906243892927764,3.1906243892927764,2–5-year,,False
AL-RF-20190223-0392,03588500,,060300050508,348.0,2019-02-23 13:00:00+00:00,2019-02-23 19:45:00+00:00,6.75,25700.0,73.85057471264368,2019.0,3.6538461538461537,3.555469607015302,3.555469607015302,2–5-year,,False
AL-RF-20190223-0392,03590000,,060300050605,209.0,2019-02-23 13:00:00+00:00,2019-02-23 15:00:00+00:00,2.0,18500.0,88.51674641148325,2019.0,6.4,5.892722887567257,5.892722887567257,5–10-year,,False
AL-RF-20190223-0392,03592000,,060300060105,263.0,2019-02-23 13:00:00+00:00,2019-02-24 18:00:00+00:00,29.0,3650.0,13.87832699619772,2019.0,1.5416666666666665,1.5800121124252873,1.5800121124252873,<2-year,6,False
AL-RF-20190223-0392,03592500,,060300060304,667.0,2019-02-23 13:00:00+00:00,2019-02-23 12:45:00+00:00,-0.25,20700.0,31.03448275862069,2019.0,3.647058823529412,3.6302449592190795,3.6302449592190795,2–5-year,6,False
AL-RF-20190414-0393,02372755,,031403030102,0.69,2019-04-14 07:00:00+00:00,2019-04-14 12:00:00+00:00,5.0,386.0,559.4202898550725,2019.0,3.666666666666667,,3.666666666666667,2–5-year,C,True
AL-RF-20190419-0394,02418760,,031501100202,45.8,2019-04-19 10:00:00+00:00,2019-04-19 06:45:00+00:00,-3.25,3610.0,78.82096069868996,2019.0,2.3000000000000003,2.703817917180126,2.703817917180126,2–5-year,,False
AL-RF-20190419-0394,02418764,,031501100202,1.8,2019-04-19 10:00:00+00:00,2019-04-19 12:00:00+00:00,2.0,860.0,477.77777777777777,2019.0,3.0,,3.0,2–5-year,C,False
AL-RF-20190419-0394,02418770,,031501100202,2.0,2019-04-19 10:00:00+00:00,2019-04-19 12:00:00+00:00,2.0,1340.0,670.0,2019.0,2.4,,2.4,2–5-year,C,False
AL-RF-20191030-0400,02479945,,031700080501,31.48,2019-10-30 18:00:00+00:00,2019-10-30 21:00:00+00:00,3.0,2420.0,76.87420584498093,2020.0,5.142857142857142,4.990570990856583,4.990570990856583,2–5-year,2,False
AL-RF-20200206-0404,02401390,,031501060305,141.0,2020-02-06 11:00:00+00:00,2020-02-07 03:00:00+00:00,16.0,8560.0,60.709219858156025,2020.0,7.625,7.0662383795429085,7.0662383795429085,5–10-year,,False
AL-RF-20200206-0404,02423110,,031502020101,12.5,2020-02-06 11:00:00+00:00,2020-02-06 04:30:00+00:00,-6.5,1900.0,152.0,2020.0,3.25,,3.25,2–5-year,C,False
AL-RF-20200206-0404,02423130,,031502020101,19.7,2020-02-06 11:00:00+00:00,2020-02-06 05:15:00+00:00,-5.75,3710.0,188.3248730964467,2020.0,4.857142857142858,4.316646188372541,4.316646188372541,2–5-year,C,True
AL-RF-20200206-0404,02423160,,031502020101,50.8,2020-02-06 11:00:00+00:00,2020-02-06 08:30:00+00:00,-2.5,9480.0,186.61417322834646,2020.0,4.666666666666667,,4.666666666666667,2–5-year,C,False
AL-RF-20200206-0404,02423380,,031502020104,140.0,2020-02-06 11:00:00+00:00,2020-02-06 17:00:00+00:00,6.0,14100.0,100.71428571428571,2020.0,14.666666666666668,9.856065007514843,9.856065007514843,5–10-year,,True
AL-RF-20200206-0404,02423425,,031502020204,201.0,2020-02-06 11:00:00+00:00,2020-02-06 21:30:00+00:00,10.5,13600.0,67.66169154228855,2020.0,4.875,4.633572888341298,4.633572888341298,2–5-year,6,False
AL-RF-20200206-0404,02423496,,031502020204,226.0,2020-02-06 11:00:00+00:00,2020-02-07 01:15:00+00:00,14.25,12800.0,56.63716814159292,2020.0,6.166666666666666,5.923330459098693,5.923330459098693,5–10-year,,False
AL-RF-20200206-0404,02423500,,031502020204,230.0,2020-02-06 11:00:00+00:00,2020-02-07 03:15:00+00:00,16.25,12000.0,52.17391304347826,2020.0,3.7058823529411766,3.559947519275797,3.559947519275797,2–5-year,,False
AL-RF-20200206-0404,02423571,,031502020301,9.46,2020-02-06 11:00:00+00:00,2020-02-06 03:00:00+00:00,-8.0,2520.0,266.384778012685,2020.0,4.5,,4.5,2–5-year,,False
AL-RF-20200206-0404,02423586,,031502020301,27.1,2020-02-06 11:00:00+00:00,2020-02-06 07:30:00+00:00,-3.5,5030.0,185.60885608856088,2020.0,4.0,,4.0,2–5-year,C,True
AL-RF-20200206-0404,02423630,,031502020303,72.3,2020-02-06 11:00:00+00:00,2020-02-06 16:45:00+00:00,5.75,4680.0,64.73029045643153,2020.0,3.9090909090909087,2.963354019863879,2.963354019863879,2–5-year,R,True
AL-RF-20200206-0404,02449882,,031601090107,13.0,2020-02-06 11:00:00+00:00,2020-02-06 05:00:00+00:00,-6.0,2570.0,197.69230769230768,2020.0,17.0,19.658339865937762,19.658339865937762,10–25-year,,False
AL-RF-20200206-0404,02455000,,031601110208,303.0,2020-02-06 11:00:00+00:00,2020-02-06 15:15:00+00:00,4.25,22700.0,74.91749174917491,2020.0,21.25,21.92695942811591,21.92695942811591,10–25-year,,False
AL-RF-20200206-0404,02455185,,031601110204,36.1,2020-02-06 11:00:00+00:00,2020-02-06 09:15:00+00:00,-1.75,5150.0,142.65927977839334,2020.0,9.5,,9.5,5–10-year,,True
AL-RF-20200206-0404,03584600,,060300040402,1805.0,2020-02-06 11:00:00+00:00,2020-02-07 19:30:00+00:00,32.5,41900.0,23.213296398891966,2020.0,2.861111111111111,3.0073452835070738,3.0073452835070738,2–5-year,6,False
AL-RF-20200213-0405,02407000,,031501070301,8392.0,2020-02-13 11:00:00+00:00,2020-02-11 19:45:00+00:00,-39.25,99600.0,11.868446139180172,2020.0,5.647058823529411,4.877626656245212,4.877626656245212,2–5-year,,True
AL-RF-20200213-0405,02407514,,031501070205,142.0,2020-02-13 11:00:00+00:00,2020-02-11 21:15:00+00:00,-37.75,5450.0,38.38028169014085,2020.0,4.75,,4.75,2–5-year,,False
AL-RF-20200213-0405,0242354650,,031502020202,14.3,2020-02-13 11:00:00+00:00,2020-02-10 21:30:00+00:00,-61.5,586.0,40.97902097902098,2020.0,2.0,,2.0,2–5-year,,False
AL-RF-20200213-0405,0242354750,,031502020202,25.6,2020-02-13 11:00:00+00:00,2020-02-11 02:00:00+00:00,-57.0,1450.0,56.640625,2020.0,2.3333333333333335,2.6019486661686337,2.6019486661686337,2–5-year,C,True
AL-RF-20200213-0405,02423647,,031502020407,593.0,2020-02-13 11:00:00+00:00,2020-02-11 19:30:00+00:00,-39.5,27400.0,46.20573355817875,2020.0,2.833333333333333,,2.833333333333333,2–5-year,,False
AL-RF-20200213-0405,02444160,,031601060502,5750.0,2020-02-13 11:00:00+00:00,2020-02-13 16:00:00+00:00,5.0,132000.0,22.956521739130434,2020.0,22.5,13.431851189492313,13.431851189492313,10–25-year,,False
AL-RF-20200213-0405,02446500,,031601070302,528.0,2020-02-13 11:00:00+00:00,2020-02-14 16:00:00+00:00,29.0,11000.0,20.833333333333332,2020.0,2.7666666666666666,2.9727048010392068,2.9727048010392068,2–5-year,,False
AL-RF-20200213-0405,02448500,,031601081101,1097.0,2020-02-13 11:00:00+00:00,2020-02-13 21:00:00+00:00,10.0,30900.0,28.167730173199637,2020.0,11.857142857142858,11.458042765125743,11.458042765125743,10–25-year,,False
AL-RF-20200213-0405,02448900,,031601081005,158.0,2020-02-13 11:00:00+00:00,2020-02-11 16:30:00+00:00,-42.5,12300.0,77.84810126582279,2020.0,5.0,5.292120505552732,5.292120505552732,5–10-year,,False
AL-RF-20200213-0405,02462000,,031601120104,148.0,2020-02-13 11:00:00+00:00,2020-02-11 03:15:00+00:00,-55.75,8750.0,59.12162162162162,2020.0,3.3181818181818183,2.7378240987954765,2.7378240987954765,2–5-year,,True
AL-RF-20200213-0405,02465000,,031601130201,4820.0,2020-02-13 11:00:00+00:00,2020-02-11 14:45:00+00:00,-44.25,170000.0,35.26970954356847,2020.0,6.0,5.997872866254672,5.997872866254672,5–10-year,,False
AL-RF-20200213-0405,02465493,,031601130302,32.3,2020-02-13 11:00:00+00:00,2020-02-10 17:00:00+00:00,-66.0,2340.0,72.44582043343654,2020.0,12.250000000000002,13.745059877971435,13.745059877971435,10–25-year,,False
AL-RF-20200213-0405,03590000,,060300050605,209.0,2020-02-13 11:00:00+00:00,2020-02-13 10:30:00+00:00,-0.5,9940.0,47.55980861244019,2020.0,1.7777777777777777,2.0606563649062823,2.0606563649062823,2–5-year,,False
AL-RF-20200213-0405,03592000,,060300060105,263.0,2020-02-13 11:00:00+00:00,2020-02-13 21:00:00+00:00,10.0,4750.0,18.06083650190114,2020.0,2.642857142857143,2.1649021188154367,2.1649021188154367,2–5-year,6,False
AL-RF-20200413-0409,02398300,,031501050605,366.0,2020-04-13 04:00:00+00:00,2020-04-14 14:30:00+00:00,34.5,13700.0,37.431693989071036,2020.0,7.166666666666667,5.8185685263394475,5.8185685263394475,5–10-year,,True
AL-RF-20200413-0409,02399200,,031501050806,199.0,2020-04-13 04:00:00+00:00,2020-04-13 04:30:00+00:00,0.5,37600.0,188.94472361809045,2020.0,14.2,23.64751033000215,23.64751033000215,10–25-year,,False
AL-RF-20200413-0409,02400680,,031501060101,55.4,2020-04-13 04:00:00+00:00,2020-04-13 04:30:00+00:00,0.5,6320.0,114.07942238267148,2020.0,24.0,1000000.0,1000000.0,>500-year,,False
AL-RF-20200413-0409,02401000,,031501060104,182.0,2020-04-13 04:00:00+00:00,2020-04-14 06:30:00+00:00,26.5,11400.0,62.637362637362635,2020.0,12.5,12.419967147938763,12.419967147938763,10–25-year,,False
AL-RF-20200413-0409,02450180,,031601090205,487.0,2020-04-13 04:00:00+00:00,2020-04-13 17:15:00+00:00,13.25,24800.0,50.92402464065709,2020.0,3.357142857142857,3.813713786610594,3.813713786610594,2–5-year,,False
AL-RF-20200413-0409,02450250,,031601100103,92.1,2020-04-13 04:00:00+00:00,2020-04-13 01:45:00+00:00,-2.25,9670.0,104.99457111834963,2020.0,4.285714285714286,4.349290057810836,4.349290057810836,2–5-year,,False
AL-RF-20200413-0409,02455980,,031601110306,27.4,2020-04-13 04:00:00+00:00,2020-04-12 23:30:00+00:00,-4.5,4160.0,151.82481751824818,2020.0,3.083333333333333,2.748096150276992,2.748096150276992,2–5-year,C,False
AL-RF-20200413-0409,02456000,,031601110307,80.9,2020-04-13 04:00:00+00:00,2020-04-13 03:45:00+00:00,-0.25,8500.0,105.06798516687267,2020.0,3.176470588235294,3.10825467314516,3.10825467314516,2–5-year,,False
AL-RF-20200413-0409,02457595,,031601110406,51.9,2020-04-13 04:00:00+00:00,2020-04-13 00:00:00+00:00,-4.0,7960.0,153.3718689788054,2020.0,3.166666666666667,3.507045523959528,3.507045523959528,2–5-year,,False
AL-RF-20200413-0409,02457704,,031601110407,96.9,2020-04-13 04:00:00+00:00,2020-04-13 06:30:00+00:00,2.5,11300.0,116.61506707946336,2020.0,2.0,,2.0,2–5-year,,True
AL-RF-20200413-0409,02458148,,031601110408,4.1,2020-04-13 04:00:00+00:00,2020-04-12 22:00:00+00:00,-6.0,1330.0,324.39024390243907,2020.0,3.5,2.6137077545213403,2.6137077545213403,2–5-year,C,False
AL-RF-20200413-0409,02458190,,031601110408,3.35,2020-04-13 04:00:00+00:00,2020-04-12 22:00:00+00:00,-6.0,2010.0,600.0,2020.0,3.666666666666667,,3.666666666666667,2–5-year,C,False
AL-RF-20200413-0409,02461192,,031601120101,13.524,2020-04-13 04:00:00+00:00,2020-04-12 22:10:00+00:00,-5.833333333333333,2310.0,170.8074534161491,2020.0,1.2,,1.2,<2-year,C,False
AL-RF-20200413-0409,02461405,,031601120101,30.0,2020-04-13 04:00:00+00:00,2020-04-13 03:00:00+00:00,-1.0,4500.0,150.0,2020.0,2.6666666666666665,,2.6666666666666665,2–5-year,C,True
AL-RF-20200413-0409,02464000,,031601120408,223.0,2020-04-13 04:00:00+00:00,2020-04-13 11:45:00+00:00,7.75,10100.0,45.2914798206278,2020.0,3.7083333333333335,3.105068286478845,3.105068286478845,2–5-year,,False
AL-RF-20200413-0409,03572690,,060300010503,44.1,2020-04-13 04:00:00+00:00,2020-04-13 00:30:00+00:00,-3.5,8340.0,189.1156462585034,2020.0,8.0,,8.0,5–10-year,,False
AL-RF-20200413-0409,03572900,,060300010703,141.0,2020-04-13 04:00:00+00:00,2020-04-13 02:15:00+00:00,-1.75,20100.0,142.5531914893617,2020.0,16.5,20.475017355497943,20.475017355497943,10–25-year,,False
AL-RF-20200413-0409,03574100,,060300020103,44.9,2020-04-13 04:00:00+00:00,2020-04-13 01:00:00+00:00,-3.0,4350.0,96.88195991091314,2020.0,3.666666666666667,,3.666666666666667,2–5-year,"2,R",True
AL-RF-20200413-0409,03574500,,060300020203,320.0,2020-04-13 04:00:00+00:00,2020-04-14 01:00:00+00:00,21.0,15500.0,48.4375,2020.0,1.784313725490196,1.8419502027670842,1.8419502027670842,<2-year,,True
AL-RF-20200413-0409,03575272,,060300020404,2.73,2020-04-13 04:00:00+00:00,2020-04-12 20:20:00+00:00,-7.666666666666667,1460.0,534.7985347985348,2020.0,3.5999999999999996,,3.5999999999999996,2–5-year,C,False
AL-RF-20200413-0409,0357568650,,060300020903,1.41,2020-04-13 04:00:00+00:00,2020-04-12 19:50:00+00:00,-8.166666666666666,1160.0,822.6950354609929,2020.0,7.5,6.984982363997164,6.984982363997164,5–10-year,C,False
AL-RF-20200413-0409,0357568980,,060300020903,6.97,2020-04-13 04:00:00+00:00,2020-04-12 20:45:00+00:00,-7.25,2190.0,314.20373027259683,2020.0,5.166666666666667,5.594811266883053,5.594811266883053,5–10-year,,False
AL-RF-20200413-0409,03575700,,060300020903,14.1,2020-04-13 04:00:00+00:00,2020-04-12 20:25:00+00:00,-7.583333333333333,3810.0,270.21276595744683,2020.0,6.833333333333334,6.009900168154407,6.009900168154407,5–10-year,C,False
AL-RF-20200413-0409,03576500,,060300021007,86.3,2020-04-13 04:00:00+00:00,2020-04-13 08:30:00+00:00,4.5,15400.0,178.44727694090383,2020.0,14.0,16.124612574940134,16.124612574940134,10–25-year,,False
AL-RF-20200420-0410,02339495,,031300020903,86.4,2020-04-20 09:00:00+00:00,2020-04-20 12:00:00+00:00,3.0,4670.0,54.050925925925924,2020.0,4.5,,4.5,2–5-year,,True
AL-RF-20200420-0410,02339500,,031300020908,3550.0,2020-04-20 09:00:00+00:00,2020-04-21 16:15:00+00:00,31.25,32700.0,9.211267605633802,2020.0,1.8450704225352113,1.7918574449678686,1.7918574449678686,<2-year,6,True
AL-RF-20200420-0410,02341460,,031300030304,4630.0,2020-04-20 09:00:00+00:00,2020-04-20 07:00:00+00:00,-2.0,66800.0,14.427645788336934,2020.0,2.5999999999999996,,2.5999999999999996,2–5-year,6,False
AL-RF-20200420-0410,02342500,,031300030505,322.0,2020-04-20 09:00:00+00:00,2020-04-20 22:00:00+00:00,13.0,19600.0,60.869565217391305,2020.0,8.0,7.097050632222014,7.097050632222014,5–10-year,,False
AL-RF-20200420-0410,02408150,,031501070802,35.7,2020-04-20 09:00:00+00:00,2020-04-19 22:30:00+00:00,-10.5,6750.0,189.07563025210084,2020.0,11.0,,11.0,10–25-year,2,True
AL-RF-20200420-0410,02408540,,031501070708,263.0,2020-04-20 09:00:00+00:00,2020-04-19 21:30:00+00:00,-11.5,20200.0,76.80608365019012,2020.0,6.571428571428571,6.675001241356408,6.675001241356408,5–10-year,,False
AL-RF-20200420-0410,02418230,,031501100102,71.3,2020-04-20 09:00:00+00:00,2020-04-20 07:45:00+00:00,-1.25,9050.0,126.92847124824685,2020.0,13.0,15.693892297018609,15.693892297018609,10–25-year,,False
AL-RF-20200420-0410,02418760,,031501100202,45.8,2020-04-20 09:00:00+00:00,2020-04-19 22:45:00+00:00,-10.25,7490.0,163.53711790393015,2020.0,7.666666666666667,9.67275080882969,9.67275080882969,5–10-year,,False
AL-RF-20200420-0410,02418764,,031501100202,1.8,2020-04-20 09:00:00+00:00,2020-04-19 12:00:00+00:00,-21.0,888.0,493.3333333333333,2020.0,6.0,,6.0,5–10-year,C,False
AL-RF-20200420-0410,02418770,,031501100202,2.0,2020-04-20 09:00:00+00:00,2020-04-19 12:00:00+00:00,-21.0,1580.0,790.0,2020.0,4.0,,4.0,2–5-year,C,False
AL-RF-20200420-0410,02419000,,031501100302,333.0,2020-04-20 09:00:00+00:00,2020-04-21 01:00:00+00:00,16.0,13900.0,41.74174174174174,2020.0,3.954545454545454,3.663990943586123,3.663990943586123,2–5-year,,False
AL-RF-20200420-0410,02422500,,031502011006,203.0,2020-04-20 09:00:00+00:00,2020-04-20 11:30:00+00:00,2.5,13600.0,66.99507389162562,2020.0,12.571428571428571,10.596425321200087,10.596425321200087,10–25-year,2,False
AL-RF-20200609-0414,02471078,,031602050104,16.5,2020-06-09 22:00:00+00:00,2020-06-08 06:30:00+00:00,-39.5,934.0,56.60606060606061,2020.0,1.391304347826087,1.324075890277983,1.324075890277983,<2-year,,False
AL-RF-20200609-0414,02479980,,031700080502,8.08,2020-06-09 22:00:00+00:00,2020-06-08 01:30:00+00:00,-44.5,551.0,68.1930693069307,2020.0,1.7999999999999998,1.6968040993609752,1.6968040993609752,<2-year,,False
AL-RF-20200609-0414,02480002,,031700080502,8.22,2020-06-09 22:00:00+00:00,2020-06-08 02:30:00+00:00,-43.5,499.0,60.70559610705595,2020.0,1.44,1.4137168511760019,1.4137168511760019,<2-year,C,True
AL-RF-20200916-0422,02361000,,031402010602,686.0,2020-09-16 11:00:00+00:00,2020-09-18 22:15:00+00:00,59.25,14700.0,21.428571428571427,2020.0,5.5,4.4192906989574405,4.4192906989574405,2–5-year,,False
AL-RF-20200916-0422,02361500,,031402011202,1280.0,2020-09-16 11:00:00+00:00,2020-09-18 02:30:00+00:00,39.5,19300.0,15.078125,2020.0,3.0,3.457116698861491,3.457116698861491,2–5-year,,False
AL-RF-20200916-0422,02362240,,031402011101,21.4,2020-09-16 11:00:00+00:00,2020-09-16 16:00:00+00:00,5.0,2850.0,133.17757009345794,2020.0,5.142857142857142,5.071450889428767,5.071450889428767,5–10-year,,False
AL-RF-20200916-0422,02363000,,031402020504,498.0,2020-09-16 11:00:00+00:00,2020-09-18 08:00:00+00:00,45.0,27200.0,54.618473895582326,2020.0,17.8,19.50312870074774,19.50312870074774,10–25-year,,False
AL-RF-20200916-0422,02363225,,031402020401,1.2,2020-09-16 11:00:00+00:00,2020-09-16 12:00:00+00:00,1.0,835.0,695.8333333333334,2020.0,5.5,,5.5,5–10-year,C,False
AL-RF-20200916-0422,02364500,,031402020610,1182.0,2020-09-16 11:00:00+00:00,2020-09-21 00:15:00+00:00,109.25,17200.0,14.551607445008461,2020.0,4.866666666666667,4.413883114598959,4.413883114598959,2–5-year,,False
AL-RF-20200916-0422,02365200,,031402030105,3209.0,2020-09-16 11:00:00+00:00,2020-09-18 15:00:00+00:00,52.0,45400.0,14.147709566843254,2020.0,4.714285714285714,6.034515726472972,6.034515726472972,5–10-year,,False
AL-RF-20200916-0422,02367900,,031401030403,510.0,2020-09-16 11:00:00+00:00,2020-09-18 03:45:00+00:00,40.75,18900.0,37.05882352941177,2020.0,13.5,16.102153772380873,16.102153772380873,10–25-year,,False
AL-RF-20200916-0422,02369800,,031401040104,87.7,2020-09-16 11:00:00+00:00,2020-09-17 00:00:00+00:00,13.0,20000.0,228.05017103762827,2020.0,59.0,73.4058022004537,73.4058022004537,50–100-year,2,False
AL-RF-20200916-0422,02371050,,031403010204,1.05,2020-09-16 11:00:00+00:00,2020-09-16 12:00:00+00:00,1.0,988.0,940.952380952381,2020.0,11.0,,11.0,10–25-year,C,True
AL-RF-20200916-0422,02371500,,031403010401,500.0,2020-09-16 11:00:00+00:00,2020-09-19 05:00:00+00:00,66.0,13100.0,26.2,2020.0,5.0,6.358397026825895,6.358397026825895,5–10-year,,False
AL-RF-20200916-0422,02372250,,031403020501,442.0,2020-09-16 11:00:00+00:00,2020-09-18 00:30:00+00:00,37.5,6750.0,15.271493212669684,2020.0,2.125,2.1928754766900656,2.1928754766900656,2–5-year,,False
AL-RF-20200916-0422,02372430,,031403010501,1277.0,2020-09-16 11:00:00+00:00,2020-09-16 23:15:00+00:00,12.25,21200.0,16.601409553641346,2020.0,5.333333333333333,,5.333333333333333,5–10-year,,False
AL-RF-20200916-0422,02374250,,031403040506,2661.0,2020-09-16 11:00:00+00:00,2020-09-17 18:00:00+00:00,31.0,38700.0,14.543404735062007,2020.0,7.0,7.006003397497485,7.006003397497485,5–10-year,,False
AL-RF-20200916-0422,02374500,,031403040107,176.0,2020-09-16 11:00:00+00:00,2020-09-17 11:15:00+00:00,24.25,2800.0,15.909090909090908,2020.0,1.6666666666666667,1.7101205226570262,1.7101205226570262,<2-year,,False
AL-RF-20200916-0422,02374700,,031403040404,435.0,2020-09-16 11:00:00+00:00,2020-09-17 06:00:00+00:00,19.0,20900.0,48.04597701149425,2020.0,14.0,17.714081270517593,17.714081270517593,10–25-year,,True
AL-RF-20200916-0422,02374745,,031403040305,182.0,2020-09-16 11:00:00+00:00,2020-09-16 21:15:00+00:00,10.25,10900.0,59.89010989010989,2020.0,9.333333333333334,11.167812225409406,11.167812225409406,10–25-year,,False
AL-RF-20200916-0422,02374950,,031403050206,193.0,2020-09-16 11:00:00+00:00,2020-09-16 18:00:00+00:00,7.0,4960.0,25.699481865284973,2020.0,2.888888888888889,2.4549260564919257,2.4549260564919257,2–5-year,,False
AL-RF-20200916-0422,02375000,,031403050302,330.0,2020-09-16 11:00:00+00:00,2020-09-17 00:00:00+00:00,13.0,11900.0,36.06060606060606,2020.0,6.0,4.69592053266612,4.69592053266612,2–5-year,,False
AL-RF-20200916-0422,02375500,,031403050402,3817.0,2020-09-16 11:00:00+00:00,2020-09-18 05:30:00+00:00,42.5,45800.0,11.998952056588944,2020.0,3.321428571428571,3.0625766591143964,3.0625766591143964,2–5-year,,True
AL-RF-20200916-0422,02376293,,031401060302,26.5,2020-09-16 11:00:00+00:00,2020-09-16 14:15:00+00:00,3.25,5710.0,215.47169811320754,2020.0,9.0,16.549344107820183,16.549344107820183,10–25-year,,False
AL-RF-20200916-0422,02376500,,031401060403,394.0,2020-09-16 11:00:00+00:00,2020-09-16 20:00:00+00:00,9.0,24400.0,61.92893401015228,2020.0,17.2,16.579174939867677,16.579174939867677,10–25-year,,False
AL-RF-20200916-0422,02377570,,031401060506,192.0,2020-09-16 11:00:00+00:00,2020-09-16 17:00:00+00:00,6.0,33300.0,173.4375,2020.0,19.5,25.547061419959494,25.547061419959494,25–50-year,2,False
AL-RF-20200916-0422,02378170,,031401070201,4.98,2020-09-16 11:00:00+00:00,2020-09-16 04:30:00+00:00,-6.5,5770.0,1158.6345381526103,2020.0,8.5,,8.5,5–10-year,,False
AL-RF-20200916-0422,02378300,,031602050203,16.6,2020-09-16 11:00:00+00:00,2020-09-16 07:00:00+00:00,-4.0,15600.0,939.7590361445782,2020.0,13.5,26.499996183394128,26.499996183394128,25–50-year,,False
AL-RF-20200916-0422,02378500,,031602050201,55.3,2020-09-16 11:00:00+00:00,2020-09-16 13:00:00+00:00,2.0,12800.0,231.46473779385173,2020.0,18.666666666666668,21.36764652909002,21.36764652909002,10–25-year,,False
AL-RF-20200916-0422,02378780,,031602040505,,2020-09-16 11:00:00+00:00,2020-09-16 07:00:00+00:00,-4.0,2480.0,,2020.0,4.0,,4.0,2–5-year,,False
AL-RF-20200916-0422,02378790,,031602040505,,2020-09-16 11:00:00+00:00,2020-09-16 06:30:00+00:00,-4.5,2210.0,,2020.0,4.0,,4.0,2–5-year,,False
AL-RF-20200916-0422,02419845,,031501100904,7.1,2020-09-16 11:00:00+00:00,2020-09-16 12:00:00+00:00,1.0,1030.0,145.07042253521126,2020.0,1.7142857142857142,,1.7142857142857142,<2-year,C,True
AL-RF-20200916-0422,02419875,,031501100905,2.7,2020-09-16 11:00:00+00:00,2020-09-16 12:00:00+00:00,1.0,620.0,229.62962962962962,2020.0,1.3333333333333333,,1.3333333333333333,<2-year,C,False
AL-RF-20200916-0422,02420495,,031502010203,1.2,2020-09-16 11:00:00+00:00,2020-09-16 12:00:00+00:00,1.0,161.0,134.16666666666669,2020.0,1.375,,1.375,<2-year,C,False
AL-RF-20210316-0426,03572690,,060300010503,44.1,2021-03-16 11:00:00+00:00,2021-03-18 00:45:00+00:00,37.75,3980.0,90.24943310657596,2021.0,2.0,,2.0,2–5-year,,False
AL-RF-20210316-0426,03574100,,060300020103,44.9,2021-03-16 11:00:00+00:00,2021-03-18 02:15:00+00:00,39.25,4900.0,109.1314031180401,2021.0,11.0,,11.0,10–25-year,2,True
AL-RF-20210316-0426,03574500,,060300020203,320.0,2021-03-16 11:00:00+00:00,2021-03-18 23:00:00+00:00,60.0,22600.0,70.625,2021.0,3.5,3.6920726134786785,3.6920726134786785,2–5-year,,True
AL-RF-20210316-0426,03575272,,060300020404,2.73,2021-03-16 11:00:00+00:00,2021-03-17 19:35:00+00:00,32.583333333333336,1870.0,684.981684981685,2021.0,18.0,,18.0,10–25-year,C,False
AL-RF-20210316-0426,0357568650,,060300020903,1.41,2021-03-16 11:00:00+00:00,2021-03-17 21:10:00+00:00,34.166666666666664,1030.0,730.4964539007093,2021.0,6.0,5.2830250369736085,5.2830250369736085,5–10-year,C,False
AL-RF-20210316-0426,0357568980,,060300020903,6.97,2021-03-16 11:00:00+00:00,2021-03-17 21:35:00+00:00,34.583333333333336,2350.0,337.15925394548066,2021.0,6.2,6.5620242497196015,6.5620242497196015,5–10-year,C,False
AL-RF-20210316-0426,03575700,,060300020903,14.1,2021-03-16 11:00:00+00:00,2021-03-17 19:45:00+00:00,32.75,4170.0,295.74468085106383,2021.0,8.200000000000001,7.511192695065859,7.511192695065859,5–10-year,C,False
AL-RF-20210316-0426,03576148,,060300020605,136.0,2021-03-16 11:00:00+00:00,2021-03-18 07:00:00+00:00,44.0,14400.0,105.88235294117646,2021.0,7.333333333333334,10.020381976849126,10.020381976849126,10–25-year,,False
AL-RF-20210316-0426,03576500,,060300021007,86.3,2021-03-16 11:00:00+00:00,2021-03-18 04:15:00+00:00,41.25,13300.0,154.1135573580533,2021.0,10.5,10.948429211300782,10.948429211300782,10–25-year,2,False
AL-RF-20210316-0426,03590000,,060300050605,209.0,2021-03-16 11:00:00+00:00,2021-03-18 01:45:00+00:00,38.75,13900.0,66.50717703349282,2021.0,4.0,3.3457602021378605,3.3457602021378605,2–5-year,,False
AL-RF-20210326-0427,02397530,,031501050206,4362.0,2021-03-26 07:00:00+00:00,2021-03-26 17:30:00+00:00,10.5,49500.0,11.348005502063273,2021.0,3.25,,3.25,2–5-year,6,False
AL-RF-20210326-0427,02398300,,031501050605,366.0,2021-03-26 07:00:00+00:00,2021-03-26 11:00:00+00:00,4.0,11400.0,31.147540983606557,2021.0,3.307692307692308,3.564851412802211,3.564851412802211,2–5-year,,True
AL-RF-20210326-0427,02400100,,031501050909,252.0,2021-03-26 07:00:00+00:00,2021-03-26 03:30:00+00:00,-3.5,8990.0,35.67460317460318,2021.0,4.266666666666667,3.22252523395454,3.22252523395454,2–5-year,,True
AL-RF-20210326-0427,02455000,,031601110208,303.0,2021-03-26 07:00:00+00:00,2021-03-26 04:15:00+00:00,-2.75,19300.0,63.696369636963695,2021.0,10.625,11.032855447781483,11.032855447781483,10–25-year,,False
AL-RF-20210326-0427,02455980,,031601110306,27.4,2021-03-26 07:00:00+00:00,2021-03-25 18:00:00+00:00,-13.0,4660.0,170.07299270072994,2021.0,3.6999999999999997,3.3221591417901246,3.3221591417901246,2–5-year,C,False
AL-RF-20210326-0427,02456000,,031601110307,80.9,2021-03-26 07:00:00+00:00,2021-03-25 21:45:00+00:00,-9.25,9840.0,121.63164400494436,2021.0,4.153846153846154,4.505766640719924,4.505766640719924,2–5-year,,False
AL-RF-20210326-0427,02456500,,031601110404,885.0,2021-03-26 07:00:00+00:00,2021-03-27 06:00:00+00:00,23.0,32900.0,37.175141242937855,2021.0,4.526315789473684,4.6878185598930004,4.6878185598930004,2–5-year,,False
AL-RF-20210326-0427,02457704,,031601110407,96.9,2021-03-26 07:00:00+00:00,2021-03-25 22:45:00+00:00,-8.25,14100.0,145.5108359133127,2021.0,6.0,,6.0,5–10-year,,True
AL-RF-20210424-0432,02365200,,031402030105,3209.0,2021-04-24 10:00:00+00:00,2021-04-27 05:45:00+00:00,67.75,18000.0,5.609224057338735,2021.0,1.32,1.3052547892811481,1.3052547892811481,<2-year,,False
AL-RF-20210505-0433,02406500,,031501060703,150.0,2021-05-05 00:00:00+00:00,2021-05-05 11:30:00+00:00,11.5,6290.0,41.93333333333333,2021.0,2.32258064516129,2.441165610141893,2.441165610141893,2–5-year,,False
AL-RF-20210505-0433,02406930,,031501070104,16.5,2021-05-05 00:00:00+00:00,2021-05-04 20:00:00+00:00,-4.0,1760.0,106.66666666666667,2021.0,7.5,,7.5,5–10-year,,False
AL-RF-20210505-0433,02407514,,031501070205,142.0,2021-05-05 00:00:00+00:00,2021-05-04 23:30:00+00:00,-0.5,4420.0,31.12676056338028,2021.0,2.111111111111111,,2.111111111111111,2–5-year,,False
AL-RF-20210505-0433,02408540,,031501070708,263.0,2021-05-05 00:00:00+00:00,2021-05-05 03:30:00+00:00,3.5,11200.0,42.58555133079848,2021.0,2.3000000000000003,2.2647004035968665,2.2647004035968665,2–5-year,,False
AL-RF-20210505-0433,02415000,,031501090405,190.0,2021-05-05 00:00:00+00:00,2021-05-05 05:15:00+00:00,5.25,14200.0,74.73684210526316,2021.0,7.0,8.591248587516107,8.591248587516107,5–10-year,2,False
AL-RF-20210505-0433,02419890,,031501100905,4646.0,2021-05-05 00:00:00+00:00,2021-05-06 23:15:00+00:00,47.25,31900.0,6.866121394748171,2021.0,1.631578947368421,1.4601811434488903,1.4601811434488903,<2-year,,False
AL-RF-20210505-0433,02423380,,031502020104,140.0,2021-05-05 00:00:00+00:00,2021-05-04 21:00:00+00:00,-3.0,10200.0,72.85714285714286,2021.0,2.9333333333333336,3.428893433577042,3.428893433577042,2–5-year,,True
AL-RF-20210505-0433,02423397,,031502020103,17.0,2021-05-05 00:00:00+00:00,2021-05-04 19:45:00+00:00,-4.25,2480.0,145.88235294117646,2021.0,3.2222222222222223,2.7397604350457367,2.7397604350457367,2–5-year,C,False
AL-RF-20210505-0433,02423400,,031502020103,24.4,2021-05-05 00:00:00+00:00,2021-05-04 22:45:00+00:00,-1.25,2250.0,92.21311475409837,2021.0,2.909090909090909,3.0571715888548776,3.0571715888548776,2–5-year,C,False
AL-RF-20210505-0433,02423414,,031502020103,47.0,2021-05-05 00:00:00+00:00,2021-05-05 02:00:00+00:00,2.0,2440.0,51.91489361702128,2021.0,5.5,4.913920707319289,4.913920707319289,2–5-year,6,False
AL-RF-20210505-0433,02423425,,031502020204,201.0,2021-05-05 00:00:00+00:00,2021-05-05 03:00:00+00:00,3.0,10200.0,50.74626865671642,2021.0,2.2941176470588234,2.3465901338693715,2.3465901338693715,2–5-year,6,False
AL-RF-20210505-0433,02423496,,031502020204,226.0,2021-05-05 00:00:00+00:00,2021-05-05 08:45:00+00:00,8.75,9480.0,41.94690265486726,2021.0,2.4666666666666663,2.115839279656399,2.115839279656399,2–5-year,2,False
AL-RF-20210505-0433,02423500,,031502020204,230.0,2021-05-05 00:00:00+00:00,2021-05-05 08:15:00+00:00,8.25,9850.0,42.82608695652174,2021.0,2.625,2.443801587473933,2.443801587473933,2–5-year,,False
AL-RF-20210505-0433,0242354750,,031502020202,25.6,2021-05-05 00:00:00+00:00,2021-05-04 23:45:00+00:00,-0.25,2130.0,83.203125,2021.0,9.333333333333334,7.89847923020587,7.89847923020587,5–10-year,C,True
AL-RF-20210505-0433,02423555,,031502020206,335.0,2021-05-05 00:00:00+00:00,2021-05-05 07:00:00+00:00,7.0,19200.0,57.3134328358209,2021.0,4.5,5.705122647499982,5.705122647499982,5–10-year,,False
AL-RF-20210505-0433,02423571,,031502020301,9.46,2021-05-05 00:00:00+00:00,2021-05-04 12:45:00+00:00,-11.25,2490.0,263.2135306553911,2021.0,3.0,,3.0,2–5-year,,False
AL-RF-20210505-0433,02423586,,031502020301,27.1,2021-05-05 00:00:00+00:00,2021-05-04 17:45:00+00:00,-6.25,7230.0,266.78966789667896,2021.0,8.0,,8.0,5–10-year,C,True
AL-RF-20210505-0433,02423647,,031502020407,593.0,2021-05-05 00:00:00+00:00,2021-05-04 23:45:00+00:00,-0.25,27500.0,46.3743676222597,2021.0,3.4,,3.4,2–5-year,,False
AL-RF-20210505-0433,02458148,,031601110408,4.1,2021-05-05 00:00:00+00:00,2021-05-04 12:45:00+00:00,-11.25,1060.0,258.5365853658537,2021.0,1.6153846153846154,1.574113446887188,1.574113446887188,<2-year,C,False
AL-RF-20210505-0433,02461130,,031601120101,7.0,2021-05-05 00:00:00+00:00,2021-05-04 12:25:00+00:00,-11.583333333333334,3990.0,570.0,2021.0,3.25,,3.25,2–5-year,C,True
AL-RF-20210620-0438,02376293,,031401060302,26.5,2021-06-20 03:00:00+00:00,2021-06-19 16:15:00+00:00,-10.75,1800.0,67.9245283018868,2021.0,2.4545454545454546,2.2186550716782545,2.2186550716782545,2–5-year,,False
AL-RF-20210620-0438,02399200,,031501050806,199.0,2021-06-20 03:00:00+00:00,2021-06-20 02:15:00+00:00,-0.75,29900.0,150.25125628140702,2021.0,8.875,10.373575850333417,10.373575850333417,10–25-year,,False
AL-RF-20210620-0438,02400680,,031501060101,55.4,2021-06-20 03:00:00+00:00,2021-06-20 00:00:00+00:00,-3.0,3660.0,66.06498194945848,2021.0,6.0,5.3567199414198905,5.3567199414198905,5–10-year,,False
AL-RF-20210620-0438,02401390,,031501060305,141.0,2021-06-20 03:00:00+00:00,2021-06-22 22:00:00+00:00,67.0,6830.0,48.43971631205674,2021.0,3.0500000000000003,2.8111454455689526,2.8111454455689526,2–5-year,,False
AL-RF-20210620-0438,02455185,,031601110204,36.1,2021-06-20 03:00:00+00:00,2021-06-22 02:30:00+00:00,47.5,4060.0,112.46537396121883,2021.0,3.8000000000000003,,3.8000000000000003,2–5-year,,True
AL-RF-20210620-0438,02457595,,031601110406,51.9,2021-06-20 03:00:00+00:00,2021-06-20 00:15:00+00:00,-2.75,9460.0,182.27360308285165,2021.0,4.75,5.293204045622158,5.293204045622158,5–10-year,2,False
AL-RF-20210620-0438,02458450,,031601110408,33.5,2021-06-20 03:00:00+00:00,2021-06-20 02:27:00+00:00,-0.55,6570.0,196.11940298507463,2021.0,20.5,21.621323465978616,21.621323465978616,10–25-year,C,False
AL-RF-20210620-0438,02458502,,031601110408,36.7,2021-06-20 03:00:00+00:00,2021-06-20 02:07:00+00:00,-0.8833333333333333,6620.0,180.38147138964575,2021.0,21.0,33.465831439099546,33.465831439099546,25–50-year,C,False
AL-RF-20210620-0438,02458600,,031601110408,52.2,2021-06-20 03:00:00+00:00,2021-06-20 04:45:00+00:00,1.75,5930.0,113.6015325670498,2021.0,4.285714285714286,5.684300127657122,5.684300127657122,5–10-year,C,False
AL-RF-20210620-0438,02461192,,031601120101,13.524,2021-06-20 03:00:00+00:00,2021-06-19 21:45:00+00:00,-5.25,2360.0,174.50458444247266,2021.0,1.5,,1.5,<2-year,C,False
AL-RF-20210620-0438,02461405,,031601120101,30.0,2021-06-20 03:00:00+00:00,2021-06-20 03:00:00+00:00,0.0,4950.0,165.0,2021.0,8.0,,8.0,5–10-year,C,True
AL-RF-20210620-0438,02465292,,031601130203,10.7,2021-06-20 03:00:00+00:00,2021-06-19 20:15:00+00:00,-6.75,6700.0,626.1682242990655,2021.0,23.0,28.744188234671157,28.744188234671157,25–50-year,C,False
AL-RF-20210620-0438,03572900,,060300010703,141.0,2021-06-20 03:00:00+00:00,2021-06-20 02:15:00+00:00,-0.75,17900.0,126.95035460992908,2021.0,11.0,12.371143394623392,12.371143394623392,10–25-year,R,False
AL-RF-20210817-0440,02338523,,031300020601,16.8,2021-08-17 04:00:00+00:00,2021-08-17 09:00:00+00:00,5.0,2240.0,133.33333333333331,2021.0,6.666666666666667,,6.666666666666667,5–10-year,,True
AL-RF-20210830-0441,02376500,,031401060403,394.0,2021-08-30 17:00:00+00:00,2021-09-01 18:00:00+00:00,49.0,8270.0,20.98984771573604,2021.0,2.3243243243243246,2.2191207330473057,2.2191207330473057,2–5-year,,False
AL-RF-20210830-0441,02448900,,031601081005,158.0,2021-08-30 17:00:00+00:00,2021-08-31 12:30:00+00:00,19.5,11600.0,73.41772151898734,2021.0,4.375,4.439984652331015,4.439984652331015,2–5-year,,False
AL-RF-20210830-0441,02471001,,031602040303,125.0,2021-08-30 17:00:00+00:00,2021-08-31 06:30:00+00:00,13.5,8300.0,66.4,2021.0,5.692307692307692,5.047690867820992,5.047690867820992,5–10-year,,False
AL-RF-20210830-0441,02471078,,031602050104,16.5,2021-08-30 17:00:00+00:00,2021-08-30 19:15:00+00:00,2.25,974.0,59.03030303030303,2021.0,1.6,1.3559755541235985,1.3559755541235985,<2-year,,False
AL-RF-20210830-0441,02479500,,031700080402,511.0,2021-08-30 17:00:00+00:00,2021-08-31 20:00:00+00:00,27.0,9370.0,18.33659491193738,2021.0,2.769230769230769,2.3081529931621847,2.3081529931621847,2–5-year,,True
AL-RF-20210830-0441,02479945,,031700080501,31.48,2021-08-30 17:00:00+00:00,2021-08-30 15:06:00+00:00,-1.9,3480.0,110.54637865311308,2021.0,12.0,10.375204981697838,10.375204981697838,10–25-year,,False
AL-RF-20210830-0441,02479980,,031700080502,8.08,2021-08-30 17:00:00+00:00,2021-08-30 14:00:00+00:00,-3.0,1010.0,125.0,2021.0,5.142857142857142,5.044883495020038,5.044883495020038,5–10-year,,False
AL-RF-20210830-0441,02480002,,031700080502,8.22,2021-08-30 17:00:00+00:00,2021-08-30 15:00:00+00:00,-2.0,969.0,117.88321167883211,2021.0,3.0,2.9861596206040284,2.9861596206040284,2–5-year,"2,C",True
AL-RF-20210921-0444,02450250,,031601100103,92.1,2021-09-21 08:00:00+00:00,2021-09-21 12:45:00+00:00,4.75,6820.0,74.0499457111835,2021.0,1.7647058823529411,1.9052905211466027,1.9052905211466027,<2-year,,False
AL-RF-20210921-0444,03574768,,060300020307,,2021-09-21 08:00:00+00:00,2021-09-20 00:30:00+00:00,-31.5,19700.0,,2021.0,7.0,,7.0,5–10-year,2,True
AL-RF-20210921-0444,0357479650,,060300020303,33.0,2021-09-21 08:00:00+00:00,2021-09-19 15:45:00+00:00,-40.25,2820.0,85.45454545454545,2021.0,3.125,2.011073119730128,2.011073119730128,2–5-year,,False
AL-RF-20210921-0444,03575100,,060300020403,375.0,2021-09-21 08:00:00+00:00,2021-09-20 07:00:00+00:00,-25.0,32800.0,87.46666666666667,2021.0,4.666666666666667,5.905752367325145,5.905752367325145,5–10-year,2,True
AL-RF-20210921-0444,03575830,,060300020505,49.0,2021-09-21 08:00:00+00:00,2021-09-19 18:45:00+00:00,-37.25,4710.0,96.12244897959184,2021.0,2.791666666666667,2.983318127850212,2.983318127850212,2–5-year,C,True
AL-RF-20210921-0444,0357586650,,060300020502,3.44,2021-09-21 08:00:00+00:00,2021-09-19 12:05:00+00:00,-43.916666666666664,2560.0,744.1860465116279,2021.0,5.8,4.886283298260632,4.886283298260632,2–5-year,C,False
AL-RF-20210921-0444,0357587090,,060300020502,2.28,2021-09-21 08:00:00+00:00,2021-09-19 13:10:00+00:00,-42.833333333333336,1330.0,583.3333333333334,2021.0,3.444444444444444,3.2136462599991975,3.2136462599991975,2–5-year,C,False
AL-RF-20210921-0444,0357587140,,060300020502,2.52,2021-09-21 08:00:00+00:00,2021-09-19 14:35:00+00:00,-41.416666666666664,450.0,178.57142857142858,2021.0,2.3333333333333335,1.9605277519300077,1.9605277519300077,<2-year,C,True
AL-RF-20210921-0444,0357587400,,060300020502,8.5,2021-09-21 08:00:00+00:00,2021-09-19 13:20:00+00:00,-42.666666666666664,1570.0,184.7058823529412,2021.0,1.55,1.598112262000389,1.598112262000389,<2-year,C,False
AL-RF-20210921-0444,03575890,,060300020502,22.6,2021-09-21 08:00:00+00:00,2021-09-19 12:15:00+00:00,-43.75,6600.0,292.0353982300885,2021.0,7.166666666666667,5.936478350535176,5.936478350535176,5–10-year,C,False
AL-RF-20210921-0444,0357591500,,060300020502,1.47,2021-09-21 08:00:00+00:00,2021-09-19 12:45:00+00:00,-43.25,823.0,559.8639455782313,2021.0,1.3181818181818183,1.2080994273013657,1.2080994273013657,<2-year,C,False
AL-RF-20210921-0444,03575950,,060300020503,41.8,2021-09-21 08:00:00+00:00,2021-09-19 12:30:00+00:00,-43.5,12900.0,308.6124401913876,2021.0,9.0,13.094312296959522,13.094312296959522,10–25-year,C,True
AL-RF-20210921-0444,03575980,,060300020503,9.64,2021-09-21 08:00:00+00:00,2021-09-19 13:30:00+00:00,-42.5,2950.0,306.0165975103734,2021.0,7.0,7.5840824171000625,7.5840824171000625,5–10-year,C,False
AL-RF-20211007-0445,02339495,,031300020903,86.4,2021-10-07 05:00:00+00:00,2021-10-05 15:15:00+00:00,-37.75,4430.0,51.273148148148145,2022.0,3.5999999999999996,,3.5999999999999996,2–5-year,,True
AL-RF-20211007-0445,02374700,,031403040404,435.0,2021-10-07 05:00:00+00:00,2021-10-06 11:00:00+00:00,-18.0,19100.0,43.9080459770115,2022.0,9.333333333333334,14.082520611261605,14.082520611261605,10–25-year,,True
AL-RF-20211007-0445,0237854520,,031602050204,120.6,2021-10-07 05:00:00+00:00,2021-10-04 12:00:00+00:00,-65.0,3540.0,29.353233830845774,2022.0,1.3333333333333333,,1.3333333333333333,<2-year,,False
AL-RF-20211007-0445,02423425,,031502020204,201.0,2021-10-07 05:00:00+00:00,2021-10-07 01:30:00+00:00,-3.5,7550.0,37.56218905472637,2022.0,1.6956521739130435,1.5915754071460995,1.5915754071460995,<2-year,6,False
AL-RF-20211007-0445,02423496,,031502020204,226.0,2021-10-07 05:00:00+00:00,2021-10-07 03:30:00+00:00,-1.5,12000.0,53.097345132743364,2022.0,4.111111111111111,4.321520550062529,4.321520550062529,2–5-year,2,False
AL-RF-20211007-0445,02423500,,031502020204,230.0,2021-10-07 05:00:00+00:00,2021-10-07 01:45:00+00:00,-3.25,12100.0,52.608695652173914,2022.0,3.9375,3.6240266509611616,3.6240266509611616,2–5-year,,False
AL-RF-20211007-0445,0242354750,,031502020202,25.6,2021-10-07 05:00:00+00:00,2021-10-07 01:00:00+00:00,-4.0,3390.0,132.421875,2022.0,28.0,90.40030505525533,90.40030505525533,50–100-year,"2,C",True
AL-RF-20211007-0445,02423555,,031502020206,335.0,2021-10-07 05:00:00+00:00,2021-10-07 07:15:00+00:00,2.25,24300.0,72.53731343283582,2022.0,15.0,13.057768958975416,13.057768958975416,10–25-year,,False
AL-RF-20211007-0445,02423571,,031502020301,9.46,2021-10-07 05:00:00+00:00,2021-10-06 21:15:00+00:00,-7.75,2970.0,313.953488372093,2022.0,9.0,,9.0,5–10-year,C,False
AL-RF-20211007-0445,02423586,,031502020301,27.1,2021-10-07 05:00:00+00:00,2021-10-06 23:30:00+00:00,-5.5,5140.0,189.66789667896677,2022.0,5.333333333333333,,5.333333333333333,5–10-year,C,True
AL-RF-20211007-0445,02456000,,031601110307,80.9,2021-10-07 05:00:00+00:00,2021-10-07 01:45:00+00:00,-3.25,8490.0,104.9443757725587,2022.0,3.0,3.1003857565694943,3.1003857565694943,2–5-year,,False
AL-RF-20211007-0445,02458148,,031601110408,4.1,2021-10-07 05:00:00+00:00,2021-10-06 21:30:00+00:00,-7.5,1710.0,417.07317073170736,2022.0,10.5,23.892265629786557,23.892265629786557,10–25-year,"2,C",False
AL-RF-20211007-0445,02458450,,031601110408,33.5,2021-10-07 05:00:00+00:00,2021-10-07 02:30:00+00:00,-2.5,5930.0,177.01492537313433,2022.0,5.857142857142857,6.972193597049841,6.972193597049841,5–10-year,C,False
AL-RF-20211007-0445,02458502,,031601110408,36.7,2021-10-07 05:00:00+00:00,2021-10-07 03:15:00+00:00,-1.75,5970.0,162.67029972752042,2022.0,5.25,6.936150952917342,6.936150952917342,5–10-year,C,False
AL-RF-20211007-0445,02458600,,031601110408,52.2,2021-10-07 05:00:00+00:00,2021-10-07 05:30:00+00:00,0.5,5420.0,103.83141762452107,2022.0,3.3333333333333335,3.685403370921891,3.685403370921891,2–5-year,"C,R",False
AL-RF-20211230-0448,02338523,,031300020601,16.8,2021-12-30 15:00:00+00:00,2021-12-30 12:45:00+00:00,-2.25,1510.0,89.88095238095238,2022.0,3.3333333333333335,,3.3333333333333335,2–5-year,,True
AL-RF-20220204-0449,02341460,,031300030304,4630.0,2022-02-04 06:00:00+00:00,2022-02-04 07:30:00+00:00,1.5,61700.0,13.326133909287257,2022.0,2.1666666666666665,,2.1666666666666665,2–5-year,6,False
AL-RF-20220204-0449,02418230,,031501100102,71.3,2022-02-04 06:00:00+00:00,2022-02-04 14:00:00+00:00,8.0,3550.0,49.78962131837307,2022.0,2.3636363636363638,2.221160446027766,2.221160446027766,2–5-year,,False
AL-RF-20220204-0449,02418760,,031501100202,45.8,2022-02-04 06:00:00+00:00,2022-02-04 03:00:00+00:00,-3.0,7090.0,154.80349344978166,2022.0,5.75,8.559584597857352,8.559584597857352,5–10-year,,False
AL-RF-20220204-0449,02419000,,031501100302,333.0,2022-02-04 06:00:00+00:00,2022-02-05 01:15:00+00:00,19.25,25000.0,75.07507507507508,2022.0,8.7,14.019743739203259,14.019743739203259,10–25-year,,False
AL-RF-20220218-0450,02456500,,031601110404,885.0,2022-02-18 01:00:00+00:00,2022-02-19 00:30:00+00:00,23.5,18300.0,20.677966101694917,2022.0,1.457627118644068,1.4480393867221173,1.4480393867221173,<2-year,,False
AL-RF-20220223-0451,03572110,,060300010304,131.0,2022-02-23 08:00:00+00:00,2022-02-23 15:30:00+00:00,7.5,8600.0,65.64885496183206,2022.0,1.9285714285714286,1.4465403559950325,1.4465403559950325,<2-year,,False
AL-RF-20220318-0452,02361000,,031402010602,686.0,2022-03-18 18:00:00+00:00,2022-03-18 22:15:00+00:00,4.25,4270.0,6.224489795918367,2022.0,1.1379310344827587,1.11978093829037,1.11978093829037,<2-year,,False
AL-RF-20220318-0452,02361500,,031402011202,1280.0,2022-03-18 18:00:00+00:00,2022-03-20 00:45:00+00:00,30.75,14200.0,11.09375,2022.0,1.9285714285714286,1.985411290424352,1.985411290424352,<2-year,,False
AL-RF-20220318-0452,02364500,,031402020610,1182.0,2022-03-18 18:00:00+00:00,2022-03-19 23:45:00+00:00,29.75,10100.0,8.544839255499154,2022.0,1.697674418604651,1.6882396373970119,1.6882396373970119,<2-year,,False
AL-RF-20220323-0453,02403310,,031501060507,191.0,2022-03-23 09:00:00+00:00,2022-03-23 05:45:00+00:00,-3.25,4810.0,25.18324607329843,2022.0,4.5,,4.5,2–5-year,,True
AL-RF-20220323-0453,02406500,,031501060703,150.0,2022-03-23 09:00:00+00:00,2022-03-23 15:45:00+00:00,6.75,11300.0,75.33333333333333,2022.0,5.538461538461538,6.464730860420978,6.464730860420978,5–10-year,,False
AL-RF-20220323-0453,02406930,,031501070104,16.5,2022-03-23 09:00:00+00:00,2022-03-23 02:00:00+00:00,-7.0,1940.0,117.57575757575758,2022.0,15.0,,15.0,10–25-year,,False
AL-RF-20220323-0453,02407000,,031501070301,8392.0,2022-03-23 09:00:00+00:00,2022-03-23 20:15:00+00:00,11.25,84000.0,10.009532888465206,2022.0,2.4,2.5927169158237393,2.5927169158237393,2–5-year,,True
AL-RF-20220323-0453,02407514,,031501070205,142.0,2022-03-23 09:00:00+00:00,2022-03-23 04:45:00+00:00,-4.25,3670.0,25.845070422535212,2022.0,1.4615384615384615,,1.4615384615384615,<2-year,,False
AL-RF-20220323-0453,02453500,,031601090603,1916.0,2022-03-23 09:00:00+00:00,2022-03-23 11:15:00+00:00,2.25,26600.0,13.883089770354905,2022.0,1.5294117647058822,1.4254553406407782,1.4254553406407782,<2-year,6,True
AL-RF-20220323-0453,02464000,,031601120408,223.0,2022-03-23 09:00:00+00:00,2022-03-23 07:15:00+00:00,-1.75,9660.0,43.318385650224215,2022.0,2.966666666666667,2.7666399240390036,2.7666399240390036,2–5-year,,False
AL-RF-20220323-0453,02465000,,031601130201,4820.0,2022-03-23 09:00:00+00:00,2022-03-23 15:15:00+00:00,6.25,132000.0,27.38589211618257,2022.0,2.909090909090909,2.6518288554080107,2.6518288554080107,2–5-year,,False
AL-RF-20220323-0453,02465292,,031601130203,10.7,2022-03-23 09:00:00+00:00,2022-03-22 20:30:00+00:00,-12.5,3810.0,356.0747663551402,2022.0,3.2857142857142856,3.7170962936015477,3.7170962936015477,2–5-year,C,False
AL-RF-20220405-0454,02408150,,031501070802,35.7,2022-04-05 18:00:00+00:00,2022-04-05 14:45:00+00:00,-3.25,3480.0,97.47899159663865,2022.0,2.2,,2.2,2–5-year,,True
AL-RF-20220405-0454,02408540,,031501070708,263.0,2022-04-05 18:00:00+00:00,2022-04-05 16:45:00+00:00,-1.25,11700.0,44.48669201520912,2022.0,2.5555555555555554,2.4064656247881397,2.4064656247881397,2–5-year,,False
AL-RF-20220416-0456,02450250,,031601100103,92.1,2022-04-16 11:00:00+00:00,2022-04-16 08:39:00+00:00,-2.35,7510.0,81.54180238870794,2022.0,2.3076923076923075,2.285724311221575,2.285724311221575,2–5-year,,False
AL-RF-20220608-0458,02405500,,031501060808,193.0,2022-06-08 14:00:00+00:00,2022-06-09 06:00:00+00:00,16.0,5430.0,28.134715025906736,2022.0,1.4871794871794872,1.5391399329765283,1.5391399329765283,<2-year,,False
AL-RF-20220608-0458,02423110,,031502020101,12.5,2022-06-08 14:00:00+00:00,2022-06-08 20:45:00+00:00,6.75,3190.0,255.2,2022.0,6.5,,6.5,5–10-year,C,False
AL-RF-20220608-0458,02423160,,031502020101,50.8,2022-06-08 14:00:00+00:00,2022-06-09 00:30:00+00:00,10.5,4190.0,82.48031496062993,2022.0,1.75,,1.75,<2-year,C,False
AL-RF-20220608-0458,02423380,,031502020104,140.0,2022-06-08 14:00:00+00:00,2022-06-08 10:15:00+00:00,-3.75,6500.0,46.42857142857143,2022.0,1.6923076923076923,1.6614930334332267,1.6614930334332267,<2-year,,True
AL-RF-20220608-0458,02423397,,031502020103,17.0,2022-06-08 14:00:00+00:00,2022-06-08 09:15:00+00:00,-4.75,2510.0,147.64705882352942,2022.0,4.142857142857142,2.831058153170574,2.831058153170574,2–5-year,C,False
AL-RF-20220608-0458,02423400,,031502020103,24.4,2022-06-08 14:00:00+00:00,2022-06-08 11:30:00+00:00,-2.5,2530.0,103.68852459016394,2022.0,4.571428571428571,3.889319017231274,3.889319017231274,2–5-year,C,False
AL-RF-20220608-0458,02455980,,031601110306,27.4,2022-06-08 14:00:00+00:00,2022-06-08 21:00:00+00:00,7.0,3580.0,130.65693430656935,2022.0,2.3125,2.2233251344213505,2.2233251344213505,2–5-year,C,False
AL-RF-20220608-0458,02457595,,031601110406,51.9,2022-06-08 14:00:00+00:00,2022-06-08 08:15:00+00:00,-5.75,8670.0,167.0520231213873,2022.0,3.8000000000000003,4.258494939578305,4.258494939578305,2–5-year,,False
AL-RF-20220608-0458,02457704,,031601110407,96.9,2022-06-08 14:00:00+00:00,2022-06-08 15:15:00+00:00,1.25,13000.0,134.15892672858615,2022.0,3.0,,3.0,2–5-year,,True
AL-RF-20220608-0458,02458190,,031601110408,3.35,2022-06-08 14:00:00+00:00,2022-06-08 05:10:00+00:00,-8.833333333333334,2240.0,668.6567164179104,2022.0,5.5,,5.5,5–10-year,"2,C",False
AL-RF-20220608-0458,02461130,,031601120101,7.0,2022-06-08 14:00:00+00:00,2022-06-08 05:15:00+00:00,-8.75,4620.0,660.0,2022.0,13.0,,13.0,10–25-year,C,True
AL-RF-20220608-0458,02461192,,031601120101,13.524,2022-06-08 14:00:00+00:00,2022-06-08 05:40:00+00:00,-8.333333333333334,4570.0,337.9177758059746,2022.0,6.0,,6.0,5–10-year,"2,C",False
AL-RF-20220608-0458,02461405,,031601120101,30.0,2022-06-08 14:00:00+00:00,2022-06-08 10:45:00+00:00,-3.25,4540.0,151.33333333333334,2022.0,4.0,,4.0,2–5-year,C,True
AL-RF-20220904-0467,02398300,,031501050605,366.0,2022-09-04 13:00:00+00:00,2022-09-05 02:45:00+00:00,13.75,20900.0,57.10382513661202,2022.0,21.5,26.611156573868804,26.611156573868804,25–50-year,,True
AL-RF-20221130-0470,02423110,,031502020101,12.5,2022-11-30 08:00:00+00:00,2022-11-30 03:00:00+00:00,-5.0,1440.0,115.2,2023.0,1.625,,1.625,<2-year,C,False
AL-RF-20221130-0470,02423160,,031502020101,50.8,2022-11-30 08:00:00+00:00,2022-11-30 05:15:00+00:00,-2.75,4320.0,85.03937007874016,2023.0,2.0,,2.0,2–5-year,C,False
AL-RF-20221130-0470,02423380,,031502020104,140.0,2022-11-30 08:00:00+00:00,2022-11-30 11:15:00+00:00,3.25,5270.0,37.642857142857146,2023.0,1.375,1.3890947226474075,1.3890947226474075,<2-year,,True
AL-RF-20221130-0470,02455980,,031601110306,27.4,2022-11-30 08:00:00+00:00,2022-11-30 03:00:00+00:00,-5.0,3010.0,109.85401459854015,2023.0,1.761904761904762,1.8252735484120977,1.8252735484120977,<2-year,C,False
AL-RF-20230302-0472,0357587140,,060300020502,2.52,2023-03-02 07:00:00+00:00,2023-03-02 00:10:00+00:00,-6.833333333333333,583.0,231.34920634920636,2023.0,2.5454545454545454,2.885337971486037,2.885337971486037,2–5-year,"2,C",True
AL-RF-20230302-0472,0357587400,,060300020502,8.5,2023-03-02 07:00:00+00:00,2023-03-01 23:55:00+00:00,-7.083333333333333,1800.0,211.76470588235293,2023.0,1.823529411764706,1.9090934179784527,1.9090934179784527,<2-year,C,False
AL-RF-20230327-0474,02339495,,031300020903,86.4,2023-03-27 15:00:00+00:00,2023-03-27 17:15:00+00:00,2.25,5990.0,69.3287037037037,2023.0,9.0,,9.0,5–10-year,2,True
AL-RF-20230327-0474,02339500,,031300020908,3550.0,2023-03-27 15:00:00+00:00,2023-03-27 14:45:00+00:00,-0.25,47200.0,13.295774647887324,2023.0,3.5405405405405403,3.706398938115568,3.706398938115568,2–5-year,6,True
AL-RF-20230327-0474,02408150,,031501070802,35.7,2023-03-27 15:00:00+00:00,2023-03-27 03:00:00+00:00,-12.0,6520.0,182.6330532212885,2023.0,5.5,,5.5,5–10-year,2,True
AL-RF-20230327-0474,02408540,,031501070708,263.0,2023-03-27 15:00:00+00:00,2023-03-27 10:45:00+00:00,-4.25,26400.0,100.38022813688212,2023.0,15.333333333333334,13.292340321034269,13.292340321034269,10–25-year,,False
AL-RF-20230327-0474,02414500,,031501090107,1675.0,2023-03-27 15:00:00+00:00,2023-03-27 07:30:00+00:00,-7.5,21400.0,12.776119402985074,2023.0,1.4492753623188408,1.4407896429906748,1.4407896429906748,<2-year,,True
AL-RF-20230327-0474,02414715,,031501090309,2058.0,2023-03-27 15:00:00+00:00,2023-03-27 16:37:00+00:00,1.6166666666666667,41500.0,20.165208940719143,2023.0,5.857142857142857,4.756098040203916,4.756098040203916,2–5-year,,False
AL-RF-20230327-0474,02415000,,031501090405,190.0,2023-03-27 15:00:00+00:00,2023-03-27 11:30:00+00:00,-3.5,11200.0,58.94736842105263,2023.0,4.846153846153847,3.820589883549773,3.820589883549773,2–5-year,,False
AL-RF-20230327-0474,02416360,,031501090501,,2023-03-27 15:00:00+00:00,2023-03-27 18:00:00+00:00,3.0,4990.0,,2023.0,3.0,,3.0,2–5-year,2,False
AL-RF-20230616-0476,02418230,,031501100102,71.3,2023-06-16 08:00:00+00:00,2023-06-14 19:45:00+00:00,-36.25,2750.0,38.569424964936886,2023.0,1.625,1.6224659090026046,1.6224659090026046,<2-year,,False
AL-RF-20230621-0477,02419000,,031501100302,333.0,2023-06-21 23:00:00+00:00,2023-06-22 04:15:00+00:00,5.25,9840.0,29.54954954954955,2023.0,2.4166666666666665,2.221334242960739,2.221334242960739,2–5-year,,False
AL-RF-20230621-0477,02471078,,031602050104,16.5,2023-06-21 23:00:00+00:00,2023-06-19 19:37:00+00:00,-51.38333333333333,2840.0,172.12121212121212,2023.0,3.5555555555555554,4.260382384531738,4.260382384531738,2–5-year,,False
AL-RF-20230713-0479,02448500,,031601081101,1097.0,2023-07-13 15:00:00+00:00,2023-07-15 05:00:00+00:00,38.0,12800.0,11.668185961713764,2023.0,2.024390243902439,2.0200146878297724,2.0200146878297724,2–5-year,,False
AL-RF-20230713-0479,02467500,,031602020405,607.0,2023-07-13 15:00:00+00:00,2023-07-16 05:30:00+00:00,62.5,13600.0,22.40527182866557,2023.0,5.0,5.050066570831804,5.050066570831804,5–10-year,,False
AL-RF-20230721-0480,0357586650,,060300020502,3.44,2023-07-21 12:00:00+00:00,2023-07-21 04:27:00+00:00,-7.55,2510.0,729.6511627906976,2023.0,4.833333333333333,4.714748252183567,4.714748252183567,2–5-year,C,False
AL-RF-20230721-0480,0357587728,,060300020502,2.99,2023-07-21 12:00:00+00:00,2023-07-21 04:15:00+00:00,-7.75,1720.0,575.2508361204013,2023.0,13.333333333333334,10.368233459729097,10.368233459729097,10–25-year,C,True
AL-RF-20230721-0480,03575890,,060300020502,22.6,2023-07-21 12:00:00+00:00,2023-07-21 04:30:00+00:00,-7.5,8880.0,392.92035398230087,2023.0,21.5,34.3369269255452,34.3369269255452,25–50-year,C,False
AL-RF-20230721-0480,0357591500,,060300020502,1.47,2023-07-21 12:00:00+00:00,2023-07-21 03:20:00+00:00,-8.666666666666666,1420.0,965.9863945578231,2023.0,5.8,6.150633314581925,6.150633314581925,5–10-year,C,False
AL-RF-20230804-0481,02449882,,031601090107,13.0,2023-08-04 13:00:00+00:00,2023-08-04 07:45:00+00:00,-5.25,2120.0,163.07692307692307,2023.0,4.25,5.057479638480869,5.057479638480869,5–10-year,,False
AL-RF-20230804-0481,02455185,,031601110204,36.1,2023-08-04 13:00:00+00:00,2023-08-04 06:30:00+00:00,-6.5,3560.0,98.61495844875346,2023.0,3.166666666666667,,3.166666666666667,2–5-year,,True
AL-RF-20240109-0483,02398300,,031501050605,366.0,2024-01-09 13:00:00+00:00,2024-01-10 01:30:00+00:00,12.5,6970.0,19.043715846994534,2024.0,1.5636363636363635,1.5197718376878142,1.5197718376878142,<2-year,,True
AL-RF-20240109-0483,02399200,,031501050806,199.0,2024-01-09 13:00:00+00:00,2024-01-09 13:00:00+00:00,0.0,12500.0,62.814070351758794,2024.0,1.6511627906976745,1.6935567742573165,1.6935567742573165,<2-year,,False
AL-RF-20240109-0483,02408150,,031501070802,35.7,2024-01-09 13:00:00+00:00,2024-01-09 10:30:00+00:00,-2.5,2180.0,61.06442577030812,2024.0,1.222222222222222,,1.222222222222222,<2-year,,True
AL-RF-20240212-0486,02339495,,031300020903,86.4,2024-02-12 17:00:00+00:00,2024-02-12 15:30:00+00:00,-1.5,5940.0,68.75,2024.0,6.0,,6.0,5–10-year,,True
AL-RF-20240212-0486,02341460,,031300030304,4630.0,2024-02-12 17:00:00+00:00,2024-02-12 11:00:00+00:00,-6.0,91800.0,19.82721382289417,2024.0,6.5,,6.5,5–10-year,6,False
AL-RF-20240212-0486,02418760,,031501100202,45.8,2024-02-12 17:00:00+00:00,2024-02-12 08:45:00+00:00,-8.25,9850.0,215.06550218340612,2024.0,23.0,19.13910182227005,19.13910182227005,10–25-year,,False
AL-RF-20240212-0486,02419000,,031501100302,333.0,2024-02-12 17:00:00+00:00,2024-02-13 01:45:00+00:00,8.75,30800.0,92.49249249249249,2024.0,29.0,27.16981364892033,27.16981364892033,25–50-year,,False
AL-RF-20240212-0486,02421000,,031502010309,290.0,2024-02-12 17:00:00+00:00,2024-02-13 05:45:00+00:00,12.75,21400.0,73.79310344827586,2024.0,7.5,7.472711619239199,7.472711619239199,5–10-year,,False
AL-RF-20240212-0486,02421480,,031502010803,,2024-02-12 17:00:00+00:00,2024-02-12 17:30:00+00:00,0.5,1850.0,,2024.0,3.0,,3.0,2–5-year,2,False
AL-RF-20240301-0487,02455185,,031601110204,36.1,2024-03-01 17:00:00+00:00,2024-03-01 14:00:00+00:00,-3.0,3440.0,95.29085872576177,2024.0,2.7142857142857144,,2.7142857142857144,2–5-year,,True
AL-RF-20240301-0487,02456000,,031601110307,80.9,2024-03-01 17:00:00+00:00,2024-03-01 10:45:00+00:00,-6.25,3070.0,37.94808405438813,2024.0,1.1739130434782608,1.1872107882256557,1.1872107882256557,<2-year,,False
AL-RF-20240301-0487,02456500,,031601110404,885.0,2024-03-01 17:00:00+00:00,2024-03-02 03:30:00+00:00,10.5,13800.0,15.59322033898305,2024.0,1.131578947368421,1.182074183551277,1.182074183551277,<2-year,,False
AL-RF-20240309-0488,02361500,,031402011202,1280.0,2024-03-09 11:00:00+00:00,2024-03-10 20:15:00+00:00,33.25,16100.0,12.578125,2024.0,2.25,2.41176534950295,2.41176534950295,2–5-year,,False
AL-RF-20240309-0488,02363000,,031402020504,498.0,2024-03-09 11:00:00+00:00,2024-03-11 11:45:00+00:00,48.75,6380.0,12.811244979919678,2024.0,1.816326530612245,1.935862023585584,1.935862023585584,<2-year,,False
AL-RF-20240309-0488,02371500,,031403010401,500.0,2024-03-09 11:00:00+00:00,2024-03-11 18:45:00+00:00,55.75,7710.0,15.42,2024.0,2.3684210526315788,2.4530377909374423,2.4530377909374423,2–5-year,,False
AL-RF-20240309-0488,02372430,,031403010501,1277.0,2024-03-09 11:00:00+00:00,2024-03-13 06:45:00+00:00,91.75,12900.0,10.101801096319498,2024.0,2.2857142857142856,,2.2857142857142856,2–5-year,,False
AL-RF-20240309-0488,02373000,,031403030604,470.0,2024-03-09 11:00:00+00:00,2024-03-11 10:15:00+00:00,47.25,8440.0,17.95744680851064,2024.0,1.847826086956522,1.8895346861755622,1.8895346861755622,<2-year,,False
AL-RF-20240309-0488,02374745,,031403040305,182.0,2024-03-09 11:00:00+00:00,2024-03-09 13:15:00+00:00,2.25,3600.0,19.78021978021978,2024.0,2.5454545454545454,2.094145693751724,2.094145693751724,2–5-year,,False
AL-RF-20240309-0488,02414500,,031501090107,1675.0,2024-03-09 11:00:00+00:00,2024-03-09 06:30:00+00:00,-4.5,24100.0,14.388059701492537,2024.0,1.7857142857142856,1.6938865390163191,1.6938865390163191,<2-year,,True
AL-RF-20240309-0488,02414715,,031501090309,2058.0,2024-03-09 11:00:00+00:00,2024-03-09 16:30:00+00:00,5.5,35200.0,17.103984450923228,2024.0,2.7333333333333334,3.305382803366765,3.305382803366765,2–5-year,,False
AL-RF-20240411-0489,02374950,,031403050206,193.0,2024-04-11 02:00:00+00:00,2024-04-12 04:00:00+00:00,26.0,2500.0,12.953367875647668,2024.0,1.2380952380952381,1.2442770655947266,1.2442770655947266,<2-year,,False
AL-RF-20240411-0489,02479945,,031700080501,31.48,2024-04-11 02:00:00+00:00,2024-04-10 19:45:00+00:00,-6.25,1220.0,38.754764930114355,2024.0,2.1176470588235294,2.011550623592611,2.011550623592611,2–5-year,,False
AL-RF-20240513-0492,02376500,,031401060403,394.0,2024-05-13 15:00:00+00:00,2024-05-14 17:00:00+00:00,26.0,3060.0,7.766497461928934,2024.0,1.1025641025641026,1.1000239399928633,1.1000239399928633,<2-year,,False
AL-RF-20240514-0493,02376500,,031401060403,394.0,2024-05-14 13:00:00+00:00,2024-05-14 17:00:00+00:00,4.0,3060.0,7.766497461928934,2024.0,1.1025641025641026,1.1000239399928633,1.1000239399928633,<2-year,,False
AL-RF-20240514-0493,02377570,,031401060506,192.0,2024-05-14 13:00:00+00:00,2024-05-14 17:30:00+00:00,4.5,3480.0,18.125,2024.0,1.3448275862068966,1.331220373638636,1.331220373638636,<2-year,,False
AL-RF-20240514-0493,02378500,,031602050201,55.3,2024-05-14 13:00:00+00:00,2024-05-14 09:45:00+00:00,-3.25,2030.0,36.708860759493675,2024.0,2.0,1.881785394804747,1.881785394804747,<2-year,,False
AL-RF-20240915-0503,02450250,,031601100103,92.1,2024-09-15 08:00:00+00:00,2024-09-15 03:30:00+00:00,-4.5,3980.0,43.213897937024974,2024.0,1.1320754716981132,1.113872678486419,1.113872678486419,<2-year,,False
AL-RF-20240915-0503,02458450,,031601110408,33.5,2024-09-15 08:00:00+00:00,2024-09-15 00:30:00+00:00,-7.5,4780.0,142.6865671641791,2024.0,2.1578947368421053,2.062557467112576,2.062557467112576,2–5-year,C,False
AL-RF-20240915-0503,02458502,,031601110408,36.7,2024-09-15 08:00:00+00:00,2024-09-15 00:45:00+00:00,-7.25,4430.0,120.708446866485,2024.0,1.75,1.5445079634828416,1.5445079634828416,<2-year,C,False
AL-RF-20240915-0503,02458600,,031601110408,52.2,2024-09-15 08:00:00+00:00,2024-09-15 03:30:00+00:00,-4.5,3400.0,65.13409961685824,2024.0,1.3043478260869565,1.3692515022480694,1.3692515022480694,<2-year,C,False
AL-RF-20240915-0503,02460500,,031601110409,83.5,2024-09-15 08:00:00+00:00,2024-09-15 08:15:00+00:00,0.25,3340.0,40.0,2024.0,1.103448275862069,1.0626411131855806,1.0626411131855806,<2-year,C,False
AL-RF-20240915-0503,02461130,,031601120101,7.0,2024-09-15 08:00:00+00:00,2024-09-14 23:25:00+00:00,-8.583333333333334,4220.0,602.8571428571429,2024.0,4.333333333333333,,4.333333333333333,2–5-year,C,True
AL-RF-20240915-0503,02461192,,031601120101,13.524,2024-09-15 08:00:00+00:00,2024-09-14 23:55:00+00:00,-8.083333333333334,4350.0,321.65039929015086,2024.0,3.0,,3.0,2–5-year,C,False
AL-RF-20240915-0503,02461405,,031601120101,30.0,2024-09-15 08:00:00+00:00,2024-09-15 03:45:00+00:00,-4.25,3450.0,115.0,2024.0,1.3333333333333333,,1.3333333333333333,<2-year,C,True
AL-RF-20240915-0503,02461500,,031601120102,52.5,2024-09-15 08:00:00+00:00,2024-09-15 04:30:00+00:00,-3.5,3880.0,73.9047619047619,2024.0,1.2352941176470589,1.2693636148336738,1.2693636148336738,<2-year,,False
AL-RF-20240915-0503,03586500,,060300050105,166.0,2024-09-15 08:00:00+00:00,2024-09-15 21:45:00+00:00,13.75,7230.0,43.55421686746988,2024.0,2.7586206896551726,2.8381391926887147,2.8381391926887147,2–5-year,,False
AL-RF-20250213-0509,02414715,,031501090309,2058.0,2025-02-13 07:00:00+00:00,2025-02-13 16:30:00+00:00,9.5,31000.0,15.063168124392615,2025.0,2.2777777777777777,2.5557421084045595,2.5557421084045595,2–5-year,,False
AL-RF-20250213-0509,02427020,,031502030110,329.0,2025-02-13 07:00:00+00:00,2025-02-13 14:30:00+00:00,7.5,9830.0,29.878419452887538,2025.0,4.0,,4.0,2–5-year,,False
AL-RF-20250316-0510,02406500,,031501060703,150.0,2025-03-16 04:00:00+00:00,2025-03-16 16:00:00+00:00,12.0,15700.0,104.66666666666667,2025.0,24.0,13.778049106449224,13.778049106449224,10–25-year,,False
AL-RF-20250316-0510,02466500,,031601130708,171.0,2025-03-16 04:00:00+00:00,2025-03-16 13:00:00+00:00,9.0,7340.0,42.92397660818713,2025.0,1.3076923076923077,,1.3076923076923077,<2-year,,False
AL-RF-20250316-0510,03584600,,060300040402,1805.0,2025-03-16 04:00:00+00:00,2025-03-17 08:15:00+00:00,28.25,45400.0,25.15235457063712,2025.0,3.678571428571429,3.5918864910493804,3.5918864910493804,2–5-year,6,False
AL-RF-20250316-0510,03588500,,060300050508,348.0,2025-03-16 04:00:00+00:00,2025-03-16 05:00:00+00:00,1.0,31600.0,90.80459770114942,2025.0,6.7857142857142865,5.3556416175057295,5.3556416175057295,5–10-year,,False
AL-RF-20250316-0510,03590000,,060300050605,209.0,2025-03-16 04:00:00+00:00,2025-03-16 06:30:00+00:00,2.5,18300.0,87.5598086124402,2025.0,5.333333333333333,5.750903327750825,5.750903327750825,5–10-year,,False
AL-RF-20250407-0513,02342500,,031300030505,322.0,2025-04-07 03:00:00+00:00,2025-04-08 03:00:00+00:00,24.0,14100.0,43.7888198757764,2025.0,4.2105263157894735,3.8184840008801055,3.8184840008801055,2–5-year,,False
AL-RF-20250407-0513,02371500,,031403010401,500.0,2025-04-07 03:00:00+00:00,2025-04-10 12:30:00+00:00,81.5,4360.0,8.72,2025.0,1.3636363636363638,1.3985762460475768,1.3985762460475768,<2-year,,False
AL-RF-20250407-0513,02372430,,031403010501,1277.0,2025-04-07 03:00:00+00:00,2025-04-07 06:00:00+00:00,3.0,10600.0,8.300704776820673,2025.0,2.0,,2.0,2–5-year,,False
AL-RF-20250407-0513,02374250,,031403040506,2661.0,2025-04-07 03:00:00+00:00,2025-04-10 07:00:00+00:00,76.0,15400.0,5.787298008267569,2025.0,1.8666666666666667,1.583025254202718,1.583025254202718,<2-year,,False
AL-RF-20250407-0513,02375500,,031403050402,3817.0,2025-04-07 03:00:00+00:00,2025-04-09 00:15:00+00:00,45.25,22100.0,5.789887346083312,2025.0,1.24,1.2293510798286453,1.2293510798286453,<2-year,,True
AL-RF-20250407-0513,02419000,,031501100302,333.0,2025-04-07 03:00:00+00:00,2025-04-08 03:30:00+00:00,24.5,16200.0,48.648648648648646,2025.0,5.4375,4.869660568360736,4.869660568360736,2–5-year,,False
AL-RF-20250407-0513,02419890,,031501100905,4646.0,2025-04-07 03:00:00+00:00,2025-04-09 13:00:00+00:00,58.0,54800.0,11.795092552733534,2025.0,3.1,3.5428776979569294,3.5428776979569294,2–5-year,,False
AL-RF-20250407-0513,02421000,,031502010309,290.0,2025-04-07 03:00:00+00:00,2025-04-08 02:30:00+00:00,23.5,12300.0,42.41379310344828,2025.0,2.7777777777777777,2.7684459198916063,2.7684459198916063,2–5-year,,False
AL-RF-20250407-0513,02427250,,031502030407,261.0,2025-04-07 03:00:00+00:00,2025-04-08 10:00:00+00:00,31.0,6930.0,26.551724137931036,2025.0,1.8499999999999999,1.9269422227355102,1.9269422227355102,<2-year,,True
AL-RF-20250407-0513,02449882,,031601090107,13.0,2025-04-07 03:00:00+00:00,2025-04-06 10:45:00+00:00,-16.25,1220.0,93.84615384615384,2025.0,1.619047619047619,1.6094733676449318,1.6094733676449318,<2-year,,False
AL-RF-20250407-0513,02450180,,031601090205,487.0,2025-04-07 03:00:00+00:00,2025-04-07 05:15:00+00:00,2.25,19000.0,39.01437371663244,2025.0,2.473684210526316,2.2206241052789473,2.2206241052789473,2–5-year,,False
AL-RF-20250407-0513,02454000,,031601090405,134.0,2025-04-07 03:00:00+00:00,2025-04-07 08:00:00+00:00,5.0,4860.0,36.26865671641791,2025.0,2.25,2.0691737894145645,2.0691737894145645,2–5-year,,False
AL-RF-20250407-0513,02461500,,031601120102,52.5,2025-04-07 03:00:00+00:00,2025-04-06 11:15:00+00:00,-15.75,4380.0,83.42857142857143,2025.0,1.4,1.4905473308673745,1.4905473308673745,<2-year,,False
AL-RF-20250407-0513,02471078,,031602050104,16.5,2025-04-07 03:00:00+00:00,2025-04-07 02:00:00+00:00,-1.0,1500.0,90.9090909090909,2025.0,2.0,1.8880795790971485,1.8880795790971485,<2-year,,False
AL-RF-20250608-0524,02374950,,031403050206,193.0,2025-06-08 15:00:00+00:00,2025-06-10 13:00:00+00:00,46.0,7150.0,37.04663212435233,2025.0,3.25,4.8801819852342945,4.8801819852342945,2–5-year,,False
AL-RF-20250608-0524,02375000,,031403050302,330.0,2025-06-08 15:00:00+00:00,2025-06-10 20:00:00+00:00,53.0,9620.0,29.151515151515152,2025.0,3.6923076923076925,3.267026034583409,3.267026034583409,2–5-year,,False
AL-RF-20250608-0524,02448500,,031601081101,1097.0,2025-06-08 15:00:00+00:00,2025-06-09 15:00:00+00:00,24.0,12200.0,11.121239744758432,2025.0,1.8444444444444446,1.8694415818751895,1.8694415818751895,<2-year,,False
