event_id,year,candidate_start_utc,candidate_end_utc,window_start_utc,window_end_utc,rx1h_max_mm,rx1h_max_ratio,rx1h_peak_huc12,rx1h_peak_time_utc,rx1h_affected_huc_count,rx3h_max_mm,rx3h_max_ratio,rx3h_peak_huc12,rx3h_peak_time_utc,rx3h_affected_huc_count,rx6h_max_mm,rx6h_max_ratio,rx6h_peak_huc12,rx6h_peak_time_utc,rx6h_affected_huc_count,rx24h_max_mm,rx24h_max_ratio,rx24h_peak_huc12,rx24h_peak_time_utc,rx24h_affected_huc_count,rx72h_max_mm,rx72h_max_ratio,rx72h_peak_huc12,rx72h_peak_time_utc,rx72h_affected_huc_count,maximum_atlas_ratio,primary_peak_time_utc,primary_duration_hours,affected_huc_union_count,spatial_cluster_count,largest_cluster_huc_count,event_sequence,catalog_event_id,maximum_lower_ari_years,maximum_ratio_to_100yr,atlas_class_huc_count,maximum_recurrence_class,storm_type,storm_subtype,storm_name,classification_confidence,classification_evidence,nearest_tropical_name,nearest_tropical_distance_km,matched_storm_event_count,matched_storm_event_types,matched_flood_event_count,matched_convective_event_count,matched_tropical_event_count,rx1_to_rx24,rx3_to_rx24,rx6_to_rx24,rx24_to_rx72,matched_gage_count,matched_annual_peak_count,major_flood_gage_count,maximum_flood_screening_return_period_years,maximum_empirical_return_period_years,maximum_lp3_return_period_years,maximum_peak_cfs,maximum_peak_cfs_per_sqmi,median_rainfall_to_peak_lag_hours,minimum_rainfall_to_peak_lag_hours,maximum_rainfall_to_peak_lag_hours,stationarity_warning_gage_count,matched_flood_report_count,matched_flash_flood_count,matched_property_damage_usd,matched_crop_damage_usd,matched_direct_deaths,matched_direct_injuries,flood_evidence_class,maximum_flood_screening_class
ALRF-1979-001,1979,1979-03-03 11:00:00+00:00,1979-03-06 18:00:00+00:00,1979-03-02 23:00:00+00:00,1979-03-07 06:00:00+00:00,39.53170776367188,0.899558170458478,31502030103,1979-03-04 02:00:00+00:00,0,90.5538101196289,1.4913004718592462,31502030103,1979-03-04 03:00:00+00:00,47,122.28286743164062,1.6712598457201715,31502030103,1979-03-04 06:00:00+00:00,127,178.08982849121094,1.6946645949267705,31502030103,1979-03-04 06:00:00+00:00,569,186.0962371826172,1.4057010377781798,31502030103,1979-03-04 06:00:00+00:00,257,1.6946645949267705,1979-03-04 06:00:00+00:00,24,569,1,569,1,AL-RF-19790304-0001,25.0,0.8023418021030628,569,25–50-year,Convective candidate,Thunderstorm-associated rainfall,,Low,8 convective/heavy-rain NOAA Storm Events records; rainfall duration signature was not decisive.,,,8,Thunderstorm Wind; Tornado,0,8,0,0.2219762245749079,0.5084726673432554,0.6866358874486508,0.956977052235884,21.0,21.0,10.0,80.63388341705175,32.0,80.63388341705175,46500.0,971.2871287128713,-6.0,-30.0,90.0,9.0,0,0,0.0,0.0,0.0,0.0,Measured major-flood response,50–100-year
ALRF-1979-002,1979,1979-04-03 13:00:00+00:00,1979-04-06 07:00:00+00:00,1979-04-03 01:00:00+00:00,1979-04-06 19:00:00+00:00,29.712989807128903,0.683701923753228,31501100301,1979-04-04 12:00:00+00:00,0,54.93233489990234,0.9052423863261908,31501100301,1979-04-04 12:00:00+00:00,0,72.98236083984375,1.008826238467679,31501090201,1979-04-04 12:00:00+00:00,1,143.85211181640625,1.2855718420390767,31502030703,1979-04-03 17:00:00+00:00,51,219.4627990722656,1.56003959222697,31502030703,1979-04-04 12:00:00+00:00,209,1.56003959222697,1979-04-04 12:00:00+00:00,72,209,5,137,2,AL-RF-19790404-0002,10.0,0.6767891784404242,209,10–25-year,Unclassified,Insufficient external evidence,,Low,No nearby HURDAT2 track and no matching Alabama NOAA Storm Events record within the configured time buffer.,,,0,,0,0,0,0.2065523365068886,0.3818667255299713,0.5073429921764983,0.6554737861018441,1.0,1.0,1.0,13.0,13.0,,3330.0,93.01675977653632,-12.0,-12.0,-12.0,0.0,0,0,0.0,0.0,0.0,0.0,Measured major-flood response,10–25-year
ALRF-1979-003,1979,1979-04-12 09:00:00+00:00,1979-04-15 17:00:00+00:00,1979-04-11 21:00:00+00:00,1979-04-16 05:00:00+00:00,60.831016540527344,1.3897093939135052,31601060402,1979-04-12 10:00:00+00:00,8,113.74095153808594,1.8562966459919128,31601060402,1979-04-12 12:00:00+00:00,44,133.9588623046875,1.808970560733394,31601060402,1979-04-12 12:00:00+00:00,72,239.7538299560547,2.290489767198598,31601060402,1979-04-13 08:00:00+00:00,420,305.8859558105469,2.309404287009776,31601060402,1979-04-13 16:00:00+00:00,434,2.309404287009776,1979-04-13 16:00:00+00:00,72,448,1,448,3,AL-RF-19790413-0003,100.0,1.0290837265444903,448,100–200-year,Convective candidate,Thunderstorm-associated rainfall,,Low,12 convective/heavy-rain NOAA Storm Events records; rainfall duration signature was not decisive.,,,12,Thunderstorm Wind; Tornado,0,12,0,0.2537228145705838,0.4744072349498396,0.558735025543664,0.7838013658415501,72.0,72.0,52.0,1000000.0,96.0,1000000.0,281000.0,813.3498145859086,-16.0,-40.0,56.0,18.0,0,0,0.0,0.0,0.0,0.0,Measured major-flood response,>500-year
ALRF-1979-004,1979,1979-04-26 06:00:00+00:00,1979-04-27 14:00:00+00:00,1979-04-25 18:00:00+00:00,1979-04-28 02:00:00+00:00,12.295835494995115,0.2884049673683522,31501090504,1979-04-26 04:00:00+00:00,0,34.625,0.5793358054864681,31501090504,1979-04-26 05:00:00+00:00,0,49.55257797241211,0.6791845002279994,31501090504,1979-04-26 06:00:00+00:00,0,96.60475158691406,0.9182149406572084,31501090502,1979-04-26 06:00:00+00:00,0,154.0158233642578,1.1509439625491726,31501090502,1979-04-27 02:00:00+00:00,11,1.1509439625491726,1979-04-27 02:00:00+00:00,72,11,1,11,4,AL-RF-19790427-0004,2.0,0.5648412094188779,11,2–5-year,Convective candidate,Thunderstorm-associated rainfall,,Low,3 convective/heavy-rain NOAA Storm Events records; rainfall duration signature was not decisive.,,,3,Hail; Thunderstorm Wind,0,3,0,0.1272798210544821,0.3584192229804382,0.5129414149761597,0.6272391334651201,0.0,0.0,0.0,,,,,,,,,0.0,0,0,0.0,0.0,0.0,0.0,Rainfall hazard without matched flood evidence,Insufficient record
ALRF-1979-005,1979,1979-09-13 08:00:00+00:00,1979-09-16 09:00:00+00:00,1979-09-12 20:00:00+00:00,1979-09-16 21:00:00+00:00,49.62803268432617,1.22635076776602,60300050803,1979-09-13 12:00:00+00:00,26,98.4223861694336,1.7515854809289595,60300050702,1979-09-13 12:00:00+00:00,70,111.36170196533205,1.6112707873456915,60300050702,1979-09-13 14:00:00+00:00,109,166.92913818359375,1.386749212674519,31700020605,1979-09-13 21:00:00+00:00,170,172.9498291015625,1.125570275606569,31700020607,1979-09-15 21:00:00+00:00,26,1.7515854809289595,1979-09-13 12:00:00+00:00,3,182,3,86,5,AL-RF-19790913-0005,25.0,0.8625918775114071,182,25–50-year,Tropical cyclone,Hurricane,Frederic,High,HURDAT2 track within 0 km of rainfall footprint; track status=HU; 0 matching tropical NOAA Storm Events records.,Frederic,0.0,1,Tornado,0,1,0,0.2972999994149838,0.5896057886621666,0.6671196124121425,0.965188222797068,4.0,4.0,1.0,10.0,10.0,3.7701698527332344,26100.0,526.4227642276422,-12.0,-36.0,12.0,1.0,0,0,0.0,0.0,0.0,0.0,Measured major-flood response,10–25-year
ALRF-1979-006,1979,1979-09-27 11:00:00+00:00,1979-09-30 06:00:00+00:00,1979-09-26 23:00:00+00:00,1979-09-30 18:00:00+00:00,16.418991088867188,0.3854062410537619,31501070301,1979-09-27 10:00:00+00:00,0,45.03668212890625,0.7594292184546032,31501070301,1979-09-27 11:00:00+00:00,0,74.30619049072266,1.0195126919662325,31501070803,1979-09-27 11:00:00+00:00,3,127.01192474365234,1.254776133453693,60300010802,1979-09-28 06:00:00+00:00,67,134.60719299316406,1.0436798749448633,60300010805,1979-09-28 18:00:00+00:00,7,1.254776133453693,1979-09-28 06:00:00+00:00,24,68,4,56,6,AL-RF-19790928-0006,5.0,0.5941912053014833,68,5–10-year,Unclassified,Insufficient external evidence,,Low,No nearby HURDAT2 track and no matching Alabama NOAA Storm Events record within the configured time buffer.,,,0,,0,0,0,0.1292712563958508,0.3545862502265327,0.5850331820472333,0.9435745736864342,0.0,0.0,0.0,,,,,,,,,0.0,0,0,0.0,0.0,0.0,0.0,Rainfall hazard without matched flood evidence,Insufficient record
ALRF-1980-001,1980,1980-03-18 00:00:00+00:00,1980-03-18 00:00:00+00:00,1980-03-17 12:00:00+00:00,1980-03-18 12:00:00+00:00,39.8348503112793,0.7493172439486075,31602030801,1980-03-17 12:00:00+00:00,0,34.50633239746094,0.5957789948195606,60300050507,1980-03-17 12:00:00+00:00,0,68.73963928222656,0.9466645875207312,31502020204,1980-03-17 12:00:00+00:00,0,106.1926498413086,1.0178258572383516,31601110410,1980-03-18 00:00:00+00:00,3,120.75938415527344,0.8711334809821447,60300060104,1980-03-18 02:00:00+00:00,0,1.0178258572383516,1980-03-18 00:00:00+00:00,24,3,1,3,7,AL-RF-19800318-0007,2.0,0.4450336314533978,3,2–5-year,Convective candidate,Thunderstorm-associated rainfall,,Low,4 convective/heavy-rain NOAA Storm Events records; rainfall duration signature was not decisive.,,,4,Thunderstorm Wind; Tornado,0,4,0,0.3751187146267412,0.3249408734881958,0.647310707331903,0.8793738936658139,0.0,0.0,0.0,,,,,,,,,0.0,0,0,0.0,0.0,0.0,0.0,Rainfall hazard without matched flood evidence,Insufficient record
ALRF-1980-002,1980,1980-03-28 14:00:00+00:00,1980-03-29 09:00:00+00:00,1980-03-28 02:00:00+00:00,1980-03-29 21:00:00+00:00,43.00092315673828,0.7156672116571402,31602040504,1980-03-28 12:00:00+00:00,0,79.99942779541016,0.984844186193902,31602040102,1980-03-28 13:00:00+00:00,0,101.84033203125,1.0180849777995626,31700080205,1980-03-28 14:00:00+00:00,2,115.5280532836914,1.0200194474754594,31502030605,1980-03-28 16:00:00+00:00,2,153.01649475097656,1.0707476036953003,31502030605,1980-03-28 18:00:00+00:00,10,1.0707476036953003,1980-03-28 18:00:00+00:00,72,12,3,6,8,AL-RF-19800328-0008,2.0,0.4701974645120871,12,2–5-year,Unclassified,Insufficient external evidence,,Low,No nearby HURDAT2 track and no matching Alabama NOAA Storm Events record within the configured time buffer.,,,0,,0,0,0,0.3722119600781721,0.6924675481111333,0.8815203678812993,0.755003919490543,2.0,2.0,2.0,31.97901179906444,13.5,31.97901179906444,250000.0,13.574414942715968,30.0,30.0,30.0,0.0,0,0,0.0,0.0,0.0,0.0,Measured major-flood response,25–50-year
ALRF-1980-003,1980,1980-03-30 00:00:00+00:00,1980-03-30 17:00:00+00:00,1980-03-29 12:00:00+00:00,1980-03-31 05:00:00+00:00,16.958406448364258,0.2990641565538906,31403050301,1980-03-29 21:00:00+00:00,0,33.816200256347656,0.5252190027222384,31402020102,1980-03-30 06:00:00+00:00,0,45.62144470214844,0.5891937488907373,31402020102,1980-03-30 06:00:00+00:00,0,84.28107452392578,0.5559851291651023,31700090203,1980-03-30 12:00:00+00:00,0,149.2910919189453,1.0463034738055397,31602010909,1980-03-30 04:00:00+00:00,7,1.0463034738055397,1980-03-30 04:00:00+00:00,72,7,2,5,9,AL-RF-19800330-0009,2.0,0.4713783653781711,7,2–5-year,Unclassified,Insufficient external evidence,,Low,No nearby HURDAT2 track and no matching Alabama NOAA Storm Events record within the configured time buffer.,,,0,,0,0,0,0.2012125087886734,0.4012312425697407,0.5413011753806887,0.5645418855244527,2.0,2.0,2.0,31.97901179906444,13.5,31.97901179906444,250000.0,13.574414942715968,-4.0,-4.0,-4.0,0.0,0,0,0.0,0.0,0.0,0.0,Measured major-flood response,25–50-year
ALRF-1980-004,1980,1980-04-12 11:00:00+00:00,1980-04-15 06:00:00+00:00,1980-04-11 23:00:00+00:00,1980-04-15 18:00:00+00:00,37.64815902709961,0.8650349452069296,31601090402,1980-04-12 12:00:00+00:00,0,73.24543762207031,1.1911166553515915,31601090402,1980-04-12 13:00:00+00:00,13,93.38348388671876,1.2440058169569,31601090402,1980-04-12 13:00:00+00:00,47,150.23194885253906,1.444141599841248,31601130203,1980-04-12 17:00:00+00:00,160,189.03369140625,1.4484703754995172,31601130201,1980-04-14 03:00:00+00:00,234,1.4484703754995172,1980-04-14 03:00:00+00:00,72,234,4,183,10,AL-RF-19800414-0010,10.0,0.6288946094768038,234,10–25-year,Convective candidate,Thunderstorm-associated rainfall,,Low,17 convective/heavy-rain NOAA Storm Events records; rainfall duration signature was not decisive.,,,17,Hail; Thunderstorm Wind; Tornado,0,17,0,0.2506002172950132,0.4875490079274998,0.6215953703588029,0.7947363654327493,16.0,16.0,2.0,12.720645837096296,12.142857142857142,12.720645837096296,149000.0,660.7142857142857,-3.0,-51.0,69.0,5.0,0,0,0.0,0.0,0.0,0.0,Measured major-flood response,10–25-year
ALRF-1980-005,1980,1980-05-17 10:00:00+00:00,1980-05-19 11:00:00+00:00,1980-05-16 22:00:00+00:00,1980-05-19 23:00:00+00:00,61.280006408691406,1.0400707736637074,31700030402,1980-05-17 12:00:00+00:00,2,86.88729095458984,1.0590182285212404,31700030402,1980-05-17 12:00:00+00:00,1,93.7802963256836,1.054892664874577,31502040603,1980-05-17 12:00:00+00:00,3,144.06369018554688,1.151497651519168,31502040603,1980-05-17 18:00:00+00:00,47,149.67532348632812,1.153554960226285,60300050508,1980-05-19 05:00:00+00:00,75,1.153554960226285,1980-05-19 05:00:00+00:00,72,100,3,40,11,AL-RF-19800519-0011,2.0,0.5605984733457657,100,2–5-year,Convective,Organized or localized severe convection,,Medium,20 convective/heavy-rain NOAA Storm Events records; Rx3h/Rx24h=0.60.,,,20,Hail; Thunderstorm Wind; Tornado,0,20,0,0.425367463028094,0.6031172104690872,0.6509641409636199,0.9625079594279692,3.0,3.0,0.0,8.746238463430394,6.0,8.746238463430394,8000.0,397.9591836734694,-53.0,-53.0,-29.0,0.0,0,0,0.0,0.0,0.0,0.0,Measured annual-peak response,5–10-year
ALRF-1980-006,1980,1980-05-20 03:00:00+00:00,1980-05-20 07:00:00+00:00,1980-05-19 15:00:00+00:00,1980-05-20 19:00:00+00:00,13.17129898071289,0.2966617470504977,31502030209,1980-05-20 07:00:00+00:00,0,34.11518096923828,0.5472244989627623,31502030302,1980-05-20 08:00:00+00:00,0,47.16885757446289,0.6544040075587696,31501090204,1980-05-20 12:00:00+00:00,0,69.99113464355469,0.6629703362815986,31501100102,1980-05-20 13:00:00+00:00,0,184.87908935546875,1.123593703974072,31700030402,1980-05-20 06:00:00+00:00,8,1.123593703974072,1980-05-20 06:00:00+00:00,72,8,4,4,12,AL-RF-19800520-0012,2.0,0.5178286974896661,8,2–5-year,Convective candidate,Thunderstorm-associated rainfall,,Low,10 convective/heavy-rain NOAA Storm Events records; rainfall duration signature was not decisive.,,,10,Hail; Thunderstorm Wind; Tornado,0,10,0,0.1881852472858261,0.4874214590601706,0.6739261738601713,0.3785778850791615,0.0,0.0,0.0,,,,,,,,,0.0,0,0,0.0,0.0,0.0,0.0,Rainfall hazard without matched flood evidence,Insufficient record
ALRF-1980-007,1980,1980-09-29 16:00:00+00:00,1980-10-01 11:00:00+00:00,1980-09-29 04:00:00+00:00,1980-10-01 23:00:00+00:00,16.26906967163086,0.3780774447811578,31501100102,1980-09-30 11:00:00+00:00,0,37.77972412109375,0.6260604907203663,31501100202,1980-09-30 12:00:00+00:00,0,47.46541213989258,0.6463720080838231,31501100202,1980-09-30 14:00:00+00:00,0,86.44882202148438,0.8263741527176511,31601110206,1980-09-30 07:00:00+00:00,0,184.8365631103516,1.3948050277603032,31601090106,1980-09-30 15:00:00+00:00,91,1.3948050277603032,1980-09-30 15:00:00+00:00,72,91,3,87,13,AL-RF-19800930-0013,10.0,0.6739061072361744,91,10–25-year,Unclassified,Insufficient external evidence,,Low,No nearby HURDAT2 track and no matching Alabama NOAA Storm Events record within the configured time buffer.,Ivan,5456.113536590681,0,,0,0,0,0.1881930752924273,0.4370183796339605,0.5490579400618832,0.4677041196111858,0.0,0.0,0.0,,,,,,,,,0.0,0,0,0.0,0.0,0.0,0.0,Rainfall hazard without matched flood evidence,Insufficient record
ALRF-1980-008,1980,1980-10-28 06:00:00+00:00,1980-10-28 09:00:00+00:00,1980-10-27 18:00:00+00:00,1980-10-28 21:00:00+00:00,45.86408615112305,0.875438300202607,31402030203,1980-10-28 12:00:00+00:00,0,72.10167694091797,1.178363452996069,31502020502,1980-10-28 06:00:00+00:00,20,80.90110778808594,1.1115291343822766,31502020602,1980-10-28 09:00:00+00:00,19,84.77503967285156,0.8073733980707208,31601130803,1980-10-28 08:00:00+00:00,0,86.59190368652344,0.659668149648952,31601130803,1980-10-28 09:00:00+00:00,0,1.178363452996069,1980-10-28 06:00:00+00:00,3,24,2,23,14,AL-RF-19801028-0014,2.0,0.5856684422344675,24,2–5-year,Unclassified,Insufficient external evidence,,Low,No nearby HURDAT2 track and no matching Alabama NOAA Storm Events record within the configured time buffer.,,,0,,0,0,0,0.5410093151016313,0.8505059651892782,0.954303390482444,0.9790180844129583,0.0,0.0,0.0,,,,,,,,,0.0,0,0,0.0,0.0,0.0,0.0,Rainfall hazard without matched flood evidence,Insufficient record
ALRF-1981-001,1981,1981-02-10 10:00:00+00:00,1981-02-13 09:00:00+00:00,1981-02-09 22:00:00+00:00,1981-02-13 21:00:00+00:00,48.54228210449219,1.131129951472676,31501060805,1981-02-10 12:00:00+00:00,13,80.57838439941406,1.185326031205611,31300040603,1981-02-11 06:00:00+00:00,19,149.02880859375,1.3900880518377972,31700090102,1981-02-10 12:00:00+00:00,154,147.83363342285156,1.400310398784254,31501100102,1981-02-11 07:00:00+00:00,328,148.6652069091797,1.1039825245085202,31501100102,1981-02-11 09:00:00+00:00,15,1.400310398784254,1981-02-11 07:00:00+00:00,24,382,7,292,15,AL-RF-19810211-0015,5.0,0.6779261403601519,382,5–10-year,Convective candidate,Thunderstorm-associated rainfall,,Low,6 convective/heavy-rain NOAA Storm Events records; rainfall duration signature was not decisive.,,,6,Thunderstorm Wind; Tornado,0,6,0,0.3283574987678596,0.5450612457649205,1.008084595793434,0.9944064014464652,20.0,20.0,1.0,13.159133439587805,25.0,13.159133439587805,29400.0,167.66467065868264,-7.0,-31.0,41.0,5.0,0,0,0.0,0.0,0.0,0.0,Measured major-flood response,10–25-year
ALRF-1981-002,1981,1981-04-01 06:00:00+00:00,1981-04-02 10:00:00+00:00,1981-03-31 18:00:00+00:00,1981-04-02 22:00:00+00:00,16.546016693115234,0.3800116289699705,31501100303,1981-04-01 06:00:00+00:00,0,39.16377639770508,0.6573325573098973,31502011102,1981-04-01 04:00:00+00:00,0,69.08290100097656,0.9412703097253328,31501100102,1981-04-01 11:00:00+00:00,0,109.88614654541016,1.0408640451238675,31501100102,1981-04-01 15:00:00+00:00,1,167.24183654785156,1.2609628526936207,31602020405,1981-04-01 12:00:00+00:00,131,1.2609628526936207,1981-04-01 12:00:00+00:00,72,131,1,131,16,AL-RF-19810401-0016,5.0,0.5975762076391101,131,5–10-year,Convective candidate,Thunderstorm-associated rainfall,,Low,6 convective/heavy-rain NOAA Storm Events records; rainfall duration signature was not decisive.,,,6,Hail; Thunderstorm Wind; Tornado,0,6,0,0.1505741825815835,0.3564032194132929,0.6286770732507964,0.6570493891578936,14.0,14.0,0.0,6.5,8.0,6.062995625590109,123000.0,616.8316831683168,0.0,-12.0,36.0,5.0,0,0,0.0,0.0,0.0,0.0,Measured annual-peak response,5–10-year
ALRF-1982-001,1982,1982-01-03 12:00:00+00:00,1982-01-06 00:00:00+00:00,1982-01-03 00:00:00+00:00,1982-01-06 12:00:00+00:00,27.14162254333496,0.6674773598782484,60300020903,1982-01-03 11:00:00+00:00,0,58.01124572753906,0.9975465780409508,60300020903,1982-01-03 12:00:00+00:00,0,77.10099792480469,1.0883092938279515,60300021009,1982-01-03 12:00:00+00:00,21,120.84358215332033,1.1930355001793824,60300020504,1982-01-04 06:00:00+00:00,108,145.964599609375,1.0918109870809165,60300021009,1982-01-04 07:00:00+00:00,26,1.1930355001793824,1982-01-04 06:00:00+00:00,24,109,2,98,17,AL-RF-19820104-0017,2.0,0.5660891035234369,109,2–5-year,Convective candidate,Thunderstorm-associated rainfall,,Low,17 convective/heavy-rain NOAA Storm Events records; rainfall duration signature was not decisive.,,,17,Hail; Thunderstorm Wind; Tornado,0,17,0,0.2246012743059786,0.4800523510957933,0.6380231084757384,0.8278965069387878,5.0,5.0,0.0,3.586448915637436,3.347826086956522,3.586448915637436,189000.0,88.23529411764706,-6.0,-30.0,18.0,2.0,0,0,0.0,0.0,0.0,0.0,Measured annual-peak response,2–5-year
ALRF-1982-002,1982,1982-02-02 12:00:00+00:00,1982-02-02 12:00:00+00:00,1982-02-02 00:00:00+00:00,1982-02-03 00:00:00+00:00,42.79749298095703,1.0255839540963925,31501060508,1982-02-02 12:00:00+00:00,3,73.59806823730469,1.0040374428818797,31602030702,1982-02-02 12:00:00+00:00,1,97.87821197509766,0.984977279601238,31700080302,1982-02-02 13:00:00+00:00,0,113.9123306274414,0.8280133467694043,31700080302,1982-02-03 00:00:00+00:00,0,108.60537719726562,0.7478948003511408,31602030204,1982-02-03 00:00:00+00:00,0,1.0255839540963925,1982-02-02 12:00:00+00:00,1,4,2,3,18,AL-RF-19820202-0018,2.0,0.4725393735380284,4,2–5-year,Unclassified,Insufficient external evidence,,Low,No nearby HURDAT2 track and no matching Alabama NOAA Storm Events record within the configured time buffer.,,,0,,0,0,0,0.3757055337663958,0.6460939551663862,0.8592415890007158,1.0488645550260047,0.0,0.0,0.0,,,,,,,,,0.0,0,0,0.0,0.0,0.0,0.0,Rainfall hazard without matched flood evidence,Insufficient record
ALRF-1982-003,1982,1982-02-03 09:00:00+00:00,1982-02-03 21:00:00+00:00,1982-02-02 21:00:00+00:00,1982-02-04 09:00:00+00:00,55.60926818847656,1.0223257767517455,31402011105,1982-02-03 12:00:00+00:00,5,88.30195617675781,1.095479257571217,31401030601,1982-02-03 12:00:00+00:00,11,91.29539489746094,1.2134996940872618,31501100803,1982-02-03 12:00:00+00:00,63,132.1687469482422,1.19295883439646,31502030701,1982-02-03 10:00:00+00:00,58,141.45579528808594,1.0161738342393418,31502030701,1982-02-03 11:00:00+00:00,3,1.2134996940872618,1982-02-03 12:00:00+00:00,6,127,5,102,19,AL-RF-19820203-0019,2.0,0.5444148513977245,127,2–5-year,Unclassified,Insufficient external evidence,,Low,No nearby HURDAT2 track and no matching Alabama NOAA Storm Events record within the configured time buffer.,,,0,,0,0,0,0.4207444609447147,0.6681001236346533,0.6907487360322223,0.9343466393799564,6.0,6.0,0.0,6.062995625590109,7.333333333333334,6.062995625590109,137000.0,53.44827586206897,-12.0,-36.0,36.0,0.0,0,0,0.0,0.0,0.0,0.0,Measured annual-peak response,5–10-year
ALRF-1982-004,1982,1982-04-25 12:00:00+00:00,1982-04-25 13:00:00+00:00,1982-04-25 00:00:00+00:00,1982-04-26 01:00:00+00:00,26.003347396850582,0.6236922429615648,31501081003,1982-04-25 12:00:00+00:00,0,55.56409454345703,0.9502084920648916,31501081003,1982-04-25 12:00:00+00:00,0,77.43779754638672,1.0789285349214937,31501081003,1982-04-25 12:00:00+00:00,7,97.75428009033205,1.0161925870731965,31501050101,1982-04-25 23:00:00+00:00,1,101.00794219970705,0.8170230886779893,31501050101,1982-04-26 01:00:00+00:00,0,1.0789285349214937,1982-04-25 12:00:00+00:00,6,8,2,7,20,AL-RF-19820425-0020,2.0,0.5101365056306584,8,2–5-year,Convective,Organized or localized severe convection,,Medium,35 convective/heavy-rain NOAA Storm Events records; Rx3h/Rx24h=0.57.,,,35,Hail; Thunderstorm Wind; Tornado,0,35,0,0.2660072517829563,0.5684057464503016,0.7921678465109516,0.9677880566763548,0.0,0.0,0.0,,,,,,,,,0.0,0,0,0.0,0.0,0.0,0.0,Rainfall hazard without matched flood evidence,Insufficient record
ALRF-1982-005,1982,1982-10-13 10:00:00+00:00,1982-10-13 11:00:00+00:00,1982-10-12 22:00:00+00:00,1982-10-13 23:00:00+00:00,10.169272422790527,0.238705352692276,31501070301,1982-10-13 09:00:00+00:00,0,25.667856216430664,0.4328231802257425,31501070301,1982-10-13 10:00:00+00:00,0,38.18505096435547,0.530461862384228,31501070301,1982-10-13 11:00:00+00:00,0,114.75474548339844,1.1036166244060406,31501070301,1982-10-13 10:00:00+00:00,3,123.70655822753906,0.9315837901386712,31501070105,1982-10-13 16:00:00+00:00,0,1.1036166244060406,1982-10-13 10:00:00+00:00,24,3,1,3,21,AL-RF-19821013-0021,2.0,0.4853495057462432,3,2–5-year,Unclassified,Insufficient external evidence,,Low,No nearby HURDAT2 track and no matching Alabama NOAA Storm Events record within the configured time buffer.,,,0,,0,0,0,0.0886174456659983,0.2236757713879817,0.3327535676498859,0.9276367164974784,0.0,0.0,0.0,,,,,,,,,0.0,0,0,0.0,0.0,0.0,0.0,Rainfall hazard without matched flood evidence,Insufficient record
ALRF-1982-006,1982,1982-12-01 03:00:00+00:00,1982-12-01 17:00:00+00:00,1982-11-30 15:00:00+00:00,1982-12-02 05:00:00+00:00,12.272132873535156,0.3158598876482579,31501050703,1982-12-01 02:00:00+00:00,0,30.85699844360352,0.5850281968976274,31501050703,1982-12-01 03:00:00+00:00,0,48.149192810058594,0.737347882508729,31501050703,1982-12-01 04:00:00+00:00,0,98.3547821044922,0.9409309104843476,31502020301,1982-12-01 09:00:00+00:00,0,152.1708984375,1.1192844339070207,31501050701,1982-12-01 08:00:00+00:00,16,1.1192844339070207,1982-12-01 08:00:00+00:00,72,16,2,9,22,AL-RF-19821201-0022,2.0,0.5448786744850171,16,2–5-year,Unclassified,Insufficient external evidence,,Low,No nearby HURDAT2 track and no matching Alabama NOAA Storm Events record within the configured time buffer.,,,0,,0,0,0,0.124774135135567,0.3137315520746212,0.4895460269425929,0.646344229510406,1.0,1.0,0.0,3.626673785577094,3.25,3.626673785577094,12500.0,62.18905472636816,-8.0,-8.0,-8.0,0.0,0,0,0.0,0.0,0.0,0.0,Measured annual-peak response,2–5-year
ALRF-1982-007,1982,1982-12-05 12:00:00+00:00,1982-12-05 13:00:00+00:00,1982-12-05 00:00:00+00:00,1982-12-06 01:00:00+00:00,43.0238037109375,1.0130743894947738,31300021306,1982-12-05 12:00:00+00:00,1,64.83390808105469,1.0952039715418331,31300030402,1982-12-05 12:00:00+00:00,16,66.73146057128906,0.9297743347541324,31300030402,1982-12-05 12:00:00+00:00,0,80.21749877929688,0.7867543341658868,31300030301,1982-12-05 16:00:00+00:00,0,101.7039031982422,0.7562040961867762,60300060303,1982-12-05 10:00:00+00:00,0,1.0952039715418331,1982-12-05 12:00:00+00:00,3,16,1,16,23,AL-RF-19821205-0023,2.0,0.5490192283520914,16,2–5-year,Unclassified,Insufficient external evidence,,Low,No nearby HURDAT2 track and no matching Alabama NOAA Storm Events record within the configured time buffer.,,,0,,0,0,0,0.5363393818761325,0.8082264975555122,0.8318815917570296,0.7887356950591776,0.0,0.0,0.0,,,,,,,,,0.0,0,0,0.0,0.0,0.0,0.0,Rainfall hazard without matched flood evidence,Insufficient record
ALRF-1982-008,1982,1982-12-26 14:00:00+00:00,1982-12-28 21:00:00+00:00,1982-12-26 02:00:00+00:00,1982-12-29 09:00:00+00:00,18.46257209777832,0.4390990207229038,31300021109,1982-12-28 12:00:00+00:00,0,39.17547607421875,0.6675026867667934,60300051203,1982-12-26 06:00:00+00:00,0,56.48940658569336,0.797156950252715,60300051203,1982-12-26 09:00:00+00:00,0,115.67822265625,1.1052670936688354,60300060302,1982-12-26 19:00:00+00:00,8,151.4098358154297,1.1500838088164786,60300051202,1982-12-27 00:00:00+00:00,11,1.1500838088164786,1982-12-27 00:00:00+00:00,72,11,1,11,24,AL-RF-19821227-0024,2.0,0.5350581566848978,11,2–5-year,Unclassified,Insufficient external evidence,,Low,No nearby HURDAT2 track and no matching Alabama NOAA Storm Events record within the configured time buffer.,,,0,,0,0,0,0.1596028333927795,0.3386590420794482,0.4883322486165574,0.7640073185024986,0.0,0.0,0.0,,,,,,,,,0.0,0,0,0.0,0.0,0.0,0.0,Rainfall hazard without matched flood evidence,Insufficient record
ALRF-1983-001,1983,1983-02-01 12:00:00+00:00,1983-02-04 08:00:00+00:00,1983-02-01 00:00:00+00:00,1983-02-04 20:00:00+00:00,35.295372009277344,0.7770161732252489,31502010404,1983-02-01 12:00:00+00:00,0,76.3143539428711,1.1085950730342116,31602030602,1983-02-01 12:00:00+00:00,16,94.0255889892578,1.0774536445577545,31602030701,1983-02-01 12:00:00+00:00,19,150.14430236816406,1.3561725165511145,31602010602,1983-02-02 05:00:00+00:00,209,150.58712768554688,1.0777914653574516,31602010602,1983-02-02 03:00:00+00:00,30,1.3561725165511145,1983-02-02 05:00:00+00:00,24,220,4,208,25,AL-RF-19830202-0025,5.0,0.5993453416725509,220,5–10-year,Convective candidate,Thunderstorm-associated rainfall,,Low,14 convective/heavy-rain NOAA Storm Events records; rainfall duration signature was not decisive.,,,14,Thunderstorm Wind; Tornado,0,14,0,0.2350763329182527,0.5082733925909696,0.6262348121522497,0.9970593414975848,6.0,6.0,1.0,13.532056674553294,7.5,13.532056674553294,34000.0,112.06225680933852,-5.0,-29.0,-5.0,1.0,0,0,0.0,0.0,0.0,0.0,Measured major-flood response,10–25-year
ALRF-1983-002,1983,1983-03-05 20:00:00+00:00,1983-03-06 05:00:00+00:00,1983-03-05 08:00:00+00:00,1983-03-06 17:00:00+00:00,34.86680221557617,0.8362828733874378,31501081003,1983-03-05 12:00:00+00:00,0,45.51231002807617,0.7211798389277971,31602020405,1983-03-05 20:00:00+00:00,0,62.08326721191406,0.8454342707043074,31501100202,1983-03-06 03:00:00+00:00,0,118.36266326904295,1.1307784700907957,31601060402,1983-03-06 01:00:00+00:00,18,124.1766128540039,0.9375193487111446,31601060402,1983-03-06 03:00:00+00:00,0,1.1307784700907957,1983-03-06 01:00:00+00:00,24,18,2,16,26,AL-RF-19830306-0026,2.0,0.4938181108462371,18,2–5-year,Convective candidate,Thunderstorm-associated rainfall,,Low,14 convective/heavy-rain NOAA Storm Events records; rainfall duration signature was not decisive.,,,14,Thunderstorm Wind,0,14,0,0.294576019604447,0.3845157651161068,0.5245173224160762,0.9531799954006116,0.0,0.0,0.0,,,,,,,,,0.0,0,0,0.0,0.0,0.0,0.0,Rainfall hazard without matched flood evidence,Insufficient record
ALRF-1983-003,1983,1983-04-05 09:00:00+00:00,1983-04-10 06:00:00+00:00,1983-04-04 21:00:00+00:00,1983-04-10 18:00:00+00:00,24.287776947021484,0.6198433158417426,60300010303,1983-04-05 12:00:00+00:00,0,59.69881820678711,1.0575149845239764,60300050801,1983-04-05 09:00:00+00:00,3,94.19070434570312,1.362380213269855,60300050801,1983-04-05 12:00:00+00:00,49,209.92474365234372,1.5259146099800118,31700080302,1983-04-07 21:00:00+00:00,156,246.2578582763672,1.4443149964822666,31700080302,1983-04-08 19:00:00+00:00,195,1.5259146099800118,1983-04-07 21:00:00+00:00,24,254,4,159,27,AL-RF-19830407-0027,10.0,0.6700666340152794,254,10–25-year,Convective candidate,Thunderstorm-associated rainfall,,Low,6 convective/heavy-rain NOAA Storm Events records; rainfall duration signature was not decisive.,,,6,Hail; Thunderstorm Wind,0,6,0,0.1156975424833408,0.2843819988445683,0.4486879569646744,0.8524590651509364,10.0,10.0,4.0,23.075807947381715,24.0,23.075807947381715,160000.0,565.3061224489796,3.0,-69.0,171.0,2.0,0,0,0.0,0.0,0.0,0.0,Measured major-flood response,10–25-year
ALRF-1983-004,1983,1983-04-14 11:00:00+00:00,1983-04-14 14:00:00+00:00,1983-04-13 23:00:00+00:00,1983-04-15 02:00:00+00:00,31.9493408203125,0.5614051603720812,31700080201,1983-04-14 12:00:00+00:00,0,81.30502319335938,1.0236146049074153,31700080201,1983-04-14 12:00:00+00:00,1,115.86196899414062,1.2147757001700528,31700080201,1983-04-14 12:00:00+00:00,14,115.9927978515625,0.8775200132904402,31700080201,1983-04-14 13:00:00+00:00,0,93.22965240478516,0.7113487233876093,31601060602,1983-04-14 13:00:00+00:00,0,1.2147757001700528,1983-04-14 12:00:00+00:00,6,14,2,8,28,AL-RF-19830414-0028,2.0,0.5329541040378054,14,2–5-year,Convective candidate,Thunderstorm-associated rainfall,,Low,1 convective/heavy-rain NOAA Storm Events records; rainfall duration signature was not decisive.,,,1,Tornado,0,1,0,0.2754424534288628,0.7009488925114685,0.9988720949934384,1.2441620756875094,1.0,1.0,0.0,4.859954663010571,4.238095238095238,4.859954663010571,34400.0,12.788104089219331,12.0,12.0,12.0,0.0,0,0,0.0,0.0,0.0,0.0,Measured annual-peak response,2–5-year
ALRF-1983-005,1983,1983-04-23 08:00:00+00:00,1983-04-23 19:00:00+00:00,1983-04-22 20:00:00+00:00,1983-04-24 07:00:00+00:00,20.772327423095703,0.4696846387572945,31502020505,1983-04-23 02:00:00+00:00,0,57.69641876220703,0.6651884470792081,31602040502,1983-04-23 00:00:00+00:00,0,90.35394287109376,0.8561852772568267,31602040501,1983-04-23 02:00:00+00:00,0,156.36537170410156,1.0748966220602447,31401060501,1983-04-23 10:00:00+00:00,5,161.7809600830078,0.8846243315511132,31401060501,1983-04-23 10:00:00+00:00,0,1.0748966220602447,1983-04-23 10:00:00+00:00,24,5,1,5,29,AL-RF-19830423-0029,2.0,0.4033510752889233,5,2–5-year,Convective candidate,Thunderstorm-associated rainfall,,Low,11 convective/heavy-rain NOAA Storm Events records; rainfall duration signature was not decisive.,,,11,Hail; Thunderstorm Wind; Tornado,0,11,0,0.1328448057054747,0.3689846296108898,0.5778385705632785,0.9665251808610384,0.0,0.0,0.0,,,,,,,,,0.0,0,0,0.0,0.0,0.0,0.0,Rainfall hazard without matched flood evidence,Insufficient record
ALRF-1983-006,1983,1983-05-16 10:00:00+00:00,1983-05-16 10:00:00+00:00,1983-05-15 22:00:00+00:00,1983-05-16 22:00:00+00:00,24.313108444213867,0.4574791248375972,31402020507,1983-05-16 09:00:00+00:00,0,57.22346496582031,0.7581938043642396,31402020603,1983-05-16 10:00:00+00:00,0,83.81024932861328,0.9387433441980708,31402020507,1983-05-16 12:00:00+00:00,0,106.05127716064452,1.016597639075091,31502020303,1983-05-16 10:00:00+00:00,3,106.15127563476562,0.7907909427723477,31502020303,1983-05-16 11:00:00+00:00,0,1.016597639075091,1983-05-16 10:00:00+00:00,24,3,2,2,30,AL-RF-19830516-0030,2.0,0.431809370933631,3,2–5-year,Convective candidate,Thunderstorm-associated rainfall,,Low,11 convective/heavy-rain NOAA Storm Events records; rainfall duration signature was not decisive.,,,11,Thunderstorm Wind; Tornado,0,11,0,0.2292580447417414,0.539582987568733,0.790280433885384,0.9990579625772452,0.0,0.0,0.0,,,,,,,,,0.0,0,0,0.0,0.0,0.0,0.0,Rainfall hazard without matched flood evidence,Insufficient record
ALRF-1983-007,1983,1983-05-19 08:00:00+00:00,1983-05-22 09:00:00+00:00,1983-05-18 20:00:00+00:00,1983-05-22 21:00:00+00:00,36.9365119934082,0.9068632471220084,60300020801,1983-05-19 12:00:00+00:00,0,84.66602325439453,1.4773875743152145,60300021104,1983-05-19 12:00:00+00:00,59,105.1625518798828,1.5030678422568609,60300050103,1983-05-19 14:00:00+00:00,117,167.28173828125,1.598127170033644,31601060402,1983-05-19 20:00:00+00:00,280,192.59014892578125,1.4540337897713802,31601060402,1983-05-21 08:00:00+00:00,260,1.598127170033644,1983-05-19 20:00:00+00:00,24,301,2,300,31,AL-RF-19830519-0031,10.0,0.7483463408004588,301,10–25-year,Convective candidate,Thunderstorm-associated rainfall,,Low,13 convective/heavy-rain NOAA Storm Events records; rainfall duration signature was not decisive.,,,13,Thunderstorm Wind; Tornado,0,13,0,0.2208042095503994,0.50612830859066,0.6286553030855855,0.8685892773555911,17.0,17.0,3.0,14.528284296012936,16.6,14.528284296012936,273000.0,676.6917293233082,-20.0,-20.0,76.0,6.0,0,0,0.0,0.0,0.0,0.0,Measured major-flood response,10–25-year
ALRF-1983-008,1983,1983-11-27 14:00:00+00:00,1983-11-28 11:00:00+00:00,1983-11-27 02:00:00+00:00,1983-11-28 23:00:00+00:00,44.00814056396485,1.057049905020062,31501060202,1983-11-27 12:00:00+00:00,1,60.15241241455078,1.162084028024695,60300010204,1983-11-27 14:00:00+00:00,13,81.15699768066406,1.28712548074083,60300010204,1983-11-27 17:00:00+00:00,18,124.08197784423828,1.3044962319766942,60300010204,1983-11-28 09:00:00+00:00,31,124.72925567626952,0.9893110768645164,60300010204,1983-11-28 16:00:00+00:00,0,1.3044962319766942,1983-11-28 09:00:00+00:00,24,32,2,31,32,AL-RF-19831128-0032,5.0,0.5964945255818008,32,5–10-year,Convective candidate,Thunderstorm-associated rainfall,,Low,1 convective/heavy-rain NOAA Storm Events records; rainfall duration signature was not decisive.,,,1,Tornado,0,1,0,0.3546698829962948,0.4847796066731051,0.6540595104193253,0.994810537202986,1.0,1.0,0.0,1.4096050889404141,1.588235294117647,1.4096050889404141,8200.0,62.595419847328245,-9.0,-9.0,-9.0,0.0,0,0,0.0,0.0,0.0,0.0,Measured annual-peak response,<2-year
ALRF-1983-009,1983,1983-12-03 07:00:00+00:00,1983-12-06 05:00:00+00:00,1983-12-02 19:00:00+00:00,1983-12-06 17:00:00+00:00,30.61402130126953,0.7422847130238196,60300050806,1983-12-03 12:00:00+00:00,0,70.06037902832031,1.1613422593232663,60300060207,1983-12-03 12:00:00+00:00,31,94.80884552001952,1.292851872584905,31601050203,1983-12-03 09:00:00+00:00,162,147.64169311523438,1.40385946742621,31601050203,1983-12-04 01:00:00+00:00,252,178.6298828125,1.31924835054035,31601050203,1983-12-05 03:00:00+00:00,199,1.40385946742621,1983-12-04 01:00:00+00:00,24,274,3,250,33,AL-RF-19831204-0033,5.0,0.611901324986001,274,5–10-year,Convective candidate,Thunderstorm-associated rainfall,,Low,54 convective/heavy-rain NOAA Storm Events records; rainfall duration signature was not decisive.,,,54,Thunderstorm Wind; Tornado,0,54,0,0.2073534965314661,0.4745297723837274,0.6421549598867117,0.8265229243318007,19.0,19.0,6.0,1000000.0,73.0,1000000.0,122000.0,618.6666666666666,-25.0,-25.0,71.0,7.0,0,0,0.0,0.0,0.0,0.0,Measured major-flood response,>500-year
ALRF-1983-010,1983,1983-12-28 10:00:00+00:00,1983-12-28 11:00:00+00:00,1983-12-27 22:00:00+00:00,1983-12-28 23:00:00+00:00,23.509227752685547,0.5899230873604271,60300050104,1983-12-28 09:00:00+00:00,0,37.198036193847656,0.6279414822477196,31501070701,1983-12-28 08:00:00+00:00,0,58.128047943115234,0.8057364828104148,31501070101,1983-12-28 11:00:00+00:00,0,111.64977264404295,1.0648977349925275,31601120202,1983-12-28 10:00:00+00:00,4,122.6943130493164,0.9246568180466748,31601120202,1983-12-28 12:00:00+00:00,0,1.0648977349925275,1983-12-28 10:00:00+00:00,24,4,1,4,34,AL-RF-19831228-0034,2.0,0.4569924949181898,4,2–5-year,Convective candidate,Thunderstorm-associated rainfall,,Low,2 convective/heavy-rain NOAA Storm Events records; rainfall duration signature was not decisive.,,,2,Thunderstorm Wind; Tornado,0,2,0,0.2105622536969839,0.333167146810418,0.5206284488230585,0.9099832736270822,0.0,0.0,0.0,,,,,,,,,0.0,0,0,0.0,0.0,0.0,0.0,Rainfall hazard without matched flood evidence,Insufficient record
ALRF-1984-001,1984,1984-05-03 04:00:00+00:00,1984-05-04 22:00:00+00:00,1984-05-02 16:00:00+00:00,1984-05-05 10:00:00+00:00,58.744178771972656,1.156393173155814,31402010701,1984-05-03 12:00:00+00:00,6,72.77112579345703,1.033073617064233,31402010701,1984-05-03 14:00:00+00:00,2,80.00505828857422,0.9475385559979912,31402010701,1984-05-03 17:00:00+00:00,0,124.1620635986328,1.1651877317005084,60300060201,1984-05-03 07:00:00+00:00,14,144.33224487304688,1.0502512333962069,60300060201,1984-05-04 01:00:00+00:00,4,1.1651877317005084,1984-05-03 07:00:00+00:00,24,20,2,14,35,AL-RF-19840503-0035,2.0,0.5573762502633466,20,2–5-year,Convective,Organized or localized severe convection,,Medium,89 convective/heavy-rain NOAA Storm Events records; Rx3h/Rx24h=0.59.,,,89,Hail; Thunderstorm Wind; Tornado,0,89,0,0.4731250195862523,0.5860979085262106,0.6443599274187255,0.8602517317446594,0.0,0.0,0.0,,,,,,,,,0.0,0,0,0.0,0.0,0.0,0.0,Rainfall hazard without matched flood evidence,Insufficient record
ALRF-1984-002,1984,1984-07-31 00:00:00+00:00,1984-08-04 11:00:00+00:00,1984-07-30 12:00:00+00:00,1984-08-04 23:00:00+00:00,28.035972595214844,0.466604548469311,31602040504,1984-08-01 17:00:00+00:00,0,68.70443725585938,0.8104132888944395,31602040504,1984-08-01 18:00:00+00:00,0,89.64044189453125,0.8683058220865265,31602040504,1984-08-01 19:00:00+00:00,0,90.20914459228516,0.934742053912854,31501050301,1984-07-31 02:00:00+00:00,0,161.2891845703125,1.183809880267794,31502010406,1984-08-02 22:00:00+00:00,59,1.183809880267794,1984-08-02 22:00:00+00:00,72,59,4,26,36,AL-RF-19840802-0036,2.0,0.5801612807154058,59,2–5-year,Convective,Organized or localized severe convection,,Medium,3 convective/heavy-rain NOAA Storm Events records; Rx3h/Rx24h=0.76.,,,3,Thunderstorm Wind,0,3,0,0.3107885871429993,0.7616127784647577,0.9936957311775404,0.5593006427096129,2.0,2.0,0.0,4.271700262801481,4.3,4.271700262801481,47900.0,29.444444444444443,-46.0,-70.0,-22.0,1.0,0,0,0.0,0.0,0.0,0.0,Measured annual-peak response,2–5-year
ALRF-1984-003,1984,1984-10-22 20:00:00+00:00,1984-10-24 10:00:00+00:00,1984-10-22 08:00:00+00:00,1984-10-24 22:00:00+00:00,7.545125484466553,0.1822569431645433,60300021005,1984-10-22 23:00:00+00:00,0,20.899696350097656,0.3439780243144174,31601030302,1984-10-22 21:00:00+00:00,0,36.90520477294922,0.4957970403723574,31601030303,1984-10-22 22:00:00+00:00,0,98.82218170166016,0.9429217325434904,31602010401,1984-10-22 08:00:00+00:00,0,158.5679931640625,1.136526608872991,31601030303,1984-10-23 15:00:00+00:00,28,1.136526608872991,1984-10-23 15:00:00+00:00,72,28,3,22,37,AL-RF-19841023-0037,2.0,0.5398253062030852,28,2–5-year,Convective candidate,Thunderstorm-associated rainfall,,Low,1 convective/heavy-rain NOAA Storm Events records; rainfall duration signature was not decisive.,Unnamed,1190.8156576893837,1,Thunderstorm Wind,0,1,0,0.0763505253025576,0.2114879067656381,0.3734506174369274,0.6232164494849456,0.0,0.0,0.0,,,,,,,,,0.0,0,0,0.0,0.0,0.0,0.0,Rainfall hazard without matched flood evidence,Insufficient record
ALRF-1984-004,1984,1984-11-27 12:00:00+00:00,1984-11-27 12:00:00+00:00,1984-11-27 00:00:00+00:00,1984-11-28 00:00:00+00:00,52.30021286010742,1.2218911387482791,31601050205,1984-11-27 12:00:00+00:00,11,55.96041488647461,0.9270699000482718,31601050503,1984-11-27 14:00:00+00:00,0,60.89125061035156,0.8326517478942124,31601050503,1984-11-27 17:00:00+00:00,0,84.15165710449219,0.8114989008802733,31601050503,1984-11-28 00:00:00+00:00,0,84.15165710449219,0.6280015125673363,31601050503,1984-11-28 00:00:00+00:00,0,1.2218911387482791,1984-11-27 12:00:00+00:00,1,11,1,11,38,AL-RF-19841127-0038,5.0,0.5728203858134813,11,5–10-year,Unclassified,Insufficient external evidence,,Low,No nearby HURDAT2 track and no matching Alabama NOAA Storm Events record within the configured time buffer.,Unnamed,2054.8692973506004,0,,0,0,0,0.6214995005406201,0.6649948059488341,0.7235894420325213,1.0,0.0,0.0,0.0,,,,,,,,,0.0,0,0,0.0,0.0,0.0,0.0,Rainfall hazard without matched flood evidence,Insufficient record
ALRF-1985-001,1985,1985-07-27 13:00:00+00:00,1985-07-30 08:00:00+00:00,1985-07-27 01:00:00+00:00,1985-07-30 20:00:00+00:00,23.38406753540039,0.5410027142889808,31501070401,1985-07-27 12:00:00+00:00,0,47.74590301513672,0.7970710191438886,31501070401,1985-07-27 12:00:00+00:00,0,63.54478454589844,0.8972784749509084,31300020908,1985-07-28 12:00:00+00:00,0,121.99363708496094,1.1780948486771263,31601110308,1985-07-27 19:00:00+00:00,26,177.9498291015625,1.3855682607897608,60300010803,1985-07-29 08:00:00+00:00,116,1.3855682607897608,1985-07-29 08:00:00+00:00,72,116,1,116,39,AL-RF-19850729-0039,10.0,0.6912835613067649,116,10–25-year,Tropical cyclone,Tropical depression,Bob,High,HURDAT2 track within 552 km of rainfall footprint; track status=TD; 0 matching tropical NOAA Storm Events records.,Bob,552.2936374567983,1,Thunderstorm Wind,0,1,0,0.1916826819345901,0.3913802732341251,0.5208860565542731,0.6855507403456661,3.0,3.0,0.0,1.7562358870766086,1.9545454545454544,1.7562358870766086,21500.0,58.659217877094974,-32.0,-56.0,-32.0,0.0,0,0,0.0,0.0,0.0,0.0,Measured annual-peak response,<2-year
ALRF-1985-002,1985,1985-10-29 15:00:00+00:00,1985-10-31 01:00:00+00:00,1985-10-29 03:00:00+00:00,1985-10-31 13:00:00+00:00,5.760408401489258,0.1012203356756181,31700080201,1985-10-29 12:00:00+00:00,0,15.152667999267578,0.1846869829367968,31700030402,1985-10-30 00:00:00+00:00,0,25.375938415527344,0.2536733665571276,31700080303,1985-10-30 02:00:00+00:00,0,87.40370178222656,0.5993820887308866,31602040304,1985-10-29 03:00:00+00:00,0,190.37225341796875,1.156978142295566,31700030402,1985-10-30 07:00:00+00:00,39,1.156978142295566,1985-10-30 07:00:00+00:00,72,39,2,28,40,AL-RF-19851030-0040,2.0,0.502341540999392,39,2–5-year,Tropical cyclone,Tropical storm,Juan,High,HURDAT2 track within 2 km of rainfall footprint; track status=TS; 0 matching tropical NOAA Storm Events records.,Juan,1.7223478599254225,7,Thunderstorm Wind; Tornado,0,7,0,0.06590577154091,0.1733641446562719,0.2903302480111604,0.4591199621424282,2.0,2.0,0.0,2.779517004474387,2.611111111111111,2.779517004474387,16000.0,21.530249110320284,29.0,17.0,41.0,0.0,0,0,0.0,0.0,0.0,0.0,Measured annual-peak response,2–5-year
ALRF-1986-001,1986,1986-03-13 09:00:00+00:00,1986-03-13 10:00:00+00:00,1986-03-12 21:00:00+00:00,1986-03-13 22:00:00+00:00,36.424537658691406,0.850667440783122,31300030304,1986-03-13 12:00:00+00:00,0,63.52866363525391,1.07282226072994,31300030304,1986-03-13 12:00:00+00:00,1,80.79312896728516,1.1016239768460123,31502010807,1986-03-13 09:00:00+00:00,15,112.08068084716795,0.9946982767912128,31502030404,1986-03-13 21:00:00+00:00,0,110.88582611083984,0.8228822408570076,31502010503,1986-03-13 22:00:00+00:00,0,1.1016239768460123,1986-03-13 09:00:00+00:00,6,16,3,12,41,AL-RF-19860313-0041,2.0,0.5217678488624798,16,2–5-year,Convective,Organized or localized severe convection,,Medium,24 convective/heavy-rain NOAA Storm Events records; Rx3h/Rx24h=0.57.,,,24,Hail; Thunderstorm Wind; Tornado,0,24,0,0.3249849785295248,0.5668118997410528,0.7208479495003587,1.0107755407362322,0.0,0.0,0.0,,,,,,,,,0.0,0,0,0.0,0.0,0.0,0.0,Rainfall hazard without matched flood evidence,Insufficient record
ALRF-1986-002,1986,1986-03-14 06:00:00+00:00,1986-03-14 15:00:00+00:00,1986-03-13 18:00:00+00:00,1986-03-15 03:00:00+00:00,15.658069610595703,0.320454850754008,31403010302,1986-03-14 06:00:00+00:00,0,37.34088897705078,0.5538290766322064,31403020404,1986-03-14 06:00:00+00:00,0,45.21416473388672,0.5575939815163599,31403020404,1986-03-14 09:00:00+00:00,0,127.59867095947266,1.1158642714836446,31402020401,1986-03-14 07:00:00+00:00,41,147.6165313720703,1.0411702629511133,31502030404,1986-03-14 12:00:00+00:00,3,1.1158642714836446,1986-03-14 07:00:00+00:00,24,43,4,39,42,AL-RF-19860314-0042,2.0,0.433092431949746,43,2–5-year,Convective candidate,Thunderstorm-associated rainfall,,Low,23 convective/heavy-rain NOAA Storm Events records; rainfall duration signature was not decisive.,,,23,Hail; Thunderstorm Wind; Tornado,0,23,0,0.1227134224271736,0.292643243822742,0.3543466745687927,0.864392827642439,1.0,1.0,0.0,1.9126315477156886,2.142857142857143,1.9126315477156886,545.0,61.443066516347244,-7.0,-7.0,-7.0,1.0,0,0,0.0,0.0,0.0,0.0,Measured annual-peak response,<2-year
ALRF-1986-003,1986,1986-11-25 22:00:00+00:00,1986-11-25 22:00:00+00:00,1986-11-25 10:00:00+00:00,1986-11-26 10:00:00+00:00,11.165584564208984,0.2856875950738621,31501050701,1986-11-26 06:00:00+00:00,0,25.38318252563477,0.472013923863804,31501050701,1986-11-26 07:00:00+00:00,0,42.77572250366211,0.5353942235726433,31402020302,1986-11-26 10:00:00+00:00,0,66.7229995727539,0.6210517781891636,31502030502,1986-11-25 14:00:00+00:00,0,139.8134765625,1.0543931122911891,60300050103,1986-11-25 22:00:00+00:00,3,1.0543931122911891,1986-11-25 22:00:00+00:00,72,3,1,3,43,AL-RF-19861125-0043,2.0,0.5199833050282745,3,2–5-year,Convective candidate,Thunderstorm-associated rainfall,,Low,15 convective/heavy-rain NOAA Storm Events records; rainfall duration signature was not decisive.,,,15,Thunderstorm Wind; Tornado,0,15,0,0.1673423652369551,0.3804262801158582,0.6410941171345274,0.4772286707492544,0.0,0.0,0.0,,,,,,,,,0.0,0,0,0.0,0.0,0.0,0.0,Rainfall hazard without matched flood evidence,Insufficient record
ALRF-1987-001,1987,1987-01-18 20:00:00+00:00,1987-01-19 19:00:00+00:00,1987-01-18 08:00:00+00:00,1987-01-20 07:00:00+00:00,11.972627639770508,0.3063369568741611,31501050701,1987-01-18 08:00:00+00:00,0,31.56497573852539,0.5869676916974601,31501050701,1987-01-18 08:00:00+00:00,0,48.14681243896485,0.7228857761647585,31501050701,1987-01-18 11:00:00+00:00,0,110.8668975830078,1.0529218277693129,31502020407,1987-01-19 01:00:00+00:00,23,145.69639587402344,1.1055312593104392,31601130301,1987-01-19 10:00:00+00:00,38,1.1055312593104392,1987-01-19 10:00:00+00:00,72,39,2,27,44,AL-RF-19870119-0044,2.0,0.488371360595094,39,2–5-year,Unclassified,Insufficient external evidence,,Low,No nearby HURDAT2 track and no matching Alabama NOAA Storm Events record within the configured time buffer.,,,0,,0,0,0,0.1079910045359248,0.2847105531648181,0.4342758162139114,0.7609446816987087,3.0,3.0,0.0,7.44199172409519,8.166666666666666,7.44199172409519,39500.0,49.53560371517028,-10.0,-10.0,38.0,1.0,0,0,0.0,0.0,0.0,0.0,Measured annual-peak response,5–10-year
ALRF-1987-002,1987,1987-08-13 16:00:00+00:00,1987-08-16 06:00:00+00:00,1987-08-13 04:00:00+00:00,1987-08-16 18:00:00+00:00,25.58984375,0.41085672133178,31700090203,1987-08-13 14:00:00+00:00,0,61.6163215637207,0.6880420337470847,31700090203,1987-08-13 14:00:00+00:00,0,102.13373565673828,0.9354612726573952,31700090203,1987-08-13 16:00:00+00:00,0,177.37078857421875,1.170079064043708,31700090203,1987-08-13 16:00:00+00:00,1,328.8782653808594,1.7595052163741272,31700090203,1987-08-14 14:00:00+00:00,19,1.7595052163741272,1987-08-14 14:00:00+00:00,72,19,1,19,45,AL-RF-19870814-0045,10.0,0.6420260382072962,19,10–25-year,Tropical cyclone,Tropical depression,Unnamed,High,HURDAT2 track within 71 km of rainfall footprint; track status=TD; 0 matching tropical NOAA Storm Events records.,Unnamed,70.89144259135088,1,Tornado,0,1,0,0.144273157692436,0.3473870870114448,0.5758204971502486,0.5393204940703925,0.0,0.0,0.0,,,,,,,,,0.0,0,0,0.0,0.0,0.0,0.0,Rainfall hazard without matched flood evidence,Insufficient record
ALRF-1987-003,1987,1987-11-17 12:00:00+00:00,1987-11-17 13:00:00+00:00,1987-11-17 00:00:00+00:00,1987-11-18 01:00:00+00:00,52.3930892944336,1.1899342657636387,31501100501,1987-11-17 12:00:00+00:00,18,72.35107421875,1.1647158046012671,31501100803,1987-11-17 12:00:00+00:00,40,76.09696960449219,1.009119658429132,31502010406,1987-11-17 13:00:00+00:00,1,89.2733154296875,0.7949959412342946,31402020104,1987-11-17 14:00:00+00:00,0,90.98538208007812,0.6427438126480666,31402010402,1987-11-17 15:00:00+00:00,0,1.1899342657636387,1987-11-17 12:00:00+00:00,1,50,2,49,46,AL-RF-19871117-0046,2.0,0.6056911237762884,50,2–5-year,Convective,Organized or localized severe convection,,Medium,10 convective/heavy-rain NOAA Storm Events records; Rx3h/Rx24h=0.81.,,,10,Thunderstorm Wind,0,10,0,0.5868840990418787,0.8104445754088117,0.8524044305761992,0.9811830580775732,0.0,0.0,0.0,,,,,,,,,0.0,0,0,0.0,0.0,0.0,0.0,Rainfall hazard without matched flood evidence,Insufficient record
ALRF-1988-001,1988,1988-08-09 13:00:00+00:00,1988-08-10 14:00:00+00:00,1988-08-09 01:00:00+00:00,1988-08-11 02:00:00+00:00,14.85539722442627,0.2522013276275948,31602040202,1988-08-10 19:00:00+00:00,0,41.35838317871094,0.4657904592948472,31700090103,1988-08-09 01:00:00+00:00,0,68.00553894042969,0.6228749746193123,31700090203,1988-08-09 02:00:00+00:00,0,163.7367401123047,1.080138015736491,31700090203,1988-08-09 08:00:00+00:00,1,246.37290954589844,1.3180999328650331,31700090203,1988-08-09 23:00:00+00:00,5,1.3180999328650331,1988-08-09 23:00:00+00:00,72,5,3,3,47,AL-RF-19880809-0047,5.0,0.4809616192002806,5,5–10-year,Tropical cyclone,Tropical storm,Beryl,High,HURDAT2 track within 132 km of rainfall footprint; track status=TS; 0 matching tropical NOAA Storm Events records.,Beryl,132.4961588710114,2,Thunderstorm Wind,0,2,0,0.0907273298236985,0.2525907328455655,0.4153346334719114,0.6645890589760685,0.0,0.0,0.0,,,,,,,,,0.0,0,0,0.0,0.0,0.0,0.0,Rainfall hazard without matched flood evidence,Insufficient record
ALRF-1988-002,1988,1988-09-04 02:00:00+00:00,1988-09-06 21:00:00+00:00,1988-09-03 14:00:00+00:00,1988-09-07 09:00:00+00:00,21.40367889404297,0.4954242214390083,31502020805,1988-09-04 21:00:00+00:00,0,41.477989196777344,0.7258821549971834,31300020804,1988-09-05 00:00:00+00:00,0,60.561302185058594,0.879230645644128,31300020803,1988-09-04 06:00:00+00:00,0,148.2677459716797,1.4496172896230424,31300020803,1988-09-04 07:00:00+00:00,27,203.3687744140625,1.554665099022324,31300020804,1988-09-05 02:00:00+00:00,39,1.554665099022324,1988-09-05 02:00:00+00:00,72,40,2,29,48,AL-RF-19880905-0048,10.0,0.7971299861374385,40,10–25-year,Unclassified,Insufficient external evidence,,Low,No nearby HURDAT2 track and no matching Alabama NOAA Storm Events record within the configured time buffer.,Unnamed,776.7005710453468,0,,0,0,0,0.1443582942046697,0.2797505885379816,0.4084590467614331,0.7290585607297012,0.0,0.0,0.0,,,,,,,,,0.0,0,0,0.0,0.0,0.0,0.0,Rainfall hazard without matched flood evidence,Insufficient record
ALRF-1988-003,1988,1988-09-10 17:00:00+00:00,1988-09-12 17:00:00+00:00,1988-09-10 05:00:00+00:00,1988-09-13 05:00:00+00:00,11.535926818847656,0.2812216493607167,60300010606,1988-09-12 01:00:00+00:00,0,31.911710739135746,0.5585452228632505,60300010603,1988-09-12 03:00:00+00:00,0,52.27214813232422,0.7522326478701282,60300010603,1988-09-12 04:00:00+00:00,0,154.3576202392578,1.1268210293858905,31403040404,1988-09-10 21:00:00+00:00,12,188.37014770507807,1.0864557200694,31403040505,1988-09-11 12:00:00+00:00,10,1.1268210293858905,1988-09-10 21:00:00+00:00,24,14,1,14,49,AL-RF-19880910-0049,2.0,0.4060798928735448,14,2–5-year,Tropical cyclone,Tropical storm,Florence,High,HURDAT2 track within 275 km of rainfall footprint; track status=TS; 0 matching tropical NOAA Storm Events records.,Florence,274.88532896565704,0,,0,0,0,0.0747350652398417,0.2067388101065037,0.3386431330782452,0.8194378043432229,0.0,0.0,0.0,,,,,,,,,0.0,0,0,0.0,0.0,0.0,0.0,Rainfall hazard without matched flood evidence,Insufficient record
ALRF-1989-001,1989,1989-01-14 02:00:00+00:00,1989-01-14 10:00:00+00:00,1989-01-13 14:00:00+00:00,1989-01-14 22:00:00+00:00,4.993276119232178,0.1195632447597341,60300051003,1989-01-14 05:00:00+00:00,0,14.355228424072266,0.2445957140141881,60300051203,1989-01-14 07:00:00+00:00,0,23.755149841308597,0.3352236099624695,60300051203,1989-01-14 08:00:00+00:00,0,47.77145767211914,0.4693149324759884,60300051203,1989-01-14 22:00:00+00:00,0,150.5476837158203,1.1537871594830975,60300051003,1989-01-14 08:00:00+00:00,22,1.1537871594830975,1989-01-14 08:00:00+00:00,72,22,1,22,50,AL-RF-19890114-0050,2.0,0.5456095715590339,22,2–5-year,Unclassified,Insufficient external evidence,,Low,No nearby HURDAT2 track and no matching Alabama NOAA Storm Events record within the configured time buffer.,,,0,,0,0,0,0.1045242570051699,0.3004980196040869,0.4972665896936365,0.3173177859202032,0.0,0.0,0.0,,,,,,,,,0.0,0,0,0.0,0.0,0.0,0.0,Rainfall hazard without matched flood evidence,Insufficient record
ALRF-1989-002,1989,1989-06-09 09:00:00+00:00,1989-06-09 16:00:00+00:00,1989-06-08 21:00:00+00:00,1989-06-10 04:00:00+00:00,10.829846382141112,0.2211555379138403,31300040501,1989-06-09 06:00:00+00:00,0,27.287960052490234,0.4033059900143294,31300040501,1989-06-09 06:00:00+00:00,0,42.59013366699219,0.5186547797801252,31300040504,1989-06-09 07:00:00+00:00,0,136.56134033203125,0.8947847046284725,31401060601,1989-06-08 21:00:00+00:00,0,149.513916015625,1.0307576889595254,31300120107,1989-06-09 15:00:00+00:00,4,1.0307576889595254,1989-06-09 15:00:00+00:00,72,4,2,3,51,AL-RF-19890609-0051,2.0,0.4045829643229123,4,2–5-year,Convective candidate,Thunderstorm-associated rainfall,,Low,7 convective/heavy-rain NOAA Storm Events records; rainfall duration signature was not decisive.,,,7,Thunderstorm Wind; Tornado,0,7,0,0.0793038963722071,0.1998219993018748,0.3118754807432307,0.913368761726232,0.0,0.0,0.0,,,,,,,,,0.0,0,0,0.0,0.0,0.0,0.0,Rainfall hazard without matched flood evidence,Insufficient record
ALRF-1989-003,1989,1989-06-16 09:00:00+00:00,1989-06-18 08:00:00+00:00,1989-06-15 21:00:00+00:00,1989-06-18 20:00:00+00:00,7.730751991271973,0.1772801912944231,31501100403,1989-06-16 13:00:00+00:00,0,21.9912052154541,0.3636354845364859,31501100103,1989-06-15 21:00:00+00:00,0,43.95961380004883,0.6038924533906698,31501090502,1989-06-15 21:00:00+00:00,0,99.6271514892578,0.9463124289881836,31501090504,1989-06-15 21:00:00+00:00,0,163.3868408203125,1.2030674890475377,31501100401,1989-06-16 15:00:00+00:00,54,1.2030674890475377,1989-06-16 15:00:00+00:00,72,54,2,47,52,AL-RF-19890616-0052,2.0,0.5787372493160845,54,2–5-year,Convective candidate,Thunderstorm-associated rainfall,,Low,14 convective/heavy-rain NOAA Storm Events records; rainfall duration signature was not decisive.,Unnamed,1308.372914281703,14,Hail; Thunderstorm Wind,0,14,0,0.0775968385697099,0.2207350595367095,0.4412412996148818,0.6097623957294364,4.0,4.0,0.0,8.482478551982952,6.615384615384616,8.482478551982952,70400.0,63.44827586206897,81.0,-15.0,105.0,0.0,0,0,0.0,0.0,0.0,0.0,Measured annual-peak response,5–10-year
ALRF-1989-004,1989,1989-06-20 02:00:00+00:00,1989-06-22 07:00:00+00:00,1989-06-19 14:00:00+00:00,1989-06-22 19:00:00+00:00,10.796422958374023,0.2645954989160282,60300020503,1989-06-22 10:00:00+00:00,0,29.34709930419922,0.5029542595948375,60300020503,1989-06-22 10:00:00+00:00,0,48.63603210449219,0.6681344582407714,31501090502,1989-06-19 14:00:00+00:00,0,117.87077331542967,1.1196001906655615,31501090504,1989-06-20 04:00:00+00:00,8,172.35606384277344,1.2822980519457925,31501090504,1989-06-21 21:00:00+00:00,37,1.2822980519457925,1989-06-21 21:00:00+00:00,72,37,1,37,53,AL-RF-19890621-0053,5.0,0.6219029206292015,37,5–10-year,Convective candidate,Thunderstorm-associated rainfall,,Low,11 convective/heavy-rain NOAA Storm Events records; rainfall duration signature was not decisive.,,,11,Hail; Thunderstorm Wind,0,11,0,0.0915954197524615,0.2489768962969685,0.412621642638579,0.6838794683948788,4.0,4.0,0.0,4.57397669207906,4.555555555555555,4.57397669207906,40800.0,36.31578947368421,-45.0,-69.0,-21.0,1.0,0,0,0.0,0.0,0.0,0.0,Measured annual-peak response,2–5-year
ALRF-1989-005,1989,1989-09-30 18:00:00+00:00,1989-10-02 13:00:00+00:00,1989-09-30 06:00:00+00:00,1989-10-03 01:00:00+00:00,29.51230812072754,0.6026687865380519,31300040501,1989-09-30 12:00:00+00:00,0,36.563995361328125,0.540402372317826,31300040501,1989-09-30 12:00:00+00:00,0,45.00614929199219,0.6324183363373505,60300040403,1989-09-30 19:00:00+00:00,0,102.2665557861328,1.0057374346336283,60300040401,1989-09-30 20:00:00+00:00,1,150.2122344970703,1.123583173295279,60300021009,1989-10-01 09:00:00+00:00,32,1.123583173295279,1989-10-01 09:00:00+00:00,72,32,7,8,54,AL-RF-19891001-0054,2.0,0.5580683694957037,32,2–5-year,Convective candidate,Thunderstorm-associated rainfall,,Low,2 convective/heavy-rain NOAA Storm Events records; rainfall duration signature was not decisive.,Unnamed,3678.098234017528,2,Tornado,0,2,0,0.2885822045522468,0.357536196269222,0.440086682748095,0.6808137574714487,1.0,1.0,0.0,2.271292866054129,2.2391304347826084,2.271292866054129,36200.0,20.05540166204986,39.0,39.0,39.0,0.0,0,0,0.0,0.0,0.0,0.0,Measured annual-peak response,2–5-year
ALRF-1989-006,1989,1989-11-08 21:00:00+00:00,1989-11-10 07:00:00+00:00,1989-11-08 09:00:00+00:00,1989-11-10 19:00:00+00:00,28.90219116210937,0.5319873339133313,31402030104,1989-11-08 10:00:00+00:00,0,70.45926666259766,0.9206576979805464,31402030104,1989-11-08 11:00:00+00:00,0,87.88909912109375,0.959214873531377,31402030104,1989-11-08 12:00:00+00:00,0,136.93209838867188,1.0890323301432154,31402020906,1989-11-09 02:00:00+00:00,7,171.64016723632812,1.0938260349936455,31402020906,1989-11-09 04:00:00+00:00,13,1.0938260349936455,1989-11-09 04:00:00+00:00,72,15,2,8,55,AL-RF-19891109-0055,2.0,0.3965308177485038,15,2–5-year,Convective candidate,Thunderstorm-associated rainfall,,Low,13 convective/heavy-rain NOAA Storm Events records; rainfall duration signature was not decisive.,,,13,Thunderstorm Wind; Tornado,0,13,0,0.2110695118398944,0.5145562471598449,0.6418443897034783,0.7977858597640064,0.0,0.0,0.0,,,,,,,,,0.0,0,0,0.0,0.0,0.0,0.0,Rainfall hazard without matched flood evidence,Insufficient record
ALRF-1990-001,1990,1990-02-16 04:00:00+00:00,1990-02-19 03:00:00+00:00,1990-02-15 16:00:00+00:00,1990-02-19 15:00:00+00:00,26.80280303955078,0.6857883971568071,31501050701,1990-02-16 11:00:00+00:00,0,67.2926254272461,1.2513425431556404,31501050701,1990-02-16 12:00:00+00:00,13,90.80734252929688,1.3633994227336472,31501050701,1990-02-16 12:00:00+00:00,25,168.08958435058594,1.6973413783629214,31501050604,1990-02-16 16:00:00+00:00,176,199.3299102783203,1.46615987733188,31501050701,1990-02-16 23:00:00+00:00,183,1.6973413783629214,1990-02-16 16:00:00+00:00,24,205,1,205,56,AL-RF-19900216-0056,25.0,0.8192012705081055,205,25–50-year,Convective candidate,Thunderstorm-associated rainfall,,Low,32 convective/heavy-rain NOAA Storm Events records; rainfall duration signature was not decisive.,,,32,Hail; Thunderstorm Wind; Tornado,0,32,0,0.1594554662212022,0.400337865592512,0.5402318226922329,0.8432732654917963,18.0,18.0,14.0,323.7315861138724,91.0,323.7315861138724,142000.0,204.52261306532662,-16.0,-16.0,128.0,4.0,0,0,0.0,0.0,0.0,0.0,Measured major-flood response,200–500-year
ALRF-1990-002,1990,1990-03-16 00:00:00+00:00,1990-03-20 01:00:00+00:00,1990-03-15 12:00:00+00:00,1990-03-20 13:00:00+00:00,40.7168197631836,0.9403556256390916,31502011204,1990-03-16 02:00:00+00:00,0,97.40503692626952,1.487066315534093,31403010204,1990-03-16 12:00:00+00:00,219,114.19464874267578,1.5770959807042702,31502011205,1990-03-16 04:00:00+00:00,369,237.2873077392578,2.1326337355022247,31403020201,1990-03-17 00:00:00+00:00,825,332.7845458984375,2.385088406021532,31402020102,1990-03-17 12:00:00+00:00,841,2.385088406021532,1990-03-17 12:00:00+00:00,72,854,2,853,57,AL-RF-19900317-0057,50.0,0.9862175828836268,854,50–100-year,Convective candidate,Thunderstorm-associated rainfall,,Low,13 convective/heavy-rain NOAA Storm Events records; rainfall duration signature was not decisive.,,,13,Thunderstorm Wind; Tornado,0,13,0,0.1715929105147297,0.4104940877550124,0.4812505558373906,0.7130358385442439,66.0,66.0,46.0,201.50984010484882,75.0,201.50984010484882,290000.0,670.0,-12.0,-36.0,180.0,15.0,0,0,0.0,0.0,0.0,0.0,Measured major-flood response,200–500-year
ALRF-1990-003,1990,1990-05-13 10:00:00+00:00,1990-05-13 23:00:00+00:00,1990-05-12 22:00:00+00:00,1990-05-14 11:00:00+00:00,25.76935768127441,0.4627856508583798,31403040304,1990-05-13 04:00:00+00:00,0,65.75360107421875,0.851261857704477,31403040304,1990-05-13 06:00:00+00:00,0,88.35786437988281,0.9911873601086408,31700020607,1990-05-13 05:00:00+00:00,0,141.91085815429688,1.1426091928804951,31700020607,1990-05-13 11:00:00+00:00,5,141.91085815429688,0.9235663576776184,31700020607,1990-05-13 11:00:00+00:00,0,1.1426091928804951,1990-05-13 11:00:00+00:00,24,5,1,5,58,AL-RF-19900513-0058,2.0,0.5196331346004368,5,2–5-year,Convective candidate,Thunderstorm-associated rainfall,,Low,2 convective/heavy-rain NOAA Storm Events records; rainfall duration signature was not decisive.,,,2,Thunderstorm Wind,0,2,0,0.1815883436717428,0.4633443975282438,0.6226293430190737,1.0,0.0,0.0,0.0,,,,,,,,,0.0,0,0,0.0,0.0,0.0,0.0,Rainfall hazard without matched flood evidence,Insufficient record
ALRF-1990-004,1990,1990-12-03 12:00:00+00:00,1990-12-03 12:00:00+00:00,1990-12-03 00:00:00+00:00,1990-12-04 00:00:00+00:00,30.05475234985352,0.7040817272579114,31601010601,1990-12-03 11:00:00+00:00,0,67.10814666748047,1.107080393942413,31601010503,1990-12-03 12:00:00+00:00,7,71.66740417480469,0.962582239502474,31601010601,1990-12-03 12:00:00+00:00,0,96.26235961914062,0.9081561142353666,60300060105,1990-12-03 12:00:00+00:00,0,116.72268676757812,0.9011484081820104,60300050802,1990-12-03 12:00:00+00:00,0,1.107080393942413,1990-12-03 12:00:00+00:00,3,7,1,7,59,AL-RF-19901203-0059,2.0,0.5596442496272748,7,2–5-year,Convective,Organized or localized severe convection,,Medium,22 convective/heavy-rain NOAA Storm Events records; Rx3h/Rx24h=0.70.,,,22,Thunderstorm Wind; Tornado,0,22,0,0.3122170749684956,0.6971379772217511,0.7445008044510315,0.8247099367308196,0.0,0.0,0.0,,,,,,,,,0.0,0,0,0.0,0.0,0.0,0.0,Rainfall hazard without matched flood evidence,Insufficient record
ALRF-1990-005,1990,1990-12-22 04:00:00+00:00,1990-12-25 10:00:00+00:00,1990-12-21 16:00:00+00:00,1990-12-25 22:00:00+00:00,29.02692604064941,0.70890487313364,60300020501,1990-12-22 03:00:00+00:00,0,79.07500457763672,1.3664594209085623,60300020106,1990-12-22 07:00:00+00:00,39,101.21642303466795,1.5237303634019042,60300010303,1990-12-22 10:00:00+00:00,87,211.10081481933597,2.067688559780166,60300021102,1990-12-23 01:00:00+00:00,235,260.3125305175781,2.0224233288303526,60300010303,1990-12-23 14:00:00+00:00,260,2.067688559780166,1990-12-23 01:00:00+00:00,24,263,1,263,60,AL-RF-19901223-0060,100.0,1.0058784685703392,263,100–200-year,Unclassified,Insufficient external evidence,,Low,No nearby HURDAT2 track and no matching Alabama NOAA Storm Events record within the configured time buffer.,,,0,,0,0,0,0.137502671723419,0.3745840803376841,0.4794695990221113,0.8109514144386566,17.0,17.0,11.0,1000000.0,65.0,1000000.0,440000.0,350.87719298245617,-1.0,-25.0,23.0,4.0,0,0,0.0,0.0,0.0,0.0,Measured major-flood response,>500-year
ALRF-1991-001,1991,1991-02-18 08:00:00+00:00,1991-02-21 18:00:00+00:00,1991-02-17 20:00:00+00:00,1991-02-22 06:00:00+00:00,21.485435485839844,0.5264193403162468,60300040403,1991-02-19 01:00:00+00:00,0,42.650875091552734,0.7536728451768915,60300020302,1991-02-19 03:00:00+00:00,0,65.44043731689453,0.9422605198462032,60300050105,1991-02-19 05:00:00+00:00,0,164.46336364746094,1.556555296797973,60300060106,1991-02-19 05:00:00+00:00,108,258.74981689453125,1.8802573826876523,31601010601,1991-02-20 07:00:00+00:00,260,1.8802573826876523,1991-02-20 07:00:00+00:00,72,260,1,260,61,AL-RF-19910220-0061,25.0,0.8965839496332488,260,25–50-year,Convective candidate,Thunderstorm-associated rainfall,,Low,2 convective/heavy-rain NOAA Storm Events records; rainfall duration signature was not decisive.,,,2,Thunderstorm Wind,0,2,0,0.1306396452640688,0.2593335934863764,0.3979028269005298,0.6356076522925529,4.0,4.0,2.0,165.97315549337185,45.0,165.97315549337185,178000.0,666.6666666666667,29.0,-7.0,89.0,0.0,0,0,0.0,0.0,0.0,0.0,Measured major-flood response,100–200-year
ALRF-1991-002,1991,1991-03-03 05:00:00+00:00,1991-03-05 02:00:00+00:00,1991-03-02 17:00:00+00:00,1991-03-05 14:00:00+00:00,29.59762954711914,0.6021314666666232,31402010205,1991-03-03 06:00:00+00:00,0,50.98093795776367,0.7262059460512418,31300120104,1991-03-03 06:00:00+00:00,0,58.98725509643555,0.7005002395661541,31300120104,1991-03-03 09:00:00+00:00,0,120.08050537109376,1.0346266146043706,31300120107,1991-03-02 18:00:00+00:00,2,196.2008056640625,1.3526198390600066,31300120107,1991-03-03 19:00:00+00:00,42,1.3526198390600066,1991-03-03 19:00:00+00:00,72,42,1,42,62,AL-RF-19910303-0062,5.0,0.5309171592416486,42,5–10-year,Convective candidate,Thunderstorm-associated rainfall,,Low,1 convective/heavy-rain NOAA Storm Events records; rainfall duration signature was not decisive.,,,1,Hail,0,1,0,0.2464815538180104,0.4245563241111742,0.4912309030857492,0.6120286049013332,1.0,1.0,0.0,1.8716629274187127,1.7599999999999998,1.8716629274187127,66500.0,7.973621103117506,-19.0,-19.0,-19.0,0.0,0,0,0.0,0.0,0.0,0.0,Measured annual-peak response,<2-year
ALRF-1991-003,1991,1991-04-29 11:00:00+00:00,1991-04-30 16:00:00+00:00,1991-04-28 23:00:00+00:00,1991-05-01 04:00:00+00:00,22.70416641235352,0.3877533624896442,31602040101,1991-04-29 12:00:00+00:00,0,37.85926818847656,0.4235754559219308,31401070205,1991-04-30 07:00:00+00:00,0,50.934814453125,0.4665215615713123,31401070205,1991-04-30 09:00:00+00:00,0,72.15181732177734,0.6806929968599734,60300060105,1991-04-29 04:00:00+00:00,0,151.22003173828125,1.0936022036816528,31601030502,1991-04-30 00:00:00+00:00,20,1.0936022036816528,1991-04-30 00:00:00+00:00,72,20,3,17,63,AL-RF-19910430-0063,2.0,0.5142999709626895,20,2–5-year,Convective candidate,Thunderstorm-associated rainfall,,Low,48 convective/heavy-rain NOAA Storm Events records; rainfall duration signature was not decisive.,,,48,Hail; Thunderstorm Wind; Tornado,0,48,0,0.3146721351604929,0.5247167652012782,0.7059394530004653,0.4771313462402359,0.0,0.0,0.0,,,,,,,,,0.0,0,0,0.0,0.0,0.0,0.0,Rainfall hazard without matched flood evidence,Insufficient record
ALRF-1991-004,1991,1991-05-12 13:00:00+00:00,1991-05-13 17:00:00+00:00,1991-05-12 01:00:00+00:00,1991-05-14 05:00:00+00:00,25.490354537963867,0.6031562804250274,60300051203,1991-05-12 12:00:00+00:00,0,54.45806121826172,0.9278994366381834,60300051203,1991-05-12 12:00:00+00:00,0,77.36302947998047,1.071342259440059,60300060306,1991-05-12 14:00:00+00:00,6,118.52959442138672,1.121817430533705,60300060106,1991-05-13 07:00:00+00:00,3,169.0214080810547,1.2389515632057326,60300060106,1991-05-13 01:00:00+00:00,23,1.2389515632057326,1991-05-13 01:00:00+00:00,72,23,2,21,64,AL-RF-19910513-0064,5.0,0.5784996868690278,23,5–10-year,Convective candidate,Thunderstorm-associated rainfall,,Low,4 convective/heavy-rain NOAA Storm Events records; rainfall duration signature was not decisive.,,,4,Thunderstorm Wind,0,4,0,0.2150547689157076,0.4594469548647646,0.6526895654847662,0.7012697135060283,0.0,0.0,0.0,,,,,,,,,0.0,0,0,0.0,0.0,0.0,0.0,Rainfall hazard without matched flood evidence,Insufficient record
ALRF-1991-005,1991,1991-05-14 08:00:00+00:00,1991-05-14 13:00:00+00:00,1991-05-13 20:00:00+00:00,1991-05-15 01:00:00+00:00,8.613800048828125,0.1521004658085267,31401030403,1991-05-14 22:00:00+00:00,0,20.23221969604492,0.2471640046796445,31401030403,1991-05-14 23:00:00+00:00,0,27.637094497680664,0.2761841468870712,31401030403,1991-05-15 00:00:00+00:00,0,30.914735794067383,0.3068358230122001,60300050507,1991-05-13 20:00:00+00:00,0,145.14649963378906,1.0639450035162736,60300060106,1991-05-14 10:00:00+00:00,3,1.0639450035162736,1991-05-14 10:00:00+00:00,72,3,1,3,65,AL-RF-19910514-0065,2.0,0.496784434241701,3,2–5-year,Convective,Organized or localized severe convection,,Medium,3 convective/heavy-rain NOAA Storm Events records; Rx3h/Rx24h=0.65.,,,3,Thunderstorm Wind,0,3,0,0.2786308803092257,0.6544522919690465,0.8939780265883526,0.2129898817544109,0.0,0.0,0.0,,,,,,,,,0.0,0,0,0.0,0.0,0.0,0.0,Rainfall hazard without matched flood evidence,Insufficient record
ALRF-1991-006,1991,1991-05-26 03:00:00+00:00,1991-05-28 19:00:00+00:00,1991-05-25 15:00:00+00:00,1991-05-29 07:00:00+00:00,10.094439506530762,0.2460356781390054,60300050701,1991-05-25 23:00:00+00:00,0,24.36271095275879,0.4206413847558649,60300050507,1991-05-25 23:00:00+00:00,0,47.13557434082031,0.6570165348480095,60300060307,1991-05-25 23:00:00+00:00,0,127.93024444580078,1.2107894134989312,60300060106,1991-05-26 14:00:00+00:00,19,195.1233673095703,1.4302827298079743,60300060106,1991-05-27 22:00:00+00:00,46,1.4302827298079743,1991-05-27 22:00:00+00:00,72,46,2,45,66,AL-RF-19910527-0066,10.0,0.6678373359384473,46,10–25-year,Unclassified,Insufficient external evidence,,Low,No nearby HURDAT2 track and no matching Alabama NOAA Storm Events record within the configured time buffer.,,,0,,0,0,0,0.0789058095703662,0.1904374611203088,0.3684474656091967,0.6556377445190088,1.0,1.0,0.0,9.636017472506076,9.5,9.636017472506076,40500.0,116.37931034482759,-46.0,-46.0,-46.0,0.0,0,0,0.0,0.0,0.0,0.0,Measured annual-peak response,5–10-year
ALRF-1991-007,1991,1991-06-26 14:00:00+00:00,1991-06-27 18:00:00+00:00,1991-06-26 02:00:00+00:00,1991-06-28 06:00:00+00:00,8.698103904724121,0.1997572941452908,31501070901,1991-06-26 15:00:00+00:00,0,23.999679565429688,0.3994001950637972,31501070901,1991-06-26 16:00:00+00:00,0,39.19633483886719,0.5353955812330913,31501070901,1991-06-26 18:00:00+00:00,0,103.0310287475586,0.9587689716765952,31501070901,1991-06-26 18:00:00+00:00,0,176.63125610351562,1.2939972046812172,31502010601,1991-06-26 20:00:00+00:00,9,1.2939972046812172,1991-06-26 20:00:00+00:00,72,9,2,8,67,AL-RF-19910626-0067,5.0,0.5522358813324983,9,5–10-year,Convective candidate,Thunderstorm-associated rainfall,,Low,2 convective/heavy-rain NOAA Storm Events records; rainfall duration signature was not decisive.,Ana,1035.1091337520506,2,Hail; Thunderstorm Wind,0,2,0,0.0844221785461909,0.2329364256299186,0.3804323349512898,0.5833114196231314,0.0,0.0,0.0,,,,,,,,,0.0,0,0,0.0,0.0,0.0,0.0,Rainfall hazard without matched flood evidence,Insufficient record
ALRF-1991-008,1991,1991-11-21 23:00:00+00:00,1991-11-23 20:00:00+00:00,1991-11-21 11:00:00+00:00,1991-11-24 08:00:00+00:00,13.9995756149292,0.3056465236433673,31300030905,1991-11-22 06:00:00+00:00,0,31.84855079650879,0.508509445429181,31300030905,1991-11-22 07:00:00+00:00,0,40.64145660400391,0.644561231494389,60300010204,1991-11-22 06:00:00+00:00,0,105.17807006835938,0.95564114404932,31402020204,1991-11-22 06:00:00+00:00,0,180.5282440185547,1.1748911602301133,31700020607,1991-11-21 19:00:00+00:00,16,1.1748911602301133,1991-11-21 19:00:00+00:00,72,16,3,7,68,AL-RF-19911121-0068,2.0,0.562883084523834,16,2–5-year,Convective candidate,Thunderstorm-associated rainfall,,Low,1 convective/heavy-rain NOAA Storm Events records; rainfall duration signature was not decisive.,,,1,Thunderstorm Wind,0,1,0,0.1331035605219826,0.3028060010590531,0.3864061831291392,0.5826128240495663,1.0,1.0,0.0,1.7965655579212847,1.7241379310344829,1.7965655579212847,6140.0,15.123152709359607,5.0,5.0,5.0,0.0,0,0,0.0,0.0,0.0,0.0,Measured annual-peak response,<2-year
ALRF-1991-009,1991,1991-11-30 12:00:00+00:00,1991-12-04 08:00:00+00:00,1991-11-30 00:00:00+00:00,1991-12-04 20:00:00+00:00,45.9163818359375,1.14042341076211,60300050801,1991-11-30 12:00:00+00:00,4,59.26454162597656,1.0371133422144343,60300050509,1991-11-30 12:00:00+00:00,3,65.50421905517578,1.0388771375414425,60300010204,1991-12-01 11:00:00+00:00,1,165.23777770996094,1.6530784488171886,60300050801,1991-12-01 08:00:00+00:00,81,278.474853515625,2.156229291595029,60300050801,1991-12-03 08:00:00+00:00,172,2.156229291595029,1991-12-03 08:00:00+00:00,72,172,1,172,69,AL-RF-19911203-0069,100.0,1.0454883242010946,172,100–200-year,Convective candidate,Thunderstorm-associated rainfall,,Low,2 convective/heavy-rain NOAA Storm Events records; rainfall duration signature was not decisive.,,,2,Thunderstorm Wind,0,2,0,0.2778806546075301,0.3586621803278098,0.3964239894956359,0.5933669615906255,17.0,17.0,1.0,12.750283296249089,22.75,12.750283296249089,332000.0,211.6461366181411,-32.0,-56.0,16.0,5.0,0,0,0.0,0.0,0.0,0.0,Measured major-flood response,10–25-year
ALRF-1992-001,1992,1992-03-10 08:00:00+00:00,1992-03-10 22:00:00+00:00,1992-03-09 20:00:00+00:00,1992-03-11 10:00:00+00:00,18.16454124450684,0.4513666504944303,60300021205,1992-03-10 09:00:00+00:00,0,42.76836395263672,0.7340892087105045,60300051003,1992-03-10 04:00:00+00:00,0,72.3031997680664,1.045797984040714,60300050801,1992-03-10 09:00:00+00:00,5,114.89905548095705,1.1293320652319416,60300051001,1992-03-10 14:00:00+00:00,17,117.10465240478516,0.9060245269209636,60300050604,1992-03-11 02:00:00+00:00,0,1.1293320652319416,1992-03-10 14:00:00+00:00,24,17,2,16,70,AL-RF-19920310-0070,2.0,0.5311066757789293,17,2–5-year,Convective candidate,Thunderstorm-associated rainfall,,Low,37 convective/heavy-rain NOAA Storm Events records; rainfall duration signature was not decisive.,,,37,Hail; Thunderstorm Wind; Tornado,0,37,0,0.1580913016949679,0.3722255485357318,0.6292758410015797,0.9811655909604322,0.0,0.0,0.0,,,,,,,,,0.0,0,0,0.0,0.0,0.0,0.0,Rainfall hazard without matched flood evidence,Insufficient record
ALRF-1992-002,1992,1992-08-27 16:00:00+00:00,1992-08-28 00:00:00+00:00,1992-08-27 04:00:00+00:00,1992-08-28 12:00:00+00:00,23.882617950439453,0.5711580190242134,60300051002,1992-08-27 20:00:00+00:00,0,54.25237274169922,0.926235156271823,60300051002,1992-08-27 21:00:00+00:00,0,78.77227783203125,1.114377729571789,60300051001,1992-08-28 00:00:00+00:00,4,109.4791488647461,1.032831844811844,31601081003,1992-08-27 17:00:00+00:00,3,118.93659210205078,0.8934890917287166,31601081003,1992-08-28 12:00:00+00:00,0,1.114377729571789,1992-08-28 00:00:00+00:00,6,7,2,4,71,AL-RF-19920828-0071,2.0,0.5628248103729198,7,2–5-year,Tropical cyclone,Tropical depression,Andrew,High,HURDAT2 track within 63 km of rainfall footprint; track status=TD; 0 matching tropical NOAA Storm Events records.,Andrew,62.65964107569288,48,Hail; Thunderstorm Wind; Tornado,0,48,0,0.2181476399669929,0.495549822082781,0.7195185443882921,0.920483317453808,1.0,1.0,0.0,1.0971517902522956,1.1369863013698631,1.0971517902522956,7940.0,7.23792160437557,0.0,0.0,0.0,0.0,0,0,0.0,0.0,0.0,0.0,Measured annual-peak response,<2-year
ALRF-1992-003,1992,1992-11-04 12:00:00+00:00,1992-11-05 00:00:00+00:00,1992-11-04 00:00:00+00:00,1992-11-05 12:00:00+00:00,24.08195686340332,0.5766495324737896,31501060513,1992-11-04 12:00:00+00:00,0,55.172969818115234,0.9353575888966044,31501060512,1992-11-04 12:00:00+00:00,0,71.39372253417969,0.9830501209073814,31501060701,1992-11-04 13:00:00+00:00,0,101.67859649658205,1.0016160337710076,31300020603,1992-11-05 07:00:00+00:00,1,147.9805450439453,1.107225502103926,31501070102,1992-11-04 20:00:00+00:00,16,1.107225502103926,1992-11-04 20:00:00+00:00,72,17,2,16,72,AL-RF-19921104-0072,2.0,0.5207651455942033,17,2–5-year,Convective candidate,Thunderstorm-associated rainfall,,Low,10 convective/heavy-rain NOAA Storm Events records; rainfall duration signature was not decisive.,,,10,Thunderstorm Wind; Tornado,0,10,0,0.2368439149748968,0.5426212764450372,0.7021509441918744,0.687107865877821,0.0,0.0,0.0,,,,,,,,,0.0,0,0,0.0,0.0,0.0,0.0,Rainfall hazard without matched flood evidence,Insufficient record
ALRF-1992-004,1992,1992-11-26 03:00:00+00:00,1992-11-27 12:00:00+00:00,1992-11-25 15:00:00+00:00,1992-11-28 00:00:00+00:00,15.18479347229004,0.3253121613822071,31300031313,1992-11-25 23:00:00+00:00,0,38.04440689086914,0.5955165208611911,31300031313,1992-11-26 01:00:00+00:00,0,52.08594512939453,0.6836991550409603,31300031201,1992-11-25 15:00:00+00:00,0,109.32249450683594,1.0554598368844648,31300030802,1992-11-26 05:00:00+00:00,7,144.30996704101562,1.1113345779423418,31300030606,1992-11-26 16:00:00+00:00,44,1.1113345779423418,1992-11-26 16:00:00+00:00,72,44,3,41,73,AL-RF-19921126-0073,2.0,0.5135452828443426,44,2–5-year,Unclassified,Insufficient external evidence,,Low,No nearby HURDAT2 track and no matching Alabama NOAA Storm Events record within the configured time buffer.,,,0,,0,0,0,0.1388990759933723,0.3480016355507715,0.476443072071847,0.7575533190702234,3.0,3.0,1.0,14.645921295846048,20.0,14.645921295846048,88500.0,83.54037267080746,-16.0,-40.0,-16.0,2.0,0,0,0.0,0.0,0.0,0.0,Measured major-flood response,10–25-year
ALRF-1993-001,1993,1993-01-21 04:00:00+00:00,1993-01-22 17:00:00+00:00,1993-01-20 16:00:00+00:00,1993-01-23 05:00:00+00:00,13.559062957763672,0.3138473643968824,31502020805,1993-01-20 23:00:00+00:00,0,32.11412048339844,0.5396187295128545,31502020805,1993-01-21 00:00:00+00:00,0,43.26807403564453,0.601526306052704,31502020805,1993-01-21 01:00:00+00:00,0,116.1986846923828,0.9653104081430742,31700020605,1993-01-21 10:00:00+00:00,0,191.38365173339844,1.216027254803281,31700080103,1993-01-21 13:00:00+00:00,28,1.216027254803281,1993-01-21 13:00:00+00:00,72,28,2,27,74,AL-RF-19930121-0074,2.0,0.5516329366753944,28,2–5-year,Convective candidate,Thunderstorm-associated rainfall,,Low,1 convective/heavy-rain NOAA Storm Events records; rainfall duration signature was not decisive.,,,1,Thunderstorm Wind,0,1,0,0.1166886096315039,0.2763724956819895,0.3723628554848942,0.6071505253450283,2.0,2.0,0.0,3.347517082470653,3.0,3.347517082470653,29600.0,91.1764705882353,11.0,-13.0,35.0,0.0,0,0,0.0,0.0,0.0,0.0,Measured annual-peak response,2–5-year
ALRF-1993-002,1993,1993-03-23 16:00:00+00:00,1993-03-23 22:00:00+00:00,1993-03-23 04:00:00+00:00,1993-03-24 10:00:00+00:00,12.200385093688965,0.2829960595037089,31601030101,1993-03-23 04:00:00+00:00,0,33.125858306884766,0.5403061716667964,31601030101,1993-03-23 04:00:00+00:00,0,56.4478759765625,0.7459483661356355,31601030101,1993-03-23 05:00:00+00:00,0,108.8200225830078,1.1229624872747883,60300010302,1993-03-23 19:00:00+00:00,7,124.94869232177734,0.9775418194280936,60300010302,1993-03-24 06:00:00+00:00,0,1.1229624872747883,1993-03-23 19:00:00+00:00,24,7,2,6,75,AL-RF-19930323-0075,2.0,0.520831572421872,7,2–5-year,Unclassified,Insufficient external evidence,,Low,No nearby HURDAT2 track and no matching Alabama NOAA Storm Events record within the configured time buffer.,,,0,,0,0,0,0.1121152597113506,0.3044095886087176,0.5187269276065819,0.8709176587680185,1.0,1.0,1.0,1000000.0,6.75,1000000.0,13600.0,103.81679389312977,-19.0,-19.0,-19.0,0.0,0,0,0.0,0.0,0.0,0.0,Measured major-flood response,>500-year
ALRF-1993-003,1993,1993-10-30 09:00:00+00:00,1993-11-01 11:00:00+00:00,1993-10-29 21:00:00+00:00,1993-11-01 23:00:00+00:00,32.18271255493164,0.5929924345107855,31402020607,1993-10-30 08:00:00+00:00,0,71.46742248535156,0.9351988917445984,31402020607,1993-10-30 09:00:00+00:00,0,110.3826141357422,1.1905041334781643,31402020702,1993-10-30 10:00:00+00:00,21,162.53611755371094,1.2679494696346687,31402020607,1993-10-30 11:00:00+00:00,72,149.60816955566406,1.0587312908400055,31402010401,1993-10-31 13:00:00+00:00,9,1.2679494696346687,1993-10-30 11:00:00+00:00,24,72,3,43,76,AL-RF-19931030-0076,2.0,0.4903289380143507,72,2–5-year,Convective candidate,Thunderstorm-associated rainfall,,Low,1 convective/heavy-rain NOAA Storm Events records; rainfall duration signature was not decisive.,,,1,Thunderstorm Wind,0,1,0,0.1980034532589145,0.4397017940442361,0.679126681485213,1.0864120457889623,0.0,0.0,0.0,,,,,,,,,0.0,0,0,0.0,0.0,0.0,0.0,Rainfall hazard without matched flood evidence,Insufficient record
ALRF-1994-001,1994,1994-01-28 12:00:00+00:00,1994-01-28 12:00:00+00:00,1994-01-28 00:00:00+00:00,1994-01-29 00:00:00+00:00,27.5229606628418,0.506600568181907,31402030104,1994-01-28 11:00:00+00:00,0,63.657493591308594,0.8304895904459992,31402020906,1994-01-28 11:00:00+00:00,0,92.9847412109375,1.0297693757330084,31402030103,1994-01-28 12:00:00+00:00,4,95.43335723876952,0.8955930559066123,31601081002,1994-01-28 06:00:00+00:00,0,119.36035919189452,0.8685402528739535,60300060201,1994-01-28 08:00:00+00:00,0,1.0297693757330084,1994-01-28 12:00:00+00:00,6,4,1,4,77,AL-RF-19940128-0077,2.0,0.4173380979333157,4,2–5-year,Unclassified,Insufficient external evidence,,Low,No nearby HURDAT2 track and no matching Alabama NOAA Storm Events record within the configured time buffer.,,,0,,0,0,0,0.2883997949897195,0.6670360912908125,0.9743421367676952,0.7995397959999619,0.0,0.0,0.0,,,,,,,,,0.0,0,0,0.0,0.0,0.0,0.0,Rainfall hazard without matched flood evidence,Insufficient record
ALRF-1994-002,1994,1994-02-11 01:00:00+00:00,1994-02-13 04:00:00+00:00,1994-02-10 13:00:00+00:00,1994-02-13 16:00:00+00:00,21.59866523742676,0.5065333628854912,31601030302,1994-02-10 23:00:00+00:00,0,49.40699768066406,0.8388542400541482,60300021005,1994-02-10 23:00:00+00:00,0,77.851806640625,1.0785646812970722,60300021005,1994-02-11 01:00:00+00:00,7,119.50460052490234,1.1737497374477543,60300020606,1994-02-11 09:00:00+00:00,64,166.44125366210938,1.211130140048733,60300060201,1994-02-11 14:00:00+00:00,77,1.211130140048733,1994-02-11 14:00:00+00:00,72,84,2,73,78,AL-RF-19940211-0078,5.0,0.5966971918096113,84,5–10-year,Unclassified,Insufficient external evidence,,Low,No nearby HURDAT2 track and no matching Alabama NOAA Storm Events record within the configured time buffer.,,,0,,0,0,0,0.1807350105565687,0.4134317629919916,0.651454473707916,0.7179986805885719,8.0,8.0,2.0,1000000.0,15.166666666666666,1000000.0,36900.0,384.6153846153846,-14.0,-38.0,-14.0,5.0,0,0,0.0,0.0,0.0,0.0,Measured major-flood response,>500-year
ALRF-1994-003,1994,1994-03-27 20:00:00+00:00,1994-03-30 05:00:00+00:00,1994-03-27 08:00:00+00:00,1994-03-30 17:00:00+00:00,17.756004333496094,0.4327739607934138,60300050701,1994-03-27 08:00:00+00:00,0,39.63896179199219,0.7657848212054833,60300010204,1994-03-27 11:00:00+00:00,0,68.50508880615234,0.959264177021932,60300050701,1994-03-27 11:00:00+00:00,0,131.4481201171875,1.2749907070398672,60300050804,1994-03-28 02:00:00+00:00,60,149.8120880126953,1.18825978168135,60300010204,1994-03-29 07:00:00+00:00,42,1.2749907070398672,1994-03-28 02:00:00+00:00,24,66,3,50,79,AL-RF-19940328-0079,5.0,0.6070686021343552,66,5–10-year,Convective candidate,Thunderstorm-associated rainfall,,Low,49 convective/heavy-rain NOAA Storm Events records; rainfall duration signature was not decisive.,,,49,Hail; Thunderstorm Wind; Tornado,0,49,0,0.1350799411788195,0.3015559428058278,0.5211568544691189,0.8774199856693031,3.0,3.0,1.0,11.08886682131967,12.777777777777777,11.08886682131967,364000.0,78.73563218390805,-2.0,-26.0,-2.0,0.0,0,0,0.0,0.0,0.0,0.0,Measured major-flood response,10–25-year
ALRF-1994-004,1994,1994-06-29 13:00:00+00:00,1994-06-30 07:00:00+00:00,1994-06-29 01:00:00+00:00,1994-06-30 19:00:00+00:00,34.30645751953125,0.8436777740664273,60300020903,1994-06-29 12:00:00+00:00,0,61.73558044433594,1.0600316502295966,60300020403,1994-06-29 11:00:00+00:00,4,80.77843475341797,1.128575994316425,60300020404,1994-06-29 15:00:00+00:00,11,109.33419036865234,1.078527910323076,60300020403,1994-06-30 00:00:00+00:00,3,140.10475158691406,1.0878194542145374,60300020403,1994-06-29 23:00:00+00:00,7,1.128575994316425,1994-06-29 15:00:00+00:00,6,15,1,15,80,AL-RF-19940629-0080,2.0,0.5616791376240361,15,2–5-year,Convective,Organized or localized severe convection,,Medium,16 convective/heavy-rain NOAA Storm Events records; Rx3h/Rx24h=0.56.,Alberto,1117.1153444941697,16,Hail; Thunderstorm Wind,0,16,0,0.3137761152651055,0.5646502730406315,0.7388213557081252,0.7803746063589201,1.0,1.0,0.0,2.5629734377169795,2.625,2.5629734377169795,2180.0,226.14107883817425,-15.0,-15.0,-15.0,0.0,0,0,0.0,0.0,0.0,0.0,Measured annual-peak response,2–5-year
ALRF-1994-005,1994,1994-07-04 06:00:00+00:00,1994-07-10 01:00:00+00:00,1994-07-03 18:00:00+00:00,1994-07-10 13:00:00+00:00,35.863189697265625,0.6439070379954347,31401040102,1994-07-07 13:00:00+00:00,0,51.61487579345703,0.6638650095175415,31401030202,1994-07-07 14:00:00+00:00,0,61.59856414794922,0.7960393936730781,31300031600,1994-07-04 06:00:00+00:00,0,145.8285369873047,1.3270083484325963,31300040104,1994-07-06 19:00:00+00:00,109,337.7733459472656,2.4412737779457503,31300040104,1994-07-06 17:00:00+00:00,320,2.4412737779457503,1994-07-06 17:00:00+00:00,72,320,1,320,81,AL-RF-19940706-0081,100.0,1.006895414155749,320,100–200-year,Tropical cyclone,Tropical depression,Alberto,High,HURDAT2 track within 0 km of rainfall footprint; track status=TD; 0 matching tropical NOAA Storm Events records.,Alberto,0.0,0,,0,0,0,0.2459271034200099,0.3539422177563945,0.4224040467011732,0.4317348859435225,22.0,22.0,12.0,211.41941958884973,37.0,211.41941958884973,60800.0,663.5514018691589,7.0,-65.0,79.0,4.0,0,0,0.0,0.0,0.0,0.0,Measured major-flood response,200–500-year
ALRF-1995-001,1995,1995-02-11 12:00:00+00:00,1995-02-13 11:00:00+00:00,1995-02-11 00:00:00+00:00,1995-02-13 23:00:00+00:00,41.11025238037109,0.8395095976566583,31300040501,1995-02-11 12:00:00+00:00,0,70.62449645996094,1.0774972455974876,31402010102,1995-02-11 12:00:00+00:00,19,84.5868911743164,1.0365949434699755,31300040605,1995-02-11 15:00:00+00:00,12,134.84701538085938,1.2032334669988067,31402010101,1995-02-12 04:00:00+00:00,112,157.21974182128906,1.1125769559797756,31402010101,1995-02-12 05:00:00+00:00,28,1.2032334669988067,1995-02-12 04:00:00+00:00,24,112,2,91,82,AL-RF-19950212-0082,2.0,0.5064499561456118,112,2–5-year,Convective candidate,Thunderstorm-associated rainfall,,Low,3 convective/heavy-rain NOAA Storm Events records; rainfall duration signature was not decisive.,,,3,Hail; Thunderstorm Wind,0,3,0,0.30486586791899,0.5237379282032342,0.6272804105853643,0.8576977281526091,2.0,2.0,0.0,2.411045102889854,2.357142857142857,2.411045102889854,13600.0,14.271137026239067,-4.0,-4.0,-4.0,0.0,0,0,0.0,0.0,0.0,0.0,Measured annual-peak response,2–5-year
ALRF-1995-002,1995,1995-02-16 16:00:00+00:00,1995-02-18 23:00:00+00:00,1995-02-16 04:00:00+00:00,1995-02-19 11:00:00+00:00,17.809226989746094,0.4548998310055196,31501050704,1995-02-16 21:00:00+00:00,0,46.87290191650391,0.8717595899809604,31501050704,1995-02-16 22:00:00+00:00,0,66.60848236083984,1.007280906748333,31501050704,1995-02-16 23:00:00+00:00,1,135.05752563476562,1.3358640575174796,60300010602,1995-02-16 22:00:00+00:00,49,158.14950561523438,1.235163997438774,60300010701,1995-02-18 11:00:00+00:00,42,1.3358640575174796,1995-02-16 22:00:00+00:00,24,53,2,52,83,AL-RF-19950216-0083,5.0,0.6431384474974615,53,5–10-year,Convective candidate,Thunderstorm-associated rainfall,,Low,8 convective/heavy-rain NOAA Storm Events records; rainfall duration signature was not decisive.,,,8,Hail; Thunderstorm Wind; Tornado,0,8,0,0.1318640105839593,0.3470587936229611,0.4931860112776561,0.8539863916068776,1.0,1.0,0.0,1.4335697922468034,1.4385964912280702,1.4335697922468034,164000.0,6.403748535728231,26.0,26.0,26.0,0.0,0,0,0.0,0.0,0.0,0.0,Measured annual-peak response,<2-year
ALRF-1995-003,1995,1995-03-07 22:00:00+00:00,1995-03-08 07:00:00+00:00,1995-03-07 10:00:00+00:00,1995-03-08 19:00:00+00:00,28.54616928100586,0.5371290376179094,31402020507,1995-03-08 09:00:00+00:00,0,57.73279571533203,0.757494345819202,31402020606,1995-03-08 10:00:00+00:00,0,68.94588470458984,0.7524435919497074,31402020606,1995-03-08 12:00:00+00:00,0,88.28091430664062,0.8471145972617808,60300060303,1995-03-08 00:00:00+00:00,0,158.98497009277344,1.182108865398642,60300060303,1995-03-08 00:00:00+00:00,5,1.182108865398642,1995-03-08 00:00:00+00:00,72,5,1,5,84,AL-RF-19950308-0084,2.0,0.5488896741153292,5,2–5-year,Convective,Organized or localized severe convection,,Medium,41 convective/heavy-rain NOAA Storm Events records; Rx3h/Rx24h=0.65.,,,41,Hail; Thunderstorm Wind; Tornado,0,41,0,0.3233560674490949,0.6539668983807668,0.7809829026589911,0.5552783653393496,0.0,0.0,0.0,,,,,,,,,0.0,0,0,0.0,0.0,0.0,0.0,Rainfall hazard without matched flood evidence,Insufficient record
ALRF-1995-004,1995,1995-04-21 03:00:00+00:00,1995-04-21 17:00:00+00:00,1995-04-20 15:00:00+00:00,1995-04-22 05:00:00+00:00,44.6807975769043,1.0503702344708616,60300060102,1995-04-21 03:00:00+00:00,8,81.48369598388672,1.3456315971543908,60300060104,1995-04-21 03:00:00+00:00,83,91.53460693359376,1.2288644177162091,60300060104,1995-04-21 06:00:00+00:00,62,111.68221282958984,1.044092284705158,60300060104,1995-04-21 08:00:00+00:00,3,121.96588897705078,0.9379491555517872,60300050702,1995-04-22 02:00:00+00:00,0,1.3456315971543908,1995-04-21 03:00:00+00:00,3,86,2,85,85,AL-RF-19950421-0085,5.0,0.6919683115996867,86,5–10-year,Convective,Organized or localized severe convection,,Medium,60 convective/heavy-rain NOAA Storm Events records; Rx3h/Rx24h=0.73.,,,60,Hail; Thunderstorm Wind; Tornado,0,60,0,0.4000708478536365,0.7296031652615848,0.8195987938854838,0.9156839979299792,0.0,0.0,0.0,,,,,,,,,0.0,0,0,0.0,0.0,0.0,0.0,Rainfall hazard without matched flood evidence,Insufficient record
ALRF-1995-005,1995,1995-04-22 16:00:00+00:00,1995-04-24 05:00:00+00:00,1995-04-22 04:00:00+00:00,1995-04-24 17:00:00+00:00,34.79179763793945,0.6454525369133444,31700080103,1995-04-22 23:00:00+00:00,0,52.18767929077149,0.8796827621022969,31601050404,1995-04-22 18:00:00+00:00,0,69.69651794433594,0.9624385079861132,31601050404,1995-04-22 18:00:00+00:00,0,121.83041381835938,1.1573785563405488,31601050404,1995-04-23 12:00:00+00:00,6,230.79965209960935,1.6825208260610351,31601050404,1995-04-23 13:00:00+00:00,78,1.6825208260610351,1995-04-23 13:00:00+00:00,72,78,5,67,86,AL-RF-19950423-0086,25.0,0.7842787272434475,78,25–50-year,Convective candidate,Thunderstorm-associated rainfall,,Low,25 convective/heavy-rain NOAA Storm Events records; rainfall duration signature was not decisive.,,,25,Hail; Thunderstorm Wind; Tornado,0,25,0,0.2855756337642552,0.4283633097444753,0.5720781515874072,0.5278622073736028,2.0,2.0,0.0,4.158741226390259,3.75,4.158741226390259,104000.0,24.291497975708502,23.0,11.0,35.0,0.0,0,0,0.0,0.0,0.0,0.0,Measured annual-peak response,2–5-year
ALRF-1995-006,1995,1995-05-09 21:00:00+00:00,1995-05-12 18:00:00+00:00,1995-05-09 09:00:00+00:00,1995-05-13 06:00:00+00:00,47.59686279296875,0.9363732393011684,31300120107,1995-05-10 11:00:00+00:00,0,78.73115539550781,0.961807846739285,31401030403,1995-05-09 23:00:00+00:00,0,127.2433090209961,1.2626474703835613,31401040303,1995-05-09 22:00:00+00:00,28,183.17662048339844,1.2083789578475037,31700090203,1995-05-10 14:00:00+00:00,24,216.25474548339844,1.1569671601832885,31700090203,1995-05-12 13:00:00+00:00,13,1.2626474703835613,1995-05-09 22:00:00+00:00,6,48,6,23,87,AL-RF-19950509-0087,5.0,0.5531817855359564,48,5–10-year,Convective candidate,Thunderstorm-associated rainfall,,Low,27 convective/heavy-rain NOAA Storm Events records; rainfall duration signature was not decisive.,,,27,Hail; Thunderstorm Wind; Tornado,0,27,0,0.2598413633102404,0.4298100663050683,0.6946481962883923,0.8470409288542555,3.0,3.0,1.0,14.861752641758374,18.0,14.861752641758374,16400.0,211.6788321167883,2.0,2.0,26.0,1.0,0,0,0.0,0.0,0.0,0.0,Measured major-flood response,10–25-year
ALRF-1995-007,1995,1995-08-04 08:00:00+00:00,1995-08-08 00:00:00+00:00,1995-08-03 20:00:00+00:00,1995-08-08 12:00:00+00:00,16.813459396362305,0.3430672126015788,31502030803,1995-08-04 13:00:00+00:00,0,28.93253326416016,0.5063114545236137,60300050509,1995-08-07 20:00:00+00:00,0,56.8229866027832,0.721844094185699,31502030601,1995-08-04 13:00:00+00:00,0,157.3208770751953,1.4030317718424656,31502030601,1995-08-04 18:00:00+00:00,81,186.02491760253903,1.2656805862287623,31602030602,1995-08-06 01:00:00+00:00,81,1.4030317718424656,1995-08-04 18:00:00+00:00,24,107,4,86,88,AL-RF-19950804-0088,5.0,0.6094069550954977,107,5–10-year,Tropical cyclone,Hurricane,Erin,High,HURDAT2 track within 26 km of rainfall footprint; track status=HU; 0 matching tropical NOAA Storm Events records.,Erin,25.695457816376184,15,Hail; Thunderstorm Wind,0,15,0,0.1068736693371338,0.1839077800864989,0.3611916463930167,0.8456978726437454,1.0,1.0,0.0,2.025900190700984,2.0,2.025900190700984,3360.0,19.09090909090909,-18.0,-18.0,-18.0,0.0,0,0,0.0,0.0,0.0,0.0,Measured annual-peak response,2–5-year
ALRF-1995-008,1995,1995-10-03 21:00:00+00:00,1995-10-08 02:00:00+00:00,1995-10-03 09:00:00+00:00,1995-10-08 14:00:00+00:00,61.41676330566406,1.114225703176873,31401030202,1995-10-04 12:00:00+00:00,20,83.70047760009766,1.4048453456126866,31502011102,1995-10-05 01:00:00+00:00,377,116.1041259765625,1.7197575132747682,31501050705,1995-10-05 08:00:00+00:00,647,297.92138671875,2.1748461989641,31403040404,1995-10-05 02:00:00+00:00,758,400.72857666015625,2.334585099122336,31403040404,1995-10-05 17:00:00+00:00,1180,2.334585099122336,1995-10-05 17:00:00+00:00,72,1180,1,1180,89,AL-RF-19951005-0089,50.0,0.9936148364895572,1180,50–100-year,Tropical cyclone,Hurricane,Opal,High,HURDAT2 track within 0 km of rainfall footprint; track status=HU; 0 matching tropical NOAA Storm Events records.,Opal,0.0,11,Thunderstorm Wind; Tornado,0,11,0,0.2061509043781539,0.2809482008725823,0.3897139686925852,0.7434493172454896,33.0,33.0,7.0,32.742814216943394,25.0,32.742814216943394,149000.0,644.4444444444445,-17.0,-65.0,55.0,5.0,0,0,0.0,0.0,0.0,0.0,Measured major-flood response,25–50-year
ALRF-1995-009,1995,1995-11-03 10:00:00+00:00,1995-11-04 15:00:00+00:00,1995-11-02 22:00:00+00:00,1995-11-05 03:00:00+00:00,20.73337173461914,0.3384706307728615,31401070103,1995-11-03 10:00:00+00:00,0,34.696876525878906,0.3876525273729279,31602050203,1995-11-03 07:00:00+00:00,0,61.090476989746094,0.5631773018575563,31401070103,1995-11-03 10:00:00+00:00,0,128.7521514892578,0.8569382917545535,31401070103,1995-11-03 12:00:00+00:00,0,201.03445434570312,1.0686466111624366,31401070103,1995-11-03 20:00:00+00:00,15,1.0686466111624366,1995-11-03 20:00:00+00:00,72,15,1,15,90,AL-RF-19951103-0090,2.0,0.3921654372246598,15,2–5-year,Convective candidate,Thunderstorm-associated rainfall,,Low,1 convective/heavy-rain NOAA Storm Events records; rainfall duration signature was not decisive.,Tanya,4759.725297735715,1,Thunderstorm Wind,0,1,0,0.1610332060070389,0.2694857998452459,0.4744812128039899,0.6404481854033481,0.0,0.0,0.0,,,,,,,,,0.0,0,0,0.0,0.0,0.0,0.0,Rainfall hazard without matched flood evidence,Insufficient record
ALRF-1995-010,1995,1995-12-18 05:00:00+00:00,1995-12-21 02:00:00+00:00,1995-12-17 17:00:00+00:00,1995-12-21 14:00:00+00:00,50.93461990356445,1.1640989252363394,31502010103,1995-12-19 06:00:00+00:00,14,84.69354248046875,1.404716877972313,31502010201,1995-12-19 07:00:00+00:00,142,101.86561584472656,1.3577036324282656,31300031205,1995-12-19 11:00:00+00:00,127,159.71728515625,1.1609633749982409,31700080302,1995-12-18 20:00:00+00:00,8,206.0464324951172,1.2522372058675664,31700030402,1995-12-19 12:00:00+00:00,27,1.404716877972313,1995-12-19 07:00:00+00:00,3,191,5,142,91,AL-RF-19951219-0091,10.0,0.671301662204263,191,10–25-year,Convective candidate,Thunderstorm-associated rainfall,,Low,11 convective/heavy-rain NOAA Storm Events records; rainfall duration signature was not decisive.,,,11,Hail; Thunderstorm Wind,0,11,0,0.3189048690236349,0.5302716133548965,0.6377870481900086,0.7751519073742513,7.0,7.0,2.0,117.53433044596133,36.0,117.53433044596133,16900.0,422.14111922141115,-7.0,-31.0,41.0,1.0,0,0,0.0,0.0,0.0,0.0,Measured major-flood response,100–200-year
ALRF-1996-001,1996,1996-01-27 03:00:00+00:00,1996-01-27 15:00:00+00:00,1996-01-26 15:00:00+00:00,1996-01-28 03:00:00+00:00,41.07046508789063,0.8272164845204136,31502040204,1996-01-27 05:00:00+00:00,0,68.59516143798828,1.1999133976215788,31501090104,1996-01-27 06:00:00+00:00,59,79.09015655517578,1.128463028937981,31501090104,1996-01-27 07:00:00+00:00,20,116.55464935302734,1.1116796672268852,31601120202,1996-01-27 06:00:00+00:00,34,130.3806610107422,0.982583170717599,31601120202,1996-01-27 04:00:00+00:00,0,1.1999133976215788,1996-01-27 06:00:00+00:00,3,93,8,22,92,AL-RF-19960127-0092,2.0,0.5600548348635325,93,2–5-year,Convective,Organized or localized severe convection,,Medium,16 convective/heavy-rain NOAA Storm Events records; Rx3h/Rx24h=0.59.,,,17,Flash Flood; Heavy Rain; High Wind; Thunderstorm Wind; Tornado,3,16,0,0.3523708862397592,0.5885235966025119,0.6785671527836099,0.8939565764544198,4.0,4.0,1.0,13.874164364699613,12.166666666666668,13.874164364699613,16400.0,110.8108108108108,6.0,-30.0,90.0,2.0,3,1,75000.0,0.0,0.0,0.0,Measured major-flood response,10–25-year
ALRF-1996-002,1996,1996-03-06 11:00:00+00:00,1996-03-09 10:00:00+00:00,1996-03-05 23:00:00+00:00,1996-03-09 22:00:00+00:00,26.31018447875977,0.6279821620036531,31501060801,1996-03-07 09:00:00+00:00,0,58.04508209228516,1.0447844894084797,31501080802,1996-03-07 11:00:00+00:00,4,82.96226501464844,1.245611875418059,31501050701,1996-03-06 13:00:00+00:00,45,113.43573760986328,1.125315415767466,31501080802,1996-03-07 12:00:00+00:00,17,160.45916748046875,1.2381126965418778,31501080803,1996-03-07 22:00:00+00:00,145,1.245611875418059,1996-03-06 13:00:00+00:00,6,145,2,144,93,AL-RF-19960306-0093,5.0,0.6291848453314878,145,5–10-year,Frontal/extratropical candidate,Prolonged or widespread non-tropical rainfall,,Medium–low,No nearby HURDAT2 system; 11 flood/heavy-rain NOAA records; affected HUCs=145; Rx24h/Rx72h=0.71.,,,122,Cold/Wind Chill; Flash Flood; Flood; Funnel Cloud; Hail; Lightning; Thunderstorm Wind; Tornado,11,68,0,0.2319391140140308,0.5117001336203073,0.7313591533206095,0.7069445728220595,8.0,8.0,0.0,5.617411745410938,8.285714285714285,5.617411745410938,15000.0,202.18978102189783,11.0,-13.0,35.0,3.0,11,10,613000.0,40000.0,0.0,1.0,Measured annual-peak response,5–10-year
ALRF-1996-003,1996,1996-04-15 05:00:00+00:00,1996-04-15 23:00:00+00:00,1996-04-14 17:00:00+00:00,1996-04-16 11:00:00+00:00,35.89847183227539,0.5839444937198948,31401070104,1996-04-15 06:00:00+00:00,0,74.72969055175781,0.8318811078316993,31401060601,1996-04-15 03:00:00+00:00,0,130.55577087402344,1.1848037718215838,31401060601,1996-04-15 06:00:00+00:00,4,169.06243896484375,1.1077401858031162,31401060601,1996-04-15 15:00:00+00:00,11,190.2185516357422,0.995459657276682,31401060601,1996-04-15 15:00:00+00:00,0,1.1848037718215838,1996-04-15 06:00:00+00:00,6,12,1,12,94,AL-RF-19960415-0094,2.0,0.5130876553761684,12,2–5-year,Convective candidate,Thunderstorm-associated rainfall,,Low,22 convective/heavy-rain NOAA Storm Events records; rainfall duration signature was not decisive.,,,24,Flash Flood; Funnel Cloud; Hail; Lightning; Thunderstorm Wind; Tornado,2,22,0,0.212338542210079,0.4420242072060591,0.7722340436669809,0.8887799718325519,0.0,0.0,0.0,,,,,,,,,0.0,2,2,500000.0,0.0,0.0,0.0,Reported flooding only,Insufficient record
ALRF-1996-004,1996,1996-04-21 07:00:00+00:00,1996-04-21 09:00:00+00:00,1996-04-20 19:00:00+00:00,1996-04-21 21:00:00+00:00,36.579288482666016,0.8795801826105067,60300020106,1996-04-21 06:00:00+00:00,0,65.17375183105469,1.1262381540308848,60300020106,1996-04-21 07:00:00+00:00,16,71.8012924194336,1.0342102860802986,60300010601,1996-04-21 09:00:00+00:00,5,94.31642150878906,0.9035481794087612,60300020104,1996-04-21 20:00:00+00:00,0,116.36466979980467,0.8923921355433144,60300020401,1996-04-21 21:00:00+00:00,0,1.1262381540308848,1996-04-21 07:00:00+00:00,3,16,2,15,95,AL-RF-19960421-0095,2.0,0.5527448630381719,16,2–5-year,Convective,Organized or localized severe convection,,Medium,27 convective/heavy-rain NOAA Storm Events records; Rx3h/Rx24h=0.69.,,,32,Funnel Cloud; Hail; Lightning; Thunderstorm Wind; Tornado,0,27,0,0.3878358391625079,0.6910117113060883,0.7612809229911532,0.8105245489980101,0.0,0.0,0.0,,,,,,,,,0.0,0,0,0.0,0.0,0.0,0.0,Rainfall hazard without matched flood evidence,Insufficient record
ALRF-1996-005,1996,1996-05-28 11:00:00+00:00,1996-05-28 11:00:00+00:00,1996-05-27 23:00:00+00:00,1996-05-28 23:00:00+00:00,29.474346160888672,0.7106266677827665,60300050601,1996-05-28 06:00:00+00:00,0,54.23649597167969,0.8936672760953697,31502010505,1996-05-28 14:00:00+00:00,0,74.13774871826172,1.023925194498588,31501090402,1996-05-28 11:00:00+00:00,4,98.19033813476562,0.9352018755855054,31502010706,1996-05-28 20:00:00+00:00,0,104.8758544921875,0.7788800721983344,31501090102,1996-05-28 19:00:00+00:00,0,1.023925194498588,1996-05-28 11:00:00+00:00,6,4,1,4,96,AL-RF-19960528-0096,2.0,0.4738719489703691,4,2–5-year,Convective,Organized or localized severe convection,,Medium,27 convective/heavy-rain NOAA Storm Events records; Rx3h/Rx24h=0.55.,,,29,Flash Flood; Funnel Cloud; Hail; Thunderstorm Wind,1,27,0,0.300175625431041,0.5523608228870791,0.7550411794743809,0.9362530451857258,0.0,0.0,0.0,,,,,,,,,0.0,1,1,15000.0,0.0,0.0,0.0,Reported flooding only,Insufficient record
ALRF-1996-006,1996,1996-07-08 04:00:00+00:00,1996-07-08 06:00:00+00:00,1996-07-07 16:00:00+00:00,1996-07-08 18:00:00+00:00,54.49768829345703,1.2831772240838075,31601030501,1996-07-08 06:00:00+00:00,6,71.9152603149414,1.2027029374301803,60300060202,1996-07-08 05:00:00+00:00,9,74.10462951660156,1.0076638204546162,60300060202,1996-07-08 06:00:00+00:00,2,94.4478530883789,0.8925383799747035,31601050303,1996-07-08 18:00:00+00:00,0,94.4478530883789,0.6864683960351113,31601050303,1996-07-08 18:00:00+00:00,0,1.2831772240838075,1996-07-08 06:00:00+00:00,1,13,3,9,97,AL-RF-19960708-0097,5.0,0.6200444262484266,13,5–10-year,Convective,Organized or localized severe convection,,Medium,14 convective/heavy-rain NOAA Storm Events records; Rx3h/Rx24h=0.76.,Bertha,1704.421233066863,16,Funnel Cloud; Hail; Lightning; Thunderstorm Wind,0,14,0,0.5770135213392432,0.7614282163475671,0.7846089359729403,1.0,0.0,0.0,0.0,,,,,,,,,0.0,0,0,0.0,0.0,0.0,0.0,Rainfall hazard without matched flood evidence,Insufficient record
ALRF-1996-007,1996,1996-08-31 06:00:00+00:00,1996-09-02 22:00:00+00:00,1996-08-30 18:00:00+00:00,1996-09-03 10:00:00+00:00,45.84428024291992,1.032530924566465,31501100603,1996-09-03 04:00:00+00:00,1,52.95181274414063,0.8586489963621844,31501100804,1996-09-03 05:00:00+00:00,0,54.24991989135742,0.7255002082430203,31501100904,1996-09-03 04:00:00+00:00,0,110.30217742919922,0.9622434140175604,31300040603,1996-08-31 09:00:00+00:00,0,185.37435913085935,1.309311209277057,31300040603,1996-09-01 18:00:00+00:00,20,1.309311209277057,1996-09-01 18:00:00+00:00,72,21,2,20,98,AL-RF-19960901-0098,5.0,0.5232573937923873,21,5–10-year,Frontal/extratropical candidate,Prolonged or widespread non-tropical rainfall,,Medium–low,No nearby HURDAT2 system; 5 flood/heavy-rain NOAA records; affected HUCs=21; Rx24h/Rx72h=0.60.,Fran,1006.2752384163292,9,Flash Flood; Hail; Thunderstorm Wind; Waterspout,5,8,0,0.4156244356313496,0.4800613548914693,0.4918299996949686,0.5950239177972546,0.0,0.0,0.0,,,,,,,,,0.0,5,5,77000.0,0.0,0.0,0.0,Reported flooding only,Insufficient record
ALRF-1997-001,1997,1997-03-03 07:00:00+00:00,1997-03-03 07:00:00+00:00,1997-03-02 19:00:00+00:00,1997-03-03 19:00:00+00:00,22.200225830078125,0.5250644529425532,60300051202,1997-03-03 01:00:00+00:00,0,42.89799118041992,0.7286534557746415,60300051202,1997-03-03 01:00:00+00:00,0,55.63791275024414,0.754155835105115,60300060207,1997-03-03 06:00:00+00:00,0,98.75794982910156,0.9801952381758692,60300050507,1997-03-03 08:00:00+00:00,0,130.16200256347656,1.0063677461881737,60300050601,1997-03-03 07:00:00+00:00,5,1.0063677461881737,1997-03-03 07:00:00+00:00,72,5,1,5,99,AL-RF-19970303-0099,2.0,0.4834628220124395,5,2–5-year,Convective candidate,Thunderstorm-associated rainfall,,Low,6 convective/heavy-rain NOAA Storm Events records; rainfall duration signature was not decisive.,,,6,Hail; Thunderstorm Wind,0,6,0,0.2247943164929519,0.4343750680796224,0.5633765468655871,0.7587310265984877,0.0,0.0,0.0,,,,,,,,,0.0,0,0,0.0,0.0,0.0,0.0,Rainfall hazard without matched flood evidence,Insufficient record
ALRF-1997-002,1997,1997-05-03 01:00:00+00:00,1997-05-04 04:00:00+00:00,1997-05-02 13:00:00+00:00,1997-05-04 16:00:00+00:00,52.835243225097656,1.2914840404475283,31501051001,1997-05-03 06:00:00+00:00,17,93.32738494873048,1.6718989182666442,31501051001,1997-05-03 08:00:00+00:00,97,113.7099609375,1.6789852648024923,31501051001,1997-05-03 08:00:00+00:00,158,126.77571868896484,1.2598661887727067,31501050804,1997-05-03 13:00:00+00:00,45,133.89804077148438,1.005335817155438,31601100402,1997-05-03 09:00:00+00:00,1,1.6789852648024923,1997-05-03 08:00:00+00:00,6,166,1,166,100,AL-RF-19970503-0100,10.0,0.7665171862050897,166,10–25-year,Convective,Organized or localized severe convection,,Medium,42 convective/heavy-rain NOAA Storm Events records; Rx3h/Rx24h=0.74.,,,42,Flash Flood; Hail; Lightning; Thunderstorm Wind; Tornado,4,42,0,0.4167615358168479,0.7361613557695739,0.8969380107911614,0.9468078693199494,10.0,10.0,1.0,13.025303262702435,11.333333333333332,13.025303262702435,24000.0,190.0,-8.0,-8.0,16.0,1.0,4,4,110000.0,12000.0,0.0,0.0,Measured major-flood response,10–25-year
ALRF-1997-003,1997,1997-07-19 01:00:00+00:00,1997-07-24 17:00:00+00:00,1997-07-18 13:00:00+00:00,1997-07-25 05:00:00+00:00,39.25654602050781,0.9799415785552203,31501080704,1997-07-23 05:00:00+00:00,0,67.73287200927734,1.2191088471963514,31501080704,1997-07-23 06:00:00+00:00,6,149.787841796875,1.37193381026267,31700090203,1997-07-19 06:00:00+00:00,15,338.7069396972656,2.2343808818341717,31700090203,1997-07-19 17:00:00+00:00,36,466.3227844238281,2.4948361083018105,31700090203,1997-07-20 06:00:00+00:00,75,2.4948361083018105,1997-07-20 06:00:00+00:00,72,81,5,62,101,AL-RF-19970720-0101,50.0,0.910341002506546,81,50–100-year,Tropical cyclone,Hurricane,Danny,High,HURDAT2 track within 0 km of rainfall footprint; track status=HU; 5 matching tropical NOAA Storm Events records.,Danny,0.0,18,Flash Flood; Hurricane (Typhoon); Lightning; Thunderstorm Wind; Tornado,6,13,5,0.1159012155333902,0.1999748575267356,0.4422343455104714,0.7263358150422778,5.0,5.0,2.0,37.28161002056827,32.0,37.28161002056827,16900.0,420.6060606060606,-6.0,-30.0,18.0,0.0,6,6,545000.0,50000.0,0.0,0.0,Measured major-flood response,25–50-year
ALRF-1997-004,1997,1997-09-25 04:00:00+00:00,1997-09-27 22:00:00+00:00,1997-09-24 16:00:00+00:00,1997-09-28 10:00:00+00:00,25.08042907714844,0.6407112623790883,31501050106,1997-09-25 12:00:00+00:00,0,57.349517822265625,1.0084141505165858,31501060107,1997-09-25 12:00:00+00:00,2,78.11072540283203,1.1366105898875452,31501060107,1997-09-25 15:00:00+00:00,13,143.07882690429688,1.4947517536783317,31501050106,1997-09-25 18:00:00+00:00,59,172.76959228515625,1.4074179508441187,31501050106,1997-09-26 10:00:00+00:00,43,1.4947517536783317,1997-09-25 18:00:00+00:00,24,72,6,31,102,AL-RF-19970925-0102,10.0,0.7395735049858998,72,10–25-year,Unclassified,Insufficient external evidence,,Low,No nearby HURDAT2 track and no matching Alabama NOAA Storm Events record within the configured time buffer.,,,0,,0,0,0,0.1752909890288961,0.4008246297729698,0.5459279132549713,0.8281482002234817,0.0,0.0,0.0,,,,,,,,,0.0,0,0,0.0,0.0,0.0,0.0,Rainfall hazard without matched flood evidence,Insufficient record
ALRF-1997-005,1997,1997-10-26 10:00:00+00:00,1997-10-28 07:00:00+00:00,1997-10-25 22:00:00+00:00,1997-10-28 19:00:00+00:00,36.199012756347656,0.8798433088739527,60300010504,1997-10-26 10:00:00+00:00,0,54.71456909179688,0.9614387494342852,60300010504,1997-10-26 11:00:00+00:00,0,70.47431945800781,1.0012907046957729,31501060108,1997-10-26 12:00:00+00:00,1,115.5977020263672,1.1420127509879838,60300010802,1997-10-26 16:00:00+00:00,31,203.48724365234372,1.4112551015357426,31402020401,1997-10-27 01:00:00+00:00,115,1.4112551015357426,1997-10-27 01:00:00+00:00,72,119,6,66,103,AL-RF-19971027-0103,5.0,0.5948274328471118,119,5–10-year,Convective candidate,Thunderstorm-associated rainfall,,Low,38 convective/heavy-rain NOAA Storm Events records; rainfall duration signature was not decisive.,,,38,Hail; Lightning; Thunderstorm Wind; Tornado,0,38,0,0.3131464736910675,0.4733188301556097,0.6096515607371937,0.568083285966883,0.0,0.0,0.0,,,,,,,,,0.0,0,0,0.0,0.0,0.0,0.0,Rainfall hazard without matched flood evidence,Insufficient record
ALRF-1998-001,1998,1998-01-07 12:00:00+00:00,1998-01-10 07:00:00+00:00,1998-01-07 00:00:00+00:00,1998-01-10 19:00:00+00:00,32.205230712890625,0.7328415608167537,31502030103,1998-01-07 12:00:00+00:00,0,78.33975219726562,1.0666070271930388,31700080101,1998-01-07 12:00:00+00:00,7,81.85533905029297,1.075314851071325,31601060703,1998-01-07 15:00:00+00:00,22,142.4058837890625,1.3726734599571857,60300050701,1998-01-08 06:00:00+00:00,66,173.21157836914062,1.2937306070873271,60300050701,1998-01-08 08:00:00+00:00,291,1.3726734599571857,1998-01-08 06:00:00+00:00,24,295,9,184,104,AL-RF-19980108-0104,5.0,0.6544138290299035,295,5–10-year,Convective,Organized or localized severe convection,,Medium,82 convective/heavy-rain NOAA Storm Events records; Rx3h/Rx24h=0.55.,,,82,Flash Flood; Hail; Thunderstorm Wind,56,82,0,0.2261509837654906,0.5501159791494691,0.5748030690328814,0.8221499112811822,31.0,31.0,6.0,1000000.0,35.0,1000000.0,182000.0,679.1666666666667,-6.0,-30.0,138.0,6.0,56,56,1575000.0,250000.0,2.0,0.0,Measured major-flood response,>500-year
ALRF-1998-002,1998,1998-03-07 22:00:00+00:00,1998-03-11 06:00:00+00:00,1998-03-07 10:00:00+00:00,1998-03-11 18:00:00+00:00,41.37023162841797,0.7607783551272166,31402020609,1998-03-08 12:00:00+00:00,0,85.94526672363281,1.1248234238079464,31402020605,1998-03-08 12:00:00+00:00,15,129.41915893554688,1.4124210202511214,31402020606,1998-03-08 13:00:00+00:00,74,211.56460571289065,1.688767860904588,31402020603,1998-03-08 15:00:00+00:00,292,318.7608947753906,2.036739387463893,31402020603,1998-03-08 20:00:00+00:00,420,2.036739387463893,1998-03-08 20:00:00+00:00,72,423,3,418,105,AL-RF-19980308-0105,25.0,0.7277077546948179,423,25–50-year,Frontal/extratropical candidate,Prolonged or widespread non-tropical rainfall,,Medium–low,No nearby HURDAT2 system; 20 flood/heavy-rain NOAA records; affected HUCs=423; Rx24h/Rx72h=0.66.,,,48,Flash Flood; Flood; Hail; Lightning; Thunderstorm Wind,20,40,0,0.195544200264578,0.4062365083896269,0.6117240570531849,0.6637094109739088,16.0,16.0,6.0,53.8455733124021,32.0,53.8455733124021,45500.0,649.5327102803739,-20.0,-20.0,28.0,1.0,20,12,346705000.0,60000.0,4.0,0.0,Measured major-flood response,50–100-year
ALRF-1998-003,1998,1998-07-14 03:00:00+00:00,1998-07-16 18:00:00+00:00,1998-07-13 15:00:00+00:00,1998-07-17 06:00:00+00:00,21.29627227783203,0.5166830804178896,60300050201,1998-07-14 00:00:00+00:00,0,46.38843536376953,0.8035091065432206,60300021203,1998-07-14 01:00:00+00:00,0,61.384037017822266,0.8709745924470472,60300021203,1998-07-14 03:00:00+00:00,0,136.808349609375,1.350452322055094,60300021203,1998-07-14 08:00:00+00:00,5,188.51600646972656,1.446293380998776,60300050201,1998-07-15 21:00:00+00:00,11,1.446293380998776,1998-07-15 21:00:00+00:00,72,11,1,11,106,AL-RF-19980715-0106,10.0,0.6971086054033496,11,10–25-year,Frontal/extratropical candidate,Prolonged or widespread non-tropical rainfall,,Medium–low,No nearby HURDAT2 system; 1 flood/heavy-rain NOAA records; affected HUCs=11; Rx24h/Rx72h=0.73.,,,1,Flash Flood,1,1,0,0.1556650039170757,0.3390760541752102,0.4486863352499344,0.725712114166522,0.0,0.0,0.0,,,,,,,,,0.0,1,1,30000.0,10000.0,0.0,2.0,Reported flooding only,Insufficient record
ALRF-1998-004,1998,1998-09-02 21:00:00+00:00,1998-09-04 22:00:00+00:00,1998-09-02 09:00:00+00:00,1998-09-05 10:00:00+00:00,26.746471405029297,0.4366340006479832,31401070103,1998-09-02 16:00:00+00:00,0,49.493125915527344,0.6300939587292425,31401030303,1998-09-02 22:00:00+00:00,0,80.4405288696289,0.9130082945430764,31402030203,1998-09-03 02:00:00+00:00,0,152.08079528808594,1.2529670979528678,31402030102,1998-09-03 12:00:00+00:00,35,159.74522399902344,1.1012929250970018,31300120107,1998-09-03 14:00:00+00:00,15,1.2529670979528678,1998-09-03 12:00:00+00:00,24,35,3,31,107,AL-RF-19980903-0107,2.0,0.4724599477970599,35,2–5-year,Tropical cyclone,Hurricane,Earl,High,HURDAT2 track within 86 km of rainfall footprint; track status=HU; 9 matching tropical NOAA Storm Events records.,Earl,85.60778995500364,13,Drought; Heat; Heavy Rain; Hurricane (Typhoon); Tropical Storm,1,1,9,0.1758701442503873,0.325439683700843,0.5289328525488757,0.9520209210700136,0.0,0.0,0.0,,,,,,,,,0.0,1,0,0.0,0.0,0.0,0.0,Reported flooding only,Insufficient record
ALRF-1998-005,1998,1998-09-12 18:00:00+00:00,1998-09-13 17:00:00+00:00,1998-09-12 06:00:00+00:00,1998-09-14 05:00:00+00:00,23.680252075195312,0.3992067464497413,31602040401,1998-09-12 11:00:00+00:00,0,62.57150268554688,0.7019042187161045,31602050207,1998-09-12 13:00:00+00:00,0,85.16116333007812,0.7811994774075736,31602050207,1998-09-12 15:00:00+00:00,0,147.4650115966797,1.0000523732568882,31700080603,1998-09-12 12:00:00+00:00,1,199.2868194580078,1.069312135522133,31700090101,1998-09-13 11:00:00+00:00,6,1.069312135522133,1998-09-13 11:00:00+00:00,72,6,2,5,108,AL-RF-19980913-0108,2.0,0.4238371067935966,6,2–5-year,Frontal/extratropical candidate,Prolonged or widespread non-tropical rainfall,,Medium–low,No nearby HURDAT2 system; 1 flood/heavy-rain NOAA records; affected HUCs=6; Rx24h/Rx72h=0.74.,Frances,784.8926595968768,4,Drought; Heat; Heavy Rain,1,1,0,0.1605821734850661,0.4243142289011675,0.5775008078729613,0.7399636965341423,0.0,0.0,0.0,,,,,,,,,0.0,1,0,0.0,0.0,0.0,0.0,Reported flooding only,Insufficient record
ALRF-1998-006,1998,1998-09-28 08:00:00+00:00,1998-10-02 14:00:00+00:00,1998-09-27 20:00:00+00:00,1998-10-03 02:00:00+00:00,48.71781539916992,0.819720120614778,31401060403,1998-09-28 18:00:00+00:00,0,106.20637512207033,1.268406370650136,31401040404,1998-09-29 07:00:00+00:00,14,116.63130950927734,1.4933327121346631,31403030403,1998-09-28 17:00:00+00:00,55,295.04803466796875,2.388714253233972,31403030503,1998-09-29 10:00:00+00:00,582,424.17083740234375,2.9447351404509665,31403030102,1998-09-30 13:00:00+00:00,631,2.9447351404509665,1998-09-30 13:00:00+00:00,72,634,1,634,109,AL-RF-19980930-0109,100.0,1.1111839200162454,634,100–200-year,Tropical cyclone,Tropical storm,Georges,High,HURDAT2 track within 0 km of rainfall footprint; track status=TS; 13 matching tropical NOAA Storm Events records.,Georges,0.0,70,Drought; Flash Flood; Funnel Cloud; Heat; Heavy Rain; Hurricane (Typhoon); Thunderstorm Wind; Tornado,17,46,13,0.1651182508434409,0.3599629980304369,0.3952960054132473,0.6955877411914185,18.0,18.0,12.0,87.18725502448542,86.0,87.18725502448542,118000.0,442.8223844282238,-13.0,-61.0,11.0,4.0,17,16,4270000.0,15050000.0,0.0,0.0,Measured major-flood response,50–100-year
ALRF-1998-007,1998,1998-12-13 01:00:00+00:00,1998-12-13 19:00:00+00:00,1998-12-12 13:00:00+00:00,1998-12-14 07:00:00+00:00,21.323022842407227,0.3457240372761285,31602050205,1998-12-12 22:00:00+00:00,0,38.13031768798828,0.4276879063150567,31602050205,1998-12-12 22:00:00+00:00,0,41.21638870239258,0.5831125747329434,60300051003,1998-12-12 20:00:00+00:00,0,112.63644409179688,1.1142014867023,60300050201,1998-12-13 03:00:00+00:00,5,139.38519287109375,1.069362149314753,60300050201,1998-12-13 09:00:00+00:00,3,1.1142014867023,1998-12-13 03:00:00+00:00,24,5,1,5,110,AL-RF-19981213-0110,2.0,0.5327630153901304,5,2–5-year,Unclassified,Insufficient external evidence,,Low,No nearby HURDAT2 track and no matching Alabama NOAA Storm Events record within the configured time buffer.,,,4,Drought; Heat,0,0,0,0.189308380731811,0.338525581089125,0.3659240935269751,0.8080947607969043,0.0,0.0,0.0,,,,,,,,,0.0,0,0,0.0,0.0,0.0,0.0,Rainfall hazard without matched flood evidence,Insufficient record
ALRF-1999-001,1999,1999-01-23 00:00:00+00:00,1999-01-25 07:00:00+00:00,1999-01-22 12:00:00+00:00,1999-01-25 19:00:00+00:00,27.74675178527832,0.6759203806897404,60300021008,1999-01-22 23:00:00+00:00,0,58.139137268066406,0.9906205162437622,60300051203,1999-01-23 04:00:00+00:00,0,90.09983825683594,1.2714545367745549,60300051203,1999-01-23 04:00:00+00:00,27,135.4336700439453,1.330523429866902,60300051203,1999-01-23 07:00:00+00:00,59,137.53369140625,1.0518676099669957,60300051203,1999-01-23 08:00:00+00:00,4,1.330523429866902,1999-01-23 07:00:00+00:00,24,72,5,49,111,AL-RF-19990123-0111,5.0,0.6193668819018056,72,5–10-year,Frontal/extratropical candidate,Prolonged or widespread non-tropical rainfall,,Medium–low,No nearby HURDAT2 system; 6 flood/heavy-rain NOAA records; affected HUCs=72; Rx24h/Rx72h=0.98.,,,52,Coastal Flood; Flash Flood; Funnel Cloud; Hail; Heat; Heavy Rain; Lightning; Thunderstorm Wind; Tornado,6,37,0,0.2048733655100323,0.4292812655021569,0.6652691182894215,0.9847308587384483,4.0,4.0,0.0,9.539102074420134,13.333333333333334,9.539102074420134,12500.0,67.46987951807229,-7.0,-7.0,17.0,2.0,6,4,91000.0,0.0,0.0,0.0,Measured annual-peak response,5–10-year
ALRF-1999-002,1999,1999-01-30 17:00:00+00:00,1999-02-02 07:00:00+00:00,1999-01-30 05:00:00+00:00,1999-02-02 19:00:00+00:00,33.152557373046875,0.6105539364635896,31602031101,1999-01-30 11:00:00+00:00,0,46.91997528076172,0.723661385914741,31502030703,1999-01-30 20:00:00+00:00,0,69.39945220947266,0.888900240031307,31502030703,1999-01-30 22:00:00+00:00,0,160.36766052246094,1.415916981457042,31502030605,1999-01-31 03:00:00+00:00,172,183.0020751953125,1.292081563903963,31502030601,1999-02-01 10:00:00+00:00,185,1.415916981457042,1999-01-31 03:00:00+00:00,24,201,1,201,112,AL-RF-19990131-0112,5.0,0.6110408926081062,201,5–10-year,Frontal/extratropical candidate,Prolonged or widespread non-tropical rainfall,,Medium–low,No nearby HURDAT2 system; 4 flood/heavy-rain NOAA records; affected HUCs=201; Rx24h/Rx72h=0.88.,,,7,Drought; Flash Flood; Heat; Heavy Rain; High Wind,4,4,0,0.2067284467768584,0.2925775379393912,0.4327521645160661,0.8763160764778511,10.0,10.0,1.0,15.299070238376999,14.2,15.299070238376999,179000.0,109.52380952380952,45.0,-27.0,141.0,3.0,4,3,15000.0,0.0,0.0,0.0,Measured major-flood response,10–25-year
ALRF-1999-003,1999,1999-03-14 01:00:00+00:00,1999-03-14 09:00:00+00:00,1999-03-13 13:00:00+00:00,1999-03-14 21:00:00+00:00,40.97764587402344,0.8326293221914189,31402010301,1999-03-14 05:00:00+00:00,0,78.11114501953125,1.1928395844246245,31402010401,1999-03-14 06:00:00+00:00,17,96.66399383544922,1.2262488950632706,31402010401,1999-03-14 07:00:00+00:00,34,118.99497985839844,1.0370296802538412,31502040203,1999-03-14 18:00:00+00:00,1,120.13491821289062,0.8423218511508617,31502040203,1999-03-14 21:00:00+00:00,0,1.2262488950632706,1999-03-14 07:00:00+00:00,6,34,3,28,113,AL-RF-19990314-0113,2.0,0.5492195334575108,34,2–5-year,Convective,Organized or localized severe convection,,Medium,11 convective/heavy-rain NOAA Storm Events records; Rx3h/Rx24h=0.66.,,,13,Coastal Flood; Flash Flood; Lightning; Thunderstorm Wind; Tornado,5,11,0,0.3443644927104151,0.6564238685739675,0.8123367384949968,0.9905111821654374,0.0,0.0,0.0,,,,,,,,,0.0,5,3,21000.0,0.0,0.0,0.0,Reported flooding only,Insufficient record
ALRF-1999-004,1999,1999-05-06 02:00:00+00:00,1999-05-07 03:00:00+00:00,1999-05-05 14:00:00+00:00,1999-05-07 15:00:00+00:00,44.98271560668945,1.1242691609050446,60300050303,1999-05-06 03:00:00+00:00,12,73.78703308105469,1.2750803750571504,60300020106,1999-05-06 06:00:00+00:00,149,90.67239379882812,1.3060255487113035,60300010601,1999-05-06 09:00:00+00:00,154,107.33374786376952,1.0543599857589845,60300010603,1999-05-06 12:00:00+00:00,16,114.44872283935548,0.8529902945903882,60300020104,1999-05-06 15:00:00+00:00,0,1.3060255487113035,1999-05-06 09:00:00+00:00,6,183,5,176,114,AL-RF-19990506-0114,5.0,0.6556083497430963,183,5–10-year,Convective,Organized or localized severe convection,,Medium,43 convective/heavy-rain NOAA Storm Events records; Rx3h/Rx24h=0.69.,,,45,Coastal Flood; Flash Flood; Funnel Cloud; Hail; Lightning; Thunderstorm Wind; Tornado,6,43,0,0.4190920050959419,0.6874541749413884,0.8447705926929117,0.9378326398139648,0.0,0.0,0.0,,,,,,,,,0.0,6,5,41000.0,0.0,0.0,0.0,Reported flooding only,Insufficient record
ALRF-1999-005,1999,1999-06-27 18:00:00+00:00,1999-06-27 20:00:00+00:00,1999-06-27 06:00:00+00:00,1999-06-28 08:00:00+00:00,34.79826736450195,0.839353893276365,60300050602,1999-06-28 08:00:00+00:00,0,62.3550033569336,1.0766082235009653,60300050507,1999-06-28 08:00:00+00:00,1,64.6170654296875,0.9181400628526069,60300050507,1999-06-28 08:00:00+00:00,0,88.0851821899414,0.8362539561949405,31502020507,1999-06-27 18:00:00+00:00,0,148.20553588867188,1.1042792192061304,31502020507,1999-06-27 19:00:00+00:00,7,1.1042792192061304,1999-06-27 19:00:00+00:00,72,8,2,7,115,AL-RF-19990627-0115,2.0,0.5211941680918319,8,2–5-year,Convective,Organized or localized severe convection,,Medium,20 convective/heavy-rain NOAA Storm Events records; Rx3h/Rx24h=0.71.,,,20,Flash Flood; Heavy Rain,20,20,0,0.3950524537653238,0.7078943564250698,0.7335747491598675,0.5943447500915802,0.0,0.0,0.0,,,,,,,,,0.0,20,16,3522000.0,0.0,2.0,2.0,Reported flooding only,Insufficient record
ALRF-1999-006,1999,1999-06-28 17:00:00+00:00,1999-06-30 04:00:00+00:00,1999-06-28 05:00:00+00:00,1999-06-30 16:00:00+00:00,34.79826736450195,0.839353893276365,60300050602,1999-06-28 08:00:00+00:00,0,62.3550033569336,1.0766082235009653,60300050507,1999-06-28 08:00:00+00:00,1,64.6170654296875,0.9181400628526069,60300050507,1999-06-28 08:00:00+00:00,0,94.82984161376952,0.9263313352211988,60300020901,1999-06-28 16:00:00+00:00,0,146.587890625,1.136418703769252,60300010807,1999-06-29 20:00:00+00:00,19,1.136418703769252,1999-06-29 20:00:00+00:00,72,20,3,16,116,AL-RF-19990629-0116,2.0,0.5675428076009653,20,2–5-year,Convective,Organized or localized severe convection,,Medium,25 convective/heavy-rain NOAA Storm Events records; Rx3h/Rx24h=0.66.,,,25,Flash Flood; Heavy Rain; Lightning; Thunderstorm Wind,23,25,0,0.3669548189928555,0.657546214311925,0.6814001197309281,0.6469145657901749,4.0,4.0,0.0,8.682480360123064,10.666666666666666,8.682480360123064,3520.0,174.11764705882354,-44.0,-44.0,-20.0,2.0,23,19,3645000.0,0.0,2.0,2.0,Measured annual-peak response,5–10-year
ALRF-1999-007,1999,1999-10-10 09:00:00+00:00,1999-10-12 03:00:00+00:00,1999-10-09 21:00:00+00:00,1999-10-12 15:00:00+00:00,37.26650238037109,0.7382608442153251,31402010208,1999-10-09 22:00:00+00:00,0,52.549747467041016,0.7635876078645613,31300040701,1999-10-10 21:00:00+00:00,0,59.30929183959961,0.900172543416321,31501050106,1999-10-10 18:00:00+00:00,0,105.84175872802734,0.9461261530878312,31700020504,1999-10-10 07:00:00+00:00,0,186.62136840820312,1.3126184630319186,31700020504,1999-10-10 22:00:00+00:00,17,1.3126184630319186,1999-10-10 22:00:00+00:00,72,17,2,16,117,AL-RF-19991010-0117,5.0,0.6132837320653778,17,5–10-year,Convective candidate,Thunderstorm-associated rainfall,,Low,3 convective/heavy-rain NOAA Storm Events records; rainfall duration signature was not decisive.,Irene,1161.5098454349215,4,Drought; Thunderstorm Wind; Tornado,0,3,0,0.3520964015359163,0.4964935210692566,0.5603581474113795,0.5671470509021033,0.0,0.0,0.0,,,,,,,,,0.0,0,0,0.0,0.0,0.0,0.0,Rainfall hazard without matched flood evidence,Insufficient record
ALRF-1999-008,1999,1999-11-02 08:00:00+00:00,1999-11-02 19:00:00+00:00,1999-11-01 20:00:00+00:00,1999-11-03 07:00:00+00:00,18.68876075744629,0.4810109158663068,31501050703,1999-11-02 05:00:00+00:00,0,44.15986251831055,0.8372416646924303,31501050703,1999-11-02 06:00:00+00:00,0,72.35806274414062,1.0210893707267603,60300051203,1999-11-02 01:00:00+00:00,2,123.85610961914062,1.2167835053643457,60300051203,1999-11-02 11:00:00+00:00,24,126.9075927734375,0.9705984397885086,60300051203,1999-11-02 11:00:00+00:00,0,1.2167835053643457,1999-11-02 11:00:00+00:00,24,24,2,14,118,AL-RF-19991102-0118,5.0,0.5599422195293019,24,5–10-year,Unclassified,Insufficient external evidence,,Low,No nearby HURDAT2 track and no matching Alabama NOAA Storm Events record within the configured time buffer.,Katrina,1487.059243674188,19,Drought; High Wind,0,0,0,0.150890907319102,0.3565416567184516,0.5842106858244034,0.975955078119364,0.0,0.0,0.0,,,,,,,,,0.0,0,0,0.0,0.0,0.0,0.0,Rainfall hazard without matched flood evidence,Insufficient record
ALRF-2000-001,2000,2000-03-19 20:00:00+00:00,2000-03-22 09:00:00+00:00,2000-03-19 08:00:00+00:00,2000-03-22 21:00:00+00:00,33.29304885864258,0.7244270797290612,31403010101,2000-03-20 01:00:00+00:00,0,54.8245964050293,0.9136272413643264,31601110206,2000-03-20 01:00:00+00:00,0,71.73343658447266,0.970713235450528,31601120202,2000-03-19 22:00:00+00:00,0,150.91952514648438,1.448953204394013,31601110412,2000-03-20 02:00:00+00:00,100,152.7259979248047,1.1580393261138815,31601110410,2000-03-20 09:00:00+00:00,24,1.448953204394013,2000-03-20 02:00:00+00:00,24,100,2,99,119,AL-RF-20000320-0119,10.0,0.6332878291298542,100,10–25-year,Frontal/extratropical candidate,Prolonged or widespread non-tropical rainfall,,Medium–low,No nearby HURDAT2 system; 5 flood/heavy-rain NOAA records; affected HUCs=100; Rx24h/Rx72h=0.99.,,,21,Flash Flood; Hail; Lightning; Thunderstorm Wind; Tornado,5,21,0,0.2206013358863137,0.3632704009094639,0.4753091855732205,0.988171805698662,0.0,0.0,0.0,,,,,,,,,0.0,5,5,135000.0,0.0,0.0,0.0,Reported flooding only,Insufficient record
ALRF-2000-002,2000,2000-04-03 16:00:00+00:00,2000-04-06 02:00:00+00:00,2000-04-03 04:00:00+00:00,2000-04-06 14:00:00+00:00,20.12959098815918,0.4816258054272226,31601100202,2000-04-03 18:00:00+00:00,0,38.80690002441406,0.7135098834200562,60300010303,2000-04-03 20:00:00+00:00,0,71.3105697631836,0.9687781609432388,31601120203,2000-04-03 07:00:00+00:00,0,123.84955596923828,1.185433975828975,31601110204,2000-04-04 02:00:00+00:00,84,177.94493103027344,1.4114001593744383,60300010204,2000-04-04 14:00:00+00:00,450,1.4114001593744383,2000-04-04 14:00:00+00:00,72,450,2,447,120,AL-RF-20000404-0120,10.0,0.7004492351052464,450,10–25-year,Frontal/extratropical candidate,Prolonged or widespread non-tropical rainfall,,Medium–low,No nearby HURDAT2 system; 14 flood/heavy-rain NOAA records; affected HUCs=450; Rx24h/Rx72h=0.70.,,,81,Flash Flood; Funnel Cloud; Hail; Lightning; Thunderstorm Wind; Tornado,14,80,0,0.162532605229194,0.3133390323502888,0.5757838145249039,0.6959993479565203,58.0,58.0,2.0,14.868368395759303,9.0,14.868368395759303,245000.0,741.4965986394558,-38.0,-38.0,34.0,16.0,14,14,575000.0,0.0,0.0,0.0,Measured major-flood response,10–25-year
ALRF-2000-003,2000,2000-11-09 06:00:00+00:00,2000-11-11 20:00:00+00:00,2000-11-08 18:00:00+00:00,2000-11-12 08:00:00+00:00,26.501752853393555,0.6043768668217085,31601120301,2000-11-09 01:00:00+00:00,0,53.01128387451172,0.8673813860901198,31601120203,2000-11-09 02:00:00+00:00,0,65.81564331054688,1.0438162322081292,60300010204,2000-11-09 09:00:00+00:00,1,136.9785919189453,1.3100173243397375,31601120203,2000-11-09 18:00:00+00:00,131,197.4276580810547,1.5659306869107537,60300010204,2000-11-09 14:00:00+00:00,251,1.5659306869107537,2000-11-09 14:00:00+00:00,72,255,1,255,121,AL-RF-20001109-0121,10.0,0.7465545380554452,255,10–25-year,Frontal/extratropical candidate,Prolonged or widespread non-tropical rainfall,,Medium–low,No nearby HURDAT2 system; 3 flood/heavy-rain NOAA records; affected HUCs=255; Rx24h/Rx72h=0.69.,,,33,Funnel Cloud; Heavy Rain; Lightning; Thunderstorm Wind; Tornado,3,32,0,0.1934736843336476,0.3870041524874209,0.4804812371665503,0.6938166275705313,0.0,0.0,0.0,,,,,,,,,0.0,3,0,5000.0,0.0,0.0,0.0,Reported flooding only,Insufficient record
ALRF-2001-001,2001,2001-03-03 13:00:00+00:00,2001-03-06 05:00:00+00:00,2001-03-03 01:00:00+00:00,2001-03-06 17:00:00+00:00,42.81123352050781,0.761529786337819,31403050101,2001-03-03 12:00:00+00:00,0,75.71940612792969,0.9736728896644536,31403050206,2001-03-03 13:00:00+00:00,0,88.99871826171875,0.9510185614034828,31403050206,2001-03-03 16:00:00+00:00,0,177.25025939941406,1.5079031144992523,31403030203,2001-03-04 02:00:00+00:00,308,215.80763244628903,1.4562497178205691,31403030203,2001-03-04 04:00:00+00:00,329,1.5079031144992523,2001-03-04 02:00:00+00:00,24,395,2,394,122,AL-RF-20010304-0122,5.0,0.6145185682885865,395,5–10-year,Frontal/extratropical candidate,Prolonged or widespread non-tropical rainfall,,Medium–low,No nearby HURDAT2 system; 22 flood/heavy-rain NOAA records; affected HUCs=395; Rx24h/Rx72h=0.82.,,,34,Flash Flood; Hail; Lightning; Thunderstorm Wind; Tornado,22,34,0,0.2415298779565528,0.4271892542470377,0.5021076897900041,0.8213345255225332,22.0,22.0,6.0,48.30274302599311,37.0,48.30274302599311,177000.0,347.22222222222223,-2.0,-26.0,94.0,4.0,22,22,658000.0,0.0,0.0,0.0,Measured major-flood response,25–50-year
ALRF-2001-002,2001,2001-04-04 00:00:00+00:00,2001-04-04 13:00:00+00:00,2001-04-03 12:00:00+00:00,2001-04-05 01:00:00+00:00,31.303199768066406,0.6300128320119669,31403020501,2001-04-04 02:00:00+00:00,0,44.582481384277344,0.7647148398326189,31300020901,2001-04-03 23:00:00+00:00,0,71.47220611572266,0.89630042467654,31402020402,2001-04-04 06:00:00+00:00,0,114.96400451660156,1.105097956240972,31501060805,2001-04-04 04:00:00+00:00,13,125.47901153564452,0.9361972061142424,31501060804,2001-04-05 01:00:00+00:00,0,1.105097956240972,2001-04-04 04:00:00+00:00,24,13,1,13,123,AL-RF-20010404-0123,2.0,0.4960408830212538,13,2–5-year,Convective candidate,Thunderstorm-associated rainfall,,Low,58 convective/heavy-rain NOAA Storm Events records; rainfall duration signature was not decisive.,,,60,Flash Flood; Funnel Cloud; Hail; Lightning; Thunderstorm Wind,14,58,0,0.2722869640779259,0.3877951326742392,0.6216920367052942,0.9162010690843224,8.0,8.0,0.0,7.510449205184649,8.8,7.510449205184649,28700.0,871.3826366559485,-28.0,-28.0,-4.0,5.0,14,14,136000.0,0.0,0.0,0.0,Measured annual-peak response,5–10-year
ALRF-2001-003,2001,2001-08-10 14:00:00+00:00,2001-08-10 17:00:00+00:00,2001-08-10 02:00:00+00:00,2001-08-11 05:00:00+00:00,32.005123138427734,0.7729111249649337,60300020901,2001-08-10 12:00:00+00:00,0,70.83467864990234,1.2017544332652583,60300020901,2001-08-10 14:00:00+00:00,3,88.90308380126953,1.2305222543148695,60300020901,2001-08-10 17:00:00+00:00,12,102.5258331298828,1.0093610585936488,60300010906,2001-08-10 23:00:00+00:00,2,103.77552032470705,0.8027475069513382,60300010906,2001-08-10 20:00:00+00:00,0,1.2305222543148695,2001-08-10 17:00:00+00:00,6,12,1,12,124,AL-RF-20010810-0124,5.0,0.6181821104464573,12,5–10-year,Convective,Organized or localized severe convection,,Medium,5 convective/heavy-rain NOAA Storm Events records; Rx3h/Rx24h=0.69.,,,5,Flash Flood; Thunderstorm Wind,4,5,0,0.312166428317463,0.6908959087429881,0.8671286161473512,0.987957784351126,0.0,0.0,0.0,,,,,,,,,0.0,4,4,170000.0,0.0,0.0,4.0,Reported flooding only,Insufficient record
ALRF-2001-004,2001,2001-09-03 15:00:00+00:00,2001-09-03 22:00:00+00:00,2001-09-03 03:00:00+00:00,2001-09-04 10:00:00+00:00,22.89500999450684,0.5287432857416852,31601130201,2001-09-03 16:00:00+00:00,0,41.02762222290039,0.6563903504106835,31601130803,2001-09-03 15:00:00+00:00,0,55.600040435791016,0.7689296043734344,31601110306,2001-09-03 18:00:00+00:00,0,79.5845718383789,0.7646435498166195,31601110303,2001-09-03 18:00:00+00:00,0,148.9516143798828,1.1347323671380818,31601130803,2001-09-03 18:00:00+00:00,21,1.1347323671380818,2001-09-03 18:00:00+00:00,72,21,4,11,125,AL-RF-20010903-0125,2.0,0.5086974285357407,21,2–5-year,Frontal/extratropical candidate,Prolonged or widespread non-tropical rainfall,,Medium–low,No nearby HURDAT2 system; 2 flood/heavy-rain NOAA records; affected HUCs=21; Rx24h/Rx72h=0.53.,Erin,3277.585956122885,3,Flash Flood; Heavy Rain; Thunderstorm Wind,2,3,0,0.2876815124544772,0.5155223088492538,0.6986283792379269,0.5342981488969177,0.0,0.0,0.0,,,,,,,,,0.0,2,1,28000.0,0.0,1.0,1.0,Reported flooding only,Insufficient record
ALRF-2001-005,2001,2001-09-04 19:00:00+00:00,2001-09-05 10:00:00+00:00,2001-09-04 07:00:00+00:00,2001-09-05 22:00:00+00:00,20.80466651916504,0.3338927941792105,31700090103,2001-09-04 11:00:00+00:00,0,34.087337493896484,0.3862322488315172,31700090102,2001-09-04 13:00:00+00:00,0,48.55580139160156,0.4529113531724571,31700090102,2001-09-04 15:00:00+00:00,0,75.67251586914062,0.7262129658330325,31601110306,2001-09-04 07:00:00+00:00,0,141.3111114501953,1.0691955627849583,31601110304,2001-09-04 22:00:00+00:00,7,1.0691955627849583,2001-09-04 22:00:00+00:00,72,7,3,5,126,AL-RF-20010904-0126,2.0,0.476158858624132,7,2–5-year,Frontal/extratropical candidate,Prolonged or widespread non-tropical rainfall,,Medium–low,No nearby HURDAT2 system; 2 flood/heavy-rain NOAA records; affected HUCs=7; Rx24h/Rx72h=0.54.,Erin,2966.3547269372266,3,Flash Flood; Heavy Rain; Lightning,2,3,0,0.2749302871750986,0.4504586255972144,0.6416570247983878,0.5355029416480895,0.0,0.0,0.0,,,,,,,,,0.0,2,1,28000.0,0.0,1.0,1.0,Reported flooding only,Insufficient record
ALRF-2001-006,2001,2001-10-13 23:00:00+00:00,2001-10-14 22:00:00+00:00,2001-10-13 11:00:00+00:00,2001-10-15 10:00:00+00:00,22.54115104675293,0.4878679602878256,31502030408,2001-10-14 06:00:00+00:00,0,37.52247619628906,0.6207411904638794,31502011203,2001-10-14 07:00:00+00:00,0,60.00276947021485,0.8257808701709655,60300020602,2001-10-14 08:00:00+00:00,0,98.61749267578124,0.9688350360532856,60300051203,2001-10-14 07:00:00+00:00,0,171.789306640625,1.313857030567202,60300051203,2001-10-14 10:00:00+00:00,36,1.313857030567202,2001-10-14 10:00:00+00:00,72,36,3,26,127,AL-RF-20011014-0127,5.0,0.6118428170250294,36,5–10-year,Convective candidate,Thunderstorm-associated rainfall,,Low,40 convective/heavy-rain NOAA Storm Events records; rainfall duration signature was not decisive.,Karen,1932.4542568911947,42,Hail; High Surf; High Wind; Thunderstorm Wind; Tornado,0,40,0,0.2285715285913839,0.3804849948847253,0.608439414166433,0.5740607177726395,0.0,0.0,0.0,,,,,,,,,0.0,0,0,0.0,0.0,0.0,0.0,Rainfall hazard without matched flood evidence,Insufficient record
ALRF-2001-007,2001,2001-11-25 06:00:00+00:00,2001-11-26 17:00:00+00:00,2001-11-24 18:00:00+00:00,2001-11-27 05:00:00+00:00,56.97547912597656,1.2439203592142638,31300030905,2001-11-25 07:00:00+00:00,5,100.95291900634766,1.611863383874981,31300030905,2001-11-25 08:00:00+00:00,14,127.14414978027344,1.694320122578912,31300030905,2001-11-25 11:00:00+00:00,30,132.84829711914062,1.2460510460841796,31300030905,2001-11-25 15:00:00+00:00,7,169.7259521484375,1.2688479215590225,31300030905,2001-11-26 10:00:00+00:00,14,1.694320122578912,2001-11-25 11:00:00+00:00,6,30,1,30,128,AL-RF-20011125-0128,10.0,0.7589065057199224,30,10–25-year,Convective,Organized or localized severe convection,,Medium,72 convective/heavy-rain NOAA Storm Events records; Rx3h/Rx24h=0.76.,Olga,2608.475112125402,74,Flash Flood; Funnel Cloud; Hail; Heat; Lightning; Thunderstorm Wind; Tornado,1,72,0,0.4288762472798577,0.7599112762116277,0.9570626988635644,0.7827223558772867,1.0,1.0,0.0,1.6998728866299355,1.5312500000000002,1.6998728866299355,4880.0,43.57142857142857,-11.0,-11.0,-11.0,0.0,1,1,10000.0,0.0,0.0,0.0,Measured annual-peak response,<2-year
ALRF-2001-008,2001,2001-11-29 16:00:00+00:00,2001-11-30 21:00:00+00:00,2001-11-29 04:00:00+00:00,2001-12-01 09:00:00+00:00,25.20747184753418,0.5964626712364193,60300051203,2001-11-29 15:00:00+00:00,0,47.89102935791016,0.816005163737373,60300051203,2001-11-29 15:00:00+00:00,0,78.25386810302734,1.104288726203156,60300051203,2001-11-29 17:00:00+00:00,1,145.53244018554688,1.4297354668875428,60300051203,2001-11-30 01:00:00+00:00,3,209.37863159179688,1.6013429039730918,60300051203,2001-11-30 05:00:00+00:00,15,1.6013429039730918,2001-11-30 05:00:00+00:00,72,15,2,11,129,AL-RF-20011130-0129,10.0,0.745720524071758,15,10–25-year,Convective candidate,Thunderstorm-associated rainfall,,Low,2 convective/heavy-rain NOAA Storm Events records; rainfall duration signature was not decisive.,Olga,1935.75586885084,2,Thunderstorm Wind,0,2,0,0.1732086111893394,0.3290745987413623,0.5377073867740926,0.6950682554334193,0.0,0.0,0.0,,,,,,,,,0.0,0,0,0.0,0.0,0.0,0.0,Rainfall hazard without matched flood evidence,Insufficient record
ALRF-2001-009,2001,2001-12-14 03:00:00+00:00,2001-12-14 08:00:00+00:00,2001-12-13 15:00:00+00:00,2001-12-14 20:00:00+00:00,31.31609916687012,0.6311842168207195,31602030104,2001-12-14 06:00:00+00:00,0,54.97396087646485,0.7438695510031177,31700020607,2001-12-14 07:00:00+00:00,0,56.60318756103516,0.6877638173159248,31700020603,2001-12-14 07:00:00+00:00,0,119.79505920410156,1.124099989190238,31601050102,2001-12-14 05:00:00+00:00,49,125.3755340576172,0.912287970717888,31601050102,2001-12-14 11:00:00+00:00,0,1.124099989190238,2001-12-14 05:00:00+00:00,24,49,2,48,130,AL-RF-20011214-0130,2.0,0.5172151137482978,49,2–5-year,Convective candidate,Thunderstorm-associated rainfall,,Low,2 convective/heavy-rain NOAA Storm Events records; rainfall duration signature was not decisive.,,,2,Thunderstorm Wind; Tornado,0,2,0,0.2614139462422663,0.4589000685145338,0.4725001843740244,0.9554899215747222,2.0,2.0,0.0,2.964798527948278,2.4666666666666663,2.964798527948278,6650.0,64.15841584158416,-5.0,-5.0,-5.0,0.0,0,0,0.0,0.0,0.0,0.0,Measured annual-peak response,2–5-year
ALRF-2002-001,2002,2002-01-19 15:00:00+00:00,2002-01-19 19:00:00+00:00,2002-01-19 03:00:00+00:00,2002-01-20 07:00:00+00:00,51.537818908691406,1.2124632948107703,31501070601,2002-01-19 18:00:00+00:00,4,91.15530395507812,1.4844063786950368,31601120302,2002-01-19 15:00:00+00:00,26,108.19032287597656,1.4706651977597258,31502020302,2002-01-19 18:00:00+00:00,49,109.7568588256836,1.049066286951197,31502020302,2002-01-19 23:00:00+00:00,2,110.52642059326172,0.8219282106239688,31502020302,2002-01-19 23:00:00+00:00,0,1.4844063786950368,2002-01-19 15:00:00+00:00,3,56,3,54,131,AL-RF-20020119-0131,10.0,0.7161019372217681,56,10–25-year,Convective,Organized or localized severe convection,,Medium,11 convective/heavy-rain NOAA Storm Events records; Rx3h/Rx24h=0.83.,,,11,Thunderstorm Wind,0,11,0,0.4695635376240498,0.8305203422398544,0.9857272158982336,0.9930373048955404,3.0,3.0,0.0,1.75,1.75,1.3752161860287342,18300.0,64.93150684931507,9.0,-15.0,129.0,1.0,0,0,0.0,0.0,0.0,0.0,Measured annual-peak response,<2-year
ALRF-2002-002,2002,2002-01-23 17:00:00+00:00,2002-01-26 23:00:00+00:00,2002-01-23 05:00:00+00:00,2002-01-27 11:00:00+00:00,35.4737548828125,0.8350745018008418,60300060303,2002-01-24 12:00:00+00:00,0,57.81002807617188,0.9678295230138932,60300060304,2002-01-23 09:00:00+00:00,0,69.1137924194336,0.9753074658679152,60300051203,2002-01-24 16:00:00+00:00,0,135.11007690429688,1.3201883972841522,60300051202,2002-01-25 02:00:00+00:00,21,260.5635070800781,1.937380819954142,60300060303,2002-01-25 02:00:00+00:00,51,1.937380819954142,2002-01-25 02:00:00+00:00,72,51,2,44,132,AL-RF-20020125-0132,50.0,0.8995857809959876,51,50–100-year,Frontal/extratropical candidate,Prolonged or widespread non-tropical rainfall,,Medium–low,No nearby HURDAT2 system; 8 flood/heavy-rain NOAA records; affected HUCs=51; Rx24h/Rx72h=0.52.,,,11,Flash Flood; Hail; Heat; Thunderstorm Wind,8,10,0,0.2625544718469799,0.4278735487444116,0.511536918659215,0.5185303130832283,2.0,2.0,1.0,14.777096213830731,13.571428571428573,14.777096213830731,300000.0,136.20689655172413,-14.0,-50.0,22.0,0.0,8,8,805000.0,0.0,0.0,0.0,Measured major-flood response,10–25-year
ALRF-2002-003,2002,2002-03-30 08:00:00+00:00,2002-03-31 06:00:00+00:00,2002-03-29 20:00:00+00:00,2002-03-31 18:00:00+00:00,51.72807312011719,1.23700423421413,60300010902,2002-03-30 06:00:00+00:00,1,66.86779022216797,1.1330297121478388,60300010902,2002-03-30 08:00:00+00:00,3,80.2225570678711,1.1613076192355969,60300010801,2002-03-30 11:00:00+00:00,7,129.1149139404297,1.2601991966359534,60300010902,2002-03-31 05:00:00+00:00,27,131.08328247070312,1.013984587859517,60300010906,2002-03-31 18:00:00+00:00,1,1.2601991966359534,2002-03-31 05:00:00+00:00,24,27,3,22,133,AL-RF-20020331-0133,5.0,0.6004138153932151,27,5–10-year,Convective candidate,Thunderstorm-associated rainfall,,Low,33 convective/heavy-rain NOAA Storm Events records; rainfall duration signature was not decisive.,,,36,Funnel Cloud; Hail; Thunderstorm Wind; Tornado,0,33,0,0.4006359261021015,0.5178936203529443,0.6213268058629053,0.9849838324676272,0.0,0.0,0.0,,,,,,,,,0.0,0,0,0.0,0.0,0.0,0.0,Rainfall hazard without matched flood evidence,Insufficient record
ALRF-2002-004,2002,2002-05-03 17:00:00+00:00,2002-05-06 02:00:00+00:00,2002-05-03 05:00:00+00:00,2002-05-06 14:00:00+00:00,46.64328384399414,1.1026530882248589,31601100503,2002-05-03 17:00:00+00:00,1,73.417724609375,1.2350745871052755,31601100503,2002-05-03 18:00:00+00:00,9,76.6548843383789,1.0566851245800366,31601100502,2002-05-03 21:00:00+00:00,2,134.02264404296875,1.2564845016801591,31601010503,2002-05-04 07:00:00+00:00,8,153.17173767089844,1.1096517446503196,31601010503,2002-05-05 10:00:00+00:00,4,1.2564845016801591,2002-05-04 07:00:00+00:00,24,13,5,5,134,AL-RF-20020504-0134,5.0,0.618292073385737,13,5–10-year,Convective candidate,Thunderstorm-associated rainfall,,Low,30 convective/heavy-rain NOAA Storm Events records; rainfall duration signature was not decisive.,,,30,Flash Flood; Hail; Lightning; Thunderstorm Wind,2,30,0,0.348025396581789,0.5478008968830422,0.5719547236644781,0.8749828531091485,0.0,0.0,0.0,,,,,,,,,0.0,2,2,35000.0,0.0,0.0,0.0,Reported flooding only,Insufficient record
ALRF-2002-005,2002,2002-06-29 12:00:00+00:00,2002-06-29 14:00:00+00:00,2002-06-29 00:00:00+00:00,2002-06-30 02:00:00+00:00,40.72589492797852,0.9373367323354632,31601070204,2002-06-29 12:00:00+00:00,0,68.41326904296875,1.1202585280431971,31601070204,2002-06-29 12:00:00+00:00,3,83.35454559326172,1.1220751842121488,31601070202,2002-06-29 14:00:00+00:00,3,86.78375244140625,0.8252859425290988,31601070202,2002-06-29 14:00:00+00:00,0,106.79842376708984,0.799675865515227,31601070202,2002-06-29 21:00:00+00:00,0,1.1220751842121488,2002-06-29 14:00:00+00:00,6,3,1,3,135,AL-RF-20020629-0135,2.0,0.5410589330983532,3,2–5-year,Convective,Organized or localized severe convection,,Medium,5 convective/heavy-rain NOAA Storm Events records; Rx3h/Rx24h=0.79.,,,6,Hail; Lightning; Rip Current,0,5,0,0.4692801795529111,0.7883188629018929,0.9604856122065034,0.8125939445573432,0.0,0.0,0.0,,,,,,,,,0.0,0,0,0.0,0.0,0.0,0.0,Rainfall hazard without matched flood evidence,Insufficient record
ALRF-2002-006,2002,2002-09-14 14:00:00+00:00,2002-09-17 13:00:00+00:00,2002-09-14 02:00:00+00:00,2002-09-18 01:00:00+00:00,103.96003723144533,1.668448147544502,31700090103,2002-09-14 14:00:00+00:00,2,248.6844787597656,2.800758846894104,31700090103,2002-09-14 15:00:00+00:00,7,252.0711975097656,2.3322405297382267,31700090103,2002-09-14 15:00:00+00:00,6,258.6227722167969,1.7118095698479037,31700090103,2002-09-14 15:00:00+00:00,6,260.5082397460937,1.3877258112394093,31700090103,2002-09-15 22:00:00+00:00,6,2.800758846894104,2002-09-14 15:00:00+00:00,3,10,4,5,136,AL-RF-20020914-0136,500.0,1.3056272625976268,10,500–1000-year,Tropical cyclone,Tropical storm,Hanna,High,HURDAT2 track within 11 km of rainfall footprint; track status=TS; 4 matching tropical NOAA Storm Events records.,Hanna,10.986331305697393,10,Flash Flood; Thunderstorm Wind; Tornado; Tropical Storm,2,6,4,0.4019755736911607,0.961572241408424,0.9746674484583312,0.9927623497393612,0.0,0.0,0.0,,,,,,,,,0.0,2,2,0.0,0.0,0.0,0.0,Reported flooding only,Insufficient record
ALRF-2002-007,2002,2002-09-22 10:00:00+00:00,2002-09-29 11:00:00+00:00,2002-09-21 22:00:00+00:00,2002-09-29 23:00:00+00:00,59.00215148925781,1.3702626838350005,31501070503,2002-09-22 11:00:00+00:00,13,91.47618103027344,1.5324375790219809,31501070403,2002-09-22 11:00:00+00:00,51,112.44172668457033,1.549634258365081,31501070401,2002-09-22 13:00:00+00:00,108,161.38905334472656,1.5872605377586964,60300050901,2002-09-27 04:00:00+00:00,181,224.3955841064453,1.5783068639636275,31700020504,2002-09-27 05:00:00+00:00,274,1.5872605377586964,2002-09-27 04:00:00+00:00,24,332,19,134,137,AL-RF-20020927-0137,10.0,0.7374190986467014,332,10–25-year,Tropical cyclone,Tropical depression,Isidore,High,HURDAT2 track within 46 km of rainfall footprint; track status=TD; 4 matching tropical NOAA Storm Events records.,Isidore,46.33080577436,27,Flash Flood; High Wind; Tornado; Tropical Storm,14,18,4,0.365589550632219,0.5668053634026874,0.6967122264754543,0.7192167082404318,23.0,23.0,0.0,4.216794331233187,5.285714285714286,4.216794331233187,23500.0,181.32530120481925,-28.0,-124.0,20.0,7.0,14,14,6210000.0,0.0,0.0,0.0,Measured annual-peak response,2–5-year
ALRF-2002-008,2002,2002-10-04 15:00:00+00:00,2002-10-04 16:00:00+00:00,2002-10-04 03:00:00+00:00,2002-10-05 04:00:00+00:00,54.78675842285156,1.2628241653829155,31601090306,2002-10-04 15:00:00+00:00,3,66.56744384765625,1.0906313691626883,31601090306,2002-10-04 16:00:00+00:00,3,68.17893981933594,0.9125321473385214,31601090306,2002-10-04 18:00:00+00:00,0,68.18634033203125,0.630299849739275,31601090306,2002-10-04 18:00:00+00:00,0,68.18634033203125,0.4995153598306752,31601090306,2002-10-04 18:00:00+00:00,0,1.2628241653829155,2002-10-04 15:00:00+00:00,1,4,1,4,138,AL-RF-20021004-0138,5.0,0.6066477552216888,4,5–10-year,Tropical cyclone,Tropical depression,Lili,High,HURDAT2 track within 313 km of rainfall footprint; track status=TD; 4 matching tropical NOAA Storm Events records.,Lili,313.2361572895369,6,Hurricane (Typhoon); Thunderstorm Wind; Tornado,0,2,4,0.80348583244194,0.9762577595968366,0.999891466345616,1.0,0.0,0.0,0.0,,,,,,,,,0.0,0,0,0.0,0.0,0.0,0.0,Rainfall hazard without matched flood evidence,Insufficient record
ALRF-2002-009,2002,2002-10-28 15:00:00+00:00,2002-10-28 19:00:00+00:00,2002-10-28 03:00:00+00:00,2002-10-29 07:00:00+00:00,44.85370635986328,0.9617864608583774,31602010506,2002-10-28 14:00:00+00:00,0,74.33918762207031,1.2218505964558015,31601030106,2002-10-28 15:00:00+00:00,6,86.96188354492188,1.162618651274016,31601030106,2002-10-28 15:00:00+00:00,3,95.67153930664062,0.9084158832673416,31601080903,2002-10-29 02:00:00+00:00,0,113.02268981933594,0.8204642839863664,31602010301,2002-10-29 04:00:00+00:00,0,1.2218505964558015,2002-10-28 15:00:00+00:00,3,6,2,3,139,AL-RF-20021028-0139,5.0,0.6201135421062804,6,5–10-year,Convective,Organized or localized severe convection,,Medium,3 convective/heavy-rain NOAA Storm Events records; Rx3h/Rx24h=0.78.,,,3,Thunderstorm Wind,0,3,0,0.4688301942764911,0.7770251023536148,0.90896293898018,0.8464808213250745,0.0,0.0,0.0,,,,,,,,,0.0,0,0,0.0,0.0,0.0,0.0,Rainfall hazard without matched flood evidence,Insufficient record
ALRF-2002-010,2002,2002-11-06 06:00:00+00:00,2002-11-06 06:00:00+00:00,2002-11-05 18:00:00+00:00,2002-11-06 18:00:00+00:00,57.89077758789063,1.392033110385691,60300020106,2002-11-06 06:00:00+00:00,13,57.89077758789063,1.0003843672374224,60300020106,2002-11-06 06:00:00+00:00,1,57.89077758789063,0.8194517128620141,60300020106,2002-11-06 06:00:00+00:00,0,87.37613677978516,0.8352648231717577,60300020106,2002-11-06 06:00:00+00:00,0,99.73207092285156,0.7400349914292924,60300020106,2002-11-06 06:00:00+00:00,0,1.392033110385691,2002-11-06 06:00:00+00:00,1,13,1,13,140,AL-RF-20021106-0140,5.0,0.6446030046145462,13,5–10-year,Convective,Organized or localized severe convection,,Medium,9 convective/heavy-rain NOAA Storm Events records; Rx3h/Rx24h=0.66.,,,9,Thunderstorm Wind; Tornado,0,9,0,0.6625467744562026,0.6625467744562026,0.6625467744562026,0.8761087178002709,0.0,0.0,0.0,,,,,,,,,0.0,0,0,0.0,0.0,0.0,0.0,Rainfall hazard without matched flood evidence,Insufficient record
ALRF-2002-011,2002,2002-11-11 09:00:00+00:00,2002-11-11 11:00:00+00:00,2002-11-10 21:00:00+00:00,2002-11-11 23:00:00+00:00,56.99024200439453,1.326396184490387,31501090601,2002-11-11 10:00:00+00:00,15,70.53483581542969,1.161100501961067,31501070907,2002-11-11 11:00:00+00:00,16,74.21755981445312,1.01955909997028,31501090502,2002-11-11 13:00:00+00:00,1,75.07149505615234,0.713544284786197,31501090502,2002-11-11 13:00:00+00:00,0,75.12163543701172,0.5613760383474561,31501090502,2002-11-11 13:00:00+00:00,0,1.326396184490387,2002-11-11 10:00:00+00:00,1,25,8,11,141,AL-RF-20021111-0141,5.0,0.6799765220241382,25,5–10-year,Convective,Organized or localized severe convection,,Medium,42 convective/heavy-rain NOAA Storm Events records; Rx3h/Rx24h=0.94.,,,51,Funnel Cloud; Hail; Heat; Thunderstorm Wind; Tornado,0,42,0,0.7591462240330593,0.939568817201132,0.9886250401559142,0.999332544072454,0.0,0.0,0.0,,,,,,,,,0.0,0,0,0.0,0.0,0.0,0.0,Rainfall hazard without matched flood evidence,Insufficient record
ALRF-2002-012,2002,2002-11-12 09:00:00+00:00,2002-11-14 01:00:00+00:00,2002-11-11 21:00:00+00:00,2002-11-14 13:00:00+00:00,40.57140350341797,0.7580056844998563,31402011202,2002-11-12 05:00:00+00:00,0,55.3995475769043,0.8604424775413105,31402020102,2002-11-12 06:00:00+00:00,0,79.0096206665039,0.9382748547026626,31300120104,2002-11-12 02:00:00+00:00,0,142.7933807373047,1.219276181646094,31402030701,2002-11-12 10:00:00+00:00,10,153.49844360351562,1.0582272553887828,31300120107,2002-11-12 16:00:00+00:00,4,1.219276181646094,2002-11-12 10:00:00+00:00,24,10,2,9,142,AL-RF-20021112-0142,2.0,0.4666016958186625,10,2–5-year,Convective candidate,Thunderstorm-associated rainfall,,Low,25 convective/heavy-rain NOAA Storm Events records; rainfall duration signature was not decisive.,,,26,Funnel Cloud; Hail; Thunderstorm Wind; Tornado,0,25,0,0.2841266401420714,0.3879699975646784,0.5533143081180841,0.9302594696408653,0.0,0.0,0.0,,,,,,,,,0.0,0,0,0.0,0.0,0.0,0.0,Rainfall hazard without matched flood evidence,Insufficient record
ALRF-2002-013,2002,2002-12-24 09:00:00+00:00,2002-12-24 23:00:00+00:00,2002-12-23 21:00:00+00:00,2002-12-25 11:00:00+00:00,66.94641876220703,1.393330572907409,31402020401,2002-12-24 12:00:00+00:00,35,101.1581573486328,1.544364573759324,31403010204,2002-12-24 13:00:00+00:00,124,113.680419921875,1.439865431401644,31403010204,2002-12-24 15:00:00+00:00,154,138.82859802246094,1.1137063058911276,31602030702,2002-12-24 14:00:00+00:00,9,139.0240478515625,0.8796403692849661,31602030702,2002-12-24 14:00:00+00:00,0,1.544364573759324,2002-12-24 13:00:00+00:00,3,184,18,60,143,AL-RF-20021224-0143,10.0,0.6932405327327389,184,10–25-year,Convective,Organized or localized severe convection,,Medium,23 convective/heavy-rain NOAA Storm Events records; Rx3h/Rx24h=0.73.,,,23,Flash Flood; Lightning; Thunderstorm Wind; Tornado,1,23,0,0.4822235455505776,0.7286550378637875,0.8188544834507567,0.9985941293458076,1.0,1.0,0.0,3.917032961449058,4.625,3.917032961449058,10800.0,41.37931034482759,11.0,11.0,11.0,1.0,1,1,0.0,0.0,0.0,0.0,Measured annual-peak response,2–5-year
ALRF-2003-001,2003,2003-02-15 19:00:00+00:00,2003-02-17 17:00:00+00:00,2003-02-15 07:00:00+00:00,2003-02-18 05:00:00+00:00,40.36163330078125,1.0494918772499662,60300010205,2003-02-16 03:00:00+00:00,2,87.69194030761719,1.1711516156143618,31402010802,2003-02-16 12:00:00+00:00,5,72.07256317138672,1.1115914071366213,60300010302,2003-02-16 05:00:00+00:00,6,101.48194885253906,1.0472376221941253,60300010302,2003-02-16 16:00:00+00:00,1,171.56832885742188,1.3249501499437686,60300050507,2003-02-16 15:00:00+00:00,18,1.3249501499437686,2003-02-16 15:00:00+00:00,72,24,3,12,144,AL-RF-20030216-0144,5.0,0.6366174855864001,24,5–10-year,Convective,Organized or localized severe convection,,Medium,11 convective/heavy-rain NOAA Storm Events records; Rx3h/Rx24h=0.86.,,,11,Flash Flood; Thunderstorm Wind; Tornado,4,11,0,0.3977222920642739,0.8641136803062405,0.7102008188285149,0.5914958170215286,0.0,0.0,0.0,,,,,,,,,0.0,4,4,0.0,0.0,0.0,0.0,Reported flooding only,Insufficient record
ALRF-2003-002,2003,2003-02-22 06:00:00+00:00,2003-02-24 14:00:00+00:00,2003-02-21 18:00:00+00:00,2003-02-25 02:00:00+00:00,39.23860168457031,0.9303279230525292,31501060501,2003-02-22 11:00:00+00:00,0,78.25361633300781,1.2834966662933072,31601100303,2003-02-22 07:00:00+00:00,12,114.78604888916016,1.5245990315295077,31601070102,2003-02-22 08:00:00+00:00,31,166.2357177734375,1.5221936818149435,31601070102,2003-02-22 09:00:00+00:00,93,168.4387969970703,1.2035161515302049,31601070102,2003-02-23 01:00:00+00:00,42,1.5245990315295077,2003-02-22 08:00:00+00:00,6,93,3,89,145,AL-RF-20030222-0145,10.0,0.7409743091462595,93,10–25-year,Frontal/extratropical candidate,Prolonged or widespread non-tropical rainfall,,Medium–low,No nearby HURDAT2 system; 40 flood/heavy-rain NOAA records; affected HUCs=93; Rx24h/Rx72h=0.99.,,,60,Flash Flood; Hail; Thunderstorm Wind; Tornado,40,60,0,0.2360419421898762,0.4707388844054536,0.6905017190445314,0.9869205951187652,5.0,5.0,0.0,4.192082969624169,4.111111111111111,4.192082969624169,15400.0,94.02823018458199,-8.0,-8.0,16.0,0.0,40,40,22000.0,0.0,0.0,0.0,Measured annual-peak response,2–5-year
ALRF-2003-003,2003,2003-03-06 03:00:00+00:00,2003-03-06 11:00:00+00:00,2003-03-05 15:00:00+00:00,2003-03-06 23:00:00+00:00,54.809757232666016,1.3168775966423916,31501090102,2003-03-06 03:00:00+00:00,7,68.32258605957031,1.1608950378075429,31601110101,2003-03-06 09:00:00+00:00,12,86.34428405761719,1.2072220546065529,31601110101,2003-03-06 09:00:00+00:00,18,101.19692993164062,0.9708073694852396,31601110201,2003-03-06 20:00:00+00:00,0,101.19692993164062,0.7644653371587273,31601110201,2003-03-06 20:00:00+00:00,0,1.3168775966423916,2003-03-06 03:00:00+00:00,1,25,3,10,146,AL-RF-20030306-0146,5.0,0.6277493200717897,25,5–10-year,Convective,Organized or localized severe convection,,Medium,17 convective/heavy-rain NOAA Storm Events records; Rx3h/Rx24h=0.68.,,,17,Flash Flood; Hail; Thunderstorm Wind; Tornado,1,17,0,0.5416148224031151,0.6751448498064397,0.8532302720640189,1.0,0.0,0.0,0.0,,,,,,,,,0.0,1,1,8000.0,0.0,0.0,0.0,Reported flooding only,Insufficient record
ALRF-2003-004,2003,2003-04-07 07:00:00+00:00,2003-04-10 08:00:00+00:00,2003-04-06 19:00:00+00:00,2003-04-10 20:00:00+00:00,54.71300506591797,1.1709912829140607,31502030602,2003-04-07 06:00:00+00:00,8,103.54740142822266,1.6407934081423323,31602020405,2003-04-07 09:00:00+00:00,81,173.18978881835938,2.281255732393948,31602020405,2003-04-07 11:00:00+00:00,137,258.0152893066406,2.4452564546137308,31602020405,2003-04-07 13:00:00+00:00,165,260.44293212890625,1.9636764905244968,31602020405,2003-04-08 17:00:00+00:00,79,2.4452564546137308,2003-04-07 13:00:00+00:00,24,196,8,170,147,AL-RF-20030407-0147,200.0,1.1100909264949312,196,200–500-year,Frontal/extratropical candidate,Prolonged or widespread non-tropical rainfall,,Medium–low,No nearby HURDAT2 system; 13 flood/heavy-rain NOAA records; affected HUCs=196; Rx24h/Rx72h=0.99.,,,39,Flash Flood; Flood; Funnel Cloud; Hail; Lightning; Thunderstorm Wind; Tornado,13,37,0,0.2120533446407271,0.4013227344258688,0.6712384730523872,0.990678791693744,2.0,2.0,1.0,27.12216855349911,21.25,27.12216855349911,28000.0,46.12850082372323,35.0,35.0,35.0,0.0,13,12,527000.0,250000.0,1.0,0.0,Measured major-flood response,25–50-year
ALRF-2003-005,2003,2003-04-24 22:00:00+00:00,2003-04-28 04:00:00+00:00,2003-04-24 10:00:00+00:00,2003-04-28 16:00:00+00:00,72.21389770507812,1.5853965283406908,31602020604,2003-04-25 05:00:00+00:00,16,126.5447769165039,1.9785320495667045,31602020604,2003-04-25 07:00:00+00:00,50,190.2003173828125,2.472971401493808,31602020604,2003-04-25 08:00:00+00:00,77,259.7359313964844,2.4400207381122536,31602020604,2003-04-25 10:00:00+00:00,146,260.8857116699219,1.9473840866632863,31602020604,2003-04-25 21:00:00+00:00,84,2.472971401493808,2003-04-25 08:00:00+00:00,6,149,5,122,148,AL-RF-20030425-0148,200.0,1.203328022146316,149,200–500-year,Frontal/extratropical candidate,Prolonged or widespread non-tropical rainfall,,Medium–low,No nearby HURDAT2 system; 2 flood/heavy-rain NOAA records; affected HUCs=149; Rx24h/Rx72h=1.00.,Ana,2923.7208298175524,86,Flash Flood; Flood; Hail; Lightning; Strong Wind; Thunderstorm Wind; Tornado,2,83,0,0.2780281392598097,0.4872055099813454,0.7322834247852815,0.9955927817354282,2.0,2.0,0.0,8.218861229064668,7.0,8.218861229064668,14000.0,88.60759493670886,-8.0,-8.0,-8.0,0.0,2,1,85000.0,25000.0,0.0,0.0,Measured annual-peak response,5–10-year
ALRF-2003-006,2003,2003-05-03 01:00:00+00:00,2003-05-03 01:00:00+00:00,2003-05-02 13:00:00+00:00,2003-05-03 13:00:00+00:00,49.54507446289063,1.1935275015624471,31501090302,2003-05-03 01:00:00+00:00,4,83.8627700805664,1.0508955138087437,31502040704,2003-05-03 00:00:00+00:00,2,90.95980072021484,0.9705185897793522,31502040501,2003-05-03 09:00:00+00:00,0,126.06753540039062,0.9483151750199244,31502040501,2003-05-03 10:00:00+00:00,0,139.50343322753906,0.8455502514110773,31403050206,2003-05-03 11:00:00+00:00,0,1.1935275015624471,2003-05-03 01:00:00+00:00,1,5,4,2,149,AL-RF-20030503-0149,2.0,0.5805033573988365,5,2–5-year,Convective,Organized or localized severe convection,,Medium,193 convective/heavy-rain NOAA Storm Events records; Rx3h/Rx24h=0.67.,,,194,Hail; Heavy Rain; Strong Wind; Thunderstorm Wind,1,193,0,0.3930042282934731,0.665220985039631,0.72151645093502,0.9036876905729364,0.0,0.0,0.0,,,,,,,,,0.0,1,0,0.0,0.0,0.0,0.0,Reported flooding only,Insufficient record
ALRF-2003-007,2003,2003-05-06 04:00:00+00:00,2003-05-11 01:00:00+00:00,2003-05-05 16:00:00+00:00,2003-05-11 13:00:00+00:00,86.84456634521484,2.005287019994875,31601110405,2003-05-07 19:00:00+00:00,57,109.66496276855467,1.8274491935299104,31601110405,2003-05-07 21:00:00+00:00,162,137.96774291992188,1.9111089059773283,31601110405,2003-05-07 23:00:00+00:00,188,226.47113037109372,2.1599385647290106,31501070701,2003-05-08 11:00:00+00:00,232,233.32749938964844,1.7359242128663812,31501070701,2003-05-08 11:00:00+00:00,287,2.1599385647290106,2003-05-08 11:00:00+00:00,24,335,8,161,150,AL-RF-20030508-0150,100.0,1.002407427755427,335,100–200-year,Frontal/extratropical candidate,Prolonged or widespread non-tropical rainfall,,Medium–low,No nearby HURDAT2 system; 49 flood/heavy-rain NOAA records; affected HUCs=335; Rx24h/Rx72h=0.97.,,,173,Flash Flood; Flood; Funnel Cloud; Hail; Heavy Rain; Lightning; Thunderstorm Wind; Tornado,49,148,0,0.3834685957672046,0.4842337413552826,0.609206757143169,0.970614826642852,54.0,54.0,34.0,1000000.0,100.0,1000000.0,294000.0,2073.5785953177256,-35.0,-59.0,13.0,17.0,49,29,1014138000.0,375000.0,0.0,1.0,Measured major-flood response,>500-year
ALRF-2003-008,2003,2003-05-18 00:00:00+00:00,2003-05-21 21:00:00+00:00,2003-05-17 12:00:00+00:00,2003-05-22 09:00:00+00:00,73.59168243408203,1.6383065698431902,31602020703,2003-05-18 01:00:00+00:00,21,107.21902465820312,1.6763732315045152,31602020604,2003-05-18 02:00:00+00:00,40,124.6552963256836,1.6207595607619556,31602020604,2003-05-18 05:00:00+00:00,47,214.78219604492188,1.476469211125931,31401060501,2003-05-19 08:00:00+00:00,44,298.736328125,1.6501018901473958,31401060202,2003-05-21 07:00:00+00:00,48,1.6763732315045152,2003-05-18 02:00:00+00:00,3,87,10,34,151,AL-RF-20030518-0151,25.0,0.8484016003123063,87,25–50-year,Frontal/extratropical candidate,Prolonged or widespread non-tropical rainfall,,Medium–low,No nearby HURDAT2 system; 29 flood/heavy-rain NOAA records; affected HUCs=87; Rx24h/Rx72h=0.72.,,,80,Flash Flood; Flood; Funnel Cloud; Hail; Heavy Rain; Lightning; Thunderstorm Wind; Tornado,29,64,0,0.3426339975529921,0.4991988471697076,0.5803800250725243,0.7189691236850536,2.0,2.0,0.0,5.0,5.0,3.636848738365847,8330.0,185.57692307692307,46.0,-2.0,94.0,0.0,29,14,656000.0,0.0,0.0,0.0,Measured annual-peak response,5–10-year
ALRF-2003-009,2003,2003-05-22 13:00:00+00:00,2003-05-23 00:00:00+00:00,2003-05-22 01:00:00+00:00,2003-05-23 12:00:00+00:00,49.817481994628906,1.147278581396054,31502010706,2003-05-22 13:00:00+00:00,4,71.83900451660156,1.1980362186416351,31502010704,2003-05-22 14:00:00+00:00,6,72.34500885009766,0.9941377200032095,31502010704,2003-05-22 15:00:00+00:00,0,87.59883880615234,0.8300418062248378,31502011005,2003-05-22 14:00:00+00:00,0,145.932373046875,1.0985694000499422,31502011202,2003-05-22 15:00:00+00:00,5,1.1980362186416351,2003-05-22 14:00:00+00:00,3,9,2,8,152,AL-RF-20030522-0152,5.0,0.5781811717467742,9,5–10-year,Frontal/extratropical candidate,Prolonged or widespread non-tropical rainfall,,Medium–low,No nearby HURDAT2 system; 9 flood/heavy-rain NOAA records; affected HUCs=9; Rx24h/Rx72h=0.60.,,,9,Flood; Heavy Rain,9,1,0,0.5687002553181112,0.8200908310619761,0.8258672128084948,0.6002700907084865,0.0,0.0,0.0,,,,,,,,,0.0,9,0,0.0,0.0,0.0,0.0,Reported flooding only,Insufficient record
ALRF-2003-010,2003,2003-06-06 20:00:00+00:00,2003-06-10 00:00:00+00:00,2003-06-06 08:00:00+00:00,2003-06-10 12:00:00+00:00,57.03784942626953,1.3528375069775525,31501090204,2003-06-07 13:00:00+00:00,9,90.37921142578124,1.5502574563747562,31300020901,2003-06-07 15:00:00+00:00,26,159.8890838623047,1.5381160727469032,31401060202,2003-06-07 01:00:00+00:00,37,289.3717346191406,2.0048469753849374,31401060202,2003-06-07 09:00:00+00:00,52,315.3237609863281,1.7417243402490044,31401060202,2003-06-07 22:00:00+00:00,55,2.0048469753849374,2003-06-07 09:00:00+00:00,24,83,8,38,153,AL-RF-20030607-0153,25.0,0.7863607524817269,83,25–50-year,Frontal/extratropical candidate,Prolonged or widespread non-tropical rainfall,,Medium–low,No nearby HURDAT2 system; 3 flood/heavy-rain NOAA records; affected HUCs=83; Rx24h/Rx72h=0.92.,Unnamed,4741.993974994752,11,Flash Flood; Funnel Cloud; Hail; Thunderstorm Wind,3,10,0,0.1971092632849592,0.312329093042673,0.5525387062172614,0.9176972065599815,1.0,1.0,0.0,1.6870637845666165,1.9285714285714286,1.6870637845666165,1330.0,50.18867924528302,-9.0,-9.0,-9.0,0.0,3,3,0.0,0.0,0.0,0.0,Measured annual-peak response,<2-year
ALRF-2003-011,2003,2003-06-13 10:00:00+00:00,2003-06-13 10:00:00+00:00,2003-06-12 22:00:00+00:00,2003-06-13 22:00:00+00:00,41.34038543701172,0.9550708545275473,31501070709,2003-06-13 10:00:00+00:00,0,78.65873718261719,1.3057230896233885,31502011001,2003-06-13 10:00:00+00:00,5,78.66949462890625,1.074593739155052,31502011001,2003-06-13 10:00:00+00:00,1,95.0975570678711,0.8896454349503923,31502011001,2003-06-13 19:00:00+00:00,0,131.3414764404297,0.9911426534269584,31502020603,2003-06-13 22:00:00+00:00,0,1.3057230896233885,2003-06-13 10:00:00+00:00,3,5,1,5,154,AL-RF-20030613-0154,5.0,0.6221758701035994,5,5–10-year,Convective,Organized or localized severe convection,,Medium,9 convective/heavy-rain NOAA Storm Events records; Rx3h/Rx24h=0.83.,Unnamed,4904.50172108865,9,Lightning; Thunderstorm Wind,0,9,0,0.4347155354107267,0.8271373062346752,0.8272504263464924,0.7240481807055281,0.0,0.0,0.0,,,,,,,,,0.0,0,0,0.0,0.0,0.0,0.0,Rainfall hazard without matched flood evidence,Insufficient record
ALRF-2003-012,2003,2003-06-14 04:00:00+00:00,2003-06-15 19:00:00+00:00,2003-06-13 16:00:00+00:00,2003-06-16 07:00:00+00:00,59.77503204345703,1.100846631700309,31602031101,2003-06-14 03:00:00+00:00,1,71.19195556640625,1.1293398210963292,31300031301,2003-06-15 02:00:00+00:00,5,84.87824249267578,0.9791084699798196,31602030502,2003-06-14 06:00:00+00:00,0,96.50814056396484,0.9252035209493258,31502020603,2003-06-14 05:00:00+00:00,0,180.08602905273438,1.358983845148159,31502020603,2003-06-14 22:00:00+00:00,16,1.358983845148159,2003-06-14 22:00:00+00:00,72,21,6,9,155,AL-RF-20030614-0155,5.0,0.6032583930423892,21,5–10-year,Convective,Organized or localized severe convection,,Medium,9 convective/heavy-rain NOAA Storm Events records; Rx3h/Rx24h=0.74.,,,9,Flash Flood; Lightning; Thunderstorm Wind,1,9,0,0.6193781342604835,0.7376782429998304,0.8794930872843741,0.5359002087591397,0.0,0.0,0.0,,,,,,,,,0.0,1,1,30000.0,0.0,0.0,0.0,Reported flooding only,Insufficient record
ALRF-2003-013,2003,2003-06-18 03:00:00+00:00,2003-06-18 12:00:00+00:00,2003-06-17 15:00:00+00:00,2003-06-19 00:00:00+00:00,73.05990600585938,1.2477544298448753,31602040101,2003-06-18 08:00:00+00:00,4,104.54396057128906,1.3550598998424142,31502040702,2003-06-18 10:00:00+00:00,12,86.78325653076172,1.1944306452095623,31502020202,2003-06-18 04:00:00+00:00,15,104.29336547851562,1.030791564170852,31501060513,2003-06-18 23:00:00+00:00,3,126.83747863769533,0.9777125802991316,31501060513,2003-06-18 23:00:00+00:00,0,1.3550598998424142,2003-06-18 10:00:00+00:00,3,22,10,4,156,AL-RF-20030618-0156,5.0,0.5974326528863229,22,5–10-year,Convective,Organized or localized severe convection,,Medium,27 convective/heavy-rain NOAA Storm Events records; Rx3h/Rx24h=1.00.,,,27,Flash Flood; Hail; Thunderstorm Wind,13,27,0,0.700523045455942,1.002402790356066,0.8321071636013033,0.8222598446349144,1.0,1.0,0.0,2.927364425643622,3.5,2.927364425643622,1530.0,59.765625,-34.0,-34.0,-34.0,1.0,13,13,450000.0,0.0,0.0,0.0,Measured annual-peak response,2–5-year
ALRF-2003-014,2003,2003-06-19 08:00:00+00:00,2003-06-19 09:00:00+00:00,2003-06-18 20:00:00+00:00,2003-06-19 21:00:00+00:00,46.30778121948242,1.008496896630696,31502010301,2003-06-19 04:00:00+00:00,1,59.03932189941406,0.94518756958263,31502030205,2003-06-19 06:00:00+00:00,0,85.13774871826172,1.1312475139156752,31502010801,2003-06-19 08:00:00+00:00,6,104.29336547851562,1.030791564170852,31501060513,2003-06-18 23:00:00+00:00,2,127.9760284423828,0.9864889646872178,31501060513,2003-06-19 21:00:00+00:00,0,1.1312475139156752,2003-06-19 08:00:00+00:00,6,9,4,6,157,AL-RF-20030619-0157,2.0,0.512440381646981,9,2–5-year,Convective,Organized or localized severe convection,,Medium,7 convective/heavy-rain NOAA Storm Events records; Rx3h/Rx24h=0.57.,,,7,Flash Flood; Hail; Thunderstorm Wind,3,7,0,0.4440146408835737,0.566088951377987,0.8163294791345097,0.8149445388162708,0.0,0.0,0.0,,,,,,,,,0.0,3,3,0.0,0.0,0.0,0.0,Reported flooding only,Insufficient record
ALRF-2003-015,2003,2003-06-20 01:00:00+00:00,2003-06-21 00:00:00+00:00,2003-06-19 13:00:00+00:00,2003-06-21 12:00:00+00:00,70.34842681884766,1.4770730397033789,31602010903,2003-06-20 01:00:00+00:00,17,112.38905334472656,1.676889673120436,31602010909,2003-06-20 03:00:00+00:00,27,150.02178955078125,1.8591407283894523,31602010909,2003-06-20 05:00:00+00:00,22,153.64923095703125,1.349805015404406,31602010909,2003-06-20 07:00:00+00:00,10,156.25840759277344,1.0951337589814565,31602010909,2003-06-20 23:00:00+00:00,1,1.8591407283894523,2003-06-20 05:00:00+00:00,6,31,2,30,158,AL-RF-20030620-0158,25.0,0.8457347928036436,31,25–50-year,Convective,Organized or localized severe convection,,Medium,7 convective/heavy-rain NOAA Storm Events records; Rx3h/Rx24h=0.73.,,,8,Flash Flood; Funnel Cloud; Hail; Thunderstorm Wind,3,7,0,0.4578508228168154,0.7314651212029607,0.9763914118954202,0.9833021680181075,1.0,1.0,0.0,2.4954598552464486,2.535714285714286,2.4954598552464486,5660.0,34.51219512195122,-5.0,-5.0,-5.0,0.0,3,3,0.0,0.0,0.0,0.0,Measured annual-peak response,2–5-year
ALRF-2003-016,2003,2003-06-27 16:00:00+00:00,2003-06-27 19:00:00+00:00,2003-06-27 04:00:00+00:00,2003-06-28 07:00:00+00:00,49.01192855834961,1.1455931213719053,31501070704,2003-06-27 19:00:00+00:00,2,79.70831298828125,1.285976614649896,31602010401,2003-06-27 17:00:00+00:00,5,88.40618896484375,1.1854157095007012,31602010401,2003-06-27 19:00:00+00:00,4,89.34010314941406,0.8524475314821394,31602010401,2003-06-27 19:00:00+00:00,0,89.34010314941406,0.6755602296376491,31602010401,2003-06-27 19:00:00+00:00,0,1.285976614649896,2003-06-27 17:00:00+00:00,3,6,2,4,159,AL-RF-20030627-0159,5.0,0.6367694705535702,6,5–10-year,Unclassified,Insufficient external evidence,,Low,No nearby HURDAT2 track and no matching Alabama NOAA Storm Events record within the configured time buffer.,Bill,914.3418167339672,0,,0,0,0,0.5485994176252644,0.8921896234547163,0.9895465289198468,1.0,0.0,0.0,0.0,,,,,,,,,0.0,0,0,0.0,0.0,0.0,0.0,Rainfall hazard without matched flood evidence,Insufficient record
ALRF-2003-017,2003,2003-06-30 22:00:00+00:00,2003-07-04 06:00:00+00:00,2003-06-30 10:00:00+00:00,2003-07-04 18:00:00+00:00,45.98323059082031,1.0975464115672775,31501060801,2003-07-01 17:00:00+00:00,1,81.67155456542969,1.384574845724476,31501060514,2003-07-01 18:00:00+00:00,10,103.45556640625,1.4429959671638328,31501060514,2003-07-01 18:00:00+00:00,29,144.54461669921875,1.3915752430942383,31300030401,2003-07-01 22:00:00+00:00,114,187.89378356933597,1.4170963062056965,31300030401,2003-07-01 23:00:00+00:00,58,1.4429959671638328,2003-07-01 18:00:00+00:00,6,121,11,40,160,AL-RF-20030701-0160,10.0,0.6833614906879764,121,10–25-year,Tropical cyclone,Tropical depression,Bill,High,HURDAT2 track within 21 km of rainfall footprint; track status=TD; 0 matching tropical NOAA Storm Events records.,Bill,20.801991868351895,32,Cold/Wind Chill; Flash Flood; Heavy Rain; High Surf; Thunderstorm Wind; Tornado,24,30,0,0.3181248229154483,0.5650266086033429,0.71573448232617,0.7692889778116548,9.0,9.0,0.0,9.840836789550785,8.666666666666666,9.840836789550785,33400.0,125.45454545454545,6.0,-18.0,30.0,1.0,24,23,248000.0,0.0,0.0,0.0,Measured annual-peak response,5–10-year
ALRF-2003-018,2003,2003-07-14 00:00:00+00:00,2003-07-14 00:00:00+00:00,2003-07-13 12:00:00+00:00,2003-07-14 12:00:00+00:00,58.18354797363281,1.285523327375868,31501100701,2003-07-14 00:00:00+00:00,4,72.58644104003906,1.164767158999625,31501100701,2003-07-14 02:00:00+00:00,2,82.1683349609375,1.090491838800298,31501100701,2003-07-14 04:00:00+00:00,1,86.50162506103516,0.90368685956933,31501050106,2003-07-14 04:00:00+00:00,0,90.72425842285156,0.7390591607728905,31501050106,2003-07-13 12:00:00+00:00,0,1.285523327375868,2003-07-14 00:00:00+00:00,1,5,3,2,161,AL-RF-20030714-0161,5.0,0.6404947570302697,5,5–10-year,Convective,Organized or localized severe convection,,Medium,7 convective/heavy-rain NOAA Storm Events records; Rx3h/Rx24h=0.84.,Claudette,876.8422948706726,7,Flash Flood; Hail; Lightning; Thunderstorm Wind,1,7,0,0.6726295365269584,0.8391338427321151,0.9499051018169876,0.9534564025628584,0.0,0.0,0.0,,,,,,,,,0.0,1,1,8000.0,0.0,0.0,0.0,Reported flooding only,Insufficient record
ALRF-2003-019,2003,2003-08-16 23:00:00+00:00,2003-08-16 23:00:00+00:00,2003-08-16 11:00:00+00:00,2003-08-17 11:00:00+00:00,44.309120178222656,0.955429009737772,31300031306,2003-08-16 22:00:00+00:00,0,69.63188934326172,1.0827489413668188,31300031309,2003-08-16 23:00:00+00:00,3,73.59937286376953,0.9513542715248624,31300031309,2003-08-17 02:00:00+00:00,0,73.66181945800781,0.666207616736674,31300031309,2003-08-17 02:00:00+00:00,0,95.5832748413086,0.6827934975515006,31300031309,2003-08-16 23:00:00+00:00,0,1.0827489413668188,2003-08-16 23:00:00+00:00,3,3,1,3,162,AL-RF-20030816-0162,2.0,0.499366907843856,3,2–5-year,Tropical cyclone,Tropical storm,Erika,High,HURDAT2 track within 575 km of rainfall footprint; track status=TS; 0 matching tropical NOAA Storm Events records.,Erika,575.135382892701,7,Heavy Rain; Lightning; Thunderstorm Wind,1,7,0,0.6015208489858418,0.9452914665372416,0.9991522528944063,0.7706559498019323,0.0,0.0,0.0,,,,,,,,,0.0,1,0,0.0,0.0,0.0,0.0,Reported flooding only,Insufficient record
ALRF-2003-020,2003,2003-09-22 10:00:00+00:00,2003-09-24 23:00:00+00:00,2003-09-21 22:00:00+00:00,2003-09-25 11:00:00+00:00,44.391361236572266,1.153755911403909,60200011102,2003-09-22 17:00:00+00:00,7,82.31948852539062,1.356772306380854,31601090309,2003-09-22 15:00:00+00:00,22,99.72195434570312,1.3756071063521744,60300020605,2003-09-22 16:00:00+00:00,47,170.11273193359375,1.5732464006858446,31601090307,2003-09-22 15:00:00+00:00,106,174.24517822265625,1.2745156943452625,31601090307,2003-09-22 16:00:00+00:00,13,1.5732464006858446,2003-09-22 15:00:00+00:00,24,124,8,35,163,AL-RF-20030922-0163,10.0,0.7383307240438994,124,10–25-year,Unclassified,Insufficient external evidence,,Low,No nearby HURDAT2 track and no matching Alabama NOAA Storm Events record within the configured time buffer.,Juan,2167.9050329738047,0,,0,0,0,0.2609526090845519,0.4839113897572661,0.5862109979200805,0.9762837265787526,1.0,1.0,0.0,1.0038779446528552,1.0098039215686274,1.0038779446528552,8720.0,4.8310249307479225,9.0,9.0,9.0,0.0,0,0,0.0,0.0,0.0,0.0,Measured annual-peak response,<2-year
ALRF-2003-021,2003,2003-11-19 00:00:00+00:00,2003-11-19 20:00:00+00:00,2003-11-18 12:00:00+00:00,2003-11-20 08:00:00+00:00,40.53293228149414,0.9682323564978508,31300020908,2003-11-19 06:00:00+00:00,0,71.04368591308594,1.185628244304609,31501090701,2003-11-19 02:00:00+00:00,27,101.514892578125,1.4164324869616134,31501080404,2003-11-19 02:00:00+00:00,83,106.97639465332033,1.044366282886592,31501080405,2003-11-19 05:00:00+00:00,6,107.78196716308594,0.823373116216425,31501080405,2003-11-19 05:00:00+00:00,0,1.4164324869616134,2003-11-19 02:00:00+00:00,6,84,4,73,164,AL-RF-20031119-0164,10.0,0.6427094880732508,84,10–25-year,Convective,Organized or localized severe convection,,Medium,31 convective/heavy-rain NOAA Storm Events records; Rx3h/Rx24h=0.66.,,,32,Funnel Cloud; Hail; Thunderstorm Wind; Tornado,0,31,0,0.3788960397557769,0.6641061903732881,0.948946661617318,0.9925259064111652,0.0,0.0,0.0,,,,,,,,,0.0,0,0,0.0,0.0,0.0,0.0,Rainfall hazard without matched flood evidence,Insufficient record
ALRF-2003-022,2003,2003-11-27 14:00:00+00:00,2003-11-28 08:00:00+00:00,2003-11-27 02:00:00+00:00,2003-11-28 20:00:00+00:00,39.47774887084961,0.8355068931703934,31602010505,2003-11-27 12:00:00+00:00,0,73.42498779296875,1.1064397799216987,31602010802,2003-11-27 14:00:00+00:00,3,78.48566436767578,1.0884850757259596,31502020803,2003-11-27 18:00:00+00:00,9,119.67587280273438,1.069790170845832,31700020504,2003-11-28 01:00:00+00:00,3,119.67587280273438,0.8417511968764645,31700020504,2003-11-28 01:00:00+00:00,0,1.1064397799216987,2003-11-27 14:00:00+00:00,3,10,4,4,165,AL-RF-20031127-0165,2.0,0.5451784156135785,10,2–5-year,Unclassified,Insufficient external evidence,,Low,No nearby HURDAT2 track and no matching Alabama NOAA Storm Events record within the configured time buffer.,,,0,,0,0,0,0.3298722453098133,0.613532085234904,0.655818608459587,1.0,0.0,0.0,0.0,,,,,,,,,0.0,0,0,0.0,0.0,0.0,0.0,Rainfall hazard without matched flood evidence,Insufficient record
ALRF-2004-001,2004,2004-02-05 19:00:00+00:00,2004-02-09 04:00:00+00:00,2004-02-05 07:00:00+00:00,2004-02-09 16:00:00+00:00,56.73588943481445,1.319003022276239,31501060301,2004-02-06 07:00:00+00:00,23,105.9904327392578,1.7679674950378172,31601110303,2004-02-06 06:00:00+00:00,124,147.9266357421875,2.0457749419964992,31601110306,2004-02-06 09:00:00+00:00,175,168.5096893310547,1.6171514830077485,31601110306,2004-02-06 15:00:00+00:00,373,168.8760528564453,1.2717862150066406,31601110306,2004-02-06 15:00:00+00:00,120,2.0457749419964992,2004-02-06 09:00:00+00:00,6,445,12,396,166,AL-RF-20040206-0166,50.0,0.9914227744127484,445,50–100-year,Convective,Organized or localized severe convection,,Medium,57 convective/heavy-rain NOAA Storm Events records; Rx3h/Rx24h=0.63.,,,72,Flash Flood; Flood; Hail; High Wind; Lightning; Thunderstorm Wind,49,57,0,0.3366921490392813,0.6289871707675436,0.8778524032025858,0.997830577401628,47.0,47.0,12.0,1000000.0,30.0,1000000.0,194000.0,448.59813084112153,-9.0,-33.0,63.0,8.0,49,35,377000.0,0.0,0.0,0.0,Measured major-flood response,>500-year
ALRF-2004-002,2004,2004-02-25 22:00:00+00:00,2004-02-26 13:00:00+00:00,2004-02-25 10:00:00+00:00,2004-02-27 01:00:00+00:00,35.81479263305664,0.824761117775337,31601070206,2004-02-26 05:00:00+00:00,0,54.1392936706543,0.8832270009143941,31601070202,2004-02-26 06:00:00+00:00,0,60.9868049621582,0.8209723887926275,31601070202,2004-02-26 07:00:00+00:00,0,114.39835357666016,0.9210895638793468,31700020607,2004-02-26 03:00:00+00:00,0,215.908203125,1.405146550069241,31700020607,2004-02-26 03:00:00+00:00,8,1.405146550069241,2004-02-26 03:00:00+00:00,72,8,1,8,167,AL-RF-20040226-0167,5.0,0.640735802616098,8,5–10-year,Frontal/extratropical candidate,Prolonged or widespread non-tropical rainfall,,Medium–low,No nearby HURDAT2 system; 1 flood/heavy-rain NOAA records; affected HUCs=8; Rx24h/Rx72h=0.53.,,,9,Flash Flood; Winter Storm,1,1,0,0.3130708748273774,0.473252385003729,0.5331091143832762,0.5298471846872315,0.0,0.0,0.0,,,,,,,,,0.0,1,1,0.0,0.0,0.0,0.0,Reported flooding only,Insufficient record
ALRF-2004-003,2004,2004-03-06 05:00:00+00:00,2004-03-06 05:00:00+00:00,2004-03-05 17:00:00+00:00,2004-03-06 17:00:00+00:00,49.1024284362793,1.133187695589624,31601060301,2004-03-06 05:00:00+00:00,4,61.21412658691406,1.007625372647566,31601060301,2004-03-06 07:00:00+00:00,1,71.95459747314453,0.9664396021552608,31601010601,2004-03-06 06:00:00+00:00,0,88.46681213378906,0.8668213990318935,60300010601,2004-03-06 11:00:00+00:00,0,88.58222961425781,0.6745727963963583,60300010601,2004-03-06 11:00:00+00:00,0,1.133187695589624,2004-03-06 05:00:00+00:00,1,4,2,3,168,AL-RF-20040306-0168,2.0,0.5402044226632159,4,2–5-year,Convective,Organized or localized severe convection,,Medium,19 convective/heavy-rain NOAA Storm Events records; Rx3h/Rx24h=0.69.,,,21,Drought; Flash Flood; Hail; Heavy Rain; Thunderstorm Wind; Tornado,12,19,0,0.555037841332197,0.6919445282411607,0.8133513092381697,0.9986970583042292,0.0,0.0,0.0,,,,,,,,,0.0,12,11,0.0,0.0,1.0,0.0,Reported flooding only,Insufficient record
ALRF-2004-004,2004,2004-04-08 04:00:00+00:00,2004-04-08 08:00:00+00:00,2004-04-07 16:00:00+00:00,2004-04-08 20:00:00+00:00,48.86457061767578,1.1246394697272826,31502020803,2004-04-08 03:00:00+00:00,2,76.39057922363281,1.27900346260648,31502020803,2004-04-08 04:00:00+00:00,4,96.08757781982422,1.3325987014593026,31502020803,2004-04-08 07:00:00+00:00,6,106.36080932617188,1.0213508612989777,31502020803,2004-04-08 12:00:00+00:00,1,106.36080932617188,0.8033125469230608,31502020803,2004-04-08 12:00:00+00:00,0,1.3325987014593026,2004-04-08 07:00:00+00:00,6,7,1,7,169,AL-RF-20040408-0169,5.0,0.6209746967086577,7,5–10-year,Convective,Organized or localized severe convection,,Medium,35 convective/heavy-rain NOAA Storm Events records; Rx3h/Rx24h=0.72.,,,35,Hail; Lightning; Thunderstorm Wind,0,35,0,0.4594227039757192,0.7182211164769279,0.9034114955364508,1.0,0.0,0.0,0.0,,,,,,,,,0.0,0,0,0.0,0.0,0.0,0.0,Rainfall hazard without matched flood evidence,Insufficient record
ALRF-2004-005,2004,2004-04-30 01:00:00+00:00,2004-05-01 02:00:00+00:00,2004-04-29 13:00:00+00:00,2004-05-01 14:00:00+00:00,63.6777572631836,1.093295802067311,31401040401,2004-04-29 23:00:00+00:00,1,94.70791625976562,1.2092569325671507,31403050101,2004-04-30 02:00:00+00:00,10,117.84593200683594,1.2841119321193672,31403050205,2004-04-30 02:00:00+00:00,72,149.83262634277344,1.2029043377106274,31402011104,2004-04-30 22:00:00+00:00,36,149.835205078125,0.9677793334491324,31402011104,2004-04-30 22:00:00+00:00,0,1.2841119321193672,2004-04-30 02:00:00+00:00,6,76,6,53,170,AL-RF-20040430-0170,5.0,0.5468494270206548,76,5–10-year,Convective,Organized or localized severe convection,,Medium,2 convective/heavy-rain NOAA Storm Events records; Rx3h/Rx24h=0.63.,,,2,Hail; Thunderstorm Wind,0,2,0,0.4249925988583249,0.6320914114066284,0.786517161737783,0.9999827895229948,1.0,1.0,0.0,2.1256257236059115,2.8,2.1256257236059115,3650.0,20.054945054945055,-2.0,-2.0,-2.0,0.0,0,0,0.0,0.0,0.0,0.0,Measured annual-peak response,2–5-year
ALRF-2004-006,2004,2004-05-02 09:00:00+00:00,2004-05-03 01:00:00+00:00,2004-05-01 21:00:00+00:00,2004-05-03 13:00:00+00:00,36.13467025756836,0.805610732526912,31601060608,2004-05-02 00:00:00+00:00,0,58.217044830322266,0.9241850268744336,31601060608,2004-05-02 02:00:00+00:00,0,59.451148986816406,0.7845965741872595,31601060608,2004-05-02 05:00:00+00:00,0,62.7713623046875,0.5917129965185787,31502010901,2004-05-02 11:00:00+00:00,0,170.69244384765625,1.140520020906963,31402011003,2004-05-02 23:00:00+00:00,18,1.140520020906963,2004-05-02 23:00:00+00:00,72,18,2,16,171,AL-RF-20040502-0171,2.0,0.4327247836959812,18,2–5-year,Convective,Organized or localized severe convection,,Medium,2 convective/heavy-rain NOAA Storm Events records; Rx3h/Rx24h=0.93.,,,2,Hail; Thunderstorm Wind,0,2,0,0.5756553455407479,0.9274459354210138,0.9471062408721508,0.3677454074107182,0.0,0.0,0.0,,,,,,,,,0.0,0,0,0.0,0.0,0.0,0.0,Rainfall hazard without matched flood evidence,Insufficient record
ALRF-2004-007,2004,2004-05-31 11:00:00+00:00,2004-05-31 12:00:00+00:00,2004-05-30 23:00:00+00:00,2004-06-01 00:00:00+00:00,41.161014556884766,0.9677552629852364,31601030402,2004-05-31 06:00:00+00:00,0,62.64750671386719,1.033990426576697,31601100506,2004-05-31 10:00:00+00:00,2,86.16065216064453,1.158231193826063,31601030201,2004-05-31 12:00:00+00:00,12,94.6432647705078,0.8864828103362166,31601030306,2004-05-31 16:00:00+00:00,0,112.56145477294922,0.8212140007822943,31601070104,2004-05-31 16:00:00+00:00,0,1.158231193826063,2004-05-31 12:00:00+00:00,6,13,2,12,172,AL-RF-20040531-0172,2.0,0.5572539970235245,13,2–5-year,Convective,Organized or localized severe convection,,Medium,65 convective/heavy-rain NOAA Storm Events records; Rx3h/Rx24h=0.66.,,,65,Flash Flood; Hail; Thunderstorm Wind; Tornado,1,65,0,0.4349069599056258,0.6619330690438,0.9103727810908464,0.8408141575765463,0.0,0.0,0.0,,,,,,,,,0.0,1,1,10000.0,0.0,0.0,0.0,Reported flooding only,Insufficient record
ALRF-2004-008,2004,2004-06-17 23:00:00+00:00,2004-06-17 23:00:00+00:00,2004-06-17 11:00:00+00:00,2004-06-18 11:00:00+00:00,68.10134887695312,1.2768241943585947,31402010904,2004-06-17 23:00:00+00:00,5,86.25526428222656,1.16598834603519,31402010604,2004-06-18 00:00:00+00:00,2,86.83048248291016,0.9814135598485106,31402010604,2004-06-18 01:00:00+00:00,0,86.83048248291016,0.7189793393777941,31402010604,2004-06-18 01:00:00+00:00,0,102.93172454833984,0.6912381744490377,31402010604,2004-06-18 01:00:00+00:00,0,1.2768241943585947,2004-06-17 23:00:00+00:00,1,5,3,3,173,AL-RF-20040617-0173,5.0,0.6150891161437597,5,5–10-year,Convective,Organized or localized severe convection,,Medium,4 convective/heavy-rain NOAA Storm Events records; Rx3h/Rx24h=0.99.,,,4,Lightning; Thunderstorm Wind,0,4,0,0.7843023202175196,0.9933753886396196,1.0,0.8435735713543976,0.0,0.0,0.0,,,,,,,,,0.0,0,0,0.0,0.0,0.0,0.0,Rainfall hazard without matched flood evidence,Insufficient record
ALRF-2004-009,2004,2004-06-25 12:00:00+00:00,2004-06-26 18:00:00+00:00,2004-06-25 00:00:00+00:00,2004-06-27 06:00:00+00:00,36.094608306884766,0.8547533779996676,60300020201,2004-06-25 12:00:00+00:00,0,50.92018127441406,0.8749224566232016,60300051001,2004-06-25 12:00:00+00:00,0,73.44990539550781,1.1328344670979922,60300010302,2004-06-25 15:00:00+00:00,2,100.53771209716795,0.9917731687647936,60300030601,2004-06-25 19:00:00+00:00,0,178.2629852294922,1.369912560493354,60300030601,2004-06-25 20:00:00+00:00,24,1.369912560493354,2004-06-25 20:00:00+00:00,72,24,3,19,174,AL-RF-20040625-0174,5.0,0.6899357391149004,24,5–10-year,Frontal/extratropical candidate,Prolonged or widespread non-tropical rainfall,,Medium–low,No nearby HURDAT2 system; 4 flood/heavy-rain NOAA records; affected HUCs=24; Rx24h/Rx72h=0.56.,,,23,Flash Flood; Hail; Lightning; Thunderstorm Wind; Tornado,4,23,0,0.3590156126886988,0.5064784170262456,0.730570686992755,0.5639853498904315,0.0,0.0,0.0,,,,,,,,,0.0,4,4,0.0,0.0,0.0,0.0,Reported flooding only,Insufficient record
ALRF-2004-010,2004,2004-07-26 23:00:00+00:00,2004-07-26 23:00:00+00:00,2004-07-26 11:00:00+00:00,2004-07-27 11:00:00+00:00,50.66260528564453,1.170438475869468,31501070709,2004-07-26 23:00:00+00:00,4,72.68528747558594,1.1631647503189193,31601060502,2004-07-27 02:00:00+00:00,6,76.31243896484375,1.0153659290898174,31601060502,2004-07-27 03:00:00+00:00,1,91.7123794555664,0.8676210366719984,31501090503,2004-07-27 01:00:00+00:00,0,95.69141387939452,0.7118266146155302,31601090601,2004-07-27 03:00:00+00:00,0,1.170438475869468,2004-07-26 23:00:00+00:00,1,9,7,2,175,AL-RF-20040726-0175,2.0,0.5786962932042481,9,2–5-year,Convective,Organized or localized severe convection,,Medium,23 convective/heavy-rain NOAA Storm Events records; Rx3h/Rx24h=0.79.,,,23,Flash Flood; Hail; Thunderstorm Wind,5,23,0,0.5524074894402885,0.7925351834405422,0.8320843861849234,0.9584180621592326,0.0,0.0,0.0,,,,,,,,,0.0,5,5,585000.0,0.0,0.0,0.0,Reported flooding only,Insufficient record
ALRF-2004-011,2004,2004-07-31 13:00:00+00:00,2004-07-31 17:00:00+00:00,2004-07-31 01:00:00+00:00,2004-08-01 05:00:00+00:00,52.84136199951172,1.24166085591292,31601010503,2004-07-31 13:00:00+00:00,3,93.37118530273438,1.540340685014214,31601010503,2004-07-31 14:00:00+00:00,6,93.83625793457033,1.2605128025002146,31601010503,2004-07-31 16:00:00+00:00,5,93.83625793457033,0.8797304711631307,31601010503,2004-07-31 16:00:00+00:00,0,93.83625793457033,0.6797962137915765,31601010503,2004-07-31 16:00:00+00:00,0,1.540340685014214,2004-07-31 14:00:00+00:00,3,6,2,4,176,AL-RF-20040731-0176,10.0,0.7786632403138584,6,10–25-year,Convective,Organized or localized severe convection,,Medium,2 convective/heavy-rain NOAA Storm Events records; Rx3h/Rx24h=1.00.,Alex,853.2279109870975,2,Flash Flood; Lightning,1,2,0,0.5631230737734308,0.9950437853973224,1.0,1.0,0.0,0.0,0.0,,,,,,,,,0.0,1,1,0.0,0.0,0.0,0.0,Reported flooding only,Insufficient record
ALRF-2004-012,2004,2004-08-10 16:00:00+00:00,2004-08-10 22:00:00+00:00,2004-08-10 04:00:00+00:00,2004-08-11 10:00:00+00:00,60.27557373046875,1.36172952392415,31300030602,2004-08-10 17:00:00+00:00,7,82.17802429199219,1.3592543277170273,31501100201,2004-08-10 17:00:00+00:00,23,96.8674774169922,1.3171048273206365,31501100101,2004-08-10 18:00:00+00:00,23,97.439208984375,0.9202766939273151,31501100101,2004-08-10 18:00:00+00:00,0,108.50035858154295,0.8253986152592715,31601130105,2004-08-11 00:00:00+00:00,0,1.36172952392415,2004-08-10 17:00:00+00:00,1,26,3,23,177,AL-RF-20040810-0177,5.0,0.6902804639452147,26,5–10-year,Tropical cyclone,Tropical depression,Bonnie,High,HURDAT2 track within 237 km of rainfall footprint; track status=TD; 0 matching tropical NOAA Storm Events records.,Bonnie,236.7592953896494,8,Flash Flood; Lightning; Thunderstorm Wind,2,8,0,0.6185967061794839,0.8433773749658616,0.9941324280713888,0.8980542576838121,0.0,0.0,0.0,,,,,,,,,0.0,2,2,3000.0,0.0,0.0,0.0,Reported flooding only,Insufficient record
ALRF-2004-013,2004,2004-08-25 14:00:00+00:00,2004-08-25 18:00:00+00:00,2004-08-25 02:00:00+00:00,2004-08-26 06:00:00+00:00,36.936824798583984,0.8406866878899846,31501100205,2004-08-25 19:00:00+00:00,0,77.20185852050781,1.276553362257847,60300060106,2004-08-25 15:00:00+00:00,3,113.01776123046876,1.5287092459815754,60300060106,2004-08-25 16:00:00+00:00,5,124.90624237060548,1.1821688967876034,60300060106,2004-08-25 23:00:00+00:00,2,125.51314544677734,0.9200296549392168,60300060106,2004-08-25 23:00:00+00:00,0,1.5287092459815754,2004-08-25 16:00:00+00:00,6,5,1,5,178,AL-RF-20040825-0178,10.0,0.763325221651472,5,10–25-year,Unclassified,Insufficient external evidence,,Low,No nearby HURDAT2 track and no matching Alabama NOAA Storm Events record within the configured time buffer.,Gaston,959.0968405994222,0,,0,0,0,0.2957164037405742,0.618078464737131,0.9048207606401066,0.995164625394324,0.0,0.0,0.0,,,,,,,,,0.0,0,0,0.0,0.0,0.0,0.0,Rainfall hazard without matched flood evidence,Insufficient record
ALRF-2004-014,2004,2004-09-16 03:00:00+00:00,2004-09-19 21:00:00+00:00,2004-09-15 15:00:00+00:00,2004-09-20 09:00:00+00:00,107.1983642578125,1.9124233399381132,31403050206,2004-09-16 11:00:00+00:00,25,155.58457946777344,2.0006560381848804,31403050206,2004-09-16 12:00:00+00:00,347,210.6165771484375,2.229395526818146,31403050101,2004-09-16 11:00:00+00:00,861,223.8996734619141,2.1419814990169628,31502020301,2004-09-17 06:00:00+00:00,934,225.7384033203125,1.6837910794408104,31502020301,2004-09-17 07:00:00+00:00,610,2.229395526818146,2004-09-16 11:00:00+00:00,6,980,3,966,179,AL-RF-20040916-0179,50.0,0.9795370467885532,980,50–100-year,Tropical cyclone,Hurricane,Ivan,High,HURDAT2 track within 0 km of rainfall footprint; track status=HU; 19 matching tropical NOAA Storm Events records.,Ivan,0.0,116,Flash Flood; Heavy Rain; High Wind; Hurricane (Typhoon); Tornado; Tropical Storm,39,48,19,0.4787785645254513,0.694885245083838,0.940673891533227,0.9918545988128152,62.0,62.0,7.0,92.60597048781916,17.75,92.60597048781916,204000.0,342.8044280442804,13.0,-11.0,109.0,19.0,39,37,750000.0,0.0,0.0,0.0,Measured major-flood response,50–100-year
ALRF-2004-015,2004,2004-10-19 11:00:00+00:00,2004-10-20 11:00:00+00:00,2004-10-18 23:00:00+00:00,2004-10-20 23:00:00+00:00,58.61030960083008,1.3933142052871688,31601100401,2004-10-19 13:00:00+00:00,4,99.85301971435548,1.6899795924439915,31601100402,2004-10-19 14:00:00+00:00,54,114.27117156982422,1.5722583898011164,31601100402,2004-10-19 17:00:00+00:00,58,124.7425765991211,1.1792940833661745,31601100402,2004-10-19 23:00:00+00:00,13,129.3753662109375,0.9713785859752204,31601100402,2004-10-19 23:00:00+00:00,0,1.6899795924439915,2004-10-19 14:00:00+00:00,3,71,15,49,180,AL-RF-20041019-0180,25.0,0.8482898657538379,71,25–50-year,Convective,Organized or localized severe convection,,Medium,45 convective/heavy-rain NOAA Storm Events records; Rx3h/Rx24h=0.80.,,,50,Flash Flood; Funnel Cloud; Hail; Heat; Thunderstorm Wind; Tornado,14,45,0,0.4698500800507197,0.8004726408309495,0.9160558863318312,0.9641910995307796,1.0,1.0,1.0,10.529873027048296,10.555555555555555,10.529873027048296,41900.0,120.40229885057471,-14.0,-14.0,-14.0,0.0,14,14,44000.0,0.0,0.0,0.0,Measured major-flood response,10–25-year
ALRF-2004-016,2004,2004-11-03 19:00:00+00:00,2004-11-04 14:00:00+00:00,2004-11-03 07:00:00+00:00,2004-11-05 02:00:00+00:00,34.95523452758789,0.8853375089053075,60300010701,2004-11-03 15:00:00+00:00,0,97.06395721435548,1.2832245996429188,31403040201,2004-11-03 08:00:00+00:00,5,106.22857666015624,1.1658799236781658,31403040201,2004-11-03 09:00:00+00:00,4,131.45079040527344,1.3149668234298686,60300010703,2004-11-04 10:00:00+00:00,14,140.16978454589844,1.0921419168894917,60300010703,2004-11-04 10:00:00+00:00,2,1.3149668234298686,2004-11-04 10:00:00+00:00,24,18,4,11,181,AL-RF-20041104-0181,5.0,0.6243206990744254,18,5–10-year,Unclassified,Insufficient external evidence,,Low,No nearby HURDAT2 track and no matching Alabama NOAA Storm Events record within the configured time buffer.,,,0,,0,0,0,0.2659187854239451,0.73840527634029,0.8081242899540196,0.9377969070233536,1.0,1.0,0.0,1.8275726390741063,1.8461538461538463,1.8275726390741063,2460.0,44.4043321299639,-10.0,-10.0,-10.0,0.0,0,0,0.0,0.0,0.0,0.0,Measured annual-peak response,<2-year
ALRF-2004-017,2004,2004-11-22 21:00:00+00:00,2004-11-26 18:00:00+00:00,2004-11-22 09:00:00+00:00,2004-11-27 06:00:00+00:00,47.00453186035156,1.1341383172788828,31501060103,2004-11-24 08:00:00+00:00,2,72.43559265136719,1.2657245071019496,31501060204,2004-11-24 10:00:00+00:00,34,99.47650909423828,1.4133503474410276,31501060108,2004-11-24 13:00:00+00:00,45,146.43856811523438,1.4467848725178527,31501060104,2004-11-24 15:00:00+00:00,48,236.41799926757807,1.7887982989114246,31601110304,2004-11-24 14:00:00+00:00,185,1.7887982989114246,2004-11-24 14:00:00+00:00,72,202,5,167,182,AL-RF-20041124-0182,25.0,0.797486417141815,202,25–50-year,Frontal/extratropical candidate,Prolonged or widespread non-tropical rainfall,,Medium–low,No nearby HURDAT2 system; 20 flood/heavy-rain NOAA records; affected HUCs=202; Rx24h/Rx72h=0.62.,Otto,3826.3273113460673,71,Flash Flood; Hail; Heat; Thunderstorm Wind; Tornado,20,70,0,0.3209846454068241,0.4946483264870952,0.6793053932073342,0.619405326874013,32.0,32.0,2.0,1000000.0,61.0,1000000.0,119000.0,413.08411214953276,-14.0,-62.0,10.0,8.0,20,20,946000.0,0.0,1.0,0.0,Measured major-flood response,>500-year
ALRF-2004-018,2004,2004-12-07 02:00:00+00:00,2004-12-09 22:00:00+00:00,2004-12-06 14:00:00+00:00,2004-12-10 10:00:00+00:00,38.913970947265625,0.914346423654822,31601050303,2004-12-07 11:00:00+00:00,0,52.25571823120117,0.8545568828053467,31601090307,2004-12-09 14:00:00+00:00,0,72.7036361694336,1.003963772995942,31601050404,2004-12-09 12:00:00+00:00,1,127.80867767333984,1.2078003510628,31601050303,2004-12-07 11:00:00+00:00,11,197.06610107421875,1.4366045015740434,31601050404,2004-12-09 13:00:00+00:00,46,1.4366045015740434,2004-12-09 13:00:00+00:00,72,47,4,35,183,AL-RF-20041209-0183,10.0,0.6696489770557087,47,10–25-year,Frontal/extratropical candidate,Prolonged or widespread non-tropical rainfall,,Medium–low,No nearby HURDAT2 system; 22 flood/heavy-rain NOAA records; affected HUCs=47; Rx24h/Rx72h=0.65.,Otto,3419.296327307846,46,Flash Flood; Thunderstorm Wind; Tornado,22,46,0,0.3044704917980921,0.4088589224337262,0.5688474170373109,0.6485573976277367,3.0,3.0,0.0,5.0739840122926525,4.722222222222222,5.0739840122926525,35200.0,48.19277108433735,-37.0,-37.0,-13.0,0.0,22,22,19000.0,0.0,0.0,0.0,Measured annual-peak response,5–10-year
ALRF-2005-001,2005,2005-03-26 23:00:00+00:00,2005-03-30 11:00:00+00:00,2005-03-26 11:00:00+00:00,2005-03-30 23:00:00+00:00,81.01832580566406,1.3148261744667264,31401070202,2005-03-26 23:00:00+00:00,20,105.4560546875,1.7168521737427145,31501100603,2005-03-27 08:00:00+00:00,90,136.0183868408203,1.8268009566271728,31501100603,2005-03-27 11:00:00+00:00,162,219.7133026123047,2.03595644588598,31501100704,2005-03-28 00:00:00+00:00,307,231.35130310058597,1.6779304626428588,31501100704,2005-03-28 02:00:00+00:00,182,2.03595644588598,2005-03-28 00:00:00+00:00,24,325,4,311,184,AL-RF-20050328-0184,50.0,0.8978152766810829,325,50–100-year,Frontal/extratropical candidate,Prolonged or widespread non-tropical rainfall,,Medium–low,No nearby HURDAT2 system; 18 flood/heavy-rain NOAA records; affected HUCs=325; Rx24h/Rx72h=0.95.,,,136,Flash Flood; Funnel Cloud; Hail; Lightning; Strong Wind; Thunderstorm Wind,18,133,0,0.3687456555537969,0.4799711871501134,0.6190721509513317,0.949695548145578,16.0,16.0,1.0,14.165518848744538,12.5,14.165518848744538,153000.0,98.25327510917032,69.5,-24.0,144.0,1.0,18,18,323000.0,0.0,1.0,0.0,Measured major-flood response,10–25-year
ALRF-2005-002,2005,2005-03-31 12:00:00+00:00,2005-04-04 04:00:00+00:00,2005-03-31 00:00:00+00:00,2005-04-04 16:00:00+00:00,50.336795806884766,1.1587465266891914,31502020702,2005-03-31 12:00:00+00:00,10,122.10902404785156,1.429601609488168,31602050101,2005-04-01 12:00:00+00:00,63,149.92318725585938,1.4433984120189955,31602050101,2005-04-01 12:00:00+00:00,83,300.6061096191406,2.0423672926626595,31602050105,2005-04-01 16:00:00+00:00,99,304.28985595703125,1.6484973433420207,31602050105,2005-04-02 03:00:00+00:00,114,2.0423672926626595,2005-04-01 16:00:00+00:00,24,158,7,71,185,AL-RF-20050401-0185,25.0,0.7792979436125067,158,25–50-year,Frontal/extratropical candidate,Prolonged or widespread non-tropical rainfall,,Medium–low,No nearby HURDAT2 system; 38 flood/heavy-rain NOAA records; affected HUCs=158; Rx24h/Rx72h=0.99.,,,101,Flash Flood; Flood; Hail; Heavy Rain; Lightning; Strong Wind; Thunderstorm Wind,38,75,0,0.16745100713575,0.4062093887664499,0.498736327900347,0.9878939561547172,16.0,16.0,2.0,17.193245538159648,14.0,17.193245538159648,153000.0,276.3636363636364,-16.0,-64.0,56.0,3.0,38,21,666000.0,0.0,1.0,0.0,Measured major-flood response,10–25-year
ALRF-2005-003,2005,2005-04-06 23:00:00+00:00,2005-04-07 20:00:00+00:00,2005-04-06 11:00:00+00:00,2005-04-08 08:00:00+00:00,57.276973724365234,0.9433227212550596,31401060702,2005-04-06 22:00:00+00:00,0,120.38044738769533,1.3565368205528925,31401060703,2005-04-07 00:00:00+00:00,14,153.2662811279297,1.3985477844625651,31401070202,2005-04-07 02:00:00+00:00,16,170.39991760253906,1.1289547587674962,31401070202,2005-04-07 06:00:00+00:00,6,170.39991760253906,0.9043387789666212,31401070202,2005-04-07 06:00:00+00:00,0,1.3985477844625651,2005-04-07 02:00:00+00:00,6,17,1,17,186,AL-RF-20050407-0186,5.0,0.6392094377657704,17,5–10-year,Convective,Organized or localized severe convection,,Medium,22 convective/heavy-rain NOAA Storm Events records; Rx3h/Rx24h=0.71.,,,31,Flash Flood; Flood; Funnel Cloud; Hail; Heavy Rain; High Wind; Strong Wind; Thunderstorm Wind; Tornado,11,22,0,0.3361326374462505,0.7064583661858623,0.8994504415514221,1.0,1.0,1.0,1.0,13.158191232880304,9.0,13.158191232880304,9300.0,560.2409638554217,-26.0,-26.0,-26.0,0.0,11,5,183000.0,0.0,0.0,0.0,Measured major-flood response,10–25-year
ALRF-2005-004,2005,2005-04-30 10:00:00+00:00,2005-04-30 14:00:00+00:00,2005-04-29 22:00:00+00:00,2005-05-01 02:00:00+00:00,50.41630935668945,1.160272277641021,31501100402,2005-04-30 13:00:00+00:00,12,72.36758422851562,1.1944338507221413,31501100402,2005-04-30 14:00:00+00:00,9,72.4931411743164,0.9824314224841176,31501100402,2005-04-30 16:00:00+00:00,0,100.83890533447266,0.8065460806725675,31403040402,2005-05-01 01:00:00+00:00,0,100.83890533447266,0.6402104795185609,31403040402,2005-05-01 01:00:00+00:00,0,1.1944338507221413,2005-04-30 14:00:00+00:00,3,16,7,7,187,AL-RF-20050430-0187,5.0,0.6004240632089797,16,5–10-year,Convective,Organized or localized severe convection,,Medium,75 convective/heavy-rain NOAA Storm Events records; Rx3h/Rx24h=0.72.,,,78,Flash Flood; Hail; Heavy Rain; High Wind; Thunderstorm Wind; Tornado,3,75,0,0.4999688283947902,0.7176553929108961,0.7189005169568614,1.0,0.0,0.0,0.0,,,,,,,,,0.0,3,2,0.0,0.0,0.0,0.0,Reported flooding only,Insufficient record
ALRF-2005-005,2005,2005-05-20 23:00:00+00:00,2005-05-21 00:00:00+00:00,2005-05-20 11:00:00+00:00,2005-05-21 12:00:00+00:00,55.71089172363281,1.2866017507142553,31601130201,2005-05-20 23:00:00+00:00,6,70.32471466064453,1.164793442063523,31601120412,2005-05-21 00:00:00+00:00,3,74.83354187011719,1.0388291716594946,60300010902,2005-05-20 19:00:00+00:00,2,77.13676452636719,0.7528773068932515,60300010902,2005-05-20 19:00:00+00:00,0,78.94258880615234,0.6065365343326569,60300010902,2005-05-21 01:00:00+00:00,0,1.2866017507142553,2005-05-20 23:00:00+00:00,1,9,3,6,188,AL-RF-20050520-0188,5.0,0.639580816745981,9,5–10-year,Convective,Organized or localized severe convection,,Medium,37 convective/heavy-rain NOAA Storm Events records; Rx3h/Rx24h=0.91.,,,37,Flash Flood; Hail; Thunderstorm Wind,1,37,0,0.7222352670053914,0.9116886752050104,0.970141051800757,0.9771248408863376,0.0,0.0,0.0,,,,,,,,,0.0,1,1,10000.0,0.0,0.0,0.0,Reported flooding only,Insufficient record
ALRF-2005-006,2005,2005-05-29 10:00:00+00:00,2005-06-01 22:00:00+00:00,2005-05-28 22:00:00+00:00,2005-06-02 10:00:00+00:00,58.178165435791016,1.3022579705691446,31601130801,2005-05-29 10:00:00+00:00,12,94.36373901367188,1.494459810415074,31601060604,2005-05-29 12:00:00+00:00,32,101.6809539794922,1.338842158386882,31601060604,2005-05-29 13:00:00+00:00,18,131.7825927734375,1.2506559920624714,31601060701,2005-05-30 08:00:00+00:00,38,198.2642822265625,1.5142291387098834,31601060607,2005-06-01 08:00:00+00:00,126,1.5142291387098834,2005-06-01 08:00:00+00:00,72,129,6,117,189,AL-RF-20050601-0189,10.0,0.7545832747692642,129,10–25-year,Convective,Organized or localized severe convection,,Medium,11 convective/heavy-rain NOAA Storm Events records; Rx3h/Rx24h=0.72.,,,11,Flash Flood; Hail; Thunderstorm Wind; Tornado,1,11,0,0.4414707907273591,0.7160561727291506,0.7715810703034468,0.664681460994803,1.0,1.0,0.0,4.45339504366799,5.142857142857142,4.45339504366799,1200.0,194.8051948051948,-8.0,-8.0,-8.0,0.0,1,1,10000.0,0.0,0.0,0.0,Measured annual-peak response,2–5-year
ALRF-2005-007,2005,2005-06-21 01:00:00+00:00,2005-06-21 01:00:00+00:00,2005-06-20 13:00:00+00:00,2005-06-21 13:00:00+00:00,44.81195831298828,1.1646964124665884,60300010302,2005-06-20 22:00:00+00:00,4,63.31502532958984,1.1896115270805503,60300010302,2005-06-20 23:00:00+00:00,5,71.1483383178711,1.0096558467903871,60300050102,2005-06-21 03:00:00+00:00,1,74.40663146972656,0.71130793177766,60300050102,2005-06-21 13:00:00+00:00,0,74.40663146972656,0.554897369898861,60300050102,2005-06-21 13:00:00+00:00,0,1.1896115270805503,2005-06-20 23:00:00+00:00,3,8,4,3,190,AL-RF-20050620-0190,2.0,0.5703749957850907,8,2–5-year,Convective,Organized or localized severe convection,,Medium,10 convective/heavy-rain NOAA Storm Events records; Rx3h/Rx24h=0.85.,,,10,Hail; Lightning; Thunderstorm Wind,0,10,0,0.6022575868284091,0.8509325590871628,0.9562096403573764,1.0,0.0,0.0,0.0,,,,,,,,,0.0,0,0,0.0,0.0,0.0,0.0,Rainfall hazard without matched flood evidence,Insufficient record
ALRF-2005-008,2005,2005-07-06 00:00:00+00:00,2005-07-10 05:00:00+00:00,2005-07-05 12:00:00+00:00,2005-07-10 17:00:00+00:00,115.2643814086914,1.9485049640237773,31700080205,2005-07-06 10:00:00+00:00,54,156.612060546875,1.8891958874200636,31700080303,2005-07-06 10:00:00+00:00,85,187.6929473876953,1.9024412132346844,31700080206,2005-07-06 14:00:00+00:00,112,196.6262969970703,1.4405444113060657,31700080206,2005-07-06 15:00:00+00:00,56,174.7258758544922,1.3397947535021828,31501060108,2005-07-07 15:00:00+00:00,45,1.9485049640237773,2005-07-06 10:00:00+00:00,1,132,7,54,191,AL-RF-20050706-0191,50.0,0.946219647845418,132,50–100-year,Tropical cyclone,Tropical depression,Cindy,High,HURDAT2 track within 7 km of rainfall footprint; track status=TD; 74 matching tropical NOAA Storm Events records.,Cindy,6.758282506694387,157,Flash Flood; Flood; Funnel Cloud; Hail; Hurricane (Typhoon); Lightning; Strong Wind; Thunderstorm Wind; Tornado; Tropical Storm,47,75,74,0.5862104060801634,0.7964960075976434,0.9545668623891742,1.1253416017259876,7.0,7.0,1.0,10.0,10.0,8.28585935780685,38000.0,161.9047619047619,14.0,-10.0,134.0,3.0,47,41,239000.0,0.0,0.0,1.0,Measured major-flood response,10–25-year
ALRF-2005-009,2005,2005-07-10 22:00:00+00:00,2005-07-14 02:00:00+00:00,2005-07-10 10:00:00+00:00,2005-07-14 14:00:00+00:00,83.7387924194336,1.4768107275316125,31401060301,2005-07-10 22:00:00+00:00,25,135.39549255371094,1.8096001779234845,31502040601,2005-07-11 00:00:00+00:00,118,158.06809997558594,1.7578166617802884,31502040601,2005-07-11 00:00:00+00:00,293,173.33230590820312,1.6566922814084772,31601070301,2005-07-11 13:00:00+00:00,229,204.49935913085935,1.556480026006792,31601070301,2005-07-12 23:00:00+00:00,204,1.8096001779234845,2005-07-11 00:00:00+00:00,3,347,11,309,192,AL-RF-20050711-0192,25.0,0.8213974562141064,347,25–50-year,Tropical cyclone,Tropical storm,Dennis,High,HURDAT2 track within 0 km of rainfall footprint; track status=TS; 68 matching tropical NOAA Storm Events records.,Dennis,0.0,121,Flash Flood; Flood; Funnel Cloud; Hurricane (Typhoon); Thunderstorm Wind; Tropical Storm,50,46,68,0.4831112814236816,0.7811324717817835,0.911936751474932,0.8475933941547835,3.0,3.0,1.0,10.590627798729434,9.799999999999999,10.590627798729434,6480.0,61.91950464396285,0.0,0.0,24.0,2.0,50,44,634000.0,0.0,0.0,0.0,Measured major-flood response,10–25-year
ALRF-2005-010,2005,2005-08-29 17:00:00+00:00,2005-09-02 02:00:00+00:00,2005-08-29 05:00:00+00:00,2005-09-02 14:00:00+00:00,75.35802459716797,1.7612098923415895,60300060103,2005-08-30 05:00:00+00:00,31,126.76902770996094,2.0793147569203243,60300060103,2005-08-30 05:00:00+00:00,116,168.5415802001953,2.2918035447696203,60300060202,2005-08-30 06:00:00+00:00,185,209.17218017578125,1.9755329692419703,60300060202,2005-08-30 12:00:00+00:00,169,209.51515197753903,1.530320327125065,60300060202,2005-08-30 15:00:00+00:00,71,2.2918035447696203,2005-08-30 06:00:00+00:00,6,210,6,185,193,AL-RF-20050830-0193,200.0,1.1894875350463876,210,200–500-year,Tropical cyclone,Tropical storm,Katrina,High,HURDAT2 track within 28 km of rainfall footprint; track status=TS; 56 matching tropical NOAA Storm Events records.,Katrina,27.75732808368774,78,Flash Flood; Hurricane (Typhoon); Tornado; Tropical Storm,11,22,56,0.3602679119844695,0.6060510896020136,0.8057552398151544,0.9983630214878464,0.0,0.0,0.0,,,,,,,,,0.0,11,11,10000.0,0.0,0.0,0.0,Reported flooding only,Insufficient record
ALRF-2005-011,2005,2005-09-25 12:00:00+00:00,2005-09-27 23:00:00+00:00,2005-09-25 00:00:00+00:00,2005-09-28 11:00:00+00:00,64.27672576904297,1.4997678279660742,31601030104,2005-09-26 01:00:00+00:00,15,88.3291244506836,1.4458329870355773,31601030104,2005-09-26 02:00:00+00:00,54,102.28262329101562,1.3590386643961514,31601030104,2005-09-26 02:00:00+00:00,96,128.17218017578125,1.1903709828027236,31601030302,2005-09-26 07:00:00+00:00,45,206.16717529296875,1.2496087219398146,31403050206,2005-09-26 16:00:00+00:00,42,1.4997678279660742,2005-09-26 01:00:00+00:00,1,143,10,43,194,AL-RF-20050926-0194,10.0,0.7298746376395172,143,10–25-year,Tropical cyclone,Tropical depression,Rita,High,HURDAT2 track within 271 km of rainfall footprint; track status=TD; 0 matching tropical NOAA Storm Events records.,Rita,270.63622870318045,38,Flash Flood; Funnel Cloud; Rip Current; Thunderstorm Wind; Tornado,2,33,0,0.5014873405515213,0.6891442770930865,0.7980095458370179,0.621690528541439,1.0,1.0,0.0,2.3328104169124124,3.1111111111111107,2.3328104169124124,7170.0,16.482758620689655,-1.0,-1.0,-1.0,1.0,2,2,0.0,0.0,0.0,0.0,Measured annual-peak response,2–5-year
ALRF-2005-012,2005,2005-11-14 17:00:00+00:00,2005-11-14 18:00:00+00:00,2005-11-14 05:00:00+00:00,2005-11-15 06:00:00+00:00,26.0181941986084,0.6101804560029855,31601030302,2005-11-14 14:00:00+00:00,0,59.8864631652832,0.9843033409260152,31601030106,2005-11-14 16:00:00+00:00,0,80.72588348388672,1.0839785996910472,31601010505,2005-11-14 16:00:00+00:00,4,96.92253875732422,0.8897507934056634,31601030104,2005-11-15 03:00:00+00:00,0,97.3601303100586,0.6905136758711317,60300060103,2005-11-15 03:00:00+00:00,0,1.0839785996910472,2005-11-14 16:00:00+00:00,6,4,1,4,195,AL-RF-20051114-0195,2.0,0.5420628579689493,4,2–5-year,Convective,Organized or localized severe convection,,Medium,12 convective/heavy-rain NOAA Storm Events records; Rx3h/Rx24h=0.62.,Gamma,2463.033820315114,14,Funnel Cloud; Hail; Thunderstorm Wind; Tornado,0,12,0,0.2684431767078765,0.6178796380398952,0.832890724065835,0.995505433781356,0.0,0.0,0.0,,,,,,,,,0.0,0,0,0.0,0.0,0.0,0.0,Rainfall hazard without matched flood evidence,Insufficient record
ALRF-2005-013,2005,2005-11-21 19:00:00+00:00,2005-11-21 20:00:00+00:00,2005-11-21 07:00:00+00:00,2005-11-22 08:00:00+00:00,40.79561233520508,0.9389288648996852,31502020803,2005-11-21 19:00:00+00:00,0,68.460205078125,1.1417651141066767,31502020603,2005-11-21 20:00:00+00:00,4,75.88616180419922,1.049957379844553,31502020603,2005-11-21 20:00:00+00:00,3,80.98326110839844,0.7776578986928596,31502020803,2005-11-21 21:00:00+00:00,0,80.98326110839844,0.6116432373095431,31502020803,2005-11-21 21:00:00+00:00,0,1.1417651141066767,2005-11-21 20:00:00+00:00,3,4,2,2,196,AL-RF-20051121-0196,2.0,0.5582061867854647,4,2–5-year,Unclassified,Insufficient external evidence,,Low,No nearby HURDAT2 track and no matching Alabama NOAA Storm Events record within the configured time buffer.,Gamma,1705.021549676381,0,,0,0,0,0.5037536371942218,0.8453624136781678,0.9370598413247818,1.0,0.0,0.0,0.0,,,,,,,,,0.0,0,0,0.0,0.0,0.0,0.0,Rainfall hazard without matched flood evidence,Insufficient record
ALRF-2006-001,2006,2006-03-21 07:00:00+00:00,2006-03-22 00:00:00+00:00,2006-03-20 19:00:00+00:00,2006-03-22 12:00:00+00:00,41.61296844482422,0.9792058328175596,31501090502,2006-03-21 07:00:00+00:00,0,70.28329467773438,1.1655759890661637,31501100101,2006-03-21 08:00:00+00:00,1,89.79608154296875,1.2209552228308047,31501100101,2006-03-21 09:00:00+00:00,17,117.41789245605467,1.115298483955382,31501090504,2006-03-21 08:00:00+00:00,6,118.93585205078124,0.8848613039246096,31501090504,2006-03-21 08:00:00+00:00,0,1.2209552228308047,2006-03-21 09:00:00+00:00,6,17,2,16,197,AL-RF-20060321-0197,5.0,0.620253457543756,17,5–10-year,Convective,Organized or localized severe convection,,Medium,14 convective/heavy-rain NOAA Storm Events records; Rx3h/Rx24h=0.60.,,,17,Flash Flood; Funnel Cloud; Hail; Thunderstorm Wind,1,14,0,0.3544005736638346,0.5985739754615242,0.7647563728549821,0.9872371571014732,1.0,1.0,0.0,6.8092414349094454,6.5,6.8092414349094454,6490.0,91.02384291725106,-9.0,-9.0,-9.0,0.0,1,1,0.0,0.0,0.0,0.0,Measured annual-peak response,5–10-year
ALRF-2006-002,2006,2006-05-11 03:00:00+00:00,2006-05-12 20:00:00+00:00,2006-05-10 15:00:00+00:00,2006-05-13 08:00:00+00:00,41.85407257080078,0.9728353896618018,31501090602,2006-05-10 21:00:00+00:00,0,64.24642944335938,1.0625967235004234,31501090704,2006-05-10 22:00:00+00:00,2,77.50560760498047,1.0163218380387466,31300031304,2006-05-11 04:00:00+00:00,1,110.5287094116211,1.0103240908676705,31502030505,2006-05-11 04:00:00+00:00,1,151.9618377685547,1.1216665758522963,31502030504,2006-05-11 04:00:00+00:00,3,1.1216665758522963,2006-05-11 04:00:00+00:00,72,6,5,2,198,AL-RF-20060511-0198,2.0,0.5384687511843087,6,2–5-year,Convective,Organized or localized severe convection,,Medium,94 convective/heavy-rain NOAA Storm Events records; Rx3h/Rx24h=0.58.,,,96,Flash Flood; Funnel Cloud; Hail; Lightning; Thunderstorm Wind; Tornado,9,94,0,0.3786715034817932,0.5812646305685032,0.7012260255056544,0.7273451745165238,0.0,0.0,0.0,,,,,,,,,0.0,9,9,0.0,0.0,0.0,0.0,Reported flooding only,Insufficient record
ALRF-2006-003,2006,2006-07-30 13:00:00+00:00,2006-07-31 11:00:00+00:00,2006-07-30 01:00:00+00:00,2006-07-31 23:00:00+00:00,64.49769592285156,1.5188389603220185,31501090202,2006-07-30 13:00:00+00:00,7,90.2911605834961,1.5205948297106688,31501090306,2006-07-30 14:00:00+00:00,6,120.9111557006836,1.6713401017812517,31501090201,2006-07-30 17:00:00+00:00,8,125.32283020019533,1.191385985904463,31501090201,2006-07-30 17:00:00+00:00,3,127.94992065429688,0.9601825083714716,31501090201,2006-07-31 02:00:00+00:00,0,1.6713401017812517,2006-07-30 17:00:00+00:00,6,10,2,9,199,AL-RF-20060730-0199,25.0,0.8473341438301406,10,25–50-year,Convective,Organized or localized severe convection,,Medium,26 convective/heavy-rain NOAA Storm Events records; Rx3h/Rx24h=0.72.,Chris,2804.9253577428863,100,Drought; Flash Flood; Funnel Cloud; Lightning; Thunderstorm Wind,2,26,0,0.514652404672162,0.7204685725598573,0.9647975193947954,0.979467822717924,0.0,0.0,0.0,,,,,,,,,0.0,2,2,10000.0,0.0,0.0,0.0,Reported flooding only,Insufficient record
ALRF-2006-004,2006,2006-08-31 00:00:00+00:00,2006-08-31 01:00:00+00:00,2006-08-30 12:00:00+00:00,2006-08-31 13:00:00+00:00,69.14702606201172,1.2894795676150157,31403010405,2006-08-31 00:00:00+00:00,4,78.55755615234375,1.0639337831802764,31403010403,2006-08-31 01:00:00+00:00,3,79.97134399414062,0.8965332084655817,31403010403,2006-08-31 02:00:00+00:00,0,80.09451293945312,0.6289961389599296,31403010403,2006-08-31 07:00:00+00:00,0,86.5750503540039,0.5474406634280187,31402020604,2006-08-31 02:00:00+00:00,0,1.2894795676150157,2006-08-31 00:00:00+00:00,1,4,2,3,200,AL-RF-20060831-0200,5.0,0.6299695843886679,4,5–10-year,Tropical cyclone,Tropical storm,Ernesto,High,HURDAT2 track within 595 km of rainfall footprint; track status=TS; 0 matching tropical NOAA Storm Events records.,Ernesto,595.0802481894224,92,Drought; Hail; Lightning; Thunderstorm Wind,0,14,0,0.8633178918795963,0.9808107106129575,0.9984622049527212,0.925145438691032,0.0,0.0,0.0,,,,,,,,,0.0,0,0,0.0,0.0,0.0,0.0,Rainfall hazard without matched flood evidence,Insufficient record
ALRF-2006-005,2006,2006-09-13 09:00:00+00:00,2006-09-13 23:00:00+00:00,2006-09-12 21:00:00+00:00,2006-09-14 11:00:00+00:00,51.0610580444336,1.2458403925091703,31501090301,2006-09-13 11:00:00+00:00,4,90.5719985961914,1.5886700974139265,31501090301,2006-09-13 12:00:00+00:00,9,101.3808135986328,1.4513672954744463,31501090301,2006-09-13 13:00:00+00:00,7,119.62678527832033,1.1579652524684148,31501090301,2006-09-13 13:00:00+00:00,8,120.3649673461914,0.9196877875068846,31501090301,2006-09-14 06:00:00+00:00,0,1.5886700974139265,2006-09-13 12:00:00+00:00,3,13,3,9,201,AL-RF-20060913-0201,10.0,0.7494007480386821,13,10–25-year,Unclassified,Insufficient external evidence,,Low,No nearby HURDAT2 track and no matching Alabama NOAA Storm Events record within the configured time buffer.,Florence,1811.9147655645183,39,Drought,0,0,0,0.4268363303890209,0.7571213953920867,0.8474758672379523,0.9938671352292404,0.0,0.0,0.0,,,,,,,,,0.0,0,0,0.0,0.0,0.0,0.0,Rainfall hazard without matched flood evidence,Insufficient record
ALRF-2006-006,2006,2006-09-24 10:00:00+00:00,2006-09-24 15:00:00+00:00,2006-09-23 22:00:00+00:00,2006-09-25 03:00:00+00:00,46.74895477294922,1.054454947336609,31502020407,2006-09-24 11:00:00+00:00,1,81.5268783569336,1.3293806899109877,31502020501,2006-09-24 12:00:00+00:00,9,87.67723083496094,1.1897823071942455,31502020501,2006-09-24 13:00:00+00:00,7,94.85637664794922,0.9002333963198562,31502020501,2006-09-24 20:00:00+00:00,0,102.40227508544922,0.7724002548128179,31601090103,2006-09-24 16:00:00+00:00,0,1.3293806899109877,2006-09-24 12:00:00+00:00,3,9,3,7,202,AL-RF-20060924-0202,5.0,0.6556614866860714,9,5–10-year,Convective,Organized or localized severe convection,,Medium,3 convective/heavy-rain NOAA Storm Events records; Rx3h/Rx24h=0.86.,Helene,2922.4603204497803,3,Hail; Thunderstorm Wind,0,3,0,0.4928393474953581,0.859477045591918,0.9243156225581648,0.9263112227613756,0.0,0.0,0.0,,,,,,,,,0.0,0,0,0.0,0.0,0.0,0.0,Rainfall hazard without matched flood evidence,Insufficient record
ALRF-2006-007,2006,2006-10-17 09:00:00+00:00,2006-10-18 00:00:00+00:00,2006-10-16 21:00:00+00:00,2006-10-18 12:00:00+00:00,56.77608489990234,0.9927560682895336,31403040504,2006-10-17 15:00:00+00:00,0,64.25631713867188,1.0830206755359482,31601090105,2006-10-17 12:00:00+00:00,7,83.75193786621094,1.1359550833864938,31601060201,2006-10-17 10:00:00+00:00,23,130.15371704101562,1.2383344275448829,31601070203,2006-10-17 14:00:00+00:00,64,131.5519561767578,0.9897944825569656,31601120405,2006-10-17 14:00:00+00:00,0,1.2383344275448829,2006-10-17 14:00:00+00:00,24,77,5,69,203,AL-RF-20061017-0203,5.0,0.5495916322787533,77,5–10-year,Frontal/extratropical candidate,Prolonged or widespread non-tropical rainfall,,Medium–low,No nearby HURDAT2 system; 3 flood/heavy-rain NOAA records; affected HUCs=77; Rx24h/Rx72h=0.99.,,,12,Coastal Flood; Funnel Cloud; Heavy Rain; High Wind; Lightning; Strong Wind; Thunderstorm Wind,3,5,0,0.4362233072606783,0.4936955977862902,0.6434847945204516,0.9893712022505886,0.0,0.0,0.0,,,,,,,,,0.0,3,0,130000.0,0.0,0.0,1.0,Reported flooding only,Insufficient record
ALRF-2006-008,2006,2006-10-19 14:00:00+00:00,2006-10-20 06:00:00+00:00,2006-10-19 02:00:00+00:00,2006-10-20 18:00:00+00:00,41.55317306518555,1.0101792637213407,31501090105,2006-10-20 00:00:00+00:00,2,55.64223861694336,0.9287929588775262,31601050301,2006-10-19 20:00:00+00:00,0,74.7194595336914,1.018498696739214,31601050301,2006-10-19 20:00:00+00:00,1,79.25402069091797,0.7428597643158765,31601050301,2006-10-20 05:00:00+00:00,0,176.1719512939453,1.310008648219655,31601120401,2006-10-19 20:00:00+00:00,106,1.310008648219655,2006-10-19 20:00:00+00:00,72,108,3,105,204,AL-RF-20061019-0204,5.0,0.6307846530827121,108,5–10-year,Convective,Organized or localized severe convection,,Medium,3 convective/heavy-rain NOAA Storm Events records; Rx3h/Rx24h=0.70.,,,3,Thunderstorm Wind,0,3,0,0.5243036593340593,0.7020746472149598,0.94278446547323,0.4498674170820845,0.0,0.0,0.0,,,,,,,,,0.0,0,0,0.0,0.0,0.0,0.0,Rainfall hazard without matched flood evidence,Insufficient record
ALRF-2006-009,2006,2006-11-15 11:00:00+00:00,2006-11-18 07:00:00+00:00,2006-11-14 23:00:00+00:00,2006-11-18 19:00:00+00:00,57.67309188842773,1.2267131771142663,31402020102,2006-11-15 20:00:00+00:00,16,104.9333038330078,1.5557247272774537,31402020501,2006-11-15 21:00:00+00:00,73,120.40528869628906,1.6580878502432588,31502030106,2006-11-15 14:00:00+00:00,199,150.69297790527344,1.4368791448059928,31502030106,2006-11-15 20:00:00+00:00,241,150.84413146972656,1.1399169496299728,31502030106,2006-11-16 01:00:00+00:00,28,1.6580878502432588,2006-11-15 14:00:00+00:00,6,282,6,236,205,AL-RF-20061115-0205,10.0,0.7634921378234896,282,10–25-year,Convective,Organized or localized severe convection,,Medium,49 convective/heavy-rain NOAA Storm Events records; Rx3h/Rx24h=0.70.,,,50,Flash Flood; Funnel Cloud; Hail; Thunderstorm Wind; Tornado,13,49,0,0.382719173050528,0.6963383781490439,0.799010613301282,0.9989979486574626,12.0,12.0,1.0,10.798027432612246,12.0,10.798027432612246,21300.0,161.80048661800484,-14.0,-14.0,10.0,4.0,13,13,5000.0,0.0,0.0,0.0,Measured major-flood response,10–25-year
ALRF-2006-010,2006,2006-12-22 10:00:00+00:00,2006-12-22 17:00:00+00:00,2006-12-21 22:00:00+00:00,2006-12-23 05:00:00+00:00,44.85618209838867,0.8347959249363295,31602030705,2006-12-22 05:00:00+00:00,0,73.63587951660156,0.9861512054255618,31602030705,2006-12-22 07:00:00+00:00,0,92.0446319580078,1.0241799969019474,31602030705,2006-12-22 09:00:00+00:00,1,142.3040313720703,1.1329715426750135,31602030607,2006-12-22 14:00:00+00:00,6,145.82659912109375,0.9459430061322246,31602030607,2006-12-22 15:00:00+00:00,0,1.1329715426750135,2006-12-22 14:00:00+00:00,24,6,1,6,206,AL-RF-20061222-0206,2.0,0.4746059900253768,6,2–5-year,Unclassified,Insufficient external evidence,,Low,No nearby HURDAT2 track and no matching Alabama NOAA Storm Events record within the configured time buffer.,,,0,,0,0,0,0.3152137129629659,0.5174546272977472,0.6468167561419711,0.9758441342645704,0.0,0.0,0.0,,,,,,,,,0.0,0,0,0.0,0.0,0.0,0.0,Rainfall hazard without matched flood evidence,Insufficient record
ALRF-2007-001,2007,2007-04-02 03:00:00+00:00,2007-04-04 01:00:00+00:00,2007-04-01 15:00:00+00:00,2007-04-04 13:00:00+00:00,42.7475471496582,0.7757013945576121,31502040502,2007-04-02 01:00:00+00:00,0,86.39649200439453,1.014021904251545,31700080601,2007-04-01 18:00:00+00:00,1,98.2853775024414,1.0129590714004173,31401060301,2007-04-01 21:00:00+00:00,1,122.2410659790039,1.105131347250538,31402020102,2007-04-02 05:00:00+00:00,9,198.35714721679688,1.1555992438978782,31403040404,2007-04-02 22:00:00+00:00,12,1.1555992438978782,2007-04-02 22:00:00+00:00,72,18,3,14,207,AL-RF-20070402-0207,2.0,0.4716982395768173,18,2–5-year,Convective,Organized or localized severe convection,,Medium,38 convective/heavy-rain NOAA Storm Events records; Rx3h/Rx24h=0.71.,,,106,Drought; Flash Flood; Funnel Cloud; Hail; Lightning; Thunderstorm Wind; Tornado,3,38,0,0.3496987432766703,0.7067714218005426,0.8040291265074773,0.6162675138970366,3.0,3.0,0.0,2.19799705248199,2.5454545454545454,2.19799705248199,12200.0,15.67816091954023,-22.0,-22.0,2.0,1.0,3,3,0.0,0.0,0.0,0.0,Measured annual-peak response,2–5-year
ALRF-2007-002,2007,2007-04-14 19:00:00+00:00,2007-04-15 05:00:00+00:00,2007-04-14 07:00:00+00:00,2007-04-15 17:00:00+00:00,63.65942001342773,1.2039906824673825,31602030604,2007-04-14 19:00:00+00:00,8,93.35694885253906,1.3057114221745532,31602030603,2007-04-14 20:00:00+00:00,18,98.9748077392578,1.1556349414389022,31602030603,2007-04-14 22:00:00+00:00,13,117.69213104248048,0.9476097361952448,31700020607,2007-04-15 01:00:00+00:00,0,117.69213104248048,0.7659490909147848,31700020607,2007-04-15 01:00:00+00:00,0,1.3057114221745532,2007-04-14 20:00:00+00:00,3,22,5,16,208,AL-RF-20070414-0208,5.0,0.5931981192124212,22,5–10-year,Convective,Organized or localized severe convection,,Medium,24 convective/heavy-rain NOAA Storm Events records; Rx3h/Rx24h=0.79.,,,60,Drought; Flash Flood; Hail; Lightning; Thunderstorm Wind; Tornado,2,24,0,0.540897844652419,0.7932301677742777,0.8409636809408547,1.0,0.0,0.0,0.0,,,,,,,,,0.0,2,2,0.0,0.0,0.0,0.0,Reported flooding only,Insufficient record
ALRF-2007-003,2007,2007-07-01 21:00:00+00:00,2007-07-01 23:00:00+00:00,2007-07-01 09:00:00+00:00,2007-07-02 11:00:00+00:00,65.41780090332031,1.617809364904561,31501050803,2007-07-01 21:00:00+00:00,3,96.25310516357422,1.7607429138143158,31501050803,2007-07-01 23:00:00+00:00,5,98.14730072021484,1.4708685087019029,31501050803,2007-07-02 01:00:00+00:00,2,99.00394439697266,0.978476496231124,31501050803,2007-07-02 01:00:00+00:00,0,113.19278717041016,0.8755160068973961,31501050803,2007-07-02 01:00:00+00:00,0,1.7607429138143158,2007-07-01 23:00:00+00:00,3,5,3,3,209,AL-RF-20070701-0209,25.0,0.7958774175240935,5,25–50-year,Convective,Organized or localized severe convection,,Medium,43 convective/heavy-rain NOAA Storm Events records; Rx3h/Rx24h=0.97.,,,132,Drought; Flash Flood; Hail; Lightning; Thunderstorm Wind,1,43,0,0.6607595414685383,0.9722148521439864,0.9913473783092626,0.8746488788894614,0.0,0.0,0.0,,,,,,,,,0.0,1,1,200000.0,0.0,0.0,0.0,Reported flooding only,Insufficient record
ALRF-2007-004,2007,2007-08-25 06:00:00+00:00,2007-08-25 06:00:00+00:00,2007-08-24 18:00:00+00:00,2007-08-25 18:00:00+00:00,58.12575149536133,1.4363366048927857,60300050803,2007-08-25 05:00:00+00:00,2,76.78861999511719,1.3542690195428333,60300050803,2007-08-25 06:00:00+00:00,3,79.29460906982422,1.1432515736273443,60300050803,2007-08-25 09:00:00+00:00,1,81.73280334472656,0.8145945649173684,60300050803,2007-08-25 10:00:00+00:00,0,81.73280334472656,0.6313305077922002,60300050803,2007-08-25 10:00:00+00:00,0,1.4363366048927857,2007-08-25 05:00:00+00:00,1,4,1,4,210,AL-RF-20070825-0210,10.0,0.6683581504272609,4,10–25-year,Convective,Organized or localized severe convection,,Medium,30 convective/heavy-rain NOAA Storm Events records; Rx3h/Rx24h=0.94.,,,130,Drought; Hail; Heat; Heavy Rain; Lightning; Thunderstorm Wind,3,30,0,0.7111679658190951,0.93950796807059,0.9701687183710228,1.0,0.0,0.0,0.0,,,,,,,,,0.0,3,0,0.0,0.0,0.0,0.0,Reported flooding only,Insufficient record
ALRF-2007-005,2007,2007-09-14 14:00:00+00:00,2007-09-15 03:00:00+00:00,2007-09-14 02:00:00+00:00,2007-09-15 15:00:00+00:00,36.35116958618164,0.928515365160314,31501050704,2007-09-14 17:00:00+00:00,0,82.99457550048828,1.4495304489501175,60300010605,2007-09-14 17:00:00+00:00,32,91.75658416748048,1.3159316315606655,60300010605,2007-09-14 18:00:00+00:00,27,125.43340301513672,1.1649351912298336,31601030302,2007-09-14 15:00:00+00:00,14,133.11195373535156,0.9542862643612828,31601030302,2007-09-14 15:00:00+00:00,0,1.4495304489501175,2007-09-14 17:00:00+00:00,3,37,3,28,211,AL-RF-20070914-0211,10.0,0.7196464009492436,37,10–25-year,Tropical cyclone,Tropical cyclone or remnant,Humberto,High,HURDAT2 track within 222 km of rainfall footprint; track status=LO; 0 matching tropical NOAA Storm Events records.,Humberto,222.4271946793719,53,Drought; Heavy Rain; Thunderstorm Wind,2,3,0,0.2898045394000428,0.6616624719212384,0.7315163422330789,0.9423150926363754,0.0,0.0,0.0,,,,,,,,,0.0,2,0,0.0,0.0,0.0,0.0,Reported flooding only,Insufficient record
ALRF-2007-006,2007,2007-10-19 08:00:00+00:00,2007-10-21 13:00:00+00:00,2007-10-18 20:00:00+00:00,2007-10-22 01:00:00+00:00,45.54409408569336,0.7939738452279562,31602040104,2007-10-18 22:00:00+00:00,0,50.512786865234375,0.8229763166249924,31300031103,2007-10-19 12:00:00+00:00,0,65.6091079711914,0.8899353057423424,31300031103,2007-10-19 12:00:00+00:00,0,147.00099182128906,1.2078048101469208,31402030101,2007-10-19 15:00:00+00:00,24,234.15621948242188,1.2447132569733377,31401070103,2007-10-19 10:00:00+00:00,14,1.2447132569733377,2007-10-19 10:00:00+00:00,72,26,3,17,212,AL-RF-20071019-0212,2.0,0.4567773046220627,26,2–5-year,Frontal/extratropical candidate,Prolonged or widespread non-tropical rainfall,,Medium–low,No nearby HURDAT2 system; 6 flood/heavy-rain NOAA records; affected HUCs=26; Rx24h/Rx72h=0.63.,Fifteen,5232.090127610431,96,Drought; Flash Flood; Funnel Cloud; Hail; Thunderstorm Wind; Tornado,6,43,0,0.3098216788976627,0.3436220819968575,0.4463174510479032,0.6277902510820321,0.0,0.0,0.0,,,,,,,,,0.0,6,6,100000.0,0.0,0.0,0.0,Reported flooding only,Insufficient record
ALRF-2007-007,2007,2007-10-23 07:00:00+00:00,2007-10-23 18:00:00+00:00,2007-10-22 19:00:00+00:00,2007-10-24 06:00:00+00:00,36.764556884765625,0.8398661855053159,31502030104,2007-10-23 05:00:00+00:00,0,81.12657165527344,0.9888041997450572,31700030402,2007-10-23 04:00:00+00:00,0,94.4748992919922,1.073181816811321,31602030403,2007-10-23 06:00:00+00:00,2,115.3020248413086,1.1443989663319505,60300050507,2007-10-23 11:00:00+00:00,14,121.72145080566406,0.9400036450221626,60300050507,2007-10-24 00:00:00+00:00,0,1.1443989663319505,2007-10-23 11:00:00+00:00,24,14,4,6,213,AL-RF-20071023-0213,2.0,0.5475161409683421,14,2–5-year,Convective,Organized or localized severe convection,,Medium,33 convective/heavy-rain NOAA Storm Events records; Rx3h/Rx24h=0.70.,Noel,2759.068582575922,83,Drought; Flash Flood; Thunderstorm Wind; Tornado,5,33,0,0.3188543907651672,0.7036005808825023,0.8193689522974033,0.9472613420077906,0.0,0.0,0.0,,,,,,,,,0.0,5,5,0.0,0.0,0.0,0.0,Reported flooding only,Insufficient record
ALRF-2007-008,2007,2007-11-26 12:00:00+00:00,2007-11-27 08:00:00+00:00,2007-11-26 00:00:00+00:00,2007-11-27 20:00:00+00:00,38.91437530517578,0.7258721701738012,31402030103,2007-11-26 12:00:00+00:00,0,73.75740051269531,0.977889180053553,31402030103,2007-11-26 12:00:00+00:00,0,120.83509063720705,1.3382010234328814,31402030103,2007-11-26 14:00:00+00:00,19,155.3321075439453,1.2349830902487855,31402030104,2007-11-26 20:00:00+00:00,11,155.3470916748047,0.9867634512607708,31402030104,2007-11-26 20:00:00+00:00,0,1.3382010234328814,2007-11-26 14:00:00+00:00,6,20,1,20,214,AL-RF-20071126-0214,5.0,0.5447606596116232,20,5–10-year,Unclassified,Insufficient external evidence,,Low,No nearby HURDAT2 track and no matching Alabama NOAA Storm Events record within the configured time buffer.,,,50,Drought,0,0,0,0.2505237064022094,0.4748367976133232,0.777914447616835,0.9999035441816267,0.0,0.0,0.0,,,,,,,,,0.0,0,0,0.0,0.0,0.0,0.0,Rainfall hazard without matched flood evidence,Insufficient record
ALRF-2007-009,2007,2007-12-16 00:00:00+00:00,2007-12-16 00:00:00+00:00,2007-12-15 12:00:00+00:00,2007-12-16 12:00:00+00:00,40.81362915039063,0.7738011011806474,31402030101,2007-12-15 23:00:00+00:00,0,80.97351837158203,1.1624888128395634,31300120101,2007-12-16 00:00:00+00:00,4,84.93515014648438,1.0283921994408074,31300040601,2007-12-16 01:00:00+00:00,2,84.94355010986328,0.7413992669084913,31300040601,2007-12-16 07:00:00+00:00,0,87.60389709472656,0.616300170986766,31300120101,2007-12-16 01:00:00+00:00,0,1.1624888128395634,2007-12-16 00:00:00+00:00,3,4,2,3,215,AL-RF-20071216-0215,2.0,0.5312192722558322,4,2–5-year,Tropical cyclone,Tropical cyclone or remnant,Olga,High,HURDAT2 track within 524 km of rainfall footprint; track status=LO; 0 matching tropical NOAA Storm Events records.,Olga,523.5353034795296,54,Drought; Heavy Rain; Strong Wind,3,3,0,0.4804794371980401,0.9532627052537064,0.9999011112277736,0.9696320931706196,0.0,0.0,0.0,,,,,,,,,0.0,3,0,0.0,0.0,0.0,1.0,Reported flooding only,Insufficient record
ALRF-2008-001,2008,2008-01-11 07:00:00+00:00,2008-01-11 11:00:00+00:00,2008-01-10 19:00:00+00:00,2008-01-11 23:00:00+00:00,47.63134765625,1.0289568136048004,31300031201,2008-01-11 07:00:00+00:00,2,90.94844818115234,1.436175641688058,31300031201,2008-01-11 08:00:00+00:00,17,91.98165893554688,1.207384877768277,31300031201,2008-01-11 11:00:00+00:00,9,91.9862823486328,0.8439104249481779,31300031201,2008-01-11 11:00:00+00:00,0,94.73918151855467,0.671950118739208,31402020206,2008-01-11 08:00:00+00:00,0,1.436175641688058,2008-01-11 08:00:00+00:00,3,19,3,15,216,AL-RF-20080111-0216,10.0,0.6861588563961858,19,10–25-year,Convective,Organized or localized severe convection,,Medium,36 convective/heavy-rain NOAA Storm Events records; Rx3h/Rx24h=0.99.,,,91,Drought; Flash Flood; Funnel Cloud; Hail; Heavy Rain; Thunderstorm Wind; Tornado,2,36,0,0.5178092476411288,0.9887175115573534,0.999949738015627,0.9709423374173576,0.0,0.0,0.0,,,,,,,,,0.0,2,1,5000.0,0.0,0.0,0.0,Reported flooding only,Insufficient record
ALRF-2008-002,2008,2008-04-05 07:00:00+00:00,2008-04-08 03:00:00+00:00,2008-04-04 19:00:00+00:00,2008-04-08 15:00:00+00:00,40.9370231628418,0.832819052578712,31402010205,2008-04-05 13:00:00+00:00,0,111.4324951171875,1.321101259363088,31602040305,2008-04-05 08:00:00+00:00,4,161.92742919921875,1.581111170658747,31602040305,2008-04-05 09:00:00+00:00,20,205.04103088378903,1.4278744720541432,31602040305,2008-04-05 17:00:00+00:00,23,205.62405395507807,1.1309828344825197,31602040305,2008-04-06 06:00:00+00:00,7,1.581111170658747,2008-04-05 09:00:00+00:00,6,26,2,25,217,AL-RF-20080405-0217,10.0,0.6760776219643627,26,10–25-year,Convective candidate,Thunderstorm-associated rainfall,,Low,75 convective/heavy-rain NOAA Storm Events records; rainfall duration signature was not decisive.,,,122,Drought; Flash Flood; Hail; Rip Current; Thunderstorm Wind; Tornado,3,75,0,0.1996528352710226,0.5434643721643402,0.7897318331909589,0.997164616395432,3.0,3.0,0.0,4.21783785435022,4.5,4.21783785435022,1420.0,121.28953771289537,-9.0,-9.0,-9.0,1.0,3,3,26000.0,0.0,0.0,0.0,Measured annual-peak response,2–5-year
ALRF-2008-003,2008,2008-04-19 04:00:00+00:00,2008-04-19 05:00:00+00:00,2008-04-18 16:00:00+00:00,2008-04-19 17:00:00+00:00,49.70689392089844,1.123926271690984,31502020505,2008-04-19 04:00:00+00:00,2,85.71044158935547,1.1448166092122012,31602030903,2008-04-19 04:00:00+00:00,5,86.53887939453125,0.9602463601919264,31602030903,2008-04-19 05:00:00+00:00,0,86.53887939453125,0.6828866600440203,31602030903,2008-04-19 05:00:00+00:00,0,86.53887939453125,0.5530690251744904,31602030903,2008-04-19 05:00:00+00:00,0,1.1448166092122012,2008-04-19 04:00:00+00:00,3,6,2,5,218,AL-RF-20080419-0218,2.0,0.5820085330743859,6,2–5-year,Convective candidate,Thunderstorm-associated rainfall,,Low,1 convective/heavy-rain NOAA Storm Events records; rainfall duration signature was not decisive.,,,42,Drought; Flash Flood,1,1,0,0.5743880007306822,0.9904269871418264,1.0,1.0,0.0,0.0,0.0,,,,,,,,,0.0,1,1,0.0,0.0,0.0,0.0,Reported flooding only,Insufficient record
ALRF-2008-004,2008,2008-05-11 11:00:00+00:00,2008-05-11 14:00:00+00:00,2008-05-10 23:00:00+00:00,2008-05-12 02:00:00+00:00,45.24358367919922,1.062178883641056,31601010505,2008-05-11 05:00:00+00:00,1,73.46064758300781,1.240545818296637,31300030304,2008-05-11 11:00:00+00:00,3,95.9574966430664,1.342267514253252,31300030304,2008-05-11 14:00:00+00:00,4,95.9574966430664,0.9420253712854466,31300030304,2008-05-11 14:00:00+00:00,0,115.93928527832033,0.902860281747792,31300030304,2008-05-11 14:00:00+00:00,0,1.342267514253252,2008-05-11 14:00:00+00:00,6,5,2,4,219,AL-RF-20080511-0219,5.0,0.635602605778107,5,5–10-year,Convective,Organized or localized severe convection,,Medium,40 convective/heavy-rain NOAA Storm Events records; Rx3h/Rx24h=0.77.,,,80,Drought; Hail; Strong Wind; Thunderstorm Wind; Tornado,0,40,0,0.4714960817234739,0.7655540229051594,1.0,0.8276529945196209,0.0,0.0,0.0,,,,,,,,,0.0,0,0,0.0,0.0,0.0,0.0,Rainfall hazard without matched flood evidence,Insufficient record
ALRF-2008-005,2008,2008-05-15 16:00:00+00:00,2008-05-15 18:00:00+00:00,2008-05-15 04:00:00+00:00,2008-05-16 06:00:00+00:00,28.5885009765625,0.6420526164892048,31601130606,2008-05-15 16:00:00+00:00,0,63.34162902832031,1.051276071955823,31601130201,2008-05-15 17:00:00+00:00,2,88.18435668945312,1.1664912231699711,31601060607,2008-05-15 16:00:00+00:00,23,100.6529541015625,0.9564028834504376,31601060607,2008-05-15 19:00:00+00:00,0,101.5677719116211,0.7757165236987448,31601060607,2008-05-15 19:00:00+00:00,0,1.1664912231699711,2008-05-15 16:00:00+00:00,6,23,2,16,220,AL-RF-20080515-0220,2.0,0.5645865506811498,23,2–5-year,Convective,Organized or localized severe convection,,Medium,11 convective/heavy-rain NOAA Storm Events records; Rx3h/Rx24h=0.63.,,,50,Drought; Flash Flood; Lightning; Thunderstorm Wind; Tornado,2,11,0,0.2840304214788933,0.629307203089204,0.876122886571932,0.9909930306352036,2.0,2.0,0.0,1.074819833468494,1.1142857142857143,1.074819833468494,38200.0,9.054278264991705,8.0,8.0,8.0,0.0,2,2,10000.0,0.0,0.0,0.0,Measured annual-peak response,<2-year
ALRF-2008-006,2008,2008-05-27 19:00:00+00:00,2008-05-27 20:00:00+00:00,2008-05-27 07:00:00+00:00,2008-05-28 08:00:00+00:00,40.51876831054688,0.9875796107543166,60300050701,2008-05-27 20:00:00+00:00,0,51.59368133544922,0.880844082560244,60300051002,2008-05-27 16:00:00+00:00,0,61.336238861083984,0.8677599686128087,60300051003,2008-05-27 19:00:00+00:00,0,117.94866180419922,1.1275288941024697,60300060304,2008-05-27 19:00:00+00:00,6,137.9745635986328,1.0220237578468443,60300060304,2008-05-28 08:00:00+00:00,1,1.1275288941024697,2008-05-27 19:00:00+00:00,24,6,2,3,221,AL-RF-20080527-0221,2.0,0.5224848614078483,6,2–5-year,Convective candidate,Thunderstorm-associated rainfall,,Low,32 convective/heavy-rain NOAA Storm Events records; rainfall duration signature was not decisive.,,,71,Drought; Flash Flood; Hail; Heavy Rain; Thunderstorm Wind,18,32,0,0.3435288513727276,0.437424897800853,0.5200248813581732,0.854858016781348,0.0,0.0,0.0,,,,,,,,,0.0,18,13,50500.0,0.0,1.0,0.0,Reported flooding only,Insufficient record
ALRF-2008-007,2008,2008-07-10 00:00:00+00:00,2008-07-10 03:00:00+00:00,2008-07-09 12:00:00+00:00,2008-07-10 15:00:00+00:00,48.0018424987793,1.1745459744364626,60300020502,2008-07-09 22:00:00+00:00,2,79.672119140625,1.452005054900133,31501050705,2008-07-10 01:00:00+00:00,4,82.72513580322266,1.225341241214689,31501050705,2008-07-10 02:00:00+00:00,4,85.1083984375,0.8393843143734442,31501050705,2008-07-10 12:00:00+00:00,0,85.51554870605469,0.6512852528798252,31501050705,2008-07-10 12:00:00+00:00,0,1.452005054900133,2008-07-10 01:00:00+00:00,3,6,2,4,222,AL-RF-20080710-0222,10.0,0.6721288932641831,6,10–25-year,Convective,Organized or localized severe convection,,Medium,13 convective/heavy-rain NOAA Storm Events records; Rx3h/Rx24h=0.94.,Bertha,2248.743020859168,40,Drought; Flash Flood; Thunderstorm Wind,4,13,0,0.564008292718959,0.936125230921045,0.9719973271964752,0.9952388743951792,0.0,0.0,0.0,,,,,,,,,0.0,4,4,0.0,0.0,0.0,0.0,Reported flooding only,Insufficient record
ALRF-2008-008,2008,2008-07-31 02:00:00+00:00,2008-07-31 02:00:00+00:00,2008-07-30 14:00:00+00:00,2008-07-31 14:00:00+00:00,46.17272567749024,1.198791529606278,60200011204,2008-07-31 01:00:00+00:00,2,90.24087524414062,1.715062906066954,60300010203,2008-07-31 02:00:00+00:00,1,90.53234100341795,1.4053149221605952,60300010203,2008-07-31 03:00:00+00:00,1,90.7969741821289,0.9243250010967762,60300010203,2008-07-31 03:00:00+00:00,0,93.8058853149414,0.7313867970176997,60300010203,2008-07-31 03:00:00+00:00,0,1.715062906066954,2008-07-31 02:00:00+00:00,3,2,1,2,223,AL-RF-20080731-0223,25.0,0.7917447364699808,2,25–50-year,Convective,Organized or localized severe convection,,Medium,22 convective/heavy-rain NOAA Storm Events records; Rx3h/Rx24h=0.99.,,,91,Drought; Flash Flood; Hail; Thunderstorm Wind,1,22,0,0.5085271408370144,0.9938753582594856,0.9970854405546586,0.9679240687009086,0.0,0.0,0.0,,,,,,,,,0.0,1,1,0.0,0.0,0.0,0.0,Reported flooding only,Insufficient record
ALRF-2008-009,2008,2008-08-13 07:00:00+00:00,2008-08-13 12:00:00+00:00,2008-08-12 19:00:00+00:00,2008-08-14 00:00:00+00:00,35.80061721801758,0.8074512844005851,31601130506,2008-08-12 20:00:00+00:00,0,57.915184020996094,0.9194547852917848,31602010101,2008-08-12 20:00:00+00:00,0,70.16813659667969,1.002433033916962,31300020808,2008-08-13 03:00:00+00:00,1,118.7921142578125,1.0947867968521576,31602010101,2008-08-13 07:00:00+00:00,5,166.59304809570312,0.8833817358556674,31602050204,2008-08-13 22:00:00+00:00,0,1.0947867968521576,2008-08-13 07:00:00+00:00,24,6,2,5,224,AL-RF-20080813-0224,2.0,0.4915052467394762,6,2–5-year,Convective candidate,Thunderstorm-associated rainfall,,Low,1 convective/heavy-rain NOAA Storm Events records; rainfall duration signature was not decisive.,Fay,2394.185056537144,41,Drought; Rip Current; Thunderstorm Wind,0,1,0,0.3013720013461509,0.4875339106710716,0.5906800887843024,0.7130676556777429,0.0,0.0,0.0,,,,,,,,,0.0,0,0,0.0,0.0,0.0,0.0,Rainfall hazard without matched flood evidence,Insufficient record
ALRF-2008-010,2008,2008-08-23 16:00:00+00:00,2008-08-29 01:00:00+00:00,2008-08-23 04:00:00+00:00,2008-08-29 13:00:00+00:00,44.03917694091797,1.0516364722826872,31501060510,2008-08-26 03:00:00+00:00,1,74.05358123779297,1.2451106336766558,31601110102,2008-08-26 07:00:00+00:00,22,106.9819793701172,1.4516124157346428,31502010101,2008-08-24 05:00:00+00:00,216,212.44679260253903,1.921410733084091,31402020101,2008-08-24 05:00:00+00:00,525,296.8175048828125,2.127611968233772,31402020204,2008-08-26 08:00:00+00:00,703,2.127611968233772,2008-08-26 08:00:00+00:00,72,733,7,698,225,AL-RF-20080826-0225,50.0,0.9045971918052034,733,50–100-year,Tropical cyclone,Tropical depression,Fay,High,HURDAT2 track within 8 km of rainfall footprint; track status=TD; 48 matching tropical NOAA Storm Events records.,Fay,7.98580437945418,106,Drought; Flash Flood; Thunderstorm Wind; Tornado; Tropical Depression; Tropical Storm,5,19,48,0.2072950897560015,0.3485747199598245,0.5035706967356616,0.7157488662483565,31.0,31.0,0.0,3.0775549156358757,3.178571428571429,3.0775549156358757,71900.0,120.08368200836821,-8.0,-56.0,64.0,8.0,5,5,22000.0,0.0,0.0,0.0,Measured annual-peak response,2–5-year
ALRF-2008-011,2008,2008-10-08 11:00:00+00:00,2008-10-08 20:00:00+00:00,2008-10-07 23:00:00+00:00,2008-10-09 08:00:00+00:00,53.238731384277344,1.2320640207505096,31601070104,2008-10-08 11:00:00+00:00,7,88.7536392211914,1.4526804436561582,31601070104,2008-10-08 12:00:00+00:00,15,91.2847137451172,1.2241911883449883,31601070104,2008-10-08 13:00:00+00:00,8,123.25782775878906,1.1539946545548097,31601070104,2008-10-08 13:00:00+00:00,4,144.0523223876953,1.0509617544354044,31601070104,2008-10-08 23:00:00+00:00,2,1.4526804436561582,2008-10-08 12:00:00+00:00,3,19,4,9,226,AL-RF-20081008-0226,10.0,0.6931244235242012,19,10–25-year,Convective,Organized or localized severe convection,,Medium,18 convective/heavy-rain NOAA Storm Events records; Rx3h/Rx24h=0.72.,Marco,1587.2386458879666,24,Drought; Flash Flood; Heavy Rain; Lightning; Thunderstorm Wind; Tornado,5,18,0,0.4319298202176947,0.7200649308446271,0.7405997282684386,0.8556462382262677,0.0,0.0,0.0,,,,,,,,,0.0,5,2,5000.0,0.0,0.0,0.0,Reported flooding only,Insufficient record
ALRF-2008-012,2008,2008-12-10 04:00:00+00:00,2008-12-13 20:00:00+00:00,2008-12-09 16:00:00+00:00,2008-12-14 08:00:00+00:00,45.55502700805664,1.1538064234012158,60300010701,2008-12-10 09:00:00+00:00,8,103.07167053222656,1.6821698229040107,31601060402,2008-12-10 07:00:00+00:00,123,118.42610931396484,1.59921741410356,31601060402,2008-12-10 09:00:00+00:00,261,186.68174743652344,1.6613132806887283,31300040801,2008-12-11 14:00:00+00:00,290,228.56280517578125,1.6337707939475985,31601030301,2008-12-12 01:00:00+00:00,392,1.6821698229040107,2008-12-10 07:00:00+00:00,3,509,4,346,227,AL-RF-20081210-0227,25.0,0.8251231535687239,509,25–50-year,Convective,Organized or localized severe convection,,Medium,47 convective/heavy-rain NOAA Storm Events records; Rx3h/Rx24h=0.55.,,,73,Drought; Flash Flood; Flood; Hail; Heavy Snow; High Wind; Lightning; Strong Wind; Thunderstorm Wind; Tornado; Winter Weather,22,47,0,0.2440250727969348,0.5521250574712644,0.6343743346104725,0.8167634593605541,10.0,10.0,0.0,4.173849672880762,3.7222222222222223,4.173849672880762,22800.0,238.0952380952381,-7.0,-7.0,41.0,4.0,22,15,175000.0,0.0,0.0,0.0,Measured annual-peak response,2–5-year
ALRF-2009-001,2009,2009-01-06 17:00:00+00:00,2009-01-09 05:00:00+00:00,2009-01-06 05:00:00+00:00,2009-01-09 17:00:00+00:00,27.25131225585937,0.6250444421302441,31601060305,2009-01-06 19:00:00+00:00,0,50.21229553222656,0.8212255380246671,31601060305,2009-01-06 21:00:00+00:00,0,68.11408233642578,0.928831254246796,31601050203,2009-01-07 00:00:00+00:00,0,147.5485382080078,1.4231037607275612,31601110107,2009-01-07 01:00:00+00:00,189,184.58750915527344,1.4090114206993951,31601110101,2009-01-07 21:00:00+00:00,204,1.4231037607275612,2009-01-07 01:00:00+00:00,24,214,1,214,228,AL-RF-20090107-0228,10.0,0.6825333512360865,214,10–25-year,Frontal/extratropical candidate,Prolonged or widespread non-tropical rainfall,,Medium–low,No nearby HURDAT2 system; 28 flood/heavy-rain NOAA records; affected HUCs=214; Rx24h/Rx72h=0.80.,,,38,Flash Flood; Flood; Funnel Cloud; Heavy Rain; Thunderstorm Wind,28,30,0,0.1846938816665306,0.340310355778919,0.4616384761494646,0.7993419429257873,13.0,13.0,6.0,1000000.0,15.666666666666668,1000000.0,45300.0,91.37577002053388,-1.0,-25.0,23.0,1.0,28,20,1725000.0,0.0,2.0,1.0,Measured major-flood response,>500-year
ALRF-2009-002,2009,2009-02-27 20:00:00+00:00,2009-03-02 18:00:00+00:00,2009-02-27 08:00:00+00:00,2009-03-03 06:00:00+00:00,45.17368316650391,1.0390698821004425,31501070905,2009-02-28 01:00:00+00:00,1,63.07997512817383,1.0467422713538683,31501070902,2009-02-28 02:00:00+00:00,2,94.93683624267578,1.2894192474856194,31601060405,2009-02-27 21:00:00+00:00,21,175.66082763671875,1.6939484433195655,31601050503,2009-02-28 10:00:00+00:00,158,179.39683532714844,1.3387910329008657,31601050503,2009-03-01 15:00:00+00:00,61,1.6939484433195655,2009-02-28 10:00:00+00:00,24,158,4,121,229,AL-RF-20090228-0229,10.0,0.736483623084764,158,10–25-year,Frontal/extratropical candidate,Prolonged or widespread non-tropical rainfall,,Medium–low,No nearby HURDAT2 system; 7 flood/heavy-rain NOAA records; affected HUCs=158; Rx24h/Rx72h=0.98.,,,61,Flash Flood; Hail; Heavy Snow; Lightning; Thunderstorm Wind; Tornado; Winter Weather,7,35,0,0.2571642395988641,0.3591009787260508,0.5404553623020215,0.9791746176368346,7.0,7.0,1.0,10.0,10.0,3.645802023669336,93200.0,211.21495327102807,-10.0,-34.0,14.0,5.0,7,7,5000.0,0.0,0.0,0.0,Measured major-flood response,10–25-year
ALRF-2009-003,2009,2009-03-15 15:00:00+00:00,2009-03-18 06:00:00+00:00,2009-03-15 03:00:00+00:00,2009-03-18 18:00:00+00:00,29.769126892089844,0.5840508135307623,31402010702,2009-03-15 18:00:00+00:00,0,55.63492584228516,0.8887489392079239,31300031202,2009-03-15 16:00:00+00:00,0,71.20912170410156,0.917935285648268,31402020206,2009-03-15 17:00:00+00:00,0,148.51931762695312,1.3493820052364556,31402020205,2009-03-15 19:00:00+00:00,10,180.5069732666016,1.296489188843687,31402020205,2009-03-17 05:00:00+00:00,29,1.3493820052364556,2009-03-15 19:00:00+00:00,24,29,5,23,230,AL-RF-20090315-0230,5.0,0.5547287753129214,29,5–10-year,Unclassified,Insufficient external evidence,,Low,No nearby HURDAT2 track and no matching Alabama NOAA Storm Events record within the configured time buffer.,,,1,Debris Flow,0,0,0,0.2004394267879896,0.3745972357752645,0.4794603344661382,0.822789917415523,0.0,0.0,0.0,,,,,,,,,0.0,0,0,0.0,0.0,0.0,0.0,Rainfall hazard without matched flood evidence,Insufficient record
ALRF-2009-004,2009,2009-03-27 06:00:00+00:00,2009-03-31 14:00:00+00:00,2009-03-26 18:00:00+00:00,2009-04-01 02:00:00+00:00,80.42174530029297,1.4802804960700902,31402030104,2009-03-28 14:00:00+00:00,30,184.15057373046875,2.441502171984543,31402030103,2009-03-28 16:00:00+00:00,113,250.90017700195312,2.734328957383744,31402020906,2009-03-28 17:00:00+00:00,185,267.4656066894531,2.1271761428749185,31402020906,2009-03-28 19:00:00+00:00,141,314.3138732910156,2.027650995720409,31402011203,2009-03-28 19:00:00+00:00,601,2.734328957383744,2009-03-28 17:00:00+00:00,6,605,4,602,231,AL-RF-20090328-0231,200.0,1.1396267559811624,605,200–500-year,Convective,Organized or localized severe convection,,Medium,80 convective/heavy-rain NOAA Storm Events records; Rx3h/Rx24h=0.69.,,,96,Flash Flood; Flood; Hail; Lightning; Strong Wind; Thunderstorm Wind; Tornado,21,80,0,0.3006806979622932,0.6885018825776761,0.938065196895638,0.8509506878871146,30.0,30.0,6.0,29.455574693548797,23.5,29.455574693548797,176000.0,286.06060606060606,-17.0,-41.0,103.0,1.0,21,14,550000.0,0.0,0.0,0.0,Measured major-flood response,25–50-year
ALRF-2009-005,2009,2009-04-13 04:00:00+00:00,2009-04-13 12:00:00+00:00,2009-04-12 16:00:00+00:00,2009-04-14 00:00:00+00:00,66.074462890625,1.3425809664454764,31700020602,2009-04-13 04:00:00+00:00,10,112.05679321289062,1.5542145623421169,31602030102,2009-04-13 07:00:00+00:00,59,133.11135864257812,1.4932264049090238,31700020607,2009-04-13 08:00:00+00:00,42,133.85498046875,1.0777465035842426,31700020607,2009-04-13 09:00:00+00:00,2,133.85498046875,0.8711381100529906,31700020607,2009-04-13 09:00:00+00:00,0,1.5542145623421169,2009-04-13 07:00:00+00:00,3,62,5,53,232,AL-RF-20090413-0232,10.0,0.7106942585725564,62,10–25-year,Convective,Organized or localized severe convection,,Medium,22 convective/heavy-rain NOAA Storm Events records; Rx3h/Rx24h=0.84.,,,50,Flash Flood; Funnel Cloud; Hail; High Wind; Strong Wind; Thunderstorm Wind; Tornado,1,22,0,0.4936272274609225,0.8371507195359951,0.9944445711054772,1.0,0.0,0.0,0.0,,,,,,,,,0.0,1,1,50000.0,0.0,0.0,0.0,Reported flooding only,Insufficient record
ALRF-2009-006,2009,2009-04-14 03:00:00+00:00,2009-04-14 04:00:00+00:00,2009-04-13 15:00:00+00:00,2009-04-14 16:00:00+00:00,31.14725685119629,0.7179382348832896,31601090306,2009-04-14 03:00:00+00:00,0,61.376441955566406,0.8937696429947681,31300040703,2009-04-13 16:00:00+00:00,0,103.7249755859375,1.0490717340009716,31602040104,2009-04-13 15:00:00+00:00,1,137.28636169433594,1.1053746060679095,31700020607,2009-04-14 03:00:00+00:00,5,140.3165283203125,0.9131903412341924,31700020607,2009-04-14 04:00:00+00:00,0,1.1053746060679095,2009-04-14 03:00:00+00:00,24,6,2,5,233,AL-RF-20090414-0233,2.0,0.502699676352828,6,2–5-year,Convective candidate,Thunderstorm-associated rainfall,,Low,22 convective/heavy-rain NOAA Storm Events records; rainfall duration signature was not decisive.,,,50,Flash Flood; Funnel Cloud; Hail; High Wind; Strong Wind; Thunderstorm Wind; Tornado,1,22,0,0.2268780122569257,0.4470687488406114,0.7555373622390702,0.978404777667679,0.0,0.0,0.0,,,,,,,,,0.0,1,1,50000.0,0.0,0.0,0.0,Reported flooding only,Insufficient record
ALRF-2009-007,2009,2009-05-03 16:00:00+00:00,2009-05-09 21:00:00+00:00,2009-05-03 04:00:00+00:00,2009-05-10 09:00:00+00:00,63.780303955078125,1.1392402448416954,31602031001,2009-05-04 10:00:00+00:00,10,149.9910888671875,1.8883589616017604,31700080201,2009-05-04 11:00:00+00:00,53,177.65823364257812,1.8626897767899304,31700080201,2009-05-04 14:00:00+00:00,60,176.37646484375,1.62332486235255,31501100801,2009-05-07 19:00:00+00:00,37,239.95220947265625,1.458297921944893,31700030402,2009-05-05 21:00:00+00:00,62,1.8883589616017604,2009-05-04 11:00:00+00:00,3,107,13,39,234,AL-RF-20090504-0234,25.0,0.8449748534372278,107,25–50-year,Convective,Organized or localized severe convection,,Medium,151 convective/heavy-rain NOAA Storm Events records; Rx3h/Rx24h=0.85.,,,161,Flash Flood; Flood; Funnel Cloud; Hail; Lightning; Thunderstorm Wind; Tornado,27,151,0,0.3616145953009116,0.8504030795722263,1.007267232620654,0.7350483049577794,5.0,5.0,4.0,12.0,12.0,,8300.0,2682.608695652174,61.0,61.0,61.0,2.0,27,21,7543000.0,0.0,1.0,0.0,Measured major-flood response,10–25-year
ALRF-2009-008,2009,2009-05-24 13:00:00+00:00,2009-05-26 10:00:00+00:00,2009-05-24 01:00:00+00:00,2009-05-26 22:00:00+00:00,41.4770736694336,0.9681243331458976,31501070304,2009-05-24 11:00:00+00:00,0,94.46868896484376,1.224409479622121,31402020904,2009-05-24 14:00:00+00:00,1,109.52867126464844,1.1844468076911003,31402020904,2009-05-24 16:00:00+00:00,1,141.55271911621094,1.1161984432110323,31402020904,2009-05-24 14:00:00+00:00,1,219.48062133789065,1.3837774403089615,31402020904,2009-05-25 20:00:00+00:00,17,1.3837774403089615,2009-05-25 20:00:00+00:00,72,17,1,17,235,AL-RF-20090525-0235,5.0,0.5514931468401836,17,5–10-year,Convective,Organized or localized severe convection,,Medium,16 convective/heavy-rain NOAA Storm Events records; Rx3h/Rx24h=0.67.,One,919.3647871234206,16,Flash Flood; Hail; Lightning; Thunderstorm Wind; Tornado,7,16,0,0.2930150259804055,0.6673745976386898,0.7737659293900838,0.6449440422272652,0.0,0.0,0.0,,,,,,,,,0.0,7,7,10500.0,0.0,0.0,0.0,Reported flooding only,Insufficient record
ALRF-2009-009,2009,2009-06-04 17:00:00+00:00,2009-06-04 20:00:00+00:00,2009-06-04 05:00:00+00:00,2009-06-05 08:00:00+00:00,59.79147338867188,1.2619633721609391,31403020104,2009-06-04 17:00:00+00:00,3,82.94806671142578,1.2711888390436028,31403020104,2009-06-04 18:00:00+00:00,5,96.4011001586914,1.2263990531652835,31403020104,2009-06-04 18:00:00+00:00,5,107.86637878417967,0.9548516278458632,31403020104,2009-06-05 00:00:00+00:00,0,108.33524322509766,0.7553905128722651,31403020104,2009-06-05 08:00:00+00:00,0,1.2711888390436028,2009-06-04 18:00:00+00:00,3,6,2,5,236,AL-RF-20090604-0236,5.0,0.6169019421427041,6,5–10-year,Convective,Organized or localized severe convection,,Medium,6 convective/heavy-rain NOAA Storm Events records; Rx3h/Rx24h=0.77.,,,6,Flash Flood; Thunderstorm Wind; Tornado,4,6,0,0.5543105651882813,0.7689890737630977,0.8937085053311362,0.9956720968453104,0.0,0.0,0.0,,,,,,,,,0.0,4,4,0.0,0.0,0.0,0.0,Reported flooding only,Insufficient record
ALRF-2009-010,2009,2009-07-05 10:00:00+00:00,2009-07-06 12:00:00+00:00,2009-07-04 22:00:00+00:00,2009-07-07 00:00:00+00:00,38.72103500366211,0.9621703977008458,60300021205,2009-07-05 10:00:00+00:00,0,87.06700134277344,1.5065277059862656,60300050201,2009-07-05 10:00:00+00:00,19,106.84172058105467,1.5170185148264077,60300050201,2009-07-05 13:00:00+00:00,14,113.87937927246094,1.1264966211708725,60300050201,2009-07-06 03:00:00+00:00,5,127.12245178222656,0.8915270185596477,31402010102,2009-07-07 00:00:00+00:00,0,1.5170185148264077,2009-07-05 13:00:00+00:00,6,23,5,17,237,AL-RF-20090705-0237,10.0,0.7227440944681971,23,10–25-year,Convective,Organized or localized severe convection,,Medium,23 convective/heavy-rain NOAA Storm Events records; Rx3h/Rx24h=0.76.,,,24,Flash Flood; Flood; Hail; Lightning; Thunderstorm Wind,2,23,0,0.3400179668262899,0.7645545830949972,0.938200763506373,0.8958242834046944,1.0,1.0,0.0,1.4832114720484955,1.5079365079365081,1.4832114720484955,13100.0,37.64367816091954,-13.0,-13.0,-13.0,0.0,2,1,0.0,0.0,0.0,0.0,Measured annual-peak response,<2-year
ALRF-2009-011,2009,2009-07-13 05:00:00+00:00,2009-07-13 19:00:00+00:00,2009-07-12 17:00:00+00:00,2009-07-14 07:00:00+00:00,59.26917266845703,1.428980118701203,60300050601,2009-07-13 05:00:00+00:00,6,68.94223022460938,1.2046822173395415,31501060204,2009-07-13 08:00:00+00:00,9,72.4998779296875,1.0420745080896248,31501060202,2009-07-13 09:00:00+00:00,4,111.70025634765624,1.063244764676209,31502020104,2009-07-13 14:00:00+00:00,3,111.74479675292967,0.830677775071719,31502020104,2009-07-13 20:00:00+00:00,0,1.428980118701203,2009-07-13 05:00:00+00:00,1,13,5,5,238,AL-RF-20090713-0238,10.0,0.6735319251959306,13,10–25-year,Convective,Organized or localized severe convection,,Medium,19 convective/heavy-rain NOAA Storm Events records; Rx3h/Rx24h=0.62.,,,19,Flash Flood; Hail; Thunderstorm Wind,3,19,0,0.5306091015940685,0.6172074485669339,0.6490573996897432,0.999601409581764,0.0,0.0,0.0,,,,,,,,,0.0,3,3,10000.0,0.0,0.0,0.0,Reported flooding only,Insufficient record
ALRF-2009-012,2009,2009-07-29 13:00:00+00:00,2009-07-29 13:00:00+00:00,2009-07-29 01:00:00+00:00,2009-07-30 01:00:00+00:00,49.3372688293457,1.1123335070192606,31601130502,2009-07-29 09:00:00+00:00,2,68.40473937988281,1.1409195859303856,31501070707,2009-07-29 13:00:00+00:00,6,85.70757293701172,1.1725583022135018,31501070707,2009-07-29 14:00:00+00:00,3,109.3533172607422,1.0336750274689832,31501070704,2009-07-29 21:00:00+00:00,2,114.14971160888672,0.8335763495776234,31501070707,2009-07-29 21:00:00+00:00,0,1.1725583022135018,2009-07-29 14:00:00+00:00,6,6,2,3,239,AL-RF-20090729-0239,2.0,0.5731383631268876,6,2–5-year,Convective,Organized or localized severe convection,,Medium,25 convective/heavy-rain NOAA Storm Events records; Rx3h/Rx24h=0.63.,,,25,Hail; Lightning; Thunderstorm Wind; Tornado,0,25,0,0.4511730422562843,0.6255387682184206,0.7837674712020896,0.9579815465099158,0.0,0.0,0.0,,,,,,,,,0.0,0,0,0.0,0.0,0.0,0.0,Rainfall hazard without matched flood evidence,Insufficient record
ALRF-2009-013,2009,2009-08-17 16:00:00+00:00,2009-08-17 16:00:00+00:00,2009-08-17 04:00:00+00:00,2009-08-18 04:00:00+00:00,40.42850112915039,0.94014290384731,31300030403,2009-08-17 15:00:00+00:00,0,66.11146545410156,1.1115372599718452,31300030403,2009-08-17 16:00:00+00:00,3,72.59009552001953,1.0106752833702226,31300030403,2009-08-17 19:00:00+00:00,1,88.88001251220703,0.868132117487542,31300030403,2009-08-18 00:00:00+00:00,0,94.08517456054688,0.7259556356612047,31300030403,2009-08-18 00:00:00+00:00,0,1.1115372599718452,2009-08-17 16:00:00+00:00,3,3,1,3,240,AL-RF-20090817-0240,2.0,0.5492510686820684,3,2–5-year,Tropical cyclone,Tropical depression,Claudette,High,HURDAT2 track within 241 km of rainfall footprint; track status=TD; 0 matching tropical NOAA Storm Events records.,Claudette,240.90248726180937,1,Flash Flood,1,1,0,0.4548660602809639,0.7438282644820918,0.8167201316499567,0.9446760653561826,0.0,0.0,0.0,,,,,,,,,0.0,1,1,0.0,0.0,0.0,0.0,Reported flooding only,Insufficient record
ALRF-2009-014,2009,2009-08-20 22:00:00+00:00,2009-08-21 03:00:00+00:00,2009-08-20 10:00:00+00:00,2009-08-21 15:00:00+00:00,58.43402862548828,1.3133029043655513,31601060503,2009-08-20 22:00:00+00:00,8,82.8987808227539,1.359911815305321,31601120411,2009-08-21 00:00:00+00:00,18,84.19763946533203,1.144141038294323,31601120411,2009-08-21 01:00:00+00:00,6,84.39445495605469,0.8078158680164388,31601120411,2009-08-21 01:00:00+00:00,0,108.16954803466795,0.8170666893094645,31601120407,2009-08-21 01:00:00+00:00,0,1.359911815305321,2009-08-21 00:00:00+00:00,3,18,2,14,241,AL-RF-20090821-0241,5.0,0.6642540769517343,18,5–10-year,Convective,Organized or localized severe convection,,Medium,11 convective/heavy-rain NOAA Storm Events records; Rx3h/Rx24h=0.98.,Bill,1695.130974946729,11,Flash Flood; Lightning; Thunderstorm Wind,8,11,0,0.6923918005740503,0.9822775781408908,0.9976679096887924,0.7802053025959446,0.0,0.0,0.0,,,,,,,,,0.0,8,8,0.0,0.0,0.0,0.0,Reported flooding only,Insufficient record
ALRF-2009-015,2009,2009-09-17 17:00:00+00:00,2009-09-18 06:00:00+00:00,2009-09-17 05:00:00+00:00,2009-09-18 18:00:00+00:00,64.05854034423828,1.4811646688492048,31502020102,2009-09-18 01:00:00+00:00,3,105.6002960205078,1.754702338910368,31502020102,2009-09-18 02:00:00+00:00,8,112.69523620605467,1.546993000650855,31502020102,2009-09-18 05:00:00+00:00,10,115.50048065185548,1.1028957869394844,31502020102,2009-09-18 10:00:00+00:00,4,133.31405639648438,0.9949820261809658,31502020102,2009-09-18 10:00:00+00:00,0,1.754702338910368,2009-09-18 02:00:00+00:00,3,11,4,6,242,AL-RF-20090918-0242,25.0,0.8509669417026092,11,25–50-year,Convective,Organized or localized severe convection,,Medium,47 convective/heavy-rain NOAA Storm Events records; Rx3h/Rx24h=0.91.,Fred,1773.725980989495,48,Flash Flood; Flood; Heavy Rain; Thunderstorm Wind; Tornado,45,47,0,0.554617088887493,0.9142844724500409,0.9757122703735196,0.8663788633686892,6.0,6.0,2.0,1000000.0,16.0,1000000.0,5950.0,206.96721311475412,-2.0,-26.0,22.0,2.0,45,42,1250000.0,0.0,0.0,0.0,Measured major-flood response,>500-year
ALRF-2009-016,2009,2009-09-19 04:00:00+00:00,2009-09-24 06:00:00+00:00,2009-09-18 16:00:00+00:00,2009-09-24 18:00:00+00:00,62.35878753662109,1.41352513997774,31601130102,2009-09-21 04:00:00+00:00,27,111.52606964111328,2.073887216122176,31501050701,2009-09-21 02:00:00+00:00,87,146.5725860595703,1.9988567420332832,31502020505,2009-09-21 09:00:00+00:00,85,218.67926025390625,2.082789435704288,31601130102,2009-09-22 01:00:00+00:00,109,264.8459167480469,1.967995569912253,31502020505,2009-09-21 20:00:00+00:00,182,2.082789435704288,2009-09-22 01:00:00+00:00,24,197,13,164,243,AL-RF-20090922-0243,50.0,0.9695524995208664,197,50–100-year,Frontal/extratropical candidate,Prolonged or widespread non-tropical rainfall,,Medium–low,No nearby HURDAT2 system; 54 flood/heavy-rain NOAA records; affected HUCs=197; Rx24h/Rx72h=0.83.,Fred,1607.6664796595294,56,Flash Flood; Flood; Hail; Heavy Rain,54,52,0,0.2851609588591846,0.5099983853595512,0.6702628584411086,0.8256848470197112,11.0,11.0,3.0,1000000.0,49.00000000000001,1000000.0,32600.0,206.96721311475412,-97.0,-97.0,-25.0,3.0,54,49,1613000.0,0.0,0.0,0.0,Measured major-flood response,>500-year
ALRF-2009-017,2009,2009-09-26 17:00:00+00:00,2009-09-26 23:00:00+00:00,2009-09-26 05:00:00+00:00,2009-09-27 11:00:00+00:00,72.19013214111328,1.712223012903156,31501090204,2009-09-26 21:00:00+00:00,7,80.7296371459961,1.3689776087046863,31501090204,2009-09-26 22:00:00+00:00,8,85.68228912353516,1.1585870542421632,31601090503,2009-09-26 19:00:00+00:00,7,88.14141082763672,0.8365505167522256,31601090503,2009-09-26 20:00:00+00:00,0,97.83078002929688,0.7131827250677497,31601050404,2009-09-26 18:00:00+00:00,0,1.712223012903156,2009-09-26 21:00:00+00:00,1,12,4,6,244,AL-RF-20090926-0244,25.0,0.860285367362112,12,25–50-year,Convective,Organized or localized severe convection,,Medium,7 convective/heavy-rain NOAA Storm Events records; Rx3h/Rx24h=0.92.,Grace,3714.1404806790338,10,Flash Flood; Flood; Hail; Thunderstorm Wind,8,7,0,0.819026283596519,0.9159104260750422,0.9721002684094716,0.900957866238432,0.0,0.0,0.0,,,,,,,,,0.0,8,5,12000.0,0.0,0.0,0.0,Reported flooding only,Insufficient record
ALRF-2009-018,2009,2009-10-07 09:00:00+00:00,2009-10-07 09:00:00+00:00,2009-10-06 21:00:00+00:00,2009-10-07 21:00:00+00:00,43.54821014404297,1.1208428807875013,31501050703,2009-10-07 08:00:00+00:00,2,59.99672317504883,1.1374980247354842,31501050703,2009-10-07 09:00:00+00:00,4,67.44450378417969,0.9410499661751408,31501080404,2009-10-07 11:00:00+00:00,0,67.44450378417969,0.6479474883577481,31501080404,2009-10-07 11:00:00+00:00,0,102.28512573242188,0.7846101980746106,31501060512,2009-10-07 11:00:00+00:00,0,1.1374980247354842,2009-10-07 09:00:00+00:00,3,5,3,3,245,AL-RF-20091007-0245,2.0,0.5280170315827059,5,2–5-year,Convective candidate,Thunderstorm-associated rainfall,,Low,1 convective/heavy-rain NOAA Storm Events records; rainfall duration signature was not decisive.,Henri,2616.176491313063,1,Tornado,0,1,0,0.6456895328846348,0.8895717190986604,1.0,0.6593774344142145,0.0,0.0,0.0,,,,,,,,,0.0,0,0,0.0,0.0,0.0,0.0,Rainfall hazard without matched flood evidence,Insufficient record
ALRF-2009-019,2009,2009-10-12 12:00:00+00:00,2009-10-12 19:00:00+00:00,2009-10-12 00:00:00+00:00,2009-10-13 07:00:00+00:00,53.60099029541016,1.2699158837219289,31300020902,2009-10-12 15:00:00+00:00,18,74.8956069946289,1.2857788469330216,31501090304,2009-10-12 16:00:00+00:00,31,80.02955627441406,1.1295872010638732,31501060405,2009-10-12 13:00:00+00:00,17,82.22712707519531,0.8147838914378762,31501060405,2009-10-12 22:00:00+00:00,0,95.92341613769533,0.7254923191662849,31501090304,2009-10-12 20:00:00+00:00,0,1.2857788469330216,2009-10-12 16:00:00+00:00,3,44,5,30,246,AL-RF-20091012-0246,5.0,0.6429214838756522,44,5–10-year,Convective,Organized or localized severe convection,,Medium,6 convective/heavy-rain NOAA Storm Events records; Rx3h/Rx24h=0.91.,Henri,1925.644849973994,8,Flash Flood; Strong Wind; Thunderstorm Wind,4,6,0,0.6518650499170786,0.9108381827099242,0.9732743818378622,0.8572164168669789,1.0,1.0,0.0,1.683393936245989,1.7945205479452053,1.683393936245989,31300.0,8.816901408450704,41.75,41.75,41.75,1.0,4,4,25000.0,0.0,0.0,0.0,Measured annual-peak response,<2-year
ALRF-2009-020,2009,2009-10-23 10:00:00+00:00,2009-10-23 10:00:00+00:00,2009-10-22 22:00:00+00:00,2009-10-23 22:00:00+00:00,47.836910247802734,1.1289776280459496,31601030305,2009-10-23 09:00:00+00:00,2,67.19336700439453,1.1350865825325456,31601050401,2009-10-23 10:00:00+00:00,3,67.19807434082031,0.9278072939969758,31601050401,2009-10-23 10:00:00+00:00,0,67.19807434082031,0.6356593090345511,31601050401,2009-10-23 10:00:00+00:00,0,79.24877166748047,0.4880502254363235,31402020802,2009-10-23 18:00:00+00:00,0,1.1350865825325456,2009-10-23 10:00:00+00:00,3,3,1,3,247,AL-RF-20091023-0247,2.0,0.5346565055764609,3,2–5-year,Non-tropical heavy rain,Meteorological mechanism unresolved,,Low,1 flood/heavy-rain NOAA Storm Events records; no nearby HURDAT2 track.,,,1,Coastal Flood,1,0,0,0.7118791828048502,0.9999299483434316,1.0,0.8479383708655622,0.0,0.0,0.0,,,,,,,,,0.0,1,0,0.0,0.0,0.0,0.0,Reported flooding only,Insufficient record
ALRF-2009-021,2009,2009-11-10 05:00:00+00:00,2009-11-13 06:00:00+00:00,2009-11-09 17:00:00+00:00,2009-11-13 18:00:00+00:00,47.18363571166992,0.8657801693518511,31401030302,2009-11-10 06:00:00+00:00,0,90.44503784179688,1.0898905974262951,31401040303,2009-11-10 05:00:00+00:00,13,129.25511169433594,1.2897229685399791,31401040401,2009-11-10 07:00:00+00:00,59,151.04759216308594,1.4556875840403043,31501070105,2009-11-11 03:00:00+00:00,326,154.04698181152344,1.1600651835405669,31501070105,2009-11-11 06:00:00+00:00,47,1.4556875840403043,2009-11-11 03:00:00+00:00,24,346,5,283,248,AL-RF-20091111-0248,10.0,0.6986635646954515,346,10–25-year,Tropical cyclone,Tropical cyclone or remnant,Ida,High,HURDAT2 track within 26 km of rainfall footprint; track status=EX; 34 matching tropical NOAA Storm Events records.,Ida,25.815956178109857,42,Flash Flood; Flood; High Surf; Storm Surge/Tide; Tropical Depression,7,1,34,0.3123759540683429,0.5987850355412714,0.8557244100573237,0.9805293838725953,11.0,11.0,0.0,6.372529887887806,7.2727272727272725,6.372529887887806,60300.0,100.40983606557377,-3.0,-27.0,21.0,1.0,7,1,15000.0,0.0,0.0,0.0,Measured annual-peak response,5–10-year
ALRF-2009-022,2009,2009-12-09 04:00:00+00:00,2009-12-09 17:00:00+00:00,2009-12-08 16:00:00+00:00,2009-12-10 05:00:00+00:00,40.88126373291016,0.9836406466343656,60300021004,2009-12-09 05:00:00+00:00,0,72.43543243408203,1.346975803977815,31501050701,2009-12-09 08:00:00+00:00,22,92.20558166503906,1.3843928620020571,31501050701,2009-12-09 08:00:00+00:00,64,113.19786834716795,1.101580003643622,31501050701,2009-12-09 08:00:00+00:00,13,110.06708526611328,0.8390613971236133,60300040403,2009-12-09 06:00:00+00:00,0,1.3843928620020571,2009-12-09 08:00:00+00:00,6,64,5,48,249,AL-RF-20091209-0249,5.0,0.6560526254210101,64,5–10-year,Convective,Organized or localized severe convection,,Medium,50 convective/heavy-rain NOAA Storm Events records; Rx3h/Rx24h=0.64.,,,54,Flash Flood; Flood; Heavy Rain; Strong Wind; Thunderstorm Wind,18,50,0,0.36114870650683,0.6399010289834159,0.8145522792200698,1.0284443171497208,13.0,13.0,1.0,54.12898461488923,20.5,54.12898461488923,21600.0,659.3406593406594,-8.0,-32.0,16.0,4.0,18,14,1700000.0,0.0,0.0,0.0,Measured major-flood response,50–100-year
ALRF-2009-023,2009,2009-12-13 03:00:00+00:00,2009-12-17 22:00:00+00:00,2009-12-12 15:00:00+00:00,2009-12-18 10:00:00+00:00,54.0713119506836,0.9356634058547,31401060201,2009-12-15 00:00:00+00:00,0,144.2056427001953,1.80139749427343,31401060301,2009-12-15 02:00:00+00:00,25,194.39871215820312,2.003532406886457,31401060301,2009-12-15 02:00:00+00:00,38,215.3519592285156,1.575585640033127,31401060301,2009-12-15 18:00:00+00:00,62,305.7995910644531,1.791591470204798,31401060301,2009-12-15 07:00:00+00:00,315,2.003532406886457,2009-12-15 02:00:00+00:00,6,315,2,314,250,AL-RF-20091215-0250,25.0,0.8412911403531887,315,25–50-year,Convective,Organized or localized severe convection,,Medium,29 convective/heavy-rain NOAA Storm Events records; Rx3h/Rx24h=0.67.,,,36,Flash Flood; Flood; Thunderstorm Wind; Tornado,32,29,0,0.2510834456505088,0.6696277257787793,0.9027023151060424,0.7042257920584534,16.0,16.0,8.0,66.1391068151714,28.0,66.1391068151714,82400.0,115.38461538461539,-2.0,-2.0,143.5,3.0,32,25,2332000.0,0.0,0.0,0.0,Measured major-flood response,50–100-year
ALRF-2010-001,2010,2010-01-21 07:00:00+00:00,2010-01-22 00:00:00+00:00,2010-01-20 19:00:00+00:00,2010-01-22 12:00:00+00:00,47.5157470703125,0.7775855250810573,31602050103,2010-01-21 03:00:00+00:00,0,84.73973083496094,1.2471867259571048,31300040801,2010-01-21 13:00:00+00:00,5,105.79788208007812,1.3066439075249332,31300040801,2010-01-21 16:00:00+00:00,17,175.89479064941406,1.2091469757436693,31401060501,2010-01-21 13:00:00+00:00,25,175.89479064941406,0.9617992841785836,31401060501,2010-01-21 13:00:00+00:00,0,1.3066439075249332,2010-01-21 16:00:00+00:00,6,29,6,18,251,AL-RF-20100121-0251,5.0,0.5766730532669162,29,5–10-year,Convective candidate,Thunderstorm-associated rainfall,,Low,13 convective/heavy-rain NOAA Storm Events records; rainfall duration signature was not decisive.,,,15,Debris Flow; Flash Flood; Flood; Thunderstorm Wind; Tornado,10,13,0,0.2701373184213217,0.4817637322975672,0.6014838852786147,1.0,0.0,0.0,0.0,,,,,,,,,0.0,10,9,0.0,0.0,0.0,0.0,Reported flooding only,Insufficient record
ALRF-2010-002,2010,2010-01-24 15:00:00+00:00,2010-01-24 22:00:00+00:00,2010-01-24 03:00:00+00:00,2010-01-25 10:00:00+00:00,55.55118179321289,1.2787810174353842,31502020702,2010-01-24 15:00:00+00:00,5,73.90955352783203,1.241332781184981,31502020703,2010-01-24 17:00:00+00:00,13,83.90190887451172,1.1668264407130178,31502020703,2010-01-24 18:00:00+00:00,17,87.52191925048828,0.8408336420721917,31501080404,2010-01-25 01:00:00+00:00,0,113.0840835571289,0.8039114521644102,31300040801,2010-01-24 03:00:00+00:00,0,1.2787810174353842,2010-01-24 15:00:00+00:00,1,23,7,13,252,AL-RF-20100124-0252,5.0,0.6436678484064114,23,5–10-year,Convective,Organized or localized severe convection,,Medium,17 convective/heavy-rain NOAA Storm Events records; Rx3h/Rx24h=0.84.,,,17,Flash Flood; Hail; Thunderstorm Wind,5,17,0,0.6347116501664578,0.8444690674150144,0.9586388140596408,0.7739543576552319,1.0,1.0,0.0,2.9254700017082427,3.0666666666666664,2.9254700017082427,13300.0,50.57034220532319,-15.0,-15.0,-15.0,0.0,5,5,40000.0,0.0,0.0,0.0,Measured annual-peak response,2–5-year
ALRF-2010-003,2010,2010-02-05 11:00:00+00:00,2010-02-05 15:00:00+00:00,2010-02-04 23:00:00+00:00,2010-02-06 03:00:00+00:00,32.19501876831055,0.5491564489749936,31602040105,2010-02-05 04:00:00+00:00,0,44.371559143066406,0.7460476481811154,31601110102,2010-02-05 06:00:00+00:00,0,60.09740829467773,0.8311173709621154,31601110102,2010-02-05 08:00:00+00:00,0,113.59374237060548,1.093918704879876,31601110102,2010-02-05 15:00:00+00:00,4,115.58766174316406,0.8747293703814367,31601110102,2010-02-06 03:00:00+00:00,0,1.093918704879876,2010-02-05 15:00:00+00:00,24,4,1,4,253,AL-RF-20100205-0253,2.0,0.5062805200240263,4,2–5-year,Convective candidate,Thunderstorm-associated rainfall,,Low,1 convective/heavy-rain NOAA Storm Events records; rainfall duration signature was not decisive.,,,5,Flash Flood; Flood; High Wind,4,1,0,0.2834224676150965,0.3906162277698528,0.5290556243723957,0.9827497213587632,0.0,0.0,0.0,,,,,,,,,0.0,4,1,18000.0,0.0,0.0,0.0,Reported flooding only,Insufficient record
ALRF-2010-004,2010,2010-03-10 18:00:00+00:00,2010-03-13 08:00:00+00:00,2010-03-10 06:00:00+00:00,2010-03-13 20:00:00+00:00,32.659324645996094,0.8083423960408895,31501050801,2010-03-12 17:00:00+00:00,0,64.67154693603516,0.9797549513050274,31403020402,2010-03-11 07:00:00+00:00,0,72.71505737304688,1.0085991177284408,31501070303,2010-03-10 14:00:00+00:00,2,133.5560302734375,1.3040528549793342,31501060802,2010-03-11 05:00:00+00:00,119,158.34701538085938,1.167742257858991,31502020407,2010-03-12 15:00:00+00:00,62,1.3040528549793342,2010-03-11 05:00:00+00:00,24,124,3,120,254,AL-RF-20100311-0254,5.0,0.6171714782503357,124,5–10-year,Frontal/extratropical candidate,Prolonged or widespread non-tropical rainfall,,Medium–low,No nearby HURDAT2 system; 6 flood/heavy-rain NOAA records; affected HUCs=124; Rx24h/Rx72h=0.84.,,,63,Flash Flood; Flood; Hail; Lightning; Thunderstorm Wind; Tornado,6,60,0,0.2445365033621517,0.4842278315971889,0.5444535692186482,0.8434388861211302,6.0,6.0,1.0,19.0,19.0,3.915650434330454,40700.0,70.4225352112676,-5.0,-5.0,19.0,2.0,6,3,1075000.0,0.0,0.0,0.0,Measured major-flood response,10–25-year
ALRF-2010-005,2010,2010-04-25 00:00:00+00:00,2010-04-27 01:00:00+00:00,2010-04-24 12:00:00+00:00,2010-04-27 13:00:00+00:00,42.17879486083984,1.0855969001618249,31501050703,2010-04-25 05:00:00+00:00,3,61.45572662353516,1.127451247065614,31501050702,2010-04-25 06:00:00+00:00,6,77.0154037475586,1.0635189164316328,31601090106,2010-04-25 04:00:00+00:00,5,129.13658142089844,1.2401038968891969,31601090105,2010-04-25 04:00:00+00:00,25,145.26837158203125,1.094939628316591,31601090105,2010-04-25 05:00:00+00:00,12,1.2401038968891969,2010-04-25 04:00:00+00:00,24,27,4,21,255,AL-RF-20100425-0255,5.0,0.5994310284383666,27,5–10-year,Convective candidate,Thunderstorm-associated rainfall,,Low,64 convective/heavy-rain NOAA Storm Events records; rainfall duration signature was not decisive.,,,64,Flash Flood; Hail; Lightning; Thunderstorm Wind; Tornado,6,64,0,0.326621584656677,0.4758971156533159,0.5963871964098241,0.8889518070213694,1.0,1.0,0.0,1.4545454545454546,1.4545454545454546,,2350.0,54.90654205607477,-4.0,-4.0,-4.0,1.0,6,6,25000.0,0.0,0.0,0.0,Measured annual-peak response,<2-year
ALRF-2010-006,2010,2010-05-01 21:00:00+00:00,2010-05-01 22:00:00+00:00,2010-05-01 09:00:00+00:00,2010-05-02 10:00:00+00:00,49.84476089477539,1.192710969637158,60300050902,2010-05-01 21:00:00+00:00,3,61.92445373535156,1.0636649283572226,60300050902,2010-05-01 22:00:00+00:00,3,63.48830795288086,0.8996620387373122,60300050902,2010-05-01 22:00:00+00:00,0,76.78862762451172,0.762144690871527,60300050507,2010-05-02 03:00:00+00:00,0,77.51038360595703,0.5949929190169304,60300050902,2010-05-02 10:00:00+00:00,0,1.192710969637158,2010-05-01 21:00:00+00:00,1,5,1,5,256,AL-RF-20100501-0256,2.0,0.5679528930875837,5,2–5-year,Convective,Organized or localized severe convection,,Medium,47 convective/heavy-rain NOAA Storm Events records; Rx3h/Rx24h=0.81.,,,55,Flash Flood; Flood; Funnel Cloud; Hail; Thunderstorm Wind,37,47,0,0.6491164438894651,0.806427405346474,0.8267931061788469,0.9906882671989532,0.0,0.0,0.0,,,,,,,,,0.0,37,32,1156000.0,0.0,0.0,0.0,Reported flooding only,Insufficient record
ALRF-2010-007,2010,2010-05-02 16:00:00+00:00,2010-05-06 04:00:00+00:00,2010-05-02 04:00:00+00:00,2010-05-06 16:00:00+00:00,54.454471588134766,1.2934841722550583,31601090105,2010-05-03 04:00:00+00:00,11,99.05078125,1.658471394086767,31501070704,2010-05-03 08:00:00+00:00,102,130.51596069335938,1.791928060820272,31501070704,2010-05-03 11:00:00+00:00,260,202.26258850097656,1.9870621013131744,60300051203,2010-05-02 19:00:00+00:00,109,216.9587860107422,1.6593164727060432,60300051203,2010-05-02 23:00:00+00:00,19,1.9870621013131744,2010-05-02 19:00:00+00:00,24,272,20,110,257,AL-RF-20100502-0257,50.0,0.9144107874955912,272,50–100-year,Frontal/extratropical candidate,Prolonged or widespread non-tropical rainfall,,Medium–low,No nearby HURDAT2 system; 37 flood/heavy-rain NOAA records; affected HUCs=272; Rx24h/Rx72h=0.93.,,,55,Flash Flood; Flood; Funnel Cloud; Hail; Thunderstorm Wind,37,47,0,0.2692266127498504,0.4897138021622904,0.6452797902995749,0.9322627224276688,10.0,10.0,2.0,21.27087641655213,19.0,21.27087641655213,53600.0,1081.6326530612246,-19.0,-19.0,29.0,2.0,37,32,1156000.0,0.0,0.0,0.0,Measured major-flood response,10–25-year
ALRF-2010-008,2010,2010-07-26 21:00:00+00:00,2010-07-27 08:00:00+00:00,2010-07-26 09:00:00+00:00,2010-07-27 20:00:00+00:00,62.60279083251953,1.6112692620423792,31501050703,2010-07-26 21:00:00+00:00,8,72.1034164428711,1.3670328884653984,31501050703,2010-07-26 23:00:00+00:00,17,75.33686065673828,1.1536948272266072,31501050703,2010-07-27 01:00:00+00:00,8,80.95999908447266,0.7772032431228351,31601120504,2010-07-27 19:00:00+00:00,0,81.48601531982422,0.6170829497691261,31601120504,2010-07-27 19:00:00+00:00,0,1.6112692620423792,2010-07-26 21:00:00+00:00,1,19,3,11,258,AL-RF-20100726-0258,10.0,0.7299170152603301,19,10–25-year,Tropical cyclone,Tropical cyclone or remnant,Bonnie,High,HURDAT2 track within 468 km of rainfall footprint; track status=LO; 0 matching tropical NOAA Storm Events records.,Bonnie,468.3406691799025,28,Flash Flood; Hail; Heat; Heavy Rain; Lightning; Thunderstorm Wind,4,17,0,0.7732558243633446,0.8906054503241692,0.930544238002433,0.9935447053916306,1.0,1.0,0.0,1.4285714285714286,1.4285714285714286,,564.0,26.985645933014357,-21.0,-21.0,-21.0,1.0,4,3,100000.0,0.0,0.0,0.0,Measured annual-peak response,<2-year
ALRF-2010-009,2010,2010-08-14 15:00:00+00:00,2010-08-14 16:00:00+00:00,2010-08-14 03:00:00+00:00,2010-08-15 04:00:00+00:00,45.2025260925293,1.0473793760134185,31501070202,2010-08-14 14:00:00+00:00,1,71.3505859375,1.1903034969187825,31501070201,2010-08-14 15:00:00+00:00,8,91.14387512207033,1.2561263381432155,31501070201,2010-08-14 17:00:00+00:00,3,107.4590301513672,1.0245362573150925,31501070201,2010-08-15 00:00:00+00:00,2,108.86100769042967,0.810169040121894,31501070202,2010-08-15 02:00:00+00:00,0,1.2561263381432155,2010-08-14 17:00:00+00:00,6,9,6,4,259,AL-RF-20100814-0259,5.0,0.5696014869390174,9,5–10-year,Tropical cyclone,Tropical cyclone or remnant,Five,High,HURDAT2 track within 27 km of rainfall footprint; track status=LO; 0 matching tropical NOAA Storm Events records.,Five,27.085120185373377,60,Excessive Heat; Flash Flood; Heat; Heavy Rain; Lightning; Thunderstorm Wind,3,30,0,0.4206489303770642,0.6639794332500052,0.8481732525752811,0.9871213984804428,0.0,0.0,0.0,,,,,,,,,0.0,3,1,20000.0,0.0,0.0,0.0,Reported flooding only,Insufficient record
ALRF-2010-010,2010,2010-08-17 12:00:00+00:00,2010-08-20 11:00:00+00:00,2010-08-17 00:00:00+00:00,2010-08-20 23:00:00+00:00,57.65874862670898,1.408845572918629,60300010605,2010-08-17 12:00:00+00:00,9,139.86349487304688,2.464267170004426,60300010602,2010-08-17 14:00:00+00:00,14,172.5972442626953,2.5037786650265224,60300010602,2010-08-17 16:00:00+00:00,14,172.81285095214844,1.7093047957090322,60300010602,2010-08-17 16:00:00+00:00,8,180.8516998291016,1.3922319326659809,60300010602,2010-08-17 16:00:00+00:00,3,2.5037786650265224,2010-08-17 16:00:00+00:00,6,16,3,14,260,AL-RF-20100817-0260,500.0,1.2536662183062015,16,500–1000-year,Tropical cyclone,Tropical cyclone or remnant,Five,High,HURDAT2 track within 154 km of rainfall footprint; track status=LO; 0 matching tropical NOAA Storm Events records.,Five,153.54938903794073,26,Flash Flood; Heat; Heavy Rain; Lightning; Thunderstorm Wind,6,11,0,0.3336485007279614,0.809335035574263,0.9987523688877002,0.955550050762312,0.0,0.0,0.0,,,,,,,,,0.0,6,3,308000.0,0.0,0.0,0.0,Reported flooding only,Insufficient record
ALRF-2010-011,2010,2010-10-25 07:00:00+00:00,2010-10-25 12:00:00+00:00,2010-10-24 19:00:00+00:00,2010-10-26 00:00:00+00:00,38.987579345703125,1.0133164339201763,60300010302,2010-10-25 09:00:00+00:00,1,79.09842681884766,1.3601563629947464,60300020903,2010-10-25 09:00:00+00:00,27,88.7138900756836,1.3682543475981568,60300010302,2010-10-25 11:00:00+00:00,29,98.25763702392578,0.971809162082655,60300020503,2010-10-25 18:00:00+00:00,0,98.25763702392578,0.764544258582829,60300020503,2010-10-25 18:00:00+00:00,0,1.3682543475981568,2010-10-25 11:00:00+00:00,6,33,2,27,261,AL-RF-20101025-0261,5.0,0.6608558161108278,33,5–10-year,Convective,Organized or localized severe convection,,Medium,114 convective/heavy-rain NOAA Storm Events records; Rx3h/Rx24h=0.81.,Richard,1668.9592853560086,147,Drought; Hail; Lightning; Strong Wind; Thunderstorm Wind; Tornado,0,114,0,0.3967893033720079,0.8050104726168731,0.9028701764330208,1.0,0.0,0.0,0.0,,,,,,,,,0.0,0,0,0.0,0.0,0.0,0.0,Rainfall hazard without matched flood evidence,Insufficient record
ALRF-2010-012,2010,2010-10-27 03:00:00+00:00,2010-10-28 13:00:00+00:00,2010-10-26 15:00:00+00:00,2010-10-29 01:00:00+00:00,40.79915237426758,0.9829581315326824,31501060107,2010-10-27 03:00:00+00:00,0,72.72758483886719,1.245795472330995,31501090102,2010-10-27 16:00:00+00:00,12,91.1611557006836,1.267113078037437,31501090102,2010-10-27 19:00:00+00:00,7,132.63714599609375,1.2482567469123445,31501090102,2010-10-28 07:00:00+00:00,3,152.03787231445312,1.129137584037361,31501090102,2010-10-28 04:00:00+00:00,4,1.267113078037437,2010-10-27 19:00:00+00:00,6,12,3,8,262,AL-RF-20101027-0262,5.0,0.6007573610727307,12,5–10-year,Convective candidate,Thunderstorm-associated rainfall,,Low,27 convective/heavy-rain NOAA Storm Events records; rainfall duration signature was not decisive.,Richard,1442.1049285868746,60,Drought; Hail; Lightning; Strong Wind; Thunderstorm Wind; Tornado,0,27,0,0.3075997456660379,0.5483198865045623,0.6872973254669423,0.8723954365907349,0.0,0.0,0.0,,,,,,,,,0.0,0,0,0.0,0.0,0.0,0.0,Rainfall hazard without matched flood evidence,Insufficient record
ALRF-2010-013,2010,2010-11-15 17:00:00+00:00,2010-11-16 04:00:00+00:00,2010-11-15 05:00:00+00:00,2010-11-16 16:00:00+00:00,53.07170486450195,0.8926765599464973,31401060202,2010-11-15 18:00:00+00:00,0,79.08748626708984,0.9271673483855588,31401060202,2010-11-15 20:00:00+00:00,0,78.80342864990234,1.0803770368962753,31502010603,2010-11-15 17:00:00+00:00,6,111.5382843017578,1.041465510784232,31502010601,2010-11-15 20:00:00+00:00,3,116.20775604248048,0.8513357986489096,31502010601,2010-11-16 13:00:00+00:00,0,1.0803770368962753,2010-11-15 17:00:00+00:00,6,9,2,8,263,AL-RF-20101115-0263,2.0,0.4957417285233813,9,2–5-year,Convective,Organized or localized severe convection,,Medium,3 convective/heavy-rain NOAA Storm Events records; Rx3h/Rx24h=0.71.,,,20,Drought; Strong Wind; Thunderstorm Wind,0,3,0,0.4758160410726845,0.7090613484167019,0.7065146209054645,0.9598178994264746,0.0,0.0,0.0,,,,,,,,,0.0,0,0,0.0,0.0,0.0,0.0,Rainfall hazard without matched flood evidence,Insufficient record
ALRF-2010-014,2010,2010-11-30 09:00:00+00:00,2010-12-03 07:00:00+00:00,2010-11-29 21:00:00+00:00,2010-12-03 19:00:00+00:00,45.58201599121094,1.1103935278554655,60300021008,2010-11-30 09:00:00+00:00,5,92.83653259277344,1.5963933241506856,60300020903,2010-11-30 13:00:00+00:00,60,119.96349334716795,1.6795511837789958,60300020903,2010-11-30 13:00:00+00:00,99,137.820068359375,1.3616573319593688,60300020903,2010-11-30 22:00:00+00:00,83,141.71678161621094,1.1019566895612278,60300020903,2010-12-01 00:00:00+00:00,20,1.6795511837789958,2010-11-30 13:00:00+00:00,6,108,3,92,264,AL-RF-20101130-0264,25.0,0.8321847819275984,108,25–50-year,Convective,Organized or localized severe convection,,Medium,34 convective/heavy-rain NOAA Storm Events records; Rx3h/Rx24h=0.67.,,,84,Drought; Flash Flood; High Wind; Strong Wind; Thunderstorm Wind; Tornado,6,34,0,0.3307356942557364,0.673606780913038,0.8704355960291297,0.972503515727666,5.0,5.0,0.0,3.388134673952876,3.875,3.388134673952876,8980.0,421.24542124542126,-13.0,-13.0,-13.0,1.0,6,6,50000.0,0.0,0.0,0.0,Measured annual-peak response,2–5-year
ALRF-2010-015,2010,2010-12-12 01:00:00+00:00,2010-12-12 07:00:00+00:00,2010-12-11 13:00:00+00:00,2010-12-12 19:00:00+00:00,46.85147857666016,1.0850413658672742,31601100105,2010-12-12 02:00:00+00:00,6,88.98649597167969,1.456610671730377,31601100305,2010-12-12 04:00:00+00:00,22,92.0481414794922,1.268031634906157,60300060303,2010-12-12 01:00:00+00:00,15,105.69190979003906,1.01418477933551,60300060303,2010-12-12 03:00:00+00:00,1,105.69190979003906,0.7858563201968847,60300060303,2010-12-12 03:00:00+00:00,0,1.456610671730377,2010-12-12 04:00:00+00:00,3,24,4,16,265,AL-RF-20101212-0265,10.0,0.7196932762333696,24,10–25-year,Convective,Organized or localized severe convection,,Medium,2 convective/heavy-rain NOAA Storm Events records; Rx3h/Rx24h=0.84.,,,27,Drought; Thunderstorm Wind; Winter Weather,0,2,0,0.4432834894338873,0.8419423600960063,0.8709100030678721,1.0,0.0,0.0,0.0,,,,,,,,,0.0,0,0,0.0,0.0,0.0,0.0,Rainfall hazard without matched flood evidence,Insufficient record
ALRF-2012-001,2012,2012-01-21 17:00:00+00:00,2012-01-21 19:00:00+00:00,2012-01-21 05:00:00+00:00,2012-01-22 07:00:00+00:00,43.18491744995117,1.0109784559935926,31501070303,2012-01-21 16:00:00+00:00,1,75.06868743896484,1.2671426777995,31501070102,2012-01-21 17:00:00+00:00,8,87.57655334472656,1.2144059091232855,31501070102,2012-01-21 18:00:00+00:00,4,91.30142211914062,0.878073108967018,31501070102,2012-01-21 18:00:00+00:00,0,91.41452026367188,0.6839851013420425,31501070102,2012-01-21 18:00:00+00:00,0,1.2671426777995,2012-01-21 17:00:00+00:00,3,8,1,8,266,AL-RF-20120121-0266,5.0,0.5830666490394965,8,5–10-year,Convective,Organized or localized severe convection,,Medium,31 convective/heavy-rain NOAA Storm Events records; Rx3h/Rx24h=0.82.,,,50,Drought; Flash Flood; Hail; Heavy Rain; Thunderstorm Wind; Tornado,5,31,0,0.4729928236342092,0.8222072087881234,0.9592025108923996,0.9987627989054142,1.0,1.0,0.0,1.5,1.5,,1480.0,89.6969696969697,-17.0,-17.0,-17.0,0.0,5,4,230500.0,0.0,0.0,0.0,Measured annual-peak response,<2-year
ALRF-2012-002,2012,2012-01-23 10:00:00+00:00,2012-01-23 15:00:00+00:00,2012-01-22 22:00:00+00:00,2012-01-24 03:00:00+00:00,51.08165740966797,1.0926009891897908,31403010104,2012-01-22 22:00:00+00:00,2,91.84821319580078,1.585723231063732,60300010604,2012-01-23 11:00:00+00:00,45,105.1995086669922,1.49046692190785,60300010604,2012-01-23 13:00:00+00:00,24,105.1995086669922,1.03059108560098,60300010604,2012-01-23 13:00:00+00:00,1,117.72759246826172,0.9019266255478512,60300010604,2012-01-23 13:00:00+00:00,0,1.585723231063732,2012-01-23 11:00:00+00:00,3,47,6,39,267,AL-RF-20120123-0267,10.0,0.7933244682594597,47,10–25-year,Convective,Organized or localized severe convection,,Medium,32 convective/heavy-rain NOAA Storm Events records; Rx3h/Rx24h=0.87.,,,51,Drought; Flash Flood; Hail; Heavy Rain; Thunderstorm Wind; Tornado,8,32,0,0.4855693534783167,0.8730859522029254,1.0,0.8935841331789148,9.0,9.0,1.0,11.003578496768892,15.5,11.003578496768892,12900.0,972.7891156462586,-11.0,-11.0,13.0,2.0,8,6,230500.0,0.0,0.0,0.0,Measured major-flood response,10–25-year
ALRF-2012-003,2012,2012-02-19 00:00:00+00:00,2012-02-19 06:00:00+00:00,2012-02-18 12:00:00+00:00,2012-02-19 18:00:00+00:00,74.90450286865234,1.377600918131274,31402020906,2012-02-19 01:00:00+00:00,19,90.02486419677734,1.1744840768745917,31402020906,2012-02-19 02:00:00+00:00,19,104.92008972167967,1.1434270113530292,31402020906,2012-02-19 05:00:00+00:00,15,112.69495391845705,0.8962723109145943,31402020906,2012-02-19 07:00:00+00:00,0,137.14100646972656,0.9365004512902344,31403040102,2012-02-19 04:00:00+00:00,0,1.377600918131274,2012-02-19 01:00:00+00:00,1,27,5,15,268,AL-RF-20120219-0268,5.0,0.6556118799308823,27,5–10-year,Convective,Organized or localized severe convection,,Medium,11 convective/heavy-rain NOAA Storm Events records; Rx3h/Rx24h=0.80.,,,28,Drought; Hail; Heavy Rain; Lightning; Thunderstorm Wind,1,11,0,0.6646659878209914,0.798836692030744,0.931009651040782,0.8217451280214578,0.0,0.0,0.0,,,,,,,,,0.0,1,0,0.0,0.0,0.0,0.0,Reported flooding only,Insufficient record
ALRF-2012-004,2012,2012-03-03 07:00:00+00:00,2012-03-04 03:00:00+00:00,2012-03-02 19:00:00+00:00,2012-03-04 15:00:00+00:00,38.95392608642578,0.9164184004806236,31501070601,2012-03-03 07:00:00+00:00,0,70.99592590332031,1.1965539131850271,31501070601,2012-03-03 07:00:00+00:00,5,94.80709075927734,1.3125894934962306,31501070601,2012-03-03 11:00:00+00:00,30,119.83544158935548,1.1397801083377517,31602010402,2012-03-03 23:00:00+00:00,11,132.51316833496094,0.986142826797538,31501070601,2012-03-03 14:00:00+00:00,0,1.3125894934962306,2012-03-03 11:00:00+00:00,6,31,5,22,269,AL-RF-20120303-0269,5.0,0.598659636297495,31,5–10-year,Convective,Organized or localized severe convection,,Medium,138 convective/heavy-rain NOAA Storm Events records; Rx3h/Rx24h=0.59.,,,156,Drought; Funnel Cloud; Hail; Heavy Rain; Thunderstorm Wind; Tornado,1,138,0,0.3250618145165321,0.5924451477936274,0.7911440013227163,0.9043285516080992,0.0,0.0,0.0,,,,,,,,,0.0,1,0,0.0,0.0,0.0,0.0,Reported flooding only,Insufficient record
ALRF-2012-005,2012,2012-03-23 02:00:00+00:00,2012-03-25 05:00:00+00:00,2012-03-22 14:00:00+00:00,2012-03-25 17:00:00+00:00,60.26776885986328,1.3834647226932049,31502010702,2012-03-23 11:00:00+00:00,11,84.79353332519531,1.4055122791460504,31502010702,2012-03-23 11:00:00+00:00,20,102.32605743408205,1.397146232615926,31502011201,2012-03-23 11:00:00+00:00,12,137.54193115234375,1.305262707858712,31502011201,2012-03-23 19:00:00+00:00,35,139.7734832763672,1.0484971520212485,31502010807,2012-03-23 22:00:00+00:00,3,1.4055122791460504,2012-03-23 11:00:00+00:00,3,49,7,16,270,AL-RF-20120323-0270,10.0,0.6912982133259857,49,10–25-year,Convective,Organized or localized severe convection,,Medium,13 convective/heavy-rain NOAA Storm Events records; Rx3h/Rx24h=0.62.,,,33,Drought; Flash Flood; Hail; Heavy Rain; Lightning; Thunderstorm Wind; Tornado; Wildfire,8,13,0,0.43817742236809,0.61649224069187,0.743962634352894,0.9840345101823704,1.0,1.0,0.0,1.2718308144537822,1.2075471698113207,1.2718308144537822,110000.0,5.972742574795026,85.0,85.0,85.0,0.0,8,5,0.0,0.0,0.0,0.0,Measured annual-peak response,<2-year
ALRF-2012-006,2012,2012-05-02 22:00:00+00:00,2012-05-03 20:00:00+00:00,2012-05-02 10:00:00+00:00,2012-05-04 08:00:00+00:00,52.68788528442383,1.1827260516345592,31501100704,2012-05-03 19:00:00+00:00,1,125.49324035644533,1.4851862417259307,31602040304,2012-05-02 23:00:00+00:00,8,150.1295166015625,1.4555796583448657,31602040304,2012-05-03 01:00:00+00:00,10,180.5600128173828,1.238213432806411,31602040304,2012-05-03 09:00:00+00:00,6,180.56158447265625,0.9860059612097783,31602040304,2012-05-03 20:00:00+00:00,0,1.4851862417259307,2012-05-02 23:00:00+00:00,3,11,3,8,271,AL-RF-20120502-0271,10.0,0.6791436027730581,11,10–25-year,Convective,Organized or localized severe convection,,Medium,6 convective/heavy-rain NOAA Storm Events records; Rx3h/Rx24h=0.70.,,,26,Drought; Flash Flood; Hail; Heat,4,6,0,0.2918026226422126,0.6950223274705255,0.8314660276049187,0.9999912957383597,0.0,0.0,0.0,,,,,,,,,0.0,4,4,0.0,0.0,0.0,0.0,Reported flooding only,Insufficient record
ALRF-2012-007,2012,2012-05-13 01:00:00+00:00,2012-05-13 02:00:00+00:00,2012-05-12 13:00:00+00:00,2012-05-13 14:00:00+00:00,39.024208068847656,0.837259228348158,31602010201,2012-05-13 00:00:00+00:00,0,60.962188720703125,0.9677636882012004,31601060608,2012-05-12 23:00:00+00:00,0,82.63615417480469,1.090576794132939,31601060608,2012-05-13 02:00:00+00:00,7,85.75310516357422,0.8156467330643633,31601060608,2012-05-13 05:00:00+00:00,0,85.75310516357422,0.6544281380552068,31601060608,2012-05-13 05:00:00+00:00,0,1.090576794132939,2012-05-13 02:00:00+00:00,6,7,2,4,272,AL-RF-20120513-0272,2.0,0.5317233664765155,7,2–5-year,Convective,Organized or localized severe convection,,Medium,2 convective/heavy-rain NOAA Storm Events records; Rx3h/Rx24h=0.71.,,,23,Drought; Funnel Cloud; Thunderstorm Wind; Tornado,0,2,0,0.455076326325547,0.7109035714149082,0.9636520335581558,1.0,0.0,0.0,0.0,,,,,,,,,0.0,0,0,0.0,0.0,0.0,0.0,Rainfall hazard without matched flood evidence,Insufficient record
ALRF-2012-008,2012,2012-06-09 14:00:00+00:00,2012-06-13 17:00:00+00:00,2012-06-09 02:00:00+00:00,2012-06-14 05:00:00+00:00,67.08089447021484,1.2347225165583824,31402030104,2012-06-09 22:00:00+00:00,4,144.431884765625,1.6242895405960005,31401070103,2012-06-09 16:00:00+00:00,33,211.4207000732422,1.949032734579391,31401070103,2012-06-09 17:00:00+00:00,57,286.3855285644531,1.9204914276550475,31700090102,2012-06-09 20:00:00+00:00,76,357.979736328125,1.9485801930968336,31602050103,2012-06-10 23:00:00+00:00,149,1.949032734579391,2012-06-09 17:00:00+00:00,6,155,7,88,273,AL-RF-20120609-0273,25.0,0.846205173398624,155,25–50-year,Frontal/extratropical candidate,Prolonged or widespread non-tropical rainfall,,Medium–low,No nearby HURDAT2 system; 9 flood/heavy-rain NOAA records; affected HUCs=155; Rx24h/Rx72h=0.80.,,,119,Drought; Flash Flood; Funnel Cloud; Hail; Heavy Rain; Lightning; Thunderstorm Wind; Tornado,9,100,0,0.2342328357388275,0.5043267566263201,0.7382380706630588,0.8000048592190467,3.0,3.0,1.0,15.172168070329521,16.0,15.172168070329521,5470.0,331.5151515151515,7.0,-17.0,31.0,0.0,9,6,5000.0,0.0,0.0,0.0,Measured major-flood response,10–25-year
ALRF-2012-009,2012,2012-07-12 15:00:00+00:00,2012-07-13 22:00:00+00:00,2012-07-12 03:00:00+00:00,2012-07-14 10:00:00+00:00,40.614402770996094,0.9805412756498104,31501080403,2012-07-12 23:00:00+00:00,0,46.80984115600586,0.8585077442933176,31501050301,2012-07-13 00:00:00+00:00,0,54.29946517944336,0.7768021641858673,60300021204,2012-07-12 17:00:00+00:00,0,86.14247131347656,0.7903062740446216,31601100104,2012-07-12 18:00:00+00:00,0,144.272216796875,1.1086801164962743,60300020604,2012-07-13 05:00:00+00:00,8,1.1086801164962743,2012-07-13 05:00:00+00:00,72,8,2,6,274,AL-RF-20120713-0274,2.0,0.5604621277966008,8,2–5-year,Convective candidate,Thunderstorm-associated rainfall,,Low,8 convective/heavy-rain NOAA Storm Events records; rainfall duration signature was not decisive.,,,37,Drought; Lightning; Thunderstorm Wind,0,8,0,0.47147942416463,0.5434002582264283,0.6303448734578907,0.5970828841894003,0.0,0.0,0.0,,,,,,,,,0.0,0,0,0.0,0.0,0.0,0.0,Rainfall hazard without matched flood evidence,Insufficient record
ALRF-2012-010,2012,2012-07-21 10:00:00+00:00,2012-07-21 13:00:00+00:00,2012-07-20 22:00:00+00:00,2012-07-22 01:00:00+00:00,48.786529541015625,1.1454455234473355,31601050301,2012-07-21 09:00:00+00:00,3,67.34043884277344,1.1084685605512756,31601060301,2012-07-21 10:00:00+00:00,4,76.20560455322266,1.0334493795176227,31601060304,2012-07-21 13:00:00+00:00,3,79.5690689086914,0.7743228428077445,31501050701,2012-07-21 08:00:00+00:00,0,132.3414306640625,0.9953917543208624,31601060304,2012-07-21 13:00:00+00:00,0,1.1454455234473355,2012-07-21 09:00:00+00:00,1,5,3,3,275,AL-RF-20120721-0275,2.0,0.5324964633533389,5,2–5-year,Convective candidate,Thunderstorm-associated rainfall,,Low,1 convective/heavy-rain NOAA Storm Events records; rainfall duration signature was not decisive.,,,27,Drought; Hail,0,1,0,0.6131343524579892,0.8463142747095508,0.9577289969381386,0.601240809544146,0.0,0.0,0.0,,,,,,,,,0.0,0,0,0.0,0.0,0.0,0.0,Rainfall hazard without matched flood evidence,Insufficient record
ALRF-2012-011,2012,2012-07-31 07:00:00+00:00,2012-08-03 08:00:00+00:00,2012-07-30 19:00:00+00:00,2012-08-03 20:00:00+00:00,104.53805541992188,2.410071538478696,31502020201,2012-07-31 08:00:00+00:00,60,153.48118591308594,2.552790882674715,31502020201,2012-07-31 09:00:00+00:00,97,201.79425048828125,2.7771404044628474,31502020201,2012-07-31 12:00:00+00:00,126,244.3446350097656,2.337572665803008,31501070204,2012-07-31 16:00:00+00:00,75,244.379150390625,1.8268895266708531,31501070204,2012-08-02 21:00:00+00:00,46,2.7771404044628474,2012-07-31 12:00:00+00:00,6,140,3,133,276,AL-RF-20120731-0276,200.0,1.2497498775492804,140,200–500-year,Convective,Organized or localized severe convection,,Medium,72 convective/heavy-rain NOAA Storm Events records; Rx3h/Rx24h=0.63.,Ernesto,2192.8122829216413,140,Drought; Flash Flood; Flood; Hail; Heat; Heavy Rain; Lightning; Thunderstorm Wind,17,72,0,0.4278303692476974,0.6281340529819769,0.8258591414549218,0.99985876298856,7.0,7.0,0.0,2.798129804807059,2.8,2.798129804807059,7720.0,153.55648535564853,-12.0,-12.0,-12.0,2.0,17,13,20000.0,0.0,0.0,0.0,Measured annual-peak response,2–5-year
ALRF-2012-012,2012,2012-08-07 09:00:00+00:00,2012-08-10 10:00:00+00:00,2012-08-06 21:00:00+00:00,2012-08-10 22:00:00+00:00,46.11704254150391,1.1390505631546937,60300010501,2012-08-09 18:00:00+00:00,9,129.79685974121094,1.6873943991169582,31402011105,2012-08-07 13:00:00+00:00,33,174.26968383789062,1.9299680915154749,31402030103,2012-08-07 14:00:00+00:00,44,228.98269653320312,1.912096208901644,31402010803,2012-08-07 15:00:00+00:00,40,242.7022705078125,1.64009691973337,31402010803,2012-08-08 21:00:00+00:00,37,1.9299680915154749,2012-08-07 14:00:00+00:00,6,60,6,46,277,AL-RF-20120807-0277,25.0,0.7821646587729669,60,25–50-year,Convective,Organized or localized severe convection,,Medium,20 convective/heavy-rain NOAA Storm Events records; Rx3h/Rx24h=0.57.,Ernesto,1334.1023914286063,43,Drought; Flash Flood; Hail; Heavy Rain; Lightning; Thunderstorm Wind,10,20,0,0.2013996832062671,0.5668413452471944,0.7610604926762273,0.9434715878598764,2.0,2.0,0.0,1.7876455265588567,1.6875,1.7876455265588567,13100.0,10.234375,-2.0,-14.0,10.0,0.0,10,7,50000.0,0.0,0.0,0.0,Measured annual-peak response,<2-year
ALRF-2012-013,2012,2012-08-29 13:00:00+00:00,2012-09-02 08:00:00+00:00,2012-08-29 01:00:00+00:00,2012-09-02 20:00:00+00:00,56.55744171142578,0.959917363012867,31700030402,2012-08-30 05:00:00+00:00,0,83.78459167480469,1.1728828214433815,31700020605,2012-08-30 15:00:00+00:00,7,133.60836791992188,1.5503611417134784,31700020605,2012-08-30 15:00:00+00:00,17,257.90057373046875,2.076511763977836,31700020607,2012-08-30 15:00:00+00:00,42,469.4361267089844,2.5821873751555136,31700080405,2012-08-31 18:00:00+00:00,53,2.5821873751555136,2012-08-31 18:00:00+00:00,72,53,1,53,278,AL-RF-20120831-0278,100.0,1.0455088939316088,53,100–200-year,Tropical cyclone,Hurricane,Isaac,High,HURDAT2 track within 187 km of rainfall footprint; track status=HU; 2 matching tropical NOAA Storm Events records.,Isaac,187.48309526139928,79,Drought; Flash Flood; Heavy Rain; Lightning; Thunderstorm Wind; Tornado; Tropical Storm,9,41,2,0.2192994024531865,0.3248716761769121,0.5180615381629807,0.549383737332913,4.0,4.0,1.0,10.63675920287769,7.833333333333334,10.63675920287769,29500.0,65.43837357052097,-18.0,-42.0,34.75,0.0,9,5,5000.0,0.0,0.0,0.0,Measured major-flood response,10–25-year
ALRF-2012-014,2012,2012-09-03 02:00:00+00:00,2012-09-03 06:00:00+00:00,2012-09-02 14:00:00+00:00,2012-09-03 18:00:00+00:00,42.31855010986328,0.9367581378367468,31502030501,2012-09-03 16:00:00+00:00,0,70.2573013305664,1.165799222142442,60300060101,2012-09-03 01:00:00+00:00,8,89.24964904785156,1.1987336229696075,31601010601,2012-09-03 03:00:00+00:00,17,105.40682983398438,1.019587984015422,31601110106,2012-09-03 15:00:00+00:00,2,118.6297378540039,0.9053934443739906,31601110402,2012-09-03 15:00:00+00:00,0,1.1987336229696075,2012-09-03 03:00:00+00:00,6,17,7,8,279,AL-RF-20120903-0279,5.0,0.604165722526389,17,5–10-year,Convective,Organized or localized severe convection,,Medium,52 convective/heavy-rain NOAA Storm Events records; Rx3h/Rx24h=0.67.,Isaac,629.6140756927965,68,Drought; Flash Flood; Hail; Heavy Rain; Lightning; Thunderstorm Wind,19,52,0,0.401478255028777,0.6665346205859863,0.8467159973259764,0.888536312570354,0.0,0.0,0.0,,,,,,,,,0.0,19,16,5000.0,0.0,0.0,0.0,Reported flooding only,Insufficient record
ALRF-2012-015,2012,2012-09-04 00:00:00+00:00,2012-09-07 12:00:00+00:00,2012-09-03 12:00:00+00:00,2012-09-08 00:00:00+00:00,75.0271987915039,1.6898587397470215,31602010404,2012-09-04 22:00:00+00:00,35,140.83543395996094,2.27702080865513,31502030206,2012-09-04 14:00:00+00:00,85,185.69696044921875,2.4879888905757817,31502030206,2012-09-04 17:00:00+00:00,118,263.52447509765625,2.459542988510073,31502030206,2012-09-04 23:00:00+00:00,182,276.0992736816406,2.035809743852344,31502030206,2012-09-05 00:00:00+00:00,131,2.4879888905757817,2012-09-04 17:00:00+00:00,6,205,11,175,280,AL-RF-20120904-0280,100.0,1.1054653938792718,205,100–200-year,Frontal/extratropical candidate,Prolonged or widespread non-tropical rainfall,,Medium–low,No nearby HURDAT2 system; 19 flood/heavy-rain NOAA records; affected HUCs=205; Rx24h/Rx72h=0.95.,Leslie,2131.6931315584475,69,Drought; Flash Flood; Hail; Heavy Rain; Lightning; Thunderstorm Wind,19,53,0,0.284706757365518,0.5344301849297698,0.7046668450071046,0.954455517335102,5.0,5.0,0.0,2.491967593474887,2.176470588235294,2.491967593474887,11800.0,384.0579710144928,-17.0,-17.0,7.0,2.0,19,16,5000.0,0.0,0.0,0.0,Measured annual-peak response,2–5-year
ALRF-2012-016,2012,2012-09-17 21:00:00+00:00,2012-09-20 13:00:00+00:00,2012-09-17 09:00:00+00:00,2012-09-21 01:00:00+00:00,37.81232070922852,0.9078533835328988,60300020107,2012-09-18 01:00:00+00:00,0,80.71582794189453,1.4343273194264663,60300020301,2012-09-18 00:00:00+00:00,10,99.44818115234376,1.4448291390151256,60300020301,2012-09-18 03:00:00+00:00,29,154.58396911621094,1.512019644129813,60300020203,2012-09-18 10:00:00+00:00,49,159.7294921875,1.2352334156807483,60300020203,2012-09-18 20:00:00+00:00,9,1.512019644129813,2012-09-18 10:00:00+00:00,24,64,5,42,281,AL-RF-20120918-0281,10.0,0.7262043390037998,64,10–25-year,Frontal/extratropical candidate,Prolonged or widespread non-tropical rainfall,,Medium–low,No nearby HURDAT2 system; 13 flood/heavy-rain NOAA records; affected HUCs=64; Rx24h/Rx72h=0.97.,Nadine,3543.2343199311185,30,Drought; Flash Flood; Flood; Heavy Rain; Tornado,13,13,0,0.2446069985484879,0.5221487609831983,0.6433279059976912,0.9677860174672755,0.0,0.0,0.0,,,,,,,,,0.0,13,4,75000.0,0.0,0.0,0.0,Reported flooding only,Insufficient record
ALRF-2012-017,2012,2012-10-18 10:00:00+00:00,2012-10-18 13:00:00+00:00,2012-10-17 22:00:00+00:00,2012-10-19 01:00:00+00:00,54.5263900756836,1.1331029124677547,31602010807,2012-10-18 09:00:00+00:00,2,76.55171203613281,1.1510923532859192,31602010806,2012-10-18 10:00:00+00:00,9,76.56278228759766,0.9559718923361156,31602010806,2012-10-18 11:00:00+00:00,0,76.56278228759766,0.6789969803233298,31602010806,2012-10-18 11:00:00+00:00,0,76.56278228759766,0.5385927372910502,31602010806,2012-10-18 11:00:00+00:00,0,1.1510923532859192,2012-10-18 10:00:00+00:00,3,9,2,5,282,AL-RF-20121018-0282,2.0,0.5522148532037079,9,2–5-year,Unclassified,Insufficient external evidence,,Low,No nearby HURDAT2 track and no matching Alabama NOAA Storm Events record within the configured time buffer.,Rafael,2197.3801684771734,14,Drought,0,0,0,0.7121787955780218,0.9998554094935675,1.0,1.0,0.0,0.0,0.0,,,,,,,,,0.0,0,0,0.0,0.0,0.0,0.0,Rainfall hazard without matched flood evidence,Insufficient record
ALRF-2012-018,2012,2012-12-10 15:00:00+00:00,2012-12-10 16:00:00+00:00,2012-12-10 03:00:00+00:00,2012-12-11 04:00:00+00:00,34.00809097290039,0.8681664315954217,31501050604,2012-12-10 13:00:00+00:00,0,67.01058197021484,1.066488129822717,31601060704,2012-12-10 16:00:00+00:00,1,96.90769958496094,1.24604103704478,31601081004,2012-12-10 15:00:00+00:00,9,104.01256561279295,0.9789835153860176,31601081004,2012-12-10 18:00:00+00:00,0,105.5995101928711,0.7925135035638314,31601081004,2012-12-10 18:00:00+00:00,0,1.24604103704478,2012-12-10 15:00:00+00:00,6,9,4,4,283,AL-RF-20121210-0283,5.0,0.6011035636872097,9,5–10-year,Convective,Organized or localized severe convection,,Medium,12 convective/heavy-rain NOAA Storm Events records; Rx3h/Rx24h=0.64.,,,31,Drought; Thunderstorm Wind; Tornado,0,12,0,0.3269613702204225,0.6442546780326022,0.931692233664524,0.9849720460144212,0.0,0.0,0.0,,,,,,,,,0.0,0,0,0.0,0.0,0.0,0.0,Rainfall hazard without matched flood evidence,Insufficient record
ALRF-2012-019,2012,2012-12-26 06:00:00+00:00,2012-12-26 07:00:00+00:00,2012-12-25 18:00:00+00:00,2012-12-26 19:00:00+00:00,38.339988708496094,0.923755870657658,31501090107,2012-12-26 06:00:00+00:00,0,59.94953155517578,1.0486781368569758,31501090104,2012-12-26 06:00:00+00:00,2,78.14273071289062,1.1149451010156437,31501090104,2012-12-26 06:00:00+00:00,6,93.45691680908205,0.8894589540645885,31602010404,2012-12-26 02:00:00+00:00,0,117.02446746826172,0.8941320886152668,31601060605,2012-12-26 06:00:00+00:00,0,1.1149451010156437,2012-12-26 06:00:00+00:00,6,6,1,6,284,AL-RF-20121226-0284,2.0,0.5282684270817596,6,2–5-year,Convective,Organized or localized severe convection,,Medium,40 convective/heavy-rain NOAA Storm Events records; Rx3h/Rx24h=0.64.,,,62,Drought; Funnel Cloud; Hail; High Wind; Thunderstorm Wind; Tornado,0,40,0,0.4102423878033419,0.6414670374547382,0.8361364078864713,0.7986100584856628,0.0,0.0,0.0,,,,,,,,,0.0,0,0,0.0,0.0,0.0,0.0,Rainfall hazard without matched flood evidence,Insufficient record
ALRF-2013-001,2013,2013-01-14 23:00:00+00:00,2013-01-17 01:00:00+00:00,2013-01-14 11:00:00+00:00,2013-01-17 13:00:00+00:00,21.869529724121094,0.4226110613622597,31403030601,2013-01-16 04:00:00+00:00,0,35.06734085083008,0.5885419971949816,31501070705,2013-01-14 12:00:00+00:00,0,58.55388259887695,0.739418900681829,31602010604,2013-01-14 13:00:00+00:00,0,112.25457000732422,1.1126661580938095,60200011102,2013-01-14 23:00:00+00:00,9,178.0880889892578,1.332826304661887,60200011102,2013-01-16 23:00:00+00:00,46,1.332826304661887,2013-01-16 23:00:00+00:00,72,46,6,35,285,AL-RF-20130116-0285,5.0,0.6329491937860677,46,5–10-year,Frontal/extratropical candidate,Prolonged or widespread non-tropical rainfall,,Medium–low,No nearby HURDAT2 system; 14 flood/heavy-rain NOAA records; affected HUCs=46; Rx24h/Rx72h=0.63.,,,72,Drought; Flash Flood; Flood; Heavy Snow; Sleet; Thunderstorm Wind; Winter Weather,14,9,0,0.1948208409037973,0.3123912090932427,0.5216169158641516,0.6303317119321515,3.0,3.0,0.0,4.0,4.0,2.955313833753539,8460.0,113.15192743764172,-47.0,-51.0,1.0,0.0,14,7,0.0,0.0,0.0,0.0,Measured annual-peak response,2–5-year
ALRF-2013-002,2013,2013-01-30 15:00:00+00:00,2013-01-31 11:00:00+00:00,2013-01-30 03:00:00+00:00,2013-01-31 23:00:00+00:00,52.48094177246094,1.340691993364411,31501050106,2013-01-30 17:00:00+00:00,11,89.2160873413086,1.6458592912719314,31501050106,2013-01-30 18:00:00+00:00,38,100.15940856933594,1.5201791618549572,31501050106,2013-01-30 21:00:00+00:00,41,108.04852294921876,1.1287883934687748,31501050106,2013-01-31 05:00:00+00:00,4,108.04852294921876,0.880186314903913,31501050106,2013-01-31 05:00:00+00:00,0,1.6458592912719314,2013-01-30 18:00:00+00:00,3,48,10,31,286,AL-RF-20130130-0286,10.0,0.7262461383069375,48,10–25-year,Convective,Organized or localized severe convection,,Medium,69 convective/heavy-rain NOAA Storm Events records; Rx3h/Rx24h=0.83.,,,120,Drought; Flash Flood; Flood; Hail; High Wind; Strong Wind; Thunderstorm Wind; Tornado,10,69,0,0.4857164201784251,0.8257039051171376,0.9269854490876236,1.0,1.0,1.0,0.0,2.5,2.5,,1620.0,98.18181818181819,-18.0,-18.0,-18.0,0.0,10,9,15000.0,0.0,0.0,0.0,Measured annual-peak response,2–5-year
ALRF-2013-003,2013,2013-02-11 02:00:00+00:00,2013-02-14 12:00:00+00:00,2013-02-10 14:00:00+00:00,2013-02-15 00:00:00+00:00,65.01753997802734,1.4013450723859333,31300031304,2013-02-11 02:00:00+00:00,24,84.7821273803711,1.336202705846246,31300031304,2013-02-11 04:00:00+00:00,66,138.83216857910156,1.6174977389786072,31602030401,2013-02-11 05:00:00+00:00,125,258.049072265625,2.120209577329089,31402030101,2013-02-11 23:00:00+00:00,164,294.84393310546875,1.9456157187288163,31402030101,2013-02-14 01:00:00+00:00,388,2.120209577329089,2013-02-11 23:00:00+00:00,24,397,2,340,287,AL-RF-20130211-0287,25.0,0.786001913135536,397,25–50-year,Frontal/extratropical candidate,Prolonged or widespread non-tropical rainfall,,Medium–low,No nearby HURDAT2 system; 18 flood/heavy-rain NOAA records; affected HUCs=397; Rx24h/Rx72h=0.88.,,,48,Drought; Flash Flood; Flood; Hail; Heavy Rain; Thunderstorm Wind; Tornado,18,24,0,0.2519580458367275,0.3285504056883409,0.5380068502482097,0.8752056369201877,24.0,24.0,1.0,43.58862998438459,35.5,43.58862998438459,173000.0,311.4285714285714,35.5,-47.0,121.0,5.0,18,11,3431000.0,0.0,0.0,0.0,Measured major-flood response,25–50-year
ALRF-2013-004,2013,2013-02-23 06:00:00+00:00,2013-02-26 13:00:00+00:00,2013-02-22 18:00:00+00:00,2013-02-27 01:00:00+00:00,53.30928802490234,0.9804908482156188,31402011106,2013-02-23 02:00:00+00:00,0,77.38823699951172,1.0088513414282283,31402011106,2013-02-23 03:00:00+00:00,1,92.00220489501952,1.0027232819165588,31402011106,2013-02-23 03:00:00+00:00,1,147.32566833496094,1.1879784115453895,31402030105,2013-02-23 13:00:00+00:00,21,195.31358337402344,1.3805514643660963,31300040602,2013-02-25 18:00:00+00:00,55,1.3805514643660963,2013-02-25 18:00:00+00:00,72,55,2,53,288,AL-RF-20130225-0288,5.0,0.5501496118681344,55,5–10-year,Frontal/extratropical candidate,Prolonged or widespread non-tropical rainfall,,Medium–low,No nearby HURDAT2 system; 16 flood/heavy-rain NOAA records; affected HUCs=55; Rx24h/Rx72h=0.75.,,,24,Drought; Flash Flood; Flood; Lightning; Strong Wind,16,16,0,0.3618465717983228,0.5252868551294207,0.6244818430814276,0.7543032378492276,1.0,1.0,0.0,1.8291956255950104,1.8717948717948718,1.8291956255950104,10700.0,9.052453468697124,30.0,30.0,30.0,0.0,16,15,75000.0,0.0,0.0,0.0,Measured annual-peak response,<2-year
ALRF-2013-005,2013,2013-03-23 12:00:00+00:00,2013-03-23 14:00:00+00:00,2013-03-23 00:00:00+00:00,2013-03-24 02:00:00+00:00,35.55177307128906,0.8231020557382928,31501060804,2013-03-23 12:00:00+00:00,0,72.02120971679688,1.1983806809892412,31501060804,2013-03-23 12:00:00+00:00,4,83.82300567626953,1.1525466073797317,31501060804,2013-03-23 13:00:00+00:00,3,89.30619812011719,0.8523780619323779,31501060804,2013-03-23 13:00:00+00:00,0,90.62384796142578,0.6761433026168515,31501060804,2013-03-23 13:00:00+00:00,0,1.1983806809892412,2013-03-23 12:00:00+00:00,3,4,3,2,289,AL-RF-20130323-0289,2.0,0.5682453779677757,4,2–5-year,Convective,Organized or localized severe convection,,Medium,33 convective/heavy-rain NOAA Storm Events records; Rx3h/Rx24h=0.81.,,,36,Hail; Strong Wind; Thunderstorm Wind,0,33,0,0.3980885293478935,0.8064525333384819,0.9386023304175064,0.985460230712456,0.0,0.0,0.0,,,,,,,,,0.0,0,0,0.0,0.0,0.0,0.0,Rainfall hazard without matched flood evidence,Insufficient record
ALRF-2013-006,2013,2013-04-01 01:00:00+00:00,2013-04-01 04:00:00+00:00,2013-03-31 13:00:00+00:00,2013-04-01 16:00:00+00:00,35.72015380859375,0.7682343480317921,31300031307,2013-04-01 01:00:00+00:00,0,83.21846008300781,1.308553726452902,31300031307,2013-04-01 01:00:00+00:00,3,98.1196746826172,1.2839962177645108,31300031307,2013-04-01 03:00:00+00:00,3,98.63680267333984,0.903714400225737,31300031307,2013-04-01 09:00:00+00:00,0,98.63680267333984,0.7130019839705461,31300031307,2013-04-01 09:00:00+00:00,0,1.308553726452902,2013-04-01 01:00:00+00:00,3,3,1,3,290,AL-RF-20130401-0290,5.0,0.6005242100422854,3,5–10-year,Convective,Organized or localized severe convection,,Medium,4 convective/heavy-rain NOAA Storm Events records; Rx3h/Rx24h=0.84.,,,4,Hail; Thunderstorm Wind,0,4,0,0.362138196296669,0.8436857017619105,0.9947572510796476,1.0,0.0,0.0,0.0,,,,,,,,,0.0,0,0,0.0,0.0,0.0,0.0,Rainfall hazard without matched flood evidence,Insufficient record
ALRF-2013-007,2013,2013-04-28 19:00:00+00:00,2013-04-29 10:00:00+00:00,2013-04-28 07:00:00+00:00,2013-04-29 22:00:00+00:00,35.06552505493164,0.9167181108039548,60200011103,2013-04-28 10:00:00+00:00,0,60.58046722412109,1.0730739838146233,60300010704,2013-04-28 12:00:00+00:00,1,66.10902404785156,0.966000834155534,60300010704,2013-04-28 15:00:00+00:00,0,119.28855895996094,1.2062069778731597,31501050304,2013-04-29 00:00:00+00:00,17,123.4563446044922,0.9717542106180602,31501050304,2013-04-29 01:00:00+00:00,0,1.2062069778731597,2013-04-29 00:00:00+00:00,24,17,3,15,291,AL-RF-20130429-0291,2.0,0.5816058821422362,17,2–5-year,Convective candidate,Thunderstorm-associated rainfall,,Low,7 convective/heavy-rain NOAA Storm Events records; rainfall duration signature was not decisive.,,,10,Flood; Hail; Thunderstorm Wind,3,7,0,0.2939554753670998,0.5078480933318581,0.5541941710440226,0.966240814452402,0.0,0.0,0.0,,,,,,,,,0.0,3,0,0.0,0.0,0.0,0.0,Reported flooding only,Insufficient record
ALRF-2013-008,2013,2013-05-02 02:00:00+00:00,2013-05-04 23:00:00+00:00,2013-05-01 14:00:00+00:00,2013-05-05 11:00:00+00:00,53.18691635131836,0.8643381522368282,31700080603,2013-05-02 01:00:00+00:00,0,136.06320190429688,1.5614008559202393,31700080603,2013-05-02 02:00:00+00:00,8,164.2204132080078,1.5510677131141637,31700080603,2013-05-02 04:00:00+00:00,25,194.9786834716797,1.3222722666828668,31700080603,2013-05-02 06:00:00+00:00,21,280.6282653808594,1.525943990610794,31700080603,2013-05-03 23:00:00+00:00,21,1.5614008559202393,2013-05-02 02:00:00+00:00,3,31,2,29,292,AL-RF-20130502-0292,10.0,0.7328499173913079,31,10–25-year,Convective,Organized or localized severe convection,,Medium,3 convective/heavy-rain NOAA Storm Events records; Rx3h/Rx24h=0.70.,,,7,Flash Flood; Flood; Hail; Lightning,5,3,0,0.2727832366302938,0.6978362941098626,0.842248035959585,0.6947934599783137,4.0,4.0,0.0,4.28103904787782,3.5999999999999996,4.28103904787782,11200.0,70.20330368487929,14.25,0.0,24.5,1.0,5,1,0.0,0.0,0.0,0.0,Measured annual-peak response,2–5-year
ALRF-2013-009,2013,2013-05-06 11:00:00+00:00,2013-05-07 13:00:00+00:00,2013-05-05 23:00:00+00:00,2013-05-08 01:00:00+00:00,25.255460739135746,0.621399318469443,31501050805,2013-05-06 11:00:00+00:00,0,46.45303726196289,0.8431356884488043,31501050804,2013-05-06 12:00:00+00:00,0,55.537784576416016,0.8278711307913693,31501050804,2013-05-06 15:00:00+00:00,0,112.1372299194336,1.1207515190737771,60300010803,2013-05-06 21:00:00+00:00,8,177.3450927734375,1.3750491346867786,60300010805,2013-05-06 22:00:00+00:00,88,1.3750491346867786,2013-05-06 22:00:00+00:00,72,88,1,88,293,AL-RF-20130506-0293,5.0,0.6827885487814972,88,5–10-year,Frontal/extratropical candidate,Prolonged or widespread non-tropical rainfall,,Medium–low,No nearby HURDAT2 system; 6 flood/heavy-rain NOAA records; affected HUCs=88; Rx24h/Rx72h=0.63.,,,6,Flood,6,0,0,0.2252192314477613,0.4142516922821944,0.4952662431229828,0.6323108700994142,1.0,1.0,0.0,1.100577815307024,1.1199999999999999,1.100577815307024,197.0,78.17460317460318,-9.333333333333334,-9.333333333333334,-9.333333333333334,1.0,6,0,0.0,0.0,0.0,0.0,Measured annual-peak response,<2-year
ALRF-2013-010,2013,2013-05-18 09:00:00+00:00,2013-05-21 04:00:00+00:00,2013-05-17 21:00:00+00:00,2013-05-21 16:00:00+00:00,39.36935424804688,0.9697071876729336,31501080401,2013-05-19 23:00:00+00:00,0,75.53364562988281,1.278737726864279,31501060509,2013-05-18 10:00:00+00:00,15,101.84768676757812,1.414274683865176,31501060508,2013-05-18 09:00:00+00:00,22,156.51402282714844,1.5115582809613954,31501060508,2013-05-18 16:00:00+00:00,19,161.2975311279297,1.2198875363631567,31501060508,2013-05-20 00:00:00+00:00,5,1.5115582809613954,2013-05-18 16:00:00+00:00,24,35,3,25,294,AL-RF-20130518-0294,10.0,0.7142504669768551,35,10–25-year,Frontal/extratropical candidate,Prolonged or widespread non-tropical rainfall,,Medium–low,No nearby HURDAT2 system; 11 flood/heavy-rain NOAA records; affected HUCs=35; Rx24h/Rx72h=0.97.,,,18,Flash Flood; Flood; Hail; Heavy Rain; Thunderstorm Wind; Tornado,11,17,0,0.2515388304313521,0.4825998608016161,0.6507256342139839,0.970343573969602,2.0,2.0,2.0,13.264427106667553,16.666666666666668,13.264427106667553,54500.0,56.13305613305613,-6.25,-16.0,3.5,1.0,11,8,100000.0,0.0,0.0,0.0,Measured major-flood response,10–25-year
ALRF-2013-011,2013,2013-06-05 06:00:00+00:00,2013-06-06 03:00:00+00:00,2013-06-04 18:00:00+00:00,2013-06-06 15:00:00+00:00,54.7506103515625,1.2659462612616017,31502020102,2013-06-05 19:00:00+00:00,7,112.31499481201172,1.821725762291992,31501100704,2013-06-05 08:00:00+00:00,17,130.0493927001953,1.7397327366156636,31501100704,2013-06-05 09:00:00+00:00,17,140.63609313964844,1.3031935570015545,31501100704,2013-06-06 01:00:00+00:00,5,176.26426696777344,1.2783986044463798,31501100704,2013-06-06 15:00:00+00:00,2,1.821725762291992,2013-06-05 08:00:00+00:00,3,21,7,6,295,AL-RF-20130605-0295,25.0,0.8667733240397534,21,25–50-year,Tropical cyclone,Tropical storm,Andrea,High,HURDAT2 track within 306 km of rainfall footprint; track status=TS; 0 matching tropical NOAA Storm Events records.,Andrea,305.7658106043927,35,Flash Flood; Hail; Heavy Rain; Lightning; Thunderstorm Wind,7,35,0,0.3893069633070394,0.7986214086627498,0.9247227350880632,0.7978706947186356,0.0,0.0,0.0,,,,,,,,,0.0,7,6,0.0,0.0,0.0,0.0,Reported flooding only,Insufficient record
ALRF-2013-012,2013,2013-06-07 18:00:00+00:00,2013-06-08 06:00:00+00:00,2013-06-07 06:00:00+00:00,2013-06-08 18:00:00+00:00,32.80604934692383,0.7550199561280668,31601110407,2013-06-07 17:00:00+00:00,0,42.82024383544922,0.7108602023798337,31601110407,2013-06-07 18:00:00+00:00,0,48.30340194702149,0.6664538494157287,31601110407,2013-06-07 21:00:00+00:00,0,68.29740905761719,0.6504788044807632,31601130301,2013-06-07 19:00:00+00:00,0,176.09515380859375,1.2771720709554577,31501100704,2013-06-07 23:00:00+00:00,5,1.2771720709554577,2013-06-07 23:00:00+00:00,72,5,3,3,296,AL-RF-20130607-0296,5.0,0.568100637758645,5,5–10-year,Tropical cyclone,Tropical storm,Andrea,High,HURDAT2 track within 358 km of rainfall footprint; track status=TS; 0 matching tropical NOAA Storm Events records.,Andrea,357.63370224136696,21,Hail; Rip Current; Thunderstorm Wind,0,20,0,0.4803410524584897,0.6269673246217162,0.7072508695940674,0.3878437741214213,0.0,0.0,0.0,,,,,,,,,0.0,0,0,0.0,0.0,0.0,0.0,Rainfall hazard without matched flood evidence,Insufficient record
ALRF-2013-013,2013,2013-07-03 15:00:00+00:00,2013-07-07 18:00:00+00:00,2013-07-03 03:00:00+00:00,2013-07-08 06:00:00+00:00,54.92157745361328,1.2961095302640375,31501090201,2013-07-03 14:00:00+00:00,4,91.83514404296876,1.550359465342126,31501090201,2013-07-03 15:00:00+00:00,29,132.41119384765625,1.8218471690679257,31601100402,2013-07-04 18:00:00+00:00,59,169.2700958251953,1.6454873818190598,60300021013,2013-07-05 07:00:00+00:00,57,280.2474060058594,1.8027405644570609,31402030105,2013-07-06 04:00:00+00:00,133,1.8218471690679257,2013-07-04 18:00:00+00:00,6,158,10,73,297,AL-RF-20130704-0297,50.0,0.9274590961358784,158,50–100-year,Frontal/extratropical candidate,Prolonged or widespread non-tropical rainfall,,Medium–low,No nearby HURDAT2 system; 30 flood/heavy-rain NOAA records; affected HUCs=158; Rx24h/Rx72h=0.60.,Chantal,2901.73483979342,32,Flash Flood; Flood; Funnel Cloud; Heavy Rain; Thunderstorm Wind,30,25,0,0.3244611943171026,0.5425361378527641,0.7822479995781232,0.6040023643310948,5.0,5.0,0.0,4.664257842679307,4.529411764705882,4.664257842679307,12200.0,180.32128514056222,30.0,-18.0,58.0,0.0,30,19,60000.0,0.0,0.0,0.0,Measured annual-peak response,2–5-year
ALRF-2013-014,2013,2013-07-11 03:00:00+00:00,2013-07-12 00:00:00+00:00,2013-07-10 15:00:00+00:00,2013-07-12 12:00:00+00:00,58.04573822021485,1.5126902387558738,60300010203,2013-07-11 03:00:00+00:00,10,87.6356201171875,1.689732576693995,60300010201,2013-07-11 03:00:00+00:00,24,105.8653793334961,1.6761880832581542,60300010201,2013-07-11 05:00:00+00:00,17,116.7778091430664,1.2274789549794534,60300010201,2013-07-11 07:00:00+00:00,4,118.26753997802734,0.9428915848631868,60300010201,2013-07-11 07:00:00+00:00,0,1.689732576693995,2013-07-11 03:00:00+00:00,3,28,6,12,298,AL-RF-20130711-0298,10.0,0.7746866593401338,28,10–25-year,Convective,Organized or localized severe convection,,Medium,22 convective/heavy-rain NOAA Storm Events records; Rx3h/Rx24h=0.75.,Chantal,2271.3155577727825,23,Flash Flood; Flood; Hail; Lightning; Thunderstorm Wind,16,22,0,0.4970613736133897,0.7504475444459116,0.9065539087464698,0.9874037218053432,9.0,9.0,1.0,10.368233459729097,20.0,10.368233459729097,7080.0,918.3673469387755,-5.25,-27.0,-4.5,1.0,16,15,150000.0,0.0,0.0,0.0,Measured major-flood response,10–25-year
ALRF-2013-015,2013,2013-07-23 20:00:00+00:00,2013-07-24 23:00:00+00:00,2013-07-23 08:00:00+00:00,2013-07-25 11:00:00+00:00,53.607418060302734,1.144726833489581,31300031305,2013-07-24 21:00:00+00:00,7,75.50489807128906,1.26554586020989,31601110308,2013-07-23 20:00:00+00:00,9,85.80656433105469,1.1928255589048629,31601110308,2013-07-23 21:00:00+00:00,5,117.7223129272461,1.1368465909198016,31601110308,2013-07-23 21:00:00+00:00,2,175.41290283203125,1.3284458142980176,31601110302,2013-07-24 17:00:00+00:00,8,1.3284458142980176,2013-07-24 17:00:00+00:00,72,16,5,8,299,AL-RF-20130724-0299,5.0,0.6233674609274731,16,5–10-year,Convective,Organized or localized severe convection,,Medium,63 convective/heavy-rain NOAA Storm Events records; Rx3h/Rx24h=0.64.,Dorian,4361.216442745117,64,Flash Flood; Flood; Heavy Rain; Thunderstorm Wind,8,63,0,0.4553717704598007,0.6413813676762541,0.7288895554072595,0.671115471134826,0.0,0.0,0.0,,,,,,,,,0.0,8,6,0.0,0.0,0.0,0.0,Reported flooding only,Insufficient record
ALRF-2013-016,2013,2013-08-14 20:00:00+00:00,2013-08-16 21:00:00+00:00,2013-08-14 08:00:00+00:00,2013-08-17 09:00:00+00:00,55.163795471191406,1.2724987373996586,31501100201,2013-08-15 09:00:00+00:00,8,96.00413513183594,1.5909167509845097,31501100202,2013-08-15 10:00:00+00:00,21,117.5361099243164,1.6005770932786278,31501100202,2013-08-15 12:00:00+00:00,14,143.37490844726562,1.360702367727816,31501100202,2013-08-15 17:00:00+00:00,5,147.3135986328125,1.0938868181555697,31501100202,2013-08-15 18:00:00+00:00,5,1.6005770932786278,2013-08-15 12:00:00+00:00,6,21,5,12,300,AL-RF-20130815-0300,25.0,0.8132102246352885,21,25–50-year,Convective,Organized or localized severe convection,,Medium,4 convective/heavy-rain NOAA Storm Events records; Rx3h/Rx24h=0.67.,Erin,4707.92213157833,4,Flash Flood,4,4,0,0.3847520885530753,0.6696020675552653,0.8197815865915414,0.9732632274134836,1.0,1.0,1.0,16.004778252134354,11.5,16.004778252134354,9210.0,201.09170305676858,-4.0,-4.0,-4.0,0.0,4,4,0.0,0.0,0.0,0.0,Measured major-flood response,10–25-year
ALRF-2013-017,2013,2013-08-17 15:00:00+00:00,2013-08-17 23:00:00+00:00,2013-08-17 03:00:00+00:00,2013-08-18 11:00:00+00:00,18.276220321655277,0.3668407143587495,31300040703,2013-08-17 18:00:00+00:00,0,37.26382446289063,0.5426393910375072,31300040703,2013-08-17 19:00:00+00:00,0,53.86088180541992,0.6519153200948491,31300120202,2013-08-17 20:00:00+00:00,0,103.58045196533205,0.921780424881969,31300040801,2013-08-17 20:00:00+00:00,0,174.81185913085938,1.228407981082505,31300040504,2013-08-17 23:00:00+00:00,8,1.228407981082505,2013-08-17 23:00:00+00:00,72,8,3,5,301,AL-RF-20130817-0301,2.0,0.518899121905285,8,2–5-year,Unclassified,Insufficient external evidence,,Low,No nearby HURDAT2 track and no matching Alabama NOAA Storm Events record within the configured time buffer.,Erin,4412.282759227701,0,,0,0,0,0.176444685989324,0.3597573070579252,0.5199907973315945,0.5925253153894698,0.0,0.0,0.0,,,,,,,,,0.0,0,0,0.0,0.0,0.0,0.0,Rainfall hazard without matched flood evidence,Insufficient record
ALRF-2013-018,2013,2013-09-21 11:00:00+00:00,2013-09-22 00:00:00+00:00,2013-09-20 23:00:00+00:00,2013-09-22 12:00:00+00:00,38.35449981689453,0.9552680179415464,31501050806,2013-09-21 15:00:00+00:00,0,61.899261474609375,1.069653165890342,60300020106,2013-09-21 13:00:00+00:00,2,74.35118865966797,1.0524510369201916,60300020106,2013-09-21 13:00:00+00:00,3,116.79047393798828,1.09241099171991,31601030502,2013-09-21 14:00:00+00:00,8,116.79047393798828,0.8446124379120588,31601030502,2013-09-21 14:00:00+00:00,0,1.09241099171991,2013-09-21 14:00:00+00:00,24,11,3,8,302,AL-RF-20130921-0302,2.0,0.526269178989856,11,2–5-year,Non-tropical heavy rain,Meteorological mechanism unresolved,,Low,1 flood/heavy-rain NOAA Storm Events records; no nearby HURDAT2 track.,,,1,Flood,1,0,0,0.3284043511738761,0.5300026567875369,0.636620318016227,1.0,0.0,0.0,0.0,,,,,,,,,0.0,1,0,0.0,0.0,0.0,0.0,Reported flooding only,Insufficient record
ALRF-2013-019,2013,2013-11-26 17:00:00+00:00,2013-11-27 00:00:00+00:00,2013-11-26 05:00:00+00:00,2013-11-27 12:00:00+00:00,43.191776275634766,0.7246669522099498,31602040303,2013-11-26 11:00:00+00:00,0,59.67298126220703,0.7135870668910769,31602040303,2013-11-26 13:00:00+00:00,0,48.954097747802734,0.7496740486774478,31501050703,2013-11-26 13:00:00+00:00,0,109.76898193359376,1.053751867088398,31601110404,2013-11-26 17:00:00+00:00,6,111.81712341308594,0.8508205702819618,31601110404,2013-11-26 17:00:00+00:00,0,1.053751867088398,2013-11-26 17:00:00+00:00,24,6,2,3,303,AL-RF-20131126-0303,2.0,0.4870973938472729,6,2–5-year,Unclassified,Insufficient external evidence,,Low,No nearby HURDAT2 track and no matching Alabama NOAA Storm Events record within the configured time buffer.,,,0,,0,0,0,0.3934788818736082,0.5436233461498897,0.4459738706278444,0.981683114204917,0.0,0.0,0.0,,,,,,,,,0.0,0,0,0.0,0.0,0.0,0.0,Rainfall hazard without matched flood evidence,Insufficient record
ALRF-2013-020,2013,2013-12-09 04:00:00+00:00,2013-12-11 21:00:00+00:00,2013-12-08 16:00:00+00:00,2013-12-12 09:00:00+00:00,48.03607940673828,1.0895908512554664,31601130708,2013-12-09 04:00:00+00:00,2,65.71681213378906,1.0743106074577031,31601130708,2013-12-09 05:00:00+00:00,2,83.8370361328125,1.1362915682682873,31601130805,2013-12-09 04:00:00+00:00,13,159.14999389648438,1.5083369926716437,31502020401,2013-12-09 12:00:00+00:00,58,173.26321411132812,1.2841223213246011,31502020401,2013-12-10 10:00:00+00:00,29,1.5083369926716437,2013-12-09 12:00:00+00:00,24,58,1,58,304,AL-RF-20131209-0304,10.0,0.6323158248548789,58,10–25-year,Unclassified,Insufficient external evidence,,Low,No nearby HURDAT2 track and no matching Alabama NOAA Storm Events record within the configured time buffer.,Unnamed,5164.805310307814,1,Winter Weather,0,0,0,0.3018289742315811,0.4129237490045593,0.526780014753519,0.9185446242167972,0.0,0.0,0.0,,,,,,,,,0.0,0,0,0.0,0.0,0.0,0.0,Rainfall hazard without matched flood evidence,Insufficient record
ALRF-2013-021,2013,2013-12-22 07:00:00+00:00,2013-12-25 15:00:00+00:00,2013-12-21 19:00:00+00:00,2013-12-26 03:00:00+00:00,53.02347183227539,1.2974190603793592,60300020502,2013-12-22 07:00:00+00:00,5,68.58338165283203,1.205770729694145,60300020303,2013-12-22 09:00:00+00:00,12,84.69622802734375,1.2970224576515053,31501050703,2013-12-22 14:00:00+00:00,53,177.50904846191406,1.6454911667044685,31502030205,2013-12-23 06:00:00+00:00,238,181.8941345214844,1.3058473579330774,31502030204,2013-12-23 06:00:00+00:00,103,1.6454911667044685,2013-12-23 06:00:00+00:00,24,253,7,236,305,AL-RF-20131223-0305,10.0,0.7422539861459514,253,10–25-year,Frontal/extratropical candidate,Prolonged or widespread non-tropical rainfall,,Medium–low,No nearby HURDAT2 system; 6 flood/heavy-rain NOAA records; affected HUCs=253; Rx24h/Rx72h=0.98.,,,15,Flash Flood; Flood; Strong Wind; Thunderstorm Wind,6,6,0,0.2987085576296804,0.3863655528948831,0.4771375248823779,0.9758920975043736,8.0,8.0,0.0,4.7760172900459406,4.777777777777778,4.7760172900459406,8440.0,360.9649122807018,-30.0,-30.0,18.0,4.0,6,1,0.0,0.0,0.0,0.0,Measured annual-peak response,2–5-year
ALRF-2014-001,2014,2014-02-03 09:00:00+00:00,2014-02-03 09:00:00+00:00,2014-02-02 21:00:00+00:00,2014-02-03 21:00:00+00:00,18.358285903930664,0.4771456222020693,60300010302,2014-02-03 06:00:00+00:00,0,35.702117919921875,0.6897289624141385,60300010204,2014-02-03 07:00:00+00:00,0,66.14915466308594,1.0303045671233888,60200011103,2014-02-03 09:00:00+00:00,3,89.15751647949219,0.937329065191865,60300010204,2014-02-03 12:00:00+00:00,0,94.62686920166016,0.7133153337766653,60300010404,2014-02-03 12:00:00+00:00,0,1.0303045671233888,2014-02-03 09:00:00+00:00,6,3,1,3,306,AL-RF-20140203-0306,2.0,0.4808532349627042,3,2–5-year,Unclassified,Insufficient external evidence,,Low,No nearby HURDAT2 track and no matching Alabama NOAA Storm Events record within the configured time buffer.,,,0,,0,0,0,0.2059084486517005,0.400438676733823,0.7419358151177463,0.9422008487831064,0.0,0.0,0.0,,,,,,,,,0.0,0,0,0.0,0.0,0.0,0.0,Rainfall hazard without matched flood evidence,Insufficient record
ALRF-2014-002,2014,2014-03-16 15:00:00+00:00,2014-03-16 15:00:00+00:00,2014-03-16 03:00:00+00:00,2014-03-17 03:00:00+00:00,57.10894393920898,1.0256884281201175,31502040501,2014-03-16 13:00:00+00:00,2,86.3360366821289,1.0609091399423125,31602040106,2014-03-16 15:00:00+00:00,3,96.9554672241211,0.981972543140856,31602040106,2014-03-16 15:00:00+00:00,0,95.27832794189452,0.7880156228510129,31402030203,2014-03-17 03:00:00+00:00,0,111.62592315673828,0.6428315269591708,31602040106,2014-03-17 02:00:00+00:00,0,1.0609091399423125,2014-03-16 15:00:00+00:00,3,5,3,2,307,AL-RF-20140316-0307,2.0,0.4975614854913741,5,2–5-year,Convective,Organized or localized severe convection,,Medium,18 convective/heavy-rain NOAA Storm Events records; Rx3h/Rx24h=0.91.,,,18,Flash Flood; Hail; Thunderstorm Wind,1,18,0,0.5993907027213666,0.9061455899476,1.017602526392459,0.8535501902018812,0.0,0.0,0.0,,,,,,,,,0.0,1,1,0.0,0.0,0.0,0.0,Reported flooding only,Insufficient record
ALRF-2014-003,2014,2014-03-28 16:00:00+00:00,2014-03-28 19:00:00+00:00,2014-03-28 04:00:00+00:00,2014-03-29 07:00:00+00:00,53.08029556274414,0.9863706881271168,31602030802,2014-03-28 13:00:00+00:00,0,76.7024154663086,1.034749383653394,31602030801,2014-03-28 14:00:00+00:00,1,103.51356506347656,1.1575722118644596,31602030801,2014-03-28 17:00:00+00:00,11,128.6162567138672,1.0211245084469478,31602030801,2014-03-28 18:00:00+00:00,1,130.05911254882812,0.8214632275975607,31602030801,2014-03-29 07:00:00+00:00,0,1.1575722118644596,2014-03-28 17:00:00+00:00,6,11,4,6,308,AL-RF-20140328-0308,2.0,0.5056674637910921,11,2–5-year,Convective candidate,Thunderstorm-associated rainfall,,Low,1 convective/heavy-rain NOAA Storm Events records; rainfall duration signature was not decisive.,,,4,Flood; Hail,3,1,0,0.4127028489161519,0.5963664114167821,0.8048248931218965,0.9889061534660308,0.0,0.0,0.0,,,,,,,,,0.0,3,0,15000.0,0.0,0.0,0.0,Reported flooding only,Insufficient record
ALRF-2014-004,2014,2014-04-06 14:00:00+00:00,2014-04-10 01:00:00+00:00,2014-04-06 02:00:00+00:00,2014-04-10 13:00:00+00:00,59.623008728027344,1.3384041761934191,31501100704,2014-04-07 12:00:00+00:00,13,96.24212646484376,1.6075321337317752,31501070709,2014-04-07 11:00:00+00:00,61,125.26014709472656,1.7240025817695104,31502020202,2014-04-07 10:00:00+00:00,208,152.6678924560547,1.4247341568941418,31501070709,2014-04-07 11:00:00+00:00,158,177.64425659179688,1.351875628247832,31300030903,2014-04-08 03:00:00+00:00,176,1.7240025817695104,2014-04-07 10:00:00+00:00,6,337,13,131,309,AL-RF-20140407-0309,25.0,0.7799784080136067,337,25–50-year,Convective,Organized or localized severe convection,,Medium,31 convective/heavy-rain NOAA Storm Events records; Rx3h/Rx24h=0.63.,,,42,Flash Flood; Flood; Hail; Strong Wind; Thunderstorm Wind,26,31,0,0.390540589568889,0.6304018802941618,0.8204747251016292,0.8594023549371789,41.0,41.0,8.0,50.787707423012115,22.0,50.787707423012115,87000.0,216.24365482233503,-10.0,-10.0,38.0,9.0,26,16,50000.0,0.0,0.0,0.0,Measured major-flood response,50–100-year
ALRF-2014-005,2014,2014-04-15 01:00:00+00:00,2014-04-17 23:00:00+00:00,2014-04-14 13:00:00+00:00,2014-04-18 11:00:00+00:00,83.74303436279297,1.360979908795519,31602050207,2014-04-15 03:00:00+00:00,5,151.58078002929688,1.7002026308518146,31602050205,2014-04-15 02:00:00+00:00,20,178.38783264160156,1.6504992930927176,31700090103,2014-04-15 04:00:00+00:00,25,224.3375701904297,1.484877747758757,31700090103,2014-04-15 12:00:00+00:00,18,224.3375701904297,1.1950448741560775,31700090103,2014-04-15 12:00:00+00:00,4,1.7002026308518146,2014-04-15 02:00:00+00:00,3,26,2,21,310,AL-RF-20140415-0310,25.0,0.7990707171645453,26,25–50-year,Convective,Organized or localized severe convection,,Medium,12 convective/heavy-rain NOAA Storm Events records; Rx3h/Rx24h=0.68.,,,27,Flash Flood; Flood; Frost/Freeze; Heavy Rain; Strong Wind; Thunderstorm Wind,16,12,0,0.373290279874688,0.6756816519882383,0.795175914984621,1.0,0.0,0.0,0.0,,,,,,,,,0.0,16,8,125000.0,0.0,0.0,0.0,Reported flooding only,Insufficient record
ALRF-2014-006,2014,2014-04-18 18:00:00+00:00,2014-04-21 06:00:00+00:00,2014-04-18 06:00:00+00:00,2014-04-21 18:00:00+00:00,22.54764175415039,0.4708521069242661,31402010402,2014-04-18 21:00:00+00:00,0,63.18686676025391,0.8232374358605529,31402011101,2014-04-18 20:00:00+00:00,0,75.94420623779297,0.9808074222969392,31402020102,2014-04-18 23:00:00+00:00,0,162.3082275390625,1.3213242007167505,31402011201,2014-04-18 22:00:00+00:00,51,162.319580078125,1.0654187041325591,31402011201,2014-04-19 06:00:00+00:00,15,1.3213242007167505,2014-04-18 22:00:00+00:00,24,51,2,50,311,AL-RF-20140418-0311,5.0,0.4880949798103193,51,5–10-year,Frontal/extratropical candidate,Prolonged or widespread non-tropical rainfall,,Medium–low,No nearby HURDAT2 system; 5 flood/heavy-rain NOAA records; affected HUCs=51; Rx24h/Rx72h=1.00.,,,9,Flood; Strong Wind,5,0,0,0.1389186617093941,0.389301686786314,0.4679011494935805,0.9999300605690512,3.0,3.0,0.0,4.530077109370452,5.4,4.530077109370452,40300.0,121.02803738317758,26.0,-22.0,26.0,0.0,5,0,0.0,0.0,0.0,0.0,Measured annual-peak response,2–5-year
ALRF-2014-007,2014,2014-04-28 22:00:00+00:00,2014-05-03 03:00:00+00:00,2014-04-28 10:00:00+00:00,2014-05-03 15:00:00+00:00,108.04145050048828,1.789088791396649,31401060502,2014-04-30 03:00:00+00:00,53,162.7628173828125,1.8227304443183825,31401060602,2014-04-30 03:00:00+00:00,122,238.79690551757807,2.202442474014284,31401060703,2014-04-30 07:00:00+00:00,115,386.842041015625,2.567394100456994,31401060703,2014-04-30 09:00:00+00:00,125,425.0911254882813,2.2493389094793,31401060703,2014-05-02 08:00:00+00:00,102,2.567394100456994,2014-04-30 09:00:00+00:00,24,187,9,71,312,AL-RF-20140430-0312,50.0,0.9563703262042028,187,50–100-year,Frontal/extratropical candidate,Prolonged or widespread non-tropical rainfall,,Medium–low,No nearby HURDAT2 system; 18 flood/heavy-rain NOAA records; affected HUCs=187; Rx24h/Rx72h=0.91.,,,105,Flash Flood; Flood; Hail; Heavy Rain; Lightning; Thunderstorm Wind; Tornado,18,102,0,0.2792908708082335,0.4207474889634302,0.6172982256288242,0.9100214467457504,12.0,12.0,3.0,46.223720388967386,56.0,46.223720388967386,18700.0,1413.6546184738954,-9.0,-33.0,39.0,1.0,18,13,34323460.0,0.0,3.0,2.0,Measured major-flood response,25–50-year
ALRF-2014-008,2014,2014-05-14 21:00:00+00:00,2014-05-15 13:00:00+00:00,2014-05-14 09:00:00+00:00,2014-05-16 01:00:00+00:00,45.34420776367188,0.9202197375607852,31402020404,2014-05-14 19:00:00+00:00,0,64.2201919555664,1.0710510538556537,31502020603,2014-05-14 20:00:00+00:00,3,116.00666809082033,1.2990765128382549,31403030604,2014-05-14 22:00:00+00:00,18,147.6712188720703,1.173458123008417,31403030604,2014-05-15 02:00:00+00:00,13,148.927734375,0.9449413323731612,31403030604,2014-05-15 02:00:00+00:00,0,1.2990765128382549,2014-05-14 22:00:00+00:00,6,22,6,12,313,AL-RF-20140514-0313,5.0,0.540362377030071,22,5–10-year,Convective candidate,Thunderstorm-associated rainfall,,Low,12 convective/heavy-rain NOAA Storm Events records; rainfall duration signature was not decisive.,,,12,Flash Flood; Thunderstorm Wind; Tornado,8,12,0,0.3070619184294416,0.434886313298472,0.7855739864334603,0.9915629180273046,1.0,1.0,0.0,5.532568499632148,3.7142857142857144,5.532568499632148,7550.0,39.119170984455955,2.0,2.0,2.0,0.0,8,8,100000.0,0.0,0.0,0.0,Measured annual-peak response,5–10-year
ALRF-2014-009,2014,2014-07-09 03:00:00+00:00,2014-07-09 06:00:00+00:00,2014-07-08 15:00:00+00:00,2014-07-09 18:00:00+00:00,40.29980850219727,0.9731290911377816,60300050507,2014-07-09 02:00:00+00:00,0,73.55939483642578,1.2700608633331805,60300050507,2014-07-09 03:00:00+00:00,4,81.66493225097656,1.160372194731656,60300050507,2014-07-09 04:00:00+00:00,5,97.56998443603516,0.9684044099598474,60300050507,2014-07-09 09:00:00+00:00,0,105.41996002197266,0.8141140778625501,60300050507,2014-07-09 09:00:00+00:00,0,1.2700608633331805,2014-07-09 03:00:00+00:00,3,5,2,4,314,AL-RF-20140709-0314,5.0,0.6148460513689707,5,5–10-year,Convective,Organized or localized severe convection,,Medium,4 convective/heavy-rain NOAA Storm Events records; Rx3h/Rx24h=0.75.,Arthur,3273.486199743612,4,Flash Flood; Lightning; Thunderstorm Wind,1,4,0,0.413034897311242,0.7539141802840994,0.8369882676830228,0.9255361547822506,0.0,0.0,0.0,,,,,,,,,0.0,1,1,0.0,0.0,0.0,0.0,Reported flooding only,Insufficient record
ALRF-2014-010,2014,2014-07-21 16:00:00+00:00,2014-07-22 07:00:00+00:00,2014-07-21 04:00:00+00:00,2014-07-22 19:00:00+00:00,56.696964263916016,1.2797223869344538,31501100502,2014-07-21 16:00:00+00:00,3,75.80935668945312,1.2341961702247508,31501100603,2014-07-21 17:00:00+00:00,3,77.96282196044922,1.0470831263818543,31501100603,2014-07-21 18:00:00+00:00,1,92.42273712158205,0.8596078038310861,31501100603,2014-07-21 17:00:00+00:00,0,153.62860107421875,1.1245863195079795,31501100601,2014-07-21 23:00:00+00:00,5,1.2797223869344538,2014-07-21 16:00:00+00:00,1,6,3,4,315,AL-RF-20140721-0315,5.0,0.6497381797258843,6,5–10-year,Convective,Organized or localized severe convection,,Medium,2 convective/heavy-rain NOAA Storm Events records; Rx3h/Rx24h=0.82.,Two,3699.8996991587655,3,Flash Flood; Hail; Rip Current,1,2,0,0.6134525553958785,0.8202457430981078,0.843545910763162,0.6015985075391798,0.0,0.0,0.0,,,,,,,,,0.0,1,1,0.0,0.0,0.0,0.0,Reported flooding only,Insufficient record
ALRF-2014-011,2014,2014-08-18 12:00:00+00:00,2014-08-20 19:00:00+00:00,2014-08-18 00:00:00+00:00,2014-08-21 07:00:00+00:00,50.50166320800781,1.2888424678246782,60300010303,2014-08-18 12:00:00+00:00,5,116.90863037109376,2.0679492766343994,60300020101,2014-08-18 14:00:00+00:00,15,132.73631286621094,1.913970610272281,60300020101,2014-08-18 15:00:00+00:00,11,154.27525329589844,1.4998369231851847,60300020101,2014-08-18 16:00:00+00:00,8,163.94705200195312,1.2344534827045195,60300020101,2014-08-20 13:00:00+00:00,3,2.0679492766343994,2014-08-18 14:00:00+00:00,3,15,2,13,316,AL-RF-20140818-0316,50.0,0.9842618844460852,15,50–100-year,Convective,Organized or localized severe convection,,Medium,9 convective/heavy-rain NOAA Storm Events records; Rx3h/Rx24h=0.76.,,,9,Flash Flood; Lightning; Thunderstorm Wind,1,9,0,0.3273477899345666,0.7577925031622805,0.8603862902861289,0.9410065714024582,0.0,0.0,0.0,,,,,,,,,0.0,1,1,0.0,0.0,0.0,0.0,Reported flooding only,Insufficient record
ALRF-2014-012,2014,2014-09-03 21:00:00+00:00,2014-09-03 21:00:00+00:00,2014-09-03 09:00:00+00:00,2014-09-04 09:00:00+00:00,47.42197799682617,1.1329870477942665,31300020903,2014-09-03 21:00:00+00:00,3,56.71029281616211,0.9763629869566364,31300020903,2014-09-03 23:00:00+00:00,0,64.76578521728516,0.9025501417406976,31501060602,2014-09-04 03:00:00+00:00,0,69.59175872802734,0.6757157612189527,31501060806,2014-09-04 05:00:00+00:00,0,75.7083511352539,0.5707927925229807,31501070103,2014-09-04 05:00:00+00:00,0,1.1329870477942665,2014-09-03 21:00:00+00:00,1,3,1,3,317,AL-RF-20140903-0317,2.0,0.5661773397103274,3,2–5-year,Unclassified,Insufficient external evidence,,Low,No nearby HURDAT2 track and no matching Alabama NOAA Storm Events record within the configured time buffer.,Dolly,1464.284245692388,0,,0,0,0,0.6814309461865558,0.8148995492094474,0.9306530888290572,0.9192084847245028,0.0,0.0,0.0,,,,,,,,,0.0,0,0,0.0,0.0,0.0,0.0,Rainfall hazard without matched flood evidence,Insufficient record
ALRF-2014-013,2014,2014-09-08 21:00:00+00:00,2014-09-08 22:00:00+00:00,2014-09-08 09:00:00+00:00,2014-09-09 10:00:00+00:00,64.52058410644531,1.1421005087720313,31403040203,2014-09-08 21:00:00+00:00,2,86.8701171875,1.0748125795867245,31403040504,2014-09-08 22:00:00+00:00,4,87.21083068847656,0.8925359209812471,31403040504,2014-09-08 22:00:00+00:00,0,93.690673828125,0.699793682102669,31403040203,2014-09-08 21:00:00+00:00,0,136.0752410888672,0.863392706248663,31403030604,2014-09-08 22:00:00+00:00,0,1.1421005087720313,2014-09-08 21:00:00+00:00,1,4,3,2,318,AL-RF-20140908-0318,2.0,0.5665187172416448,4,2–5-year,Unclassified,Insufficient external evidence,,Low,No nearby HURDAT2 track and no matching Alabama NOAA Storm Events record within the configured time buffer.,Edouard,5836.059896201401,0,,0,0,0,0.6886553535179815,0.92720132792366,0.9308379065398156,0.6885210937597243,0.0,0.0,0.0,,,,,,,,,0.0,0,0,0.0,0.0,0.0,0.0,Rainfall hazard without matched flood evidence,Insufficient record
ALRF-2014-014,2014,2014-10-13 07:00:00+00:00,2014-10-16 07:00:00+00:00,2014-10-12 19:00:00+00:00,2014-10-16 19:00:00+00:00,42.71147918701172,1.0909763054485278,31501050704,2014-10-14 07:00:00+00:00,7,94.87108612060548,1.573746132211188,60300060206,2014-10-13 08:00:00+00:00,60,104.7183074951172,1.4430283839733955,31501070402,2014-10-14 06:00:00+00:00,78,175.37265014648438,1.6603553464354193,60300060206,2014-10-14 04:00:00+00:00,65,214.9067840576172,1.6140699360432569,60300050804,2014-10-14 05:00:00+00:00,125,1.6603553464354193,2014-10-14 04:00:00+00:00,24,181,13,117,319,AL-RF-20141014-0319,10.0,0.8028621547435406,181,10–25-year,Frontal/extratropical candidate,Prolonged or widespread non-tropical rainfall,,Medium–low,No nearby HURDAT2 system; 3 flood/heavy-rain NOAA records; affected HUCs=181; Rx24h/Rx72h=0.82.,Gonzalo,1729.6717866435797,47,Flash Flood; Hail; Heavy Rain; Thunderstorm Wind; Tornado,3,47,0,0.2435469792543814,0.5409685378042816,0.5971188061972527,0.8160405494666302,4.0,4.0,0.0,1.3198819727953355,1.2653061224489797,1.3198819727953355,10100.0,192.30769230769232,-16.0,-52.0,-4.0,0.0,3,2,0.0,0.0,0.0,0.0,Measured annual-peak response,<2-year
ALRF-2014-015,2014,2014-11-17 04:00:00+00:00,2014-11-19 22:00:00+00:00,2014-11-16 16:00:00+00:00,2014-11-20 10:00:00+00:00,43.637001037597656,0.8315280110857803,31602030702,2014-11-17 08:00:00+00:00,0,63.40144729614258,1.0761672744687265,31501080404,2014-11-17 05:00:00+00:00,1,97.27479553222656,1.3299764861797083,31601130101,2014-11-17 05:00:00+00:00,55,147.1151580810547,1.4083766937012707,31501070203,2014-11-17 12:00:00+00:00,108,147.1151580810547,1.101308740675596,31501070203,2014-11-17 12:00:00+00:00,12,1.4083766937012707,2014-11-17 12:00:00+00:00,24,108,1,108,320,AL-RF-20141117-0320,5.0,0.6211089572420897,108,5–10-year,Convective candidate,Thunderstorm-associated rainfall,,Low,9 convective/heavy-rain NOAA Storm Events records; rainfall duration signature was not decisive.,,,9,Thunderstorm Wind; Tornado,0,9,0,0.2966179801374062,0.430964749813278,0.6612153145947881,1.0,0.0,0.0,0.0,,,,,,,,,0.0,0,0,0.0,0.0,0.0,0.0,Rainfall hazard without matched flood evidence,Insufficient record
ALRF-2014-016,2014,2014-12-06 11:00:00+00:00,2014-12-06 12:00:00+00:00,2014-12-05 23:00:00+00:00,2014-12-07 00:00:00+00:00,46.04853439331055,1.050144459965296,31601120301,2014-12-06 12:00:00+00:00,1,65.84676361083984,1.086793820951799,31601100506,2014-12-06 11:00:00+00:00,1,90.11090087890624,1.2186602774279405,31601100506,2014-12-06 11:00:00+00:00,6,105.4239501953125,0.9862374397909656,31601100506,2014-12-06 12:00:00+00:00,0,105.4239501953125,0.7838569963184348,31601100506,2014-12-06 12:00:00+00:00,0,1.2186602774279405,2014-12-06 11:00:00+00:00,6,6,5,2,321,AL-RF-20141206-0321,5.0,0.5969338140437432,6,5–10-year,Convective candidate,Thunderstorm-associated rainfall,,Low,1 convective/heavy-rain NOAA Storm Events records; rainfall duration signature was not decisive.,,,1,Thunderstorm Wind,0,1,0,0.4367938623813587,0.6245901760354224,0.8547479079655362,1.0,0.0,0.0,0.0,,,,,,,,,0.0,0,0,0.0,0.0,0.0,0.0,Rainfall hazard without matched flood evidence,Insufficient record
ALRF-2014-017,2014,2014-12-24 00:00:00+00:00,2014-12-26 19:00:00+00:00,2014-12-23 12:00:00+00:00,2014-12-27 07:00:00+00:00,52.22547912597656,1.033947680383284,31402010407,2014-12-24 04:00:00+00:00,1,105.30460357666016,1.3520857851629893,31402020903,2014-12-24 06:00:00+00:00,21,138.76791381835938,1.6088996140738483,31402030201,2014-12-24 10:00:00+00:00,50,169.20765686035156,1.4326326081798988,31402030201,2014-12-24 14:00:00+00:00,52,173.6377716064453,1.1813443016726368,31402030201,2014-12-24 14:00:00+00:00,13,1.6088996140738483,2014-12-24 10:00:00+00:00,6,55,5,49,322,AL-RF-20141224-0322,10.0,0.6484710671821737,55,10–25-year,Convective,Organized or localized severe convection,,Medium,21 convective/heavy-rain NOAA Storm Events records; Rx3h/Rx24h=0.62.,,,22,Flash Flood; Flood; Hail; Heavy Rain; Thunderstorm Wind,8,21,0,0.3086472568382568,0.6223394705097116,0.8201042221918222,0.9744864570357726,1.0,1.0,0.0,1.4285714285714286,1.4285714285714286,,35000.0,4.263093788063338,-10.0,-10.0,-10.0,0.0,8,6,5000.0,0.0,0.0,0.0,Measured annual-peak response,<2-year
ALRF-2015-001,2015,2015-01-04 09:00:00+00:00,2015-01-04 11:00:00+00:00,2015-01-03 21:00:00+00:00,2015-01-04 23:00:00+00:00,45.14647674560547,1.0151361315162792,31601060605,2015-01-04 00:00:00+00:00,1,62.47108459472656,0.9906828032682524,31601060606,2015-01-04 00:00:00+00:00,0,80.30564880371094,1.1205009133469463,31501080404,2015-01-04 09:00:00+00:00,10,104.6657943725586,1.005536919623327,31501080404,2015-01-04 12:00:00+00:00,1,132.63673400878906,0.9938174799455772,31501070104,2015-01-04 12:00:00+00:00,0,1.1205009133469463,2015-01-04 09:00:00+00:00,6,11,4,7,323,AL-RF-20150104-0323,2.0,0.5189906257299723,11,2–5-year,Convective,Organized or localized severe convection,,Medium,29 convective/heavy-rain NOAA Storm Events records; Rx3h/Rx24h=0.60.,,,29,Flash Flood; Thunderstorm Wind; Tornado,3,29,0,0.4313393598763153,0.5968624703918103,0.7672578160335978,0.7891161913382382,1.0,1.0,0.0,2.6059408701105977,3.041666666666667,2.6059408701105977,8330.0,18.59375,15.0,15.0,15.0,1.0,3,3,0.0,0.0,0.0,0.0,Measured annual-peak response,2–5-year
ALRF-2015-002,2015,2015-04-01 03:00:00+00:00,2015-04-01 04:00:00+00:00,2015-03-31 15:00:00+00:00,2015-04-01 16:00:00+00:00,27.62020874023437,0.6532541562123043,60300051202,2015-04-01 02:00:00+00:00,0,73.34527587890625,1.245822642583385,60300051202,2015-04-01 02:00:00+00:00,2,111.66065979003906,1.567715250879464,60300051202,2015-04-01 04:00:00+00:00,2,116.13360595703124,1.1347653900592696,60300051202,2015-04-01 08:00:00+00:00,1,147.5503692626953,1.1207679458868114,60300051202,2015-04-01 08:00:00+00:00,1,1.567715250879464,2015-04-01 04:00:00+00:00,6,2,1,2,324,AL-RF-20150401-0324,10.0,0.7660519233492163,2,10–25-year,Convective,Organized or localized severe convection,,Medium,73 convective/heavy-rain NOAA Storm Events records; Rx3h/Rx24h=0.63.,,,73,Flash Flood; Hail; Lightning,2,73,0,0.2378313194757225,0.631559446333248,0.9614844804814968,0.7870777046329829,0.0,0.0,0.0,,,,,,,,,0.0,2,2,0.0,0.0,1.0,0.0,Reported flooding only,Insufficient record
ALRF-2015-003,2015,2015-04-13 03:00:00+00:00,2015-04-16 04:00:00+00:00,2015-04-12 15:00:00+00:00,2015-04-16 16:00:00+00:00,56.87862396240234,0.9243319242781712,31700080603,2015-04-13 05:00:00+00:00,0,114.07763671875,1.330327710917398,31700080602,2015-04-13 05:00:00+00:00,11,184.294921875,1.756994300870146,31602050102,2015-04-13 07:00:00+00:00,14,239.15921020507807,1.616347702138348,31700080602,2015-04-13 20:00:00+00:00,13,308.2323913574219,1.6695668372419767,31700080602,2015-04-15 06:00:00+00:00,26,1.756994300870146,2015-04-13 07:00:00+00:00,6,26,2,23,325,AL-RF-20150413-0325,25.0,0.7670058316923434,26,25–50-year,Convective candidate,Thunderstorm-associated rainfall,,Low,3 convective/heavy-rain NOAA Storm Events records; rainfall duration signature was not decisive.,,,6,Flash Flood; Flood; Hail,5,3,0,0.2378274452137098,0.4769945369067278,0.7705951266395628,0.7759055080222005,2.0,2.0,0.0,7.2335846656660125,4.0,7.2335846656660125,3840.0,232.72727272727272,-7.0,-7.0,-7.0,0.0,5,2,1400000.0,0.0,0.0,0.0,Measured annual-peak response,5–10-year
ALRF-2015-004,2015,2015-04-17 09:00:00+00:00,2015-04-18 02:00:00+00:00,2015-04-16 21:00:00+00:00,2015-04-18 14:00:00+00:00,52.65912628173828,0.9931432864793032,31403030604,2015-04-17 21:00:00+00:00,0,81.23619079589844,1.2120764912170632,31602010909,2015-04-17 08:00:00+00:00,2,114.75702667236328,1.4221231648703143,31602010909,2015-04-17 10:00:00+00:00,4,137.69407653808594,1.2096393450518683,31602010909,2015-04-17 18:00:00+00:00,10,158.46266174316406,1.1105822277752688,31602010909,2015-04-17 17:00:00+00:00,6,1.4221231648703143,2015-04-17 10:00:00+00:00,6,10,3,4,326,AL-RF-20150417-0326,10.0,0.646932758675441,10,10–25-year,Convective,Organized or localized severe convection,,Medium,38 convective/heavy-rain NOAA Storm Events records; Rx3h/Rx24h=0.59.,,,40,Flash Flood; Flood; Hail; Thunderstorm Wind; Tornado,17,38,0,0.3824356690258412,0.5899759295268497,0.8334202135457998,0.8689370418456065,0.0,0.0,0.0,,,,,,,,,0.0,17,15,1290000.0,0.0,0.0,0.0,Reported flooding only,Insufficient record
ALRF-2015-005,2015,2015-04-19 14:00:00+00:00,2015-04-19 18:00:00+00:00,2015-04-19 02:00:00+00:00,2015-04-20 06:00:00+00:00,53.19393539428711,1.0531209484687134,31402010407,2015-04-19 14:00:00+00:00,3,90.11553955078124,1.3162175945438177,31402010207,2015-04-19 16:00:00+00:00,18,100.01937866210938,1.1364920970203298,31402010903,2015-04-19 17:00:00+00:00,7,102.68011474609376,0.8541969895621503,31402010903,2015-04-19 19:00:00+00:00,0,147.31585693359375,1.0324600810070084,31602010909,2015-04-19 10:00:00+00:00,1,1.3162175945438177,2015-04-19 16:00:00+00:00,3,20,4,16,327,AL-RF-20150419-0327,5.0,0.5815308496973538,20,5–10-year,Convective,Organized or localized severe convection,,Medium,59 convective/heavy-rain NOAA Storm Events records; Rx3h/Rx24h=0.88.,,,59,Flash Flood; Hail; Thunderstorm Wind; Tornado,14,59,0,0.5180548884837584,0.8776338025489936,0.9740871337107112,0.6970065333318418,1.0,1.0,0.0,2.204442149309809,2.020408163265306,2.204442149309809,9140.0,13.323615160349854,-16.0,-16.0,-16.0,0.0,14,14,90000.0,0.0,0.0,0.0,Measured annual-peak response,2–5-year
ALRF-2015-006,2015,2015-05-25 17:00:00+00:00,2015-05-25 22:00:00+00:00,2015-05-25 05:00:00+00:00,2015-05-26 10:00:00+00:00,35.90866470336914,0.7136437381329728,31402010503,2015-05-25 20:00:00+00:00,0,53.26316452026367,0.8860929581770234,60300060204,2015-05-25 13:00:00+00:00,0,76.82706451416016,1.0786517019120618,60300051202,2015-05-25 15:00:00+00:00,1,111.7554168701172,1.0919852024811496,60300051202,2015-05-25 19:00:00+00:00,4,111.7554168701172,0.8488754696658871,60300051202,2015-05-25 19:00:00+00:00,0,1.0919852024811496,2015-05-25 19:00:00+00:00,24,4,2,3,328,AL-RF-20150525-0328,2.0,0.5270748054597907,4,2–5-year,Convective candidate,Thunderstorm-associated rainfall,,Low,6 convective/heavy-rain NOAA Storm Events records; rainfall duration signature was not decisive.,,,6,Thunderstorm Wind,0,6,0,0.3213147577902412,0.4766047679117554,0.6874571870055214,1.0,0.0,0.0,0.0,,,,,,,,,0.0,0,0,0.0,0.0,0.0,0.0,Rainfall hazard without matched flood evidence,Insufficient record
ALRF-2015-007,2015,2015-05-27 23:00:00+00:00,2015-05-28 09:00:00+00:00,2015-05-27 11:00:00+00:00,2015-05-28 21:00:00+00:00,46.71115112304688,1.0493698487246697,31602010402,2015-05-27 21:00:00+00:00,1,69.66069030761719,1.1563568782268816,31502011001,2015-05-28 01:00:00+00:00,2,74.95638275146484,1.0238741203866522,31502011001,2015-05-28 03:00:00+00:00,2,74.76568603515625,0.7251952695504567,60300050804,2015-05-28 03:00:00+00:00,0,165.60830688476562,1.2139330338340342,60300060106,2015-05-28 02:00:00+00:00,11,1.2139330338340342,2015-05-28 02:00:00+00:00,72,14,5,7,329,AL-RF-20150528-0329,2.0,0.5668178650470331,14,2–5-year,Convective,Organized or localized severe convection,,Medium,11 convective/heavy-rain NOAA Storm Events records; Rx3h/Rx24h=0.93.,,,11,Flash Flood; Hail; Thunderstorm Wind,3,11,0,0.6247672374875608,0.9317200710879776,1.0025505914065835,0.4514609649815457,0.0,0.0,0.0,,,,,,,,,0.0,3,3,25000.0,0.0,0.0,0.0,Reported flooding only,Insufficient record
ALRF-2015-008,2015,2015-06-10 01:00:00+00:00,2015-06-10 01:00:00+00:00,2015-06-09 13:00:00+00:00,2015-06-10 13:00:00+00:00,63.0837287902832,1.418861798844513,31502010407,2015-06-10 01:00:00+00:00,5,62.55874633789063,1.1124469232754777,31300020803,2015-06-09 23:00:00+00:00,2,63.16515350341797,0.917033430478686,31300020803,2015-06-09 23:00:00+00:00,0,67.76390075683594,0.6330308442707028,31502010407,2015-06-10 03:00:00+00:00,0,85.1703109741211,0.6060147114405046,31402020103,2015-06-10 04:00:00+00:00,0,1.418861798844513,2015-06-10 01:00:00+00:00,1,5,3,3,330,AL-RF-20150610-0330,10.0,0.7153946274090404,5,10–25-year,Convective,Organized or localized severe convection,,Medium,20 convective/heavy-rain NOAA Storm Events records; Rx3h/Rx24h=0.92.,,,20,Flash Flood; Hail; Lightning; Thunderstorm Wind,1,20,0,0.9309341417143758,0.9231869127837918,0.9321357359588828,0.7956281946349347,0.0,0.0,0.0,,,,,,,,,0.0,1,1,0.0,0.0,0.0,0.0,Reported flooding only,Insufficient record
ALRF-2015-009,2015,2015-07-02 03:00:00+00:00,2015-07-02 06:00:00+00:00,2015-07-01 15:00:00+00:00,2015-07-02 18:00:00+00:00,50.17777633666992,1.1587329873699237,31501070405,2015-07-02 03:00:00+00:00,2,90.32559204101562,1.5093445405991637,31501070405,2015-07-02 03:00:00+00:00,6,95.3701171875,1.3125244594927008,31501070405,2015-07-02 04:00:00+00:00,3,104.67886352539062,0.9918951548449582,31501070405,2015-07-02 04:00:00+00:00,0,110.15812683105467,0.8182886663387011,31501070405,2015-07-02 18:00:00+00:00,0,1.5093445405991637,2015-07-02 03:00:00+00:00,3,6,2,4,331,AL-RF-20150702-0331,10.0,0.707927993346962,6,10–25-year,Convective,Organized or localized severe convection,,Medium,13 convective/heavy-rain NOAA Storm Events records; Rx3h/Rx24h=0.86.,,,13,Hail; Lightning; Thunderstorm Wind,0,13,0,0.4793496475484655,0.8628828112860291,0.9110732957505532,0.9502600174559304,0.0,0.0,0.0,,,,,,,,,0.0,0,0,0.0,0.0,0.0,0.0,Rainfall hazard without matched flood evidence,Insufficient record
ALRF-2015-010,2015,2015-07-04 07:00:00+00:00,2015-07-06 09:00:00+00:00,2015-07-03 19:00:00+00:00,2015-07-06 21:00:00+00:00,41.302223205566406,0.959396453763554,31501060807,2015-07-04 13:00:00+00:00,0,63.26118087768555,1.0511825600075633,31502020301,2015-07-04 13:00:00+00:00,2,100.37743377685548,1.3720590761530709,31601090603,2015-07-04 13:00:00+00:00,21,124.4402847290039,1.1577523641184748,31601030106,2015-07-04 08:00:00+00:00,17,172.83607482910156,1.240452470775486,31601030106,2015-07-04 16:00:00+00:00,15,1.3720590761530709,2015-07-04 13:00:00+00:00,6,35,7,9,332,AL-RF-20150704-0332,5.0,0.6446826315720382,35,5–10-year,Frontal/extratropical candidate,Prolonged or widespread non-tropical rainfall,,Medium–low,No nearby HURDAT2 system; 1 flood/heavy-rain NOAA records; affected HUCs=35; Rx24h/Rx72h=0.72.,,,23,Flash Flood; Hail; Lightning; Thunderstorm Wind,1,23,0,0.3319039593609986,0.5083657676889014,0.8066313412529504,0.719990226878556,0.0,0.0,0.0,,,,,,,,,0.0,1,1,0.0,0.0,0.0,0.0,Reported flooding only,Insufficient record
ALRF-2015-011,2015,2015-08-06 17:00:00+00:00,2015-08-07 09:00:00+00:00,2015-08-06 05:00:00+00:00,2015-08-07 21:00:00+00:00,38.90258407592773,0.910392333374598,31300030301,2015-08-07 01:00:00+00:00,0,79.6343994140625,1.3935803073073485,60300050509,2015-08-06 18:00:00+00:00,27,105.31256866455078,1.5120556056803005,60300050509,2015-08-06 19:00:00+00:00,26,134.37420654296875,1.34243257503209,60300050509,2015-08-06 22:00:00+00:00,15,135.1348114013672,1.0474127248896614,60300050509,2015-08-06 20:00:00+00:00,1,1.5120556056803005,2015-08-06 19:00:00+00:00,6,34,3,17,333,AL-RF-20150806-0333,10.0,0.7461920835378133,34,10–25-year,Convective,Organized or localized severe convection,,Medium,19 convective/heavy-rain NOAA Storm Events records; Rx3h/Rx24h=0.59.,,,19,Flash Flood; Thunderstorm Wind; Tornado,1,19,0,0.2895093119190838,0.5926315880317244,0.7837260689675221,0.994371510564074,0.0,0.0,0.0,,,,,,,,,0.0,1,1,0.0,0.0,0.0,0.0,Reported flooding only,Insufficient record
ALRF-2015-012,2015,2015-09-10 00:00:00+00:00,2015-09-10 02:00:00+00:00,2015-09-09 12:00:00+00:00,2015-09-10 14:00:00+00:00,43.36025238037109,1.0458964475480663,31501081005,2015-09-10 00:00:00+00:00,3,62.97837829589844,1.083930039218177,31501090101,2015-09-10 02:00:00+00:00,3,66.27903747558594,0.9264014522591828,31501090101,2015-09-10 05:00:00+00:00,0,78.02883911132812,0.7375465272750427,31501090101,2015-09-10 05:00:00+00:00,0,93.724365234375,0.6989362230992745,31501090101,2015-09-10 05:00:00+00:00,0,1.083930039218177,2015-09-10 02:00:00+00:00,3,3,1,3,334,AL-RF-20150910-0334,2.0,0.490337829986247,3,2–5-year,Convective,Organized or localized severe convection,,Medium,6 convective/heavy-rain NOAA Storm Events records; Rx3h/Rx24h=0.81.,Henri,2203.0065339297703,6,Thunderstorm Wind,0,6,0,0.5556952131314755,0.8071166893312823,0.8494171928025472,0.8325352635486266,0.0,0.0,0.0,,,,,,,,,0.0,0,0,0.0,0.0,0.0,0.0,Rainfall hazard without matched flood evidence,Insufficient record
ALRF-2015-013,2015,2015-09-27 22:00:00+00:00,2015-10-01 21:00:00+00:00,2015-09-27 10:00:00+00:00,2015-10-02 09:00:00+00:00,89.04832458496094,1.4650959993824293,31602050102,2015-09-27 23:00:00+00:00,4,170.23043823242188,1.985256337134632,31602050102,2015-09-28 00:00:00+00:00,26,209.1717071533203,1.9941596525428569,31602050102,2015-09-28 01:00:00+00:00,30,249.24905395507807,1.6865703545420374,31602050102,2015-09-28 08:00:00+00:00,46,212.3202362060547,1.4021657365896092,31402030203,2015-09-30 22:00:00+00:00,25,1.9941596525428569,2015-09-28 01:00:00+00:00,6,50,4,27,335,AL-RF-20150928-0335,50.0,0.9322396281632804,50,50–100-year,Convective,Organized or localized severe convection,,Medium,5 convective/heavy-rain NOAA Storm Events records; Rx3h/Rx24h=0.68.,Joaquin,1312.0830151601976,5,Flash Flood; Thunderstorm Wind,3,5,0,0.3572664496492332,0.6829732571947988,0.8392076272073598,1.173929807204926,0.0,0.0,0.0,,,,,,,,,0.0,3,3,200000.0,0.0,0.0,0.0,Reported flooding only,Insufficient record
ALRF-2015-014,2015,2015-10-26 21:00:00+00:00,2015-10-29 00:00:00+00:00,2015-10-26 09:00:00+00:00,2015-10-29 12:00:00+00:00,32.19987487792969,0.5465102035533235,31700030402,2015-10-26 09:00:00+00:00,0,52.05684661865234,0.6904483093161712,31700080104,2015-10-26 22:00:00+00:00,0,89.96803283691406,0.8383831204774753,31401060702,2015-10-26 18:00:00+00:00,0,173.16468811035156,1.2244629020121467,31602040301,2015-10-27 06:00:00+00:00,27,194.8240509033203,1.10054335106797,31602040301,2015-10-28 01:00:00+00:00,8,1.2244629020121467,2015-10-27 06:00:00+00:00,24,27,4,21,336,AL-RF-20151027-0336,2.0,0.506830867310691,27,2–5-year,Non-tropical heavy rain,Meteorological mechanism unresolved,,Low,2 flood/heavy-rain NOAA Storm Events records; no nearby HURDAT2 track.,,,7,Coastal Flood; High Surf; High Wind; Strong Wind; Wildfire,2,0,0,0.1859494290048897,0.3006204508939975,0.5195518429229676,0.8888260320399712,0.0,0.0,0.0,,,,,,,,,0.0,2,0,0.0,0.0,0.0,0.0,Reported flooding only,Insufficient record
ALRF-2015-015,2015,2015-11-01 09:00:00+00:00,2015-11-01 14:00:00+00:00,2015-10-31 21:00:00+00:00,2015-11-02 02:00:00+00:00,58.1742057800293,1.1834907181580174,31402010205,2015-11-01 09:00:00+00:00,4,75.63196563720703,1.1200972257155537,31300040604,2015-11-01 11:00:00+00:00,9,83.00218963623047,1.0292785009482324,31300040405,2015-11-01 14:00:00+00:00,3,124.29499053955078,0.9853226735144076,31402020905,2015-11-02 01:00:00+00:00,0,124.51168060302734,0.7916972238270772,31402020905,2015-11-02 01:00:00+00:00,0,1.1834907181580174,2015-11-01 09:00:00+00:00,1,10,2,8,337,AL-RF-20151101-0337,2.0,0.573995874290359,10,2–5-year,Convective,Organized or localized severe convection,,Medium,4 convective/heavy-rain NOAA Storm Events records; Rx3h/Rx24h=0.61.,,,4,Flash Flood; Thunderstorm Wind,1,4,0,0.4680333899821828,0.6084876414479542,0.6677838686493088,0.998259680839363,0.0,0.0,0.0,,,,,,,,,0.0,1,1,0.0,0.0,0.0,0.0,Reported flooding only,Insufficient record
ALRF-2015-016,2015,2015-11-02 12:00:00+00:00,2015-11-04 05:00:00+00:00,2015-11-02 00:00:00+00:00,2015-11-04 17:00:00+00:00,53.74415969848633,0.9861602859467654,31401030302,2015-11-02 09:00:00+00:00,0,78.43856048583984,1.285353559900424,31501100501,2015-11-02 12:00:00+00:00,16,97.15089416503906,1.3124924998365122,31501100501,2015-11-02 14:00:00+00:00,32,112.75048065185548,1.024443576994896,31402020204,2015-11-03 02:00:00+00:00,2,158.47238159179688,1.1466219662607509,31402020202,2015-11-03 03:00:00+00:00,15,1.3124924998365122,2015-11-02 14:00:00+00:00,6,42,4,35,338,AL-RF-20151102-0338,5.0,0.6449611258991779,42,5–10-year,Convective,Organized or localized severe convection,,Medium,2 convective/heavy-rain NOAA Storm Events records; Rx3h/Rx24h=0.70.,,,2,Flash Flood; Thunderstorm Wind,1,2,0,0.4766645728494452,0.6956827148971363,0.8616450555542736,0.7114834744030366,0.0,0.0,0.0,,,,,,,,,0.0,1,1,0.0,0.0,0.0,0.0,Reported flooding only,Insufficient record
ALRF-2015-017,2015,2015-11-07 09:00:00+00:00,2015-11-07 11:00:00+00:00,2015-11-06 21:00:00+00:00,2015-11-07 23:00:00+00:00,42.90776824951172,1.021844330281789,31501060503,2015-11-07 08:00:00+00:00,1,68.37382507324219,1.1404844929505686,31501070404,2015-11-07 06:00:00+00:00,5,77.18096160888672,1.074311489186444,31501060511,2015-11-07 11:00:00+00:00,6,110.39696502685548,1.0360188316947412,31601081002,2015-11-07 23:00:00+00:00,1,111.23638153076172,0.8301259527316471,31601081002,2015-11-07 23:00:00+00:00,0,1.1404844929505686,2015-11-07 06:00:00+00:00,3,9,3,7,339,AL-RF-20151107-0339,2.0,0.5377316426236156,9,2–5-year,Unclassified,Insufficient external evidence,,Low,No nearby HURDAT2 track and no matching Alabama NOAA Storm Events record within the configured time buffer.,Kate,1624.4600036070656,0,,0,0,0,0.3886680058557212,0.6193451518944328,0.6991221324799234,0.9924537593514392,0.0,0.0,0.0,,,,,,,,,0.0,0,0,0.0,0.0,0.0,0.0,Rainfall hazard without matched flood evidence,Insufficient record
ALRF-2015-018,2015,2015-11-18 16:00:00+00:00,2015-11-19 15:00:00+00:00,2015-11-18 04:00:00+00:00,2015-11-20 03:00:00+00:00,63.43766403198242,1.3493262775633388,31402020102,2015-11-18 21:00:00+00:00,8,79.76414489746094,1.3355427480409794,31501070704,2015-11-18 19:00:00+00:00,59,114.25059509277344,1.568611579951939,31501070704,2015-11-18 21:00:00+00:00,91,119.92897033691406,1.133642625689608,31501070704,2015-11-18 23:00:00+00:00,4,119.92897033691406,0.8803188629349744,31501070704,2015-11-18 23:00:00+00:00,0,1.568611579951939,2015-11-18 21:00:00+00:00,6,101,15,29,340,AL-RF-20151118-0340,10.0,0.7351744273854579,101,10–25-year,Convective,Organized or localized severe convection,,Medium,10 convective/heavy-rain NOAA Storm Events records; Rx3h/Rx24h=0.67.,,,14,Flash Flood; Funnel Cloud; Strong Wind; Thunderstorm Wind,9,10,0,0.5289602991985027,0.6650948863596604,0.9526521804682516,1.0,0.0,0.0,0.0,,,,,,,,,0.0,9,9,15000.0,0.0,0.0,0.0,Reported flooding only,Insufficient record
ALRF-2015-019,2015,2015-12-01 20:00:00+00:00,2015-12-02 20:00:00+00:00,2015-12-01 08:00:00+00:00,2015-12-03 08:00:00+00:00,36.98582458496094,0.7423803211552458,31300040703,2015-12-02 11:00:00+00:00,0,58.76913833618164,0.8652402690753146,31300040710,2015-12-02 13:00:00+00:00,0,64.840087890625,0.9665354369467998,31501050804,2015-12-02 04:00:00+00:00,0,107.73114013671876,1.0820931858567346,31501050502,2015-12-02 12:00:00+00:00,10,164.05874633789062,1.2746072393545649,60300010303,2015-12-02 09:00:00+00:00,23,1.2746072393545649,2015-12-02 09:00:00+00:00,72,33,5,21,341,AL-RF-20151202-0341,5.0,0.6366620150170165,33,5–10-year,Unclassified,Insufficient external evidence,,Low,No nearby HURDAT2 track and no matching Alabama NOAA Storm Events record within the configured time buffer.,,,0,,0,0,0,0.3433160044349591,0.5455167211782895,0.6018695041038102,0.6566619734789318,0.0,0.0,0.0,,,,,,,,,0.0,0,0,0.0,0.0,0.0,0.0,Rainfall hazard without matched flood evidence,Insufficient record
ALRF-2015-020,2015,2015-12-22 07:00:00+00:00,2015-12-22 12:00:00+00:00,2015-12-21 19:00:00+00:00,2015-12-23 00:00:00+00:00,37.80292892456055,0.8352283191406122,31501100701,2015-12-22 07:00:00+00:00,0,86.3592300415039,1.2961100474117595,31403030405,2015-12-22 07:00:00+00:00,17,103.69583129882812,1.3591761381732856,31502010302,2015-12-22 08:00:00+00:00,30,110.84400177001952,1.0103869738082476,31502010302,2015-12-22 09:00:00+00:00,1,110.84400177001952,0.7965386412096934,31502010302,2015-12-22 09:00:00+00:00,0,1.3591761381732856,2015-12-22 08:00:00+00:00,6,31,3,21,342,AL-RF-20151222-0342,5.0,0.5815449488343909,31,5–10-year,Convective,Organized or localized severe convection,,Medium,5 convective/heavy-rain NOAA Storm Events records; Rx3h/Rx24h=0.78.,,,5,Flash Flood; Hail; Thunderstorm Wind; Tornado,1,5,0,0.3410462300250989,0.7791060288556081,0.9355114362794072,1.0,1.0,1.0,0.0,2.0,2.0,,1660.0,16.116504854368934,40.0,40.0,40.0,0.0,1,1,30000.0,0.0,0.0,0.0,Measured annual-peak response,2–5-year
ALRF-2015-021,2015,2015-12-23 13:00:00+00:00,2015-12-28 22:00:00+00:00,2015-12-23 01:00:00+00:00,2015-12-29 10:00:00+00:00,68.78010559082031,1.5796696238781058,31501100303,2015-12-24 16:00:00+00:00,60,129.08372497558594,2.1044485351387148,31501100504,2015-12-24 17:00:00+00:00,305,165.9597930908203,2.221303781709612,60300060102,2015-12-25 20:00:00+00:00,361,277.5263061523437,2.546111626423432,31300031201,2015-12-25 04:00:00+00:00,456,376.60260009765625,2.8856274278790304,31300030804,2015-12-25 04:00:00+00:00,779,2.8856274278790304,2015-12-25 04:00:00+00:00,72,822,9,440,343,AL-RF-20151225-0343,200.0,1.2569934246590344,822,200–500-year,Frontal/extratropical candidate,Prolonged or widespread non-tropical rainfall,,Medium–low,No nearby HURDAT2 system; 72 flood/heavy-rain NOAA records; affected HUCs=822; Rx24h/Rx72h=0.74.,,,88,Flash Flood; Flood; Hail; Heavy Rain; Thunderstorm Wind; Tornado,72,72,0,0.2478327425763543,0.4651224842978576,0.5979966201824459,0.7369208446260829,91.0,91.0,30.0,104.86079924597884,89.0,104.86079924597884,176000.0,823.1292517006802,-4.0,-28.0,140.0,22.0,72,54,7741000.0,0.0,3.0,0.0,Measured major-flood response,100–200-year
ALRF-2015-022,2015,2015-12-31 14:00:00+00:00,2015-12-31 21:00:00+00:00,2015-12-31 02:00:00+00:00,2016-01-01 09:00:00+00:00,17.881052017211914,0.364194756669874,31402020502,2015-12-31 13:00:00+00:00,0,34.43656539916992,0.5094148312890601,31402020502,2015-12-31 15:00:00+00:00,0,48.57357406616211,0.591073437085027,31402020503,2015-12-31 15:00:00+00:00,0,120.69366455078124,1.0378684165509715,31402020504,2015-12-31 15:00:00+00:00,2,174.17396545410156,1.2022645631869773,31402020504,2015-12-31 20:00:00+00:00,10,1.2022645631869773,2015-12-31 20:00:00+00:00,72,10,3,7,344,AL-RF-20151231-0344,2.0,0.4961045379769829,10,2–5-year,Frontal/extratropical candidate,Prolonged or widespread non-tropical rainfall,,Medium–low,No nearby HURDAT2 system; 7 flood/heavy-rain NOAA records; affected HUCs=10; Rx24h/Rx72h=0.69.,,,8,Flash Flood; Flood; Hail,7,5,0,0.1481523664374989,0.2853220633190809,0.402453386819861,0.6929489389307527,0.0,0.0,0.0,,,,,,,,,0.0,7,4,1520000.0,0.0,0.0,0.0,Reported flooding only,Insufficient record
ALRF-2016-001,2016,2016-02-03 06:00:00+00:00,2016-02-03 18:00:00+00:00,2016-02-02 18:00:00+00:00,2016-02-04 06:00:00+00:00,51.35721969604492,1.154024667471719,31601060502,2016-02-03 00:00:00+00:00,1,72.41743469238281,1.1588783682116552,31601060502,2016-02-03 01:00:00+00:00,5,77.36919403076172,1.092094981724834,60300021009,2016-02-03 07:00:00+00:00,12,103.7009048461914,0.9936851830427962,31601060502,2016-02-03 11:00:00+00:00,0,103.7009048461914,0.7864912162507549,31601060502,2016-02-03 11:00:00+00:00,0,1.1588783682116552,2016-02-03 01:00:00+00:00,3,14,9,3,345,AL-RF-20160203-0345,2.0,0.575215810454256,14,2–5-year,Convective,Organized or localized severe convection,,Medium,10 convective/heavy-rain NOAA Storm Events records; Rx3h/Rx24h=0.70.,,,11,Flash Flood; Flood; Thunderstorm Wind; Tornado,3,10,0,0.4952436989071374,0.6983298246027067,0.7460802212431538,1.0,0.0,0.0,0.0,,,,,,,,,0.0,3,2,0.0,0.0,0.0,0.0,Reported flooding only,Insufficient record
ALRF-2016-002,2016,2016-02-24 02:00:00+00:00,2016-02-25 20:00:00+00:00,2016-02-23 14:00:00+00:00,2016-02-26 08:00:00+00:00,63.32538986206055,1.2726358871358796,31300040702,2016-02-24 06:00:00+00:00,17,88.56432342529297,1.4262734590508708,31502030110,2016-02-24 04:00:00+00:00,43,94.31844329833984,1.2577269999439915,31502030110,2016-02-24 06:00:00+00:00,24,102.69783782958984,0.9502294097172816,31502030110,2016-02-24 05:00:00+00:00,0,160.19996643066406,1.1779239976969766,31502030110,2016-02-24 06:00:00+00:00,17,1.4262734590508708,2016-02-24 04:00:00+00:00,3,50,6,20,346,AL-RF-20160224-0346,10.0,0.6784052398359266,50,10–25-year,Convective,Organized or localized severe convection,,Medium,31 convective/heavy-rain NOAA Storm Events records; Rx3h/Rx24h=0.86.,,,38,Flash Flood; Flood; High Wind; Thunderstorm Wind; Tornado,6,31,0,0.6166185306368241,0.8623776828899834,0.9184072935872885,0.6410602955652825,2.0,2.0,1.0,13.060862706989724,7.75,13.060862706989724,7870.0,215.23809523809524,-4.0,-4.0,-4.0,0.0,6,2,0.0,0.0,0.0,0.0,Measured major-flood response,10–25-year
ALRF-2016-003,2016,2016-03-11 18:00:00+00:00,2016-03-14 02:00:00+00:00,2016-03-11 06:00:00+00:00,2016-03-14 14:00:00+00:00,48.242313385009766,0.7979348050876746,31700080601,2016-03-11 16:00:00+00:00,0,68.48115539550781,1.0217662563083696,31602010909,2016-03-11 07:00:00+00:00,1,104.29650115966795,0.9728408988745124,31700090102,2016-03-11 20:00:00+00:00,0,142.291259765625,1.268995696087703,31602010802,2016-03-12 02:00:00+00:00,30,154.63853454589844,1.0786342101046913,31700020507,2016-03-12 23:00:00+00:00,8,1.268995696087703,2016-03-12 02:00:00+00:00,24,30,2,29,347,AL-RF-20160312-0347,5.0,0.5773337082624248,30,5–10-year,Frontal/extratropical candidate,Prolonged or widespread non-tropical rainfall,,Medium–low,No nearby HURDAT2 system; 7 flood/heavy-rain NOAA records; affected HUCs=30; Rx24h/Rx72h=0.92.,,,9,Flash Flood; Heavy Rain; Strong Wind; Thunderstorm Wind,7,8,0,0.3390391895079998,0.4812745034959035,0.7329789709604083,0.9201539589305366,0.0,0.0,0.0,,,,,,,,,0.0,7,6,0.0,0.0,0.0,0.0,Reported flooding only,Insufficient record
ALRF-2016-004,2016,2016-03-31 21:00:00+00:00,2016-04-03 21:00:00+00:00,2016-03-31 09:00:00+00:00,2016-04-04 09:00:00+00:00,66.78360748291016,1.2661757870311172,31402030101,2016-03-31 21:00:00+00:00,8,95.80412292480467,1.3012402061166248,31402011004,2016-03-31 22:00:00+00:00,31,117.29610443115234,1.3303515668072736,31402011004,2016-04-01 01:00:00+00:00,38,197.7733612060547,1.6371864735708612,31402011004,2016-04-01 20:00:00+00:00,56,246.86485290527344,1.6464112637598889,31402011004,2016-04-02 08:00:00+00:00,35,1.6464112637598889,2016-04-02 08:00:00+00:00,72,82,10,30,348,AL-RF-20160402-0348,10.0,0.6447059131073132,82,10–25-year,Frontal/extratropical candidate,Prolonged or widespread non-tropical rainfall,,Medium–low,No nearby HURDAT2 system; 25 flood/heavy-rain NOAA records; affected HUCs=82; Rx24h/Rx72h=0.80.,,,56,Flash Flood; Flood; Hail; Heavy Rain; Thunderstorm Wind; Tornado,25,54,0,0.3376774661443415,0.4844136861535613,0.5930834350787249,0.8011402144879002,3.0,3.0,0.0,4.406124201664061,4.5,4.406124201664061,21300.0,28.973384030418252,-32.0,-32.0,-8.0,0.0,25,22,150000.0,0.0,0.0,0.0,Measured annual-peak response,2–5-year
ALRF-2016-005,2016,2016-06-14 04:00:00+00:00,2016-06-14 05:00:00+00:00,2016-06-13 16:00:00+00:00,2016-06-14 17:00:00+00:00,54.841270446777344,1.2432661785775074,31601130301,2016-06-14 03:00:00+00:00,2,79.24549102783203,1.293340227666303,31601130301,2016-06-14 04:00:00+00:00,5,93.55223846435548,1.2672248537847528,31601130301,2016-06-14 06:00:00+00:00,2,94.59862518310548,0.9009770863008654,31601130301,2016-06-14 07:00:00+00:00,0,94.93598175048828,0.7203657635377568,31601130301,2016-06-14 07:00:00+00:00,0,1.293340227666303,2016-06-14 04:00:00+00:00,3,5,2,4,349,AL-RF-20160614-0349,5.0,0.6404117946752563,5,5–10-year,Convective,Organized or localized severe convection,,Medium,2 convective/heavy-rain NOAA Storm Events records; Rx3h/Rx24h=0.84.,,,12,Drought; Heat; Thunderstorm Wind,0,2,0,0.579725871709302,0.8377023542831002,0.9889386688577704,0.9964464836075592,0.0,0.0,0.0,,,,,,,,,0.0,0,0,0.0,0.0,0.0,0.0,Rainfall hazard without matched flood evidence,Insufficient record
ALRF-2016-006,2016,2016-06-15 12:00:00+00:00,2016-06-18 12:00:00+00:00,2016-06-15 00:00:00+00:00,2016-06-19 00:00:00+00:00,53.79362106323242,1.2394156276422996,31601070302,2016-06-15 12:00:00+00:00,2,103.4320068359375,1.5345857678054555,31502030402,2016-06-15 14:00:00+00:00,17,151.7490997314453,1.885305579246771,31502030401,2016-06-15 17:00:00+00:00,15,171.9027557373047,1.5003285479166668,31502030402,2016-06-15 19:00:00+00:00,7,185.30377197265625,1.2858985630111786,31502030402,2016-06-15 19:00:00+00:00,6,1.885305579246771,2016-06-15 17:00:00+00:00,6,19,2,12,350,AL-RF-20160615-0350,25.0,0.7810630960427041,19,25–50-year,Convective,Organized or localized severe convection,,Medium,118 convective/heavy-rain NOAA Storm Events records; Rx3h/Rx24h=0.60.,Danielle,1412.1816024106804,130,Drought; Hail; Heat; Thunderstorm Wind,0,118,0,0.3129305335013815,0.6016890560730649,0.8827612976917169,0.9276808232628472,0.0,0.0,0.0,,,,,,,,,0.0,0,0,0.0,0.0,0.0,0.0,Rainfall hazard without matched flood evidence,Insufficient record
ALRF-2016-007,2016,2016-06-29 05:00:00+00:00,2016-06-29 05:00:00+00:00,2016-06-28 17:00:00+00:00,2016-06-29 17:00:00+00:00,64.3336181640625,1.2944735402544567,31402010206,2016-06-29 04:00:00+00:00,1,81.1610336303711,1.180473379345482,31402010206,2016-06-29 05:00:00+00:00,3,81.24149322509766,0.9797046286991256,31402010206,2016-06-29 06:00:00+00:00,0,86.59213256835938,0.7446189454523566,31602030201,2016-06-28 22:00:00+00:00,0,90.99158477783205,0.6431634883758678,31300040602,2016-06-29 06:00:00+00:00,0,1.2944735402544567,2016-06-29 04:00:00+00:00,1,3,1,3,351,AL-RF-20160629-0351,5.0,0.6282173338830915,3,5–10-year,Convective candidate,Thunderstorm-associated rainfall,,Low,1 convective/heavy-rain NOAA Storm Events records; rainfall duration signature was not decisive.,,,10,Drought; Flash Flood,1,1,0,0.7429499223070284,0.9372795336377616,0.9382087126790912,0.9516499001504974,0.0,0.0,0.0,,,,,,,,,0.0,1,1,0.0,0.0,0.0,0.0,Reported flooding only,Insufficient record
ALRF-2016-008,2016,2016-09-17 20:00:00+00:00,2016-09-18 03:00:00+00:00,2016-09-17 08:00:00+00:00,2016-09-18 15:00:00+00:00,64.37335205078125,1.4491592220353733,31502020501,2016-09-17 19:00:00+00:00,6,81.36192321777344,1.3266909245094345,31502020501,2016-09-17 19:00:00+00:00,11,89.7140884399414,1.2031280159922055,31601070104,2016-09-18 00:00:00+00:00,8,97.2920150756836,0.9211527575162924,31502010701,2016-09-18 04:00:00+00:00,0,97.2920150756836,0.7283331035258397,31502010701,2016-09-18 04:00:00+00:00,0,1.4491592220353733,2016-09-17 19:00:00+00:00,1,12,8,4,352,AL-RF-20160917-0352,10.0,0.7420214890035524,12,10–25-year,Unclassified,Insufficient external evidence,,Low,No nearby HURDAT2 track and no matching Alabama NOAA Storm Events record within the configured time buffer.,Julia,777.7042367276948,19,Drought,0,0,0,0.6616509278865808,0.8362651668225998,0.9221115254952084,1.0,0.0,0.0,0.0,,,,,,,,,0.0,0,0,0.0,0.0,0.0,0.0,Rainfall hazard without matched flood evidence,Insufficient record
ALRF-2016-009,2016,2016-11-29 05:00:00+00:00,2016-11-29 12:00:00+00:00,2016-11-28 17:00:00+00:00,2016-11-30 00:00:00+00:00,56.09846115112305,1.295954660454013,31501090703,2016-11-29 08:00:00+00:00,8,86.33845520019531,1.4321619468116695,31502020401,2016-11-29 05:00:00+00:00,34,108.87882995605467,1.4905698027583911,31502020401,2016-11-29 08:00:00+00:00,29,109.25546264648438,1.03546379064478,31502020401,2016-11-29 10:00:00+00:00,2,109.25546264648438,0.8097355173201994,31502020401,2016-11-29 10:00:00+00:00,0,1.4905698027583911,2016-11-29 08:00:00+00:00,6,41,8,23,353,AL-RF-20161129-0353,10.0,0.6802251111060957,41,10–25-year,Convective,Organized or localized severe convection,,Medium,41 convective/heavy-rain NOAA Storm Events records; Rx3h/Rx24h=0.79.,,,185,Drought; Flash Flood; Hail; Strong Wind; Thunderstorm Wind; Tornado,4,41,0,0.5134613848338153,0.7902438295424994,0.9965527335539428,1.0,0.0,0.0,0.0,,,,,,,,,0.0,4,4,0.0,0.0,0.0,0.0,Reported flooding only,Insufficient record
ALRF-2016-010,2016,2016-11-30 11:00:00+00:00,2016-12-03 04:00:00+00:00,2016-11-29 23:00:00+00:00,2016-12-03 16:00:00+00:00,37.90981674194336,0.9267237349447196,60300010601,2016-11-30 12:00:00+00:00,0,67.99048614501953,1.2289917288053858,60300010703,2016-11-30 16:00:00+00:00,10,98.3349380493164,1.4163951787606863,60300010601,2016-11-30 14:00:00+00:00,29,138.62185668945312,1.423163473725506,60300010307,2016-11-30 18:00:00+00:00,24,168.62387084960938,1.3271503039303212,60300010307,2016-11-30 18:00:00+00:00,17,1.423163473725506,2016-11-30 18:00:00+00:00,24,36,6,17,354,AL-RF-20161130-0354,10.0,0.7110125116982978,36,10–25-year,Frontal/extratropical candidate,Prolonged or widespread non-tropical rainfall,,Medium–low,No nearby HURDAT2 system; 4 flood/heavy-rain NOAA records; affected HUCs=36; Rx24h/Rx72h=0.82.,,,182,Drought; Flash Flood; Hail; Thunderstorm Wind; Tornado,4,40,0,0.2734764751194368,0.4904745021366641,0.7093754217245173,0.8220773013394161,0.0,0.0,0.0,,,,,,,,,0.0,4,4,0.0,0.0,0.0,0.0,Reported flooding only,Insufficient record
ALRF-2016-011,2016,2016-12-05 01:00:00+00:00,2016-12-08 20:00:00+00:00,2016-12-04 13:00:00+00:00,2016-12-09 08:00:00+00:00,32.35627365112305,0.7911738920475105,60300021103,2016-12-06 09:00:00+00:00,0,70.41153717041016,1.025339567338717,31300040703,2016-12-06 00:00:00+00:00,1,110.039794921875,1.3590331374604665,31300040801,2016-12-06 03:00:00+00:00,30,193.29876708984372,1.7201992873797534,31300040801,2016-12-06 12:00:00+00:00,31,252.33616638183597,1.793850447991129,31300040801,2016-12-06 12:00:00+00:00,84,1.793850447991129,2016-12-06 12:00:00+00:00,72,84,1,84,355,AL-RF-20161206-0355,10.0,0.7403110531993338,84,10–25-year,Frontal/extratropical candidate,Prolonged or widespread non-tropical rainfall,,Medium–low,No nearby HURDAT2 system; 5 flood/heavy-rain NOAA records; affected HUCs=84; Rx24h/Rx72h=0.77.,,,77,Drought; Flood,5,0,0,0.1673899639312448,0.3642627329210197,0.5692731339084505,0.7660367115086603,0.0,0.0,0.0,,,,,,,,,0.0,5,0,0.0,0.0,0.0,0.0,Reported flooding only,Insufficient record
ALRF-2017-001,2017,2017-01-01 09:00:00+00:00,2017-01-05 09:00:00+00:00,2016-12-31 21:00:00+00:00,2017-01-05 21:00:00+00:00,41.40753173828125,0.9624857104616796,31300030305,2017-01-03 00:00:00+00:00,0,82.98873901367188,1.3698728670715965,31300030803,2017-01-03 01:00:00+00:00,38,102.40335083007812,1.404607389611255,31300030803,2017-01-03 03:00:00+00:00,75,180.7631072998047,1.622641499889661,31403010103,2017-01-03 03:00:00+00:00,254,264.6502685546875,1.8716746474763937,31403010103,2017-01-03 23:00:00+00:00,569,1.8716746474763937,2017-01-03 23:00:00+00:00,72,569,2,554,356,AL-RF-20170103-0356,25.0,0.8207641283583477,569,25–50-year,Frontal/extratropical candidate,Prolonged or widespread non-tropical rainfall,,Medium–low,No nearby HURDAT2 system; 13 flood/heavy-rain NOAA records; affected HUCs=569; Rx24h/Rx72h=0.68.,,,138,Drought; Flash Flood; Flood; Hail; Ice Storm; Lightning; Strong Wind; Thunderstorm Wind; Tornado,13,32,0,0.2290707011890694,0.4591021932148516,0.566505811720956,0.6830263512936949,27.0,27.0,3.0,11.803306543839215,11.25,11.803306543839215,63500.0,453.01204819277103,-23.0,-71.0,73.0,2.0,13,9,2580000.0,0.0,0.0,0.0,Measured major-flood response,10–25-year
ALRF-2017-002,2017,2017-01-21 17:00:00+00:00,2017-01-21 18:00:00+00:00,2017-01-21 05:00:00+00:00,2017-01-22 06:00:00+00:00,34.102725982666016,0.7823038401894049,31502020701,2017-01-21 13:00:00+00:00,0,72.42810821533203,1.066608319257884,31402010205,2017-01-22 06:00:00+00:00,2,74.87226104736328,1.0936072071695848,31300020603,2017-01-21 17:00:00+00:00,4,120.22203063964844,1.0413625329669511,31402010205,2017-01-22 06:00:00+00:00,1,131.81317138671875,0.9319695363744124,31502030801,2017-01-22 06:00:00+00:00,0,1.0936072071695848,2017-01-21 17:00:00+00:00,6,6,2,4,357,AL-RF-20170121-0357,2.0,0.5118269140196734,6,2–5-year,Convective,Organized or localized severe convection,,Medium,82 convective/heavy-rain NOAA Storm Events records; Rx3h/Rx24h=0.60.,,,111,Drought; Flash Flood; Flood; Hail; Thunderstorm Wind; Tornado,11,82,0,0.2836645313776555,0.6024528768144572,0.6227832007910779,0.9120638656582828,0.0,0.0,0.0,,,,,,,,,0.0,11,9,0.0,0.0,0.0,0.0,Reported flooding only,Insufficient record
ALRF-2017-003,2017,2017-01-22 07:00:00+00:00,2017-01-24 16:00:00+00:00,2017-01-21 19:00:00+00:00,2017-01-25 04:00:00+00:00,40.64409255981445,0.7628022816632574,31402010901,2017-01-22 04:00:00+00:00,0,72.42810821533203,1.066608319257884,31402010205,2017-01-22 06:00:00+00:00,2,82.30181121826172,1.2450898871742644,60300010403,2017-01-23 04:00:00+00:00,12,132.9025421142578,1.151201049903137,31402010205,2017-01-22 20:00:00+00:00,11,189.07748413085935,1.3247260736925497,31402010205,2017-01-22 20:00:00+00:00,44,1.3247260736925497,2017-01-22 20:00:00+00:00,72,53,6,26,358,AL-RF-20170122-0358,5.0,0.5884154168776204,53,5–10-year,Frontal/extratropical candidate,Prolonged or widespread non-tropical rainfall,,Medium–low,No nearby HURDAT2 system; 11 flood/heavy-rain NOAA records; affected HUCs=53; Rx24h/Rx72h=0.70.,,,111,Drought; Flash Flood; Flood; Hail; Thunderstorm Wind; Tornado,11,82,0,0.3058187745187919,0.5449715788962469,0.6192643865871724,0.7028998863887821,1.0,1.0,0.0,3.17620744464679,3.3,3.17620744464679,11900.0,17.346938775510203,4.0,4.0,4.0,0.0,11,9,0.0,0.0,0.0,0.0,Measured annual-peak response,2–5-year
ALRF-2017-004,2017,2017-04-05 15:00:00+00:00,2017-04-06 02:00:00+00:00,2017-04-05 03:00:00+00:00,2017-04-06 14:00:00+00:00,43.45813751220703,0.8856718328958743,31402010204,2017-04-05 18:00:00+00:00,0,66.58990478515625,1.0306900282770304,31300031308,2017-04-05 18:00:00+00:00,1,75.91297912597656,0.975457319319381,31300031308,2017-04-05 19:00:00+00:00,0,99.20808410644533,0.89154389246384,31300031308,2017-04-06 05:00:00+00:00,0,136.79364013671875,1.0276368535526106,31601081003,2017-04-05 15:00:00+00:00,5,1.0306900282770304,2017-04-05 18:00:00+00:00,3,6,4,2,359,AL-RF-20170405-0359,2.0,0.4805717874153064,6,2–5-year,Convective,Organized or localized severe convection,,Medium,98 convective/heavy-rain NOAA Storm Events records; Rx3h/Rx24h=0.67.,,,109,Drought; Hail; Rip Current; Thunderstorm Wind; Tornado,0,98,0,0.4380503655889435,0.6712145021741234,0.7651894481151933,0.725239009703167,0.0,0.0,0.0,,,,,,,,,0.0,0,0,0.0,0.0,0.0,0.0,Rainfall hazard without matched flood evidence,Insufficient record
ALRF-2017-005,2017,2017-05-21 00:00:00+00:00,2017-05-24 03:00:00+00:00,2017-05-20 12:00:00+00:00,2017-05-24 15:00:00+00:00,59.22754669189453,1.3172460480990127,31502010309,2017-05-21 02:00:00+00:00,7,121.17323303222656,1.9468504263155204,31502010406,2017-05-21 03:00:00+00:00,40,154.4443359375,2.048081761173887,31502010406,2017-05-21 05:00:00+00:00,75,180.5628662109375,1.6803791214169894,31502010311,2017-05-21 08:00:00+00:00,49,227.74609375,1.67248937290689,31502010311,2017-05-23 16:00:00+00:00,99,2.048081761173887,2017-05-21 05:00:00+00:00,6,112,6,103,360,AL-RF-20170521-0360,50.0,0.936326519522173,112,50–100-year,Convective,Organized or localized severe convection,,Medium,82 convective/heavy-rain NOAA Storm Events records; Rx3h/Rx24h=0.67.,,,85,Drought; Flash Flood; Hail; Lightning; Thunderstorm Wind,8,82,0,0.3280162080651932,0.6710861185082725,0.8553493815116711,0.7928253048728195,5.0,5.0,1.0,12.0,12.0,,6750.0,1869.5652173913045,-17.0,-29.0,-17.0,2.0,8,8,0.0,0.0,0.0,0.0,Measured major-flood response,10–25-year
ALRF-2017-006,2017,2017-05-28 08:00:00+00:00,2017-05-28 09:00:00+00:00,2017-05-27 20:00:00+00:00,2017-05-28 21:00:00+00:00,38.247257232666016,0.9373389205245882,60300010905,2017-05-28 08:00:00+00:00,0,70.9811019897461,1.2046444872117836,60300020606,2017-05-28 08:00:00+00:00,7,73.78070068359375,1.0224335809162466,60300020606,2017-05-28 09:00:00+00:00,2,75.03345489501953,0.736963243222381,60300020606,2017-05-28 12:00:00+00:00,0,75.03345489501953,0.5794199843625735,60300020606,2017-05-28 12:00:00+00:00,0,1.2046444872117836,2017-05-28 08:00:00+00:00,3,7,1,7,361,AL-RF-20170528-0361,2.0,0.5901053645768128,7,2–5-year,Convective,Organized or localized severe convection,,Medium,64 convective/heavy-rain NOAA Storm Events records; Rx3h/Rx24h=0.95.,,,65,Hail; Strong Wind; Thunderstorm Wind,0,64,0,0.5097360542197923,0.9459927187020356,0.9833040579941504,1.0,0.0,0.0,0.0,,,,,,,,,0.0,0,0,0.0,0.0,0.0,0.0,Rainfall hazard without matched flood evidence,Insufficient record
ALRF-2017-007,2017,2017-06-18 11:00:00+00:00,2017-06-25 18:00:00+00:00,2017-06-17 23:00:00+00:00,2017-06-26 06:00:00+00:00,50.37887191772461,1.1421024177581902,31601130301,2017-06-24 07:00:00+00:00,1,94.1615753173828,1.5249523116048542,31502010311,2017-06-18 13:00:00+00:00,24,129.3236541748047,1.745210158433024,31502010501,2017-06-18 14:00:00+00:00,39,152.07969665527344,1.456537035299318,31601130701,2017-06-23 09:00:00+00:00,79,258.7947692871094,1.9652371010566416,31601130705,2017-06-24 08:00:00+00:00,309,1.9652371010566416,2017-06-24 08:00:00+00:00,72,315,9,228,362,AL-RF-20170624-0362,50.0,0.883635476269155,315,50–100-year,Tropical cyclone,Tropical cyclone or remnant,Cindy,High,HURDAT2 track within 321 km of rainfall footprint; track status=LO; 0 matching tropical NOAA Storm Events records.,Cindy,320.892467880953,71,Coastal Flood; Flash Flood; High Surf; Rip Current; Storm Surge/Tide; Thunderstorm Wind; Tornado,28,64,0,0.3312662572698372,0.6191594104163918,0.8503676494565149,0.5876459446000424,20.0,20.0,1.0,83.48734396004494,47.0,83.48734396004494,123000.0,328.9855072463768,-8.0,-152.0,64.0,4.0,28,23,570000.0,0.0,0.0,0.0,Measured major-flood response,50–100-year
ALRF-2017-008,2017,2017-06-30 12:00:00+00:00,2017-06-30 18:00:00+00:00,2017-06-30 00:00:00+00:00,2017-07-01 06:00:00+00:00,62.7612533569336,1.4312807862748531,31601120301,2017-06-30 12:00:00+00:00,10,102.36221313476562,1.6700351793727726,31601120301,2017-06-30 13:00:00+00:00,25,106.54471588134766,1.4409718850127209,31601120301,2017-06-30 15:00:00+00:00,19,116.19829559326172,1.109495934727912,31601120301,2017-06-30 16:00:00+00:00,4,155.0034637451172,0.9348642988934488,31401030402,2017-07-01 03:00:00+00:00,0,1.6700351793727726,2017-06-30 13:00:00+00:00,3,25,1,25,363,AL-RF-20170630-0363,25.0,0.8165120771140172,25,25–50-year,Convective,Organized or localized severe convection,,Medium,3 convective/heavy-rain NOAA Storm Events records; Rx3h/Rx24h=0.88.,,,9,Flood; Thunderstorm Wind,6,3,0,0.5401219788681056,0.8809269758402684,0.916921503343687,0.749649670954028,2.0,2.0,0.0,2.162656814850835,2.25,2.162656814850835,23400.0,118.5064935064935,-13.0,-13.0,-13.0,1.0,6,0,0.0,0.0,0.0,0.0,Measured annual-peak response,2–5-year
ALRF-2017-009,2017,2017-07-28 17:00:00+00:00,2017-07-28 17:00:00+00:00,2017-07-28 05:00:00+00:00,2017-07-29 05:00:00+00:00,22.0887393951416,0.5404969258038864,60300021105,2017-07-28 14:00:00+00:00,0,51.43551635742188,0.8797936359265353,60300020501,2017-07-28 16:00:00+00:00,0,76.0815200805664,1.0748177873134537,60300040401,2017-07-28 16:00:00+00:00,4,99.3231430053711,0.9767905282238544,60300040401,2017-07-29 01:00:00+00:00,0,110.25286102294922,0.8391726969926384,60300040401,2017-07-29 01:00:00+00:00,0,1.0748177873134537,2017-07-28 16:00:00+00:00,6,4,2,3,364,AL-RF-20170728-0364,2.0,0.504706275427552,4,2–5-year,Convective candidate,Thunderstorm-associated rainfall,,Low,7 convective/heavy-rain NOAA Storm Events records; rainfall duration signature was not decisive.,,,7,Flash Flood; Thunderstorm Wind,6,7,0,0.2223926743231143,0.517860337490935,0.7659999248760397,0.9008668082064274,0.0,0.0,0.0,,,,,,,,,0.0,6,6,0.0,0.0,0.0,0.0,Reported flooding only,Insufficient record
ALRF-2017-010,2017,2017-08-05 03:00:00+00:00,2017-08-05 06:00:00+00:00,2017-08-04 15:00:00+00:00,2017-08-05 18:00:00+00:00,51.950138092041016,1.0478373501476226,31402020503,2017-08-05 02:00:00+00:00,2,90.74442291259766,1.3136066506927042,31402020504,2017-08-05 03:00:00+00:00,4,96.24308013916016,1.161734135220712,31402020504,2017-08-05 04:00:00+00:00,5,146.1830291748047,0.9578284620218578,31401060601,2017-08-05 02:00:00+00:00,0,155.51466369628906,0.8266753024301052,31401070103,2017-08-05 17:00:00+00:00,0,1.3136066506927042,2017-08-05 03:00:00+00:00,3,6,4,3,365,AL-RF-20170805-0365,5.0,0.5610902771635955,6,5–10-year,Convective,Organized or localized severe convection,,Medium,3 convective/heavy-rain NOAA Storm Events records; Rx3h/Rx24h=0.62.,Franklin,1537.3905452024023,4,Flash Flood; Flood,4,3,0,0.3553773538918761,0.6207589446247285,0.6583738254874533,0.9399951470833098,0.0,0.0,0.0,,,,,,,,,0.0,4,3,0.0,0.0,0.0,0.0,Reported flooding only,Insufficient record
ALRF-2017-011,2017,2017-08-08 19:00:00+00:00,2017-08-08 21:00:00+00:00,2017-08-08 07:00:00+00:00,2017-08-09 09:00:00+00:00,39.481929779052734,0.9004774644901931,31601130105,2017-08-08 19:00:00+00:00,0,77.28857421875,1.2748629379951897,31601130205,2017-08-08 20:00:00+00:00,3,82.17887878417969,1.1249558609685024,31601130205,2017-08-08 21:00:00+00:00,3,118.72058868408205,1.1347390365937275,31601130105,2017-08-08 20:00:00+00:00,1,138.93798828125,1.056947872186671,31601130105,2017-08-09 00:00:00+00:00,2,1.2748629379951897,2017-08-08 20:00:00+00:00,3,3,1,3,366,AL-RF-20170808-0366,5.0,0.6257348775196548,3,5–10-year,Convective,Organized or localized severe convection,,Medium,9 convective/heavy-rain NOAA Storm Events records; Rx3h/Rx24h=0.65.,Franklin,1444.9790252083192,12,Flash Flood; Flood,12,9,0,0.3325617756505148,0.6510123903143414,0.69220410457077,0.8544861643149589,0.0,0.0,0.0,,,,,,,,,0.0,12,9,0.0,0.0,0.0,0.0,Reported flooding only,Insufficient record
ALRF-2017-012,2017,2017-08-10 23:00:00+00:00,2017-08-11 11:00:00+00:00,2017-08-10 11:00:00+00:00,2017-08-11 23:00:00+00:00,91.74508666992188,2.0428626384473434,31502010406,2017-08-11 00:00:00+00:00,20,117.93448638916016,1.8948145506935103,31502010406,2017-08-11 01:00:00+00:00,37,115.91014862060548,1.6565025127798476,31300020804,2017-08-11 04:00:00+00:00,26,116.92308807373048,1.12958725611854,31300020804,2017-08-11 06:00:00+00:00,4,135.96693420410156,1.0394075877046969,31300020804,2017-08-11 06:00:00+00:00,1,2.0428626384473434,2017-08-11 00:00:00+00:00,1,41,9,15,367,AL-RF-20170811-0367,100.0,1.0317377727061072,41,100–200-year,Convective,Organized or localized severe convection,,Medium,31 convective/heavy-rain NOAA Storm Events records; Rx3h/Rx24h=1.01.,Franklin,1346.649372772786,37,Flash Flood; Flood; Heavy Rain; Rip Current,36,31,0,0.7846618506352517,1.0086501163464987,0.9913367028718378,0.8599376661550362,0.0,0.0,0.0,,,,,,,,,0.0,36,29,0.0,0.0,0.0,0.0,Reported flooding only,Insufficient record
ALRF-2017-013,2017,2017-08-30 13:00:00+00:00,2017-08-30 16:00:00+00:00,2017-08-30 01:00:00+00:00,2017-08-31 04:00:00+00:00,35.321746826171875,0.760037436563088,31403010102,2017-08-31 01:00:00+00:00,0,52.65043640136719,0.8963902685911014,31501090305,2017-08-30 16:00:00+00:00,0,82.63697814941406,0.8200146021295485,31401040303,2017-08-30 16:00:00+00:00,0,165.07215881347656,1.1105527382054887,31602050104,2017-08-30 15:00:00+00:00,6,175.5735626220703,0.945911359871478,31602050104,2017-08-31 04:00:00+00:00,0,1.1105527382054887,2017-08-30 15:00:00+00:00,24,6,2,3,368,AL-RF-20170830-0368,2.0,0.4262813350281157,6,2–5-year,Tropical cyclone,Tropical depression,Harvey,High,HURDAT2 track within 389 km of rainfall footprint; track status=TD; 0 matching tropical NOAA Storm Events records.,Harvey,388.9242696213098,15,Coastal Flood; Flash Flood; Thunderstorm Wind; Tornado,6,14,0,0.2139776148810394,0.3189540669959953,0.5006112402200409,0.9401880120687732,0.0,0.0,0.0,,,,,,,,,0.0,6,5,0.0,0.0,0.0,0.0,Reported flooding only,Insufficient record
ALRF-2017-014,2017,2017-08-31 13:00:00+00:00,2017-09-01 19:00:00+00:00,2017-08-31 01:00:00+00:00,2017-09-02 07:00:00+00:00,42.87069320678711,0.7866412891879663,31401030302,2017-08-31 14:00:00+00:00,0,48.22905349731445,0.8477159924374393,60300050703,2017-09-01 01:00:00+00:00,0,94.81182861328124,1.0415695723833407,31402020604,2017-08-31 15:00:00+00:00,2,128.3119659423828,1.0308626923181703,31402020602,2017-08-31 22:00:00+00:00,4,207.13015747070312,1.193711269663121,31401040303,2017-08-31 19:00:00+00:00,15,1.193711269663121,2017-08-31 19:00:00+00:00,72,18,5,10,369,AL-RF-20170831-0369,2.0,0.4227619635401705,18,2–5-year,Tropical cyclone,Tropical cyclone or remnant,Harvey,High,HURDAT2 track within 382 km of rainfall footprint; track status=EX; 0 matching tropical NOAA Storm Events records.,Harvey,381.5411990124075,13,Coastal Flood; Flash Flood; Thunderstorm Wind; Tornado,4,12,0,0.3341129791904035,0.3758733890724675,0.7389164986830264,0.6194750562120898,0.0,0.0,0.0,,,,,,,,,0.0,4,3,0.0,0.0,0.0,0.0,Reported flooding only,Insufficient record
ALRF-2017-015,2017,2017-10-08 08:00:00+00:00,2017-10-11 07:00:00+00:00,2017-10-07 20:00:00+00:00,2017-10-11 19:00:00+00:00,56.717655181884766,0.9629704250137872,31700080206,2017-10-08 08:00:00+00:00,0,124.43963623046876,1.5652565467981905,31401040101,2017-10-08 10:00:00+00:00,23,177.10838317871094,1.8226229181188225,31401040102,2017-10-08 12:00:00+00:00,60,196.24806213378903,1.4668228429437316,31401040101,2017-10-08 16:00:00+00:00,62,278.5500183105469,1.5759887728604849,31700080501,2017-10-10 00:00:00+00:00,44,1.8226229181188225,2017-10-08 12:00:00+00:00,6,117,15,30,370,AL-RF-20171008-0370,25.0,0.7837673171879518,117,25–50-year,Tropical cyclone,Tropical depression,Nate,High,HURDAT2 track within 13 km of rainfall footprint; track status=TD; 23 matching tropical NOAA Storm Events records.,Nate,13.013779700748522,42,Flash Flood; Flood; Rip Current; Storm Surge/Tide; Tornado; Tropical Storm,10,11,23,0.2890100139853528,0.6340935797146061,0.9024720104393696,0.7045343716868764,8.0,8.0,0.0,5.5,5.5,2.7943023363473856,3830.0,562.3188405797102,0.0,-6.75,28.0,2.0,10,3,19513000.0,0.0,0.0,0.0,Measured annual-peak response,5–10-year
ALRF-2017-016,2017,2017-10-22 18:00:00+00:00,2017-10-24 17:00:00+00:00,2017-10-22 06:00:00+00:00,2017-10-25 05:00:00+00:00,57.92697525024414,1.291811948653826,31300031103,2017-10-23 13:00:00+00:00,10,142.37161254882812,1.6051755731179125,31700080702,2017-10-22 20:00:00+00:00,34,184.20347595214844,1.7114353320272335,31700080702,2017-10-22 23:00:00+00:00,80,211.6699066162109,1.422042409814415,31700080702,2017-10-23 01:00:00+00:00,11,211.67770385742188,1.1419469240612303,31700080702,2017-10-23 01:00:00+00:00,3,1.7114353320272335,2017-10-22 23:00:00+00:00,6,85,9,29,371,AL-RF-20171022-0371,10.0,0.7561032265616695,85,10–25-year,Convective,Organized or localized severe convection,,Medium,10 convective/heavy-rain NOAA Storm Events records; Rx3h/Rx24h=0.67.,,,10,Flash Flood; Thunderstorm Wind; Tornado,8,10,0,0.2736665602412457,0.6726114960071724,0.8702393216723848,0.9999631645607032,3.0,3.0,0.0,9.430542739463307,8.0,9.430542739463307,8050.0,145.56962025316457,1.0,0.0,12.5,0.0,8,8,140000.0,0.0,0.0,0.0,Measured annual-peak response,5–10-year
ALRF-2018-001,2018,2018-02-11 18:00:00+00:00,2018-02-14 07:00:00+00:00,2018-02-11 06:00:00+00:00,2018-02-14 19:00:00+00:00,35.221561431884766,0.6475163461461003,31402011105,2018-02-11 08:00:00+00:00,0,65.19517517089844,0.850550520797242,31402020906,2018-02-11 09:00:00+00:00,0,92.81502532958984,1.0115051112021638,31402020906,2018-02-11 09:00:00+00:00,1,179.94898986816406,1.431149234175884,31402020906,2018-02-12 03:00:00+00:00,70,200.0556640625,1.2749119120713022,31402020906,2018-02-12 10:00:00+00:00,49,1.431149234175884,2018-02-12 03:00:00+00:00,24,70,4,65,372,AL-RF-20180212-0372,5.0,0.516440738976212,70,5–10-year,Frontal/extratropical candidate,Prolonged or widespread non-tropical rainfall,,Medium–low,No nearby HURDAT2 system; 4 flood/heavy-rain NOAA records; affected HUCs=70; Rx24h/Rx72h=0.90.,,,29,Drought; Flood; Thunderstorm Wind; Tornado,4,3,0,0.1957308093681944,0.3622980891343838,0.5157851977807092,0.8994946017221769,3.0,3.0,0.0,2.6009338391132784,2.5384615384615388,2.6009338391132784,31400.0,13.125,22.5,5.25,45.25,0.0,4,0,5000.0,0.0,0.0,0.0,Measured annual-peak response,2–5-year
ALRF-2018-002,2018,2018-04-14 21:00:00+00:00,2018-04-17 21:00:00+00:00,2018-04-14 09:00:00+00:00,2018-04-18 09:00:00+00:00,52.95884323120117,0.9949842555779378,31602030605,2018-04-14 23:00:00+00:00,0,132.2605743408203,1.7978718134338605,31602030605,2018-04-15 01:00:00+00:00,23,190.79055786132807,2.0610253667588534,31700080105,2018-04-15 00:00:00+00:00,62,213.90170288085935,1.6592511913007952,31700080105,2018-04-15 07:00:00+00:00,62,213.90170288085935,1.3337776379401685,31700080105,2018-04-15 07:00:00+00:00,28,2.0610253667588534,2018-04-15 00:00:00+00:00,6,69,2,68,373,AL-RF-20180415-0373,50.0,0.9086707969146752,69,50–100-year,Convective,Organized or localized severe convection,,Medium,10 convective/heavy-rain NOAA Storm Events records; Rx3h/Rx24h=0.62.,,,10,Flash Flood; Thunderstorm Wind,5,10,0,0.2475849538266584,0.6183240832565406,0.8919543663829368,1.0,3.0,3.0,1.0,32.67904441640812,31.0,32.67904441640812,17500.0,245.71428571428572,13.0,-3.5,78.75,0.0,5,5,1325000.0,0.0,0.0,1.0,Measured major-flood response,25–50-year
ALRF-2018-003,2018,2018-04-23 02:00:00+00:00,2018-04-23 04:00:00+00:00,2018-04-22 14:00:00+00:00,2018-04-23 16:00:00+00:00,30.744468688964844,0.7208721817463164,31300030402,2018-04-23 05:00:00+00:00,0,56.83432769775391,0.9342204948309156,31601100105,2018-04-23 02:00:00+00:00,0,86.14827728271484,1.1521440642766352,31601100105,2018-04-23 03:00:00+00:00,11,109.5966339111328,1.0067215779578904,31601100105,2018-04-23 05:00:00+00:00,1,110.76008605957033,0.8059937316914483,31601100105,2018-04-23 16:00:00+00:00,0,1.1521440642766352,2018-04-23 03:00:00+00:00,6,11,2,10,374,AL-RF-20180423-0374,2.0,0.5792328542816353,11,2–5-year,Convective candidate,Thunderstorm-associated rainfall,,Low,16 convective/heavy-rain NOAA Storm Events records; rainfall duration signature was not decisive.,,,22,Strong Wind; Thunderstorm Wind; Tornado,0,16,0,0.2805238408498404,0.5185773109038952,0.786048569270556,0.98949574535531,0.0,0.0,0.0,,,,,,,,,0.0,0,0,0.0,0.0,0.0,0.0,Rainfall hazard without matched flood evidence,Insufficient record
ALRF-2018-004,2018,2018-05-22 21:00:00+00:00,2018-05-26 04:00:00+00:00,2018-05-22 09:00:00+00:00,2018-05-26 16:00:00+00:00,44.14282989501953,1.0394239139553312,31300021306,2018-05-23 06:00:00+00:00,1,92.70134735107422,1.5737889828310767,31300021306,2018-05-23 07:00:00+00:00,3,107.98448944091795,1.5128426914420214,31300021306,2018-05-23 09:00:00+00:00,4,148.4457244873047,1.4549080555760512,31300021306,2018-05-23 16:00:00+00:00,8,185.26222229003903,1.4361754407590654,31300021306,2018-05-25 13:00:00+00:00,8,1.5737889828310767,2018-05-23 07:00:00+00:00,3,10,2,6,375,AL-RF-20180523-0375,10.0,0.7766688256935541,10,10–25-year,Tropical cyclone,Tropical storm,Alberto,High,HURDAT2 track within 368 km of rainfall footprint; track status=TS; 0 matching tropical NOAA Storm Events records.,Alberto,367.616606394877,2,Flash Flood,2,2,0,0.2973667988584925,0.6244797394552255,0.7274341501843186,0.8012735821278449,0.0,0.0,0.0,,,,,,,,,0.0,2,2,0.0,0.0,0.0,0.0,Reported flooding only,Insufficient record
ALRF-2018-005,2018,2018-05-29 13:00:00+00:00,2018-06-02 09:00:00+00:00,2018-05-29 01:00:00+00:00,2018-06-02 21:00:00+00:00,54.5186882019043,1.308298845216254,60300051001,2018-05-29 22:00:00+00:00,3,116.64842987060548,2.0042805871728264,60300051001,2018-05-29 23:00:00+00:00,65,148.61376953125,2.102413179246628,60300051001,2018-05-30 00:00:00+00:00,88,163.5165252685547,1.6071886266436146,60300051001,2018-05-30 08:00:00+00:00,91,203.92083740234372,1.5401553288486622,31502020803,2018-05-31 04:00:00+00:00,126,2.102413179246628,2018-05-30 00:00:00+00:00,6,165,5,123,376,AL-RF-20180530-0376,100.0,1.06183950695937,165,100–200-year,Tropical cyclone,Tropical depression,Alberto,High,HURDAT2 track within 0 km of rainfall footprint; track status=TD; 17 matching tropical NOAA Storm Events records.,Alberto,0.0,58,Flash Flood; Lightning; Thunderstorm Wind; Tropical Depression; Tropical Storm,10,41,17,0.3334139354561529,0.7133739521374096,0.9088608584800292,0.8018627588603425,4.0,4.0,0.0,4.113270507381052,4.190476190476191,4.113270507381052,27800.0,119.32773109243696,32.0,14.5,63.0,2.0,10,10,0.0,0.0,0.0,0.0,Measured annual-peak response,2–5-year
ALRF-2018-006,2018,2018-06-16 15:00:00+00:00,2018-06-16 23:00:00+00:00,2018-06-16 03:00:00+00:00,2018-06-17 11:00:00+00:00,31.173343658447266,0.7130258562824966,31501100203,2018-06-17 11:00:00+00:00,0,64.60662078857422,0.8789675196643356,31402020601,2018-06-16 13:00:00+00:00,0,72.26575469970703,0.8196320105068683,31402020601,2018-06-16 16:00:00+00:00,0,99.48894500732422,0.8201556725598291,31403010402,2018-06-16 03:00:00+00:00,0,178.3370819091797,1.154688961186183,31402020601,2018-06-16 20:00:00+00:00,3,1.154688961186183,2018-06-16 20:00:00+00:00,72,3,2,2,377,AL-RF-20180616-0377,2.0,0.4786254898951232,3,2–5-year,Convective,Organized or localized severe convection,,Medium,5 convective/heavy-rain NOAA Storm Events records; Rx3h/Rx24h=0.65.,,,5,Flash Flood; Hail; Heavy Rain; Thunderstorm Wind,3,5,0,0.3133347494654037,0.6493849219510568,0.7263696955916754,0.5578702081600178,0.0,0.0,0.0,,,,,,,,,0.0,3,2,0.0,0.0,0.0,0.0,Reported flooding only,Insufficient record
ALRF-2018-007,2018,2018-06-17 12:00:00+00:00,2018-06-20 09:00:00+00:00,2018-06-17 00:00:00+00:00,2018-06-20 21:00:00+00:00,51.56108474731445,1.1894142833084482,31300030501,2018-06-17 13:00:00+00:00,2,107.30611419677734,1.7833388152774614,31300030501,2018-06-17 14:00:00+00:00,6,161.37042236328125,2.215957422757969,31300030801,2018-06-17 15:00:00+00:00,8,171.33448791503906,1.6461786244909598,31300030801,2018-06-17 21:00:00+00:00,5,189.3603515625,1.4372131000138866,31300030801,2018-06-19 21:00:00+00:00,5,2.215957422757969,2018-06-17 15:00:00+00:00,6,10,3,7,378,AL-RF-20180617-0378,100.0,1.0536330081003766,10,100–200-year,Convective,Organized or localized severe convection,,Medium,9 convective/heavy-rain NOAA Storm Events records; Rx3h/Rx24h=0.63.,,,9,Flash Flood; Hail; Thunderstorm Wind,2,9,0,0.3009381553869203,0.6262960569268928,0.9418443672782402,0.9048065579794228,0.0,0.0,0.0,,,,,,,,,0.0,2,2,0.0,0.0,0.0,0.0,Reported flooding only,Insufficient record
ALRF-2018-008,2018,2018-06-23 16:00:00+00:00,2018-06-24 10:00:00+00:00,2018-06-23 04:00:00+00:00,2018-06-24 22:00:00+00:00,32.89141845703125,0.7573982986733623,31601090302,2018-06-23 15:00:00+00:00,0,62.90917205810547,1.0257196861151372,31601090305,2018-06-23 17:00:00+00:00,1,85.70636749267578,1.1396781570665804,31601090305,2018-06-23 17:00:00+00:00,4,105.59217071533205,0.968498905771122,31601090305,2018-06-24 02:00:00+00:00,0,169.6020050048828,1.2424600901805616,31601090306,2018-06-24 02:00:00+00:00,20,1.2424600901805616,2018-06-24 02:00:00+00:00,72,20,1,20,379,AL-RF-20180624-0379,5.0,0.5876431267816505,20,5–10-year,Convective,Organized or localized severe convection,,Medium,54 convective/heavy-rain NOAA Storm Events records; Rx3h/Rx24h=0.60.,,,57,Funnel Cloud; Hail; Lightning; Thunderstorm Wind; Tornado,0,54,0,0.3114948602174668,0.5957749673288137,0.8116735067766836,0.6225879859869112,0.0,0.0,0.0,,,,,,,,,0.0,0,0,0.0,0.0,0.0,0.0,Rainfall hazard without matched flood evidence,Insufficient record
ALRF-2018-009,2018,2018-06-28 18:00:00+00:00,2018-06-28 18:00:00+00:00,2018-06-28 06:00:00+00:00,2018-06-29 06:00:00+00:00,44.930545806884766,1.162726764200389,60300010402,2018-06-28 18:00:00+00:00,3,49.45347213745117,0.9387271443799504,60300010202,2018-06-28 19:00:00+00:00,0,50.37474060058594,0.7793185013967027,60300010202,2018-06-28 21:00:00+00:00,0,78.36721801757812,0.8015226369332319,31501050302,2018-06-28 19:00:00+00:00,0,102.77960205078124,0.7827680477455845,31501050705,2018-06-28 19:00:00+00:00,0,1.162726764200389,2018-06-28 18:00:00+00:00,1,3,1,3,380,AL-RF-20180628-0380,2.0,0.5261441022250452,3,2–5-year,Convective,Organized or localized severe convection,,Medium,127 convective/heavy-rain NOAA Storm Events records; Rx3h/Rx24h=0.63.,,,127,Hail; Lightning; Thunderstorm Wind,0,127,0,0.5733334287406584,0.6310479482167981,0.6428037370075668,0.7624783172332047,0.0,0.0,0.0,,,,,,,,,0.0,0,0,0.0,0.0,0.0,0.0,Rainfall hazard without matched flood evidence,Insufficient record
ALRF-2018-010,2018,2018-07-16 00:00:00+00:00,2018-07-16 04:00:00+00:00,2018-07-15 12:00:00+00:00,2018-07-16 16:00:00+00:00,52.74712371826172,1.2117525191230287,31601110409,2018-07-16 00:00:00+00:00,8,79.01100158691406,1.2694437399569105,31502010406,2018-07-16 01:00:00+00:00,7,87.21631622314453,1.1565729843642976,31502010406,2018-07-16 04:00:00+00:00,4,90.15966033935548,0.864154286670094,31601110410,2018-07-16 16:00:00+00:00,0,108.6817398071289,0.8081232969704419,31502010502,2018-07-16 04:00:00+00:00,0,1.2694437399569105,2018-07-16 01:00:00+00:00,3,11,3,5,381,AL-RF-20180716-0381,5.0,0.6105316683277799,11,5–10-year,Convective,Organized or localized severe convection,,Medium,2 convective/heavy-rain NOAA Storm Events records; Rx3h/Rx24h=0.88.,Beryl,1711.4366307584662,2,Flash Flood,2,2,0,0.5850412869760684,0.876345377628104,0.9673540904531764,0.8295750555645918,0.0,0.0,0.0,,,,,,,,,0.0,2,2,0.0,0.0,0.0,0.0,Reported flooding only,Insufficient record
ALRF-2018-011,2018,2018-07-16 17:00:00+00:00,2018-07-16 22:00:00+00:00,2018-07-16 05:00:00+00:00,2018-07-17 10:00:00+00:00,31.70779609680176,0.7284188992249578,31601110409,2018-07-16 17:00:00+00:00,0,58.58838272094727,0.9682763271377371,31601110412,2018-07-16 17:00:00+00:00,0,82.07215118408203,1.088356364253115,31502010406,2018-07-16 05:00:00+00:00,1,122.66191864013672,1.177656634542386,31601110412,2018-07-16 19:00:00+00:00,4,136.75112915039062,1.0351615315618454,31601110412,2018-07-16 19:00:00+00:00,2,1.177656634542386,2018-07-16 19:00:00+00:00,24,5,2,4,382,AL-RF-20180716-0382,2.0,0.5079149657659812,5,2–5-year,Convective candidate,Thunderstorm-associated rainfall,,Low,2 convective/heavy-rain NOAA Storm Events records; rainfall duration signature was not decisive.,Beryl,1958.7998290323408,2,Flash Flood,2,2,0,0.2584974737744442,0.4776411731568685,0.6690923482524662,0.896971889023604,0.0,0.0,0.0,,,,,,,,,0.0,2,2,0.0,0.0,0.0,0.0,Reported flooding only,Insufficient record
ALRF-2018-012,2018,2018-07-19 22:00:00+00:00,2018-07-19 22:00:00+00:00,2018-07-19 10:00:00+00:00,2018-07-20 10:00:00+00:00,47.90943145751953,1.1401123386073553,31501060505,2018-07-19 22:00:00+00:00,3,77.50711059570312,0.9696171018060058,31401030401,2018-07-20 02:00:00+00:00,0,79.41629791259766,0.816419698554753,31401030401,2018-07-20 04:00:00+00:00,0,72.48554992675781,0.697111924058352,31601060305,2018-07-19 18:00:00+00:00,0,104.56053161621094,0.7867565863330007,31601060305,2018-07-19 18:00:00+00:00,0,1.1401123386073553,2018-07-19 22:00:00+00:00,1,3,2,2,383,AL-RF-20180719-0383,2.0,0.5203482442332887,3,2–5-year,Convective candidate,Thunderstorm-associated rainfall,,Low,1 convective/heavy-rain NOAA Storm Events records; rainfall duration signature was not decisive.,,,1,Thunderstorm Wind,0,1,0,0.6609514793766352,1.069276713414181,1.0956155812136754,0.6932400668429629,0.0,0.0,0.0,,,,,,,,,0.0,0,0,0.0,0.0,0.0,0.0,Rainfall hazard without matched flood evidence,Insufficient record
ALRF-2018-013,2018,2018-08-01 14:00:00+00:00,2018-08-03 22:00:00+00:00,2018-08-01 02:00:00+00:00,2018-08-04 10:00:00+00:00,46.702430725097656,0.8569504611599398,31401030302,2018-08-01 03:00:00+00:00,0,70.17514038085938,1.1640486899215037,31502020401,2018-08-01 17:00:00+00:00,1,94.07674407958984,1.3366311317282669,31501060108,2018-08-01 03:00:00+00:00,3,148.177734375,1.4584271625668883,31501060108,2018-08-01 21:00:00+00:00,13,173.23915100097656,1.411243076300976,31501050106,2018-08-02 19:00:00+00:00,16,1.4584271625668883,2018-08-01 21:00:00+00:00,24,24,4,16,384,AL-RF-20180801-0384,10.0,0.71772180751038,24,10–25-year,Convective candidate,Thunderstorm-associated rainfall,,Low,6 convective/heavy-rain NOAA Storm Events records; rainfall duration signature was not decisive.,Debby,3275.226743748908,11,Flash Flood; Flood; Heavy Rain; Rip Current,9,6,0,0.315178464039042,0.4735876187934147,0.6348912302944627,0.8553362996691476,0.0,0.0,0.0,,,,,,,,,0.0,9,5,0.0,0.0,0.0,0.0,Reported flooding only,Insufficient record
ALRF-2018-014,2018,2018-09-05 07:00:00+00:00,2018-09-08 13:00:00+00:00,2018-09-04 19:00:00+00:00,2018-09-09 01:00:00+00:00,106.42613220214844,2.379741633216396,31601060706,2018-09-05 14:00:00+00:00,13,169.2960205078125,2.696751824957988,31602020701,2018-09-05 14:00:00+00:00,28,196.00999450683597,2.5949812428928483,31602020701,2018-09-05 17:00:00+00:00,54,235.9438018798828,2.23974714245292,31602020701,2018-09-05 18:00:00+00:00,84,241.78277587890625,1.8237624024290515,31602020701,2018-09-07 03:00:00+00:00,69,2.696751824957988,2018-09-05 14:00:00+00:00,3,91,4,39,385,AL-RF-20180905-0385,1000.0,1.3534216846639318,91,>1000-year,Tropical cyclone,Tropical storm,Gordon,High,HURDAT2 track within 64 km of rainfall footprint; track status=TS; 5 matching tropical NOAA Storm Events records.,Gordon,63.83407927612624,24,Flash Flood; Flood; Storm Surge/Tide; Thunderstorm Wind; Tropical Storm,17,14,5,0.4510655984781035,0.7175268820750791,0.8307486483862929,0.9758503310345488,3.0,3.0,0.0,5.100119326874171,4.526315789473684,5.100119326874171,14200.0,52.075471698113205,2.5,-3.5,38.0,0.0,17,12,85000.0,0.0,0.0,0.0,Measured annual-peak response,5–10-year
ALRF-2018-015,2018,2018-09-26 17:00:00+00:00,2018-09-28 00:00:00+00:00,2018-09-26 05:00:00+00:00,2018-09-28 12:00:00+00:00,39.466495513916016,0.9524304215258887,60300010804,2018-09-26 13:00:00+00:00,0,87.39794921875,1.435618211013206,31601120102,2018-09-26 18:00:00+00:00,8,108.47550201416016,1.484331469401359,31601120102,2018-09-26 20:00:00+00:00,7,114.3119659423828,1.0980987406877185,31601120102,2018-09-26 23:00:00+00:00,4,152.36122131347656,1.1838017784253276,60300010804,2018-09-27 21:00:00+00:00,12,1.484331469401359,2018-09-26 20:00:00+00:00,6,14,4,6,386,AL-RF-20180926-0386,10.0,0.6748677724388784,14,10–25-year,Convective,Organized or localized severe convection,,Medium,11 convective/heavy-rain NOAA Storm Events records; Rx3h/Rx24h=0.76.,Kirk,3070.696435223841,11,Flash Flood; Thunderstorm Wind,2,11,0,0.3452525305514253,0.7645564355248827,0.9489426685989774,0.7502694252311809,1.0,1.0,0.0,2.0650183061688594,2.3333333333333335,2.0650183061688594,5210.0,99.23809523809524,-4.5,-4.5,-4.5,0.0,2,2,0.0,0.0,0.0,0.0,Measured annual-peak response,2–5-year
ALRF-2018-016,2018,2018-10-10 21:00:00+00:00,2018-10-13 19:00:00+00:00,2018-10-10 09:00:00+00:00,2018-10-14 07:00:00+00:00,55.850128173828125,1.1708956301263842,31300040301,2018-10-11 00:00:00+00:00,7,100.02122497558594,1.518638880449546,31300040304,2018-10-11 01:00:00+00:00,38,142.58726501464844,1.781965025802236,31300040304,2018-10-11 01:00:00+00:00,133,175.64366149902344,1.617632750489106,31300031303,2018-10-11 04:00:00+00:00,151,183.3848876953125,1.3353319150789955,31300031303,2018-10-11 04:00:00+00:00,52,1.781965025802236,2018-10-11 01:00:00+00:00,6,161,1,161,387,AL-RF-20181011-0387,25.0,0.7694065146046208,161,25–50-year,Tropical cyclone,Hurricane,Michael,High,HURDAT2 track within 46 km of rainfall footprint; track status=HU; 12 matching tropical NOAA Storm Events records.,Michael,46.08099388885338,13,Hurricane (Typhoon); Storm Surge/Tide; Tropical Storm,1,0,12,0.3179740600781011,0.5694553627609389,0.811798523201711,0.9577870003707676,0.0,0.0,0.0,,,,,,,,,0.0,1,0,0.0,0.0,0.0,0.0,Reported flooding only,Insufficient record
ALRF-2018-017,2018,2018-11-08 00:00:00+00:00,2018-11-08 04:00:00+00:00,2018-11-07 12:00:00+00:00,2018-11-08 16:00:00+00:00,54.73276138305664,1.0413807443878458,31402030102,2018-11-07 23:00:00+00:00,1,116.6654281616211,1.5800479078182603,31402030102,2018-11-08 01:00:00+00:00,6,131.65370178222656,1.4882293665060349,31402030102,2018-11-08 02:00:00+00:00,6,136.92092895507812,1.1280676082530643,31402030102,2018-11-08 15:00:00+00:00,1,145.28286743164062,0.9599549834461264,31402030102,2018-11-08 15:00:00+00:00,0,1.5800479078182603,2018-11-08 01:00:00+00:00,3,7,3,4,388,AL-RF-20181108-0388,10.0,0.6847765401450703,7,10–25-year,Convective,Organized or localized severe convection,,Medium,3 convective/heavy-rain NOAA Storm Events records; Rx3h/Rx24h=0.85.,,,3,Flash Flood; Heavy Rain,3,3,0,0.3997399214331485,0.8520642465104616,0.9615308834591704,0.9424437401024108,0.0,0.0,0.0,,,,,,,,,0.0,3,2,1000.0,0.0,0.0,0.0,Reported flooding only,Insufficient record
ALRF-2018-018,2018,2018-12-02 09:00:00+00:00,2018-12-04 17:00:00+00:00,2018-12-01 21:00:00+00:00,2018-12-05 05:00:00+00:00,46.62124252319336,0.939680049452554,31300040801,2018-12-02 02:00:00+00:00,0,85.5225601196289,1.2587082906695288,31300040801,2018-12-02 02:00:00+00:00,4,100.32307434082033,1.2390279587296915,31300040801,2018-12-02 02:00:00+00:00,4,146.69317626953125,1.305448043365087,31300040801,2018-12-02 14:00:00+00:00,37,163.05616760253906,1.159161540319677,31300040801,2018-12-03 18:00:00+00:00,11,1.305448043365087,2018-12-02 14:00:00+00:00,24,37,3,35,389,AL-RF-20181202-0389,5.0,0.5820003837803379,37,5–10-year,Convective,Organized or localized severe convection,,Medium,10 convective/heavy-rain NOAA Storm Events records; Rx3h/Rx24h=0.58.,,,10,Flash Flood; Thunderstorm Wind; Tornado,1,10,0,0.3178146639727289,0.5830029882405122,0.6838973488207019,0.8996481300057674,0.0,0.0,0.0,,,,,,,,,0.0,1,1,0.0,0.0,0.0,0.0,Reported flooding only,Insufficient record
ALRF-2018-019,2018,2018-12-28 00:00:00+00:00,2018-12-31 04:00:00+00:00,2018-12-27 12:00:00+00:00,2018-12-31 16:00:00+00:00,58.16884231567383,1.1724083189527086,31602030104,2018-12-28 00:00:00+00:00,8,100.58960723876952,1.4081326886930208,31700020605,2018-12-28 01:00:00+00:00,32,136.8304443359375,1.713530396017117,31602010801,2018-12-28 09:00:00+00:00,50,209.98716735839844,1.8808278029260732,31602010801,2018-12-28 13:00:00+00:00,372,208.46099853515625,1.5555330277089745,31602010405,2018-12-30 19:00:00+00:00,128,1.8808278029260732,2018-12-28 13:00:00+00:00,24,372,7,338,390,AL-RF-20181228-0390,25.0,0.8440817012997638,372,25–50-year,Frontal/extratropical candidate,Prolonged or widespread non-tropical rainfall,,Medium–low,No nearby HURDAT2 system; 3 flood/heavy-rain NOAA records; affected HUCs=372; Rx24h/Rx72h=1.01.,,,10,Flash Flood; Hail; Strong Wind; Thunderstorm Wind,3,9,0,0.2770114147803774,0.4790274020273194,0.651613363127092,1.0073211240182407,35.0,35.0,1.0,10.566235083991481,8.875,10.566235083991481,175000.0,177.07317073170734,2.0,-17.5,74.5,8.0,3,3,800000.0,0.0,0.0,0.0,Measured major-flood response,10–25-year
ALRF-2019-001,2019,2019-01-23 19:00:00+00:00,2019-01-26 11:00:00+00:00,2019-01-23 07:00:00+00:00,2019-01-26 23:00:00+00:00,64.97310638427734,1.253959959987525,31602030701,2019-01-23 21:00:00+00:00,3,109.75829315185548,1.532802531952695,31602030501,2019-01-23 21:00:00+00:00,29,154.34384155273438,1.7686497514526325,31602030701,2019-01-23 21:00:00+00:00,34,171.46910095214844,1.3939517938889407,31602030701,2019-01-24 02:00:00+00:00,16,171.46910095214844,1.099790774380878,31602030701,2019-01-24 02:00:00+00:00,5,1.7686497514526325,2019-01-23 21:00:00+00:00,6,37,5,24,391,AL-RF-20190123-0391,25.0,0.7847666711896794,37,25–50-year,Convective,Organized or localized severe convection,,Medium,10 convective/heavy-rain NOAA Storm Events records; Rx3h/Rx24h=0.64.,,,15,Flash Flood; Flood; Thunderstorm Wind,11,10,0,0.3789202020859097,0.6401053749181639,0.9001262658734464,1.0,0.0,0.0,0.0,,,,,,,,,0.0,11,6,100000.0,0.0,0.0,0.0,Reported flooding only,Insufficient record
ALRF-2019-002,2019,2019-02-21 22:00:00+00:00,2019-02-25 18:00:00+00:00,2019-02-21 10:00:00+00:00,2019-02-26 06:00:00+00:00,32.68510055541992,0.7569598063406553,31601100105,2019-02-21 23:00:00+00:00,0,57.88975524902344,1.0209625083463505,60300050803,2019-02-23 08:00:00+00:00,1,83.59730529785156,1.20528686570125,60300050803,2019-02-23 09:00:00+00:00,2,130.53746032714844,1.3010089137909462,60300050803,2019-02-24 03:00:00+00:00,47,218.25375366210935,1.6858623158426584,60300050803,2019-02-23 13:00:00+00:00,148,1.6858623158426584,2019-02-23 13:00:00+00:00,72,148,2,147,392,AL-RF-20190223-0392,25.0,0.8139821156435945,148,25–50-year,Frontal/extratropical candidate,Prolonged or widespread non-tropical rainfall,,Medium–low,No nearby HURDAT2 system; 55 flood/heavy-rain NOAA records; affected HUCs=148; Rx24h/Rx72h=0.60.,,,72,Flash Flood; Flood; Funnel Cloud; Thunderstorm Wind; Tornado,55,19,0,0.2503886660082528,0.4434723573136948,0.6404085470051502,0.5980994971992126,20.0,20.0,3.0,19.17091395299039,12.875000000000002,19.17091395299039,78100.0,911.5646258503401,7.166666666666667,-5.0,29.0,6.0,55,3,0.0,0.0,1.0,1.0,Measured major-flood response,10–25-year
ALRF-2019-003,2019,2019-04-14 06:00:00+00:00,2019-04-14 14:00:00+00:00,2019-04-13 18:00:00+00:00,2019-04-15 02:00:00+00:00,53.26639175415039,1.2607077259763335,31601030601,2019-04-14 06:00:00+00:00,31,89.9007339477539,1.5127032662190174,31601030601,2019-04-14 07:00:00+00:00,26,95.2001495361328,1.3064195680400716,31601030601,2019-04-14 08:00:00+00:00,9,115.45606231689452,1.0875353553811409,31601030601,2019-04-14 07:00:00+00:00,1,122.97830963134766,0.8915941942524901,31601030601,2019-04-15 00:00:00+00:00,0,1.5127032662190174,2019-04-14 07:00:00+00:00,3,44,7,19,393,AL-RF-20190414-0393,10.0,0.7298188144044649,44,10–25-year,Convective,Organized or localized severe convection,,Medium,54 convective/heavy-rain NOAA Storm Events records; Rx3h/Rx24h=0.78.,,,56,Hail; High Wind; Strong Wind; Thunderstorm Wind; Tornado,0,54,0,0.4613563868820424,0.7786575442093425,0.8245573911470763,0.9388327312596622,1.0,1.0,0.0,3.666666666666667,3.666666666666667,,386.0,559.4202898550725,5.0,5.0,5.0,1.0,0,0,0.0,0.0,0.0,0.0,Measured annual-peak response,2–5-year
ALRF-2019-004,2019,2019-04-19 07:00:00+00:00,2019-04-22 07:00:00+00:00,2019-04-18 19:00:00+00:00,2019-04-22 19:00:00+00:00,69.81612396240234,1.6535858365036482,31300021302,2019-04-19 10:00:00+00:00,12,135.04150390625,2.302507088610966,31300021302,2019-04-19 10:00:00+00:00,53,151.88330078125,2.130786191241252,31300021302,2019-04-19 13:00:00+00:00,67,162.73287963867188,1.5899133326159038,31300021302,2019-04-20 00:00:00+00:00,25,164.08639526367188,1.2675985668701517,31300021302,2019-04-20 15:00:00+00:00,7,2.302507088610966,2019-04-19 10:00:00+00:00,3,71,4,67,394,AL-RF-20190419-0394,200.0,1.149732882624248,71,200–500-year,Convective,Organized or localized severe convection,,Medium,71 convective/heavy-rain NOAA Storm Events records; Rx3h/Rx24h=0.83.,,,71,Thunderstorm Wind,0,71,0,0.4290228509285915,0.8298353977763613,0.933328907584552,0.9917512014154188,3.0,3.0,0.0,3.0,3.0,2.703817917180126,3610.0,670.0,2.0,-3.25,2.0,0.0,0,0,0.0,0.0,0.0,0.0,Measured annual-peak response,2–5-year
ALRF-2019-005,2019,2019-06-07 04:00:00+00:00,2019-06-11 14:00:00+00:00,2019-06-06 16:00:00+00:00,2019-06-12 02:00:00+00:00,58.94521331787109,1.4002739151010413,31501090801,2019-06-07 07:00:00+00:00,14,92.51310729980467,1.5643806880607978,31501090801,2019-06-07 08:00:00+00:00,32,107.27531433105467,1.4736879412613022,31501090502,2019-06-07 10:00:00+00:00,29,139.90379333496094,1.395000657971198,31501080704,2019-06-09 09:00:00+00:00,11,185.79632568359372,1.3978188843963264,31501090204,2019-06-09 19:00:00+00:00,36,1.5643806880607978,2019-06-07 08:00:00+00:00,3,53,11,23,395,AL-RF-20190607-0395,10.0,0.7646846956152226,53,10–25-year,Convective,Organized or localized severe convection,,Medium,18 convective/heavy-rain NOAA Storm Events records; Rx3h/Rx24h=0.66.,,,18,Flash Flood; Hail; Thunderstorm Wind; Tornado,1,18,0,0.4213267697234133,0.6612623224468807,0.7667791685548769,0.7529954794327495,0.0,0.0,0.0,,,,,,,,,0.0,1,1,0.0,0.0,0.0,0.0,Reported flooding only,Insufficient record
ALRF-2019-006,2019,2019-07-17 13:00:00+00:00,2019-07-17 21:00:00+00:00,2019-07-17 01:00:00+00:00,2019-07-18 09:00:00+00:00,39.527462005615234,0.9325338480817584,60300060206,2019-07-17 13:00:00+00:00,0,68.35218811035156,1.216437692109105,60300050702,2019-07-17 15:00:00+00:00,2,81.23210906982422,1.1547039244451962,60300050808,2019-07-17 15:00:00+00:00,3,97.14414978027344,0.9551949360541052,60300050808,2019-07-17 16:00:00+00:00,0,146.24928283691406,1.1208445089023389,60300051003,2019-07-17 15:00:00+00:00,6,1.216437692109105,2019-07-17 15:00:00+00:00,3,8,2,7,396,AL-RF-20190717-0396,5.0,0.5990511363199592,8,5–10-year,Tropical cyclone,Tropical cyclone or remnant,Barry,High,HURDAT2 track within 492 km of rainfall footprint; track status=LO; 0 matching tropical NOAA Storm Events records.,Barry,491.6757877114051,12,Flash Flood; Thunderstorm Wind,1,12,0,0.4068949298029872,0.7036161031308082,0.8362017605132163,0.6642367599750976,0.0,0.0,0.0,,,,,,,,,0.0,1,1,0.0,0.0,0.0,0.0,Reported flooding only,Insufficient record
ALRF-2019-007,2019,2019-08-25 22:00:00+00:00,2019-08-27 20:00:00+00:00,2019-08-25 10:00:00+00:00,2019-08-28 08:00:00+00:00,60.18472671508789,1.487215628399199,60300050803,2019-08-25 22:00:00+00:00,5,108.6080322265625,1.9154464988079745,60300050803,2019-08-25 23:00:00+00:00,6,123.92649841308594,1.7867439664167974,60300050803,2019-08-26 00:00:00+00:00,6,144.01675415039062,1.4353510510724246,60300050803,2019-08-26 10:00:00+00:00,4,165.73870849609375,1.2802191863447625,60300050803,2019-08-26 14:00:00+00:00,5,1.9154464988079745,2019-08-25 23:00:00+00:00,3,15,6,4,397,AL-RF-20190825-0397,50.0,0.9453101715476256,15,50–100-year,Convective,Organized or localized severe convection,,Medium,29 convective/heavy-rain NOAA Storm Events records; Rx3h/Rx24h=0.75.,Erin,1151.023818151634,32,Drought; Flash Flood; Thunderstorm Wind,11,29,0,0.4179008690352757,0.7541347037522295,0.8605005656749819,0.8689385567028532,0.0,0.0,0.0,,,,,,,,,0.0,11,11,0.0,0.0,0.0,0.0,Reported flooding only,Insufficient record
ALRF-2019-008,2019,2019-10-06 00:00:00+00:00,2019-10-06 08:00:00+00:00,2019-10-05 12:00:00+00:00,2019-10-06 20:00:00+00:00,48.29094696044922,1.1973933089585798,31300020603,2019-10-06 00:00:00+00:00,2,69.60026550292969,1.2457816541109488,31300020602,2019-10-06 01:00:00+00:00,5,92.2483139038086,1.2745567509347755,31601110403,2019-10-06 08:00:00+00:00,4,103.1836166381836,0.9921383246833392,31601110403,2019-10-06 09:00:00+00:00,0,103.1836166381836,0.7837925523352404,31601110403,2019-10-06 09:00:00+00:00,0,1.2745567509347755,2019-10-06 08:00:00+00:00,6,6,2,3,398,AL-RF-20191006-0398,5.0,0.6028769391694725,6,5–10-year,Convective,Organized or localized severe convection,,Medium,5 convective/heavy-rain NOAA Storm Events records; Rx3h/Rx24h=0.67.,Lorenzo,6216.968568904376,20,Drought; Thunderstorm Wind,0,5,0,0.468009830763956,0.6745282610802942,0.8940209396544031,1.0,0.0,0.0,0.0,,,,,,,,,0.0,0,0,0.0,0.0,0.0,0.0,Rainfall hazard without matched flood evidence,Insufficient record
ALRF-2019-009,2019,2019-10-25 15:00:00+00:00,2019-10-29 00:00:00+00:00,2019-10-25 03:00:00+00:00,2019-10-29 12:00:00+00:00,59.07392501831055,1.3353111340657595,31602010105,2019-10-26 04:00:00+00:00,16,101.13778686523438,1.6301116664554602,31601130507,2019-10-26 04:00:00+00:00,57,137.19125366210938,1.8349027896535768,31601060709,2019-10-26 06:00:00+00:00,106,214.0222320556641,2.0356104972267266,31602010402,2019-10-26 07:00:00+00:00,208,224.7791290283203,1.6923328595816145,31602010402,2019-10-26 17:00:00+00:00,140,2.0356104972267266,2019-10-26 07:00:00+00:00,24,232,3,205,399,AL-RF-20191026-0399,50.0,0.924375345147202,232,50–100-year,Tropical cyclone,Tropical cyclone or remnant,Olga,High,HURDAT2 track within 150 km of rainfall footprint; track status=EX; 0 matching tropical NOAA Storm Events records.,Olga,150.40976114428918,26,Drought; Strong Wind; Thunderstorm Wind; Tornado,0,5,0,0.2760177036325192,0.4725573875845286,0.6410140308527758,0.9521445918081612,0.0,0.0,0.0,,,,,,,,,0.0,0,0,0.0,0.0,0.0,0.0,Rainfall hazard without matched flood evidence,Insufficient record
ALRF-2019-010,2019,2019-10-30 15:00:00+00:00,2019-11-02 14:00:00+00:00,2019-10-30 03:00:00+00:00,2019-11-03 02:00:00+00:00,77.94954681396484,1.3156381445501986,31700080303,2019-10-30 17:00:00+00:00,3,140.95172119140625,1.7002867535855144,31700080303,2019-10-30 17:00:00+00:00,5,208.85092163085935,2.067455682571206,31700080402,2019-10-30 18:00:00+00:00,13,273.6903686523437,1.941788215182662,31700080402,2019-10-31 00:00:00+00:00,25,307.2044677734375,1.749687278308647,31700080402,2019-10-31 17:00:00+00:00,16,2.067455682571206,2019-10-30 18:00:00+00:00,6,27,6,11,400,AL-RF-20191030-0400,50.0,0.9100401023571362,27,50–100-year,Unclassified,Insufficient external evidence,,Low,No nearby HURDAT2 track and no matching Alabama NOAA Storm Events record within the configured time buffer.,Rebekah,3681.524116728284,52,Drought; Frost/Freeze; Strong Wind,0,0,0,0.2848092433715874,0.5150043163208666,0.7630919665140028,0.8909062118659996,1.0,1.0,0.0,4.990570990856583,5.142857142857142,4.990570990856583,2420.0,76.87420584498093,3.0,3.0,3.0,0.0,0,0,0.0,0.0,0.0,0.0,Measured annual-peak response,2–5-year
ALRF-2019-011,2019,2019-12-01 01:00:00+00:00,2019-12-01 06:00:00+00:00,2019-11-30 13:00:00+00:00,2019-12-01 18:00:00+00:00,29.884614944458008,0.742596158484047,60300021205,2019-12-01 00:00:00+00:00,0,58.64194869995117,1.0424672200033631,60300050802,2019-12-01 01:00:00+00:00,3,85.68147277832031,1.209529653066105,60300040405,2019-12-01 05:00:00+00:00,14,111.81250762939452,1.1008755149024223,60300040405,2019-12-01 07:00:00+00:00,2,112.91287994384766,0.8620900598877976,60300040405,2019-12-01 07:00:00+00:00,0,1.209529653066105,2019-12-01 05:00:00+00:00,6,14,4,8,401,AL-RF-20191201-0401,5.0,0.5804697326260712,14,5–10-year,Convective candidate,Thunderstorm-associated rainfall,,Low,12 convective/heavy-rain NOAA Storm Events records; rainfall duration signature was not decisive.,,,14,Flash Flood; Flood; Hail,13,12,0,0.2672743468334628,0.5244668055770776,0.7662959591454096,0.9902546785185148,0.0,0.0,0.0,,,,,,,,,0.0,13,11,0.0,0.0,0.0,0.0,Reported flooding only,Insufficient record
ALRF-2020-001,2020,2020-01-11 16:00:00+00:00,2020-01-12 01:00:00+00:00,2020-01-11 04:00:00+00:00,2020-01-12 13:00:00+00:00,52.6596794128418,1.1458277053112436,31403010101,2020-01-11 22:00:00+00:00,2,93.96405029296876,1.5501211548906293,31601010503,2020-01-11 17:00:00+00:00,21,109.97408294677734,1.4772939858097522,31601010503,2020-01-11 19:00:00+00:00,22,136.3566131591797,1.2783658489917296,31601010503,2020-01-11 19:00:00+00:00,11,137.0739288330078,0.9930312640470856,31601010503,2020-01-12 00:00:00+00:00,0,1.5501211548906293,2020-01-11 17:00:00+00:00,3,26,2,24,402,AL-RF-20200111-0402,10.0,0.7836074013295697,26,10–25-year,Convective,Organized or localized severe convection,,Medium,155 convective/heavy-rain NOAA Storm Events records; Rx3h/Rx24h=0.69.,,,155,Hail; Heavy Rain; Lightning; Thunderstorm Wind; Tornado,1,155,0,0.3861908725421924,0.6891051934773211,0.806518146783215,0.9947669430654316,0.0,0.0,0.0,,,,,,,,,0.0,1,0,0.0,0.0,0.0,0.0,Reported flooding only,Insufficient record
ALRF-2020-002,2020,2020-01-14 12:00:00+00:00,2020-01-14 14:00:00+00:00,2020-01-14 00:00:00+00:00,2020-01-15 02:00:00+00:00,28.617876052856445,0.6724598899348571,31601010503,2020-01-14 11:00:00+00:00,0,48.83171844482422,0.8126524280872843,31501070901,2020-01-14 03:00:00+00:00,0,53.59260940551758,0.7320390128419053,31501070901,2020-01-14 04:00:00+00:00,0,126.70594787597656,0.99362033852757,31403030702,2020-01-14 00:00:00+00:00,0,159.7141876220703,1.1570484844993094,31601010503,2020-01-14 13:00:00+00:00,6,1.1570484844993094,2020-01-14 13:00:00+00:00,72,6,2,4,403,AL-RF-20200114-0403,2.0,0.5485899123535256,6,2–5-year,Convective candidate,Thunderstorm-associated rainfall,,Low,3 convective/heavy-rain NOAA Storm Events records; rainfall duration signature was not decisive.,,,3,Heavy Rain; Thunderstorm Wind,1,3,0,0.2258605577132689,0.3853940502668597,0.422968379179607,0.7933293200964667,0.0,0.0,0.0,,,,,,,,,0.0,1,0,0.0,0.0,0.0,0.0,Reported flooding only,Insufficient record
ALRF-2020-003,2020,2020-02-05 22:00:00+00:00,2020-02-09 04:00:00+00:00,2020-02-05 10:00:00+00:00,2020-02-09 16:00:00+00:00,50.8027572631836,1.1882455216788486,31601110208,2020-02-06 07:00:00+00:00,4,71.74691009521484,1.20632708371171,31601110102,2020-02-06 09:00:00+00:00,32,100.73763275146484,1.498069378856293,31501050501,2020-02-06 11:00:00+00:00,53,143.28863525390625,1.36971241230549,31601110206,2020-02-06 18:00:00+00:00,98,153.99081420898438,1.209233664876567,60300020302,2020-02-07 06:00:00+00:00,34,1.498069378856293,2020-02-06 11:00:00+00:00,6,106,13,63,404,AL-RF-20200206-0404,10.0,0.7088134552207004,106,10–25-year,Frontal/extratropical candidate,Prolonged or widespread non-tropical rainfall,,Medium–low,No nearby HURDAT2 system; 35 flood/heavy-rain NOAA records; affected HUCs=106; Rx24h/Rx72h=0.93.,,,89,Flash Flood; Flood; Hail; Thunderstorm Wind; Tornado; Winter Weather,35,64,0,0.3545484062512113,0.5007159846842,0.7030399345555816,0.9305011859957182,15.0,15.0,2.0,21.92695942811591,21.25,21.92695942811591,41900.0,266.384778012685,4.25,-8.0,32.5,5.0,35,15,250000.0,0.0,1.0,1.0,Measured major-flood response,10–25-year
ALRF-2020-004,2020,2020-02-10 21:00:00+00:00,2020-02-13 20:00:00+00:00,2020-02-10 09:00:00+00:00,2020-02-14 08:00:00+00:00,54.59358596801758,1.0338599980753589,31700020607,2020-02-11 01:00:00+00:00,2,81.3010025024414,1.3342759352774485,31601130102,2020-02-10 21:00:00+00:00,9,101.05787658691406,1.3783070625599405,31601130102,2020-02-10 21:00:00+00:00,16,167.55166625976562,1.5985852738474855,31601130602,2020-02-11 12:00:00+00:00,99,209.89378356933597,1.6002015069738127,31601130602,2020-02-13 11:00:00+00:00,204,1.6002015069738127,2020-02-13 11:00:00+00:00,72,212,4,120,405,AL-RF-20200213-0405,10.0,0.702581446788958,212,10–25-year,Frontal/extratropical candidate,Prolonged or widespread non-tropical rainfall,,Medium–low,No nearby HURDAT2 system; 20 flood/heavy-rain NOAA records; affected HUCs=212; Rx24h/Rx72h=0.80.,,,47,Flash Flood; Flood; Thunderstorm Wind; Tornado,20,38,0,0.3258313521238147,0.4852294478313064,0.6031445633625502,0.7982688358391372,14.0,14.0,3.0,13.745059877971435,22.5,13.745059877971435,170000.0,77.84810126582279,-39.375,-66.0,29.0,3.0,20,11,250000.0,0.0,0.0,0.0,Measured major-flood response,10–25-year
ALRF-2020-005,2020,2020-02-19 03:00:00+00:00,2020-02-19 08:00:00+00:00,2020-02-18 15:00:00+00:00,2020-02-19 20:00:00+00:00,34.0454216003418,0.8160151305492602,31501090304,2020-02-19 02:00:00+00:00,0,57.04490280151367,0.9793248534963684,31501090304,2020-02-19 03:00:00+00:00,0,65.19271850585938,0.9145442841474136,31501090304,2020-02-19 06:00:00+00:00,0,120.64028930664062,1.1795029866943278,31300020803,2020-02-19 08:00:00+00:00,7,129.6890106201172,1.0023840233154444,31300020803,2020-02-19 12:00:00+00:00,1,1.1795029866943278,2020-02-19 08:00:00+00:00,24,7,1,7,406,AL-RF-20200219-0406,2.0,0.5941357802179301,7,2–5-year,Non-tropical heavy rain,Meteorological mechanism unresolved,,Low,5 flood/heavy-rain NOAA Storm Events records; no nearby HURDAT2 track.,,,5,Flood,5,0,0,0.2822060672766289,0.4728511770766588,0.54038927526238,0.9302275399418234,0.0,0.0,0.0,,,,,,,,,0.0,5,0,250000.0,0.0,0.0,0.0,Reported flooding only,Insufficient record
ALRF-2020-006,2020,2020-02-20 15:00:00+00:00,2020-02-21 08:00:00+00:00,2020-02-20 03:00:00+00:00,2020-02-21 20:00:00+00:00,22.075315475463867,0.4904595324476429,31300031001,2020-02-20 16:00:00+00:00,0,44.96198272705078,0.7288825721449285,31300031001,2020-02-20 17:00:00+00:00,0,60.54267501831055,0.8141772721353386,31300031001,2020-02-20 19:00:00+00:00,0,76.84525299072266,0.7209523115016747,31300031001,2020-02-21 00:00:00+00:00,0,149.5887908935547,1.1561921348755722,31300020803,2020-02-20 23:00:00+00:00,10,1.1561921348755722,2020-02-20 23:00:00+00:00,72,10,2,9,407,AL-RF-20200220-0407,2.0,0.5933811322899958,10,2–5-year,Frontal/extratropical candidate,Prolonged or widespread non-tropical rainfall,,Medium–low,No nearby HURDAT2 system; 3 flood/heavy-rain NOAA records; affected HUCs=10; Rx24h/Rx72h=0.51.,,,3,Flood,3,0,0,0.2872697351667118,0.5850977253270144,0.7878518537198351,0.5137099680510465,0.0,0.0,0.0,,,,,,,,,0.0,3,0,250000.0,0.0,0.0,0.0,Reported flooding only,Insufficient record
ALRF-2020-007,2020,2020-03-04 16:00:00+00:00,2020-03-07 13:00:00+00:00,2020-03-04 04:00:00+00:00,2020-03-08 01:00:00+00:00,46.916534423828125,1.0217544032792405,31502010301,2020-03-04 13:00:00+00:00,1,67.2595443725586,1.062101896521681,31300031201,2020-03-04 14:00:00+00:00,2,84.60247039794922,1.1105229516669064,31300031201,2020-03-04 16:00:00+00:00,7,148.87876892089844,1.371135003697722,31300031303,2020-03-05 12:00:00+00:00,40,161.06785583496094,1.2240136089793032,31601060701,2020-03-05 15:00:00+00:00,67,1.371135003697722,2020-03-05 12:00:00+00:00,24,94,6,39,408,AL-RF-20200305-0408,5.0,0.5629241608506017,94,5–10-year,Convective candidate,Thunderstorm-associated rainfall,,Low,21 convective/heavy-rain NOAA Storm Events records; rainfall duration signature was not decisive.,,,21,Hail; Thunderstorm Wind; Tornado,0,21,0,0.3151324716337196,0.4517739155157483,0.5682641723273505,0.9243232807013206,0.0,0.0,0.0,,,,,,,,,0.0,0,0,0.0,0.0,0.0,0.0,Rainfall hazard without matched flood evidence,Insufficient record
ALRF-2020-008,2020,2020-04-12 22:00:00+00:00,2020-04-15 21:00:00+00:00,2020-04-12 10:00:00+00:00,2020-04-16 09:00:00+00:00,66.47518920898438,1.5303747059234598,31601070205,2020-04-12 22:00:00+00:00,80,80.90709686279297,1.363257370425948,31601090201,2020-04-13 04:00:00+00:00,163,139.49435424804688,1.9281662050322088,31601090205,2020-04-13 04:00:00+00:00,275,156.1142578125,1.4978261723480089,31601090205,2020-04-13 06:00:00+00:00,169,156.1142578125,1.1905577320906848,31601090205,2020-04-13 06:00:00+00:00,20,1.9281662050322088,2020-04-13 04:00:00+00:00,6,305,4,280,409,AL-RF-20200413-0409,50.0,0.9470292262146875,305,50–100-year,Frontal/extratropical candidate,Prolonged or widespread non-tropical rainfall,,Medium–low,No nearby HURDAT2 system; 44 flood/heavy-rain NOAA records; affected HUCs=305; Rx24h/Rx72h=1.00.,,,201,Flash Flood; Flood; Frost/Freeze; Hail; High Wind; Lightning; Strong Wind; Thunderstorm Wind; Tornado,44,181,0,0.4258111343604757,0.5182556545217407,0.8935401301755901,1.0,24.0,24.0,5.0,1000000.0,24.0,1000000.0,37600.0,822.6950354609929,-2.0,-8.166666666666666,34.5,5.0,44,33,0.0,0.0,0.0,0.0,Measured major-flood response,>500-year
ALRF-2020-009,2020,2020-04-19 14:00:00+00:00,2020-04-22 15:00:00+00:00,2020-04-19 02:00:00+00:00,2020-04-23 03:00:00+00:00,42.14738845825195,0.9991281363858332,31501090309,2020-04-19 13:00:00+00:00,0,90.77554321289062,1.4334452828011233,31300031201,2020-04-19 19:00:00+00:00,30,104.19735717773438,1.4232941013269709,31502011001,2020-04-19 16:00:00+00:00,48,178.5749053955078,1.6705828654297334,31502011001,2020-04-20 09:00:00+00:00,243,178.92330932617188,1.315198154556418,31502011001,2020-04-20 09:00:00+00:00,81,1.6705828654297334,2020-04-20 09:00:00+00:00,24,244,1,244,410,AL-RF-20200420-0410,10.0,0.7613154009348526,244,10–25-year,Frontal/extratropical candidate,Prolonged or widespread non-tropical rainfall,,Medium–low,No nearby HURDAT2 system; 5 flood/heavy-rain NOAA records; affected HUCs=244; Rx24h/Rx72h=1.00.,,,136,Flash Flood; Hail; High Wind; Strong Wind; Thunderstorm Wind; Tornado,5,123,0,0.2360207799909169,0.5083331446366492,0.5834938394448985,0.9980527750577822,12.0,12.0,3.0,15.693892297018609,13.0,15.693892297018609,66800.0,790.0,-1.625,-21.0,31.25,3.0,5,5,5000.0,0.0,0.0,0.0,Measured major-flood response,10–25-year
ALRF-2020-010,2020,2020-04-23 15:00:00+00:00,2020-04-26 14:00:00+00:00,2020-04-23 03:00:00+00:00,2020-04-27 02:00:00+00:00,54.655704498291016,0.9464405345082494,31403040404,2020-04-23 15:00:00+00:00,0,120.21275329589844,1.4821407575300096,31403040404,2020-04-23 16:00:00+00:00,57,129.05857849121094,1.5626373199126458,31300040601,2020-04-23 21:00:00+00:00,81,149.62823486328125,1.3059763041804755,31300040601,2020-04-24 00:00:00+00:00,47,149.62823486328125,1.0609716746890476,31300040601,2020-04-24 00:00:00+00:00,8,1.5626373199126458,2020-04-23 21:00:00+00:00,6,93,1,93,411,AL-RF-20200423-0411,10.0,0.6880824734092287,93,10–25-year,Convective,Organized or localized severe convection,,Medium,40 convective/heavy-rain NOAA Storm Events records; Rx3h/Rx24h=0.80.,,,53,Flash Flood; Hail; High Wind; Strong Wind; Thunderstorm Wind; Tornado,2,40,0,0.3652766775483997,0.8034095530548736,0.8625282428088169,1.0,0.0,0.0,0.0,,,,,,,,,0.0,2,2,5000.0,0.0,0.0,0.0,Reported flooding only,Insufficient record
ALRF-2020-011,2020,2020-05-28 01:00:00+00:00,2020-05-28 03:00:00+00:00,2020-05-27 13:00:00+00:00,2020-05-28 15:00:00+00:00,31.72115898132324,0.732451869129419,31501070903,2020-05-27 22:00:00+00:00,0,47.6658935546875,0.8955835700305813,60300010302,2020-05-28 01:00:00+00:00,0,85.37094116210938,1.3166952920670074,60300010302,2020-05-28 02:00:00+00:00,6,113.13729858398438,1.1675143894085178,60300010302,2020-05-28 03:00:00+00:00,2,113.44657135009766,0.887554448988218,60300010302,2020-05-28 15:00:00+00:00,0,1.3166952920670074,2020-05-28 02:00:00+00:00,6,6,3,3,412,AL-RF-20200528-0412,5.0,0.6188661077672502,6,5–10-year,Tropical cyclone,Tropical depression,Bertha,High,HURDAT2 track within 457 km of rainfall footprint; track status=TD; 0 matching tropical NOAA Storm Events records.,Bertha,456.734990818372,9,Hail; Thunderstorm Wind,0,9,0,0.2803775534535669,0.421310161646683,0.7545782180642805,0.997273846512656,0.0,0.0,0.0,,,,,,,,,0.0,0,0,0.0,0.0,0.0,0.0,Rainfall hazard without matched flood evidence,Insufficient record
ALRF-2020-012,2020,2020-06-06 00:00:00+00:00,2020-06-06 02:00:00+00:00,2020-06-05 12:00:00+00:00,2020-06-06 14:00:00+00:00,64.755615234375,1.4799745681832124,31502010103,2020-06-06 00:00:00+00:00,3,73.148193359375,1.2058569126343623,31502010103,2020-06-06 01:00:00+00:00,4,75.54985809326172,1.0242424857629782,31502010103,2020-06-06 02:00:00+00:00,3,76.83963012695312,0.7182517618302097,31502010103,2020-06-06 03:00:00+00:00,0,98.49549865722656,0.7183472651547451,31502010102,2020-06-06 04:00:00+00:00,0,1.4799745681832124,2020-06-06 00:00:00+00:00,1,4,2,3,413,AL-RF-20200606-0413,10.0,0.7351810119612072,4,10–25-year,Tropical cyclone,Tropical storm,Cristobal,High,HURDAT2 track within 408 km of rainfall footprint; track status=TS; 3 matching tropical NOAA Storm Events records.,Cristobal,408.2382513611548,8,Hail; Storm Surge/Tide; Tropical Storm,4,1,3,0.8427372064049096,0.9519592069680816,0.9832147547878554,0.780133419034327,0.0,0.0,0.0,,,,,,,,,0.0,4,0,0.0,0.0,0.0,0.0,Reported flooding only,Insufficient record
ALRF-2020-013,2020,2020-06-08 03:00:00+00:00,2020-06-10 23:00:00+00:00,2020-06-07 15:00:00+00:00,2020-06-11 11:00:00+00:00,57.63578414916992,1.351398649513328,31300030402,2020-06-09 19:00:00+00:00,2,61.77157211303711,1.043473594434606,31300030402,2020-06-09 19:00:00+00:00,2,109.26171875,1.096581508637383,31602040105,2020-06-08 05:00:00+00:00,2,183.21466064453125,1.2998779264320848,31700080402,2020-06-08 18:00:00+00:00,24,249.2686309814453,1.382564402378947,31700080404,2020-06-09 22:00:00+00:00,19,1.382564402378947,2020-06-09 22:00:00+00:00,72,28,4,21,414,AL-RF-20200609-0414,5.0,0.683034107632122,28,5–10-year,Tropical cyclone,Tropical storm,Cristobal,High,HURDAT2 track within 159 km of rainfall footprint; track status=TS; 3 matching tropical NOAA Storm Events records.,Cristobal,159.4714257677118,10,Flash Flood; Lightning; Storm Surge/Tide; Tropical Storm,6,3,3,0.3145806342484432,0.3371540896112285,0.596359037893736,0.7350088935104278,3.0,3.0,0.0,1.6968040993609752,1.7999999999999998,1.6968040993609752,934.0,68.1930693069307,-43.5,-44.5,-39.5,1.0,6,2,25000.0,0.0,0.0,0.0,Measured annual-peak response,<2-year
ALRF-2020-014,2020,2020-07-08 22:00:00+00:00,2020-07-08 22:00:00+00:00,2020-07-08 10:00:00+00:00,2020-07-09 10:00:00+00:00,45.12549209594727,1.0625873544784623,31501070105,2020-07-08 12:00:00+00:00,1,86.24937438964844,1.45623138404428,31501070105,2020-07-08 13:00:00+00:00,6,88.08883666992188,1.2245305288270494,31501070105,2020-07-08 14:00:00+00:00,1,107.45748901367188,0.9384228966763044,31602030302,2020-07-08 21:00:00+00:00,0,129.19903564453125,0.9008436131180856,31602030302,2020-07-09 10:00:00+00:00,0,1.45623138404428,2020-07-08 13:00:00+00:00,3,6,2,4,415,AL-RF-20200708-0415,10.0,0.6643854523935477,6,10–25-year,Tropical cyclone,Tropical cyclone or remnant,Fay,High,HURDAT2 track within 220 km of rainfall footprint; track status=LO; 0 matching tropical NOAA Storm Events records.,Fay,219.66627569851696,1,Flash Flood,1,1,0,0.4199380844475709,0.8026371654624731,0.8197552118374392,0.8317205192562159,0.0,0.0,0.0,,,,,,,,,0.0,1,1,0.0,0.0,0.0,0.0,Reported flooding only,Insufficient record
ALRF-2020-015,2020,2020-07-12 15:00:00+00:00,2020-07-12 19:00:00+00:00,2020-07-12 03:00:00+00:00,2020-07-13 07:00:00+00:00,46.78767776489258,1.103817219094573,60300060206,2020-07-12 17:00:00+00:00,4,85.46701049804688,1.466981766635841,60300051003,2020-07-12 16:00:00+00:00,11,87.48015594482422,1.237633392371048,60300051003,2020-07-12 18:00:00+00:00,6,87.63438415527344,0.861963300867484,60300051003,2020-07-12 19:00:00+00:00,0,87.63438415527344,0.6716239311819995,60300051003,2020-07-12 19:00:00+00:00,0,1.466981766635841,2020-07-12 16:00:00+00:00,3,13,3,9,416,AL-RF-20200712-0416,10.0,0.7300528750631936,13,10–25-year,Convective,Organized or localized severe convection,,Medium,70 convective/heavy-rain NOAA Storm Events records; Rx3h/Rx24h=0.98.,Fay,1260.0876925923926,73,Flood; Hail; Thunderstorm Wind,3,70,0,0.5338963492000202,0.9752679992206444,0.9982400947763156,1.0,0.0,0.0,0.0,,,,,,,,,0.0,3,0,0.0,0.0,0.0,0.0,Reported flooding only,Insufficient record
ALRF-2020-016,2020,2020-07-30 01:00:00+00:00,2020-07-30 05:00:00+00:00,2020-07-29 13:00:00+00:00,2020-07-30 17:00:00+00:00,59.03966522216797,1.362519620965633,31601060301,2020-07-30 00:00:00+00:00,2,108.92286682128906,1.7929430736026366,31601060301,2020-07-30 02:00:00+00:00,4,122.51074981689452,1.666965619452226,31601060301,2020-07-30 04:00:00+00:00,4,123.0801010131836,1.1865828304752768,31601060301,2020-07-30 05:00:00+00:00,2,133.71852111816406,1.002852862634049,31601060301,2020-07-30 05:00:00+00:00,1,1.7929430736026366,2020-07-30 02:00:00+00:00,3,4,1,4,417,AL-RF-20200730-0417,25.0,0.857945614196055,4,25–50-year,Convective,Organized or localized severe convection,,Medium,5 convective/heavy-rain NOAA Storm Events records; Rx3h/Rx24h=0.88.,Isaias,1670.07399922758,5,Thunderstorm Wind,0,5,0,0.4796848941149634,0.8849754422091505,0.995374140973218,0.9204416858934632,0.0,0.0,0.0,,,,,,,,,0.0,0,0,0.0,0.0,0.0,0.0,Rainfall hazard without matched flood evidence,Insufficient record
ALRF-2020-017,2020,2020-08-20 03:00:00+00:00,2020-08-20 03:00:00+00:00,2020-08-19 15:00:00+00:00,2020-08-20 15:00:00+00:00,38.14973068237305,0.927702564800073,31300020804,2020-08-20 02:00:00+00:00,0,63.67502975463867,1.093148311652198,31501090304,2020-08-20 03:00:00+00:00,4,80.9612808227539,1.0835712783941287,31502010104,2020-08-20 07:00:00+00:00,2,81.19588470458984,0.7547125140776723,31502010104,2020-08-20 07:00:00+00:00,0,85.77703857421875,0.6557278449115163,31300020804,2020-08-20 09:00:00+00:00,0,1.093148311652198,2020-08-20 03:00:00+00:00,3,4,2,3,418,AL-RF-20200820-0418,2.0,0.5382627672896224,4,2–5-year,Convective,Organized or localized severe convection,,Medium,10 convective/heavy-rain NOAA Storm Events records; Rx3h/Rx24h=0.78.,Marco,1545.7263561816114,10,Flash Flood; Hail; Lightning; Thunderstorm Wind,2,10,0,0.4698480818476323,0.7842149880662517,0.997110643197134,0.9465923055193256,0.0,0.0,0.0,,,,,,,,,0.0,2,2,0.0,0.0,0.0,0.0,Reported flooding only,Insufficient record
ALRF-2020-018,2020,2020-08-22 06:00:00+00:00,2020-08-23 02:00:00+00:00,2020-08-21 18:00:00+00:00,2020-08-23 14:00:00+00:00,50.44028091430664,1.1445055500845376,31502010106,2020-08-22 04:00:00+00:00,2,75.22076416015625,1.2306203019745852,31502010106,2020-08-22 06:00:00+00:00,2,85.000732421875,1.1446457811303077,31502010106,2020-08-22 08:00:00+00:00,1,88.85220336914062,0.8289731483834992,31502010106,2020-08-23 00:00:00+00:00,0,161.0896453857422,1.1775092844468908,31502010105,2020-08-23 00:00:00+00:00,3,1.2306203019745852,2020-08-22 06:00:00+00:00,3,3,1,3,419,AL-RF-20200822-0419,5.0,0.5920319006468514,3,5–10-year,Tropical cyclone,Tropical storm,Marco,High,HURDAT2 track within 461 km of rainfall footprint; track status=TS; 0 matching tropical NOAA Storm Events records.,Marco,460.9456562097717,2,Hail; Tornado,0,2,0,0.5676874517647035,0.8465829918437484,0.9566530620375896,0.5515699234198252,0.0,0.0,0.0,,,,,,,,,0.0,0,0,0.0,0.0,0.0,0.0,Rainfall hazard without matched flood evidence,Insufficient record
ALRF-2020-019,2020,2020-08-25 11:00:00+00:00,2020-08-29 11:00:00+00:00,2020-08-24 23:00:00+00:00,2020-08-29 23:00:00+00:00,68.67562103271484,1.6188618389209255,60300060304,2020-08-29 02:00:00+00:00,15,149.11383056640625,2.46248380808059,60300060104,2020-08-26 13:00:00+00:00,37,188.15042114257807,2.5259447269836675,60300060104,2020-08-26 13:00:00+00:00,39,207.33563232421875,1.9383349288081724,60300060104,2020-08-26 14:00:00+00:00,16,253.49240112304688,1.828642298381568,60300060104,2020-08-29 07:00:00+00:00,22,2.5259447269836675,2020-08-26 13:00:00+00:00,6,47,5,19,420,AL-RF-20200826-0420,500.0,1.302743603221371,47,500–1000-year,Tropical cyclone,Tropical depression,Laura,High,HURDAT2 track within 294 km of rainfall footprint; track status=TD; 0 matching tropical NOAA Storm Events records.,Laura,293.98535920884,53,Flash Flood; Funnel Cloud; Heavy Rain; Rip Current; Thunderstorm Wind; Tornado,9,51,0,0.3312292260759314,0.7191905650507346,0.9074678531298472,0.8179165584674732,0.0,0.0,0.0,,,,,,,,,0.0,9,8,0.0,0.0,0.0,0.0,Reported flooding only,Insufficient record
ALRF-2020-020,2020,2020-08-30 22:00:00+00:00,2020-08-31 02:00:00+00:00,2020-08-30 10:00:00+00:00,2020-08-31 14:00:00+00:00,57.29619216918945,1.3341012370282306,31501070708,2020-08-31 00:00:00+00:00,6,71.00834655761719,1.1787277672791043,31502011001,2020-08-31 01:00:00+00:00,6,72.5855712890625,0.9914897868373874,31502011001,2020-08-31 02:00:00+00:00,0,72.5855712890625,0.6790439642365709,31502011001,2020-08-31 02:00:00+00:00,0,131.31922912597656,0.972725468582031,60300060304,2020-08-30 23:00:00+00:00,0,1.3341012370282306,2020-08-31 00:00:00+00:00,1,10,9,2,421,AL-RF-20200831-0421,5.0,0.651829005084834,10,5–10-year,Tropical cyclone,Tropical depression,Laura,High,HURDAT2 track within 464 km of rainfall footprint; track status=TD; 0 matching tropical NOAA Storm Events records.,Laura,463.6747655547538,17,Flash Flood; Funnel Cloud; Heavy Rain; Rip Current; Thunderstorm Wind,7,15,0,0.7893606284507274,0.9782708229275454,1.0,0.5527413751373003,0.0,0.0,0.0,,,,,,,,,0.0,7,6,0.0,0.0,0.0,0.0,Reported flooding only,Insufficient record
ALRF-2020-021,2020,2020-09-15 23:00:00+00:00,2020-09-19 23:00:00+00:00,2020-09-15 11:00:00+00:00,2020-09-20 11:00:00+00:00,86.34819793701172,1.9366085481047763,31300030804,2020-09-17 04:00:00+00:00,44,183.90289306640625,2.0781678731696145,31401060507,2020-09-16 11:00:00+00:00,227,274.0473327636719,2.5138880772464374,31602050207,2020-09-16 09:00:00+00:00,320,499.9336242675781,3.327418307307004,31401070103,2020-09-16 11:00:00+00:00,485,554.5694580078125,2.9479462805670305,31401070103,2020-09-16 14:00:00+00:00,415,3.327418307307004,2020-09-16 11:00:00+00:00,24,485,1,485,422,AL-RF-20200916-0422,200.0,1.2031714837166958,485,200–500-year,Tropical cyclone,Hurricane,Sally,High,HURDAT2 track within 0 km of rainfall footprint; track status=HU; 19 matching tropical NOAA Storm Events records.,Sally,0.0,56,Flash Flood; Hurricane (Typhoon); Storm Surge/Tide; Strong Wind; Thunderstorm Wind; Tropical Storm,26,25,19,0.1727193246173732,0.3678546193723837,0.5481674355573937,0.9014806297907147,31.0,31.0,11.0,73.4058022004537,59.0,73.4058022004537,45800.0,1158.6345381526103,10.25,-6.5,109.25,4.0,26,24,1000000.0,0.0,1.0,0.0,Measured major-flood response,50–100-year
ALRF-2020-022,2020,2020-09-25 01:00:00+00:00,2020-09-25 04:00:00+00:00,2020-09-24 13:00:00+00:00,2020-09-25 16:00:00+00:00,41.87458038330078,0.9947522337451704,31501090801,2020-09-25 02:00:00+00:00,0,60.502403259277344,1.065997143811812,60300010602,2020-09-25 01:00:00+00:00,1,77.64969635009766,1.1264238539710174,60300010602,2020-09-25 02:00:00+00:00,2,118.15035247802734,1.1686339470281966,60300010602,2020-09-25 02:00:00+00:00,7,126.19546508789062,0.9714774946490428,60300010602,2020-09-25 09:00:00+00:00,0,1.1686339470281966,2020-09-25 02:00:00+00:00,24,7,2,6,423,AL-RF-20200925-0423,2.0,0.5640113293332115,7,2–5-year,Tropical cyclone,Tropical cyclone or remnant,Beta,High,HURDAT2 track within 41 km of rainfall footprint; track status=EX; 0 matching tropical NOAA Storm Events records.,Beta,40.870828908056446,0,,0,0,0,0.3544177355805035,0.512079752538437,0.6572108734465124,0.9362487978132958,0.0,0.0,0.0,,,,,,,,,0.0,0,0,0.0,0.0,0.0,0.0,Rainfall hazard without matched flood evidence,Insufficient record
ALRF-2020-023,2020,2020-10-29 03:00:00+00:00,2020-10-31 04:00:00+00:00,2020-10-28 15:00:00+00:00,2020-10-31 16:00:00+00:00,63.57570266723633,1.4213032473136258,31502030502,2020-10-29 05:00:00+00:00,14,127.07460021972656,1.756941118302881,31602030701,2020-10-29 04:00:00+00:00,56,140.6510009765625,1.611741391273892,31602030701,2020-10-29 04:00:00+00:00,53,154.64883422851562,1.2572120498598307,31602030701,2020-10-29 12:00:00+00:00,32,146.2188720703125,1.108728915487694,31601080903,2020-10-29 08:00:00+00:00,10,1.756941118302881,2020-10-29 04:00:00+00:00,3,79,5,34,424,AL-RF-20201029-0424,25.0,0.7845523810107738,79,25–50-year,Tropical cyclone,Tropical storm,Zeta,High,HURDAT2 track within 12 km of rainfall footprint; track status=TS; 41 matching tropical NOAA Storm Events records.,Zeta,11.59887602792438,49,Flood; Heavy Rain; Storm Surge/Tide; Tropical Storm,8,2,41,0.4110971995643639,0.8216977570743003,0.909486331909432,1.057653037797675,0.0,0.0,0.0,,,,,,,,,0.0,8,0,0.0,0.0,0.0,0.0,Reported flooding only,Insufficient record
ALRF-2020-024,2020,2020-11-11 15:00:00+00:00,2020-11-11 16:00:00+00:00,2020-11-11 03:00:00+00:00,2020-11-12 04:00:00+00:00,48.41835403442383,1.0939284225605033,31601120502,2020-11-11 12:00:00+00:00,1,73.67340087890625,1.203356875724791,31601120502,2020-11-11 13:00:00+00:00,3,77.42459869384766,1.0724741665985984,31601110405,2020-11-11 17:00:00+00:00,3,88.1524887084961,0.8485711066732397,31601110405,2020-11-12 00:00:00+00:00,0,88.1524887084961,0.6676646748204645,31601110405,2020-11-12 00:00:00+00:00,0,1.203356875724791,2020-11-11 13:00:00+00:00,3,3,2,2,425,AL-RF-20201111-0425,5.0,0.5912666714319081,3,5–10-year,Tropical cyclone,Tropical storm,Eta,High,HURDAT2 track within 590 km of rainfall footprint; track status=TS; 0 matching tropical NOAA Storm Events records.,Eta,589.8838687880171,0,,0,0,0,0.5492568019779264,0.8357495285530793,0.8783030386116089,1.0,0.0,0.0,0.0,,,,,,,,,0.0,0,0,0.0,0.0,0.0,0.0,Rainfall hazard without matched flood evidence,Insufficient record
ALRF-2021-001,2021,2021-03-16 09:00:00+00:00,2021-03-19 15:00:00+00:00,2021-03-15 21:00:00+00:00,2021-03-20 03:00:00+00:00,81.50554656982422,1.770576739657217,31602010302,2021-03-16 09:00:00+00:00,17,118.00534057617188,1.8473434552785528,31602010301,2021-03-16 11:00:00+00:00,35,126.92431640625,1.6220354638381265,31602010901,2021-03-16 13:00:00+00:00,53,162.62265014648438,1.4724941990424134,31602010901,2021-03-17 04:00:00+00:00,61,256.9266052246094,1.8038759452556412,31700020505,2021-03-18 06:00:00+00:00,151,1.8473434552785528,2021-03-16 11:00:00+00:00,3,164,5,93,426,AL-RF-20210316-0426,25.0,0.9054092037839144,164,25–50-year,Convective,Organized or localized severe convection,,Medium,62 convective/heavy-rain NOAA Storm Events records; Rx3h/Rx24h=0.73.,,,63,Flash Flood; Flood; Hail; Thunderstorm Wind; Tornado,23,62,0,0.5011943077818931,0.725639020578481,0.780483630613087,0.6329537184532409,10.0,10.0,4.0,18.0,18.0,10.948429211300782,22600.0,730.4964539007093,38.25,32.583333333333336,60.0,2.0,23,22,0.0,0.0,0.0,0.0,Measured major-flood response,10–25-year
ALRF-2021-002,2021,2021-03-25 21:00:00+00:00,2021-03-28 16:00:00+00:00,2021-03-25 09:00:00+00:00,2021-03-29 04:00:00+00:00,43.26972961425781,1.0278074281413767,31601090105,2021-03-25 14:00:00+00:00,1,66.99874877929688,1.129243526460178,31601090105,2021-03-25 15:00:00+00:00,6,90.14781188964844,1.2771150972380958,31501060404,2021-03-25 23:00:00+00:00,21,157.05126953125,1.5570184869727577,31501060404,2021-03-26 07:00:00+00:00,90,160.35447692871094,1.2431741878822264,31501060404,2021-03-26 08:00:00+00:00,22,1.5570184869727577,2021-03-26 07:00:00+00:00,24,91,4,85,427,AL-RF-20210326-0427,10.0,0.7467223222299635,91,10–25-year,Frontal/extratropical candidate,Prolonged or widespread non-tropical rainfall,,Medium–low,No nearby HURDAT2 system; 17 flood/heavy-rain NOAA records; affected HUCs=91; Rx24h/Rx72h=0.98.,,,94,Flash Flood; Hail; Heavy Rain; Lightning; Thunderstorm Wind; Tornado,17,94,0,0.2755134023647482,0.42660431195028,0.5740024398319866,0.9794005913602932,8.0,8.0,1.0,11.032855447781483,10.625,11.032855447781483,49500.0,170.07299270072994,-3.125,-13.0,23.0,3.0,17,16,0.0,0.0,0.0,0.0,Measured major-flood response,10–25-year
ALRF-2021-003,2021,2021-03-31 09:00:00+00:00,2021-04-03 06:00:00+00:00,2021-03-30 21:00:00+00:00,2021-04-03 18:00:00+00:00,49.91014862060547,1.1607759132306448,31601050101,2021-03-31 10:00:00+00:00,5,104.01045989990234,1.6953630744595989,31601070101,2021-03-31 11:00:00+00:00,23,140.11558532714844,1.9026796422749843,31601030202,2021-03-31 12:00:00+00:00,35,154.18675231933594,1.4373383143894396,31601030202,2021-03-31 16:00:00+00:00,22,154.18675231933594,1.105952118424352,31601030202,2021-03-31 16:00:00+00:00,5,1.9026796422749843,2021-03-31 12:00:00+00:00,6,35,3,30,428,AL-RF-20210331-0428,50.0,0.9049988362672018,35,50–100-year,Convective,Organized or localized severe convection,,Medium,36 convective/heavy-rain NOAA Storm Events records; Rx3h/Rx24h=0.67.,,,59,Flash Flood; Flood; Frost/Freeze; Hail; Thunderstorm Wind; Tornado,8,36,0,0.323699331296872,0.6745745554357773,0.9087394553648503,1.0,0.0,0.0,0.0,,,,,,,,,0.0,8,7,0.0,0.0,0.0,0.0,Reported flooding only,Insufficient record
ALRF-2021-004,2021,2021-04-10 13:00:00+00:00,2021-04-10 21:00:00+00:00,2021-04-10 01:00:00+00:00,2021-04-11 09:00:00+00:00,40.69760894775391,0.8445419982846042,31700020507,2021-04-10 07:00:00+00:00,0,93.32643127441406,1.0510701325006009,31700090103,2021-04-10 12:00:00+00:00,1,108.2650375366211,1.0017015469875568,31700090103,2021-04-10 14:00:00+00:00,1,119.19940948486328,1.103792003238313,31502030302,2021-04-10 15:00:00+00:00,5,125.4985809326172,0.92030555253806,31502030302,2021-04-10 15:00:00+00:00,0,1.103792003238313,2021-04-10 15:00:00+00:00,24,6,4,2,429,AL-RF-20210410-0429,2.0,0.4899764295725426,6,2–5-year,Convective,Organized or localized severe convection,,Medium,50 convective/heavy-rain NOAA Storm Events records; Rx3h/Rx24h=0.78.,,,50,Hail; Thunderstorm Wind,0,50,0,0.3414245852696271,0.7829437383770367,0.9082682372715052,0.9498068312729684,0.0,0.0,0.0,,,,,,,,,0.0,0,0,0.0,0.0,0.0,0.0,Rainfall hazard without matched flood evidence,Insufficient record
ALRF-2021-005,2021,2021-04-15 14:00:00+00:00,2021-04-15 15:00:00+00:00,2021-04-15 02:00:00+00:00,2021-04-16 03:00:00+00:00,40.44028854370117,0.6547653930270493,31401070205,2021-04-15 14:00:00+00:00,0,79.65348815917969,0.8894550436837523,31700090203,2021-04-15 12:00:00+00:00,0,132.87648010253906,1.217039603845681,31700090203,2021-04-15 15:00:00+00:00,4,164.38221740722656,1.0843960983394652,31700090203,2021-04-15 17:00:00+00:00,2,167.55361938476562,0.8964151735246234,31700090203,2021-04-15 17:00:00+00:00,0,1.217039603845681,2021-04-15 15:00:00+00:00,6,4,2,3,430,AL-RF-20210415-0430,2.0,0.5264654909650089,4,2–5-year,Convective candidate,Thunderstorm-associated rainfall,,Low,3 convective/heavy-rain NOAA Storm Events records; rainfall duration signature was not decisive.,,,3,Flash Flood; Hail,2,3,0,0.2460137670701803,0.4845626821169645,0.8083385307631065,0.9810723158999248,0.0,0.0,0.0,,,,,,,,,0.0,2,2,0.0,0.0,0.0,0.0,Reported flooding only,Insufficient record
ALRF-2021-006,2021,2021-04-17 08:00:00+00:00,2021-04-18 10:00:00+00:00,2021-04-16 20:00:00+00:00,2021-04-18 22:00:00+00:00,11.273598670959473,0.1844901465852818,31602050103,2021-04-17 11:00:00+00:00,0,17.439105987548828,0.1946851515305588,31401070300,2021-04-18 02:00:00+00:00,0,28.4328727722168,0.2622386019452202,31401060703,2021-04-18 01:00:00+00:00,0,57.410438537597656,0.3787250016216881,31700090203,2021-04-18 02:00:00+00:00,0,223.0230712890625,1.1931778369435613,31700090203,2021-04-18 08:00:00+00:00,4,1.1931778369435613,2021-04-18 08:00:00+00:00,72,4,2,3,431,AL-RF-20210418-0431,2.0,0.4353787828536559,4,2–5-year,Unclassified,Insufficient external evidence,,Low,No nearby HURDAT2 track and no matching Alabama NOAA Storm Events record within the configured time buffer.,,,0,,0,0,0,0.1963684472393723,0.3037619365357764,0.4952561502138035,0.2574192804617393,0.0,0.0,0.0,,,,,,,,,0.0,0,0,0.0,0.0,0.0,0.0,Rainfall hazard without matched flood evidence,Insufficient record
ALRF-2021-007,2021,2021-04-24 09:00:00+00:00,2021-04-25 13:00:00+00:00,2021-04-23 21:00:00+00:00,2021-04-26 01:00:00+00:00,71.73414611816406,1.3696743285620063,31502040304,2021-04-24 10:00:00+00:00,6,107.63985443115234,1.4684413162416703,31602030702,2021-04-24 10:00:00+00:00,35,146.515869140625,1.6560765994276267,31602030702,2021-04-24 10:00:00+00:00,55,163.7590789794922,1.313702806945271,31602030702,2021-04-24 23:00:00+00:00,33,163.7590789794922,1.0361451772796118,31602030702,2021-04-24 23:00:00+00:00,1,1.6560765994276267,2021-04-24 10:00:00+00:00,6,56,4,24,432,AL-RF-20210424-0432,10.0,0.7299670121164085,56,10–25-year,Convective,Organized or localized severe convection,,Medium,174 convective/heavy-rain NOAA Storm Events records; Rx3h/Rx24h=0.66.,,,178,Flash Flood; Hail; High Wind; Strong Wind; Thunderstorm Wind; Tornado,2,174,0,0.4380468341981054,0.6573061786982343,0.8947037932411273,1.0,1.0,1.0,0.0,1.3052547892811481,1.32,1.3052547892811481,18000.0,5.609224057338735,67.75,67.75,67.75,0.0,2,2,0.0,0.0,0.0,0.0,Measured annual-peak response,<2-year
ALRF-2021-008,2021,2021-05-04 00:00:00+00:00,2021-05-07 19:00:00+00:00,2021-05-03 12:00:00+00:00,2021-05-08 07:00:00+00:00,52.85065460205078,1.1939469682846129,31501100905,2021-05-04 01:00:00+00:00,12,102.53369903564452,1.690280567185831,31502010103,2021-05-04 02:00:00+00:00,53,158.88462829589844,2.17024695478707,31502020205,2021-05-05 00:00:00+00:00,96,169.28768920898438,1.6180470806986305,31502020201,2021-05-05 02:00:00+00:00,40,180.31674194335935,1.342264367640361,31501070401,2021-05-05 14:00:00+00:00,31,2.17024695478707,2021-05-05 00:00:00+00:00,6,109,10,79,433,AL-RF-20210505-0433,50.0,0.9808637212119554,109,50–100-year,Convective,Organized or localized severe convection,,Medium,223 convective/heavy-rain NOAA Storm Events records; Rx3h/Rx24h=0.61.,,,223,Flash Flood; Hail; Heavy Rain; Thunderstorm Wind; Tornado,12,223,0,0.3121943175490277,0.6056772321410061,0.93854803641248,0.9388351152782064,20.0,20.0,0.0,8.591248587516107,9.333333333333334,8.591248587516107,31900.0,570.0,-0.25,-11.583333333333334,47.25,4.0,12,11,0.0,0.0,0.0,0.0,Measured annual-peak response,5–10-year
ALRF-2021-009,2021,2021-06-06 19:00:00+00:00,2021-06-07 07:00:00+00:00,2021-06-06 07:00:00+00:00,2021-06-07 19:00:00+00:00,53.9112434387207,1.2145692553300529,31602010104,2021-06-06 20:00:00+00:00,14,78.13330841064453,1.273163608914458,31602010104,2021-06-06 22:00:00+00:00,14,91.42523956298828,1.2375720264434458,31602010104,2021-06-07 00:00:00+00:00,9,115.87252044677734,1.0980995703617538,31602010104,2021-06-07 02:00:00+00:00,3,130.71786499023438,0.9822909678220946,31602010104,2021-06-07 02:00:00+00:00,0,1.273163608914458,2021-06-06 22:00:00+00:00,3,17,4,9,434,AL-RF-20210606-0434,5.0,0.623518069342076,17,5–10-year,Convective,Organized or localized severe convection,,Medium,25 convective/heavy-rain NOAA Storm Events records; Rx3h/Rx24h=0.67.,,,26,Flash Flood; Rip Current; Thunderstorm Wind,2,25,0,0.465263405256497,0.6743040378286479,0.789015714946684,0.8864321679017165,0.0,0.0,0.0,,,,,,,,,0.0,2,2,0.0,0.0,0.0,0.0,Reported flooding only,Insufficient record
ALRF-2021-010,2021,2021-06-08 03:00:00+00:00,2021-06-09 20:00:00+00:00,2021-06-07 15:00:00+00:00,2021-06-10 08:00:00+00:00,39.618927001953125,0.935263868422526,31601050402,2021-06-08 05:00:00+00:00,0,69.0116958618164,1.1476717915716763,31502030106,2021-06-08 03:00:00+00:00,2,84.88652038574219,1.1689628389667552,31502030106,2021-06-08 04:00:00+00:00,2,99.94215393066406,0.938155662655408,31601010601,2021-06-09 20:00:00+00:00,0,170.0880126953125,1.288907996802466,31601130702,2021-06-08 23:00:00+00:00,18,1.288907996802466,2021-06-08 23:00:00+00:00,72,18,3,16,435,AL-RF-20210608-0435,5.0,0.5785662870201236,18,5–10-year,Convective,Organized or localized severe convection,,Medium,37 convective/heavy-rain NOAA Storm Events records; Rx3h/Rx24h=0.69.,,,39,Flash Flood; Rip Current; Thunderstorm Wind,2,37,0,0.3964185825876755,0.6905163952109138,0.8493565232207535,0.5875908145843037,0.0,0.0,0.0,,,,,,,,,0.0,2,2,0.0,0.0,0.0,0.0,Reported flooding only,Insufficient record
ALRF-2021-011,2021,2021-06-10 12:00:00+00:00,2021-06-11 04:00:00+00:00,2021-06-10 00:00:00+00:00,2021-06-11 16:00:00+00:00,38.17531204223633,0.8809869063640263,31601120412,2021-06-11 16:00:00+00:00,0,69.55939483642578,1.152117393299829,31601120412,2021-06-11 16:00:00+00:00,2,81.7655029296875,1.077934745707528,31601060504,2021-06-10 14:00:00+00:00,3,118.68480682373048,1.1326449865010042,31601060504,2021-06-10 18:00:00+00:00,2,142.7520751953125,1.0815610772613555,31601060504,2021-06-10 16:00:00+00:00,6,1.152117393299829,2021-06-11 16:00:00+00:00,3,9,4,3,436,AL-RF-20210611-0436,2.0,0.5587768769144995,9,2–5-year,Convective,Organized or localized severe convection,,Medium,13 convective/heavy-rain NOAA Storm Events records; Rx3h/Rx24h=0.59.,,,14,Flash Flood; Rip Current; Thunderstorm Wind,1,13,0,0.3216528978214872,0.5860850828171691,0.6889298227626122,0.8314051243132309,0.0,0.0,0.0,,,,,,,,,0.0,1,1,0.0,0.0,0.0,0.0,Reported flooding only,Insufficient record
ALRF-2021-012,2021,2021-06-11 19:00:00+00:00,2021-06-13 11:00:00+00:00,2021-06-11 07:00:00+00:00,2021-06-13 23:00:00+00:00,38.17531204223633,0.8809869063640263,31601120412,2021-06-11 16:00:00+00:00,0,76.7977523803711,1.2720068438178107,31601120412,2021-06-11 17:00:00+00:00,2,94.65613555908205,1.2980589220855934,31601120412,2021-06-11 19:00:00+00:00,3,99.71691131591795,0.9575374387326834,31601120412,2021-06-12 02:00:00+00:00,0,161.61776733398438,1.235245665198981,31601120412,2021-06-12 23:00:00+00:00,6,1.2980589220855934,2021-06-11 19:00:00+00:00,6,6,3,3,437,AL-RF-20210611-0437,5.0,0.6169232542932493,6,5–10-year,Convective,Organized or localized severe convection,,Medium,21 convective/heavy-rain NOAA Storm Events records; Rx3h/Rx24h=0.77.,Bill,889.3803866865084,21,Flash Flood; Hail; Thunderstorm Wind,1,21,0,0.3828368883317221,0.7701577532527499,0.9492485708787886,0.6169922587152945,0.0,0.0,0.0,,,,,,,,,0.0,1,1,0.0,0.0,0.0,0.0,Reported flooding only,Insufficient record
ALRF-2021-013,2021,2021-06-19 10:00:00+00:00,2021-06-23 02:00:00+00:00,2021-06-18 22:00:00+00:00,2021-06-23 14:00:00+00:00,50.84284591674805,1.169022246013049,31601120505,2021-06-20 00:00:00+00:00,12,110.6519775390625,1.830234927146409,31601120505,2021-06-20 02:00:00+00:00,53,141.08917236328125,1.9364228128376533,31601120505,2021-06-20 03:00:00+00:00,82,183.80667114257807,1.768835068531025,31601120505,2021-06-20 11:00:00+00:00,72,200.1478729248047,1.5316426822883005,31601120505,2021-06-22 11:00:00+00:00,116,1.9364228128376533,2021-06-20 03:00:00+00:00,6,137,10,81,438,AL-RF-20210620-0438,50.0,0.9035681305325228,137,50–100-year,Tropical cyclone,Tropical depression,Claudette,High,HURDAT2 track within 38 km of rainfall footprint; track status=TD; 4 matching tropical NOAA Storm Events records.,Claudette,37.847749193638805,34,Flash Flood; Heavy Rain; Storm Surge/Tide; Thunderstorm Wind; Tornado; Tropical Storm,21,26,4,0.276610449450496,0.6020019668014671,0.7675954930593293,0.9183543569890152,13.0,13.0,5.0,33.465831439099546,23.0,33.465831439099546,29900.0,626.1682242990655,-0.75,-10.75,67.0,2.0,21,11,3350000.0,0.0,2.0,0.0,Measured major-flood response,25–50-year
ALRF-2021-014,2021,2021-06-29 09:00:00+00:00,2021-06-29 09:00:00+00:00,2021-06-28 21:00:00+00:00,2021-06-29 21:00:00+00:00,43.57746887207031,1.0521339280575883,31300020808,2021-06-29 08:00:00+00:00,2,65.89590454101562,1.155841261194784,31501090301,2021-06-29 10:00:00+00:00,3,72.89464569091797,1.0417566122742112,31300020804,2021-06-29 11:00:00+00:00,1,73.25725555419922,0.7077341494783391,31300020804,2021-06-29 21:00:00+00:00,0,75.87553405761719,0.5800351848946403,31300020804,2021-06-29 21:00:00+00:00,0,1.155841261194784,2021-06-29 10:00:00+00:00,3,3,2,2,439,AL-RF-20210629-0439,2.0,0.5452285576239813,3,2–5-year,Tropical cyclone,Tropical depression,Danny,High,HURDAT2 track within 416 km of rainfall footprint; track status=TD; 0 matching tropical NOAA Storm Events records.,Danny,416.172737377907,2,Thunderstorm Wind,0,2,0,0.5948553292421611,0.8995136937973698,0.9950501849879844,0.965492453714662,0.0,0.0,0.0,,,,,,,,,0.0,0,0,0.0,0.0,0.0,0.0,Rainfall hazard without matched flood evidence,Insufficient record
ALRF-2021-015,2021,2021-08-17 01:00:00+00:00,2021-08-19 00:00:00+00:00,2021-08-16 13:00:00+00:00,2021-08-19 12:00:00+00:00,65.18724060058594,1.4788444878918985,31300030605,2021-08-17 05:00:00+00:00,3,85.6779556274414,1.401067974761279,31300030606,2021-08-17 05:00:00+00:00,36,125.41712188720705,1.5482593322232532,31300040710,2021-08-17 04:00:00+00:00,55,140.39166259765625,1.2488710696673675,31300040710,2021-08-17 06:00:00+00:00,27,144.67251586914062,1.1159159847196758,31501050802,2021-08-17 18:00:00+00:00,9,1.5482593322232532,2021-08-17 04:00:00+00:00,6,63,7,33,440,AL-RF-20210817-0440,10.0,0.7433125824461745,63,10–25-year,Tropical cyclone,Tropical depression,Fred,High,HURDAT2 track within 16 km of rainfall footprint; track status=TD; 5 matching tropical NOAA Storm Events records.,Fred,16.44836133498999,21,Flash Flood; Funnel Cloud; Rip Current; Thunderstorm Wind; Tropical Storm,6,14,5,0.4643241585321477,0.6102780894687669,0.8933373931658303,0.9704100447430076,1.0,1.0,0.0,6.666666666666667,6.666666666666667,,2240.0,133.33333333333331,5.0,5.0,5.0,1.0,6,6,0.0,0.0,0.0,0.0,Measured annual-peak response,5–10-year
ALRF-2021-016,2021,2021-08-30 12:00:00+00:00,2021-09-02 14:00:00+00:00,2021-08-30 00:00:00+00:00,2021-09-03 02:00:00+00:00,75.17082214355469,1.2215976027734647,31700080603,2021-08-30 16:00:00+00:00,1,141.2731170654297,1.6211875276875725,31700080603,2021-08-30 17:00:00+00:00,8,160.98764038085938,1.520534057412838,31700080603,2021-08-30 17:00:00+00:00,13,248.32601928710935,1.6840538799042222,31700080603,2021-08-30 17:00:00+00:00,90,306.90142822265625,1.6688069160483583,31700080603,2021-08-31 11:00:00+00:00,102,1.6840538799042222,2021-08-30 17:00:00+00:00,24,120,8,90,441,AL-RF-20210830-0441,10.0,0.7609110378266292,120,10–25-year,Tropical cyclone,Tropical depression,Ida,High,HURDAT2 track within 37 km of rainfall footprint; track status=TD; 5 matching tropical NOAA Storm Events records.,Ida,37.38653153122525,20,Flash Flood; Storm Surge/Tide; Tornado; Tropical Depression; Tropical Storm,7,11,5,0.3027102128055447,0.5689017907627821,0.6482914711999181,0.8091393406841673,8.0,8.0,1.0,10.375204981697838,12.0,10.375204981697838,11600.0,125.0,7.875,-3.0,49.0,2.0,7,3,0.0,0.0,0.0,0.0,Measured major-flood response,10–25-year
ALRF-2021-017,2021,2021-09-15 21:00:00+00:00,2021-09-16 12:00:00+00:00,2021-09-15 09:00:00+00:00,2021-09-17 00:00:00+00:00,39.066017150878906,0.6340707776444563,31401070203,2021-09-15 17:00:00+00:00,0,88.73731231689453,0.9899846873463344,31401070203,2021-09-15 19:00:00+00:00,0,126.92316436767578,1.1617700680239766,31401070104,2021-09-15 21:00:00+00:00,3,173.0133514404297,1.1511100686239724,31401070104,2021-09-16 06:00:00+00:00,6,193.1248016357422,1.0313394285312112,31401070203,2021-09-17 00:00:00+00:00,2,1.1617700680239766,2021-09-15 21:00:00+00:00,6,6,1,6,442,AL-RF-20210915-0442,2.0,0.5031829318692416,6,2–5-year,Tropical cyclone,Tropical cyclone or remnant,Nicholas,High,HURDAT2 track within 391 km of rainfall footprint; track status=LO; 0 matching tropical NOAA Storm Events records.,Nicholas,391.30949026345576,14,Flash Flood,14,14,0,0.2257977018862023,0.5128928581413424,0.7336032931040976,0.8958629340976866,0.0,0.0,0.0,,,,,,,,,0.0,14,14,250000.0,0.0,0.0,0.0,Reported flooding only,Insufficient record
ALRF-2021-018,2021,2021-09-17 10:00:00+00:00,2021-09-19 00:00:00+00:00,2021-09-16 22:00:00+00:00,2021-09-19 12:00:00+00:00,53.55577850341797,1.285191655954624,60300051001,2021-09-17 23:00:00+00:00,3,102.61443328857422,1.7631451776262372,60300051001,2021-09-18 00:00:00+00:00,16,107.75428009033205,1.5243810805465754,60300051001,2021-09-18 03:00:00+00:00,14,138.08804321289062,1.357254455858408,60300051001,2021-09-18 21:00:00+00:00,5,224.3926544189453,1.195013588420036,31401070104,2021-09-17 13:00:00+00:00,8,1.7631451776262372,2021-09-18 00:00:00+00:00,3,23,10,6,443,AL-RF-20210918-0443,25.0,0.8815480833486884,23,25–50-year,Tropical cyclone,Tropical cyclone or remnant,Nicholas,High,HURDAT2 track within 391 km of rainfall footprint; track status=LO; 0 matching tropical NOAA Storm Events records.,Nicholas,391.30949026345576,32,Flash Flood; Flood,32,21,0,0.3878379130975946,0.7431087507726744,0.7803302703348981,0.6153857556989261,0.0,0.0,0.0,,,,,,,,,0.0,32,21,5000.0,0.0,2.0,0.0,Reported flooding only,Insufficient record
ALRF-2021-019,2021,2021-09-19 13:00:00+00:00,2021-09-22 12:00:00+00:00,2021-09-19 01:00:00+00:00,2021-09-23 00:00:00+00:00,39.904930114746094,0.974570968375539,60300020501,2021-09-19 19:00:00+00:00,0,74.50942993164062,1.254275582627291,60300020203,2021-09-19 14:00:00+00:00,7,102.90343475341795,1.438479264953611,60300020501,2021-09-19 20:00:00+00:00,24,153.45570373535156,1.5141805089215263,60300020501,2021-09-19 22:00:00+00:00,41,209.05772399902344,1.641675102518694,60300020301,2021-09-21 08:00:00+00:00,57,1.641675102518694,2021-09-21 08:00:00+00:00,72,59,7,46,444,AL-RF-20210921-0444,25.0,0.8175375620873477,59,25–50-year,Frontal/extratropical candidate,Prolonged or widespread non-tropical rainfall,,Medium–low,No nearby HURDAT2 system; 27 flood/heavy-rain NOAA records; affected HUCs=59; Rx24h/Rx72h=0.73.,Odette,1201.524207345475,27,Flash Flood; Flood,27,16,0,0.2600420130591288,0.485543568065342,0.6705741933899334,0.734035082750965,13.0,13.0,1.0,13.094312296959522,9.0,13.094312296959522,32800.0,744.1860465116279,-42.5,-43.916666666666664,4.75,5.0,27,16,5000.0,0.0,2.0,0.0,Measured major-flood response,10–25-year
ALRF-2021-020,2021,2021-10-04 16:00:00+00:00,2021-10-09 23:00:00+00:00,2021-10-04 04:00:00+00:00,2021-10-10 11:00:00+00:00,56.29173278808594,1.2955702301633842,31502020204,2021-10-07 03:00:00+00:00,7,125.40412139892578,2.08349046806844,31502020204,2021-10-07 04:00:00+00:00,34,158.7109375,2.185726107269724,31502020204,2021-10-07 05:00:00+00:00,44,193.31602478027344,1.8946793024598887,31300021306,2021-10-05 12:00:00+00:00,55,256.0519104003906,1.90770858254963,31502020204,2021-10-07 05:00:00+00:00,64,2.185726107269724,2021-10-07 05:00:00+00:00,6,82,11,33,445,AL-RF-20211007-0445,100.0,1.072885953151376,82,100–200-year,Convective,Organized or localized severe convection,,Medium,41 convective/heavy-rain NOAA Storm Events records; Rx3h/Rx24h=0.65.,Sam,2385.525282222417,42,Flash Flood; Funnel Cloud; Hail; Thunderstorm Wind,36,41,0,0.2911902044958154,0.6487000834072727,0.8209921432038227,0.7549876291802841,15.0,15.0,4.0,90.40030505525533,28.0,90.40030505525533,24300.0,417.07317073170736,-3.5,-65.0,2.25,4.0,36,36,100000.0,0.0,4.0,0.0,Measured major-flood response,50–100-year
ALRF-2021-021,2021,2021-12-10 06:00:00+00:00,2021-12-10 08:00:00+00:00,2021-12-09 18:00:00+00:00,2021-12-10 20:00:00+00:00,52.99910736083984,0.8776271374927317,31401060502,2021-12-10 05:00:00+00:00,0,107.85897827148438,1.236659331969309,31401060502,2021-12-10 06:00:00+00:00,4,119.84930419921876,1.123517755569697,31401060502,2021-12-10 08:00:00+00:00,3,125.39938354492188,0.8483663107089374,31401060502,2021-12-10 10:00:00+00:00,0,128.61798095703125,0.6916240844208505,31401060502,2021-12-10 10:00:00+00:00,0,1.236659331969309,2021-12-10 06:00:00+00:00,3,4,1,4,446,AL-RF-20211210-0446,5.0,0.5795914140951174,4,5–10-year,Convective,Organized or localized severe convection,,Medium,58 convective/heavy-rain NOAA Storm Events records; Rx3h/Rx24h=0.86.,,,58,Flash Flood; Thunderstorm Wind; Tornado,1,58,0,0.4226424872483839,0.8601236722415466,0.9557407764790572,0.9749755252868988,0.0,0.0,0.0,,,,,,,,,0.0,1,1,0.0,0.0,0.0,0.0,Reported flooding only,Insufficient record
ALRF-2021-022,2021,2021-12-19 03:00:00+00:00,2021-12-19 04:00:00+00:00,2021-12-18 15:00:00+00:00,2021-12-19 16:00:00+00:00,41.3412971496582,0.7585781533703162,31401030302,2021-12-19 00:00:00+00:00,0,69.55101013183594,0.9087612246080816,31401030302,2021-12-19 02:00:00+00:00,0,106.26710510253906,1.1466544624940684,31401030302,2021-12-19 03:00:00+00:00,7,156.44155883789062,1.1017491728862023,31602040202,2021-12-19 00:00:00+00:00,1,176.30238342285156,0.9924707053747034,31602040202,2021-12-19 07:00:00+00:00,0,1.1466544624940684,2021-12-19 03:00:00+00:00,6,8,4,4,447,AL-RF-20211219-0447,2.0,0.4743185119965367,8,2–5-year,Convective candidate,Thunderstorm-associated rainfall,,Low,1 convective/heavy-rain NOAA Storm Events records; rainfall duration signature was not decisive.,,,1,Thunderstorm Wind,0,1,0,0.2642603247932173,0.4445814184446139,0.6792766953483005,0.8873479518576567,0.0,0.0,0.0,,,,,,,,,0.0,0,0,0.0,0.0,0.0,0.0,Rainfall hazard without matched flood evidence,Insufficient record
ALRF-2021-023,2021,2021-12-30 15:00:00+00:00,2021-12-30 15:00:00+00:00,2021-12-30 03:00:00+00:00,2021-12-31 03:00:00+00:00,48.89509201049805,1.1021564957953849,31502020502,2021-12-30 04:00:00+00:00,1,66.98188781738281,1.0626977700491846,31601060602,2021-12-30 12:00:00+00:00,1,92.6584701538086,1.222157623508302,31601060602,2021-12-30 15:00:00+00:00,4,119.6906967163086,1.138036914903872,31601060602,2021-12-30 19:00:00+00:00,2,134.07369995117188,1.0229916431097228,31601060602,2021-12-30 19:00:00+00:00,1,1.222157623508302,2021-12-30 15:00:00+00:00,6,6,4,3,448,AL-RF-20211230-0448,5.0,0.59236437723572,6,5–10-year,Convective,Organized or localized severe convection,,Medium,24 convective/heavy-rain NOAA Storm Events records; Rx3h/Rx24h=0.56.,,,24,Hail; Thunderstorm Wind; Tornado,0,24,0,0.4085120510776991,0.5596248468345336,0.7741493089761864,0.8927231571881629,1.0,1.0,0.0,3.3333333333333335,3.3333333333333335,,1510.0,89.88095238095238,-2.25,-2.25,-2.25,1.0,0,0,0.0,0.0,0.0,0.0,Measured annual-peak response,2–5-year
ALRF-2022-001,2022,2022-02-03 22:00:00+00:00,2022-02-07 03:00:00+00:00,2022-02-03 10:00:00+00:00,2022-02-07 15:00:00+00:00,48.89766693115234,1.1338820915504164,31300030502,2022-02-04 07:00:00+00:00,7,117.70260620117188,1.939561548823608,31501100204,2022-02-04 06:00:00+00:00,46,181.33432006835935,2.4497966498214936,31501100501,2022-02-04 06:00:00+00:00,70,207.48193359375,1.9572823046196213,31501100205,2022-02-04 15:00:00+00:00,57,214.46896362304688,1.584569693082861,31501100205,2022-02-04 21:00:00+00:00,33,2.4497966498214936,2022-02-04 06:00:00+00:00,6,73,7,58,449,AL-RF-20220204-0449,200.0,1.1720568065267605,73,200–500-year,Convective,Organized or localized severe convection,,Medium,31 convective/heavy-rain NOAA Storm Events records; Rx3h/Rx24h=0.57.,,,31,Flash Flood; Thunderstorm Wind; Tornado,17,31,0,0.2356719261489728,0.5672908679925539,0.8739764322006576,0.9674217196219712,4.0,4.0,1.0,14.019743739203259,8.7,14.019743739203259,61700.0,154.80349344978166,4.75,-3.0,19.25,0.0,17,17,200000.0,0.0,0.0,0.0,Measured major-flood response,10–25-year
ALRF-2022-002,2022,2022-02-18 00:00:00+00:00,2022-02-18 05:00:00+00:00,2022-02-17 12:00:00+00:00,2022-02-18 17:00:00+00:00,41.92435073852539,0.9589876832556972,31601060308,2022-02-17 22:00:00+00:00,0,85.56080627441406,1.428345492446251,31601110401,2022-02-18 01:00:00+00:00,55,93.49778747558594,1.297060756003339,31601110401,2022-02-18 03:00:00+00:00,30,93.50048828125,0.901353315070852,31601110401,2022-02-18 03:00:00+00:00,0,93.50048828125,0.7110162921703447,31601110401,2022-02-18 03:00:00+00:00,0,1.428345492446251,2022-02-18 01:00:00+00:00,3,55,3,42,450,AL-RF-20220218-0450,10.0,0.6982523283916612,55,10–25-year,Convective,Organized or localized severe convection,,Medium,13 convective/heavy-rain NOAA Storm Events records; Rx3h/Rx24h=0.92.,,,18,Flash Flood; Hail; Strong Wind; Thunderstorm Wind; Tornado,4,13,0,0.4483864363618798,0.9150840583532214,0.999971114528772,1.0,1.0,1.0,0.0,1.4480393867221173,1.457627118644068,1.4480393867221173,18300.0,20.677966101694917,23.5,23.5,23.5,0.0,4,4,0.0,0.0,0.0,0.0,Measured annual-peak response,<2-year
ALRF-2022-003,2022,2022-02-23 06:00:00+00:00,2022-02-23 11:00:00+00:00,2022-02-22 18:00:00+00:00,2022-02-23 23:00:00+00:00,47.52881240844727,1.1022296649736063,31601100303,2022-02-23 07:00:00+00:00,5,75.4529800415039,1.2302528829435784,31601030102,2022-02-23 08:00:00+00:00,11,90.01788330078125,1.1903614709246066,31601030102,2022-02-23 10:00:00+00:00,29,100.93431854248048,0.9157089525332014,31601100303,2022-02-23 23:00:00+00:00,0,144.39620971679688,1.045383373821036,31601050402,2022-02-23 22:00:00+00:00,2,1.2302528829435784,2022-02-23 08:00:00+00:00,3,29,4,13,451,AL-RF-20220223-0451,5.0,0.6084811228442036,29,5–10-year,Convective,Organized or localized severe convection,,Medium,13 convective/heavy-rain NOAA Storm Events records; Rx3h/Rx24h=0.75.,,,18,Flash Flood; Flood; Hail; Thunderstorm Wind; Tornado,10,13,0,0.4708885252783839,0.7475453456373,0.8918461490666845,0.6990094735896609,1.0,1.0,0.0,1.4465403559950325,1.9285714285714286,1.4465403559950325,8600.0,65.64885496183206,7.5,7.5,7.5,0.0,10,5,0.0,0.0,0.0,0.0,Measured annual-peak response,<2-year
ALRF-2022-004,2022,2022-03-18 14:00:00+00:00,2022-03-19 17:00:00+00:00,2022-03-18 02:00:00+00:00,2022-03-20 05:00:00+00:00,67.13701629638672,1.255169831847835,31401030101,2022-03-18 17:00:00+00:00,30,111.5530242919922,1.4978768266169598,31401030104,2022-03-18 18:00:00+00:00,112,121.26265716552734,1.4682445430121496,31300040601,2022-03-18 23:00:00+00:00,81,121.30174255371094,1.058738690432968,31300040601,2022-03-19 14:00:00+00:00,6,121.1574935913086,0.9037182150481516,31502020301,2022-03-18 15:00:00+00:00,0,1.4978768266169598,2022-03-18 18:00:00+00:00,3,121,5,110,452,AL-RF-20220318-0452,10.0,0.675112902414629,121,10–25-year,Convective,Organized or localized severe convection,,Medium,28 convective/heavy-rain NOAA Storm Events records; Rx3h/Rx24h=0.92.,,,28,Flash Flood; Hail; Lightning; Thunderstorm Wind,14,28,0,0.5534711611142706,0.9196324961498212,0.9996777837864425,1.0011905905126175,3.0,3.0,0.0,1.985411290424352,1.9285714285714286,1.985411290424352,14200.0,11.09375,29.75,4.25,30.75,0.0,14,14,0.0,0.0,0.0,0.0,Measured annual-peak response,<2-year
ALRF-2022-005,2022,2022-03-23 01:00:00+00:00,2022-03-26 02:00:00+00:00,2022-03-22 13:00:00+00:00,2022-03-26 14:00:00+00:00,58.66714859008789,1.3796132837019563,31501070104,2022-03-23 05:00:00+00:00,11,111.46124267578124,1.877733578707706,31501070501,2022-03-23 06:00:00+00:00,97,142.7611541748047,1.981034034924984,31501070104,2022-03-23 09:00:00+00:00,165,148.46853637695312,1.4104835193885394,31501070501,2022-03-23 10:00:00+00:00,21,148.46853637695312,1.1044735848204146,31501070501,2022-03-23 10:00:00+00:00,4,1.981034034924984,2022-03-23 09:00:00+00:00,6,173,7,93,453,AL-RF-20220323-0453,50.0,0.8885193229015604,173,50–100-year,Convective,Organized or localized severe convection,,Medium,24 convective/heavy-rain NOAA Storm Events records; Rx3h/Rx24h=0.75.,,,27,Flash Flood; Flood; Hail; Thunderstorm Wind; Tornado,8,24,0,0.3951486962943809,0.7507398226974336,0.9615583049350084,1.0,9.0,9.0,1.0,15.0,15.0,6.464730860420978,132000.0,356.0747663551402,-1.75,-12.5,11.25,3.0,8,5,0.0,0.0,3.0,0.0,Measured major-flood response,10–25-year
ALRF-2022-006,2022,2022-04-05 15:00:00+00:00,2022-04-05 20:00:00+00:00,2022-04-05 03:00:00+00:00,2022-04-06 08:00:00+00:00,39.11180877685547,0.892958656171151,31502010505,2022-04-05 16:00:00+00:00,0,76.63546752929688,1.283157276155297,31501070704,2022-04-05 16:00:00+00:00,30,110.05168151855467,1.5109623007478472,31501070704,2022-04-05 18:00:00+00:00,63,112.51322174072266,1.0635443943246312,31501070704,2022-04-05 19:00:00+00:00,2,112.51322174072266,0.8258847812141754,31501070704,2022-04-05 19:00:00+00:00,0,1.5109623007478472,2022-04-05 18:00:00+00:00,6,63,4,58,454,AL-RF-20220405-0454,10.0,0.7081554531730203,63,10–25-year,Convective,Organized or localized severe convection,,Medium,56 convective/heavy-rain NOAA Storm Events records; Rx3h/Rx24h=0.68.,,,56,Hail; Thunderstorm Wind; Tornado,0,56,0,0.3476196679087669,0.6811241056264207,0.9781222136911129,1.0,2.0,2.0,0.0,2.4064656247881397,2.5555555555555554,2.4064656247881397,11700.0,97.47899159663865,-2.25,-3.25,-1.25,1.0,0,0,0.0,0.0,0.0,0.0,Measured annual-peak response,2–5-year
ALRF-2022-007,2022,2022-04-07 03:00:00+00:00,2022-04-08 13:00:00+00:00,2022-04-06 15:00:00+00:00,2022-04-09 01:00:00+00:00,28.58423614501953,0.7135340300981295,31501080704,2022-04-07 03:00:00+00:00,0,38.787635803222656,0.6981300004975709,31501080704,2022-04-07 05:00:00+00:00,0,38.91999816894531,0.5735834352943314,31501080704,2022-04-07 07:00:00+00:00,0,70.77885437011719,0.6852029526120121,31300030503,2022-04-06 15:00:00+00:00,0,153.61874389648438,1.144204030115595,31501090404,2022-04-07 06:00:00+00:00,7,1.144204030115595,2022-04-07 06:00:00+00:00,72,7,1,7,455,AL-RF-20220407-0455,2.0,0.551627043872789,7,2–5-year,Convective candidate,Thunderstorm-associated rainfall,,Low,7 convective/heavy-rain NOAA Storm Events records; rainfall duration signature was not decisive.,,,8,Frost/Freeze; Hail; Thunderstorm Wind,0,7,0,0.4038527664709954,0.548011636362382,0.5498817198343539,0.4607436083308385,0.0,0.0,0.0,,,,,,,,,0.0,0,0,0.0,0.0,0.0,0.0,Rainfall hazard without matched flood evidence,Insufficient record
ALRF-2022-008,2022,2022-04-16 09:00:00+00:00,2022-04-16 12:00:00+00:00,2022-04-15 21:00:00+00:00,2022-04-17 00:00:00+00:00,44.2020378112793,1.052968828534879,60300060201,2022-04-16 08:00:00+00:00,2,70.36861419677734,1.1715050987499454,31601090206,2022-04-16 11:00:00+00:00,10,79.35580444335938,1.0911459790835845,31601090206,2022-04-16 12:00:00+00:00,3,102.09105682373048,0.9125983923368952,31700020504,2022-04-17 00:00:00+00:00,0,131.53697204589844,0.9251773232157392,31700020504,2022-04-17 00:00:00+00:00,0,1.1715050987499454,2022-04-16 11:00:00+00:00,3,11,3,7,456,AL-RF-20220416-0456,2.0,0.5704627001838272,11,2–5-year,Convective,Organized or localized severe convection,,Medium,26 convective/heavy-rain NOAA Storm Events records; Rx3h/Rx24h=0.69.,,,26,Flash Flood; Hail; Thunderstorm Wind,2,26,0,0.4329667963727533,0.6892730508047848,0.7773041724935262,0.7761396300661906,1.0,1.0,0.0,2.285724311221575,2.3076923076923075,2.285724311221575,7510.0,81.54180238870794,-2.35,-2.35,-2.35,0.0,2,2,0.0,0.0,0.0,0.0,Measured annual-peak response,2–5-year
ALRF-2022-009,2022,2022-05-26 02:00:00+00:00,2022-05-26 17:00:00+00:00,2022-05-25 14:00:00+00:00,2022-05-27 05:00:00+00:00,36.947052001953125,0.8794086436509436,31501090203,2022-05-25 18:00:00+00:00,0,58.440547943115234,0.9827972227068466,31501090202,2022-05-25 19:00:00+00:00,0,85.9437484741211,0.8701834635372045,31403040506,2022-05-26 18:00:00+00:00,0,131.0435333251953,0.8818301638939918,31401060505,2022-05-26 19:00:00+00:00,0,183.13461303710935,1.1195492427471427,31502040705,2022-05-26 03:00:00+00:00,12,1.1195492427471427,2022-05-26 03:00:00+00:00,72,12,4,6,457,AL-RF-20220526-0457,2.0,0.4577925348540361,12,2–5-year,Frontal/extratropical candidate,Prolonged or widespread non-tropical rainfall,,Medium–low,No nearby HURDAT2 system; 1 flood/heavy-rain NOAA records; affected HUCs=12; Rx24h/Rx72h=0.72.,,,20,Flash Flood; Hail; Thunderstorm Wind; Tornado,1,20,0,0.2819448702612892,0.4459628526505784,0.6558412024868454,0.7155585236016601,0.0,0.0,0.0,,,,,,,,,0.0,1,1,250000.0,0.0,0.0,0.0,Reported flooding only,Insufficient record
ALRF-2022-010,2022,2022-06-08 01:00:00+00:00,2022-06-11 10:00:00+00:00,2022-06-07 13:00:00+00:00,2022-06-11 22:00:00+00:00,64.77523803710938,1.5232507629670442,31501070104,2022-06-08 13:00:00+00:00,15,111.64342498779295,1.8831316696707248,31501070104,2022-06-08 13:00:00+00:00,63,141.82835388183594,1.968089973644165,31501070104,2022-06-08 14:00:00+00:00,77,170.82061767578125,1.6443488176842989,31601110405,2022-06-09 05:00:00+00:00,55,181.97206115722656,1.3782516956579085,31601110405,2022-06-09 05:00:00+00:00,21,1.968089973644165,2022-06-08 14:00:00+00:00,6,86,6,75,458,AL-RF-20220608-0458,50.0,0.8822217679830914,86,50–100-year,Convective,Organized or localized severe convection,,Medium,40 convective/heavy-rain NOAA Storm Events records; Rx3h/Rx24h=0.65.,Alex,1636.680316452063,40,Flash Flood; Hail; Thunderstorm Wind,13,40,0,0.3792003501594476,0.6535711350704339,0.8302765545024967,0.938718925254079,13.0,13.0,1.0,13.0,13.0,4.258494939578305,13000.0,668.6567164179104,-3.25,-8.833333333333334,16.0,4.0,13,13,0.0,0.0,0.0,0.0,Measured major-flood response,10–25-year
ALRF-2022-011,2022,2022-06-29 04:00:00+00:00,2022-06-29 04:00:00+00:00,2022-06-28 16:00:00+00:00,2022-06-29 16:00:00+00:00,45.89253616333008,1.0310154314135993,31501100804,2022-06-29 02:00:00+00:00,1,84.06385040283203,1.3600886187559238,31501100901,2022-06-29 04:00:00+00:00,3,96.556396484375,1.2882286009083874,31501100901,2022-06-29 05:00:00+00:00,2,100.60930633544922,0.9318414418677649,31501100901,2022-06-29 13:00:00+00:00,0,102.69205474853516,0.7477205649058628,31501100901,2022-06-29 13:00:00+00:00,0,1.3600886187559238,2022-06-29 04:00:00+00:00,3,3,2,2,459,AL-RF-20220629-0459,5.0,0.6432869475064321,3,5–10-year,Convective,Organized or localized severe convection,,Medium,7 convective/heavy-rain NOAA Storm Events records; Rx3h/Rx24h=0.84.,Bonnie,2407.964879871423,7,Flash Flood; Lightning,2,7,0,0.4561460349434897,0.8355474604163187,0.9597163523068024,0.9797185048231236,0.0,0.0,0.0,,,,,,,,,0.0,2,2,0.0,0.0,0.0,0.0,Reported flooding only,Insufficient record
ALRF-2022-012,2022,2022-07-09 17:00:00+00:00,2022-07-10 05:00:00+00:00,2022-07-09 05:00:00+00:00,2022-07-10 17:00:00+00:00,79.23678588867188,1.8517567411722244,31501070205,2022-07-10 00:00:00+00:00,8,106.1962890625,1.7849326602272937,31501070205,2022-07-10 01:00:00+00:00,18,113.83740997314452,1.577702377270371,31501070205,2022-07-10 04:00:00+00:00,20,115.0272445678711,1.1033104780967518,31501070205,2022-07-10 05:00:00+00:00,3,120.79296112060548,0.9062252888666424,31501070205,2022-07-10 05:00:00+00:00,0,1.8517567411722244,2022-07-10 00:00:00+00:00,1,21,2,18,460,AL-RF-20220710-0460,25.0,0.8888483383179516,21,25–50-year,Convective,Organized or localized severe convection,,Medium,32 convective/heavy-rain NOAA Storm Events records; Rx3h/Rx24h=0.92.,Bonnie,3295.0163670352463,41,Excessive Heat; Flash Flood; Heat; Lightning; Thunderstorm Wind,4,32,0,0.6888523339522291,0.9232272707344524,0.9896560627945452,0.9522677770356368,0.0,0.0,0.0,,,,,,,,,0.0,4,4,0.0,0.0,0.0,0.0,Reported flooding only,Insufficient record
ALRF-2022-013,2022,2022-07-14 09:00:00+00:00,2022-07-14 18:00:00+00:00,2022-07-13 21:00:00+00:00,2022-07-15 06:00:00+00:00,48.07328414916992,1.1079072209912788,31300030504,2022-07-14 08:00:00+00:00,1,81.08737182617188,1.3378252484797344,31300030605,2022-07-14 09:00:00+00:00,7,101.4094696044922,1.3602619246533831,31501100905,2022-07-14 16:00:00+00:00,7,117.0908203125,1.0892407854522956,31501100905,2022-07-14 17:00:00+00:00,3,119.8952178955078,0.8752933345007705,31501100905,2022-07-15 01:00:00+00:00,0,1.3602619246533831,2022-07-14 16:00:00+00:00,6,8,4,3,461,AL-RF-20220714-0461,5.0,0.6530817794698283,8,5–10-year,Convective,Organized or localized severe convection,,Medium,6 convective/heavy-rain NOAA Storm Events records; Rx3h/Rx24h=0.69.,,,6,Thunderstorm Wind,0,6,0,0.4105640734334993,0.6925168993586376,0.8660753194301966,0.9766095960103102,0.0,0.0,0.0,,,,,,,,,0.0,0,0,0.0,0.0,0.0,0.0,Rainfall hazard without matched flood evidence,Insufficient record
ALRF-2022-014,2022,2022-07-19 03:00:00+00:00,2022-07-19 03:00:00+00:00,2022-07-18 15:00:00+00:00,2022-07-19 15:00:00+00:00,40.07658004760742,0.7869359935740721,31403020503,2022-07-19 02:00:00+00:00,0,88.56236267089844,1.2548997286183885,31403020503,2022-07-19 03:00:00+00:00,3,90.84635925292967,1.0711699904005072,31403020503,2022-07-19 06:00:00+00:00,1,80.31134033203125,0.8390166413780954,31501050106,2022-07-19 15:00:00+00:00,0,81.37981414794922,0.6629373245214424,31501050106,2022-07-19 15:00:00+00:00,0,1.2548997286183885,2022-07-19 03:00:00+00:00,3,3,1,3,462,AL-RF-20220719-0462,5.0,0.5538430720441284,3,5–10-year,Convective,Organized or localized severe convection,,Medium,2 convective/heavy-rain NOAA Storm Events records; Rx3h/Rx24h=1.10.,,,9,Excessive Heat; Heat; Lightning; Thunderstorm Wind,0,2,0,0.4990152060956619,1.1027379483987565,1.131177226993641,0.9868705301541304,0.0,0.0,0.0,,,,,,,,,0.0,0,0,0.0,0.0,0.0,0.0,Rainfall hazard without matched flood evidence,Insufficient record
ALRF-2022-015,2022,2022-07-22 02:00:00+00:00,2022-07-23 00:00:00+00:00,2022-07-21 14:00:00+00:00,2022-07-23 12:00:00+00:00,66.37393188476562,1.4809577853586182,31602020701,2022-07-22 02:00:00+00:00,8,118.49267578125,1.9117053711120744,31602010401,2022-07-22 03:00:00+00:00,10,134.05624389648438,1.797525482460785,31602010401,2022-07-22 05:00:00+00:00,10,142.76565551757812,1.3622127839146905,31602010401,2022-07-22 14:00:00+00:00,4,142.76611328125,1.0795499990799868,31602010401,2022-07-23 01:00:00+00:00,1,1.9117053711120744,2022-07-22 03:00:00+00:00,3,11,1,11,463,AL-RF-20220722-0463,50.0,0.9466078956255852,11,50–100-year,Convective,Organized or localized severe convection,,Medium,31 convective/heavy-rain NOAA Storm Events records; Rx3h/Rx24h=0.83.,,,41,Excessive Heat; Flash Flood; Hail; Heat; Thunderstorm Wind,1,31,0,0.4649152602153203,0.8299802592694326,0.938995050388562,0.9999967936111632,0.0,0.0,0.0,,,,,,,,,0.0,1,1,0.0,0.0,0.0,0.0,Reported flooding only,Insufficient record
ALRF-2022-016,2022,2022-08-19 22:00:00+00:00,2022-08-19 22:00:00+00:00,2022-08-19 10:00:00+00:00,2022-08-20 10:00:00+00:00,38.18595886230469,0.9517736394188144,31501080304,2022-08-20 01:00:00+00:00,0,64.28461456298828,1.1954069641702478,31501050701,2022-08-19 22:00:00+00:00,3,66.00943756103516,0.99107876696923,31501050701,2022-08-19 22:00:00+00:00,0,111.12561798095705,0.757159995708396,31602050103,2022-08-19 10:00:00+00:00,0,117.287353515625,0.7275608987209755,31602031002,2022-08-19 18:00:00+00:00,0,1.1954069641702478,2022-08-19 22:00:00+00:00,3,3,1,3,464,AL-RF-20220819-0464,2.0,0.558858650097217,3,2–5-year,Convective,Organized or localized severe convection,,Medium,8 convective/heavy-rain NOAA Storm Events records; Rx3h/Rx24h=0.58.,,,8,Flash Flood; Thunderstorm Wind,4,8,0,0.3436287649608248,0.5784860028765317,0.5940073833591353,0.9474646212914412,0.0,0.0,0.0,,,,,,,,,0.0,4,4,0.0,0.0,0.0,0.0,Reported flooding only,Insufficient record
ALRF-2022-017,2022,2022-08-21 01:00:00+00:00,2022-08-21 01:00:00+00:00,2022-08-20 13:00:00+00:00,2022-08-21 13:00:00+00:00,49.46002197265625,1.0916493657924478,31601080903,2022-08-21 00:00:00+00:00,1,77.71060180664062,1.2189838928445436,31601080903,2022-08-21 01:00:00+00:00,3,77.02823638916016,1.047711230381337,31601120305,2022-08-20 14:00:00+00:00,3,94.16393280029295,0.8971691488874072,31601060507,2022-08-21 02:00:00+00:00,0,94.55316925048828,0.7207153126139321,31601060507,2022-08-21 02:00:00+00:00,0,1.2189838928445436,2022-08-21 01:00:00+00:00,3,4,2,3,465,AL-RF-20220821-0465,5.0,0.6109005199710514,4,5–10-year,Convective,Organized or localized severe convection,,Medium,4 convective/heavy-rain NOAA Storm Events records; Rx3h/Rx24h=0.83.,,,4,Thunderstorm Wind,0,4,0,0.5252544206873055,0.8252692883107665,0.8180227195111428,0.9958834119122528,0.0,0.0,0.0,,,,,,,,,0.0,0,0,0.0,0.0,0.0,0.0,Rainfall hazard without matched flood evidence,Insufficient record
ALRF-2022-018,2022,2022-08-23 20:00:00+00:00,2022-08-26 20:00:00+00:00,2022-08-23 08:00:00+00:00,2022-08-27 08:00:00+00:00,60.81576156616211,1.4963446194767978,31501050805,2022-08-24 01:00:00+00:00,3,107.1747817993164,1.9312720693838663,31501050805,2022-08-24 01:00:00+00:00,8,108.57085418701172,1.6075685904847372,31501050805,2022-08-24 03:00:00+00:00,9,161.7947235107422,1.5199378790634768,31602020604,2022-08-24 18:00:00+00:00,13,206.65060424804688,1.54254556769732,31602020604,2022-08-24 20:00:00+00:00,37,1.9312720693838663,2022-08-24 01:00:00+00:00,3,41,5,36,466,AL-RF-20220824-0466,25.0,0.8668105667017019,41,25–50-year,Convective,Organized or localized severe convection,,Medium,17 convective/heavy-rain NOAA Storm Events records; Rx3h/Rx24h=0.66.,,,17,Flash Flood; Heavy Rain,17,17,0,0.3758822305606543,0.662412095238697,0.6710407597427197,0.7829385454713538,0.0,0.0,0.0,,,,,,,,,0.0,17,16,0.0,0.0,0.0,0.0,Reported flooding only,Insufficient record
ALRF-2022-019,2022,2022-09-04 09:00:00+00:00,2022-09-07 08:00:00+00:00,2022-09-03 21:00:00+00:00,2022-09-07 20:00:00+00:00,39.49240493774414,1.0091806985874778,31501050204,2022-09-04 13:00:00+00:00,1,101.72943115234376,1.8640460764320288,31501050604,2022-09-04 13:00:00+00:00,9,145.90003967285156,2.1718147704332464,31501050604,2022-09-04 13:00:00+00:00,12,213.5061798095703,2.155950798064512,31501050604,2022-09-05 03:00:00+00:00,13,224.77622985839844,1.7674724300424394,31501050604,2022-09-07 01:00:00+00:00,9,2.1718147704332464,2022-09-04 13:00:00+00:00,6,17,3,14,467,AL-RF-20220904-0467,100.0,1.0405435556109897,17,100–200-year,Convective candidate,Thunderstorm-associated rainfall,,Low,14 convective/heavy-rain NOAA Storm Events records; rainfall duration signature was not decisive.,Earl,1989.7006982497903,15,Flash Flood; Flood; Heavy Rain; Thunderstorm Wind,10,14,0,0.1849707815154019,0.476470663486546,0.6833527713482683,0.9498610237571478,1.0,1.0,1.0,26.611156573868804,21.5,26.611156573868804,20900.0,57.10382513661202,13.75,13.75,13.75,1.0,10,4,0.0,0.0,0.0,0.0,Measured major-flood response,25–50-year
ALRF-2022-020,2022,2022-10-12 17:00:00+00:00,2022-10-12 20:00:00+00:00,2022-10-12 05:00:00+00:00,2022-10-13 08:00:00+00:00,41.02543258666992,0.9228047830462482,31602010107,2022-10-12 13:00:00+00:00,0,85.4084243774414,1.3064602977973772,31602010201,2022-10-12 17:00:00+00:00,5,107.13063049316406,1.4435466707722089,31602010107,2022-10-12 18:00:00+00:00,13,120.6269760131836,1.145434050961035,31602010107,2022-10-13 08:00:00+00:00,1,120.6269760131836,0.9052312138604852,31602010107,2022-10-13 08:00:00+00:00,0,1.4435466707722089,2022-10-12 18:00:00+00:00,6,13,1,13,468,AL-RF-20221012-0468,10.0,0.6744821864737702,13,10–25-year,Convective,Organized or localized severe convection,,Medium,12 convective/heavy-rain NOAA Storm Events records; Rx3h/Rx24h=0.71.,Karl,1233.5731981779868,13,Drought; Hail; Thunderstorm Wind,0,12,0,0.3401016417935086,0.7080375153241587,0.8881150306002491,1.0,0.0,0.0,0.0,,,,,,,,,0.0,0,0,0.0,0.0,0.0,0.0,Rainfall hazard without matched flood evidence,Insufficient record
ALRF-2022-021,2022,2022-10-13 09:00:00+00:00,2022-10-13 11:00:00+00:00,2022-10-12 21:00:00+00:00,2022-10-13 23:00:00+00:00,37.07959747314453,0.8369335395810805,31501100502,2022-10-12 21:00:00+00:00,0,52.97808837890625,0.8716043721274634,31502010203,2022-10-12 21:00:00+00:00,0,82.04650115966797,1.0606837171981485,31602010203,2022-10-12 21:00:00+00:00,1,122.00534057617188,1.158522547060881,31602010107,2022-10-13 10:00:00+00:00,4,122.00534057617188,0.9155749915770036,31602010107,2022-10-13 10:00:00+00:00,0,1.158522547060881,2022-10-13 10:00:00+00:00,24,5,2,3,469,AL-RF-20221013-0469,2.0,0.5193236532610565,5,2–5-year,Convective candidate,Thunderstorm-associated rainfall,,Low,12 convective/heavy-rain NOAA Storm Events records; rainfall duration signature was not decisive.,Karl,1245.6360232338711,13,Drought; Hail; Thunderstorm Wind,0,12,0,0.3039178227611646,0.4342276176494939,0.6724828665056977,1.0,0.0,0.0,0.0,,,,,,,,,0.0,0,0,0.0,0.0,0.0,0.0,Rainfall hazard without matched flood evidence,Insufficient record
ALRF-2022-022,2022,2022-11-30 08:00:00+00:00,2022-12-01 01:00:00+00:00,2022-11-29 20:00:00+00:00,2022-12-01 13:00:00+00:00,44.53265380859375,1.03274644579817,31601100303,2022-11-30 00:00:00+00:00,2,66.54818725585938,1.0954747783006047,31501070907,2022-11-30 12:00:00+00:00,2,89.06489562988281,1.2559063901637937,31501060306,2022-11-30 08:00:00+00:00,21,108.8990478515625,1.0604818452790734,31501060305,2022-11-30 14:00:00+00:00,5,110.63560485839844,0.8426304932415882,31501060305,2022-11-30 10:00:00+00:00,0,1.2559063901637937,2022-11-30 08:00:00+00:00,6,25,5,18,470,AL-RF-20221130-0470,5.0,0.5758187519137934,25,5–10-year,Convective,Organized or localized severe convection,,Medium,62 convective/heavy-rain NOAA Storm Events records; Rx3h/Rx24h=0.61.,,,67,Drought; Flash Flood; Flood; Hail; Lightning; Thunderstorm Wind; Tornado,4,62,0,0.4089351990413641,0.6110998082055731,0.8178666148788085,0.9843038142281724,4.0,4.0,0.0,2.0,2.0,1.8252735484120977,5270.0,115.2,-3.875,-5.0,3.25,1.0,4,3,0.0,0.0,0.0,0.0,Measured annual-peak response,2–5-year
ALRF-2023-001,2023,2023-01-04 13:00:00+00:00,2023-01-04 16:00:00+00:00,2023-01-04 01:00:00+00:00,2023-01-05 04:00:00+00:00,43.24213409423828,0.867887878276738,31300040701,2023-01-04 14:00:00+00:00,0,52.65952301025391,0.9657928161820886,31501050301,2023-01-04 09:00:00+00:00,0,66.76448059082031,1.0073698496952708,31501050301,2023-01-04 11:00:00+00:00,1,114.36624908447266,1.077841682386052,31602010406,2023-01-04 11:00:00+00:00,4,114.36624908447266,0.8519667649686228,31602010406,2023-01-04 11:00:00+00:00,0,1.077841682386052,2023-01-04 11:00:00+00:00,24,4,3,2,471,AL-RF-20230104-0471,2.0,0.5041761739757197,4,2–5-year,Convective candidate,Thunderstorm-associated rainfall,,Low,46 convective/heavy-rain NOAA Storm Events records; rainfall duration signature was not decisive.,,,49,Drought; Flash Flood; Flood; Hail; Thunderstorm Wind; Tornado,7,46,0,0.3781022324365904,0.4604463592345219,0.5837778289074345,1.0,0.0,0.0,0.0,,,,,,,,,0.0,7,5,20000.0,0.0,0.0,0.0,Reported flooding only,Insufficient record
ALRF-2023-002,2023,2023-03-02 05:00:00+00:00,2023-03-02 05:00:00+00:00,2023-03-01 17:00:00+00:00,2023-03-02 17:00:00+00:00,39.701419830322266,0.9714448532325152,60300020502,2023-03-02 05:00:00+00:00,0,65.2325439453125,1.1185447298241995,60300020502,2023-03-02 07:00:00+00:00,4,72.27948760986328,1.012062629030833,60300020502,2023-03-02 09:00:00+00:00,3,103.68738555908205,1.0057234208236,60300050804,2023-03-02 17:00:00+00:00,2,104.32332611083984,0.7835264253844983,60300050804,2023-03-02 17:00:00+00:00,0,1.1185447298241995,2023-03-02 07:00:00+00:00,3,6,4,3,472,AL-RF-20230302-0472,2.0,0.5291877201046273,6,2–5-year,Convective,Organized or localized severe convection,,Medium,56 convective/heavy-rain NOAA Storm Events records; Rx3h/Rx24h=0.63.,,,74,Flash Flood; Flood; High Wind; Strong Wind; Thunderstorm Wind; Tornado,10,56,0,0.3828953697332838,0.6291270977041117,0.6970904630310865,0.9939041384562246,2.0,2.0,0.0,2.885337971486037,2.5454545454545454,2.885337971486037,1800.0,231.34920634920636,-6.958333333333333,-7.083333333333333,-6.833333333333333,1.0,10,8,0.0,0.0,0.0,0.0,Measured annual-peak response,2–5-year
ALRF-2023-003,2023,2023-03-25 04:00:00+00:00,2023-03-25 07:00:00+00:00,2023-03-24 16:00:00+00:00,2023-03-25 19:00:00+00:00,51.95998001098633,1.2217441862999685,31601030304,2023-03-25 05:00:00+00:00,10,67.1053695678711,1.1157745894495683,31601030304,2023-03-25 07:00:00+00:00,6,68.91141510009766,0.9263549959071298,31601030201,2023-03-25 08:00:00+00:00,0,69.28378295898438,0.6437152757395015,31601030201,2023-03-25 08:00:00+00:00,0,76.59636688232422,0.5669855847699712,60300060302,2023-03-25 05:00:00+00:00,0,1.2217441862999685,2023-03-25 05:00:00+00:00,1,12,2,6,473,AL-RF-20230325-0473,5.0,0.5739545875953683,12,5–10-year,Convective,Organized or localized severe convection,,Medium,122 convective/heavy-rain NOAA Storm Events records; Rx3h/Rx24h=0.97.,,,122,Hail; Lightning; Thunderstorm Wind; Tornado,0,122,0,0.7499587607932199,0.968558105546822,0.9946254687174464,0.9045309298471788,0.0,0.0,0.0,,,,,,,,,0.0,0,0,0.0,0.0,0.0,0.0,Rainfall hazard without matched flood evidence,Insufficient record
ALRF-2023-004,2023,2023-03-26 13:00:00+00:00,2023-03-30 00:00:00+00:00,2023-03-26 01:00:00+00:00,2023-03-30 12:00:00+00:00,50.77747344970703,1.2131552113259736,31300020903,2023-03-27 13:00:00+00:00,3,100.00585174560548,1.746249285807805,31300020808,2023-03-27 13:00:00+00:00,27,110.9372329711914,1.5848667559874534,31300020808,2023-03-27 14:00:00+00:00,28,179.48049926757812,1.7354200218739508,31300020808,2023-03-27 13:00:00+00:00,86,253.4421539306641,1.8939464176487315,31501090502,2023-03-27 15:00:00+00:00,76,1.8939464176487315,2023-03-27 15:00:00+00:00,72,94,6,81,474,AL-RF-20230327-0474,50.0,0.9614986213555392,94,50–100-year,Convective,Organized or localized severe convection,,Medium,79 convective/heavy-rain NOAA Storm Events records; Rx3h/Rx24h=0.56.,,,79,Flash Flood; Hail; Thunderstorm Wind; Tornado,7,79,0,0.2829135959445128,0.5571961976577297,0.6181018741529176,0.7081714564210966,8.0,8.0,1.0,13.292340321034269,15.333333333333334,13.292340321034269,47200.0,182.6330532212885,-1.875,-12.0,3.0,4.0,7,7,0.0,0.0,0.0,0.0,Measured major-flood response,10–25-year
ALRF-2023-005,2023,2023-05-11 03:00:00+00:00,2023-05-11 03:00:00+00:00,2023-05-10 15:00:00+00:00,2023-05-11 15:00:00+00:00,42.37854766845703,1.0086883555160115,31501090203,2023-05-11 03:00:00+00:00,1,102.04336547851562,1.7370795757185091,31501090203,2023-05-11 03:00:00+00:00,3,105.7285385131836,1.4719145289352622,31501090203,2023-05-11 05:00:00+00:00,2,105.77539825439452,1.009178132459306,31501090203,2023-05-11 12:00:00+00:00,1,117.36798095703124,0.8846753597457386,31501090203,2023-05-11 12:00:00+00:00,0,1.7370795757185091,2023-05-11 03:00:00+00:00,3,3,2,2,475,AL-RF-20230511-0475,25.0,0.8714042396098045,3,25–50-year,Convective,Organized or localized severe convection,,Medium,20 convective/heavy-rain NOAA Storm Events records; Rx3h/Rx24h=0.96.,,,21,Flash Flood; Flood; Hail; Thunderstorm Wind,5,20,0,0.4006465432210876,0.9647173838390738,0.999556988279087,0.9012287456245772,0.0,0.0,0.0,,,,,,,,,0.0,5,4,0.0,0.0,0.0,0.0,Reported flooding only,Insufficient record
ALRF-2023-006,2023,2023-06-14 12:00:00+00:00,2023-06-19 05:00:00+00:00,2023-06-14 00:00:00+00:00,2023-06-19 17:00:00+00:00,48.598777770996094,1.0317453694634706,31300040104,2023-06-15 15:00:00+00:00,4,82.49427795410156,1.3695947727295938,31501090602,2023-06-14 13:00:00+00:00,30,226.95416259765625,2.092231706728084,31401070103,2023-06-16 08:00:00+00:00,39,295.1393737792969,1.9643650833830213,31401070103,2023-06-16 16:00:00+00:00,71,336.2064819335937,1.7871857773759725,31401070103,2023-06-18 20:00:00+00:00,106,2.092231706728084,2023-06-16 08:00:00+00:00,6,127,11,55,476,AL-RF-20230616-0476,50.0,0.9083774031963648,127,50–100-year,Frontal/extratropical candidate,Prolonged or widespread non-tropical rainfall,,Medium–low,No nearby HURDAT2 system; 41 flood/heavy-rain NOAA records; affected HUCs=127; Rx24h/Rx72h=0.88.,Bret,4247.194672827993,303,Flash Flood; Hail; Heavy Rain; Lightning; Thunderstorm Wind; Tornado,41,303,0,0.16466382356472,0.2795095649142028,0.7689728404972864,0.8778515276739718,1.0,1.0,0.0,1.6224659090026046,1.625,1.6224659090026046,2750.0,38.569424964936886,-36.25,-36.25,-36.25,0.0,41,28,0.0,0.0,0.0,0.0,Measured annual-peak response,<2-year
ALRF-2023-007,2023,2023-06-19 20:00:00+00:00,2023-06-23 22:00:00+00:00,2023-06-19 08:00:00+00:00,2023-06-24 10:00:00+00:00,91.4191436767578,2.0743077671165127,31501100503,2023-06-21 23:00:00+00:00,4,102.26652526855467,1.6721923456400034,31501100503,2023-06-22 00:00:00+00:00,18,204.41497802734372,1.918077553430927,31602050104,2023-06-19 21:00:00+00:00,20,158.60438537597656,1.4809109859611949,31501100503,2023-06-22 00:00:00+00:00,13,280.3196716308594,1.5102362669591405,31602050104,2023-06-20 01:00:00+00:00,14,2.0743077671165127,2023-06-21 23:00:00+00:00,1,22,3,11,477,AL-RF-20230621-0477,100.0,1.0567911973081727,22,100–200-year,Convective,Organized or localized severe convection,,Medium,117 convective/heavy-rain NOAA Storm Events records; Rx3h/Rx24h=0.64.,Bret,2573.170373936566,123,Flash Flood; Hail; Heat; Heavy Rain; Lightning; Rip Current; Thunderstorm Wind; Tornado,41,117,0,0.5763973263415506,0.6447900228365613,1.2888355989827884,0.5657982704290396,2.0,2.0,0.0,4.260382384531738,3.5555555555555554,4.260382384531738,9840.0,172.12121212121212,-23.066666666666666,-51.38333333333333,5.25,0.0,41,28,0.0,0.0,0.0,0.0,Measured annual-peak response,2–5-year
ALRF-2023-008,2023,2023-07-10 06:00:00+00:00,2023-07-10 07:00:00+00:00,2023-07-09 18:00:00+00:00,2023-07-10 19:00:00+00:00,40.2667236328125,0.9258469869663818,31601120505,2023-07-09 23:00:00+00:00,0,64.22904968261719,1.0703482255201553,31601110206,2023-07-10 07:00:00+00:00,3,91.90576171875,1.2619005276293829,31601110206,2023-07-10 08:00:00+00:00,7,94.1754379272461,0.9002337556965297,31601110206,2023-07-10 10:00:00+00:00,0,112.26085662841795,0.8536561312273383,31601090201,2023-07-10 10:00:00+00:00,0,1.2619005276293829,2023-07-10 08:00:00+00:00,6,9,4,5,478,AL-RF-20230710-0478,5.0,0.612190298009222,9,5–10-year,Convective candidate,Thunderstorm-associated rainfall,,Low,1 convective/heavy-rain NOAA Storm Events records; rainfall duration signature was not decisive.,Don,2783.286080114236,1,Flash Flood,1,1,0,0.4275713977982241,0.6820148766628135,0.9758994886729436,0.8388982656614283,0.0,0.0,0.0,,,,,,,,,0.0,1,1,0.0,0.0,0.0,0.0,Reported flooding only,Insufficient record
ALRF-2023-009,2023,2023-07-13 12:00:00+00:00,2023-07-16 11:00:00+00:00,2023-07-13 00:00:00+00:00,2023-07-16 23:00:00+00:00,64.40100860595703,1.3817151311600948,31602010201,2023-07-13 12:00:00+00:00,7,126.81867980957033,1.9410155036188967,31602020502,2023-07-13 13:00:00+00:00,13,156.30519104003906,1.9908627986909175,31602020502,2023-07-13 15:00:00+00:00,16,206.68017578125,1.9187647917069728,31602020502,2023-07-13 19:00:00+00:00,15,253.1808624267578,1.8681735926230707,31602020502,2023-07-15 00:00:00+00:00,16,1.9908627986909175,2023-07-13 15:00:00+00:00,6,18,2,15,479,AL-RF-20230713-0479,50.0,0.9955786632727835,18,50–100-year,Convective,Organized or localized severe convection,,Medium,7 convective/heavy-rain NOAA Storm Events records; Rx3h/Rx24h=0.61.,Don,2979.1498977974907,7,Flash Flood; Lightning; Thunderstorm Wind,2,7,0,0.3115974154875839,0.6135986643624448,0.7562660059156919,0.8163341170426738,2.0,2.0,0.0,5.050066570831804,5.0,5.050066570831804,13600.0,22.40527182866557,50.25,38.0,62.5,0.0,2,2,0.0,0.0,0.0,0.0,Measured annual-peak response,5–10-year
ALRF-2023-010,2023,2023-07-21 10:00:00+00:00,2023-07-23 21:00:00+00:00,2023-07-20 22:00:00+00:00,2023-07-24 09:00:00+00:00,50.67167663574219,1.2398735280207351,60300020502,2023-07-21 10:00:00+00:00,2,85.06877136230469,1.4586772203717384,60300020502,2023-07-21 11:00:00+00:00,3,107.47087097167967,1.502327107445082,60300020501,2023-07-21 12:00:00+00:00,4,138.0865478515625,1.3636910641142117,60300020502,2023-07-21 14:00:00+00:00,3,167.07066345214844,1.2958187944842174,60300020501,2023-07-21 13:00:00+00:00,3,1.502327107445082,2023-07-21 12:00:00+00:00,6,4,1,4,480,AL-RF-20230721-0480,10.0,0.7095241645524821,4,10–25-year,Convective,Organized or localized severe convection,,Medium,47 convective/heavy-rain NOAA Storm Events records; Rx3h/Rx24h=0.62.,Don,3229.177005199926,58,Excessive Heat; Flash Flood; Funnel Cloud; Hail; Heat; Thunderstorm Wind; Tornado,11,47,0,0.3669559231085435,0.6160540087782498,0.7782863185717885,0.8265158286817517,4.0,4.0,2.0,34.3369269255452,21.5,34.3369269255452,8880.0,965.9863945578231,-7.65,-8.666666666666666,-7.5,1.0,11,11,0.0,0.0,0.0,0.0,Measured major-flood response,25–50-year
ALRF-2023-011,2023,2023-08-04 10:00:00+00:00,2023-08-05 08:00:00+00:00,2023-08-03 22:00:00+00:00,2023-08-05 20:00:00+00:00,37.97647857666016,0.8819801129248888,31601110204,2023-08-04 10:00:00+00:00,0,98.31881713867188,1.640224832836655,31601110204,2023-08-04 11:00:00+00:00,18,123.51409912109376,1.6984462712936728,31601110204,2023-08-04 13:00:00+00:00,22,136.74392700195312,1.3118006536372795,31601090103,2023-08-04 18:00:00+00:00,12,137.65391540527344,1.0382964562681216,31601090103,2023-08-04 19:00:00+00:00,1,1.6984462712936728,2023-08-04 13:00:00+00:00,6,22,2,15,481,AL-RF-20230804-0481,25.0,0.8178436201603994,22,25–50-year,Convective,Organized or localized severe convection,,Medium,222 convective/heavy-rain NOAA Storm Events records; Rx3h/Rx24h=0.72.,,,279,Excessive Heat; Flash Flood; Flood; Hail; Heat; Lightning; Thunderstorm Wind,6,222,0,0.2777196721585869,0.7189995145983161,0.9032510754157996,0.9933893024354508,2.0,2.0,0.0,5.057479638480869,4.25,5.057479638480869,3560.0,163.07692307692307,-5.875,-6.5,-5.25,1.0,6,2,0.0,0.0,0.0,0.0,Measured annual-peak response,5–10-year
ALRF-2023-012,2023,2023-09-02 12:00:00+00:00,2023-09-02 15:00:00+00:00,2023-09-02 00:00:00+00:00,2023-09-03 03:00:00+00:00,14.945967674255373,0.3257805853463406,31601081002,2023-09-02 13:00:00+00:00,0,51.00815963745117,0.8092673895489229,31601060602,2023-09-02 00:00:00+00:00,0,66.46672058105469,0.886327065514629,31502030110,2023-09-02 00:00:00+00:00,0,146.0443572998047,1.365501256337006,31502030108,2023-09-02 12:00:00+00:00,4,147.4286346435547,1.0975179541012725,31502030108,2023-09-02 20:00:00+00:00,2,1.365501256337006,2023-09-02 12:00:00+00:00,24,4,2,3,482,AL-RF-20230902-0482,5.0,0.6051043395107475,4,5–10-year,Convective candidate,Thunderstorm-associated rainfall,,Low,1 convective/heavy-rain NOAA Storm Events records; rainfall duration signature was not decisive.,Idalia,961.4649326465516,1,Flash Flood,1,1,0,0.1023385494009453,0.3492648437812625,0.4551132396345146,0.9906105259192228,0.0,0.0,0.0,,,,,,,,,0.0,1,1,0.0,0.0,0.0,0.0,Reported flooding only,Insufficient record
ALRF-2024-001,2024,2024-01-09 08:00:00+00:00,2024-01-12 01:00:00+00:00,2024-01-08 20:00:00+00:00,2024-01-12 13:00:00+00:00,43.55327224731445,0.9943613623114314,31502010505,2024-01-09 09:00:00+00:00,0,97.34930419921876,1.6040469789737608,31502010505,2024-01-09 11:00:00+00:00,57,122.08531188964844,1.6578695757295951,31502010505,2024-01-09 13:00:00+00:00,116,146.3154296875,1.382546840504808,31502010505,2024-01-09 16:00:00+00:00,105,146.3154296875,1.0923461669047438,31502010505,2024-01-09 16:00:00+00:00,8,1.6578695757295951,2024-01-09 13:00:00+00:00,6,153,7,112,483,AL-RF-20240109-0483,10.0,0.7783375225170824,153,10–25-year,Convective,Organized or localized severe convection,,Medium,32 convective/heavy-rain NOAA Storm Events records; Rx3h/Rx24h=0.67.,,,84,Astronomical Low Tide; Coastal Flood; Drought; Flash Flood; Hail; High Wind; Lightning; Strong Wind; Thunderstorm Wind; Tornado,4,32,0,0.297666981126566,0.66533860719363,0.8343980682720737,1.0,3.0,3.0,0.0,1.6935567742573165,1.6511627906976745,1.6935567742573165,12500.0,62.814070351758794,0.0,-2.5,12.5,2.0,4,3,0.0,0.0,0.0,0.0,Measured annual-peak response,<2-year
ALRF-2024-002,2024,2024-01-25 05:00:00+00:00,2024-01-26 01:00:00+00:00,2024-01-24 17:00:00+00:00,2024-01-26 13:00:00+00:00,35.9738655090332,0.8013256639685378,31502010405,2024-01-25 04:00:00+00:00,0,76.65766906738281,1.0139909129984828,31602031101,2024-01-25 04:00:00+00:00,3,118.61971282958984,1.3019206050837726,31602031101,2024-01-25 06:00:00+00:00,5,162.99395751953125,1.2697281902388913,31602031101,2024-01-25 23:00:00+00:00,6,172.8563690185547,1.054229387828297,31602031103,2024-01-26 02:00:00+00:00,2,1.3019206050837726,2024-01-25 06:00:00+00:00,6,6,1,6,484,AL-RF-20240125-0484,5.0,0.5423687013505563,6,5–10-year,Convective candidate,Thunderstorm-associated rainfall,,Low,2 convective/heavy-rain NOAA Storm Events records; rainfall duration signature was not decisive.,,,27,Astronomical Low Tide; Drought; Thunderstorm Wind,0,2,0,0.2207067430994951,0.4703098828568358,0.7277552777708086,0.9429444714416928,0.0,0.0,0.0,,,,,,,,,0.0,0,0,0.0,0.0,0.0,0.0,Rainfall hazard without matched flood evidence,Insufficient record
ALRF-2024-003,2024,2024-01-27 12:00:00+00:00,2024-01-28 00:00:00+00:00,2024-01-27 00:00:00+00:00,2024-01-28 12:00:00+00:00,42.53321075439453,0.7435686196844267,31401040201,2024-01-27 17:00:00+00:00,0,67.57217407226562,0.8179920923937465,31401040201,2024-01-27 19:00:00+00:00,0,73.50992584228516,0.7513350727971436,31401030601,2024-01-27 22:00:00+00:00,0,74.18354034423828,0.5507131058700967,31401030601,2024-01-28 01:00:00+00:00,0,187.58062744140625,1.1781322197952666,31602031101,2024-01-27 19:00:00+00:00,7,1.1781322197952666,2024-01-27 19:00:00+00:00,72,7,4,3,485,AL-RF-20240127-0485,2.0,0.4952761429482213,7,2–5-year,Unclassified,Insufficient external evidence,,Low,No nearby HURDAT2 track and no matching Alabama NOAA Storm Events record within the configured time buffer.,,,19,Astronomical Low Tide; Drought,0,0,0,0.5733510500715543,0.9108782589602284,0.9909196231559276,0.3954754888929597,0.0,0.0,0.0,,,,,,,,,0.0,0,0,0.0,0.0,0.0,0.0,Rainfall hazard without matched flood evidence,Insufficient record
ALRF-2024-004,2024,2024-02-11 22:00:00+00:00,2024-02-15 00:00:00+00:00,2024-02-11 10:00:00+00:00,2024-02-15 12:00:00+00:00,52.65790557861328,1.20444083979613,31501100203,2024-02-12 00:00:00+00:00,10,120.61206817626952,1.7315559798814837,31300120101,2024-02-12 15:00:00+00:00,78,136.18458557128906,1.8531070235893543,31501100201,2024-02-12 13:00:00+00:00,65,228.7540283203125,2.1713587346836576,31501100201,2024-02-12 17:00:00+00:00,110,240.72251892089844,1.787486548618254,31501100201,2024-02-13 01:00:00+00:00,54,2.1713587346836576,2024-02-12 17:00:00+00:00,24,129,4,73,486,AL-RF-20240212-0486,100.0,1.0214260119311434,129,100–200-year,Frontal/extratropical candidate,Prolonged or widespread non-tropical rainfall,,Medium–low,No nearby HURDAT2 system; 26 flood/heavy-rain NOAA records; affected HUCs=129; Rx24h/Rx72h=0.95.,,,36,Drought; Flash Flood; Flood; Hail; Thunderstorm Wind,26,32,0,0.2301944405756174,0.5272565867447049,0.5953319667035406,0.950280968086252,6.0,6.0,2.0,27.16981364892033,29.0,27.16981364892033,91800.0,215.06550218340612,-0.5,-8.25,12.75,1.0,26,23,125000.0,0.0,0.0,0.0,Measured major-flood response,25–50-year
ALRF-2024-005,2024,2024-03-01 15:00:00+00:00,2024-03-02 17:00:00+00:00,2024-03-01 03:00:00+00:00,2024-03-03 05:00:00+00:00,56.44229507446289,1.3069751435168344,31601110303,2024-03-01 15:00:00+00:00,7,111.12271881103516,1.853576306282692,31601110303,2024-03-01 16:00:00+00:00,14,149.4937744140625,2.0673538342963163,31601110303,2024-03-01 17:00:00+00:00,19,157.45220947265625,1.512790904022714,31601110303,2024-03-01 19:00:00+00:00,9,164.687255859375,1.2424941264324418,31601110303,2024-03-01 19:00:00+00:00,5,2.0673538342963163,2024-03-01 17:00:00+00:00,6,19,2,15,487,AL-RF-20240301-0487,100.0,1.0081864347411438,19,100–200-year,Non-tropical heavy rain,Meteorological mechanism unresolved,,Low,6 flood/heavy-rain NOAA Storm Events records; no nearby HURDAT2 track.,,,7,Drought; Flood,6,0,0,0.3584725502646241,0.7057552204774437,0.949454916604547,0.9560679644034102,3.0,3.0,0.0,2.7142857142857144,2.7142857142857144,1.1872107882256557,13800.0,95.29085872576177,-3.0,-6.25,10.5,1.0,6,0,0.0,0.0,0.0,0.0,Measured annual-peak response,2–5-year
ALRF-2024-006,2024,2024-03-09 02:00:00+00:00,2024-03-10 02:00:00+00:00,2024-03-08 14:00:00+00:00,2024-03-10 14:00:00+00:00,55.08976745605469,1.1100601724903052,31300040601,2024-03-09 11:00:00+00:00,3,101.03575134277344,1.47552380964282,31300040602,2024-03-09 11:00:00+00:00,43,119.98057556152344,1.378189538684509,31402020506,2024-03-09 08:00:00+00:00,257,141.4592742919922,1.179195515728785,31402020506,2024-03-09 11:00:00+00:00,39,141.4592742919922,0.9467228901206426,31402020506,2024-03-09 11:00:00+00:00,0,1.47552380964282,2024-03-09 11:00:00+00:00,3,267,6,228,488,AL-RF-20240309-0488,10.0,0.7348651203097177,267,10–25-year,Convective,Organized or localized severe convection,,Medium,20 convective/heavy-rain NOAA Storm Events records; Rx3h/Rx24h=0.71.,,,32,Drought; Flash Flood; Frost/Freeze; Hail; Thunderstorm Wind; Tornado,9,20,0,0.3894390645772826,0.7142391465562109,0.8481633753745008,1.0,8.0,8.0,0.0,3.305382803366765,2.7333333333333334,3.305382803366765,35200.0,19.78021978021978,40.25,-4.5,91.75,1.0,9,9,0.0,0.0,0.0,0.0,Measured annual-peak response,2–5-year
ALRF-2024-007,2024,2024-04-10 18:00:00+00:00,2024-04-13 20:00:00+00:00,2024-04-10 06:00:00+00:00,2024-04-14 08:00:00+00:00,55.70872497558594,1.1093233537359763,31300120103,2024-04-10 23:00:00+00:00,5,111.5945053100586,1.5896253884138296,31300120104,2024-04-11 00:00:00+00:00,45,136.06231689453125,1.6299404457974584,31300120106,2024-04-11 02:00:00+00:00,74,152.89627075195312,1.328583823032712,31300120106,2024-04-11 07:00:00+00:00,23,152.89627075195312,1.073798086694953,31300120106,2024-04-11 07:00:00+00:00,5,1.6299404457974584,2024-04-11 02:00:00+00:00,6,80,7,34,489,AL-RF-20240411-0489,10.0,0.7137425562745662,80,10–25-year,Convective,Organized or localized severe convection,,Medium,11 convective/heavy-rain NOAA Storm Events records; Rx3h/Rx24h=0.73.,,,26,Coastal Flood; Flash Flood; Hail; Strong Wind; Thunderstorm Wind; Tornado,3,11,0,0.3643563358452567,0.7298706813529856,0.8898995130840571,1.0,2.0,2.0,0.0,2.011550623592611,2.1176470588235294,2.011550623592611,2500.0,38.754764930114355,9.875,-6.25,26.0,0.0,3,1,0.0,0.0,0.0,0.0,Measured annual-peak response,2–5-year
ALRF-2024-008,2024,2024-04-30 06:00:00+00:00,2024-04-30 08:00:00+00:00,2024-04-29 18:00:00+00:00,2024-04-30 20:00:00+00:00,48.18820571899414,0.8888283285630499,31402020605,2024-04-30 17:00:00+00:00,0,65.92805480957031,1.1316091875896157,60300051003,2024-04-30 06:00:00+00:00,6,78.13719940185547,1.1054530724326284,60300051003,2024-04-30 07:00:00+00:00,4,78.5660400390625,0.7727679478886608,60300051003,2024-04-30 08:00:00+00:00,0,79.19602966308594,0.6069529590358546,60300051003,2024-04-30 08:00:00+00:00,0,1.1316091875896157,2024-04-30 06:00:00+00:00,3,6,4,3,490,AL-RF-20240430-0490,2.0,0.5631525623813708,6,2–5-year,Unclassified,Insufficient external evidence,,Low,No nearby HURDAT2 track and no matching Alabama NOAA Storm Events record within the configured time buffer.,,,0,,0,0,0,0.6133465005368133,0.8391418833988747,0.9945416539131434,0.9920451867763632,0.0,0.0,0.0,,,,,,,,,0.0,0,0,0.0,0.0,0.0,0.0,Rainfall hazard without matched flood evidence,Insufficient record
ALRF-2024-009,2024,2024-05-10 04:00:00+00:00,2024-05-10 15:00:00+00:00,2024-05-09 16:00:00+00:00,2024-05-11 03:00:00+00:00,51.6949462890625,1.1987478646651917,31300030502,2024-05-10 04:00:00+00:00,3,74.62818908691406,1.1963305348295017,31502010801,2024-05-10 09:00:00+00:00,15,83.50052642822266,1.1272702574815996,31502030209,2024-05-10 10:00:00+00:00,12,119.48690032958984,1.1294639072162167,31501070704,2024-05-10 10:00:00+00:00,13,136.18544006347656,0.9832917141485248,31501050703,2024-05-09 16:00:00+00:00,0,1.1987478646651917,2024-05-10 04:00:00+00:00,1,27,8,6,491,AL-RF-20240510-0491,2.0,0.6105637975517977,27,2–5-year,Convective,Organized or localized severe convection,,Medium,114 convective/heavy-rain NOAA Storm Events records; Rx3h/Rx24h=0.62.,,,114,Flash Flood; Hail; Thunderstorm Wind; Tornado,7,114,0,0.4326411192061086,0.6245721403857781,0.6988257808839026,0.877383810441825,0.0,0.0,0.0,,,,,,,,,0.0,7,7,0.0,0.0,0.0,0.0,Reported flooding only,Insufficient record
ALRF-2024-010,2024,2024-05-13 14:00:00+00:00,2024-05-13 15:00:00+00:00,2024-05-13 02:00:00+00:00,2024-05-14 03:00:00+00:00,69.67232513427734,1.1567025407720612,31401060504,2024-05-13 15:00:00+00:00,5,81.71456909179688,1.0958047914962936,31602030902,2024-05-13 14:00:00+00:00,5,92.6960220336914,1.0337854303398304,31602030902,2024-05-13 17:00:00+00:00,2,96.63457489013672,0.7725205805626914,31602030703,2024-05-14 03:00:00+00:00,0,88.54005432128906,0.658362854706576,31300031002,2024-05-13 02:00:00+00:00,0,1.1567025407720612,2024-05-13 15:00:00+00:00,1,10,2,5,492,AL-RF-20240513-0492,2.0,0.5673677708212187,10,2–5-year,Convective,Organized or localized severe convection,,Medium,21 convective/heavy-rain NOAA Storm Events records; Rx3h/Rx24h=0.85.,,,21,Flash Flood; Hail; Thunderstorm Wind,2,21,0,0.7209875472985461,0.8456038553974878,0.9592428190332184,1.0914221323998146,1.0,1.0,0.0,1.1000239399928633,1.1025641025641026,1.1000239399928633,3060.0,7.766497461928934,26.0,26.0,26.0,0.0,2,2,0.0,0.0,0.0,0.0,Measured annual-peak response,<2-year
ALRF-2024-011,2024,2024-05-14 06:00:00+00:00,2024-05-14 14:00:00+00:00,2024-05-13 18:00:00+00:00,2024-05-15 02:00:00+00:00,53.41366195678711,0.8677692671280747,31602050206,2024-05-14 06:00:00+00:00,0,86.51991271972656,0.9913507128437204,31401060505,2024-05-14 06:00:00+00:00,0,107.83628845214844,1.0118051881616177,31401060505,2024-05-14 08:00:00+00:00,1,198.3705139160156,1.334893056982785,31401060505,2024-05-14 13:00:00+00:00,17,201.1522979736328,1.069441827130181,31401060505,2024-05-14 21:00:00+00:00,2,1.334893056982785,2024-05-14 13:00:00+00:00,24,17,1,17,493,AL-RF-20240514-0493,5.0,0.4930567083016279,17,5–10-year,Convective candidate,Thunderstorm-associated rainfall,,Low,21 convective/heavy-rain NOAA Storm Events records; rainfall duration signature was not decisive.,,,21,Flash Flood; Hail; Thunderstorm Wind,2,21,0,0.2692621040413341,0.4361530905563747,0.5436104707466919,0.9861707567567444,3.0,3.0,0.0,1.881785394804747,2.0,1.881785394804747,3480.0,36.708860759493675,4.0,-3.25,4.5,0.0,2,2,0.0,0.0,0.0,0.0,Measured annual-peak response,<2-year
ALRF-2024-012,2024,2024-05-17 15:00:00+00:00,2024-05-17 18:00:00+00:00,2024-05-17 03:00:00+00:00,2024-05-18 06:00:00+00:00,54.40232849121094,0.9841709386304968,31402020802,2024-05-17 22:00:00+00:00,0,91.70748901367188,1.3821528756144748,31700020504,2024-05-17 15:00:00+00:00,5,123.0402603149414,1.541159314851936,31700020504,2024-05-17 17:00:00+00:00,5,145.39242553710938,1.2996720568014135,31700020504,2024-05-18 02:00:00+00:00,2,149.9857177734375,1.0549382636069815,31700020504,2024-05-18 06:00:00+00:00,1,1.541159314851936,2024-05-17 17:00:00+00:00,6,7,4,3,494,AL-RF-20240517-0494,10.0,0.7446751448049029,7,10–25-year,Convective,Organized or localized severe convection,,Medium,36 convective/heavy-rain NOAA Storm Events records; Rx3h/Rx24h=0.63.,,,36,Flash Flood; Hail; Thunderstorm Wind,7,36,0,0.3741758092984391,0.6307583677408616,0.8462632070440087,0.9693751358161544,0.0,0.0,0.0,,,,,,,,,0.0,7,7,0.0,0.0,0.0,0.0,Reported flooding only,Insufficient record
ALRF-2024-013,2024,2024-05-27 09:00:00+00:00,2024-05-27 13:00:00+00:00,2024-05-26 21:00:00+00:00,2024-05-28 01:00:00+00:00,55.68202590942383,1.3315574631909295,60300010902,2024-05-27 10:00:00+00:00,15,72.84532928466797,1.234315089469782,60300010902,2024-05-27 11:00:00+00:00,18,74.77900695800781,1.0380721253383218,60300010902,2024-05-27 13:00:00+00:00,2,74.77900695800781,0.7298649057474034,60300010902,2024-05-27 13:00:00+00:00,0,86.17153930664062,0.6637877300971613,31501060601,2024-05-27 13:00:00+00:00,0,1.3315574631909295,2024-05-27 10:00:00+00:00,1,23,5,8,495,AL-RF-20240527-0495,5.0,0.6178769098981712,23,5–10-year,Convective,Organized or localized severe convection,,Medium,51 convective/heavy-rain NOAA Storm Events records; Rx3h/Rx24h=0.97.,,,51,Flash Flood; Hail; Thunderstorm Wind; Tornado,3,51,0,0.7446210931992197,0.974141436855056,1.0,0.8677924005965288,0.0,0.0,0.0,,,,,,,,,0.0,3,3,0.0,0.0,0.0,0.0,Reported flooding only,Insufficient record
ALRF-2024-014,2024,2024-06-10 19:00:00+00:00,2024-06-10 23:00:00+00:00,2024-06-10 07:00:00+00:00,2024-06-11 11:00:00+00:00,168.15130615234375,3.4175161618216063,31300040603,2024-06-10 21:00:00+00:00,10,250.0386657714844,3.779887535928432,31402010104,2024-06-10 21:00:00+00:00,12,255.03488159179688,3.1834082786084044,31402010104,2024-06-10 23:00:00+00:00,7,255.40628051757807,2.231448861225016,31402010104,2024-06-10 23:00:00+00:00,5,255.40628051757807,1.7861604160354814,31402010104,2024-06-10 23:00:00+00:00,2,3.779887535928432,2024-06-10 21:00:00+00:00,3,13,6,7,496,AL-RF-20240610-0496,1000.0,1.7028400497989955,13,>1000-year,Convective,Organized or localized severe convection,,Medium,6 convective/heavy-rain NOAA Storm Events records; Rx3h/Rx24h=0.98.,,,6,Hail; Thunderstorm Wind,0,6,0,0.658367937591773,0.978984014272412,0.9985458504582244,1.0,0.0,0.0,0.0,,,,,,,,,0.0,0,0,0.0,0.0,0.0,0.0,Rainfall hazard without matched flood evidence,Insufficient record
ALRF-2024-015,2024,2024-06-27 14:00:00+00:00,2024-06-27 16:00:00+00:00,2024-06-27 02:00:00+00:00,2024-06-28 04:00:00+00:00,43.72150039672852,0.7998482342450036,31402020904,2024-06-27 12:00:00+00:00,0,115.00918579101562,1.4906350333552996,31402020904,2024-06-27 13:00:00+00:00,2,158.20436096191406,1.7108273855653908,31402020904,2024-06-27 15:00:00+00:00,4,180.85748291015625,1.4261318477510148,31402020904,2024-06-27 16:00:00+00:00,1,181.79335021972656,1.146167416962815,31402020904,2024-06-27 21:00:00+00:00,1,1.7108273855653908,2024-06-27 15:00:00+00:00,6,5,2,4,497,AL-RF-20240627-0497,10.0,0.7115813521043641,5,10–25-year,Convective,Organized or localized severe convection,,Medium,11 convective/heavy-rain NOAA Storm Events records; Rx3h/Rx24h=0.64.,Beryl,4699.617178118975,11,Thunderstorm Wind,0,11,0,0.2417455982092145,0.6359105741184522,0.8747460067245574,0.9948520267191338,0.0,0.0,0.0,,,,,,,,,0.0,0,0,0.0,0.0,0.0,0.0,Rainfall hazard without matched flood evidence,Insufficient record
ALRF-2024-016,2024,2024-07-09 03:00:00+00:00,2024-07-09 04:00:00+00:00,2024-07-08 15:00:00+00:00,2024-07-09 16:00:00+00:00,62.46333694458008,1.5200730819287271,60300010704,2024-07-09 03:00:00+00:00,3,90.6224594116211,1.605213825508228,60300010704,2024-07-09 04:00:00+00:00,3,91.4919204711914,1.3369017734960031,60300010704,2024-07-09 04:00:00+00:00,1,92.21585083007812,0.9211261863209717,60300010704,2024-07-09 05:00:00+00:00,0,92.21585083007812,0.7175077159838865,60300010704,2024-07-09 05:00:00+00:00,0,1.605213825508228,2024-07-09 04:00:00+00:00,3,4,2,3,498,AL-RF-20240709-0498,10.0,0.7595205900642394,4,10–25-year,Tropical cyclone,Tropical cyclone or remnant,Beryl,High,HURDAT2 track within 414 km of rainfall footprint; track status=EX; 0 matching tropical NOAA Storm Events records.,Beryl,413.9564565546426,26,Drought; Heat; Thunderstorm Wind,0,4,0,0.6773600892072056,0.9827210679713502,0.992149610372075,1.0,0.0,0.0,0.0,,,,,,,,,0.0,0,0,0.0,0.0,0.0,0.0,Rainfall hazard without matched flood evidence,Insufficient record
ALRF-2024-017,2024,2024-07-20 12:00:00+00:00,2024-07-23 09:00:00+00:00,2024-07-20 00:00:00+00:00,2024-07-23 21:00:00+00:00,77.19617462158203,1.694778306331907,31602020604,2024-07-20 12:00:00+00:00,3,106.40532684326172,1.6285801853523236,31602020502,2024-07-20 13:00:00+00:00,9,133.40000915527344,1.6991189723457782,31602020502,2024-07-20 14:00:00+00:00,6,146.58509826660156,1.3627434680777464,31602020305,2024-07-20 20:00:00+00:00,6,172.5977783203125,1.2735662897771245,31602020502,2024-07-22 00:00:00+00:00,7,1.6991189723457782,2024-07-20 14:00:00+00:00,6,12,5,8,499,AL-RF-20240720-0499,25.0,0.8781078358324271,12,25–50-year,Convective,Organized or localized severe convection,,Medium,8 convective/heavy-rain NOAA Storm Events records; Rx3h/Rx24h=0.73.,,,34,Drought; Funnel Cloud; Lightning; Thunderstorm Wind,0,8,0,0.5266304387993215,0.7258945697859212,0.9100516405334208,0.8492872833772184,0.0,0.0,0.0,,,,,,,,,0.0,0,0,0.0,0.0,0.0,0.0,Rainfall hazard without matched flood evidence,Insufficient record
ALRF-2024-018,2024,2024-07-24 22:00:00+00:00,2024-07-24 22:00:00+00:00,2024-07-24 10:00:00+00:00,2024-07-25 10:00:00+00:00,46.38917541503906,0.9562389333599774,31403030404,2024-07-24 21:00:00+00:00,0,82.17851257324219,1.188731492990669,31403020502,2024-07-24 22:00:00+00:00,3,84.57524108886719,1.0185357804753792,31403020502,2024-07-25 00:00:00+00:00,1,87.12548065185547,0.8327363474087466,31601070301,2024-07-24 19:00:00+00:00,0,124.69005584716795,0.8846072626228654,31403020103,2024-07-24 23:00:00+00:00,0,1.188731492990669,2024-07-24 22:00:00+00:00,3,3,2,2,500,AL-RF-20240724-0500,2.0,0.5168687488944459,3,2–5-year,Convective,Organized or localized severe convection,,Medium,3 convective/heavy-rain NOAA Storm Events records; Rx3h/Rx24h=0.94.,,,20,Drought; Flash Flood,3,3,0,0.5324409698283958,0.9432201918244691,0.9707291191519646,0.698736399305529,0.0,0.0,0.0,,,,,,,,,0.0,3,3,0.0,0.0,0.0,0.0,Reported flooding only,Insufficient record
ALRF-2024-019,2024,2024-07-28 03:00:00+00:00,2024-07-28 03:00:00+00:00,2024-07-27 15:00:00+00:00,2024-07-28 15:00:00+00:00,50.81177520751953,1.1957489312121357,31601050404,2024-07-28 02:00:00+00:00,1,82.61932373046875,1.395515509566769,31601050402,2024-07-28 03:00:00+00:00,4,83.2000732421875,1.1484186705642756,31601050402,2024-07-28 04:00:00+00:00,1,88.79550170898438,0.8386463158913079,31601050402,2024-07-28 15:00:00+00:00,0,153.2795867919922,0.8625470452205046,31401060104,2024-07-27 18:00:00+00:00,0,1.395515509566769,2024-07-28 03:00:00+00:00,3,4,1,4,501,AL-RF-20240728-0501,5.0,0.6553269488995791,4,5–10-year,Convective,Organized or localized severe convection,,Medium,8 convective/heavy-rain NOAA Storm Events records; Rx3h/Rx24h=0.93.,,,25,Drought; Flash Flood; Lightning; Thunderstorm Wind,2,8,0,0.5722336630750561,0.9304449227759618,0.9369852260631946,0.5793041563289453,0.0,0.0,0.0,,,,,,,,,0.0,2,2,0.0,0.0,0.0,0.0,Reported flooding only,Insufficient record
ALRF-2024-020,2024,2024-09-06 17:00:00+00:00,2024-09-07 09:00:00+00:00,2024-09-06 05:00:00+00:00,2024-09-07 21:00:00+00:00,42.42859649658203,0.680880841746119,31700080702,2024-09-07 00:00:00+00:00,0,66.58844757080078,1.0017951429056715,31602010501,2024-09-06 15:00:00+00:00,1,110.85985565185548,1.3881382925448194,31602010501,2024-09-06 16:00:00+00:00,3,162.1126708984375,1.45414379796723,31602010501,2024-09-07 04:00:00+00:00,5,164.75083923339844,1.1625941231718433,31602010501,2024-09-07 16:00:00+00:00,2,1.45414379796723,2024-09-07 04:00:00+00:00,24,5,1,5,502,AL-RF-20240907-0502,10.0,0.6730939012298269,5,10–25-year,Unclassified,Insufficient external evidence,,Low,No nearby HURDAT2 track and no matching Alabama NOAA Storm Events record within the configured time buffer.,Francine,1230.8488620321757,14,Drought,0,0,0,0.2617228885406697,0.4107541205864037,0.6838444832070433,0.9839869202048585,0.0,0.0,0.0,,,,,,,,,0.0,0,0,0.0,0.0,0.0,0.0,Rainfall hazard without matched flood evidence,Insufficient record
ALRF-2024-021,2024,2024-09-12 00:00:00+00:00,2024-09-17 09:00:00+00:00,2024-09-11 12:00:00+00:00,2024-09-17 21:00:00+00:00,60.46593475341797,1.3995859682389158,31502020805,2024-09-14 03:00:00+00:00,14,115.38209533691406,1.9387838980807048,31502020805,2024-09-14 04:00:00+00:00,57,143.50244140625,1.9950158497356445,31502020805,2024-09-14 07:00:00+00:00,74,189.69288635253903,1.7900525239864165,31601100202,2024-09-14 19:00:00+00:00,146,284.0705261230469,2.1184938048915503,60300050102,2024-09-15 08:00:00+00:00,247,2.1184938048915503,2024-09-15 08:00:00+00:00,72,271,12,154,503,AL-RF-20240915-0503,100.0,1.0445029455754744,271,100–200-year,Tropical cyclone,Tropical cyclone or remnant,Francine,High,HURDAT2 track within 161 km of rainfall footprint; track status=EX; 0 matching tropical NOAA Storm Events records.,Francine,161.13009083174214,85,Coastal Flood; Drought; Flash Flood; Flood; Hail; Heavy Rain; High Wind; Strong Wind; Thunderstorm Wind,26,20,0,0.3187569967228169,0.6082573656582967,0.7564988026991936,0.6677668709296946,10.0,10.0,0.0,4.333333333333333,4.333333333333333,2.8381391926887147,7230.0,602.8571428571429,-4.5,-8.583333333333334,13.75,2.0,26,11,0.0,0.0,0.0,0.0,Measured annual-peak response,2–5-year
ALRF-2024-022,2024,2024-09-25 21:00:00+00:00,2024-09-26 03:00:00+00:00,2024-09-25 09:00:00+00:00,2024-09-26 15:00:00+00:00,48.51692962646485,1.0211225493511769,31300040403,2024-09-25 23:00:00+00:00,2,90.85208129882812,1.3910060754218108,31300040403,2024-09-26 01:00:00+00:00,9,95.54740142822266,1.206976652701366,31300040403,2024-09-26 03:00:00+00:00,13,118.57429504394533,1.0549009286775377,31300040403,2024-09-26 15:00:00+00:00,2,119.2620086669922,0.8469686983604916,31300040403,2024-09-26 15:00:00+00:00,0,1.3910060754218108,2024-09-26 01:00:00+00:00,3,16,6,6,504,AL-RF-20240926-0504,10.0,0.6462077662646895,16,10–25-year,Tropical cyclone,Hurricane,Helene,High,HURDAT2 track within 166 km of rainfall footprint; track status=HU; 9 matching tropical NOAA Storm Events records.,Helene,165.90969248973354,18,Drought; Flash Flood; Heavy Rain; Thunderstorm Wind; Tropical Depression; Tropical Storm,4,5,9,0.4091690328707734,0.7662038493685083,0.8058019775096401,0.9942335901370978,0.0,0.0,0.0,,,,,,,,,0.0,4,2,0.0,0.0,0.0,0.0,Reported flooding only,Insufficient record
ALRF-2024-023,2024,2024-09-26 16:00:00+00:00,2024-09-29 11:00:00+00:00,2024-09-26 04:00:00+00:00,2024-09-29 23:00:00+00:00,36.11547088623047,0.8191068152897277,31300031102,2024-09-27 07:00:00+00:00,0,71.16160583496094,1.159395865673031,31300031103,2024-09-27 08:00:00+00:00,6,91.3384246826172,1.4081746886833342,60200011102,2024-09-27 12:00:00+00:00,14,151.91619873046875,1.3296879075508987,31300040702,2024-09-27 08:00:00+00:00,76,210.80714416503903,1.5873991491219288,31300021106,2024-09-27 10:00:00+00:00,108,1.5873991491219288,2024-09-27 10:00:00+00:00,72,124,5,105,505,AL-RF-20240927-0505,10.0,0.7823999894932239,124,10–25-year,Tropical cyclone,Hurricane,Helene,High,HURDAT2 track within 138 km of rainfall footprint; track status=HU; 9 matching tropical NOAA Storm Events records.,Helene,138.48537701485296,17,Drought; Flash Flood; Heavy Rain; Tropical Depression; Tropical Storm,4,4,9,0.2377328500057252,0.4684267143967746,0.6012421680236401,0.7206406563315277,0.0,0.0,0.0,,,,,,,,,0.0,4,2,0.0,0.0,0.0,0.0,Reported flooding only,Insufficient record
ALRF-2024-024,2024,2024-11-19 15:00:00+00:00,2024-11-20 10:00:00+00:00,2024-11-19 03:00:00+00:00,2024-11-20 22:00:00+00:00,30.49442481994629,0.553546089500368,31700080105,2024-11-19 16:00:00+00:00,0,55.199554443359375,0.9946869585282796,31501050805,2024-11-19 14:00:00+00:00,0,82.52579498291016,1.2219290058342385,31501050805,2024-11-19 16:00:00+00:00,12,101.64734649658205,1.0619149787560362,31501050106,2024-11-20 09:00:00+00:00,8,101.76496124267578,0.8289990809465108,31501050106,2024-11-20 11:00:00+00:00,0,1.2219290058342385,2024-11-19 16:00:00+00:00,6,13,1,13,506,AL-RF-20241119-0506,5.0,0.5577146030561989,13,5–10-year,Unclassified,Insufficient external evidence,,Low,No nearby HURDAT2 track and no matching Alabama NOAA Storm Events record within the configured time buffer.,Sara,1827.2426948976456,36,Drought; Strong Wind,0,0,0,0.3000021729142894,0.543049635291911,0.8118834168060172,0.9988442510599176,0.0,0.0,0.0,,,,,,,,,0.0,0,0,0.0,0.0,0.0,0.0,Rainfall hazard without matched flood evidence,Insufficient record
ALRF-2024-025,2024,2024-12-11 03:00:00+00:00,2024-12-12 22:00:00+00:00,2024-12-10 15:00:00+00:00,2024-12-13 10:00:00+00:00,30.746482849121094,0.7190138001211975,31501090501,2024-12-10 19:00:00+00:00,0,52.421875,0.8706437204443447,31501090601,2024-12-10 19:00:00+00:00,0,59.8840217590332,0.8097476948287194,31300030903,2024-12-11 07:00:00+00:00,0,117.3756866455078,1.1171324524956132,31300030903,2024-12-11 11:00:00+00:00,4,151.19943237304688,1.1506300938268956,31300030903,2024-12-11 12:00:00+00:00,39,1.1506300938268956,2024-12-11 12:00:00+00:00,72,39,6,19,507,AL-RF-20241211-0507,2.0,0.4946029881141818,39,2–5-year,Unclassified,Insufficient external evidence,,Low,No nearby HURDAT2 track and no matching Alabama NOAA Storm Events record within the configured time buffer.,,,10,Drought,0,0,0,0.2619493331866938,0.4466161306329302,0.5101910239715312,0.7762971381791474,0.0,0.0,0.0,,,,,,,,,0.0,0,0,0.0,0.0,0.0,0.0,Rainfall hazard without matched flood evidence,Insufficient record
ALRF-2024-026,2024,2024-12-29 09:00:00+00:00,2024-12-30 12:00:00+00:00,2024-12-28 21:00:00+00:00,2024-12-31 00:00:00+00:00,46.26755142211914,0.928772890929397,31300040709,2024-12-29 11:00:00+00:00,0,81.38670349121094,0.9166013534875868,31700090103,2024-12-29 02:00:00+00:00,0,92.27528381347656,0.9333434738444268,31401060302,2024-12-29 08:00:00+00:00,0,140.39866638183594,0.9373172653136762,31602050201,2024-12-29 03:00:00+00:00,0,211.6119384765625,1.1272555112903486,31700090103,2024-12-29 09:00:00+00:00,3,1.1272555112903486,2024-12-29 09:00:00+00:00,72,3,1,3,508,AL-RF-20241229-0508,2.0,0.4361644858675753,3,2–5-year,Convective,Organized or localized severe convection,,Medium,79 convective/heavy-rain NOAA Storm Events records; Rx3h/Rx24h=0.58.,,,92,Drought; Strong Wind; Thunderstorm Wind; Tornado,0,79,0,0.3295440947871069,0.5796828815301364,0.6572376090989328,0.6634723323863226,0.0,0.0,0.0,,,,,,,,,0.0,0,0,0.0,0.0,0.0,0.0,Rainfall hazard without matched flood evidence,Insufficient record
ALRF-2025-001,2025,2025-02-13 03:00:00+00:00,2025-02-15 08:00:00+00:00,2025-02-12 15:00:00+00:00,2025-02-15 20:00:00+00:00,47.09488296508789,1.0874361518291191,31501070903,2025-02-13 04:00:00+00:00,4,74.68092346191406,1.246329086521771,31501090701,2025-02-13 06:00:00+00:00,19,86.30239868164062,1.176391925149292,31501090702,2025-02-13 08:00:00+00:00,14,139.31494140625,1.3236174992463032,31502010903,2025-02-13 07:00:00+00:00,60,166.9248046875,1.2182432189702077,31501070901,2025-02-13 07:00:00+00:00,42,1.3236174992463032,2025-02-13 07:00:00+00:00,24,61,2,58,509,AL-RF-20250213-0509,5.0,0.6146337588723122,61,5–10-year,Frontal/extratropical candidate,Prolonged or widespread non-tropical rainfall,,Medium–low,No nearby HURDAT2 system; 16 flood/heavy-rain NOAA records; affected HUCs=61; Rx24h/Rx72h=0.83.,,,216,Drought; Flash Flood; Flood; Lightning; Thunderstorm Wind; Tornado,16,200,0,0.3380461742991129,0.5360582483693576,0.6194769764858035,0.8345970011291106,2.0,2.0,0.0,4.0,4.0,2.5557421084045595,31000.0,29.878419452887538,8.5,7.5,9.5,0.0,16,14,0.0,0.0,0.0,0.0,Measured annual-peak response,2–5-year
ALRF-2025-002,2025,2025-03-15 20:00:00+00:00,2025-03-18 09:00:00+00:00,2025-03-15 08:00:00+00:00,2025-03-18 21:00:00+00:00,59.42855453491211,1.3879411027408934,31501070501,2025-03-16 02:00:00+00:00,33,118.4734344482422,1.999954611762856,31501070701,2025-03-16 04:00:00+00:00,132,135.96458435058594,1.877725264553496,31501070701,2025-03-16 06:00:00+00:00,136,152.49029541015625,1.4520375987486158,60300060203,2025-03-16 02:00:00+00:00,74,164.152099609375,1.2085734252162894,60300060203,2025-03-16 02:00:00+00:00,21,1.999954611762856,2025-03-16 04:00:00+00:00,3,171,5,94,510,AL-RF-20250316-0510,50.0,0.9100391707132768,171,50–100-year,Convective,Organized or localized severe convection,,Medium,53 convective/heavy-rain NOAA Storm Events records; Rx3h/Rx24h=0.78.,,,53,Flash Flood; Hail; Thunderstorm Wind; Tornado,4,53,0,0.3897202400655459,0.7769244208595818,0.89162778513137,0.9289573253892592,5.0,5.0,1.0,13.778049106449224,24.0,13.778049106449224,45400.0,104.66666666666667,9.0,1.0,28.25,0.0,4,4,0.0,0.0,0.0,0.0,Measured major-flood response,10–25-year
ALRF-2025-003,2025,2025-03-30 19:00:00+00:00,2025-03-30 23:00:00+00:00,2025-03-30 07:00:00+00:00,2025-03-31 11:00:00+00:00,64.69430541992188,1.0795923680742787,31401060501,2025-03-30 19:00:00+00:00,1,117.70193481445312,1.3655461786651846,31401060501,2025-03-30 20:00:00+00:00,12,148.73931884765625,1.4153924531047646,31401060501,2025-03-30 21:00:00+00:00,8,151.29574584960938,1.040046682801219,31401060501,2025-03-30 20:00:00+00:00,1,153.44895935058594,0.8390646403821383,31401060501,2025-03-30 23:00:00+00:00,0,1.4153924531047646,2025-03-30 21:00:00+00:00,6,13,3,10,511,AL-RF-20250330-0511,5.0,0.6375441078348437,13,5–10-year,Convective,Organized or localized severe convection,,Medium,20 convective/heavy-rain NOAA Storm Events records; Rx3h/Rx24h=0.78.,,,20,Hail; Thunderstorm Wind; Tornado,0,20,0,0.4276016160046506,0.7779593150718918,0.983103113788181,0.9859678846302432,0.0,0.0,0.0,,,,,,,,,0.0,0,0,0.0,0.0,0.0,0.0,Rainfall hazard without matched flood evidence,Insufficient record
ALRF-2025-004,2025,2025-03-31 13:00:00+00:00,2025-03-31 13:00:00+00:00,2025-03-31 01:00:00+00:00,2025-04-01 01:00:00+00:00,41.98566818237305,0.9986457244537544,60300060203,2025-03-31 10:00:00+00:00,0,67.5656509399414,1.1320035400680035,60300060203,2025-03-31 12:00:00+00:00,3,76.07266998291016,1.0393162050762126,60300060203,2025-03-31 14:00:00+00:00,3,154.53492736816406,1.0623136670739464,31401060501,2025-03-31 16:00:00+00:00,1,168.23817443847656,0.919932620795768,31401060501,2025-03-31 18:00:00+00:00,0,1.1320035400680035,2025-03-31 12:00:00+00:00,3,4,2,3,512,AL-RF-20250331-0512,2.0,0.5824414089233907,4,2–5-year,Convective candidate,Thunderstorm-associated rainfall,,Low,20 convective/heavy-rain NOAA Storm Events records; rainfall duration signature was not decisive.,,,20,Hail; Thunderstorm Wind; Tornado,0,20,0,0.2716904773400926,0.4372192881611351,0.492268455283734,0.91854852731225,0.0,0.0,0.0,,,,,,,,,0.0,0,0,0.0,0.0,0.0,0.0,Rainfall hazard without matched flood evidence,Insufficient record
ALRF-2025-005,2025,2025-04-06 03:00:00+00:00,2025-04-09 22:00:00+00:00,2025-04-05 15:00:00+00:00,2025-04-10 10:00:00+00:00,62.65690231323242,1.4564107206256476,31300030305,2025-04-06 21:00:00+00:00,47,211.03390502929688,2.4294495626663104,31602040503,2025-04-07 01:00:00+00:00,253,267.9815673828125,2.5393675724446543,31602040501,2025-04-07 03:00:00+00:00,254,299.1396484375,2.050908263728883,31602040501,2025-04-07 20:00:00+00:00,306,300.5773620605469,1.6406519759770453,31602040501,2025-04-07 20:00:00+00:00,108,2.5393675724446543,2025-04-07 03:00:00+00:00,6,414,14,190,513,AL-RF-20250407-0513,200.0,1.1506965957088675,414,200–500-year,Convective,Organized or localized severe convection,,Medium,513 convective/heavy-rain NOAA Storm Events records; Rx3h/Rx24h=0.71.,,,514,Flash Flood; Hail; Strong Wind; Thunderstorm Wind; Tornado,22,513,0,0.2094570299875293,0.7054695227850705,0.8958410186766084,0.9952168266658842,14.0,14.0,0.0,4.869660568360736,5.4375,4.869660568360736,54800.0,93.84615384615384,23.75,-16.25,81.5,2.0,22,22,0.0,0.0,0.0,0.0,Measured annual-peak response,2–5-year
ALRF-2025-006,2025,2025-04-22 15:00:00+00:00,2025-04-23 02:00:00+00:00,2025-04-22 03:00:00+00:00,2025-04-23 14:00:00+00:00,34.301490783691406,0.791137272970201,31601100304,2025-04-22 12:00:00+00:00,0,65.88306427001953,1.075553700634727,31601100304,2025-04-22 14:00:00+00:00,1,86.02971649169922,1.1412785549957825,31601100304,2025-04-22 16:00:00+00:00,4,125.07611083984376,1.1472069914451264,31601090305,2025-04-22 19:00:00+00:00,12,132.09713745117188,0.9562500346973208,31601090305,2025-04-22 23:00:00+00:00,0,1.1472069914451264,2025-04-22 19:00:00+00:00,24,12,2,11,514,AL-RF-20250422-0514,2.0,0.5684946288695848,12,2–5-year,Convective candidate,Thunderstorm-associated rainfall,,Low,2 convective/heavy-rain NOAA Storm Events records; rainfall duration signature was not decisive.,,,2,Flash Flood; Hail,1,2,0,0.2742449421665616,0.5267437868641506,0.6878189281233545,0.9468495173567,0.0,0.0,0.0,,,,,,,,,0.0,1,1,0.0,0.0,0.0,0.0,Reported flooding only,Insufficient record
ALRF-2025-007,2025,2025-05-03 04:00:00+00:00,2025-05-03 05:00:00+00:00,2025-05-02 16:00:00+00:00,2025-05-03 17:00:00+00:00,37.96184921264648,0.9037279890939256,31601100405,2025-05-02 22:00:00+00:00,0,58.65351486206055,0.9909726979751244,31601100405,2025-05-02 22:00:00+00:00,0,82.63997650146484,1.118912783886998,31601130502,2025-05-03 04:00:00+00:00,6,102.59304809570312,0.9745896498593676,31601130502,2025-05-03 17:00:00+00:00,0,105.8504638671875,0.7958969518349096,31601130502,2025-05-03 17:00:00+00:00,0,1.118912783886998,2025-05-03 04:00:00+00:00,6,6,2,5,515,AL-RF-20250503-0515,2.0,0.5257483617806781,6,2–5-year,Convective,Organized or localized severe convection,,Medium,134 convective/heavy-rain NOAA Storm Events records; Rx3h/Rx24h=0.57.,,,134,Hail; Lightning; Thunderstorm Wind; Tornado,0,134,0,0.3700236021570786,0.5717104223996354,0.8055124400278544,0.9692262494421232,0.0,0.0,0.0,,,,,,,,,0.0,0,0,0.0,0.0,0.0,0.0,Rainfall hazard without matched flood evidence,Insufficient record
ALRF-2025-008,2025,2025-05-03 21:00:00+00:00,2025-05-03 22:00:00+00:00,2025-05-03 09:00:00+00:00,2025-05-04 10:00:00+00:00,32.32009506225586,0.7510642337762407,31601100301,2025-05-03 19:00:00+00:00,0,44.96506881713867,0.733150705427574,31601030102,2025-05-03 20:00:00+00:00,0,77.973876953125,0.7191591452699311,31401060703,2025-05-03 10:00:00+00:00,0,111.4795379638672,1.05832430699898,31601130504,2025-05-03 22:00:00+00:00,4,113.7225341796875,0.8538721445183158,31601130504,2025-05-03 22:00:00+00:00,0,1.05832430699898,2025-05-03 22:00:00+00:00,24,4,2,3,516,AL-RF-20250503-0516,2.0,0.4574144971916801,4,2–5-year,Convective candidate,Thunderstorm-associated rainfall,,Low,126 convective/heavy-rain NOAA Storm Events records; rainfall duration signature was not decisive.,,,126,Hail; Lightning; Thunderstorm Wind; Tornado,0,126,0,0.289919528306006,0.4033481806474007,0.6994456415705449,0.980276589578313,0.0,0.0,0.0,,,,,,,,,0.0,0,0,0.0,0.0,0.0,0.0,Rainfall hazard without matched flood evidence,Insufficient record
ALRF-2025-009,2025,2025-05-10 11:00:00+00:00,2025-05-10 14:00:00+00:00,2025-05-09 23:00:00+00:00,2025-05-11 02:00:00+00:00,46.54729843139648,0.9505391359943124,31300040501,2025-05-10 19:00:00+00:00,0,53.16912078857422,0.8824437468598402,31601130201,2025-05-10 20:00:00+00:00,0,69.1231689453125,0.9502526714489058,31601130201,2025-05-10 23:00:00+00:00,0,146.9263458251953,1.0124590008492975,31602050101,2025-05-10 11:00:00+00:00,4,184.1983184814453,0.9812233240404892,31700090103,2025-05-10 09:00:00+00:00,0,1.0124590008492975,2025-05-10 11:00:00+00:00,24,4,2,3,517,AL-RF-20250510-0517,2.0,0.4304122044976519,4,2–5-year,Convective candidate,Thunderstorm-associated rainfall,,Low,12 convective/heavy-rain NOAA Storm Events records; rainfall duration signature was not decisive.,,,13,Flash Flood; Flood; Hail; Thunderstorm Wind; Tornado,3,12,0,0.3168070244309747,0.361876016788928,0.4704613631890862,0.7976530243949839,0.0,0.0,0.0,,,,,,,,,0.0,3,2,0.0,0.0,0.0,0.0,Reported flooding only,Insufficient record
ALRF-2025-010,2025,2025-05-11 13:00:00+00:00,2025-05-13 09:00:00+00:00,2025-05-11 01:00:00+00:00,2025-05-13 21:00:00+00:00,54.18302917480469,1.0619298342783632,31403010402,2025-05-11 08:00:00+00:00,2,72.22146606445312,1.0211086130335971,31403010402,2025-05-11 10:00:00+00:00,1,80.14704132080078,0.9416155590492664,31403010402,2025-05-11 13:00:00+00:00,0,107.51232147216795,1.0060024405766483,31502030303,2025-05-11 01:00:00+00:00,1,193.8503875732422,1.2953023115938562,31402020408,2025-05-12 19:00:00+00:00,19,1.2953023115938562,2025-05-12 19:00:00+00:00,72,21,7,9,518,AL-RF-20250512-0518,5.0,0.5037590646111676,21,5–10-year,Convective,Organized or localized severe convection,,Medium,14 convective/heavy-rain NOAA Storm Events records; Rx3h/Rx24h=0.67.,,,16,Flash Flood; Flood; Funnel Cloud; Hail; Thunderstorm Wind; Tornado,3,14,0,0.5039704141151041,0.6717505963551286,0.745468428393565,0.5546149420596168,0.0,0.0,0.0,,,,,,,,,0.0,3,2,0.0,0.0,0.0,0.0,Reported flooding only,Insufficient record
ALRF-2025-011,2025,2025-05-19 07:00:00+00:00,2025-05-19 07:00:00+00:00,2025-05-18 19:00:00+00:00,2025-05-19 19:00:00+00:00,46.37077331542969,1.0886128175074528,60300060207,2025-05-19 07:00:00+00:00,3,59.652976989746094,0.9863779163389172,60300060106,2025-05-19 08:00:00+00:00,0,66.57293701171875,0.9004838109863997,60300060106,2025-05-19 08:00:00+00:00,0,68.16734313964844,0.6451664168812156,60300060106,2025-05-19 08:00:00+00:00,0,75.98355102539062,0.5569705068110969,60300060106,2025-05-19 12:00:00+00:00,0,1.0886128175074528,2025-05-19 07:00:00+00:00,1,3,1,3,519,AL-RF-20250519-0519,2.0,0.5220311451228892,3,2–5-year,Convective,Organized or localized severe convection,,Medium,152 convective/heavy-rain NOAA Storm Events records; Rx3h/Rx24h=0.88.,,,153,Flash Flood; Flood; Hail; Lightning; Thunderstorm Wind; Tornado,7,152,0,0.6802490925960538,0.8750961126288916,0.976610411166189,0.8971328954719381,0.0,0.0,0.0,,,,,,,,,0.0,7,6,0.0,0.0,0.0,0.0,Reported flooding only,Insufficient record
ALRF-2025-012,2025,2025-05-21 02:00:00+00:00,2025-05-21 03:00:00+00:00,2025-05-20 14:00:00+00:00,2025-05-21 15:00:00+00:00,47.78647232055664,1.167624368854734,60300010605,2025-05-21 02:00:00+00:00,3,56.46176910400391,1.0458724695056527,60300010701,2025-05-21 04:00:00+00:00,4,59.64588928222656,0.8554144981659516,60300010605,2025-05-21 05:00:00+00:00,0,59.64588928222656,0.5895705384870464,60300010605,2025-05-21 05:00:00+00:00,0,75.17989349365234,0.5815470676647511,60300020202,2025-05-21 07:00:00+00:00,0,1.167624368854734,2025-05-21 02:00:00+00:00,1,5,4,2,520,AL-RF-20250521-0520,2.0,0.5470283184499886,5,2–5-year,Convective,Organized or localized severe convection,,Medium,144 convective/heavy-rain NOAA Storm Events records; Rx3h/Rx24h=0.95.,,,145,Flash Flood; Flood; Hail; Lightning; Thunderstorm Wind; Tornado,7,144,0,0.8011695842851014,0.9466162678343792,1.0,0.7933755491055948,0.0,0.0,0.0,,,,,,,,,0.0,7,6,0.0,0.0,0.0,0.0,Reported flooding only,Insufficient record
ALRF-2025-013,2025,2025-05-26 03:00:00+00:00,2025-05-26 10:00:00+00:00,2025-05-25 15:00:00+00:00,2025-05-26 22:00:00+00:00,51.93882751464844,1.2095261546851472,31501070204,2025-05-26 06:00:00+00:00,5,90.4478530883789,1.361522685731973,31602010801,2025-05-26 05:00:00+00:00,11,103.20791625976562,1.292474803242668,31602010801,2025-05-26 08:00:00+00:00,14,124.08953857421876,1.111453890914747,31602010801,2025-05-26 22:00:00+00:00,1,162.42190551757812,1.1433246473121017,31602010801,2025-05-26 22:00:00+00:00,1,1.361522685731973,2025-05-26 05:00:00+00:00,3,18,10,4,521,AL-RF-20250526-0521,10.0,0.686808189615731,18,10–25-year,Convective,Organized or localized severe convection,,Medium,74 convective/heavy-rain NOAA Storm Events records; Rx3h/Rx24h=0.73.,,,74,Flash Flood; Hail; Thunderstorm Wind; Tornado,2,74,0,0.4185592767240688,0.7288918479963681,0.831721331593447,0.7639950915413263,0.0,0.0,0.0,,,,,,,,,0.0,2,2,0.0,0.0,0.0,0.0,Reported flooding only,Insufficient record
ALRF-2025-014,2025,2025-05-27 02:00:00+00:00,2025-05-29 02:00:00+00:00,2025-05-26 14:00:00+00:00,2025-05-29 14:00:00+00:00,54.30877304077149,1.1565721872792063,31300031309,2025-05-27 02:00:00+00:00,7,92.22664642333984,1.438813477648386,31300031305,2025-05-27 03:00:00+00:00,5,93.0974578857422,1.208098265270694,31300031305,2025-05-27 04:00:00+00:00,5,127.35568237304688,1.1407083169945358,31602010801,2025-05-27 00:00:00+00:00,2,197.2994537353516,1.3888356231138292,31602010801,2025-05-27 18:00:00+00:00,11,1.438813477648386,2025-05-27 03:00:00+00:00,3,20,7,8,522,AL-RF-20250527-0522,10.0,0.6745913649674892,20,10–25-year,Convective,Organized or localized severe convection,,Medium,83 convective/heavy-rain NOAA Storm Events records; Rx3h/Rx24h=0.72.,,,83,Flash Flood; Hail; Thunderstorm Wind; Tornado,4,83,0,0.4264338428315407,0.7241659320170105,0.7310035653771898,0.6454943486253943,0.0,0.0,0.0,,,,,,,,,0.0,4,4,0.0,0.0,0.0,0.0,Reported flooding only,Insufficient record
ALRF-2025-015,2025,2025-05-29 19:00:00+00:00,2025-05-30 00:00:00+00:00,2025-05-29 07:00:00+00:00,2025-05-30 12:00:00+00:00,42.0453987121582,0.9540230805481787,31502010106,2025-05-29 15:00:00+00:00,0,68.14659881591797,1.1148861481230088,31502010106,2025-05-29 16:00:00+00:00,2,73.25434875488281,0.9864653969751664,31502010106,2025-05-29 19:00:00+00:00,0,77.11433410644531,0.7194611940475428,31502010106,2025-05-29 23:00:00+00:00,0,170.2259521484375,1.2234483751668443,31300031305,2025-05-29 20:00:00+00:00,6,1.2234483751668443,2025-05-29 20:00:00+00:00,72,8,2,6,523,AL-RF-20250529-0523,2.0,0.5363540356184887,8,2–5-year,Convective,Organized or localized severe convection,,Medium,14 convective/heavy-rain NOAA Storm Events records; Rx3h/Rx24h=0.88.,,,14,Flash Flood; Hail; Thunderstorm Wind; Tornado,2,14,0,0.5452345429595559,0.8837085816218205,0.9499446452298436,0.4530116185762403,0.0,0.0,0.0,,,,,,,,,0.0,2,2,0.0,0.0,0.0,0.0,Reported flooding only,Insufficient record
ALRF-2025-016,2025,2025-06-08 12:00:00+00:00,2025-06-12 06:00:00+00:00,2025-06-08 00:00:00+00:00,2025-06-12 18:00:00+00:00,56.51894378662109,1.252131752466756,31601060701,2025-06-08 15:00:00+00:00,4,104.63780212402344,1.6479890366157597,31601060701,2025-06-08 15:00:00+00:00,37,138.74142456054688,1.8015051650004572,31601081101,2025-06-08 15:00:00+00:00,53,195.0296630859375,1.4758842968981216,31403040602,2025-06-09 23:00:00+00:00,44,261.3540344238281,1.4849968485950795,31401040404,2025-06-11 22:00:00+00:00,47,1.8015051650004572,2025-06-08 15:00:00+00:00,6,72,11,38,524,AL-RF-20250608-0524,25.0,0.8661198830019616,72,25–50-year,Convective candidate,Thunderstorm-associated rainfall,,Low,205 convective/heavy-rain NOAA Storm Events records; rainfall duration signature was not decisive.,,,205,Hail; Thunderstorm Wind,0,205,0,0.289796653967026,0.5365224985181666,0.7113862699922325,0.7462278648802687,3.0,3.0,0.0,4.8801819852342945,3.6923076923076925,4.8801819852342945,12200.0,37.04663212435233,46.0,24.0,53.0,0.0,0,0,0.0,0.0,0.0,0.0,Measured annual-peak response,2–5-year
ALRF-2025-017,2025,2025-06-15 02:00:00+00:00,2025-06-15 02:00:00+00:00,2025-06-14 14:00:00+00:00,2025-06-15 14:00:00+00:00,36.8486328125,0.8641766373555784,31601030302,2025-06-15 00:00:00+00:00,0,86.73539733886719,1.442993936023314,31601050204,2025-06-15 02:00:00+00:00,4,89.99797058105469,1.2324241476094044,31601050204,2025-06-15 02:00:00+00:00,2,95.13827514648438,0.9091583802953644,31601050204,2025-06-15 04:00:00+00:00,0,112.7488784790039,0.8329192179649905,31601050204,2025-06-15 04:00:00+00:00,0,1.442993936023314,2025-06-15 02:00:00+00:00,3,4,1,4,525,AL-RF-20250615-0525,10.0,0.6844769022263161,4,10–25-year,Convective,Organized or localized severe convection,,Medium,18 convective/heavy-rain NOAA Storm Events records; Rx3h/Rx24h=0.91.,,,18,Flash Flood; Lightning; Thunderstorm Wind,1,18,0,0.3873165953005157,0.9116772109366154,0.9459701728088388,0.8438068425150768,0.0,0.0,0.0,,,,,,,,,0.0,1,1,0.0,0.0,0.0,0.0,Reported flooding only,Insufficient record
ALRF-2025-018,2025,2025-08-03 03:00:00+00:00,2025-08-05 23:00:00+00:00,2025-08-02 15:00:00+00:00,2025-08-06 11:00:00+00:00,70.38651275634766,1.7866760954260392,31501050301,2025-08-03 03:00:00+00:00,10,113.3240737915039,2.0423441816786,31501050907,2025-08-03 05:00:00+00:00,26,121.78892517089844,1.8376012238583213,31501050301,2025-08-03 04:00:00+00:00,23,165.26068115234375,1.4592550661484875,31300040501,2025-08-04 13:00:00+00:00,22,201.1757659912109,1.4198181889276236,31300040501,2025-08-05 22:00:00+00:00,19,2.0423441816786,2025-08-03 05:00:00+00:00,3,35,5,14,526,AL-RF-20250803-0526,50.0,0.90131768588313,35,50–100-year,Convective,Organized or localized severe convection,,Medium,5 convective/heavy-rain NOAA Storm Events records; Rx3h/Rx24h=0.69.,Dexter,871.7761298382133,6,Flash Flood; Flood,6,5,0,0.4259120334343934,0.6857291946354581,0.7369504005531035,0.8214740992191064,0.0,0.0,0.0,,,,,,,,,0.0,6,5,0.0,0.0,1.0,1.0,Reported flooding only,Insufficient record
ALRF-2025-019,2025,2025-08-06 18:00:00+00:00,2025-08-06 18:00:00+00:00,2025-08-06 06:00:00+00:00,2025-08-07 06:00:00+00:00,25.40678977966309,0.513701050920557,31300040504,2025-08-06 18:00:00+00:00,0,29.587631225585938,0.4325237657751982,31300040504,2025-08-06 19:00:00+00:00,0,36.17686080932617,0.4956818810477222,31300030602,2025-08-06 06:00:00+00:00,0,53.85228729248047,0.5188204258361224,31300030602,2025-08-06 06:00:00+00:00,0,189.1123962402344,1.3346797444047176,31300040501,2025-08-06 18:00:00+00:00,4,1.3346797444047176,2025-08-06 18:00:00+00:00,72,4,1,4,527,AL-RF-20250806-0527,5.0,0.556634146351606,4,5–10-year,Unclassified,Insufficient external evidence,,Low,No nearby HURDAT2 track and no matching Alabama NOAA Storm Events record within the configured time buffer.,Dexter,1731.1504967516394,0,,0,0,0,0.4717866418871813,0.549421996969056,0.6717794661690747,0.2847633913118552,0.0,0.0,0.0,,,,,,,,,0.0,0,0,0.0,0.0,0.0,0.0,Rainfall hazard without matched flood evidence,Insufficient record
ALRF-2025-020,2025,2025-08-13 15:00:00+00:00,2025-08-13 17:00:00+00:00,2025-08-13 03:00:00+00:00,2025-08-14 05:00:00+00:00,45.70596694946289,1.0973755634254307,60300020107,2025-08-13 15:00:00+00:00,2,65.30471801757812,1.226995407836459,60300010302,2025-08-13 13:00:00+00:00,3,91.61105346679688,1.4129379524114634,60300010302,2025-08-13 15:00:00+00:00,8,98.6571807861328,1.018087577022923,60300010302,2025-08-13 20:00:00+00:00,1,183.8785400390625,0.9758462573111568,31602050205,2025-08-13 16:00:00+00:00,0,1.4129379524114634,2025-08-13 15:00:00+00:00,6,11,4,5,528,AL-RF-20250813-0528,10.0,0.6641015703434374,11,10–25-year,Convective,Organized or localized severe convection,,Medium,3 convective/heavy-rain NOAA Storm Events records; Rx3h/Rx24h=0.66.,Erin,3552.5957738305665,4,Flash Flood; Rip Current; Thunderstorm Wind,2,3,0,0.4632806916360546,0.6619357810268719,0.9285796810410548,0.5365345013353621,0.0,0.0,0.0,,,,,,,,,0.0,2,2,0.0,0.0,0.0,0.0,Reported flooding only,Insufficient record
ALRF-2025-021,2025,2025-10-05 19:00:00+00:00,2025-10-06 00:00:00+00:00,2025-10-05 07:00:00+00:00,2025-10-06 12:00:00+00:00,87.22972869873047,1.415803963227273,31401070203,2025-10-05 19:00:00+00:00,3,140.6483917236328,1.5691229593368674,31401070203,2025-10-05 21:00:00+00:00,3,155.80970764160156,1.4228891400992218,31401070203,2025-10-05 22:00:00+00:00,3,167.47976684570312,1.1141508357292014,31401070203,2025-10-06 12:00:00+00:00,2,169.1766357421875,0.9034496519834316,31401070203,2025-10-06 12:00:00+00:00,0,1.5691229593368674,2025-10-05 21:00:00+00:00,3,3,1,3,529,AL-RF-20251005-0529,10.0,0.7412444379291454,3,10–25-year,Unclassified,Insufficient external evidence,,Low,No nearby HURDAT2 track and no matching Alabama NOAA Storm Events record within the configured time buffer.,Imelda,3609.266466197869,10,Drought,0,0,0,0.520837414223857,0.8397933336819743,0.9303195877096424,0.989969838984916,0.0,0.0,0.0,,,,,,,,,0.0,0,0,0.0,0.0,0.0,0.0,Rainfall hazard without matched flood evidence,Insufficient record
ALRF-2025-022,2025,2025-10-06 15:00:00+00:00,2025-10-06 17:00:00+00:00,2025-10-06 03:00:00+00:00,2025-10-07 05:00:00+00:00,19.25458526611328,0.3132057848462013,31401070104,2025-10-06 14:00:00+00:00,0,52.33380508422852,0.5847480674016006,31401070104,2025-10-06 16:00:00+00:00,0,68.74147033691406,0.6292136117725384,31401070104,2025-10-06 16:00:00+00:00,0,178.50025939941406,1.187464115417347,31401070203,2025-10-06 17:00:00+00:00,3,195.67030334472656,1.0449331060683966,31401070203,2025-10-07 05:00:00+00:00,1,1.187464115417347,2025-10-06 17:00:00+00:00,24,3,1,3,530,AL-RF-20251006-0530,2.0,0.428392516878009,3,2–5-year,Unclassified,Insufficient external evidence,,Low,No nearby HURDAT2 track and no matching Alabama NOAA Storm Events record within the configured time buffer.,Imelda,3922.820922055515,10,Drought,0,0,0,0.1078686682635514,0.2931861570415191,0.3851057167547159,0.912250128651036,0.0,0.0,0.0,,,,,,,,,0.0,0,0,0.0,0.0,0.0,0.0,Rainfall hazard without matched flood evidence,Insufficient record
ALRF-2025-023,2025,2025-11-25 15:00:00+00:00,2025-11-25 16:00:00+00:00,2025-11-25 03:00:00+00:00,2025-11-26 04:00:00+00:00,41.93046951293945,0.9666855841372944,31502020201,2025-11-25 12:00:00+00:00,0,55.00003433227539,0.9254510828014184,31601030601,2025-11-25 10:00:00+00:00,0,86.98490905761719,1.1907461467947966,31601130205,2025-11-25 16:00:00+00:00,11,98.44603729248048,0.9392588507022814,31601130602,2025-11-25 22:00:00+00:00,0,98.44603729248048,0.7505391277059336,31601130602,2025-11-25 22:00:00+00:00,0,1.1907461467947966,2025-11-25 16:00:00+00:00,6,11,1,11,531,AL-RF-20251125-0531,2.0,0.556483056528508,11,2–5-year,Convective,Organized or localized severe convection,,Medium,29 convective/heavy-rain NOAA Storm Events records; Rx3h/Rx24h=0.56.,,,53,Drought; Hail; Thunderstorm Wind; Tornado,0,29,0,0.4259233857058683,0.5586820540970258,0.8835795878628148,1.0,0.0,0.0,0.0,,,,,,,,,0.0,0,0,0.0,0.0,0.0,0.0,Rainfall hazard without matched flood evidence,Insufficient record
