huc12,duration_hours,historical_max_mm,historical_max_ratio_to_2yr,historical_max_lower_ari,historical_max_ratio_to_100yr,qualifying_event_count,latest_event_time_utc,event_count_ge_2yr,event_count_ge_5yr,event_count_ge_10yr,event_count_ge_25yr,event_count_ge_50yr,event_count_ge_100yr
031300020601,3,68.112548828125,1.2244765996051017,5.0,0.5525130457325532,8,2019-10-06 00:00:00+00:00,8,1,0,0,0,0
031300020601,6,88.97789764404297,1.3072963078410544,5.0,0.6032588615949843,15,2025-05-26 09:00:00+00:00,15,3,0,0,0,0
031300020601,24,144.239990234375,1.4310062112891893,10.0,0.717989766397392,12,2021-12-30 21:00:00+00:00,12,3,1,0,0,0
031300020601,72,223.69467163085938,1.7435880613490842,25.0,0.8883760424897408,8,2017-01-23 00:00:00+00:00,8,4,2,1,0,0
031300020602,1,45.078041076660156,1.118867371490037,2.0,0.5196215201626497,3,2025-05-26 05:00:00+00:00,3,0,0,0,0,0
031300020602,3,70.03668212890625,1.2535931160681981,5.0,0.5715720148598883,9,2019-10-06 01:00:00+00:00,9,2,0,0,0,0
031300020602,6,91.20284271240234,1.3333849001547189,5.0,0.6208863616937185,14,2025-05-26 09:00:00+00:00,14,4,0,0,0,0
031300020602,24,137.89305114746094,1.3600929058497933,5.0,0.6839489158043769,12,2021-08-17 15:00:00+00:00,12,3,0,0,0,0
031300020602,72,226.40243530273438,1.757809428592426,25.0,0.898291518069722,10,2017-01-22 23:00:00+00:00,10,5,2,2,0,0
031300020603,1,48.444244384765625,1.201194379795053,2.0,0.5606900672812765,2,2019-10-06 00:00:00+00:00,2,0,0,0,0,0
031300020603,3,72.44570922851562,1.2957133276529187,5.0,0.5949138313539325,7,2019-10-06 01:00:00+00:00,7,2,0,0,0,0
031300020603,6,89.26207733154297,1.303789276978726,5.0,0.610195724564645,16,2025-05-26 09:00:00+00:00,16,5,0,0,0,0
031300020603,24,131.42584228515625,1.2946503533720322,5.0,0.6507210774097535,17,2024-02-12 22:00:00+00:00,17,4,0,0,0,0
031300020603,72,220.42034912109375,1.71265731710793,25.0,0.8764184116281859,9,2023-03-27 13:00:00+00:00,9,4,2,1,0,0
031300020802,1,46.947975158691406,1.153505654767765,2.0,0.5450331450342195,2,2009-10-12 14:00:00+00:00,2,0,0,0,0,0
031300020802,3,78.65042114257812,1.392353641551004,5.0,0.6499650539378682,6,2009-10-12 16:00:00+00:00,6,1,0,0,0,0
031300020802,6,91.02508544921875,1.315534050552295,5.0,0.6247210945405067,11,2017-01-21 17:00:00+00:00,11,4,0,0,0,0
031300020802,24,149.05076599121094,1.4527301729393718,10.0,0.7332413279977309,13,2024-02-12 20:00:00+00:00,13,5,1,0,0,0
031300020802,72,211.3300323486328,1.625902515509247,25.0,0.8337897309535193,12,2024-09-27 11:00:00+00:00,12,5,3,1,0,0
031300020803,1,45.431549072265625,1.119481435353677,2.0,0.5299461241477355,4,2020-08-31 00:00:00+00:00,4,0,0,0,0,0
031300020803,3,79.57598114013672,1.415054817560422,10.0,0.6620316244835384,8,2015-06-09 23:00:00+00:00,8,1,1,0,0,0
031300020803,6,89.76984405517578,1.3032810573792077,5.0,0.6192047154176614,13,2024-03-09 04:00:00+00:00,13,4,0,0,0,0
031300020803,24,157.3401336669922,1.5383182405621656,10.0,0.7748771460438313,14,2024-02-12 21:00:00+00:00,14,4,3,0,0,0
031300020803,72,208.08193969726562,1.6082936472080114,25.0,0.8254087505428331,12,2024-09-27 11:00:00+00:00,12,5,3,1,0,0
031300020804,1,55.717594146728516,1.3549074677555317,5.0,0.6529192946386989,3,2017-08-11 01:00:00+00:00,3,1,0,0,0,0
031300020804,3,103.02422332763672,1.8029669878930963,25.0,0.8638677024628183,11,2023-03-26 13:00:00+00:00,11,2,2,1,0,0
031300020804,6,115.91014862060547,1.6565025127798476,25.0,0.802567957962683,12,2024-03-09 04:00:00+00:00,12,4,2,1,0,0
031300020804,24,169.7283935546875,1.6397362874982282,25.0,0.8276824000247369,15,2024-02-12 21:00:00+00:00,15,3,2,1,0,0
031300020804,72,203.3687744140625,1.554665099022324,10.0,0.7971299861374385,12,2024-09-27 11:00:00+00:00,12,5,4,0,0,0
031300020805,1,48.71519470214844,1.1748304995264205,2.0,0.5760105624775819,1,2005-07-07 03:00:00+00:00,1,0,0,0,0,0
031300020805,3,77.05184173583984,1.33846622758419,5.0,0.6548733339238698,6,2013-07-03 15:00:00+00:00,6,2,0,0,0,0
031300020805,6,128.250244140625,1.8213283850445934,25.0,0.8949034028354307,9,2024-03-09 04:00:00+00:00,9,2,2,1,0,0
031300020805,24,155.3099365234375,1.4940992933195034,10.0,0.7512240647813997,14,2024-02-12 21:00:00+00:00,14,4,2,0,0,0
031300020805,72,217.9650421142578,1.6623013732736793,25.0,0.8490354009189176,11,2024-09-27 11:00:00+00:00,11,7,2,1,0,0
031300020806,1,44.91070556640625,1.0956774283403523,2.0,0.5288711869720374,1,2003-05-08 02:00:00+00:00,1,0,0,0,0,0
031300020806,3,71.18526458740234,1.2546777819296564,5.0,0.6011914119450062,7,2023-06-19 10:00:00+00:00,7,1,0,0,0,0
031300020806,6,115.350341796875,1.6612567676472618,25.0,0.8026604084174853,9,2024-03-09 04:00:00+00:00,9,3,1,1,0,0
031300020806,24,148.66688537597656,1.4432688297890357,10.0,0.7254377931950542,15,2024-02-12 21:00:00+00:00,15,3,2,0,0,0
031300020806,72,202.7731170654297,1.5602960087825846,10.0,0.7993323980729532,12,2024-09-27 11:00:00+00:00,12,6,4,0,0,0
031300020808,1,46.30608367919922,1.1180135738811814,2.0,0.5498985851432978,3,2023-03-27 13:00:00+00:00,3,0,0,0,0,0
031300020808,3,100.00585174560547,1.746249285807805,25.0,0.8559537357510757,8,2023-03-27 13:00:00+00:00,8,3,2,1,0,0
031300020808,6,118.96766662597656,1.6995907940291886,25.0,0.8333302717602348,13,2024-09-25 23:00:00+00:00,13,3,3,1,0,0
031300020808,24,179.48049926757812,1.7354200218739508,25.0,0.8665277630166016,17,2024-02-12 21:00:00+00:00,17,6,3,2,0,0
031300020808,72,245.92974853515625,1.88952800123105,50.0,0.9614986213555393,17,2024-09-27 10:00:00+00:00,17,6,5,2,1,0
031300020901,1,48.82523727416992,1.1654461469416928,2.0,0.5814274837620016,2,2009-09-26 21:00:00+00:00,2,0,0,0,0,0
031300020901,3,90.37921142578125,1.5502574563747562,10.0,0.7757063302855858,7,2023-03-27 13:00:00+00:00,7,3,1,0,0,0
031300020901,6,116.57478332519531,1.6362679511458778,25.0,0.8172923785536238,11,2024-03-09 04:00:00+00:00,11,5,3,1,0,0
031300020901,24,162.32412719726562,1.552595939486057,10.0,0.7778070315950092,16,2024-09-27 10:00:00+00:00,16,4,3,0,0,0
031300020901,72,238.16885375976562,1.8046286239662301,50.0,0.9156565713953699,13,2024-09-27 10:00:00+00:00,13,7,2,1,1,0
031300020902,1,53.600990295410156,1.2699158837219287,5.0,0.6412827946771344,1,2009-10-12 15:00:00+00:00,1,1,0,0,0,0
031300020902,3,82.71398162841797,1.40613034867657,10.0,0.7141225178870557,5,2024-03-09 03:00:00+00:00,5,2,1,0,0,0
031300020902,6,92.51299285888672,1.2879919387896521,5.0,0.649820970323749,12,2024-09-27 09:00:00+00:00,12,4,0,0,0,0
031300020902,24,172.8904266357422,1.6485295958587647,25.0,0.8216883830098214,19,2025-04-07 14:00:00+00:00,19,5,2,1,0,0
031300020902,72,222.622802734375,1.6790208876961907,25.0,0.8459829402414125,12,2024-09-27 10:00:00+00:00,12,6,4,1,0,0
031300020903,1,50.77747344970703,1.2131552113259736,5.0,0.6062390488412567,3,2023-03-27 13:00:00+00:00,3,1,0,0,0,0
031300020903,3,97.7005386352539,1.6820789488500547,25.0,0.8419152606820033,6,2023-03-27 13:00:00+00:00,6,2,1,1,0,0
031300020903,6,107.59583282470703,1.516892076301448,10.0,0.7560375300211936,15,2024-09-25 23:00:00+00:00,15,3,2,0,0,0
031300020903,24,168.71144104003906,1.6201849229338838,10.0,0.8080476089892997,16,2025-04-07 15:00:00+00:00,16,6,3,0,0,0
031300020903,72,229.3053741455078,1.745963603851312,25.0,0.8841502944678943,14,2024-09-27 10:00:00+00:00,14,7,4,2,0,0
031300020907,1,52.52932357788086,1.2500345561842794,5.0,0.6286279664817886,3,2014-09-03 21:00:00+00:00,3,1,0,0,0,0
031300020907,3,78.36305236816406,1.3428756873085348,5.0,0.6770815619132576,8,2023-03-27 14:00:00+00:00,8,2,0,0,0,0
031300020907,6,103.17058563232422,1.4492871605824937,10.0,0.7250524295028024,12,2024-09-25 23:00:00+00:00,12,5,1,0,0,0
031300020907,24,160.8533477783203,1.5477616828860412,10.0,0.7673596663455817,19,2025-04-07 14:00:00+00:00,19,7,4,0,0,0
031300020907,72,236.62637329101562,1.8027013988845153,50.0,0.9075746285405569,14,2024-09-27 10:00:00+00:00,14,7,3,1,1,0
031300020908,1,52.063446044921875,1.2436680549383436,5.0,0.6215238552827295,2,2014-09-03 21:00:00+00:00,2,1,0,0,0,0
031300020908,3,82.06484985351562,1.4136314732926976,10.0,0.7070884856267815,6,2023-03-27 14:00:00+00:00,6,1,1,0,0,0
031300020908,6,103.1971435546875,1.4571860814345416,10.0,0.7237264242310247,6,2024-09-25 23:00:00+00:00,6,3,2,0,0,0
031300020908,24,145.54278564453125,1.4081305242325395,10.0,0.6958101637443486,18,2025-04-07 18:00:00+00:00,18,5,1,0,0,0
031300020908,72,207.462158203125,1.5919276229732358,10.0,0.800864116475569,14,2024-09-27 09:00:00+00:00,14,6,3,0,0,0
031300021104,1,53.090824127197266,1.2443759987701435,5.0,0.6363401587495392,2,2009-10-12 15:00:00+00:00,2,1,0,0,0,0
031300021104,3,73.52877807617188,1.2330969393118605,5.0,0.6352397377976533,3,2009-10-12 17:00:00+00:00,3,1,0,0,0,0
031300021104,6,92.34565734863281,1.2694930976201841,5.0,0.6458332379322238,10,2024-03-09 04:00:00+00:00,10,1,0,0,0,0
031300021104,24,174.33743286132812,1.6552332100992855,25.0,0.8167307217668158,15,2025-04-07 14:00:00+00:00,15,4,2,1,0,0
031300021104,72,219.58834838867188,1.64287517100551,25.0,0.817419735347893,11,2024-09-27 10:00:00+00:00,11,6,2,1,0,0
031300021105,1,48.84732437133789,1.155363787605983,2.0,0.585059843624707,1,2003-05-08 03:00:00+00:00,1,0,0,0,0,0
031300021105,3,68.40547180175781,1.1625372202162272,2.0,0.5909055435816328,4,2024-03-09 04:00:00+00:00,4,0,0,0,0,0
031300021105,6,93.82437133789062,1.3084000717257347,5.0,0.6575121069811382,6,2024-03-09 05:00:00+00:00,6,1,0,0,0,0
031300021105,24,147.4353790283203,1.4178007853387316,10.0,0.6981298077636069,15,2025-04-07 18:00:00+00:00,15,4,1,0,0,0
031300021105,72,209.23001098632812,1.5880075904258764,10.0,0.7930231519777569,12,2025-04-07 22:00:00+00:00,12,5,4,0,0,0
031300021106,3,72.50426483154297,1.2177388894096575,5.0,0.6229472499828071,11,2025-04-06 21:00:00+00:00,11,2,0,0,0,0
031300021106,6,113.57721710205078,1.5675674647789568,10.0,0.7870717584976908,15,2025-04-07 00:00:00+00:00,15,3,1,0,0,0
031300021106,24,159.4954071044922,1.5307413393058087,10.0,0.7399356009765925,20,2025-04-07 18:00:00+00:00,20,10,1,0,0,0
031300021106,72,228.0055694580078,1.7169050336801965,25.0,0.8407690196773858,15,2025-04-07 22:00:00+00:00,15,6,5,1,0,0
031300021107,3,73.0745849609375,1.227906625505578,5.0,0.6304296624993859,8,2025-04-06 21:00:00+00:00,8,1,0,0,0,0
031300021107,6,94.17610168457031,1.2992422318586225,5.0,0.6564548610285368,12,2025-04-07 00:00:00+00:00,12,2,0,0,0,0
031300021107,24,151.09567260742188,1.4454607393130603,10.0,0.7057549900362918,18,2025-04-07 18:00:00+00:00,18,6,1,0,0,0
031300021107,72,214.04478454589844,1.6097733363654514,10.0,0.7951165224794144,12,2025-04-07 22:00:00+00:00,12,5,4,0,0,0
031300021108,1,48.60525894165039,1.1499891353260665,2.0,0.5799279646647129,1,2019-04-19 09:00:00+00:00,1,0,0,0,0,0
031300021108,3,97.84272766113281,1.6651876532044472,25.0,0.8398223822461582,6,2024-02-12 10:00:00+00:00,6,3,2,1,0,0
031300021108,6,129.40538024902344,1.8106181946108288,25.0,0.8997313795652755,11,2024-03-09 05:00:00+00:00,11,5,3,1,0,0
031300021108,24,156.76878356933594,1.5232083053162762,10.0,0.7381362142864568,19,2025-04-07 18:00:00+00:00,19,12,2,0,0,0
031300021108,72,198.4893341064453,1.5195356776029945,10.0,0.7495782618080276,19,2025-04-07 22:00:00+00:00,19,7,2,0,0,0
031300021109,1,51.89767074584961,1.2342926154392355,5.0,0.6164531764839358,1,2019-04-19 10:00:00+00:00,1,1,0,0,0,0
031300021109,3,111.83177185058594,1.915042719408574,50.0,0.9566677896706269,6,2024-09-25 22:00:00+00:00,6,2,1,1,1,0
031300021109,6,126.24555206298828,1.7760489577270617,25.0,0.8770604047733083,10,2024-09-26 00:00:00+00:00,10,4,2,2,0,0
031300021109,24,142.5330810546875,1.3903526442550944,5.0,0.6749302596577599,17,2025-04-07 18:00:00+00:00,17,9,0,0,0,0
031300021109,72,193.37042236328125,1.4949772309276401,10.0,0.74034155394606,17,2024-09-27 10:00:00+00:00,17,6,3,0,0,0
031300021301,1,58.57071304321289,1.380440862324137,5.0,0.6970989411307222,2,2019-04-19 09:00:00+00:00,2,1,0,0,0,0
031300021301,3,123.3125,2.0907900176222416,100.0,1.0528581089918574,8,2024-03-09 03:00:00+00:00,8,4,3,1,1,1
031300021301,6,142.48980712890625,1.9886216085055137,50.0,0.9832846771870071,15,2024-03-09 05:00:00+00:00,15,5,3,2,2,0
031300021301,24,167.40028381347656,1.6271294708577497,10.0,0.780317290545671,21,2025-04-07 18:00:00+00:00,21,10,5,0,0,0
031300021301,72,210.1592254638672,1.605654666672755,10.0,0.7841872632430555,18,2024-09-27 09:00:00+00:00,18,9,5,0,0,0
031300021302,1,69.81612396240234,1.6535858365036482,25.0,0.8273074940859719,1,2019-04-19 10:00:00+00:00,1,1,1,1,0,0
031300021302,3,135.04150390625,2.302507088610966,200.0,1.149732882624248,7,2024-02-12 10:00:00+00:00,7,4,2,1,1,1
031300021302,6,151.88330078125,2.130786191241252,100.0,1.04832271916919,11,2024-09-26 00:00:00+00:00,11,4,3,2,2,1
031300021302,24,162.73287963867188,1.5899133326159038,10.0,0.7642603413938037,18,2025-04-07 18:00:00+00:00,18,10,4,0,0,0
031300021302,72,196.7252960205078,1.5197402740305754,10.0,0.7455214409351519,19,2024-09-27 10:00:00+00:00,19,11,3,0,0,0
031300021306,1,53.393768310546875,1.2572542306453822,5.0,0.6257074299504993,3,2020-06-09 19:00:00+00:00,3,1,0,0,0,0
031300021306,3,92.70134735107422,1.5737889828310767,10.0,0.7766688256935541,11,2025-08-02 22:00:00+00:00,11,3,2,0,0,0
031300021306,6,128.1758575439453,1.7957200178342847,25.0,0.8689508167104494,12,2024-03-09 05:00:00+00:00,12,5,3,1,0,0
031300021306,24,193.31602478027344,1.8946793024598891,25.0,0.8921218665906953,18,2025-04-07 19:00:00+00:00,18,8,6,1,0,0
031300021306,72,223.64122009277344,1.7336941329344253,25.0,0.8340642826546729,15,2024-09-27 10:00:00+00:00,15,10,5,1,0,0
031300030301,1,43.207027435302734,1.011124259720978,2.0,0.503738950881495,1,2021-10-04 17:00:00+00:00,1,0,0,0,0,0
031300030301,3,88.18643188476562,1.490506254791462,10.0,0.7323870185099175,9,2025-04-06 22:00:00+00:00,9,4,3,0,0,0
031300030301,6,118.53379821777344,1.6575621504417741,10.0,0.7936103207817699,12,2024-02-12 03:00:00+00:00,12,6,4,0,0,0
031300030301,24,183.1957244873047,1.796740517148171,25.0,0.8308463643749054,17,2025-04-07 19:00:00+00:00,17,8,3,2,0,0
031300030301,72,199.15414428710938,1.5444169680213544,10.0,0.7304633556481042,15,2025-04-07 22:00:00+00:00,15,9,4,0,0,0
031300030304,1,51.14324951171875,1.194411788644497,2.0,0.5906284477492556,2,2025-04-06 21:00:00+00:00,2,0,0,0,0,0
031300030304,3,85.56090545654297,1.4448854858494335,10.0,0.7027210558544282,8,2025-04-06 22:00:00+00:00,8,4,1,0,0,0
031300030304,6,102.8367691040039,1.4384957847797386,10.0,0.6811694833540591,13,2025-04-07 01:00:00+00:00,13,6,1,0,0,0
031300030304,24,166.8842315673828,1.6383209827651302,10.0,0.7504493898490325,14,2025-04-07 19:00:00+00:00,14,7,3,0,0,0
031300030304,72,193.31375122070312,1.5054026551385276,10.0,0.7055318160941816,15,2025-04-07 22:00:00+00:00,15,6,2,0,0,0
031300030305,1,62.65690231323242,1.4564107206256476,10.0,0.7250970201419755,3,2025-04-06 21:00:00+00:00,3,1,1,0,0,0
031300030305,3,89.21863555908203,1.5005883132728992,10.0,0.7332725190095147,7,2025-04-06 22:00:00+00:00,7,5,2,0,0,0
031300030305,6,113.2789077758789,1.5797878839416317,10.0,0.7479201274382807,14,2025-04-07 01:00:00+00:00,14,5,1,0,0,0
031300030305,24,169.68202209472656,1.662562476175839,10.0,0.7553127724934549,16,2025-04-07 19:00:00+00:00,16,6,4,0,0,0
031300030305,72,203.90196228027344,1.5837746651807192,10.0,0.7369077523792675,13,2025-04-07 22:00:00+00:00,13,8,3,0,0,0
031300030306,1,48.32468795776367,1.1105164806982952,2.0,0.5530939549482231,2,2025-04-06 21:00:00+00:00,2,0,0,0,0,0
031300030306,3,81.80376434326172,1.3637799682148077,5.0,0.6630467012941894,7,2025-03-16 07:00:00+00:00,7,3,0,0,0,0
031300030306,6,96.21205139160156,1.3331299912952863,5.0,0.6230809065132258,13,2025-05-27 04:00:00+00:00,13,2,0,0,0,0
031300030306,24,163.2259979248047,1.590900711532688,10.0,0.7065969079369812,17,2025-04-07 19:00:00+00:00,17,4,2,0,0,0
031300030306,72,252.16078186035156,1.959085403756805,50.0,0.893497573157648,13,2024-09-27 10:00:00+00:00,13,5,3,1,1,0
031300030401,1,58.79399108886719,1.3724528666018665,5.0,0.6998690316055936,2,2019-04-19 09:00:00+00:00,2,1,0,0,0,0
031300030401,3,109.49079895019531,1.8355725405214005,50.0,0.9321900266502586,8,2024-09-27 08:00:00+00:00,8,4,3,1,1,0
031300030401,6,156.11099243164062,2.1543319676429817,100.0,1.0684689541920234,14,2024-03-09 05:00:00+00:00,14,6,3,3,1,1
031300030401,24,197.58648681640625,1.9022255529296594,50.0,0.9030549246513143,22,2025-04-07 18:00:00+00:00,22,13,6,2,1,0
031300030401,72,233.78993225097656,1.7632453992214308,25.0,0.8502837804206179,17,2025-04-07 22:00:00+00:00,17,11,9,1,0,0
031300030402,1,57.63578414916992,1.3513986495133279,5.0,0.683034107632122,3,2020-06-09 19:00:00+00:00,3,2,0,0,0,0
031300030402,3,125.98736572265625,2.128236094159911,100.0,1.0668720791085196,9,2024-02-12 10:00:00+00:00,9,4,2,1,1,1
031300030402,6,151.9894256591797,2.1176798158187924,100.0,1.0362683360844056,13,2024-03-09 05:00:00+00:00,13,5,5,2,2,1
031300030402,24,196.3731231689453,1.911013017422886,50.0,0.9002101972918988,21,2025-04-07 19:00:00+00:00,21,10,6,3,1,0
031300030402,72,222.91384887695312,1.7023240267908994,25.0,0.8179663371796402,19,2024-09-27 09:00:00+00:00,19,9,7,1,0,0
031300030403,1,48.43852615356445,1.1264116987819914,2.0,0.5658775742176672,2,2025-04-06 21:00:00+00:00,2,0,0,0,0,0
031300030403,3,86.42167663574219,1.4530144353940662,10.0,0.7179873857497839,9,2025-04-06 22:00:00+00:00,9,3,1,0,0,0
031300030403,6,110.89178466796875,1.5439514866297404,10.0,0.7388106853338328,12,2025-04-07 01:00:00+00:00,12,4,2,0,0,0
031300030403,24,176.92568969726562,1.7281148966280337,25.0,0.7904175219136623,17,2025-04-07 19:00:00+00:00,17,8,3,1,0,0
031300030403,72,205.11203002929688,1.5826322780094848,10.0,0.7410027601448576,16,2025-04-07 22:00:00+00:00,16,10,5,0,0,0
031300030501,1,51.56108474731445,1.1894142833084482,2.0,0.6074607149261743,3,2024-02-12 00:00:00+00:00,3,0,0,0,0,0
031300030501,3,107.30611419677734,1.7833388152774614,25.0,0.8988595889939818,10,2024-02-12 00:00:00+00:00,10,5,4,2,0,0
031300030501,6,170.09860229492188,2.331866395992032,200.0,1.137095953896269,14,2024-03-09 05:00:00+00:00,14,7,6,3,2,2
031300030501,24,213.23138427734375,2.0423991444721654,50.0,0.9413881998666145,21,2025-04-07 19:00:00+00:00,21,12,6,3,1,0
031300030501,72,257.00640869140625,1.9322948991390345,50.0,0.905944201801972,21,2025-04-07 22:00:00+00:00,21,13,7,2,1,0
031300030502,1,55.0672607421875,1.276948057137748,5.0,0.6503938634836866,6,2024-05-10 04:00:00+00:00,6,1,0,0,0,0
031300030502,3,116.2303466796875,1.9423724947333307,50.0,0.9774786903498982,8,2024-02-12 00:00:00+00:00,8,4,4,1,1,0
031300030502,6,162.0389404296875,2.234812703106864,100.0,1.0893263491318073,14,2024-03-09 05:00:00+00:00,14,7,4,2,1,1
031300030502,24,214.39320373535156,2.0676168995758557,50.0,0.955643772636551,23,2025-04-07 19:00:00+00:00,23,10,5,2,1,0
031300030502,72,244.7933349609375,1.853078628177565,25.0,0.8731740941819851,19,2025-04-07 22:00:00+00:00,19,11,7,2,0,0
031300030503,1,50.03587341308594,1.1571999908990684,2.0,0.5876730891645467,2,2022-02-04 07:00:00+00:00,2,0,0,0,0,0
031300030503,3,88.31021881103516,1.4764219171504274,10.0,0.7372362325976245,10,2025-04-06 22:00:00+00:00,10,3,1,0,0,0
031300030503,6,130.11109924316406,1.7991360984553657,25.0,0.8663130361061506,15,2024-09-13 13:00:00+00:00,15,6,3,1,0,0
031300030503,24,176.612060546875,1.7097635505768056,10.0,0.7782342941961379,19,2025-04-07 19:00:00+00:00,19,9,4,0,0,0
031300030503,72,240.86080932617188,1.8363393344972587,25.0,0.8548364329868438,19,2025-04-07 22:00:00+00:00,19,9,5,1,0,0
031300030504,1,55.501190185546875,1.2790923372194745,5.0,0.6462740113633496,2,2025-04-06 21:00:00+00:00,2,1,0,0,0,0
031300030504,3,83.96531677246094,1.4019173496924353,10.0,0.6934896122109435,8,2025-04-06 22:00:00+00:00,8,5,2,0,0,0
031300030504,6,101.82498168945312,1.4097789406567118,10.0,0.6701213719720367,12,2025-04-07 01:00:00+00:00,12,6,2,0,0,0
031300030504,24,175.36778259277344,1.7043760699160109,10.0,0.7650635252877395,20,2025-04-07 19:00:00+00:00,20,6,4,0,0,0
031300030504,72,222.87620544433594,1.7149601944045312,25.0,0.7892159229722477,18,2025-04-07 22:00:00+00:00,18,6,4,1,0,0
031300030505,3,84.04938507080078,1.3942570847025662,10.0,0.6819375261377281,10,2025-03-16 07:00:00+00:00,10,2,1,0,0,0
031300030505,6,108.77871704101562,1.5004104732303243,10.0,0.7013919947581925,12,2024-09-13 15:00:00+00:00,12,5,1,0,0,0
031300030505,24,171.70724487304688,1.6663941232165338,10.0,0.7325845920297348,15,2025-04-07 19:00:00+00:00,15,5,2,0,0,0
031300030505,72,268.2929992675781,2.0760068486479324,50.0,0.9384518183123814,16,2024-09-27 09:00:00+00:00,16,8,5,1,1,0
031300030602,1,60.27557373046875,1.36172952392415,5.0,0.6794553025060096,4,2024-09-13 13:00:00+00:00,4,3,0,0,0,0
031300030602,3,95.70974731445312,1.5740739881406227,10.0,0.7631819403533077,7,2024-09-13 15:00:00+00:00,7,3,2,0,0,0
031300030602,6,113.10446166992188,1.5497152340256113,10.0,0.7151599154015557,9,2024-09-13 15:00:00+00:00,9,4,1,0,0,0
031300030602,24,174.6416778564453,1.6825222145553629,10.0,0.7272888804862838,15,2025-04-07 20:00:00+00:00,15,5,1,0,0,0
031300030602,72,298.9604187011719,2.31072476155466,100.0,1.0308030440182232,17,2024-12-11 12:00:00+00:00,17,8,5,1,1,1
031300030605,1,65.18724060058594,1.4788444878918983,10.0,0.7433125824461745,3,2021-08-17 05:00:00+00:00,3,1,1,0,0,0
031300030605,3,84.99745178222656,1.4023359555229749,10.0,0.6845737605028761,10,2025-03-16 07:00:00+00:00,10,5,1,0,0,0
031300030605,6,104.87244415283203,1.440132436293469,10.0,0.6684828854534024,13,2024-09-13 15:00:00+00:00,13,7,2,0,0,0
031300030605,24,190.9127655029297,1.844906891139128,25.0,0.7996850384941105,18,2025-04-07 19:00:00+00:00,18,7,2,1,0,0
031300030605,72,305.28125,2.356714887382243,100.0,1.0526414084163898,17,2024-09-27 09:00:00+00:00,17,9,5,1,1,1
031300030606,1,64.85089111328125,1.455243113401329,10.0,0.7295926543782432,5,2024-09-13 13:00:00+00:00,5,2,1,0,0,0
031300030606,3,85.6779556274414,1.401067974761279,10.0,0.679924179205236,6,2024-09-13 14:00:00+00:00,6,4,1,0,0,0
031300030606,6,105.1343002319336,1.4330779374957723,10.0,0.6573463435349649,10,2024-09-13 15:00:00+00:00,10,4,1,0,0,0
031300030606,24,182.22637939453125,1.7493187717824943,10.0,0.7434507709402981,15,2024-12-11 11:00:00+00:00,15,6,2,0,0,0
031300030606,72,324.5855712890625,2.499641405726188,100.0,1.0991898498490515,19,2024-12-11 12:00:00+00:00,19,10,4,2,1,1
031300030801,1,44.04405212402344,1.0063069265352322,2.0,0.5124478422927521,1,2024-09-13 10:00:00+00:00,1,0,0,0,0,0
031300030801,3,104.50608825683594,1.7325155636801557,25.0,0.8613406388046713,12,2025-04-06 22:00:00+00:00,12,3,3,2,0,0
031300030801,6,161.37042236328125,2.215957422757969,100.0,1.0536330081003766,11,2024-09-13 13:00:00+00:00,11,6,4,1,1,1
031300030801,24,196.47511291503906,1.8877292894211015,25.0,0.8385705677726796,19,2025-04-07 19:00:00+00:00,19,9,4,1,0,0
031300030801,72,264.0893249511719,2.00439339207909,50.0,0.9117519487579362,21,2025-04-07 22:00:00+00:00,21,10,5,1,1,0
031300030802,1,63.36164855957031,1.439869077471579,10.0,0.7269263911710874,3,2025-03-16 06:00:00+00:00,3,1,1,0,0,0
031300030802,3,103.00794982910156,1.7027270069725666,25.0,0.8343108288365587,9,2025-03-16 07:00:00+00:00,9,6,3,1,0,0
031300030802,6,124.89925384521484,1.716418490425199,25.0,0.7995078290818811,13,2024-09-13 13:00:00+00:00,13,7,2,1,0,0
031300030802,24,200.293701171875,1.9337461893959431,25.0,0.8395283768288103,16,2025-04-07 19:00:00+00:00,16,6,4,1,0,0
031300030802,72,289.3115234375,2.2218932207603057,50.0,0.9927647410736051,18,2024-09-27 09:00:00+00:00,18,8,7,1,1,0
031300030803,1,51.853172302246094,1.1755463989681487,2.0,0.5944367731835701,3,2025-03-16 06:00:00+00:00,3,0,0,0,0,0
031300030803,3,96.11946105957031,1.5866181757666928,10.0,0.7774332244141877,7,2025-03-16 07:00:00+00:00,7,4,3,0,0,0
031300030803,6,114.02325439453125,1.563990869555029,10.0,0.7276292979470649,13,2024-09-13 13:00:00+00:00,13,4,3,0,0,0
031300030803,24,186.48414611816406,1.7943213735604813,25.0,0.7761351983506033,15,2024-09-27 09:00:00+00:00,15,7,3,1,0,0
031300030803,72,277.24298095703125,2.117872343877382,50.0,0.9426056459106817,18,2024-09-27 09:00:00+00:00,18,10,7,3,1,0
031300030804,1,86.34819793701172,1.9366085481047763,50.0,0.9695618426072862,3,2020-09-17 04:00:00+00:00,3,2,2,1,1,0
031300030804,3,121.72349548339844,1.9920102091737462,50.0,0.9605044907924396,5,2021-08-17 05:00:00+00:00,5,3,2,2,1,0
031300030804,6,139.73043823242188,1.9056763053827839,25.0,0.8668948820799868,12,2024-03-09 07:00:00+00:00,12,2,2,1,0,0
031300030804,24,221.57786560058594,2.1259654913812485,50.0,0.8956887491702683,14,2020-09-17 06:00:00+00:00,14,5,2,2,1,0
031300030804,72,376.60260009765625,2.8856274278790304,200.0,1.2569934246590344,19,2024-12-11 12:00:00+00:00,19,12,5,2,1,1
031300030903,1,64.2400894165039,1.4253959070976405,10.0,0.7098036598879827,2,2020-09-17 04:00:00+00:00,2,1,1,0,0,0
031300030903,3,95.36063385009766,1.5458065081703567,10.0,0.7388221314497172,6,2020-09-17 05:00:00+00:00,6,1,1,0,0,0
031300030903,6,112.78751373291016,1.5251051376974352,10.0,0.6852689444618166,14,2024-03-09 08:00:00+00:00,14,3,1,0,0,0
031300030903,24,188.0855255126953,1.7901189794910999,10.0,0.7423384130197218,14,2024-12-11 11:00:00+00:00,14,6,3,0,0,0
031300030903,72,326.68341064453125,2.4860659695744634,100.0,1.0686454871964242,20,2024-12-11 12:00:00+00:00,20,11,8,2,2,1
031300030904,1,54.802589416503906,1.2142130534368676,5.0,0.603089918481947,2,2020-09-17 04:00:00+00:00,2,1,0,0,0,0
031300030904,3,112.24007415771484,1.817777564364091,25.0,0.8629701203969037,6,2020-09-17 05:00:00+00:00,6,1,1,1,0,0
031300030904,6,129.4864044189453,1.7483359911442227,25.0,0.7804686618998941,10,2020-09-17 04:00:00+00:00,10,3,2,1,0,0
031300030904,24,204.15501403808594,1.9365628068393772,25.0,0.800126144661471,17,2024-12-11 11:00:00+00:00,17,5,3,2,0,0
031300030904,72,352.1544189453125,2.658169374457819,100.0,1.1363214249177465,20,2024-12-11 12:00:00+00:00,20,12,5,2,2,1
031300030905,1,56.97547912597656,1.2439203592142638,5.0,0.6135027619588979,2,2020-04-13 07:00:00+00:00,2,1,0,0,0,0
031300030905,3,100.95291900634766,1.611863383874981,10.0,0.7589065057199224,9,2020-09-17 04:00:00+00:00,9,1,1,0,0,0
031300030905,6,127.14414978027344,1.694320122578912,10.0,0.7477928683993221,11,2020-09-17 04:00:00+00:00,11,6,2,0,0,0
031300030905,24,204.23526000976562,1.9156253027030832,25.0,0.7787602565190835,14,2024-09-26 20:00:00+00:00,14,6,4,1,0,0
031300030905,72,302.40570068359375,2.260743509892928,50.0,0.9536445275509963,20,2024-09-27 09:00:00+00:00,20,12,4,2,1,0
031300031001,3,83.908447265625,1.3602470611435047,5.0,0.6642563710844277,9,2025-03-16 07:00:00+00:00,9,4,0,0,0,0
031300031001,6,107.63225555419922,1.447437467776047,10.0,0.6694883704492692,12,2025-03-16 08:00:00+00:00,12,6,2,0,0,0
031300031001,24,183.796142578125,1.7243518458165268,10.0,0.7400225182745988,15,2024-09-14 00:00:00+00:00,15,6,3,0,0,0
031300031001,72,274.34613037109375,2.0325913861429226,50.0,0.8939120312610702,19,2024-09-14 20:00:00+00:00,19,8,6,2,1,0
031300031002,1,46.49287796020508,1.0443927048014678,2.0,0.5318470941368604,1,2024-05-10 04:00:00+00:00,1,0,0,0,0,0
031300031002,3,82.29009246826172,1.3456845624804596,5.0,0.6609955483763588,8,2025-03-16 07:00:00+00:00,8,2,0,0,0,0
031300031002,6,112.61270141601562,1.525330507992023,10.0,0.714275548161366,12,2022-02-04 08:00:00+00:00,12,7,3,0,0,0
031300031002,24,182.02366638183594,1.7176912307591519,10.0,0.7523795091747728,17,2024-05-10 12:00:00+00:00,17,7,3,0,0,0
031300031002,72,298.403564453125,2.2188581659898494,50.0,0.991619809569206,19,2024-09-14 20:00:00+00:00,19,8,3,2,1,0
031300031003,1,54.7663459777832,1.21510182643979,5.0,0.6110988774840982,4,2020-09-17 03:00:00+00:00,4,1,0,0,0,0
031300031003,3,107.99925231933594,1.7514056079248883,25.0,0.8433411567457928,6,2020-09-17 04:00:00+00:00,6,3,3,1,0,0
031300031003,6,143.2435302734375,1.9323944996658948,25.0,0.876675503710975,12,2020-09-17 05:00:00+00:00,12,3,2,1,0,0
031300031003,24,238.78961181640625,2.25532880309639,50.0,0.9448906022126519,13,2024-09-14 00:00:00+00:00,13,6,2,2,1,0
031300031003,72,370.39324951171875,2.770924874457739,200.0,1.1966849010816796,18,2024-09-27 09:00:00+00:00,18,12,6,2,1,1
031300031101,1,44.857723236083984,1.0131916629092985,2.0,0.5163231090348791,2,2025-03-16 06:00:00+00:00,2,0,0,0,0,0
031300031101,3,94.37004089355469,1.5520057661139763,10.0,0.7667499247241641,6,2025-03-16 07:00:00+00:00,6,4,2,0,0,0
031300031101,6,123.97289276123047,1.690233292333631,25.0,0.7949222443381461,11,2024-09-13 13:00:00+00:00,11,6,2,1,0,0
031300031101,24,202.39291381835938,1.9269223192357825,25.0,0.8425004017500589,18,2025-04-07 19:00:00+00:00,18,8,3,1,0,0
031300031101,72,295.13427734375,2.219536693878155,50.0,0.9936148364895573,23,2024-12-11 11:00:00+00:00,23,8,6,2,1,0
031300031102,1,45.86898422241211,1.0403186408769616,2.0,0.5295744217879496,2,2025-03-16 06:00:00+00:00,2,0,0,0,0,0
031300031102,3,117.60324096679688,1.93979731748528,50.0,0.9595279682386022,8,2025-03-16 07:00:00+00:00,8,3,2,1,1,0
031300031102,6,138.96200561523438,1.9000115066784515,50.0,0.8957629219707747,10,2024-09-13 13:00:00+00:00,10,8,1,1,1,0
031300031102,24,217.76324462890625,2.0812413527368774,50.0,0.9134465119059537,18,2025-04-07 19:00:00+00:00,18,8,3,1,1,0
031300031102,72,277.30413818359375,2.094280658087101,50.0,0.9415243328074676,21,2024-12-11 11:00:00+00:00,21,10,6,2,1,0
031300031103,1,58.173431396484375,1.2973080926032887,5.0,0.6493411609607826,4,2020-09-17 03:00:00+00:00,4,2,0,0,0,0
031300031103,3,102.22030639648438,1.6654177380253818,25.0,0.798910206505152,6,2024-09-27 08:00:00+00:00,6,4,3,1,0,0
031300031103,6,130.75491333007812,1.7735862804720812,25.0,0.802067632550767,13,2024-09-27 08:00:00+00:00,13,4,2,1,0,0
031300031103,24,233.32833862304688,2.2198883624646104,50.0,0.9297087373405527,16,2024-09-27 09:00:00+00:00,16,6,2,1,1,0
031300031103,72,376.02191162109375,2.840255494885658,200.0,1.22772073848945,20,2024-12-11 12:00:00+00:00,20,13,5,2,1,1
031300031201,1,62.761009216308594,1.3557955262548755,5.0,0.6853777219831386,6,2015-12-24 12:00:00+00:00,6,2,0,0,0,0
031300031201,3,112.8404541015625,1.7818744004833669,25.0,0.8513226832340813,11,2020-09-17 02:00:00+00:00,11,6,4,1,0,0
031300031201,6,139.4885711669922,1.83097797319075,25.0,0.8181555529874653,17,2020-09-17 02:00:00+00:00,17,4,2,1,0,0
031300031201,24,277.52630615234375,2.546111626423432,100.0,1.04502211790593,15,2020-09-17 04:00:00+00:00,15,6,4,2,1,1
031300031201,72,391.7171325683594,2.8452446015546315,200.0,1.2039076107243565,18,2024-12-11 11:00:00+00:00,18,10,5,2,2,1
031300031202,1,49.35139083862305,1.0788511976661201,2.0,0.5474730442381417,2,2025-03-16 06:00:00+00:00,2,0,0,0,0,0
031300031202,3,109.16487121582031,1.743871534346327,25.0,0.8423254768874192,9,2025-03-16 07:00:00+00:00,9,3,1,1,0,0
031300031202,6,133.7733154296875,1.7750975548353631,25.0,0.8062085530301978,15,2025-03-16 08:00:00+00:00,15,3,2,1,0,0
031300031202,24,239.90565490722656,2.2231500677639953,50.0,0.9305243569977875,16,2024-09-13 23:00:00+00:00,16,6,3,1,1,0
031300031202,72,341.9114685058594,2.506126743008111,100.0,1.0788364648475288,16,2024-09-14 20:00:00+00:00,16,11,6,2,1,1
031300031203,1,58.76921463012695,1.284601208475858,5.0,0.6479096570690203,4,2015-12-24 12:00:00+00:00,4,1,0,0,0,0
031300031203,3,91.56108093261719,1.4635096079445105,10.0,0.7028218858912801,10,2020-09-17 03:00:00+00:00,10,3,1,0,0,0
031300031203,6,133.25119018554688,1.7712509583853528,25.0,0.7980868502306567,16,2020-09-17 04:00:00+00:00,16,4,2,1,0,0
031300031203,24,250.83030700683594,2.3314035445854953,50.0,0.9650706114551706,13,2020-09-17 04:00:00+00:00,13,5,4,1,1,0
031300031203,72,378.6794128417969,2.7845414201692735,200.0,1.18820079187806,17,2024-09-14 20:00:00+00:00,17,10,4,2,1,1
031300031204,1,55.44365692138672,1.2145251489236315,5.0,0.6028579191833764,3,2020-09-17 03:00:00+00:00,3,1,0,0,0,0
031300031204,3,104.0745620727539,1.6677424500589892,25.0,0.7860459085174711,8,2020-09-17 03:00:00+00:00,8,3,1,1,0,0
031300031204,6,129.15969848632812,1.723638096535904,10.0,0.7626000202474944,13,2020-09-17 03:00:00+00:00,13,4,2,0,0,0
031300031204,24,205.03359985351562,1.9158874377956163,25.0,0.7840898480559841,15,2020-09-17 05:00:00+00:00,15,6,3,2,0,0
031300031204,72,355.2715759277344,2.626396823857844,100.0,1.1098622005327723,21,2024-12-11 11:00:00+00:00,21,9,4,2,2,1
031300031205,1,68.18338012695312,1.4898771211025097,10.0,0.732393735872343,4,2020-09-17 03:00:00+00:00,4,1,1,0,0,0
031300031205,3,102.9462890625,1.645696519015106,10.0,0.7677412629316683,9,2024-09-14 18:00:00+00:00,9,3,2,0,0,0
031300031205,6,125.50982666015625,1.6728426579355702,10.0,0.7322316526100199,14,2024-09-27 08:00:00+00:00,14,5,2,0,0,0
031300031205,24,203.08665466308594,1.8992790778154458,25.0,0.7704767039561868,19,2024-12-11 10:00:00+00:00,19,6,3,2,0,0
031300031205,72,311.33837890625,2.3080723737526987,50.0,0.9687800190292138,21,2024-12-11 12:00:00+00:00,21,11,7,2,1,0
031300031301,1,53.44962692260742,1.1591016195510624,2.0,0.5690297473630475,3,2025-05-27 02:00:00+00:00,3,0,0,0,0,0
031300031301,3,108.24169921875,1.7170712654021918,25.0,0.7964482786316244,7,2020-09-17 03:00:00+00:00,7,3,1,1,0,0
031300031301,6,139.065185546875,1.8373485240469998,25.0,0.7987272062071813,10,2023-06-14 23:00:00+00:00,10,5,2,1,0,0
031300031301,24,202.79042053222656,1.8761723531954713,25.0,0.7560346469105507,13,2023-06-15 16:00:00+00:00,13,6,3,1,0,0
031300031301,72,303.1210632324219,2.2153114999725587,50.0,0.922381035616609,22,2025-05-29 20:00:00+00:00,22,8,6,2,1,0
031300031302,1,52.0770378112793,1.127311814822446,2.0,0.5505808664346118,2,2020-04-13 07:00:00+00:00,2,0,0,0,0,0
031300031302,3,99.22888946533203,1.5714250177424773,10.0,0.7274913373764786,8,2024-09-14 18:00:00+00:00,8,2,1,0,0,0
031300031302,6,122.30142211914062,1.6149811739699218,10.0,0.7008030565399036,17,2024-09-14 18:00:00+00:00,17,7,2,0,0,0
031300031302,24,209.41668701171875,1.9419304598454543,25.0,0.7800656069648395,17,2024-09-27 09:00:00+00:00,17,6,3,1,0,0
031300031302,72,298.8664855957031,2.195186540914464,50.0,0.91299315838877,21,2024-09-27 09:00:00+00:00,21,10,6,2,1,0
031300031303,1,54.49791717529297,1.1728622159386786,2.0,0.5696765759797124,1,2001-11-25 06:00:00+00:00,1,0,0,0,0,0
031300031303,3,87.2122573852539,1.372614843471973,5.0,0.6313395705440031,7,2020-09-17 03:00:00+00:00,7,3,0,0,0,0
031300031303,6,127.12957763671875,1.6671100775384964,10.0,0.718637689149229,14,2023-06-14 23:00:00+00:00,14,5,1,0,0,0
031300031303,24,194.3710174560547,1.790106861240489,10.0,0.7142968287571656,14,2023-06-15 17:00:00+00:00,14,8,5,0,0,0
031300031303,72,271.7709655761719,1.9789223009948902,25.0,0.8173251892719348,19,2024-09-27 09:00:00+00:00,19,13,4,2,0,0
031300031304,1,65.01753997802734,1.4013450723859333,10.0,0.7013076350752576,3,2025-05-27 02:00:00+00:00,3,1,1,0,0,0
031300031304,3,84.7821273803711,1.336202705846246,5.0,0.631915427844302,8,2025-05-27 03:00:00+00:00,8,3,0,0,0,0
031300031304,6,113.01557159423828,1.4819597832850866,10.0,0.6542456084828845,15,2025-05-27 04:00:00+00:00,15,3,1,0,0,0
031300031304,24,192.15447998046875,1.7625685356561802,10.0,0.7133204331966314,17,2023-06-15 16:00:00+00:00,17,6,4,0,0,0
031300031304,72,341.5625305175781,2.477686012686656,100.0,1.03564097169841,20,2025-05-29 20:00:00+00:00,20,8,5,2,2,1
031300031305,1,54.11693572998047,1.1556070170485258,2.0,0.5761191625228796,2,2025-05-27 02:00:00+00:00,2,0,0,0,0,0
031300031305,3,101.52182006835938,1.5838260270166737,10.0,0.7425808682182188,10,2025-05-27 03:00:00+00:00,10,2,2,0,0,0
031300031305,6,155.1646270751953,2.0135256220527378,50.0,0.87836310463651,12,2025-05-27 04:00:00+00:00,12,2,1,1,1,0
031300031305,24,229.03895568847656,2.0803544962878884,25.0,0.830738139311012,18,2025-05-27 22:00:00+00:00,18,7,4,1,0,0
031300031305,72,328.845458984375,2.3634788785002647,50.0,0.976138661415389,20,2025-05-29 20:00:00+00:00,20,7,6,3,2,0
031300031306,1,53.46549606323242,1.1528661763845915,2.0,0.5684472935274045,1,2025-05-27 02:00:00+00:00,1,0,0,0,0,0
031300031306,3,93.12602996826172,1.468319129072015,10.0,0.6827252170470263,6,2025-05-27 03:00:00+00:00,6,2,1,0,0,0
031300031306,6,121.54850006103516,1.5949993340467261,10.0,0.693603576522282,8,2020-09-17 03:00:00+00:00,8,2,1,0,0,0
031300031306,24,191.76806640625,1.760442891460572,10.0,0.7071101472414417,13,2023-06-15 16:00:00+00:00,13,7,4,0,0,0
031300031306,72,303.93316650390625,2.202400177120806,50.0,0.9137771528497226,20,2025-05-29 20:00:00+00:00,20,6,5,2,2,0
031300031307,1,51.04682159423828,1.0978654212040395,2.0,0.5349113910305064,3,2025-05-27 02:00:00+00:00,3,0,0,0,0,0
031300031307,3,112.26069641113281,1.7652231545315602,25.0,0.8100998980736693,7,2020-09-17 03:00:00+00:00,7,3,1,1,0,0
031300031307,6,148.73997497558594,1.9464145791024976,25.0,0.8362317948656928,15,2021-08-17 06:00:00+00:00,15,4,1,1,0,0
031300031307,24,211.97262573242188,1.94210182341836,25.0,0.7739968413135844,12,2023-06-15 16:00:00+00:00,12,6,3,1,0,0
031300031307,72,289.94354248046875,2.0958741101195373,25.0,0.8633506909918881,18,2024-09-27 09:00:00+00:00,18,10,6,2,0,0
031300031308,1,52.15837097167969,1.1064265758672314,2.0,0.540014462050539,4,2025-05-27 02:00:00+00:00,4,0,0,0,0,0
031300031308,3,104.74201965332031,1.6212150407269976,10.0,0.7411849119471545,6,2020-09-17 02:00:00+00:00,6,1,1,0,0,0
031300031308,6,164.21400451660156,2.110097041174502,50.0,0.898326877704916,7,2020-09-17 02:00:00+00:00,7,2,1,1,1,0
031300031308,24,231.81057739257812,2.0831901587891113,25.0,0.8179116796591044,13,2020-09-17 03:00:00+00:00,13,5,2,1,0,0
031300031308,72,285.688720703125,2.0284114571397867,25.0,0.8246280320148132,16,2023-06-16 01:00:00+00:00,16,7,6,2,0,0
031300031309,1,54.308773040771484,1.1565721872792063,2.0,0.5683784069941933,2,2025-05-27 02:00:00+00:00,2,0,0,0,0,0
031300031309,3,104.59236145019531,1.626370757757036,10.0,0.750086844031976,6,2025-05-27 03:00:00+00:00,6,2,1,0,0,0
031300031309,6,156.25991821289062,2.0198343392833267,25.0,0.8678139171525013,10,2025-05-27 03:00:00+00:00,10,1,1,1,0,0
031300031309,24,224.95034790039062,2.0344818558851543,25.0,0.8048929432159552,13,2023-06-15 16:00:00+00:00,13,5,4,1,0,0
031300031309,72,302.7949523925781,2.1629979191267275,50.0,0.8852829592480312,17,2025-05-29 20:00:00+00:00,17,7,5,2,1,0
031300031310,1,50.42680740356445,1.0771025510241743,2.0,0.5222853653152424,1,2003-07-14 00:00:00+00:00,1,0,0,0,0,0
031300031310,3,96.94415283203125,1.5123638142120213,10.0,0.6891977169237112,6,2020-09-17 03:00:00+00:00,6,1,1,0,0,0
031300031310,6,148.0972137451172,1.9194882416818875,25.0,0.8176799279495073,8,2020-09-17 03:00:00+00:00,8,2,1,1,0,0
031300031310,24,218.83213806152344,1.9843722579931997,25.0,0.7835167680221543,12,2023-06-15 16:00:00+00:00,12,6,3,1,0,0
031300031310,72,272.11663818359375,1.9460608199425617,25.0,0.7946644425010732,16,2024-09-27 09:00:00+00:00,16,9,5,2,0,0
031300031311,1,48.7570686340332,1.0343461101509985,2.0,0.49931348462258934,1,2018-10-11 00:00:00+00:00,1,0,0,0,0,0
031300031311,3,84.40068817138672,1.3058034572544814,5.0,0.5914841245340909,3,2020-09-17 02:00:00+00:00,3,1,0,0,0,0
031300031311,6,135.7076873779297,1.7371304788240165,10.0,0.7334535031644707,8,2024-03-09 08:00:00+00:00,8,2,2,0,0,0
031300031311,24,212.65927124023438,1.9014495429179679,25.0,0.7412156009394462,12,2020-09-17 03:00:00+00:00,12,6,2,1,0,0
031300031311,72,286.9190673828125,2.0299215497434644,25.0,0.8206278136429506,16,2024-09-27 08:00:00+00:00,16,7,5,1,0,0
031300031312,3,90.58775329589844,1.40034400237388,5.0,0.636291548392324,3,2020-09-17 02:00:00+00:00,3,1,0,0,0,0
031300031312,6,154.54690551757812,1.980000834154573,25.0,0.8380632299089457,7,2020-09-17 02:00:00+00:00,7,2,1,1,0,0
031300031312,24,229.45472717285156,2.0545612188003006,25.0,0.8028070221675085,13,2020-09-17 03:00:00+00:00,13,5,3,1,0,0
031300031312,72,274.4322509765625,1.9427242013038217,25.0,0.7867041611030702,16,2023-06-16 03:00:00+00:00,16,7,5,2,0,0
031300031313,1,50.40646743774414,1.0798854063927819,2.0,0.521321560864969,1,2017-08-10 23:00:00+00:00,1,0,0,0,0,0
031300031313,3,79.79728698730469,1.249082496072422,5.0,0.5704499815001158,4,2024-04-11 01:00:00+00:00,4,1,0,0,0,0
031300031313,6,118.08020782470703,1.5357512200958632,10.0,0.6572468944075229,11,2024-04-11 03:00:00+00:00,11,3,1,0,0,0
031300031313,24,175.66482543945312,1.6025358679374708,10.0,0.6346216037343141,14,2023-06-15 14:00:00+00:00,14,7,2,0,0,0
031300031313,72,294.25579833984375,2.118384515587801,50.0,0.867829731511562,18,2024-09-27 09:00:00+00:00,18,10,4,1,1,0
031300031600,3,97.34538269042969,1.5182758463322719,10.0,0.6971139685823641,5,2024-09-26 01:00:00+00:00,5,2,1,0,0,0
031300031600,6,119.26101684570312,1.5412123456427833,10.0,0.6624570599589827,10,2024-09-26 04:00:00+00:00,10,3,1,0,0,0
031300031600,24,193.42239379882812,1.7572728200784271,10.0,0.693209984065674,19,2024-09-26 21:00:00+00:00,19,6,1,0,0,0
031300031600,72,322.8730163574219,2.322431804011943,50.0,0.9490099673777606,19,2024-09-27 09:00:00+00:00,19,9,4,1,1,0
031300040104,1,48.598777770996094,1.0317453694634706,2.0,0.5051936826769321,1,2023-06-15 15:00:00+00:00,1,0,0,0,0,0
031300040104,3,90.5989990234375,1.4017574583915755,10.0,0.6619187578403883,5,2024-09-12 01:00:00+00:00,5,1,1,0,0,0
031300040104,6,108.95743560791016,1.3983009935981643,5.0,0.6172241509594025,7,2024-09-12 01:00:00+00:00,7,3,0,0,0,0
031300040104,24,161.9584503173828,1.473787093462256,5.0,0.5865534196791208,15,2024-09-12 15:00:00+00:00,15,8,0,0,0,0
031300040104,72,337.7733459472656,2.4412737779457503,100.0,1.006895414155749,19,2024-09-27 09:00:00+00:00,19,7,1,1,1,1
031300040206,3,74.1835708618164,1.1238426571430342,2.0,0.5450340543369129,6,2023-06-15 17:00:00+00:00,6,0,0,0,0,0
031300040206,6,131.16021728515625,1.6481572748928557,10.0,0.7424214001364804,8,2024-09-12 01:00:00+00:00,8,2,1,0,0,0
031300040206,24,167.17343139648438,1.4968218202186137,5.0,0.5965253231990749,16,2024-09-12 15:00:00+00:00,16,6,0,0,0,0
031300040206,72,327.19305419921875,2.3342150633399004,50.0,0.9667232515049564,20,2025-08-06 18:00:00+00:00,20,6,3,1,1,0
031300040301,1,55.850128173828125,1.1708956301263842,2.0,0.5659260885460399,1,2018-10-11 00:00:00+00:00,1,0,0,0,0,0
031300040301,3,109.71659851074219,1.6741655856874758,10.0,0.7567241426517165,4,2020-09-16 22:00:00+00:00,4,3,2,0,0,0
031300040301,6,134.3955841064453,1.6891013880243426,10.0,0.7067934772827758,8,2024-03-09 09:00:00+00:00,8,3,3,0,0,0
031300040301,24,204.84454345703125,1.7995974157995964,10.0,0.6893948163106206,17,2024-09-26 20:00:00+00:00,17,5,4,0,0,0
031300040301,72,280.5221252441406,1.97104888206571,25.0,0.7885353949917995,20,2024-09-27 09:00:00+00:00,20,9,4,1,0,0
031300040302,1,55.27089309692383,1.1652502520015826,2.0,0.5629294242545003,1,2018-10-11 00:00:00+00:00,1,0,0,0,0,0
031300040302,3,92.0909194946289,1.414430565342709,10.0,0.6404675090343039,3,2020-09-16 22:00:00+00:00,3,3,2,0,0,0
031300040302,6,132.3499298095703,1.6766952823786947,10.0,0.7048418198868307,8,2024-03-09 09:00:00+00:00,8,3,2,0,0,0
031300040302,24,211.60394287109375,1.8728675393515948,10.0,0.7225538176216805,14,2024-09-26 20:00:00+00:00,14,5,5,0,0,0
031300040302,72,284.5650939941406,2.0058147486342275,25.0,0.8058667926601473,19,2024-09-27 09:00:00+00:00,19,9,4,1,0,0
031300040303,1,48.67622756958008,1.013283145684909,2.0,0.49031629442459435,1,2023-06-15 15:00:00+00:00,1,0,0,0,0,0
031300040303,3,101.72273254394531,1.5388692224409366,10.0,0.6954395232131816,5,2023-06-15 16:00:00+00:00,5,3,1,0,0,0
031300040303,6,129.97171020507812,1.6174784638763,10.0,0.6752047908803733,7,2023-06-15 15:00:00+00:00,7,3,3,0,0,0
031300040303,24,184.89649963378906,1.6111358522522548,10.0,0.6141950295688386,14,2024-09-12 15:00:00+00:00,14,5,2,0,0,0
031300040303,72,284.47930908203125,1.9911032048150372,25.0,0.7945743197647155,21,2024-09-27 09:00:00+00:00,21,8,2,1,0,0
031300040304,1,54.46844482421875,1.1378995976462443,2.0,0.5520065127125707,2,2024-09-25 23:00:00+00:00,2,0,0,0,0,0
031300040304,3,100.02122497558594,1.518638880449546,10.0,0.6930869465769539,7,2024-09-26 00:00:00+00:00,7,4,1,0,0,0
031300040304,6,142.58726501464844,1.7819650258022361,25.0,0.7528180622285369,8,2024-09-26 02:00:00+00:00,8,4,1,1,0,0
031300040304,24,180.51931762695312,1.5829400556717828,10.0,0.6085910475454869,15,2024-09-26 21:00:00+00:00,15,5,2,0,0,0
031300040304,72,298.2862548828125,2.097595792322211,25.0,0.8427822091942306,18,2024-09-27 09:00:00+00:00,18,9,3,1,0,0
031300040401,3,76.59740447998047,1.147763222904774,2.0,0.5182985922887092,3,2020-09-16 21:00:00+00:00,3,0,0,0,0,0
031300040401,6,113.27091217041016,1.3962601651869018,5.0,0.581533895318998,5,2021-08-17 05:00:00+00:00,5,2,0,0,0,0
031300040401,24,180.51223754882812,1.5625595480623817,10.0,0.5939975753034396,16,2024-09-12 15:00:00+00:00,16,2,1,0,0,0
031300040401,72,288.55908203125,2.0131104910886615,25.0,0.8019354159514236,16,2020-09-17 17:00:00+00:00,16,6,2,1,0,0
031300040402,1,49.23918914794922,1.011608364524674,2.0,0.491692723947237,2,2015-11-01 09:00:00+00:00,2,0,0,0,0,0
031300040402,3,80.56819152832031,1.1995727623847074,2.0,0.5431592528413525,5,2021-08-17 03:00:00+00:00,5,0,0,0,0,0
031300040402,6,130.5005645751953,1.6013183869405911,10.0,0.6684698105602392,7,2021-08-17 04:00:00+00:00,7,3,2,0,0,0
031300040402,24,174.1944580078125,1.5084608394874894,5.0,0.5743295414618609,15,2020-09-17 02:00:00+00:00,15,3,0,0,0,0
031300040402,72,288.731201171875,2.017034537180663,25.0,0.8041286140002195,15,2020-09-17 11:00:00+00:00,15,8,2,1,0,0
031300040403,1,48.516929626464844,1.0211225493511769,2.0,0.4980203162474427,3,2024-09-25 23:00:00+00:00,3,0,0,0,0,0
031300040403,3,90.97869873046875,1.3929446729107016,10.0,0.6471083638789756,6,2024-09-26 01:00:00+00:00,6,3,2,0,0,0
031300040403,6,111.42930603027344,1.4076005081759277,5.0,0.6075777118949356,11,2024-09-26 04:00:00+00:00,11,3,0,0,0,0
031300040403,24,168.1121368408203,1.4956163071399355,5.0,0.5836804015637593,16,2024-09-26 21:00:00+00:00,16,7,0,0,0,0
031300040403,72,315.2984924316406,2.239170350346129,50.0,0.9102034031189074,19,2024-09-27 09:00:00+00:00,19,7,2,1,1,0
031300040404,1,50.319095611572266,1.0447682053317529,2.0,0.5124714417488146,1,2018-10-11 00:00:00+00:00,1,0,0,0,0,0
031300040404,3,99.05415344238281,1.4922625020648952,10.0,0.6939190785418927,5,2020-09-16 21:00:00+00:00,5,2,1,0,0,0
031300040404,6,142.49435424804688,1.7695069604168565,25.0,0.7609997137618402,8,2021-08-17 05:00:00+00:00,8,3,3,1,0,0
031300040404,24,176.1798553466797,1.5435380626887583,10.0,0.5981075137745556,15,2024-09-12 15:00:00+00:00,15,5,1,0,0,0
031300040404,72,310.0139465332031,2.179671720085994,50.0,0.8823267790336515,17,2024-09-27 09:00:00+00:00,17,9,3,1,1,0
031300040405,1,53.034996032714844,1.095775012737329,2.0,0.5482115014976485,1,2020-09-16 21:00:00+00:00,1,0,0,0,0,0
031300040405,3,91.16100311279297,1.3653344454246512,5.0,0.6575522588144688,8,2024-03-09 11:00:00+00:00,8,2,0,0,0,0
031300040405,6,155.231201171875,1.9249629286025325,25.0,0.8575471125322168,10,2024-04-11 03:00:00+00:00,10,4,2,1,0,0
031300040405,24,169.53929138183594,1.4962060389716887,5.0,0.5903386080962865,16,2024-09-12 15:00:00+00:00,16,5,0,0,0,0
031300040405,72,318.88275146484375,2.251457068390556,50.0,0.9258050820114547,21,2025-08-05 21:00:00+00:00,21,8,4,1,1,0
031300040501,1,53.64816665649414,1.0955454709471721,2.0,0.5610266662080764,3,2021-04-24 21:00:00+00:00,3,0,0,0,0,0
031300040501,3,103.82478332519531,1.5344920230916965,10.0,0.7649316024973213,10,2024-03-09 11:00:00+00:00,10,3,2,0,0,0
031300040501,6,188.55270385742188,2.31837893312603,100.0,1.0668867099964625,12,2024-04-11 03:00:00+00:00,12,6,1,1,1,1
031300040501,24,202.84823608398438,1.7911539157458,10.0,0.7176434998911979,18,2025-08-04 13:00:00+00:00,18,7,3,0,0,0
031300040501,72,313.0572204589844,2.2094327991881975,50.0,0.9214538133609624,19,2025-08-06 18:00:00+00:00,19,9,4,1,1,0
031300040502,1,58.92872619628906,1.2064211246672223,5.0,0.6057331396765085,1,2024-06-10 22:00:00+00:00,1,1,0,0,0,0
031300040502,3,97.32035827636719,1.442168793733931,10.0,0.6932608925417235,11,2024-06-10 23:00:00+00:00,11,4,4,0,0,0
031300040502,6,181.25827026367188,2.22552773855939,50.0,0.9871126616968076,10,2024-04-11 03:00:00+00:00,10,6,3,2,1,0
031300040502,24,191.41183471679688,1.6770493816895953,10.0,0.6593990736285641,15,2025-08-04 13:00:00+00:00,15,6,4,0,0,0
031300040502,72,312.54962158203125,2.1970734845552284,50.0,0.9011226367078765,19,2025-08-04 23:00:00+00:00,19,8,4,1,1,0
031300040504,1,58.12434387207031,1.1752187816758606,2.0,0.6057023581942617,4,2024-06-10 22:00:00+00:00,4,0,0,0,0,0
031300040504,3,114.38552856445312,1.6721331690149184,25.0,0.8328829339031661,10,2024-06-10 23:00:00+00:00,10,4,3,1,0,0
031300040504,6,204.03712463378906,2.484726410378073,200.0,1.1396267559811624,11,2024-04-11 03:00:00+00:00,11,7,4,1,1,1
031300040504,24,222.75930786132812,1.9547511522561853,25.0,0.7819565739207072,20,2024-09-27 08:00:00+00:00,20,6,2,1,0,0
031300040504,72,304.9194641113281,2.142677877599634,50.0,0.892482868418178,18,2025-08-06 18:00:00+00:00,18,8,4,2,1,0
031300040601,1,55.08976745605469,1.1100601724903052,2.0,0.5536708493937402,2,2024-03-09 11:00:00+00:00,2,0,0,0,0,0
031300040601,3,120.88333129882812,1.7631406793653777,25.0,0.8108496751938868,12,2024-04-10 23:00:00+00:00,12,6,4,1,0,0
031300040601,6,196.45664978027344,2.378691105082722,100.0,1.0035763404780207,15,2024-04-11 02:00:00+00:00,15,7,5,1,1,1
031300040601,24,201.46670532226562,1.7584297741171626,10.0,0.6727601785087265,26,2024-04-11 06:00:00+00:00,26,6,2,0,0,0
031300040601,72,276.376953125,1.959711140550558,25.0,0.7793638289657234,18,2020-09-17 21:00:00+00:00,18,10,6,1,0,0
031300040602,1,54.352569580078125,1.0971006354083301,2.0,0.5397850688711283,2,2009-03-28 13:00:00+00:00,2,0,0,0,0,0
031300040602,3,116.78572845458984,1.7055361163853358,25.0,0.7716800801300566,10,2024-03-09 11:00:00+00:00,10,3,2,1,0,0
031300040602,6,186.18630981445312,2.254813517332365,50.0,0.9372826330120788,10,2024-03-09 12:00:00+00:00,10,5,2,1,1,0
031300040602,24,192.4730224609375,1.6749149409584694,10.0,0.6359070465315113,20,2024-03-09 12:00:00+00:00,20,4,1,0,0,0
031300040602,72,280.6439514160156,1.9836992973034442,25.0,0.7840821843668676,15,2020-09-17 20:00:00+00:00,15,8,5,1,0,0
031300040603,1,168.15130615234375,3.4175161618216063,1000.0,1.6868256864665678,2,2024-06-10 21:00:00+00:00,2,1,1,1,1,1
031300040603,3,191.30633544921875,2.8141589215601184,200.0,1.2904952659962374,12,2024-09-15 03:00:00+00:00,12,5,3,2,1,1
031300040603,6,191.75148010253906,2.336669709847547,50.0,0.9858529797905913,13,2024-09-15 06:00:00+00:00,13,8,3,2,2,0
031300040603,24,197.65452575683594,1.7242793396563723,10.0,0.6607766393121249,22,2024-09-15 10:00:00+00:00,22,5,3,0,0,0
031300040603,72,287.26287841796875,2.0289564775046953,25.0,0.8108587714020217,20,2024-09-15 10:00:00+00:00,20,11,3,1,0,0
031300040604,1,52.64069747924805,1.0768472644270755,2.0,0.5283572772868265,2,2017-08-10 23:00:00+00:00,2,0,0,0,0,0
031300040604,3,93.85684204101562,1.3900047089725058,5.0,0.6380403026055685,12,2024-09-15 04:00:00+00:00,12,4,0,0,0,0
031300040604,6,173.15672302246094,2.1194485898192563,50.0,0.8969098372590113,12,2024-09-15 06:00:00+00:00,12,4,2,1,1,0
031300040604,24,186.67715454101562,1.6244112621153954,10.0,0.623817772080974,17,2024-03-09 13:00:00+00:00,17,5,2,0,0,0
031300040604,72,293.00360107421875,2.0574425558648577,25.0,0.8254866861056482,18,2020-09-17 17:00:00+00:00,18,8,3,1,0,0
031300040605,1,52.35692596435547,1.0716225163830793,2.0,0.5318830126402422,1,2024-06-10 22:00:00+00:00,1,0,0,0,0,0
031300040605,3,96.96725463867188,1.4364478940197765,10.0,0.6750469935965135,11,2024-03-09 11:00:00+00:00,11,4,1,0,0,0
031300040605,6,179.4589080810547,2.199231986125394,50.0,0.9532871526049229,11,2024-04-11 03:00:00+00:00,11,5,3,1,1,0
031300040605,24,189.5163116455078,1.6536300261342747,10.0,0.6428906726994087,17,2025-08-04 13:00:00+00:00,17,6,2,0,0,0
031300040605,72,303.396240234375,2.130273619576023,50.0,0.8646777126117056,21,2025-08-04 22:00:00+00:00,21,8,4,1,1,0
031300040606,1,53.890480041503906,1.088845976753527,2.0,0.5492489750796139,3,2024-02-12 14:00:00+00:00,3,0,0,0,0,0
031300040606,3,125.44888305664062,1.8331875841382055,25.0,0.8692309931120876,14,2024-06-10 23:00:00+00:00,14,4,2,1,0,0
031300040606,6,207.96839904785156,2.524743493556091,100.0,1.1007858210848314,12,2024-04-11 02:00:00+00:00,12,6,3,1,1,1
031300040606,24,216.2747039794922,1.8886371344214345,10.0,0.7370857218711194,22,2024-09-27 08:00:00+00:00,22,7,1,0,0,0
031300040606,72,284.34906005859375,2.003543684894011,25.0,0.8140941051628099,19,2024-09-27 08:00:00+00:00,19,10,4,1,0,0
031300040607,1,51.13369369506836,1.036905437937138,2.0,0.5234684641146939,2,2016-02-24 06:00:00+00:00,2,0,0,0,0,0
031300040607,3,115.86471557617188,1.6988983564673061,25.0,0.8146351417852556,12,2024-06-10 23:00:00+00:00,12,5,2,1,0,0
031300040607,6,202.54306030273438,2.466272767778453,100.0,1.088902618645732,13,2024-04-11 03:00:00+00:00,13,6,3,1,1,1
031300040607,24,212.69235229492188,1.8586786101044432,10.0,0.7297311429380277,20,2025-08-04 17:00:00+00:00,20,6,1,0,0,0
031300040607,72,297.8901062011719,2.094164971014991,25.0,0.8569709709869788,19,2025-08-06 18:00:00+00:00,19,10,4,1,0,0
031300040701,1,57.08964157104492,1.145813196608062,2.0,0.5838644208717636,3,2024-02-12 15:00:00+00:00,3,0,0,0,0,0
031300040701,3,132.66416931152344,1.9277107993232643,50.0,0.9182254478637681,11,2024-04-11 00:00:00+00:00,11,3,2,2,1,0
031300040701,6,185.9588623046875,2.251743947613149,50.0,0.9859966297849572,13,2024-04-11 02:00:00+00:00,13,9,4,1,1,0
031300040701,24,217.2236328125,1.8985392299260118,25.0,0.746131217096587,19,2024-09-27 08:00:00+00:00,19,8,2,1,0,0
031300040701,72,271.3434143066406,1.9098547154405368,25.0,0.7789682001327711,20,2024-09-27 08:00:00+00:00,20,9,5,2,0,0
031300040702,1,63.32538986206055,1.2726358871358796,5.0,0.6552656413173003,4,2024-02-12 15:00:00+00:00,4,1,0,0,0,0
031300040702,3,128.33123779296875,1.865611572438726,50.0,0.9135429103724324,12,2024-04-11 00:00:00+00:00,12,4,2,2,1,0
031300040702,6,197.1566619873047,2.39043907483702,100.0,1.076720369583173,13,2024-04-11 03:00:00+00:00,13,7,3,1,1,1
031300040702,24,223.3561248779297,1.9549853196007176,25.0,0.7783292910755115,17,2024-09-27 08:00:00+00:00,17,7,2,1,0,0
031300040702,72,276.1037292480469,1.9391844471709587,25.0,0.8027015808573839,19,2024-09-27 09:00:00+00:00,19,8,6,3,0,0
031300040703,1,53.62992477416992,1.0764610827027201,2.0,0.5521967535917788,2,2016-03-31 22:00:00+00:00,2,0,0,0,0,0
031300040703,3,139.7009735107422,2.0343389946114927,50.0,0.975914399664013,9,2024-04-11 00:00:00+00:00,9,5,1,1,1,0
031300040703,6,176.00189208984375,2.142089169944563,50.0,0.9470656263839766,13,2024-04-11 02:00:00+00:00,13,9,2,1,1,0
031300040703,24,204.14474487304688,1.7938075233985136,10.0,0.7144813396583549,14,2024-09-27 08:00:00+00:00,14,6,3,0,0,0
031300040703,72,262.9627685546875,1.852482529468506,25.0,0.764153120222216,14,2024-09-27 08:00:00+00:00,14,8,5,1,0,0
031300040709,1,54.16183090209961,1.087242326831312,2.0,0.5530401931314332,1,2009-03-28 15:00:00+00:00,1,0,0,0,0,0
031300040709,3,115.59065246582031,1.687986776068563,25.0,0.7893077808054498,8,2024-04-11 00:00:00+00:00,8,2,1,1,0,0
031300040709,6,138.93748474121094,1.6983172735757452,10.0,0.7338055746974909,13,2024-04-11 02:00:00+00:00,13,7,2,0,0,0
031300040709,24,184.2887420654297,1.6252075868157498,10.0,0.6461924567562625,14,2024-09-27 08:00:00+00:00,14,7,1,0,0,0
031300040709,72,226.9658966064453,1.6034563786785292,10.0,0.6570889508352605,16,2024-09-27 08:00:00+00:00,16,8,3,0,0,0
031300040710,1,51.05374526977539,1.0306476550674932,2.0,0.5267408846938135,1,2019-08-26 01:00:00+00:00,1,0,0,0,0,0
031300040710,3,108.24849700927734,1.593709918691159,10.0,0.7540977822617425,12,2024-04-11 00:00:00+00:00,12,2,1,0,0,0
031300040710,6,139.69436645507812,1.7245102045763918,10.0,0.7557695625746106,14,2024-04-11 03:00:00+00:00,14,7,4,0,0,0
031300040710,24,183.89027404785156,1.6358182459148378,10.0,0.6587668582996706,14,2024-09-27 08:00:00+00:00,14,5,2,0,0,0
031300040710,72,236.87130737304688,1.6836962902117472,10.0,0.6998788112901294,14,2024-09-27 08:00:00+00:00,14,6,3,0,0,0
031300040801,3,85.5225601196289,1.2587082906695288,5.0,0.5820003837803379,9,2022-03-18 22:00:00+00:00,9,2,0,0,0,0
031300040801,6,126.11848449707031,1.5576110424369751,10.0,0.6684164968715456,13,2024-04-11 03:00:00+00:00,13,9,3,0,0,0
031300040801,24,193.29876708984375,1.7201992873797534,10.0,0.690468346470765,20,2024-09-27 08:00:00+00:00,20,6,2,0,0,0
031300040801,72,252.33616638183594,1.793850447991129,10.0,0.7403110531993338,14,2024-09-27 09:00:00+00:00,14,8,2,0,0,0
031300120101,1,56.2544059753418,1.1193281272166482,2.0,0.5534756560476948,3,2024-03-09 11:00:00+00:00,3,0,0,0,0,0
031300120101,3,120.61206817626953,1.7315559798814837,25.0,0.781299603513117,12,2024-04-10 23:00:00+00:00,12,5,2,1,0,0
031300120101,6,194.14791870117188,2.318747614673227,50.0,0.9619106625603548,16,2024-04-11 02:00:00+00:00,16,9,3,1,1,0
031300120101,24,207.3594970703125,1.7961518758326651,10.0,0.6830959971962655,23,2024-09-27 04:00:00+00:00,23,7,2,0,0,0
031300120101,72,271.05950927734375,1.906924548511574,25.0,0.7482329568010789,21,2024-09-27 08:00:00+00:00,21,9,6,1,0,0
031300120102,1,57.940223693847656,1.1440187776864594,2.0,0.5562220673034806,1,2005-03-27 01:00:00+00:00,1,0,0,0,0,0
031300120102,3,111.82525634765625,1.5838426462516624,10.0,0.7004561116466258,12,2024-04-10 23:00:00+00:00,12,4,3,0,0,0
031300120102,6,170.7287139892578,2.014068407645119,25.0,0.8243915388607986,15,2024-04-11 02:00:00+00:00,15,8,2,1,0,0
031300120102,24,198.65821838378906,1.7062419625446943,10.0,0.6497009087429797,25,2024-09-27 03:00:00+00:00,25,8,1,0,0,0
031300120102,72,263.9684143066406,1.8324737879846775,10.0,0.713979148016559,21,2024-09-27 07:00:00+00:00,21,7,6,0,0,0
031300120103,1,55.70872497558594,1.1093233537359763,2.0,0.5533119835591999,2,2024-04-10 23:00:00+00:00,2,0,0,0,0,0
031300120103,3,121.39094543457031,1.745577000344041,25.0,0.7943590109779349,13,2024-04-11 00:00:00+00:00,13,5,3,1,0,0
031300120103,6,176.26475524902344,2.110087185819611,50.0,0.8822262316320371,19,2024-04-11 02:00:00+00:00,19,7,3,1,1,0
031300120103,24,206.9120330810547,1.797477958055062,10.0,0.6876811872734927,24,2024-09-27 04:00:00+00:00,24,7,3,0,0,0
031300120103,72,274.7677307128906,1.9362717741050175,25.0,0.7633323882988551,20,2024-04-11 07:00:00+00:00,20,7,6,1,0,0
031300120104,1,58.3951301574707,1.1560695218221855,2.0,0.571299959645903,2,2024-04-10 23:00:00+00:00,2,0,0,0,0,0
031300120104,3,115.58197021484375,1.6464254560376277,10.0,0.7392458136821686,9,2024-04-11 00:00:00+00:00,9,4,2,0,0,0
031300120104,6,149.0406036376953,1.7699243401410385,10.0,0.7337272809404707,14,2024-04-11 02:00:00+00:00,14,7,3,0,0,0
031300120104,24,176.0130615234375,1.5206164074745336,10.0,0.5839359654503047,22,2024-09-27 04:00:00+00:00,22,7,1,0,0,0
031300120104,72,255.88858032226562,1.7844802944489602,10.0,0.7008259115171409,18,2024-04-11 07:00:00+00:00,18,8,4,0,0,0
031300120105,1,73.50598907470703,1.447918480552543,10.0,0.7060634697009074,2,2015-09-29 07:00:00+00:00,2,1,1,0,0,0
031300120105,3,106.27892303466797,1.4997981982373705,10.0,0.6624104054156338,8,2024-04-11 00:00:00+00:00,8,5,2,0,0,0
031300120105,6,132.58740234375,1.5617994128236006,10.0,0.6407970780057347,15,2024-04-11 02:00:00+00:00,15,7,2,0,0,0
031300120105,24,179.34466552734375,1.5412154060103442,10.0,0.5941276526273146,19,2024-09-27 04:00:00+00:00,19,5,1,0,0,0
031300120105,72,249.00355529785156,1.7186032277047425,10.0,0.671693425568037,20,2024-04-11 07:00:00+00:00,20,7,3,0,0,0
031300120106,1,51.283729553222656,1.0196434487640558,2.0,0.511666489443297,1,2024-04-10 23:00:00+00:00,1,0,0,0,0,0
031300120106,3,110.91926574707031,1.593776536305673,10.0,0.7288394330346069,8,2024-04-11 00:00:00+00:00,8,4,2,0,0,0
031300120106,6,149.65420532226562,1.7927626671793224,25.0,0.7538245077565884,15,2024-04-11 02:00:00+00:00,15,7,3,1,0,0
031300120106,24,175.4483642578125,1.524549012111878,10.0,0.5876355837901398,19,2024-09-27 03:00:00+00:00,19,7,1,0,0,0
031300120106,72,252.95538330078125,1.7765181928356328,10.0,0.7034839864301895,16,2024-09-27 08:00:00+00:00,16,8,5,0,0,0
031300120107,1,53.98119354248047,1.0619721992724012,2.0,0.525798404403442,2,2018-10-10 21:00:00+00:00,2,0,0,0,0,0
031300120107,3,97.50566864013672,1.38076990434042,5.0,0.6176751986562371,10,2024-04-11 00:00:00+00:00,10,1,0,0,0,0
031300120107,6,128.79714965820312,1.5255815918329783,10.0,0.6325874667071184,15,2024-04-11 02:00:00+00:00,15,8,1,0,0,0
031300120107,24,185.97618103027344,1.6023908792002841,10.0,0.6221200753196219,20,2024-09-27 03:00:00+00:00,20,5,2,0,0,0
031300120107,72,246.3612060546875,1.6984285755425814,10.0,0.6666506349105115,18,2020-09-16 21:00:00+00:00,18,6,3,0,0,0
031300120201,1,49.916351318359375,1.000430282920894,2.0,0.5046976082885651,1,2014-04-30 08:00:00+00:00,1,0,0,0,0,0
031300120201,3,117.08511352539062,1.6991108116968952,25.0,0.789468096434303,11,2024-04-11 00:00:00+00:00,11,5,3,1,0,0
031300120201,6,181.6512908935547,2.1938599336321087,50.0,0.9351545021112863,15,2024-04-11 02:00:00+00:00,15,6,4,1,1,0
031300120201,24,208.64878845214844,1.8214926356260661,10.0,0.703407102386328,20,2024-09-27 05:00:00+00:00,20,6,3,0,0,0
031300120201,72,253.3840789794922,1.7916249178615564,10.0,0.7166260010778653,20,2024-02-12 21:00:00+00:00,20,8,6,0,0,0
031300120202,1,56.538780212402344,1.1314407808957796,2.0,0.5746471617003581,1,2009-03-28 15:00:00+00:00,1,0,0,0,0,0
031300120202,3,129.59339904785156,1.8799812306730919,25.0,0.8803281586791623,11,2024-04-11 00:00:00+00:00,11,4,2,1,0,0
031300120202,6,164.00653076171875,1.9850839127630584,25.0,0.8548581598105576,16,2024-09-15 05:00:00+00:00,16,9,3,1,0,0
031300120202,24,188.4390411376953,1.6480991528608009,10.0,0.6451019756672719,17,2024-09-27 05:00:00+00:00,17,8,4,0,0,0
031300120202,72,242.91636657714844,1.7114374257205414,10.0,0.6921687045686458,19,2024-09-27 08:00:00+00:00,19,8,6,0,0,0
031300120203,1,58.73570251464844,1.1709879638687843,2.0,0.5912395620260122,2,2018-10-10 21:00:00+00:00,2,0,0,0,0,0
031300120203,3,120.12576293945312,1.7359212534324504,25.0,0.797680899171867,11,2024-09-15 04:00:00+00:00,11,5,2,1,0,0
031300120203,6,149.75009155273438,1.8085041050845758,25.0,0.7661321811742687,13,2024-09-15 06:00:00+00:00,13,9,4,1,0,0
031300120203,24,184.56607055664062,1.612883332674629,10.0,0.6304665235500952,14,2024-09-27 05:00:00+00:00,14,6,2,0,0,0
031300120203,72,247.18284606933594,1.7360424433619657,10.0,0.6952432331558313,16,2024-09-27 08:00:00+00:00,16,8,3,0,0,0
031401030101,1,67.13701629638672,1.255169831847835,5.0,0.5933849276472057,2,2022-03-18 17:00:00+00:00,2,1,0,0,0,0
031401030101,3,99.13182830810547,1.3221847881338704,5.0,0.5731224929085218,5,2024-04-10 22:00:00+00:00,5,1,0,0,0,0
031401030101,6,122.98744201660156,1.3637916465764781,5.0,0.540899730174012,10,2024-04-11 01:00:00+00:00,10,2,0,0,0,0
031401030101,24,202.9642791748047,1.607027086001413,10.0,0.5623083786707973,16,2024-03-09 11:00:00+00:00,16,6,1,0,0,0
031401030101,72,332.7134094238281,2.1093058752390808,25.0,0.7497954273207363,11,2020-09-16 23:00:00+00:00,11,9,6,1,0,0
031401030102,1,58.14532470703125,1.1035705200303791,2.0,0.5199817132604663,1,2022-03-18 17:00:00+00:00,1,0,0,0,0,0
031401030102,3,100.47665405273438,1.3654902100598452,5.0,0.5863634695891498,3,2022-03-18 18:00:00+00:00,3,1,0,0,0,0
031401030102,6,113.1850814819336,1.2783092278914265,5.0,0.5029566492376735,7,2024-04-11 01:00:00+00:00,7,1,0,0,0,0
031401030102,24,195.10491943359375,1.5636920859104808,10.0,0.5485446379129426,16,2024-03-09 11:00:00+00:00,16,8,2,0,0,0
031401030102,72,335.5143127441406,2.1501127751227056,25.0,0.765557658289926,14,2020-09-17 00:00:00+00:00,14,9,6,3,0,0
031401030103,1,60.08992385864258,1.1306401561693362,2.0,0.537287597775783,1,2022-03-18 17:00:00+00:00,1,0,0,0,0,0
031401030103,3,104.92106628417969,1.4124111658762901,10.0,0.6163073472370031,4,2022-03-18 18:00:00+00:00,4,2,1,0,0,0
031401030103,6,121.33466339111328,1.3543225641077823,5.0,0.5394780753833807,9,2024-04-11 01:00:00+00:00,9,3,0,0,0,0
031401030103,24,215.3762664794922,1.700336949927259,10.0,0.5943265743775291,13,2020-09-16 22:00:00+00:00,13,8,3,0,0,0
031401030103,72,373.3587951660156,2.361925446907181,50.0,0.8390026316886694,12,2020-09-17 00:00:00+00:00,12,9,6,3,1,0
031401030104,1,60.214176177978516,1.1291799258494624,2.0,0.540517537919817,1,2022-03-18 17:00:00+00:00,1,0,0,0,0,0
031401030104,3,111.55302429199219,1.4978768266169598,10.0,0.6614568330918825,5,2022-03-18 18:00:00+00:00,5,2,2,0,0,0
031401030104,6,129.40635681152344,1.438650567400462,10.0,0.5782768631232343,7,2024-03-09 08:00:00+00:00,7,3,1,0,0,0
031401030104,24,239.74610900878906,1.8764068164906655,10.0,0.6550402839610109,13,2020-09-16 22:00:00+00:00,13,8,4,0,0,0
031401030104,72,403.58953857421875,2.5342911357132096,50.0,0.8993325504431455,11,2020-09-17 00:00:00+00:00,11,8,6,3,1,0
031401030201,1,59.30820846557617,1.0929595980241538,2.0,0.5333489335940467,2,2022-03-18 17:00:00+00:00,2,0,0,0,0,0
031401030201,3,121.86602783203125,1.6066477292156731,10.0,0.7351625470257116,5,2022-03-18 18:00:00+00:00,5,2,2,0,0,0
031401030201,6,137.9060821533203,1.5000940155270137,10.0,0.6201131363288085,10,2022-03-18 20:00:00+00:00,10,3,1,0,0,0
031401030201,24,263.2471923828125,2.002681804989545,10.0,0.6962451784941336,11,2020-09-16 21:00:00+00:00,11,8,4,0,0,0
031401030201,72,440.3798522949219,2.6986150341232804,50.0,0.9549226191249034,12,2020-09-17 00:00:00+00:00,12,8,6,4,1,0
031401030202,1,61.41676330566406,1.114225703176873,2.0,0.5499638006458469,1,1995-10-04 12:00:00+00:00,1,0,0,0,0,0
031401030202,3,100.28267669677734,1.2898250571435048,5.0,0.6075208026670998,7,2022-03-18 18:00:00+00:00,7,3,0,0,0,0
031401030202,6,155.48928833007812,1.6467156188554553,10.0,0.6993115213082496,13,2022-03-18 20:00:00+00:00,13,2,1,0,0,0
031401030202,24,285.08636474609375,2.1382747178162185,25.0,0.7395984770426873,12,2020-09-16 20:00:00+00:00,12,6,4,1,0,0
031401030202,72,431.8773498535156,2.617812527869678,50.0,0.9194273459754926,13,2021-10-06 12:00:00+00:00,13,9,6,2,1,0
031401030203,1,60.42475891113281,1.0976750739445127,2.0,0.5406545753447654,1,1995-10-04 12:00:00+00:00,1,0,0,0,0,0
031401030203,3,96.85899353027344,1.2488757734580453,5.0,0.5852280834950692,4,2022-03-18 18:00:00+00:00,4,3,0,0,0,0
031401030203,6,135.72239685058594,1.441187384653492,10.0,0.6094270970669042,9,2022-03-18 20:00:00+00:00,9,2,1,0,0,0
031401030203,24,263.0792541503906,1.9743261947863144,10.0,0.6849522798130351,10,2020-09-16 20:00:00+00:00,10,6,4,0,0,0
031401030203,72,434.2081604003906,2.6328228804410188,50.0,0.9275376484523415,10,2020-09-16 23:00:00+00:00,10,7,6,2,1,0
031401030301,3,90.20094299316406,1.1770105098939194,2.0,0.5313015059581475,2,2022-03-18 19:00:00+00:00,2,0,0,0,0,0
031401030301,6,133.375,1.4401110675845918,10.0,0.5903459769443938,9,2024-04-11 01:00:00+00:00,9,1,1,0,0,0
031401030301,24,237.5068817138672,1.8259942286413264,10.0,0.6355086007989348,12,2020-09-16 21:00:00+00:00,12,7,4,0,0,0
031401030301,72,370.248291015625,2.289688900183531,25.0,0.8128288653692956,10,2020-09-16 23:00:00+00:00,10,7,6,2,0,0
031401030302,1,58.78606033325195,1.0786749368333004,2.0,0.5245847432392385,2,2022-03-18 17:00:00+00:00,2,0,0,0,0,0
031401030302,3,94.85450744628906,1.2393795314128622,5.0,0.5663003910685551,4,2022-03-18 18:00:00+00:00,4,3,0,0,0,0
031401030302,6,117.3913345336914,1.2666882895822398,5.0,0.5239710168408245,9,2024-04-11 01:00:00+00:00,9,2,0,0,0,0
031401030302,24,237.65460205078125,1.8112373464399114,10.0,0.6299079938774439,12,2020-09-16 21:00:00+00:00,12,6,4,0,0,0
031401030302,72,406.5138854980469,2.4953296142108936,50.0,0.8841867770028283,12,2020-09-16 23:00:00+00:00,12,7,6,2,1,0
031401030303,3,100.17167663574219,1.275279488139153,5.0,0.5922504782981229,6,2022-03-18 19:00:00+00:00,6,3,0,0,0,0
031401030303,6,133.63427734375,1.4048852804456013,5.0,0.5908982650204752,10,2024-04-11 01:00:00+00:00,10,4,0,0,0,0
031401030303,24,233.83584594726562,1.7670412767314134,10.0,0.6134784753990769,12,2020-09-16 20:00:00+00:00,12,5,3,0,0,0
031401030303,72,387.7320861816406,2.363296385919549,25.0,0.8360226518949659,10,2020-09-16 21:00:00+00:00,10,6,5,2,0,0
031401030304,1,58.92618942260742,1.0719091193966408,2.0,0.5241513992502016,1,1995-10-04 12:00:00+00:00,1,0,0,0,0,0
031401030304,3,101.17417907714844,1.3041064417010297,5.0,0.6035334572146966,4,2022-03-18 19:00:00+00:00,4,1,0,0,0,0
031401030304,6,122.1534423828125,1.2995043844722354,5.0,0.5441562587550116,9,2024-04-11 01:00:00+00:00,9,2,0,0,0,0
031401030304,24,232.97544860839844,1.7639085560825032,10.0,0.6127727670848856,11,2020-09-16 20:00:00+00:00,11,5,4,0,0,0
031401030304,72,403.42840576171875,2.463225450110333,50.0,0.871358986042842,10,2020-09-16 23:00:00+00:00,10,7,5,2,1,0
031401030305,1,60.99412155151367,1.097408983968255,2.0,0.5400390652937919,3,2020-09-16 13:00:00+00:00,3,0,0,0,0,0
031401030305,3,118.41575622558594,1.4978397363767204,10.0,0.7040048597244346,5,2022-03-18 19:00:00+00:00,5,2,1,0,0,0
031401030305,6,167.30303955078125,1.7432936986169112,25.0,0.7427685028805885,7,2022-03-18 20:00:00+00:00,7,3,1,1,0,0
031401030305,24,286.0247497558594,2.1442850164268155,25.0,0.7474533751563079,11,2020-09-16 19:00:00+00:00,11,5,3,1,0,0
031401030305,72,409.8975830078125,2.485785792633985,50.0,0.8772338695756816,9,2020-09-16 21:00:00+00:00,9,6,5,3,1,0
031401030401,1,60.69912338256836,1.0879070721252588,2.0,0.5358293306538084,2,2020-09-16 13:00:00+00:00,2,0,0,0,0,0
031401030401,3,125.02362060546875,1.5640505720966558,10.0,0.7402700394965571,4,2022-03-18 19:00:00+00:00,4,2,1,0,0,0
031401030401,6,186.27760314941406,1.9149810379995347,25.0,0.8247330476298119,7,2020-09-16 16:00:00+00:00,7,2,1,1,0,0
031401030401,24,310.5102233886719,2.3184840050343554,25.0,0.8115543951628622,8,2020-09-16 19:00:00+00:00,8,5,3,1,0,0
031401030401,72,395.45257568359375,2.3987028948887565,50.0,0.8440654304609037,12,2020-09-16 21:00:00+00:00,12,6,5,2,1,0
031401030402,1,56.945743560791016,1.0135143472284038,2.0,0.5008285199018353,1,2012-02-19 00:00:00+00:00,1,0,0,0,0,0
031401030402,3,110.35877990722656,1.3672077381169014,10.0,0.6508222192717524,7,2020-09-16 14:00:00+00:00,7,1,1,0,0,0
031401030402,6,169.82040405273438,1.7276933404969324,25.0,0.749215950530738,7,2020-09-16 16:00:00+00:00,7,2,2,1,0,0
031401030402,24,291.0451965332031,2.157828451158017,25.0,0.7591825607453753,9,2020-09-16 18:00:00+00:00,9,4,3,1,0,0
031401030402,72,403.43231201171875,2.4332002421570365,50.0,0.8584857734193265,14,2020-09-16 21:00:00+00:00,14,6,4,2,1,0
031401030403,3,109.68124389648438,1.339905155587023,5.0,0.6430544261622576,6,2017-10-08 10:00:00+00:00,6,1,0,0,0,0
031401030403,6,155.30838012695312,1.5520340777274981,10.0,0.6807472721147081,7,2020-09-16 15:00:00+00:00,7,4,2,0,0,0
031401030403,24,265.81671142578125,1.943726531397979,10.0,0.6882189897306897,12,2020-09-16 19:00:00+00:00,12,6,2,0,0,0
031401030403,72,403.6788330078125,2.413684451089675,50.0,0.8507850119284213,13,2020-09-16 20:00:00+00:00,13,6,3,2,1,0
031401030601,1,74.82073211669922,1.3273987285644617,5.0,0.6583930953949375,2,2020-09-16 13:00:00+00:00,2,1,0,0,0,0
031401030601,3,127.96318054199219,1.587518737818071,10.0,0.7547324424189542,7,2020-09-16 14:00:00+00:00,7,3,1,0,0,0
031401030601,6,181.51966857910156,1.855288137531238,25.0,0.8018727652691393,8,2020-09-16 15:00:00+00:00,8,4,2,1,0,0
031401030601,24,300.59967041015625,2.231548633927689,25.0,0.7861227435441395,14,2020-09-16 17:00:00+00:00,14,4,2,1,0,0
031401030601,72,390.9990234375,2.3499032845291636,25.0,0.8338359620269647,13,2020-09-16 21:00:00+00:00,13,6,3,2,0,0
031401030602,1,120.4738998413086,2.1342452131275707,100.0,1.059700213245224,1,2024-06-10 21:00:00+00:00,1,1,1,1,1,1
031401030602,3,154.4581756591797,1.9089398498642896,50.0,0.9119648126043273,8,2024-06-10 22:00:00+00:00,8,3,2,1,1,0
031401030602,6,178.87258911132812,1.8176464028770922,25.0,0.7897302591678812,6,2024-06-10 22:00:00+00:00,6,5,3,1,0,0
031401030602,24,300.3233642578125,2.2184615103028804,25.0,0.7822697450574629,12,2024-06-10 22:00:00+00:00,12,4,2,1,0,0
031401030602,72,404.2808532714844,2.4245003499834707,50.0,0.8589613773243656,13,2020-09-16 21:00:00+00:00,13,6,3,2,1,0
031401040101,1,60.56298065185547,1.0883478062665874,2.0,0.5367797399946879,2,2005-03-27 19:00:00+00:00,2,0,0,0,0,0
031401040101,3,124.43963623046875,1.5652565467981903,10.0,0.7409585067271295,6,2020-09-16 15:00:00+00:00,6,3,1,0,0,0
031401040101,6,170.29153442382812,1.7604264218200647,25.0,0.7553473752452258,10,2020-09-16 17:00:00+00:00,10,4,2,1,0,0
031401040101,24,311.7402038574219,2.330049260666161,25.0,0.8064618297040709,10,2020-09-16 19:00:00+00:00,10,6,4,1,0,0
031401040101,72,402.25433349609375,2.439456809612318,50.0,0.8519096179490978,12,2020-09-16 20:00:00+00:00,12,8,5,3,1,0
031401040102,1,57.85062789916992,1.0386813546473448,2.0,0.5113063450184648,1,1995-10-04 12:00:00+00:00,1,0,0,0,0,0
031401040102,3,123.22940826416016,1.5443294513662442,10.0,0.730554125796264,5,2020-09-16 15:00:00+00:00,5,3,2,0,0,0
031401040102,6,177.10838317871094,1.8226229181188225,25.0,0.7837673171879518,8,2020-09-16 16:00:00+00:00,8,2,2,2,0,0
031401040102,24,322.86383056640625,2.4105557235984314,25.0,0.8393448186756592,12,2020-09-16 19:00:00+00:00,12,6,4,1,0,0
031401040102,72,394.06878662109375,2.391140860941077,50.0,0.8374808228079168,12,2020-09-16 20:00:00+00:00,12,9,5,3,1,0
031401040103,1,61.03989791870117,1.0897115210839303,2.0,0.5385625116303729,1,1995-10-04 12:00:00+00:00,1,0,0,0,0,0
031401040103,3,96.73072814941406,1.2085367564041167,5.0,0.5729959373083064,5,2020-04-23 16:00:00+00:00,5,1,0,0,0,0
031401040103,6,136.4347686767578,1.4014462164332278,5.0,0.602445593172684,7,2020-09-16 19:00:00+00:00,7,4,0,0,0,0
031401040103,24,288.8822021484375,2.1475268838175694,25.0,0.7439972909077974,9,2020-09-16 19:00:00+00:00,9,6,4,2,0,0
031401040103,72,396.78253173828125,2.391414339902038,25.0,0.8345391793322091,11,2020-09-16 22:00:00+00:00,11,5,5,2,0,0
031401040104,1,68.82923126220703,1.2178083648403053,5.0,0.6001855368027593,2,2012-02-19 00:00:00+00:00,2,1,0,0,0,0
031401040104,3,103.47694396972656,1.268566050514206,5.0,0.6027819421421026,4,2017-10-08 10:00:00+00:00,4,2,0,0,0,0
031401040104,6,145.4580841064453,1.4601083520954319,10.0,0.6340766216219094,7,2020-09-16 15:00:00+00:00,7,2,1,0,0,0
031401040104,24,247.94036865234375,1.8192057260479089,10.0,0.640393487385882,10,2020-09-16 18:00:00+00:00,10,5,3,0,0,0
031401040104,72,380.4845886230469,2.2786634993789243,25.0,0.7997546072435554,13,2020-09-16 20:00:00+00:00,13,6,5,2,0,0
031401040105,1,61.08403778076172,1.0719831794949575,2.0,0.530956771110919,2,2012-02-19 00:00:00+00:00,2,0,0,0,0,0
031401040105,3,105.40543365478516,1.288538942332296,5.0,0.6139658597712372,5,2017-10-08 11:00:00+00:00,5,1,0,0,0,0
031401040105,6,119.28693389892578,1.196270329068245,2.0,0.5202480826957451,7,2020-09-16 14:00:00+00:00,7,0,0,0,0,0
031401040105,24,258.36627197265625,1.8816355591823608,10.0,0.6642497084502313,9,2020-09-16 19:00:00+00:00,9,4,2,0,0,0
031401040105,72,371.5095520019531,2.2004178556350955,25.0,0.7733253458960545,11,2020-09-16 19:00:00+00:00,11,5,5,2,0,0
031401040201,1,113.60629272460938,1.9860733006142701,50.0,0.9879578601430995,1,2024-06-10 20:00:00+00:00,1,1,1,1,1,0
031401040201,3,115.1878890991211,1.3944021147202035,10.0,0.6721434885750179,5,2024-06-10 21:00:00+00:00,5,3,1,0,0,0
031401040201,6,146.70358276367188,1.4513822928513085,10.0,0.6392287652004314,7,2024-06-10 23:00:00+00:00,7,4,1,0,0,0
031401040201,24,246.95213317871094,1.7801477496544829,10.0,0.6332151091540387,11,2024-06-10 23:00:00+00:00,11,4,1,0,0,0
031401040201,72,404.50921630859375,2.386415666241802,50.0,0.8427739994768372,13,2020-09-16 19:00:00+00:00,13,6,3,2,1,0
031401040301,1,63.354793548583984,1.102857244216971,2.0,0.5484102667429688,2,2012-02-19 00:00:00+00:00,2,0,0,0,0,0
031401040301,3,110.13272094726562,1.3403283224878,5.0,0.6404357470396574,5,2017-10-08 11:00:00+00:00,5,1,0,0,0,0
031401040301,6,119.79088592529297,1.1976207499362845,2.0,0.5224691552635908,8,2020-09-16 18:00:00+00:00,8,0,0,0,0,0
031401040301,24,258.8638916015625,1.871110572596315,10.0,0.6645125796231426,9,2020-09-16 19:00:00+00:00,9,4,2,0,0,0
031401040301,72,360.2892761230469,2.112483188722211,25.0,0.7445018961184557,10,2020-09-16 19:00:00+00:00,10,6,5,2,0,0
031401040303,1,64.15425109863281,1.100375618989176,2.0,0.5509005319552776,2,2012-02-19 00:00:00+00:00,2,0,0,0,0,0
031401040303,3,115.67648315429688,1.3939372943127588,10.0,0.6686167613035725,6,2017-06-21 14:00:00+00:00,6,1,1,0,0,0
031401040303,6,127.2433090209961,1.2626474703835613,5.0,0.5531817855359564,10,2020-09-16 14:00:00+00:00,10,3,0,0,0,0
031401040303,24,280.2992248535156,2.000333129576339,25.0,0.7167686609180002,12,2020-09-16 19:00:00+00:00,12,5,3,1,0,0
031401040303,72,369.9106750488281,2.131831245466681,25.0,0.7550043181917235,10,2020-09-16 19:00:00+00:00,10,6,5,3,0,0
031401040401,1,64.87945556640625,1.1139279940089128,2.0,0.5571693261002184,3,2020-09-16 18:00:00+00:00,3,0,0,0,0,0
031401040401,3,117.03338623046875,1.41542380232075,10.0,0.6767005428748522,4,2020-09-16 18:00:00+00:00,4,2,1,0,0,0
031401040401,6,159.90267944335938,1.59552806620818,10.0,0.697108958567732,8,2025-06-09 09:00:00+00:00,8,4,1,0,0,0
031401040401,24,312.85345458984375,2.2429476811436517,25.0,0.8033986111305256,10,2025-06-10 02:00:00+00:00,10,5,3,2,0,0
031401040401,72,390.9749755859375,2.255601628348541,25.0,0.7971041083166035,15,2025-06-11 22:00:00+00:00,15,6,5,3,0,0
031401040402,1,90.72457122802734,1.54605696343449,10.0,0.7755889816010776,2,2024-06-10 22:00:00+00:00,2,1,1,0,0,0
031401040402,3,137.50393676757812,1.6529336481540364,10.0,0.7900483519723368,6,2025-06-09 09:00:00+00:00,6,3,1,0,0,0
031401040402,6,179.31109619140625,1.7815315255508377,25.0,0.779463067238839,10,2025-06-09 09:00:00+00:00,10,6,2,1,0,0
031401040402,24,338.4458312988281,2.4169769544872435,50.0,0.8715863969536468,10,2025-06-09 16:00:00+00:00,10,6,3,2,1,0
031401040402,72,399.131591796875,2.286856811518843,25.0,0.8101263115110366,14,2025-06-11 22:00:00+00:00,14,7,5,3,0,0
031401040404,3,120.16844940185547,1.4351532720825129,10.0,0.6801213343928278,6,2025-06-09 09:00:00+00:00,6,3,1,0,0,0
031401040404,6,160.23826599121094,1.584255860907496,10.0,0.6893866495348699,11,2025-06-09 09:00:00+00:00,11,4,2,0,0,0
031401040404,24,331.22210693359375,2.357513893734997,50.0,0.8572816402928459,9,2025-06-09 16:00:00+00:00,9,5,4,2,1,0
031401040404,72,389.40509033203125,2.212574729312184,25.0,0.7877689063152955,11,2025-06-11 22:00:00+00:00,11,7,4,3,0,0
031401060101,1,64.36029052734375,1.1427166075484827,2.0,0.5547779729175419,1,2005-07-10 22:00:00+00:00,1,0,0,0,0,0
031401060101,3,110.83753967285156,1.397585315068803,5.0,0.6301588320760512,5,2025-04-07 00:00:00+00:00,5,2,0,0,0,0
031401060101,6,200.67718505859375,2.0891001416507065,50.0,0.8737959548863558,10,2025-04-07 03:00:00+00:00,10,3,2,1,1,0
031401060101,24,275.23114013671875,2.0308641099860734,25.0,0.750691239753616,13,2025-04-07 20:00:00+00:00,13,4,1,1,0,0
031401060101,72,345.76220703125,2.0494050920461837,25.0,0.7494227018024838,15,2021-08-31 12:00:00+00:00,15,8,4,1,0,0
031401060102,1,56.51443862915039,1.0041988622242148,2.0,0.48644049084871904,1,2002-09-22 19:00:00+00:00,1,0,0,0,0,0
031401060102,3,108.59502410888672,1.3681926187550573,5.0,0.6160796761181131,7,2025-04-07 00:00:00+00:00,7,1,0,0,0,0
031401060102,6,191.43313598632812,1.9901336616476335,25.0,0.8335406339682426,10,2025-04-07 03:00:00+00:00,10,4,1,1,0,0
031401060102,24,268.39947509765625,1.9813505770904438,25.0,0.737123499735164,14,2025-04-07 19:00:00+00:00,14,3,1,1,0,0
031401060102,72,337.2236328125,1.998432026186809,25.0,0.7358465184086557,15,2021-08-31 12:00:00+00:00,15,10,4,1,0,0
031401060103,3,134.19715881347656,1.6488102687626252,10.0,0.7524805097349578,5,2025-04-07 01:00:00+00:00,5,3,2,0,0,0
031401060103,6,190.55596923828125,1.926643429731198,25.0,0.8166225490801413,8,2025-04-07 03:00:00+00:00,8,4,3,2,0,0
031401060103,24,267.7916259765625,1.934914647000277,25.0,0.7162233189771743,15,2025-04-07 15:00:00+00:00,15,7,2,1,0,0
031401060103,72,379.387939453125,2.1872580470554426,25.0,0.7994986437998829,17,2025-04-07 20:00:00+00:00,17,10,3,1,0,0
031401060104,1,61.45249557495117,1.055773413027236,2.0,0.5168161932603769,1,2025-04-06 23:00:00+00:00,1,0,0,0,0,0
031401060104,3,159.99899291992188,1.9220783724228454,25.0,0.8868289406404792,5,2025-04-07 01:00:00+00:00,5,2,1,1,0,0
031401060104,6,227.30043029785156,2.2436710825137323,50.0,0.9615891614148108,9,2025-04-07 03:00:00+00:00,9,5,3,1,1,0
031401060104,24,258.4190979003906,1.8317664165538106,10.0,0.6793206881992815,15,2025-04-07 15:00:00+00:00,15,8,3,0,0,0
031401060104,72,390.8935852050781,2.1996673788782957,25.0,0.8055105502878941,17,2025-04-07 20:00:00+00:00,17,9,3,1,0,0
031401060201,1,59.964088439941406,1.0376334731781685,2.0,0.5037694328701872,2,2004-09-16 07:00:00+00:00,2,0,0,0,0,0
031401060201,3,127.52421569824219,1.548529747844044,10.0,0.705071380480233,6,2025-04-07 00:00:00+00:00,6,3,2,0,0,0
031401060201,6,183.73318481445312,1.8344814469276343,25.0,0.7795866183479084,7,2025-04-07 03:00:00+00:00,7,5,4,1,0,0
031401060201,24,265.17120361328125,1.8959476436409506,10.0,0.7104233446433225,14,2025-04-07 20:00:00+00:00,14,5,2,0,0,0
031401060201,72,347.9253234863281,1.98785097370008,25.0,0.7362643677701229,19,2025-04-07 20:00:00+00:00,19,8,4,1,0,0
031401060202,3,147.09986877441406,1.7244977899391223,25.0,0.7959916623481001,8,2025-04-07 00:00:00+00:00,8,4,2,1,0,0
031401060202,6,201.19573974609375,1.9354817326877456,25.0,0.83471398275038,10,2025-04-07 03:00:00+00:00,10,5,4,2,0,0
031401060202,24,289.3717346191406,2.0048469753849374,25.0,0.7535880330298476,18,2025-04-07 20:00:00+00:00,18,5,3,1,0,0
031401060202,72,360.15325927734375,1.989344843348352,25.0,0.7376433292948764,20,2025-04-07 20:00:00+00:00,20,11,4,1,0,0
031401060203,1,61.262359619140625,1.0437502013950393,2.0,0.5102579721889287,1,2025-04-06 23:00:00+00:00,1,0,0,0,0,0
031401060203,3,159.67059326171875,1.8993206452695737,25.0,0.8764300897822808,6,2025-04-07 00:00:00+00:00,6,3,3,1,0,0
031401060203,6,227.37881469726562,2.22110643828068,50.0,0.9543685519435855,11,2025-04-07 03:00:00+00:00,11,5,3,2,1,0
031401060203,24,256.61376953125,1.8027753984804575,10.0,0.6720513216577226,17,2025-04-07 15:00:00+00:00,17,6,4,0,0,0
031401060203,72,377.295166015625,2.108637124010427,25.0,0.7757762392634169,18,2025-04-07 20:00:00+00:00,18,10,4,1,0,0
031401060301,1,83.7387924194336,1.4768107275316125,10.0,0.7204412727078022,2,2005-07-10 22:00:00+00:00,2,1,1,0,0,0
031401060301,3,144.2056427001953,1.80139749427343,25.0,0.818276191690035,9,2025-04-07 01:00:00+00:00,9,4,3,1,0,0
031401060301,6,204.7788543701172,2.110513317813146,50.0,0.8862128457571973,11,2025-04-07 03:00:00+00:00,11,3,3,2,1,0
031401060301,24,273.2253723144531,1.9990065316961096,25.0,0.7322803508360098,15,2025-04-07 15:00:00+00:00,15,6,2,1,0,0
031401060301,72,366.5968322753906,2.147784944454872,25.0,0.777171234786757,17,2025-04-07 20:00:00+00:00,17,9,4,1,0,0
031401060302,1,57.916297912597656,1.0112617291869734,2.0,0.49476335483649153,1,2004-09-16 10:00:00+00:00,1,0,0,0,0,0
031401060302,3,139.38963317871094,1.7123593987406203,25.0,0.7846966885198977,5,2025-04-07 01:00:00+00:00,5,2,1,1,0,0
031401060302,6,191.29251098632812,1.9348801688359276,25.0,0.8209355439848217,6,2025-04-07 03:00:00+00:00,6,2,2,2,0,0
031401060302,24,241.45408630371094,1.7442314850562732,10.0,0.6416460924879582,12,2025-04-07 15:00:00+00:00,12,4,2,0,0,0
031401060302,72,395.0388488769531,2.271079394518507,25.0,0.8247481353400299,15,2025-04-07 20:00:00+00:00,15,9,1,1,0,0
031401060401,3,132.5952911376953,1.5642953952274596,10.0,0.7273562861661739,6,2025-04-07 01:00:00+00:00,6,3,1,0,0,0
031401060401,6,202.90357971191406,1.9650151961618845,25.0,0.8485675191685347,12,2025-04-07 03:00:00+00:00,12,4,3,2,0,0
031401060401,24,246.23114013671875,1.715676443285033,10.0,0.6376023220223488,18,2025-04-07 16:00:00+00:00,18,7,3,0,0,0
031401060401,72,383.0599365234375,2.1101644713775842,25.0,0.7762527079336281,16,2025-04-07 20:00:00+00:00,16,8,1,1,0,0
031401060402,1,64.35287475585938,1.0857599363416077,2.0,0.5349981354697575,1,2024-05-13 15:00:00+00:00,1,0,0,0,0,0
031401060402,3,102.63421630859375,1.2082242332463482,2.0,0.5635591681974484,4,2021-06-19 14:00:00+00:00,4,0,0,0,0,0
031401060402,6,168.39492797851562,1.627933017368817,10.0,0.7029694504957201,9,2025-04-07 04:00:00+00:00,9,2,2,0,0,0
031401060402,24,269.0218811035156,1.867045981604158,10.0,0.6902847996403322,11,2025-04-07 15:00:00+00:00,11,6,2,0,0,0
031401060402,72,390.0104064941406,2.1286859202393216,25.0,0.7807041064884228,12,2021-08-31 12:00:00+00:00,12,4,3,1,0,0
031401060403,1,63.075355529785156,1.061298369375907,2.0,0.5245144354212987,1,2024-05-13 15:00:00+00:00,1,0,0,0,0,0
031401060403,3,117.08113098144531,1.3751963088521557,5.0,0.6432338564049289,5,2024-05-13 17:00:00+00:00,5,2,0,0,0,0
031401060403,6,177.02601623535156,1.7086316810625677,10.0,0.7388042146089226,5,2021-06-19 15:00:00+00:00,5,3,1,0,0,0
031401060403,24,289.6792297363281,2.0050677062425177,25.0,0.7392828129793304,11,2024-05-14 09:00:00+00:00,11,8,1,1,0,0
031401060403,72,389.5249328613281,2.120580204920755,25.0,0.7749819885119613,14,2021-08-31 13:00:00+00:00,14,4,3,1,0,0
031401060501,1,66.04019165039062,1.102051972413162,2.0,0.5404864880486215,3,2025-04-06 23:00:00+00:00,3,0,0,0,0,0
031401060501,3,172.96969604492188,2.0067478740376474,50.0,0.9369073730288635,5,2025-04-07 01:00:00+00:00,5,3,2,1,1,0
031401060501,6,247.09805297851562,2.3513669557737344,100.0,1.0238809343205746,13,2025-04-07 03:00:00+00:00,13,5,2,2,1,1
031401060501,24,280.2249450683594,1.9263398512619412,25.0,0.7228520719407939,21,2025-04-07 20:00:00+00:00,21,5,2,1,0,0
031401060501,72,349.6658630371094,1.9119859975904223,10.0,0.7091865785455104,20,2025-04-07 20:00:00+00:00,20,8,2,0,0,0
031401060502,1,108.04145050048828,1.789088791396649,25.0,0.8773058380757426,2,2024-05-13 15:00:00+00:00,2,1,1,1,0,0
031401060502,3,148.4826202392578,1.702430533802665,25.0,0.7978867704124357,8,2025-04-07 02:00:00+00:00,8,4,1,1,0,0
031401060502,6,221.87246704101562,2.079925768932903,50.0,0.9071041026898113,10,2025-04-07 04:00:00+00:00,10,5,3,2,1,0
031401060502,24,344.3111572265625,2.3293733823466836,50.0,0.8709609085983248,13,2025-04-07 20:00:00+00:00,13,5,4,1,1,0
031401060502,72,379.0207214355469,2.0381276201728444,25.0,0.7593151087048099,16,2022-05-26 16:00:00+00:00,16,7,3,1,0,0
031401060503,1,65.78311920166016,1.0994400295205513,2.0,0.5395225372765917,2,2024-05-13 15:00:00+00:00,2,0,0,0,0,0
031401060503,3,120.71304321289062,1.4023426694591274,5.0,0.6538586408419199,5,2025-04-07 02:00:00+00:00,5,2,0,0,0,0
031401060503,6,191.93775939941406,1.8275906306204663,25.0,0.7926237029924078,9,2025-04-07 03:00:00+00:00,9,3,2,1,0,0
031401060503,24,250.6005859375,1.7189928129910594,10.0,0.6412325964390827,17,2025-04-07 20:00:00+00:00,17,6,1,0,0,0
031401060503,72,360.823486328125,1.9612306453035349,25.0,0.725674852029929,17,2025-04-07 20:00:00+00:00,17,7,1,1,0,0
031401060504,1,91.30497741699219,1.5158486409033487,10.0,0.7435305395954745,2,2024-05-13 15:00:00+00:00,2,1,1,0,0,0
031401060504,3,126.50538635253906,1.4553238339546288,10.0,0.6808884375930252,8,2025-04-07 02:00:00+00:00,8,3,2,0,0,0
031401060504,6,198.87840270996094,1.8716506587044153,25.0,0.814567282154833,9,2025-04-07 04:00:00+00:00,9,5,3,2,0,0
031401060504,24,294.2441101074219,1.9969238257522812,25.0,0.7457094668330668,14,2025-04-07 20:00:00+00:00,14,6,4,1,0,0
031401060504,72,330.0621032714844,1.7781448616200548,10.0,0.6611446431067163,17,2025-04-07 20:00:00+00:00,17,7,2,0,0,0
031401060505,1,85.68767547607422,1.4154169833397847,10.0,0.6977116536900413,3,2021-06-19 12:00:00+00:00,3,1,1,0,0,0
031401060505,3,145.92884826660156,1.6720621092417554,25.0,0.7839749347811016,6,2021-12-10 07:00:00+00:00,6,5,3,1,0,0
031401060505,6,216.5503692626953,2.0318465171910676,50.0,0.881795346370011,8,2024-05-14 08:00:00+00:00,8,4,3,1,1,0
031401060505,24,323.1989440917969,2.1748999787083507,25.0,0.8033220479931295,12,2024-05-14 13:00:00+00:00,12,6,3,1,0,0
031401060505,72,372.83282470703125,1.9821946917109494,25.0,0.7305541226102178,14,2024-05-14 21:00:00+00:00,14,5,4,1,0,0
031401060506,1,88.76315307617188,1.4568040336762573,10.0,0.7156874120786162,1,2014-04-30 03:00:00+00:00,1,1,1,0,0,0
031401060506,3,132.86990356445312,1.5082765776700406,10.0,0.7058722572304045,6,2021-12-10 06:00:00+00:00,6,3,2,0,0,0
031401060506,6,200.1300048828125,1.8559336921086682,25.0,0.8050932441998405,7,2021-06-19 14:00:00+00:00,7,5,3,2,0,0
031401060506,24,309.0528564453125,2.0592252838137424,25.0,0.7626417098603026,13,2024-05-14 13:00:00+00:00,13,6,4,2,0,0
031401060506,72,354.155517578125,1.8688621629628412,10.0,0.6932373835672493,15,2024-05-14 21:00:00+00:00,15,7,4,0,0,0
031401060507,1,86.23118591308594,1.4118807190731197,10.0,0.6943759466421232,3,2021-06-19 12:00:00+00:00,3,2,1,0,0,0
031401060507,3,183.90289306640625,2.0781678731696145,50.0,0.9752048530518223,7,2021-06-19 14:00:00+00:00,7,4,2,2,1,0
031401060507,6,264.8829345703125,2.444405437953739,100.0,1.0607666061094647,11,2023-06-16 07:00:00+00:00,11,5,3,2,2,1
031401060507,24,420.0603332519531,2.7808521659795584,100.0,1.0236430191889632,14,2023-06-16 16:00:00+00:00,14,6,4,2,1,1
031401060507,72,468.4217224121094,2.4626711693518977,50.0,0.9114468690055814,16,2023-06-18 20:00:00+00:00,16,8,4,1,1,0
031401060601,1,81.61485290527344,1.3205887163159735,5.0,0.6472565966720749,2,2020-09-16 10:00:00+00:00,2,1,0,0,0,0
031401060601,3,171.8845672607422,1.9133964449244605,50.0,0.8965827366368755,6,2020-09-16 11:00:00+00:00,6,2,2,1,1,0
031401060601,6,245.47190856933594,2.227676656513539,50.0,0.9647111359794638,10,2020-09-16 11:00:00+00:00,10,3,3,2,1,0
031401060601,24,450.0644226074219,2.948936796222319,100.0,1.0833096181585133,12,2020-09-16 11:00:00+00:00,12,5,4,2,1,1
031401060601,72,489.044189453125,2.559286447298793,50.0,0.9507894823663043,16,2023-06-18 20:00:00+00:00,16,8,4,2,1,0
031401060602,1,93.09928131103516,1.5133860049556087,10.0,0.7412582227225644,2,2020-09-16 10:00:00+00:00,2,2,1,0,0,0
031401060602,3,184.58401489257812,2.067099285261869,50.0,0.967083186111945,5,2025-03-30 23:00:00+00:00,5,3,2,2,1,0
031401060602,6,243.87098693847656,2.225246784358662,50.0,0.9649135801441739,8,2023-06-16 07:00:00+00:00,8,4,3,2,2,0
031401060602,24,385.14337158203125,2.5300383931807247,50.0,0.9362868340750081,14,2023-06-16 16:00:00+00:00,14,5,4,2,2,0
031401060602,72,424.7577819824219,2.221942396267729,25.0,0.8279607055188601,15,2023-06-18 20:00:00+00:00,15,7,4,2,0,0
031401060603,1,77.89441680908203,1.2691355791420087,5.0,0.6242670133002646,3,2021-06-19 12:00:00+00:00,3,1,0,0,0,0
031401060603,3,175.19937133789062,1.965703094823925,50.0,0.9244230160357355,6,2023-06-16 08:00:00+00:00,6,3,2,2,1,0
031401060603,6,245.45687866210938,2.2503155452343364,50.0,0.9757759005459524,9,2023-06-16 08:00:00+00:00,9,5,2,2,2,0
031401060603,24,476.6018371582031,3.1498591397128752,100.0,1.1511331958430269,13,2023-06-16 16:00:00+00:00,13,7,5,2,2,1
031401060603,72,523.5115356445312,2.7595233705186524,100.0,1.0198830130942758,16,2023-06-18 20:00:00+00:00,16,9,3,2,1,1
031401060701,1,69.5374755859375,1.1545298666293973,2.0,0.5719543343643075,1,2020-09-16 12:00:00+00:00,1,0,0,0,0,0
031401060701,3,127.06244659423828,1.468031845747125,10.0,0.6904404933009577,5,2021-06-19 14:00:00+00:00,5,2,1,0,0,0
031401060701,6,209.67222595214844,1.9887362223254004,25.0,0.8644450509178577,6,2021-06-19 15:00:00+00:00,6,2,2,1,0,0
031401060701,24,344.4635925292969,2.3389607163480486,50.0,0.8611009588675369,13,2024-05-14 13:00:00+00:00,13,6,3,1,1,0
031401060701,72,396.8387145996094,2.13319705415078,25.0,0.7790046527552045,13,2021-08-31 13:00:00+00:00,13,6,3,1,0,0
031401060702,1,75.54153442382812,1.2441307769400318,5.0,0.6137254097178688,3,2021-06-19 12:00:00+00:00,3,1,0,0,0,0
031401060702,3,168.009765625,1.9132114299210585,50.0,0.8996090346234834,5,2020-09-16 12:00:00+00:00,5,5,2,1,1,0
031401060702,6,258.45245361328125,2.40843517105842,100.0,1.0469453334301682,7,2021-06-19 15:00:00+00:00,7,3,2,2,2,1
031401060702,24,402.679931640625,2.6851660677381393,50.0,0.9868569531952082,11,2020-09-16 14:00:00+00:00,11,5,4,2,1,0
031401060702,72,456.6014404296875,2.4187709980252485,50.0,0.888818229312375,16,2023-06-18 20:00:00+00:00,16,6,4,1,1,0
031401060703,1,78.1484603881836,1.278239434334177,5.0,0.6301116248092974,2,2020-09-16 10:00:00+00:00,2,1,0,0,0,0
031401060703,3,179.9176025390625,2.0274459665680387,50.0,0.9553464209414022,5,2023-06-16 08:00:00+00:00,5,3,2,1,1,0
031401060703,6,246.2230224609375,2.2709341294551364,50.0,0.986111573764165,7,2023-06-16 08:00:00+00:00,7,5,3,2,2,0
031401060703,24,478.5586853027344,3.176099325044841,100.0,1.158129568062043,13,2023-06-16 16:00:00+00:00,13,6,5,2,2,1
031401060703,72,528.8309326171875,2.7982705870552405,100.0,1.0292301677574536,18,2023-06-18 20:00:00+00:00,18,8,4,2,1,1
031401070103,1,74.560791015625,1.2171989336323779,5.0,0.6018344638462984,2,2020-09-16 10:00:00+00:00,2,1,0,0,0,0
031401070103,3,167.2254180908203,1.8806269679820669,50.0,0.8904586973473495,5,2023-06-16 08:00:00+00:00,5,4,3,1,1,0
031401070103,6,231.56988525390625,2.134782859702482,50.0,0.9268516982362491,10,2023-06-16 08:00:00+00:00,10,5,4,4,3,0
031401070103,24,499.9336242675781,3.327418307307004,200.0,1.2031714837166958,14,2023-06-16 16:00:00+00:00,14,6,6,2,2,1
031401070103,72,554.5694580078125,2.9479462805670305,100.0,1.0818194059267476,19,2023-06-18 20:00:00+00:00,19,8,5,2,1,1
031401070104,3,125.00704956054688,1.39675742141163,10.0,0.6609546443319471,5,2023-06-16 09:00:00+00:00,5,1,1,0,0,0
031401070104,6,208.4154815673828,1.9076964351154564,25.0,0.8262566851723061,10,2023-06-16 10:00:00+00:00,10,5,2,1,0,0
031401070104,24,425.7273254394531,2.832492444783613,100.0,1.0196124520089094,13,2021-09-16 06:00:00+00:00,13,6,4,2,2,1
031401070104,72,472.2724914550781,2.5151092676684077,50.0,0.9240838191764195,18,2023-06-18 20:00:00+00:00,18,8,4,2,1,0
031401070201,1,75.61101531982422,1.2266800811748557,5.0,0.602674142529679,3,2025-10-05 19:00:00+00:00,3,1,0,0,0,0
031401070201,3,144.59645080566406,1.613451066994465,10.0,0.7590467121697577,5,2025-10-05 20:00:00+00:00,5,4,2,0,0,0
031401070201,6,239.7736053466797,2.185727717138196,50.0,0.9463224774880015,7,2025-10-05 22:00:00+00:00,7,5,3,2,1,0
031401070201,24,480.3431396484375,3.1785586487474613,100.0,1.156980486638547,11,2025-10-06 16:00:00+00:00,11,6,3,2,1,1
031401070201,72,518.98779296875,2.753169763152359,100.0,1.0176778368193067,15,2020-09-16 20:00:00+00:00,15,7,5,2,1,1
031401070202,1,86.19097137451172,1.398771747490216,10.0,0.6881130715881325,3,2025-10-05 19:00:00+00:00,3,2,1,0,0,0
031401070202,3,138.7779541015625,1.5488165990145804,10.0,0.7296333564724001,5,2025-10-05 21:00:00+00:00,5,4,3,0,0,0
031401070202,6,229.97219848632812,2.098485761604543,50.0,0.9087277922577051,8,2025-10-05 22:00:00+00:00,8,5,3,2,1,0
031401070202,24,491.0365905761719,3.25327678240424,200.0,1.1815920594230953,18,2025-10-06 17:00:00+00:00,18,6,3,2,2,1
031401070202,72,534.7647705078125,2.838079539002045,100.0,1.0478461547932174,16,2021-06-22 08:00:00+00:00,16,7,4,2,1,1
031401070203,1,87.22972869873047,1.415803963227273,10.0,0.6977524784796556,2,2025-10-05 19:00:00+00:00,2,1,1,0,0,0
031401070203,3,143.82022094726562,1.604509002482511,10.0,0.7579605961536826,4,2025-10-05 21:00:00+00:00,4,4,2,0,0,0
031401070203,6,237.008056640625,2.164410645617075,50.0,0.9367653776262286,10,2025-10-05 22:00:00+00:00,10,5,3,2,2,0
031401070203,24,484.4148864746094,3.222545987316671,100.0,1.1625737303030168,16,2025-10-06 17:00:00+00:00,16,7,3,2,2,1
031401070203,72,527.9661865234375,2.819484294512851,100.0,1.0378246536165872,18,2025-10-07 05:00:00+00:00,18,8,5,2,1,1
031401070204,3,107.06290435791016,1.1931516696280542,2.0,0.5653699675297746,2,2020-09-16 09:00:00+00:00,2,0,0,0,0,0
031401070204,6,173.66586303710938,1.5853227815143227,10.0,0.6852973887009302,10,2021-09-15 21:00:00+00:00,10,4,2,0,0,0
031401070204,24,382.0712585449219,2.5450299872334208,50.0,0.9103070429062277,13,2021-09-16 12:00:00+00:00,13,7,4,1,1,0
031401070204,72,436.0417785644531,2.333664020305348,50.0,0.8562648412545395,17,2021-09-17 12:00:00+00:00,17,8,5,1,1,0
031401070205,1,61.992286682128906,1.003712026194033,2.0,0.4939031658342483,1,2020-09-16 07:00:00+00:00,1,0,0,0,0,0
031401070205,3,147.11590576171875,1.6459559267274715,10.0,0.7762861445482895,3,2020-09-16 08:00:00+00:00,3,1,1,0,0,0
031401070205,6,241.1103515625,2.208375134564654,50.0,0.954706312616963,8,2021-04-15 15:00:00+00:00,8,2,2,1,1,0
031401070205,24,430.1269836425781,2.8613383512616295,100.0,1.033046843584766,9,2020-09-16 08:00:00+00:00,9,6,3,2,1,1
031401070205,72,474.879150390625,2.5426321543635884,50.0,0.9323998195556181,17,2021-08-31 13:00:00+00:00,17,8,2,2,2,0
031401070300,3,99.55862426757812,1.1114437784566593,2.0,0.5247618984035727,2,2020-09-16 07:00:00+00:00,2,0,0,0,0,0
031401070300,6,169.40740966796875,1.5487007573757132,10.0,0.6686623003179929,3,2020-09-16 08:00:00+00:00,3,2,1,0,0,0
031401070300,24,329.8567810058594,2.1943670060746436,25.0,0.7875195906864295,10,2020-09-16 09:00:00+00:00,10,4,2,1,0,0
031401070300,72,385.46246337890625,2.0649013270882066,25.0,0.7557500371778599,10,2020-09-16 15:00:00+00:00,10,5,2,1,0,0
031402010101,1,52.82889938354492,1.1124898735740882,2.0,0.5487836904643102,1,2020-09-17 01:00:00+00:00,1,0,0,0,0,0
031402010101,3,102.94593811035156,1.5804106716963864,10.0,0.7280295212140988,3,2020-09-17 02:00:00+00:00,3,1,1,0,0,0
031402010101,6,171.45240783691406,2.1849517511856167,50.0,0.9323288635878836,7,2020-09-17 02:00:00+00:00,7,2,1,1,1,0
031402010101,24,252.96925354003906,2.257232546982172,50.0,0.8812161174797708,13,2020-09-17 02:00:00+00:00,13,5,3,1,1,0
031402010101,72,305.5558776855469,2.162288427260865,50.0,0.8760113328249636,19,2024-12-11 12:00:00+00:00,19,7,5,3,1,0
031402010102,1,48.04725646972656,1.0066952802932623,2.0,0.49005951868572334,1,2015-11-18 22:00:00+00:00,1,0,0,0,0,0
031402010102,3,76.57815551757812,1.1683304770874414,2.0,0.5296385524823193,2,2020-09-17 02:00:00+00:00,2,0,0,0,0,0
031402010102,6,140.8866729736328,1.776977348741309,10.0,0.7453431071449994,7,2024-03-09 08:00:00+00:00,7,1,1,0,0,0
031402010102,24,228.08119201660156,2.0098460991021017,25.0,0.7731050134918959,16,2020-09-17 02:00:00+00:00,16,5,2,1,0,0
031402010102,72,258.5946960449219,1.813559722520241,10.0,0.7265101883651197,16,2023-06-16 02:00:00+00:00,16,7,5,0,0,0
031402010103,3,76.47359466552734,1.1606213074884333,2.0,0.5278913112209104,3,2020-09-17 02:00:00+00:00,3,0,0,0,0,0
031402010103,6,129.6464080810547,1.6291998057792407,10.0,0.6831198507595474,8,2020-09-17 01:00:00+00:00,8,1,1,0,0,0
031402010103,24,218.77542114257812,1.9252726484461544,25.0,0.7375952616925849,13,2020-09-17 02:00:00+00:00,13,5,2,1,0,0
031402010103,72,262.29742431640625,1.8404093409285018,25.0,0.7353366943164373,17,2023-06-16 02:00:00+00:00,17,9,6,1,0,0
031402010104,1,161.36361694335938,3.3539779894368946,1000.0,1.631269122417472,1,2024-06-10 21:00:00+00:00,1,1,1,1,1,1
031402010104,3,250.03866577148438,3.7798875359284314,1000.0,1.7028400497989957,5,2024-06-10 21:00:00+00:00,5,1,1,1,1,1
031402010104,6,255.03488159179688,3.1834082786084044,200.0,1.3209089007634836,8,2024-06-10 23:00:00+00:00,8,2,2,1,1,1
031402010104,24,255.40628051757812,2.2314488612250156,25.0,0.847123586528818,16,2024-06-10 23:00:00+00:00,16,5,3,1,0,0
031402010104,72,255.40628051757812,1.7861604160354814,10.0,0.7094359694558633,17,2024-06-10 23:00:00+00:00,17,9,5,0,0,0
031402010201,3,92.78309631347656,1.3924988860726917,5.0,0.6232297980793992,2,2006-11-15 22:00:00+00:00,2,1,0,0,0,0
031402010201,6,115.84530639648438,1.4337353525444223,5.0,0.5901679810756879,5,2024-03-09 09:00:00+00:00,5,2,0,0,0,0
031402010201,24,189.5571746826172,1.6447112856746384,10.0,0.6198176120986165,13,2023-06-15 16:00:00+00:00,13,3,3,0,0,0
031402010201,72,260.9134826660156,1.8193385007240501,10.0,0.719215617875668,13,2023-06-16 02:00:00+00:00,13,8,2,0,0,0
031402010202,3,99.7859878540039,1.4959465045310867,10.0,0.6695319486004714,5,2020-09-16 21:00:00+00:00,5,1,1,0,0,0
031402010202,6,117.25154113769531,1.4468402796407265,5.0,0.5963647786173433,6,2020-09-16 22:00:00+00:00,6,2,0,0,0,0
031402010202,24,184.9454345703125,1.5998263474253638,10.0,0.6038684780036242,15,2023-06-15 16:00:00+00:00,15,4,2,0,0,0
031402010202,72,272.81634521484375,1.9005899073861572,25.0,0.7525561513862404,20,2023-06-16 02:00:00+00:00,20,7,2,1,0,0
031402010203,3,87.67642211914062,1.302636110533941,5.0,0.578530961058755,3,2014-12-24 06:00:00+00:00,3,1,0,0,0,0
031402010203,6,107.8747787475586,1.323894935023409,5.0,0.5397012915549478,6,2024-03-09 09:00:00+00:00,6,1,0,0,0,0
031402010203,24,180.64234924316406,1.561932335150883,10.0,0.5841411491705331,16,2020-09-17 02:00:00+00:00,16,3,1,0,0,0
031402010203,72,255.2745819091797,1.7780198970150731,10.0,0.6987167233163781,15,2023-06-16 02:00:00+00:00,15,6,2,0,0,0
031402010204,3,83.57079315185547,1.2339442809474397,5.0,0.5465495110335377,3,2018-12-02 10:00:00+00:00,3,1,0,0,0,0
031402010204,6,100.4270248413086,1.2245315326818924,2.0,0.49835447145941625,6,2020-09-16 21:00:00+00:00,6,0,0,0,0,0
031402010204,24,182.53939819335938,1.5728890701766598,10.0,0.5884400548991926,14,2020-09-17 02:00:00+00:00,14,3,1,0,0,0
031402010204,72,260.8045959472656,1.8149011934989072,10.0,0.7129546966073662,14,2020-09-17 17:00:00+00:00,14,7,2,0,0,0
031402010205,1,62.042667388916016,1.2621903470791183,5.0,0.6121653855639257,2,2015-11-01 09:00:00+00:00,2,1,0,0,0,0
031402010205,3,97.65556335449219,1.4381189687578702,10.0,0.643252451096724,10,2024-03-09 11:00:00+00:00,10,3,1,0,0,0
031402010205,6,157.38096618652344,1.916581707833336,25.0,0.789174447535644,8,2024-09-15 06:00:00+00:00,8,4,2,1,0,0
031402010205,24,180.92184448242188,1.5671439688453643,10.0,0.5922902285540662,18,2024-09-15 18:00:00+00:00,18,5,1,0,0,0
031402010205,72,277.52972412109375,1.9444454925868593,25.0,0.7685150500725274,19,2024-09-15 11:00:00+00:00,19,10,4,1,0,0
031402010206,1,64.3336181640625,1.2944735402544567,5.0,0.6282173338830915,4,2016-06-29 04:00:00+00:00,4,2,0,0,0,0
031402010206,3,100.57457733154297,1.4628400584388563,10.0,0.6503889978632901,6,2024-03-09 11:00:00+00:00,6,2,1,0,0,0
031402010206,6,155.41085815429688,1.8741252904104886,25.0,0.7659141473047876,10,2021-08-17 03:00:00+00:00,10,2,1,1,0,0
031402010206,24,175.28477478027344,1.5134680790972526,5.0,0.568786607983349,18,2020-09-17 05:00:00+00:00,18,3,0,0,0,0
031402010206,72,267.7237243652344,1.8741469471164907,25.0,0.7354746709578456,20,2020-09-17 07:00:00+00:00,20,7,4,1,0,0
031402010207,1,51.13016891479492,1.0324610406025967,2.0,0.49821929352377897,1,2007-04-15 01:00:00+00:00,1,0,0,0,0,0
031402010207,3,90.11553955078125,1.3162175945438175,5.0,0.5815308496973538,7,2017-01-22 06:00:00+00:00,7,2,0,0,0,0
031402010207,6,118.5810317993164,1.4340100985318147,5.0,0.5820826195007178,10,2021-08-17 03:00:00+00:00,10,3,0,0,0,0
031402010207,24,179.73448181152344,1.5471157405903027,10.0,0.578330095635275,16,2020-09-17 05:00:00+00:00,16,3,1,0,0,0
031402010207,72,260.2480773925781,1.8124584527075336,10.0,0.7100629899979707,18,2020-09-17 17:00:00+00:00,18,8,2,0,0,0
031402010208,3,84.5780029296875,1.2082784856388353,2.0,0.5340149728916858,5,2016-06-29 05:00:00+00:00,5,0,0,0,0,0
031402010208,6,131.00067138671875,1.555389166381039,10.0,0.6304765456899794,7,2020-09-16 20:00:00+00:00,7,1,1,0,0,0
031402010208,24,176.21524047851562,1.504937950660721,5.0,0.5607041090751836,17,2020-09-16 23:00:00+00:00,17,5,0,0,0,0
031402010208,72,253.84613037109375,1.759708965021022,10.0,0.684777282276528,18,2020-09-17 17:00:00+00:00,18,6,2,0,0,0
031402010301,3,82.11554718017578,1.2112162123560897,2.0,0.5266937239486325,5,2024-01-09 14:00:00+00:00,5,0,0,0,0,0
031402010301,6,121.9916763305664,1.4982462870139952,10.0,0.5967906700286978,7,2024-03-09 08:00:00+00:00,7,1,1,0,0,0
031402010301,24,205.2100372314453,1.7876614809818065,10.0,0.6654051508696219,14,2020-09-17 01:00:00+00:00,14,5,1,0,0,0
031402010301,72,283.90960693359375,1.9850310317238367,25.0,0.7763277057234019,18,2024-12-11 11:00:00+00:00,18,10,6,2,0,0
031402010302,3,75.41486358642578,1.1113219244770913,2.0,0.4875760662401042,3,2015-11-18 23:00:00+00:00,3,0,0,0,0,0
031402010302,6,117.32855987548828,1.4386500118072745,5.0,0.5774608492535203,5,2024-03-09 08:00:00+00:00,5,1,0,0,0,0
031402010302,24,203.050537109375,1.767394463270462,10.0,0.6568414364115307,14,2020-09-17 01:00:00+00:00,14,4,1,0,0,0
031402010302,72,247.3880157470703,1.729817337072901,10.0,0.6763386409974617,16,2024-09-27 08:00:00+00:00,16,11,5,0,0,0
031402010303,1,55.09150314331055,1.1023826000065313,2.0,0.5321370919767562,1,1984-05-03 12:00:00+00:00,1,0,0,0,0,0
031402010303,3,72.65083312988281,1.0522456285655566,2.0,0.4553274141794891,3,2006-11-15 21:00:00+00:00,3,0,0,0,0,0
031402010303,6,104.28569793701172,1.2583994787588453,5.0,0.4974142974248147,6,2024-03-09 09:00:00+00:00,6,2,0,0,0,0
031402010303,24,197.77354431152344,1.7043184375377707,10.0,0.6262718115094899,15,2024-03-09 11:00:00+00:00,15,6,1,0,0,0
031402010303,72,254.42979431152344,1.7677904994723888,10.0,0.6845900508211237,14,2020-09-17 17:00:00+00:00,14,10,5,0,0,0
031402010304,1,57.906585693359375,1.1461347830085598,2.0,0.5537440931333681,1,1984-05-03 12:00:00+00:00,1,0,0,0,0,0
031402010304,3,80.29203796386719,1.1472314144609417,2.0,0.5005965820658044,3,2015-04-19 15:00:00+00:00,3,0,0,0,0,0
031402010304,6,120.90318298339844,1.4385788190061208,5.0,0.5727695776884992,4,2024-03-09 09:00:00+00:00,4,2,0,0,0,0
031402010304,24,192.56471252441406,1.6451130017087137,10.0,0.6026951945393259,14,2024-03-09 12:00:00+00:00,14,5,1,0,0,0
031402010304,72,244.51446533203125,1.6916461640641156,10.0,0.6532823069263136,17,2024-09-27 08:00:00+00:00,17,7,3,0,0,0
031402010401,1,50.0594367980957,1.0490487886498485,2.0,0.5200298047422434,1,2020-09-17 01:00:00+00:00,1,0,0,0,0,0
031402010401,3,118.74418640136719,1.8133489903960567,25.0,0.8349208892001716,3,2020-09-17 01:00:00+00:00,3,1,1,1,0,0
031402010401,6,169.34219360351562,2.148221582354574,50.0,0.9132068542053248,8,2024-01-09 15:00:00+00:00,8,1,1,1,1,0
031402010401,24,256.2845764160156,2.2807493588169088,50.0,0.8859441910906186,13,2020-09-17 02:00:00+00:00,13,6,3,1,1,0
031402010401,72,312.95318603515625,2.2146740489343104,50.0,0.8942674008160394,19,2024-12-11 11:00:00+00:00,19,7,6,3,1,0
031402010402,1,57.523868560791016,1.2012446802911159,2.0,0.5955615862029204,3,2020-09-17 00:00:00+00:00,3,0,0,0,0,0
031402010402,3,130.5301055908203,1.9856992988988893,50.0,0.9085511437967326,6,2024-01-09 14:00:00+00:00,6,2,1,1,1,0
031402010402,6,171.04920959472656,2.1629367629119667,50.0,0.9129851679248967,9,2024-01-09 15:00:00+00:00,9,2,1,1,1,0
031402010402,24,251.45346069335938,2.2325994735659687,50.0,0.8650503642950457,15,2020-09-17 02:00:00+00:00,15,5,3,1,1,0
031402010402,72,302.97064208984375,2.140261448216713,25.0,0.8621462954882079,17,2024-12-11 11:00:00+00:00,17,9,5,3,0,0
031402010403,1,49.79155731201172,1.0248788852285262,2.0,0.5019198261350933,1,2015-11-18 21:00:00+00:00,1,0,0,0,0,0
031402010403,3,89.41889953613281,1.3381859776150935,5.0,0.5964769929226755,4,2020-09-17 01:00:00+00:00,4,1,0,0,0,0
031402010403,6,137.1947479248047,1.7073074012134806,10.0,0.6984600191059237,6,2024-01-09 15:00:00+00:00,6,1,1,0,0,0
031402010403,24,215.5161895751953,1.892667853567102,10.0,0.7152162601791188,15,2020-09-17 02:00:00+00:00,15,6,2,0,0,0
031402010403,72,272.0325622558594,1.9103974080394366,25.0,0.7556858472495376,17,2024-12-11 11:00:00+00:00,17,8,6,2,0,0
031402010404,3,87.86766052246094,1.3143841341167928,5.0,0.5882225431823972,3,2020-09-17 01:00:00+00:00,3,1,0,0,0,0
031402010404,6,122.49344635009766,1.5217521126779252,10.0,0.6244469087539463,7,2024-03-09 08:00:00+00:00,7,1,1,0,0,0
031402010404,24,205.52587890625,1.8014911673397291,10.0,0.6783460096831243,16,2020-09-17 02:00:00+00:00,16,5,2,0,0,0
031402010404,72,256.0921325683594,1.7970519345981317,10.0,0.7092904080714442,18,2020-09-17 11:00:00+00:00,18,9,6,0,0,0
031402010405,1,50.50143051147461,1.037994622237959,2.0,0.5056995724436939,1,2004-09-16 14:00:00+00:00,1,0,0,0,0,0
031402010405,3,72.77165985107422,1.0863811827119512,2.0,0.48546532794122094,2,2004-09-16 15:00:00+00:00,2,0,0,0,0,0
031402010405,6,107.83185577392578,1.3342039544645625,5.0,0.5466879864881972,6,2024-03-09 08:00:00+00:00,6,1,0,0,0,0
031402010405,24,200.38070678710938,1.7478502414042272,10.0,0.6560085195734432,14,2023-06-15 16:00:00+00:00,14,4,1,0,0,0
031402010405,72,239.96873474121094,1.6790832640136706,10.0,0.66132953306931,18,2024-09-27 08:00:00+00:00,18,10,4,0,0,0
031402010406,3,87.91265106201172,1.282085692439134,5.0,0.5637562409075317,2,2012-08-07 10:00:00+00:00,2,1,0,0,0,0
031402010406,6,123.99359893798828,1.5012626699513403,10.0,0.6038524719132211,4,2024-03-09 09:00:00+00:00,4,1,1,0,0,0
031402010406,24,177.4519500732422,1.5295266819272804,5.0,0.5657263069042876,16,2020-09-17 01:00:00+00:00,16,2,0,0,0,0
031402010406,72,241.75350952148438,1.6819962450013413,10.0,0.6550285344093769,16,2020-09-17 17:00:00+00:00,16,8,2,0,0,0
031402010407,1,60.405582427978516,1.1958954303311389,2.0,0.5784149664834493,3,2024-06-10 22:00:00+00:00,3,0,0,0,0,0
031402010407,3,99.20127868652344,1.4167924929222697,5.0,0.6228003135804127,4,2024-06-10 23:00:00+00:00,4,2,0,0,0,0
031402010407,6,124.75373840332031,1.481455401466506,10.0,0.5959759527001425,8,2024-06-10 23:00:00+00:00,8,1,1,0,0,0
031402010407,24,173.81756591796875,1.4825309750105682,5.0,0.5481349259813519,20,2024-09-12 15:00:00+00:00,20,4,0,0,0,0
031402010407,72,246.95852661132812,1.7083803417436216,10.0,0.6627035207207376,17,2020-09-17 16:00:00+00:00,17,7,2,0,0,0
031402010501,1,59.47758865356445,1.175909416677337,2.0,0.5755085533886826,2,2024-03-09 11:00:00+00:00,2,0,0,0,0,0
031402010501,3,113.81378173828125,1.6205952609791425,10.0,0.7237886197471581,9,2024-04-10 23:00:00+00:00,9,3,1,0,0,0
031402010501,6,191.07785034179688,2.2636816447390005,50.0,0.9307023235076014,15,2024-04-11 02:00:00+00:00,15,4,2,1,1,0
031402010501,24,207.5714569091797,1.7820762638327554,10.0,0.6737004108906052,24,2024-09-27 04:00:00+00:00,24,6,2,0,0,0
031402010501,72,259.0346984863281,1.8052603836025074,10.0,0.7041574000438046,20,2024-09-27 08:00:00+00:00,20,9,7,0,0,0
031402010502,1,61.170196533203125,1.1934780463851982,2.0,0.5778853766616393,2,2009-03-28 16:00:00+00:00,2,0,0,0,0,0
031402010502,3,122.45758819580078,1.7136532167893233,10.0,0.7566786020406222,7,2024-04-10 23:00:00+00:00,7,3,1,0,0,0
031402010502,6,194.26109313964844,2.2651909677495126,50.0,0.923699055658289,14,2024-04-11 02:00:00+00:00,14,4,1,1,1,0
031402010502,24,224.9682159423828,1.9060829475613714,10.0,0.7179880732619921,23,2024-09-27 04:00:00+00:00,23,7,2,0,0,0
031402010502,72,266.4619140625,1.8272575335595196,10.0,0.7063845378095269,17,2020-09-16 21:00:00+00:00,17,10,5,0,0,0
031402010503,1,56.791160583496094,1.128659516206223,2.0,0.5517906087187832,2,2009-03-28 13:00:00+00:00,2,0,0,0,0,0
031402010503,3,104.03861236572266,1.4917774622567794,10.0,0.6665381818187184,4,2024-03-09 11:00:00+00:00,4,3,1,0,0,0
031402010503,6,175.447509765625,2.09033998077362,25.0,0.8579501032436964,9,2024-03-09 12:00:00+00:00,9,2,1,1,0,0
031402010503,24,188.46649169921875,1.6200988240311331,10.0,0.609915577981434,21,2024-09-27 04:00:00+00:00,21,4,1,0,0,0
031402010503,72,268.9701843261719,1.8795747207993285,25.0,0.7349870258667577,17,2020-09-17 20:00:00+00:00,17,8,4,1,0,0
031402010504,3,101.62647247314453,1.4050899563925192,5.0,0.6223237073746996,6,2024-03-09 11:00:00+00:00,6,4,0,0,0,0
031402010504,6,164.14210510253906,1.892745891504339,25.0,0.7713140291414468,12,2024-03-09 11:00:00+00:00,12,3,2,1,0,0
031402010504,24,188.39295959472656,1.5803395451078062,10.0,0.5902115544082503,18,2024-09-27 05:00:00+00:00,18,5,2,0,0,0
031402010504,72,259.4574890136719,1.7662901188304838,10.0,0.6800822904682322,15,2020-09-16 21:00:00+00:00,15,8,4,0,0,0
031402010601,1,56.43185806274414,1.0956808945480145,2.0,0.5302078743180201,1,1984-05-03 12:00:00+00:00,1,0,0,0,0,0
031402010601,3,88.22714233398438,1.2311071903291009,5.0,0.5393165319524711,3,2020-09-16 19:00:00+00:00,3,1,0,0,0,0
031402010601,6,124.38735961914062,1.4478077582939934,5.0,0.5792415883290563,6,2020-09-16 19:00:00+00:00,6,2,0,0,0,0
031402010601,24,198.67958068847656,1.6749624861056647,10.0,0.6137857669774007,19,2020-09-16 22:00:00+00:00,19,5,1,0,0,0
031402010601,72,252.1089630126953,1.7268200904498576,10.0,0.6632568870154147,17,2020-09-16 22:00:00+00:00,17,7,4,0,0,0
031402010602,3,83.60633850097656,1.1679782790269,2.0,0.5152530204009055,6,2022-03-18 20:00:00+00:00,6,0,0,0,0,0
031402010602,6,126.65269470214844,1.474512074652273,10.0,0.5956702542551252,7,2020-09-16 20:00:00+00:00,7,3,1,0,0,0
031402010602,24,194.64903259277344,1.641511568200519,10.0,0.6074784468222617,17,2020-09-16 22:00:00+00:00,17,5,1,0,0,0
031402010602,72,250.0124053955078,1.7139534183626994,10.0,0.6613810524479152,15,2020-09-17 16:00:00+00:00,15,7,2,0,0,0
031402010603,3,85.7784423828125,1.1768290139963649,2.0,0.5193950628303374,4,2022-03-18 20:00:00+00:00,4,0,0,0,0,0
031402010603,6,131.85763549804688,1.5106270025968767,10.0,0.6110617705216606,6,2022-03-18 22:00:00+00:00,6,2,1,0,0,0
031402010603,24,198.6102752685547,1.6580750312861934,10.0,0.6118671563415643,15,2020-09-16 22:00:00+00:00,15,4,2,0,0,0
031402010603,72,266.4674987792969,1.8073289115941114,10.0,0.6922008464336992,13,2020-09-16 22:00:00+00:00,13,8,3,0,0,0
031402010604,1,63.03391647338867,1.1952312276612376,2.0,0.5784402696679704,1,2004-06-17 23:00:00+00:00,1,0,0,0,0,0
031402010604,3,98.93109893798828,1.337338762822825,5.0,0.5919689816131772,5,2022-03-18 20:00:00+00:00,5,1,0,0,0,0
031402010604,6,142.24911499023438,1.6077903327940501,10.0,0.6543029001865905,7,2022-03-18 22:00:00+00:00,7,2,1,0,0,0
031402010604,24,195.05038452148438,1.615068724698643,10.0,0.5973556304210518,16,2020-09-16 22:00:00+00:00,16,5,2,0,0,0
031402010604,72,271.1243591308594,1.8207361032435283,10.0,0.6932758281867184,17,2020-09-16 22:00:00+00:00,17,6,4,0,0,0
031402010701,1,58.744178771972656,1.1563931731558141,2.0,0.5573762502633466,1,1984-05-03 12:00:00+00:00,1,0,0,0,0,0
031402010701,3,72.77112579345703,1.033073617064233,2.0,0.44644127036403525,2,2005-03-27 14:00:00+00:00,2,0,0,0,0,0
031402010701,6,112.06183624267578,1.3272024640351108,5.0,0.5237760536293864,5,2024-03-09 09:00:00+00:00,5,2,0,0,0,0
031402010701,24,202.65908813476562,1.7267452712789073,10.0,0.6312835996990035,15,2024-03-09 12:00:00+00:00,15,7,1,0,0,0
031402010701,72,249.71890258789062,1.7206807101603037,10.0,0.6615012446617939,14,2020-09-17 17:00:00+00:00,14,8,6,0,0,0
031402010702,1,52.0354118347168,1.0209007716161835,2.0,0.4909084561981691,1,1984-05-03 12:00:00+00:00,1,0,0,0,0,0
031402010702,3,76.22161865234375,1.0768977195161162,2.0,0.4637284642592529,1,2006-11-15 21:00:00+00:00,1,0,0,0,0,0
031402010702,6,116.30502319335938,1.372011749740062,5.0,0.5404719394767353,8,2024-03-09 09:00:00+00:00,8,2,0,0,0,0
031402010702,24,207.62757873535156,1.7647550697184984,10.0,0.6451782002013698,14,2024-03-09 12:00:00+00:00,14,7,1,0,0,0
031402010702,72,257.66888427734375,1.7682725397206118,10.0,0.6769168309043796,14,2020-09-17 17:00:00+00:00,14,8,7,0,0,0
031402010703,1,53.661888122558594,1.0310422647080586,2.0,0.4976790533928108,1,1984-05-03 12:00:00+00:00,1,0,0,0,0,0
031402010703,3,83.9697265625,1.1552514897325061,2.0,0.5046554670509293,4,2015-04-19 15:00:00+00:00,4,0,0,0,0,0
031402010703,6,126.32145690917969,1.4528704948265039,5.0,0.5802527922689553,6,2024-03-09 09:00:00+00:00,6,2,0,0,0,0
031402010703,24,189.67247009277344,1.5894723222344136,10.0,0.5802652792513467,16,2024-03-09 12:00:00+00:00,16,6,2,0,0,0
031402010703,72,260.70758056640625,1.7721423218513261,10.0,0.6754895674152851,17,2020-09-16 22:00:00+00:00,17,7,4,0,0,0
031402010801,3,89.56640625,1.2296624950057942,5.0,0.5343489820427434,5,2022-03-18 19:00:00+00:00,5,1,0,0,0,0
031402010801,6,137.4765625,1.5799235858153218,10.0,0.62997102797956,8,2024-03-09 09:00:00+00:00,8,3,1,0,0,0
031402010801,24,217.31130981445312,1.8209187996981178,10.0,0.6643686856130814,14,2024-03-09 12:00:00+00:00,14,8,1,0,0,0
031402010801,72,269.3753356933594,1.8201052911465732,10.0,0.6875588834018459,13,2020-09-17 18:00:00+00:00,13,9,6,0,0,0
031402010802,1,54.04080581665039,1.0173270932603278,2.0,0.488333292741946,1,2003-02-16 10:00:00+00:00,1,0,0,0,0,0
031402010802,3,96.07394409179688,1.2830957377251488,5.0,0.5635709537540681,6,2022-03-18 19:00:00+00:00,6,1,0,0,0,0
031402010802,6,129.1007843017578,1.4466588807634324,5.0,0.5842220781549219,8,2024-03-09 09:00:00+00:00,8,2,0,0,0,0
031402010802,24,222.39895629882812,1.8393724978135686,10.0,0.6700568418220809,15,2024-03-09 12:00:00+00:00,15,7,1,0,0,0
031402010802,72,273.27886962890625,1.8224911814186366,10.0,0.6817536072210959,13,2020-09-16 22:00:00+00:00,13,8,5,0,0,0
031402010803,3,89.44850158691406,1.2182651758545604,5.0,0.5327250167229745,5,2020-09-16 19:00:00+00:00,5,1,0,0,0,0
031402010803,6,143.57540893554688,1.6372140440788738,10.0,0.6561011420965008,7,2024-03-09 09:00:00+00:00,7,2,1,0,0,0
031402010803,24,228.98269653320312,1.912096208901644,10.0,0.6983174602963529,15,2024-03-09 12:00:00+00:00,15,7,2,0,0,0
031402010803,72,265.6230773925781,1.7949877029586445,10.0,0.6805091903628926,14,2020-09-16 22:00:00+00:00,14,8,6,0,0,0
031402010901,3,100.50768280029297,1.3374340618263632,5.0,0.5899643302232248,5,2022-03-18 19:00:00+00:00,5,2,0,0,0,0
031402010901,6,136.37643432617188,1.5225232257254508,10.0,0.6175262135717503,6,2022-03-18 21:00:00+00:00,6,2,2,0,0,0
031402010901,24,225.90692138671875,1.8653667494884956,10.0,0.6820818170970562,14,2020-09-16 22:00:00+00:00,14,6,2,0,0,0
031402010901,72,267.70391845703125,1.786217655369569,10.0,0.6711342958056624,14,2020-09-16 22:00:00+00:00,14,7,5,0,0,0
031402010902,3,104.1562728881836,1.376294141441381,5.0,0.6089637155622918,5,2022-03-18 19:00:00+00:00,5,2,0,0,0,0
031402010902,6,144.6196746826172,1.6036600073867464,10.0,0.6532888010712018,8,2022-03-18 21:00:00+00:00,8,2,2,0,0,0
031402010902,24,231.96241760253906,1.9071358418936917,10.0,0.6988485587195071,17,2020-09-16 21:00:00+00:00,17,5,2,0,0,0
031402010902,72,272.542724609375,1.8108665199848357,10.0,0.6794672478262415,14,2020-09-16 22:00:00+00:00,14,7,5,0,0,0
031402010903,3,95.35901641845703,1.2952967452798847,5.0,0.5703275227321305,5,2022-03-18 19:00:00+00:00,5,1,0,0,0,0
031402010903,6,121.96836853027344,1.3858923018248182,5.0,0.5592840742725662,6,2020-09-16 19:00:00+00:00,6,1,0,0,0,0
031402010903,24,194.3234405517578,1.6165788120818765,10.0,0.5932109650200209,18,2020-09-16 22:00:00+00:00,18,5,2,0,0,0
031402010903,72,269.95953369140625,1.8217462675253273,10.0,0.693233067263562,18,2020-09-16 22:00:00+00:00,18,6,4,0,0,0
031402010904,1,68.10134887695312,1.2768241943585947,5.0,0.6150891161437597,1,2004-06-17 23:00:00+00:00,1,1,0,0,0,0
031402010904,3,104.3914794921875,1.388744099333042,5.0,0.6147372504169119,4,2022-03-18 20:00:00+00:00,4,2,0,0,0,0
031402010904,6,147.4370880126953,1.6430725988809887,10.0,0.670297197591686,10,2022-03-18 21:00:00+00:00,10,3,2,0,0,0
031402010904,24,226.57501220703125,1.862159133349103,10.0,0.686218142352837,17,2020-09-16 21:00:00+00:00,17,7,1,0,0,0
031402010904,72,268.8891906738281,1.7866643842383427,10.0,0.673210381958734,17,2020-09-16 22:00:00+00:00,17,7,5,0,0,0
031402011001,1,58.28936004638672,1.1270602586191856,2.0,0.5366742631863739,5,2016-03-31 21:00:00+00:00,5,0,0,0,0,0
031402011001,3,136.6746826171875,1.8848115798125908,25.0,0.8193917733680108,11,2024-04-10 23:00:00+00:00,11,4,1,1,0,0
031402011001,6,199.53326416015625,2.294799591147807,50.0,0.9272248727479693,17,2024-04-11 02:00:00+00:00,17,6,2,1,1,0
031402011001,24,228.8956298828125,1.918619374377556,25.0,0.7210007870145498,22,2024-09-27 04:00:00+00:00,22,7,3,1,0,0
031402011001,72,286.75677490234375,1.9341374981521846,25.0,0.7386060777038507,19,2020-09-16 22:00:00+00:00,19,9,6,2,0,0
031402011002,1,57.09608459472656,1.0940738645181842,2.0,0.5269318722110281,2,2016-03-31 21:00:00+00:00,2,0,0,0,0,0
031402011002,3,115.75926208496094,1.5841493053744533,10.0,0.6978256560391292,8,2024-03-09 11:00:00+00:00,8,4,1,0,0,0
031402011002,6,191.4989471435547,2.187609781005354,50.0,0.8901995595793445,10,2024-03-09 11:00:00+00:00,10,5,2,1,1,0
031402011002,24,217.14662170410156,1.808865663106307,10.0,0.6753974858009896,22,2024-09-27 05:00:00+00:00,22,6,4,0,0,0
031402011002,72,281.7936706542969,1.8968741144722652,25.0,0.7241517313026814,18,2020-09-16 22:00:00+00:00,18,11,6,1,0,0
031402011003,1,65.46539306640625,1.239963016926656,5.0,0.5979639848506003,2,2022-03-18 18:00:00+00:00,2,1,0,0,0,0
031402011003,3,110.89897918701172,1.496037251478078,10.0,0.661448138260715,7,2024-03-09 11:00:00+00:00,7,3,1,0,0,0
031402011003,6,172.17041015625,1.9416318285630363,25.0,0.7915843437793746,11,2022-03-18 22:00:00+00:00,11,4,2,1,0,0
031402011003,24,216.00563049316406,1.7842093861912196,10.0,0.6617081538144062,21,2020-09-16 21:00:00+00:00,21,8,2,0,0,0
031402011003,72,265.8919372558594,1.7766168847444828,10.0,0.674066340852422,18,2020-09-16 22:00:00+00:00,18,10,5,0,0,0
031402011004,1,65.3509750366211,1.2454704504358458,5.0,0.595710867218844,2,2016-03-31 21:00:00+00:00,2,1,0,0,0,0
031402011004,3,130.15237426757812,1.7677684127585966,25.0,0.774641276554213,10,2024-03-09 11:00:00+00:00,10,5,1,1,0,0
031402011004,6,208.04248046875,2.3595808334497996,50.0,0.9573099738421896,12,2024-03-09 11:00:00+00:00,12,5,2,2,1,0
031402011004,24,245.18829345703125,2.0296917394630665,25.0,0.7547935026240352,20,2020-09-16 21:00:00+00:00,20,7,4,2,0,0
031402011004,72,303.8180236816406,2.0262480075066063,25.0,0.7666216290017236,19,2020-09-16 22:00:00+00:00,19,10,6,2,0,0
031402011101,3,95.94023132324219,1.2499684519900196,5.0,0.5517328926775903,3,2022-03-18 19:00:00+00:00,3,1,0,0,0,0
031402011101,6,121.83149719238281,1.3316120925375572,5.0,0.540115389260381,5,2024-01-09 14:00:00+00:00,5,1,0,0,0,0
031402011101,24,206.56166076660156,1.6689649534076267,10.0,0.5971450988043794,16,2020-09-16 21:00:00+00:00,16,5,1,0,0,0
031402011101,72,288.476806640625,1.8741730250801818,10.0,0.6808770306446704,10,2020-09-16 23:00:00+00:00,10,8,5,0,0,0
031402011102,3,98.4263916015625,1.285526645075369,5.0,0.5678818820044277,6,2022-03-18 19:00:00+00:00,6,2,0,0,0,0
031402011102,6,129.56173706054688,1.4211494290104436,5.0,0.5778317805920975,9,2024-01-09 15:00:00+00:00,9,1,0,0,0,0
031402011102,24,218.89759826660156,1.7832691130437532,10.0,0.6446804604355478,13,2020-09-16 21:00:00+00:00,13,5,1,0,0,0
031402011102,72,282.0481262207031,1.8508341849534184,10.0,0.6809019106753135,13,2020-09-16 22:00:00+00:00,13,6,5,0,0,0
031402011103,3,108.08499145507812,1.4053272046435459,5.0,0.6215829483752187,3,2022-03-18 19:00:00+00:00,3,1,0,0,0,0
031402011103,6,130.22555541992188,1.4161491590903985,5.0,0.5742574997526837,11,2024-01-09 14:00:00+00:00,11,3,0,0,0,0
031402011103,24,200.1942596435547,1.5969504306210989,10.0,0.5645440789152837,17,2020-09-16 18:00:00+00:00,17,5,1,0,0,0
031402011103,72,294.1505432128906,1.885638086923295,10.0,0.6754279634601955,16,2020-09-16 22:00:00+00:00,16,7,4,0,0,0
031402011104,1,58.72875213623047,1.077781219657284,2.0,0.5142130997407829,1,2012-08-07 13:00:00+00:00,1,0,0,0,0,0
031402011104,3,123.41398620605469,1.6002549786076083,10.0,0.707369984930601,7,2022-03-18 19:00:00+00:00,7,3,1,0,0,0
031402011104,6,146.4813690185547,1.591814261502182,10.0,0.6469872038183804,11,2022-03-18 21:00:00+00:00,11,6,3,0,0,0
031402011104,24,220.7881317138672,1.7725578723158095,10.0,0.6328794516386126,20,2020-09-16 21:00:00+00:00,20,6,1,0,0,0
031402011104,72,285.7537536621094,1.845671563672307,10.0,0.6664917730460055,17,2020-09-16 22:00:00+00:00,17,8,5,0,0,0
031402011105,1,58.64226150512695,1.0780845980658156,2.0,0.5142129989688791,2,2012-08-07 13:00:00+00:00,2,0,0,0,0,0
031402011105,3,129.79685974121094,1.6873943991169582,10.0,0.7451153139431068,7,2022-03-18 20:00:00+00:00,7,3,2,0,0,0
031402011105,6,183.260009765625,1.9961811148385524,25.0,0.8118328228697994,8,2022-03-18 21:00:00+00:00,8,5,3,1,0,0
031402011105,24,230.45199584960938,1.8523399165860306,10.0,0.6651947499589073,22,2020-09-16 20:00:00+00:00,22,6,2,0,0,0
031402011105,72,292.2845458984375,1.889884132147541,10.0,0.6855920974724667,16,2020-09-16 22:00:00+00:00,16,10,4,0,0,0
031402011106,1,56.99327087402344,1.0482484867505626,2.0,0.4989912473079839,2,2009-03-28 13:00:00+00:00,2,0,0,0,0,0
031402011106,3,149.30079650878906,1.9463204573990385,25.0,0.8589267126835356,10,2024-03-09 11:00:00+00:00,10,3,1,1,0,0
031402011106,6,230.26455688476562,2.5096315077667612,100.0,1.02004349218892,12,2022-03-18 21:00:00+00:00,12,4,3,1,1,1
031402011106,24,248.80471801757812,1.9851423309884209,25.0,0.7100405367845252,20,2020-09-16 18:00:00+00:00,20,6,3,1,0,0
031402011106,72,324.2661437988281,2.077292145107975,25.0,0.7486359389228703,16,2020-09-16 22:00:00+00:00,16,8,4,2,0,0
031402011201,1,54.43571853637695,1.0081218681260329,2.0,0.4831466530451243,1,1982-02-03 12:00:00+00:00,1,0,0,0,0,0
031402011201,3,103.01434326171875,1.3484111251164033,5.0,0.5965142456615168,5,2022-03-18 20:00:00+00:00,5,3,0,0,0,0
031402011201,6,156.05747985839844,1.713661672587475,10.0,0.6994736904979708,8,2022-03-18 21:00:00+00:00,8,5,3,0,0,0
031402011201,24,235.20425415039062,1.9147585913083123,10.0,0.6993565296926657,17,2020-09-16 21:00:00+00:00,17,7,1,0,0,0
031402011201,72,284.6507873535156,1.868365312715381,10.0,0.6929243031043965,19,2020-09-16 22:00:00+00:00,19,8,6,0,0,0
031402011202,1,59.446083068847656,1.1106460461403813,2.0,0.5296243041468828,2,2016-03-31 21:00:00+00:00,2,0,0,0,0,0
031402011202,3,127.19996643066406,1.686721535972399,10.0,0.7410935204044219,9,2024-03-09 11:00:00+00:00,9,5,1,0,0,0
031402011202,6,214.05958557128906,2.374423782717439,50.0,0.9644400214627605,11,2022-03-18 22:00:00+00:00,11,5,2,1,1,0
031402011202,24,234.66159057617188,1.9091074267055523,10.0,0.698774116584597,22,2020-09-16 21:00:00+00:00,22,7,3,0,0,0
031402011202,72,299.2538146972656,1.958683247144899,25.0,0.7258583418491626,16,2020-09-16 22:00:00+00:00,16,11,6,1,0,0
031402011203,1,62.60759735107422,1.159106066271925,2.0,0.5504486437254921,4,2016-03-31 21:00:00+00:00,4,0,0,0,0,0
031402011203,3,152.91151428222656,2.0088233019422006,50.0,0.8814880122990951,13,2024-03-09 11:00:00+00:00,13,4,2,1,1,0
031402011203,6,243.99667358398438,2.6799476090143606,100.0,1.0872393656917783,12,2024-03-09 12:00:00+00:00,12,5,4,1,1,1
031402011203,24,261.9707946777344,2.1048899960078216,25.0,0.7633457955389201,22,2020-09-16 19:00:00+00:00,22,6,3,2,0,0
031402011203,72,323.33990478515625,2.0858782752065834,25.0,0.7621762367036645,18,2020-09-16 22:00:00+00:00,18,10,4,2,0,0
031402020101,1,60.34584045410156,1.2861274926327697,5.0,0.6460084155654933,3,2020-09-17 01:00:00+00:00,3,1,0,0,0,0
031402020101,3,105.43805694580078,1.6407570239030131,10.0,0.7685816357640959,8,2020-09-17 02:00:00+00:00,8,3,1,0,0,0
031402020101,6,145.5185546875,1.8822715310888032,25.0,0.821223647969747,14,2024-09-14 19:00:00+00:00,14,4,2,1,0,0
031402020101,24,265.7022705078125,2.4030637888407544,50.0,0.9684535441353643,16,2024-09-14 19:00:00+00:00,16,5,4,3,1,0
031402020101,72,375.965087890625,2.694188591231767,100.0,1.1208460702198402,17,2024-12-11 11:00:00+00:00,17,9,6,2,2,1
031402020102,1,63.43766403198242,1.3493262775633388,5.0,0.6769711376690704,4,2020-09-17 01:00:00+00:00,4,3,0,0,0,0
031402020102,3,121.77017211914062,1.8912831091874418,25.0,0.8874141858849479,7,2025-05-27 03:00:00+00:00,7,3,1,1,0,0
031402020102,6,180.97348022460938,2.3372438983353785,100.0,1.018975841182837,15,2025-05-27 04:00:00+00:00,15,2,1,1,1,1
031402020102,24,259.8621826171875,2.3493074252520345,50.0,0.9393566184733034,16,2023-06-15 16:00:00+00:00,16,6,4,2,1,0
031402020102,72,343.91790771484375,2.4648819316393276,100.0,1.019211654619446,21,2025-05-29 20:00:00+00:00,21,7,6,3,2,1
031402020103,1,54.67477798461914,1.1590181097036087,2.0,0.5778183754027949,3,2020-09-17 01:00:00+00:00,3,0,0,0,0,0
031402020103,3,103.15646362304688,1.5952623048892602,10.0,0.7330541261615016,7,2024-09-14 17:00:00+00:00,7,2,1,0,0,0
031402020103,6,144.07806396484375,1.8515710736730449,25.0,0.7925718078038025,13,2024-09-14 19:00:00+00:00,13,2,2,1,0,0
031402020103,24,258.39691162109375,2.321034484278596,50.0,0.9291018275297398,13,2024-09-14 18:00:00+00:00,13,6,4,2,1,0
031402020103,72,358.16497802734375,2.5484613514360275,100.0,1.0526360022816306,18,2024-09-14 18:00:00+00:00,18,9,7,2,2,1
031402020104,3,118.87718200683594,1.8171901253486262,25.0,0.8252880598260436,5,2020-09-17 01:00:00+00:00,5,1,1,1,0,0
031402020104,6,156.72406005859375,1.9918040824102206,25.0,0.8381394990862159,9,2020-09-17 01:00:00+00:00,9,1,1,1,0,0
031402020104,24,231.98597717285156,2.065879477960532,25.0,0.8100592437450713,13,2020-09-17 04:00:00+00:00,13,4,4,1,0,0
031402020104,72,307.32977294921875,2.173106602963686,50.0,0.8826176582246325,18,2024-09-14 18:00:00+00:00,18,8,5,2,1,0
031402020201,1,45.8534049987793,1.0048394784325785,2.0,0.5090394664049219,1,2003-07-14 00:00:00+00:00,1,0,0,0,0,0
031402020201,3,83.36097717285156,1.332964853030275,5.0,0.6400341011812928,8,2025-03-16 07:00:00+00:00,8,5,0,0,0,0
031402020201,6,114.93562316894531,1.5243690782102493,10.0,0.6915455233440312,15,2025-03-16 08:00:00+00:00,15,5,1,0,0,0
031402020201,24,197.67910766601562,1.8270468702892364,25.0,0.7741289608056465,17,2024-09-14 19:00:00+00:00,17,8,3,1,0,0
031402020201,72,255.6734161376953,1.8650263902018478,25.0,0.8094170825972006,18,2024-09-14 19:00:00+00:00,18,9,8,2,0,0
031402020202,1,51.9597282409668,1.1301788265511017,2.0,0.5695849743995279,2,2025-03-16 05:00:00+00:00,2,0,0,0,0,0
031402020202,3,95.1169662475586,1.5093992545910109,10.0,0.7144418396629398,9,2025-03-16 07:00:00+00:00,9,4,1,0,0,0
031402020202,6,115.34183502197266,1.5181905183135385,10.0,0.67803669540974,19,2025-03-16 08:00:00+00:00,19,4,1,0,0,0
031402020202,24,203.18338012695312,1.8629237215723262,25.0,0.782219943514941,17,2024-09-14 19:00:00+00:00,17,8,4,1,0,0
031402020202,72,261.8749084472656,1.8947877189832112,25.0,0.815002545528285,19,2024-09-14 19:00:00+00:00,19,10,7,3,0,0
031402020203,1,51.918785095214844,1.1299781937980982,2.0,0.5678896160702467,3,2025-03-16 05:00:00+00:00,3,0,0,0,0,0
031402020203,3,94.12138366699219,1.4936446980085745,10.0,0.7031135985850006,8,2025-03-16 07:00:00+00:00,8,4,1,0,0,0
031402020203,6,114.55811309814453,1.5073941887475049,10.0,0.6704348483738302,16,2025-03-16 08:00:00+00:00,16,5,4,0,0,0
031402020203,24,203.20602416992188,1.8613110864861893,25.0,0.782796954069557,16,2020-09-17 06:00:00+00:00,16,8,4,1,0,0
031402020203,72,277.46575927734375,2.0039678872064535,25.0,0.8623327336618073,18,2024-09-14 18:00:00+00:00,18,8,5,3,0,0
031402020204,1,55.32197189331055,1.1940182004868303,2.0,0.5965529142638548,3,2025-03-16 05:00:00+00:00,3,0,0,0,0,0
031402020204,3,94.01502990722656,1.479342594774979,10.0,0.6859719923618641,7,2025-03-16 07:00:00+00:00,7,4,1,0,0,0
031402020204,6,120.1715087890625,1.568383797988929,10.0,0.6853697591862534,13,2025-03-16 08:00:00+00:00,13,4,2,0,0,0
031402020204,24,209.48997497558594,1.9034123674489962,25.0,0.789952659653534,14,2020-09-17 06:00:00+00:00,14,8,4,1,0,0
031402020204,72,296.8175048828125,2.127611968233772,50.0,0.9045971918052034,17,2024-09-14 17:00:00+00:00,17,9,7,3,1,0
031402020205,3,96.40097045898438,1.512541363133149,10.0,0.7075096580148224,13,2025-03-16 07:00:00+00:00,13,5,2,0,0,0
031402020205,6,126.59616088867188,1.6491948545466264,10.0,0.7235983613224568,19,2025-03-16 08:00:00+00:00,19,3,1,0,0,0
031402020205,24,214.0554962158203,1.9448152558921352,25.0,0.7995104284215508,16,2024-09-14 19:00:00+00:00,16,8,4,2,0,0
031402020205,72,290.21630859375,2.084475185134237,50.0,0.8807373172647104,14,2024-09-14 18:00:00+00:00,14,12,7,3,1,0
031402020206,1,51.78544998168945,1.1037547412302624,2.0,0.5461442146909758,2,2025-03-16 05:00:00+00:00,2,0,0,0,0,0
031402020206,3,93.24530792236328,1.448341121143012,10.0,0.6556571394145946,8,2025-03-16 07:00:00+00:00,8,4,2,0,0,0
031402020206,6,128.2933807373047,1.6537912317362096,10.0,0.702359842293145,12,2025-03-16 08:00:00+00:00,12,4,1,0,0,0
031402020206,24,208.47955322265625,1.8719526383417093,25.0,0.7594202943260939,14,2020-09-17 04:00:00+00:00,14,7,4,1,0,0
031402020206,72,272.9466552734375,1.935910090003636,25.0,0.8065273661625136,15,2020-09-17 20:00:00+00:00,15,10,7,4,0,0
031402020207,3,102.96072387695312,1.5868742950330794,10.0,0.7147979489889955,7,2020-09-17 01:00:00+00:00,7,2,1,0,0,0
031402020207,6,140.45947265625,1.79848814861225,25.0,0.7556789684819083,11,2020-09-17 02:00:00+00:00,11,3,1,1,0,0
031402020207,24,226.40931701660156,2.0245730381285485,25.0,0.8072131787978798,14,2020-09-17 04:00:00+00:00,14,5,4,2,0,0
031402020207,72,325.3675231933594,2.3041050396601723,50.0,0.947072597052131,17,2024-09-14 17:00:00+00:00,17,9,6,2,1,0
031402020301,3,108.53463745117188,1.661999368125176,10.0,0.7349787331921147,6,2020-09-17 01:00:00+00:00,6,2,1,0,0,0
031402020301,6,147.4430694580078,1.8755673228093475,25.0,0.7732968657571041,11,2020-09-17 01:00:00+00:00,11,3,1,1,0,0
031402020301,24,224.9731903076172,1.9980037622725106,25.0,0.7888553415053833,15,2020-09-17 03:00:00+00:00,15,6,4,1,0,0
031402020301,72,291.0942687988281,2.0489844591782798,25.0,0.834389653559351,16,2023-06-16 02:00:00+00:00,16,9,6,2,0,0
031402020302,1,52.12586975097656,1.0774262475520606,2.0,0.5269234432284542,2,2020-09-17 00:00:00+00:00,2,0,0,0,0,0
031402020302,3,115.07512664794922,1.7311210553343934,25.0,0.7632881045123603,7,2020-09-17 00:00:00+00:00,7,2,1,1,0,0
031402020302,6,154.7314453125,1.9366668095031374,25.0,0.7872312010195996,10,2024-01-09 15:00:00+00:00,10,3,1,1,0,0
031402020302,24,232.080078125,2.044091474895368,25.0,0.7809465131623893,16,2020-09-17 03:00:00+00:00,16,6,3,1,0,0
031402020302,72,287.578857421875,2.020325106050382,25.0,0.8042632649182455,14,2020-09-17 17:00:00+00:00,14,9,7,3,0,0
031402020303,1,49.34095764160156,1.0286715812508405,2.0,0.5006345642193398,1,2006-11-15 19:00:00+00:00,1,0,0,0,0,0
031402020303,3,99.76332092285156,1.513773041988111,10.0,0.6595347314674044,5,2020-09-17 00:00:00+00:00,5,2,2,0,0,0
031402020303,6,151.42489624023438,1.9095147319183035,25.0,0.7738221371038481,11,2020-09-17 01:00:00+00:00,11,3,1,1,0,0
031402020303,24,230.01869201660156,2.027348947868622,25.0,0.7893960873003789,16,2020-09-17 02:00:00+00:00,16,8,4,1,0,0
031402020303,72,308.9788818359375,2.163097104611745,50.0,0.8700635512330828,17,2023-06-16 17:00:00+00:00,17,10,6,4,1,0
031402020401,1,66.94641876220703,1.393330572907409,10.0,0.6771445670365724,1,2002-12-24 12:00:00+00:00,1,1,1,0,0,0
031402020401,3,95.4215087890625,1.4427419258229264,10.0,0.6311170840115095,5,2020-09-17 01:00:00+00:00,5,3,1,0,0,0
031402020401,6,135.6680145263672,1.703286278571472,10.0,0.6940838982141712,11,2020-09-17 01:00:00+00:00,11,3,2,0,0,0
031402020401,24,229.6255340576172,2.0081002987611742,25.0,0.7793896302756887,13,2020-09-17 02:00:00+00:00,13,6,2,1,0,0
031402020401,72,294.4907531738281,2.0423962225451335,25.0,0.8145582792397439,15,2023-06-17 05:00:00+00:00,15,9,6,3,0,0
031402020402,1,50.4796142578125,1.0480999251217897,2.0,0.5084786928886865,2,2006-11-15 19:00:00+00:00,2,0,0,0,0,0
031402020402,3,101.59420776367188,1.533482407915635,10.0,0.6659959499972213,6,2020-09-17 00:00:00+00:00,6,2,1,0,0,0
031402020402,6,145.2544403076172,1.821569860640282,25.0,0.7361244520042831,10,2020-09-17 01:00:00+00:00,10,5,1,1,0,0
031402020402,24,236.9089813232422,2.073442007534745,25.0,0.8030296657720504,16,2020-09-17 02:00:00+00:00,16,6,4,1,0,0
031402020402,72,316.2615661621094,2.1982730723824355,50.0,0.8772215399518056,16,2023-06-17 05:00:00+00:00,16,10,6,4,1,0
031402020403,1,52.79793167114258,1.0706382857679773,2.0,0.5148451195907782,1,2006-11-15 19:00:00+00:00,1,0,0,0,0,0
031402020403,3,101.04749298095703,1.483812458771214,10.0,0.6378651938840407,5,2020-09-17 00:00:00+00:00,5,2,2,0,0,0
031402020403,6,156.05941772460938,1.9076202879791586,25.0,0.7588982924736757,11,2020-09-17 00:00:00+00:00,11,3,1,1,0,0
031402020403,24,251.6024627685547,2.167845240161573,25.0,0.8159607535317154,14,2020-09-17 01:00:00+00:00,14,6,5,1,0,0
031402020403,72,330.2087097167969,2.268006693275181,50.0,0.8794111760205258,14,2020-09-17 18:00:00+00:00,14,11,5,3,1,0
031402020404,1,64.04851531982422,1.299806763985104,5.0,0.6233770468536161,1,2002-12-24 12:00:00+00:00,1,1,0,0,0,0
031402020404,3,93.66000366210938,1.3745399622957393,5.0,0.595614309662968,7,2020-09-17 00:00:00+00:00,7,3,0,0,0,0
031402020404,6,140.60316467285156,1.71579031525109,10.0,0.688537177777995,9,2020-09-17 00:00:00+00:00,9,3,1,0,0,0
031402020404,24,237.64491271972656,2.0358255333072086,25.0,0.7599720453877074,14,2020-09-17 02:00:00+00:00,14,5,3,1,0,0
031402020404,72,291.5201416015625,1.9845857886760505,25.0,0.7576150207485131,16,2025-05-12 19:00:00+00:00,16,11,5,2,0,0
031402020405,1,64.93738555908203,1.330471663909172,5.0,0.6421667475610713,1,2002-12-24 12:00:00+00:00,1,1,0,0,0,0
031402020405,3,100.29208374023438,1.4885284679804198,10.0,0.6481185739819116,6,2020-09-17 00:00:00+00:00,6,3,1,0,0,0
031402020405,6,142.80038452148438,1.761531193103333,10.0,0.7116388787714909,8,2020-09-17 00:00:00+00:00,8,4,1,0,0,0
031402020405,24,239.46266174316406,2.068021608661491,25.0,0.7840363781338927,14,2020-09-17 02:00:00+00:00,14,5,3,1,0,0
031402020405,72,283.0342102050781,1.9416926553248723,25.0,0.754967482583004,16,2025-05-12 19:00:00+00:00,16,9,5,2,0,0
031402020406,3,80.73539733886719,1.144562503047968,2.0,0.4886911407932931,6,2022-03-18 18:00:00+00:00,6,0,0,0,0,0
031402020406,6,126.82695770263672,1.4976373322988785,10.0,0.5900872536192305,7,2024-03-09 07:00:00+00:00,7,1,1,0,0,0
031402020406,24,217.3826446533203,1.8186804708139344,10.0,0.6587187218631144,13,2020-09-17 00:00:00+00:00,13,6,2,0,0,0
031402020406,72,324.1637268066406,2.160104946646395,25.0,0.7959259022799073,15,2020-09-17 18:00:00+00:00,15,9,6,1,0,0
031402020407,3,87.75426483154297,1.2452729571736971,5.0,0.5357282259273192,6,2022-03-18 18:00:00+00:00,6,1,0,0,0,0
031402020407,6,138.4120635986328,1.6366293989627467,10.0,0.6497416900439623,11,2024-04-11 01:00:00+00:00,11,1,1,0,0,0
031402020407,24,230.1550750732422,1.932418017629686,10.0,0.7054022035677602,13,2020-09-17 00:00:00+00:00,13,6,1,0,0,0
031402020407,72,313.50189208984375,2.098016661109669,25.0,0.7813460959218956,14,2025-05-12 19:00:00+00:00,14,9,6,1,0,0
031402020408,3,93.06358337402344,1.302319988574836,5.0,0.5616840572429906,5,2024-04-10 23:00:00+00:00,5,1,0,0,0,0
031402020408,6,132.77920532226562,1.5507719190271962,10.0,0.6162116009339674,9,2024-04-11 01:00:00+00:00,9,2,1,0,0,0
031402020408,24,226.77809143066406,1.89622444023915,10.0,0.6913495296158682,13,2020-09-17 00:00:00+00:00,13,6,1,0,0,0
031402020408,72,298.0543518066406,1.9915899870454563,25.0,0.7427015708057997,15,2025-05-12 19:00:00+00:00,15,10,7,2,0,0
031402020409,3,87.48617553710938,1.2025356893542678,2.0,0.5145721593483688,3,2022-03-18 18:00:00+00:00,3,0,0,0,0,0
031402020409,6,116.86080169677734,1.3397862078620282,5.0,0.5274786780312779,8,2024-04-11 01:00:00+00:00,8,1,0,0,0,0
031402020409,24,202.545166015625,1.6599862353143737,10.0,0.5917027507222136,14,2024-03-09 11:00:00+00:00,14,7,1,0,0,0
031402020409,72,302.9420471191406,1.981717694751672,25.0,0.7172358985328214,12,2020-09-17 18:00:00+00:00,12,8,5,2,0,0
031402020501,1,54.157981872558594,1.105617749181984,2.0,0.5331971422590445,1,2006-11-15 20:00:00+00:00,1,0,0,0,0,0
031402020501,3,105.80706024169922,1.5686789029391826,10.0,0.6716272067906506,9,2021-10-05 10:00:00+00:00,9,2,2,0,0,0
031402020501,6,167.17868041992188,2.0634840134247674,25.0,0.8158584233992894,10,2020-09-17 00:00:00+00:00,10,4,1,1,0,0
031402020501,24,251.71994018554688,2.190797996027706,25.0,0.8279537428370186,14,2020-09-17 01:00:00+00:00,14,8,4,1,0,0
031402020501,72,304.9594421386719,2.1206680356849796,25.0,0.8328702547948414,17,2024-12-11 11:00:00+00:00,17,11,7,4,0,0
031402020502,1,58.24455642700195,1.1863039174014014,2.0,0.5730417585591493,1,2006-11-15 20:00:00+00:00,1,0,0,0,0,0
031402020502,3,99.50177001953125,1.471914425841207,10.0,0.6324302200304172,6,2020-09-17 00:00:00+00:00,6,3,2,0,0,0
031402020502,6,147.20687866210938,1.8135849660037207,10.0,0.7170789349548217,9,2024-01-09 15:00:00+00:00,9,3,2,0,0,0
031402020502,24,230.2694549560547,2.0064513572544747,25.0,0.7533079104125353,16,2020-09-17 03:00:00+00:00,16,7,3,1,0,0
031402020502,72,294.868896484375,2.0572551198147715,25.0,0.8067526037904569,15,2024-12-11 11:00:00+00:00,15,10,6,2,0,0
031402020503,1,54.177371978759766,1.0927607890398072,2.0,0.5248653282708919,2,2017-08-05 02:00:00+00:00,2,0,0,0,0,0
031402020503,3,102.51146697998047,1.4971716200685274,10.0,0.6398516271863863,9,2020-09-16 23:00:00+00:00,9,3,2,0,0,0
031402020503,6,164.71421813964844,2.0043449740791814,25.0,0.790433422748015,11,2024-04-11 01:00:00+00:00,11,3,1,1,0,0
031402020503,24,264.35614013671875,2.2781539178182713,50.0,0.852101549802862,12,2020-09-17 01:00:00+00:00,12,8,4,1,1,0
031402020503,72,310.11846923828125,2.1368557180868137,25.0,0.8276986236166545,16,2024-12-11 11:00:00+00:00,16,11,7,3,0,0
031402020504,1,57.4378662109375,1.1493848930371502,2.0,0.5519842050745434,2,2017-08-05 02:00:00+00:00,2,0,0,0,0,0
031402020504,3,120.7555923461914,1.7480451593931816,10.0,0.7466551288098234,6,2024-09-25 20:00:00+00:00,6,4,1,0,0,0
031402020504,6,152.72178649902344,1.8434791603849996,10.0,0.7234185220824824,12,2024-03-09 08:00:00+00:00,12,3,2,0,0,0
031402020504,24,247.42323303222656,2.127640750994306,25.0,0.7874776834352353,13,2024-03-09 11:00:00+00:00,13,7,2,2,0,0
031402020504,72,302.6202697753906,2.088886393006375,25.0,0.8060705715740598,14,2020-09-17 17:00:00+00:00,14,10,7,2,0,0
031402020505,1,51.19161605834961,1.0094459580254045,2.0,0.48362265480310834,1,2006-11-15 20:00:00+00:00,1,0,0,0,0,0
031402020505,3,114.89065551757812,1.6314296345973114,10.0,0.700168561041955,3,2017-08-05 03:00:00+00:00,3,2,1,0,0,0
031402020505,6,139.35009765625,1.65171592315766,10.0,0.6519713008908171,12,2024-04-11 01:00:00+00:00,12,4,2,0,0,0
031402020505,24,226.854248046875,1.9263658937119315,10.0,0.7086987126084611,13,2024-03-09 11:00:00+00:00,13,7,2,0,0,0
031402020505,72,303.7251281738281,2.06887024639335,25.0,0.7874418395308679,14,2020-09-17 18:00:00+00:00,14,8,7,1,0,0
031402020506,3,107.54268646240234,1.47652783571651,10.0,0.640668036023867,4,2022-03-18 19:00:00+00:00,4,1,1,0,0,0
031402020506,6,134.5340576171875,1.5453620716272598,10.0,0.6165436755401499,9,2024-04-11 01:00:00+00:00,9,4,1,0,0,0
031402020506,24,222.93606567382812,1.8583808679391594,10.0,0.6765236158260932,13,2024-03-09 11:00:00+00:00,13,6,2,0,0,0
031402020506,72,281.73187255859375,1.8855038947621068,10.0,0.7051115112916243,13,2020-09-17 18:00:00+00:00,13,8,7,0,0,0
031402020507,1,57.20079803466797,1.0762988650733245,2.0,0.5129001900428487,1,2022-03-18 17:00:00+00:00,1,0,0,0,0,0
031402020507,3,85.98688507080078,1.1504806404148504,2.0,0.5019469991827222,4,2022-03-18 19:00:00+00:00,4,0,0,0,0,0
031402020507,6,118.9877700805664,1.332760349705432,5.0,0.5343901593563111,9,2024-04-11 01:00:00+00:00,9,3,0,0,0,0
031402020507,24,201.26348876953125,1.6434401738021502,10.0,0.5898765355824669,12,2024-03-09 11:00:00+00:00,12,6,3,0,0,0
031402020507,72,299.3533020019531,1.9597582892609133,25.0,0.7166794771060264,13,2025-05-11 23:00:00+00:00,13,8,5,1,0,0
031402020601,1,57.593231201171875,1.0952172627789571,2.0,0.5151601063327736,1,2022-03-18 17:00:00+00:00,1,0,0,0,0,0
031402020601,3,94.57696533203125,1.2867114797308368,5.0,0.5502283196488212,3,2024-03-09 08:00:00+00:00,3,1,0,0,0,0
031402020601,6,110.89138793945312,1.257720639912995,5.0,0.4940886877964239,7,2024-04-11 01:00:00+00:00,7,1,0,0,0,0
031402020601,24,196.66224670410156,1.5945408300401498,10.0,0.5632769754033433,14,2024-03-09 11:00:00+00:00,14,8,1,0,0,0
031402020601,72,307.0848388671875,1.9882991792371991,25.0,0.7123578740034932,14,2020-09-17 18:00:00+00:00,14,9,5,2,0,0
031402020602,1,58.40516662597656,1.0814723463399925,2.0,0.5148829500309993,1,2022-03-18 17:00:00+00:00,1,0,0,0,0,0
031402020602,3,96.67790222167969,1.268677720723481,5.0,0.5569636792229472,3,2022-03-18 19:00:00+00:00,3,1,0,0,0,0
031402020602,6,125.49144744873047,1.3783765419684546,5.0,0.5551635913334648,9,2024-04-11 01:00:00+00:00,9,2,0,0,0,0
031402020602,24,216.36904907226562,1.738316288919733,10.0,0.617180904590326,16,2024-03-09 11:00:00+00:00,16,6,2,0,0,0
031402020602,72,302.5679626464844,1.9501452433206117,10.0,0.703251670866268,13,2025-05-11 23:00:00+00:00,13,8,5,0,0,0
031402020603,1,64.70858764648438,1.2049435638540336,2.0,0.5703109446688446,1,2022-03-18 17:00:00+00:00,1,0,0,0,0,0
031402020603,3,89.47200012207031,1.1854772547791268,2.0,0.5150590788094646,2,2024-04-10 22:00:00+00:00,2,0,0,0,0,0
031402020603,6,123.71995544433594,1.367892317205783,5.0,0.5447431985904104,8,2024-04-11 01:00:00+00:00,8,2,0,0,0,0
031402020603,24,211.56460571289062,1.688767860904588,10.0,0.5944696587960793,14,2024-03-09 11:00:00+00:00,14,8,1,0,0,0
031402020603,72,318.7608947753906,2.036739387463893,25.0,0.7277077546948179,12,2020-09-16 23:00:00+00:00,12,8,6,2,0,0
031402020604,1,66.46018981933594,1.2326292472033493,5.0,0.5838201690117305,1,2022-03-18 17:00:00+00:00,1,1,0,0,0,0
031402020604,3,91.9125747680664,1.2129224450874563,2.0,0.5286413249934567,4,2024-04-10 22:00:00+00:00,4,0,0,0,0,0
031402020604,6,128.03466796875,1.406544060134004,5.0,0.5608407530920978,9,2024-04-11 01:00:00+00:00,9,1,0,0,0,0
031402020604,24,207.08468627929688,1.6345876018696321,10.0,0.5721522195963556,14,2020-09-16 21:00:00+00:00,14,7,1,0,0,0
031402020604,72,322.5587158203125,2.0396379402740377,25.0,0.7253693132299662,11,2020-09-16 23:00:00+00:00,11,8,6,1,0,0
031402020605,1,60.88715362548828,1.123059598929471,2.0,0.5335595309781167,1,2022-03-18 17:00:00+00:00,1,0,0,0,0,0
031402020605,3,117.8441162109375,1.5423050893337824,10.0,0.6770033201598058,3,2022-03-18 19:00:00+00:00,3,2,1,0,0,0
031402020605,6,142.5594024658203,1.556338960594771,10.0,0.6251573292668632,9,2024-04-11 01:00:00+00:00,9,2,1,0,0,0
031402020605,24,230.59715270996094,1.8242937000225088,10.0,0.6403602550987737,16,2020-09-16 21:00:00+00:00,16,6,3,0,0,0
031402020605,72,312.07440185546875,1.9797242145935752,25.0,0.7058564925193287,12,2025-05-11 23:00:00+00:00,12,8,5,1,0,0
031402020606,1,62.79167556762695,1.1595634664227599,2.0,0.5512792775023962,1,2022-03-18 17:00:00+00:00,1,0,0,0,0,0
031402020606,3,96.34230041503906,1.2640778421237302,5.0,0.5554291079394745,4,2022-03-18 19:00:00+00:00,4,2,0,0,0,0
031402020606,6,129.41915893554688,1.4124210202511214,5.0,0.5670402378318523,11,2024-04-11 01:00:00+00:00,11,2,0,0,0,0
031402020606,24,206.31524658203125,1.6194092934476807,10.0,0.5663440052876502,15,2020-09-16 21:00:00+00:00,15,7,3,0,0,0
031402020606,72,332.9098205566406,2.095970001382786,25.0,0.7457794312166917,12,2020-09-16 23:00:00+00:00,12,8,6,1,0,0
031402020607,1,57.723236083984375,1.0635971792265049,2.0,0.5075853672843913,1,2022-03-18 17:00:00+00:00,1,0,0,0,0,0
031402020607,3,101.91682434082031,1.3336496246691973,5.0,0.5901518251664594,3,2022-03-18 19:00:00+00:00,3,1,0,0,0,0
031402020607,6,125.26227569580078,1.361328388801265,5.0,0.5494890409751642,9,2022-03-18 21:00:00+00:00,9,1,0,0,0,0
031402020607,24,204.14697265625,1.5925570857903486,10.0,0.5559050570338782,13,2020-09-16 21:00:00+00:00,13,7,2,0,0,0
031402020607,72,335.9070129394531,2.10376492180804,25.0,0.74849760838625,11,2020-09-16 23:00:00+00:00,11,8,7,1,0,0
031402020608,3,111.97277069091797,1.4590964790550431,10.0,0.6448261169013486,1,2022-03-18 19:00:00+00:00,1,1,1,0,0,0
031402020608,6,125.79056549072266,1.368088446612105,5.0,0.5531871867926953,9,2024-01-09 14:00:00+00:00,9,1,0,0,0,0
031402020608,24,190.09869384765625,1.506213379653884,5.0,0.5293289173581193,17,2020-09-16 18:00:00+00:00,17,5,0,0,0,0
031402020608,72,301.5245056152344,1.918679842666117,10.0,0.684963295698396,13,2025-05-11 23:00:00+00:00,13,8,5,0,0,0
031402020609,3,110.02528381347656,1.4346519596049132,10.0,0.6356475243247632,1,2022-03-18 19:00:00+00:00,1,1,1,0,0,0
031402020609,6,125.05976104736328,1.357228623098261,5.0,0.5490719988495073,9,2024-01-09 14:00:00+00:00,9,3,0,0,0,0
031402020609,24,196.31153869628906,1.5407655430865035,5.0,0.5388030182506351,13,2020-09-16 21:00:00+00:00,13,8,0,0,0,0
031402020609,72,313.5049743652344,1.9757562519781338,25.0,0.7036571355991542,15,2025-05-11 21:00:00+00:00,15,8,5,1,0,0
031402020610,3,102.60720825195312,1.3337948329816507,5.0,0.5966278077039826,7,2024-06-27 14:00:00+00:00,7,2,0,0,0,0
031402020610,6,158.26150512695312,1.7142852406377418,10.0,0.7005952595589768,9,2024-01-09 14:00:00+00:00,9,4,3,0,0,0
031402020610,24,240.63970947265625,1.8959945552772026,10.0,0.6653333012520283,16,2020-09-16 18:00:00+00:00,16,6,2,0,0,0
031402020610,72,310.659423828125,1.9655252767079032,10.0,0.7008640314631236,15,2020-09-16 22:00:00+00:00,15,9,5,0,0,0
031402020701,1,61.02766799926758,1.111677775033964,2.0,0.5392351130841501,1,2022-03-18 18:00:00+00:00,1,0,0,0,0,0
031402020701,3,98.47113037109375,1.2686411377090625,5.0,0.578103836557824,6,2022-03-18 19:00:00+00:00,6,1,0,0,0,0
031402020701,6,154.15586853027344,1.6460835862925247,10.0,0.6806955988349811,9,2022-03-18 20:00:00+00:00,9,5,1,0,0,0
031402020701,24,245.55374145507812,1.8892239361800014,10.0,0.655321200247104,14,2020-09-16 18:00:00+00:00,14,5,2,0,0,0
031402020701,72,342.5492858886719,2.1198957523836364,25.0,0.7519674459758127,12,2020-09-16 21:00:00+00:00,12,7,5,1,0,0
031402020702,3,104.3611068725586,1.3565864675157664,5.0,0.6091202630243084,3,2022-03-18 19:00:00+00:00,3,1,0,0,0,0
031402020702,6,151.64720153808594,1.6355530413464754,10.0,0.6682588091224007,8,2022-03-18 21:00:00+00:00,8,3,1,0,0,0
031402020702,24,240.97879028320312,1.8682577347041067,10.0,0.6506192627075498,15,2020-09-16 21:00:00+00:00,15,8,1,0,0,0
031402020702,72,335.2020263671875,2.088449787425796,25.0,0.7425367522943592,13,2020-09-16 23:00:00+00:00,13,8,6,1,0,0
031402020802,3,101.80461883544922,1.298994054911412,5.0,0.5994794185530593,11,2024-05-18 00:00:00+00:00,11,2,0,0,0,0
031402020802,6,156.9991455078125,1.659915602961857,10.0,0.6952786091767276,8,2020-09-16 17:00:00+00:00,8,4,2,0,0,0
031402020802,24,255.83534240722656,1.957915932546467,10.0,0.6812128799357189,16,2020-09-16 17:00:00+00:00,16,4,1,0,0,0
031402020802,72,357.4315185546875,2.2012269658968804,25.0,0.7807631563632812,11,2020-09-16 21:00:00+00:00,11,6,3,1,0,0
031402020803,1,57.60769271850586,1.0413583309954944,2.0,0.5098942142738753,1,2014-04-30 05:00:00+00:00,1,0,0,0,0,0
031402020803,3,124.12583923339844,1.5824942593123683,10.0,0.7318863219231893,7,2020-09-16 15:00:00+00:00,7,2,2,0,0,0
031402020803,6,180.91844177246094,1.9143176971795794,25.0,0.8065889887311847,10,2024-01-09 15:00:00+00:00,10,3,2,1,0,0
031402020803,24,257.02410888671875,1.9760002777597692,10.0,0.6950932674920228,16,2020-09-16 17:00:00+00:00,16,3,2,0,0,0
031402020803,72,345.61865234375,2.1349406786195106,25.0,0.7606614086646964,17,2020-09-16 21:00:00+00:00,17,5,3,1,0,0
031402020901,1,63.46111297607422,1.1613290586433225,2.0,0.561219722880961,5,2015-04-19 14:00:00+00:00,5,0,0,0,0,0
031402020901,3,141.41732788085938,1.8321095077956668,25.0,0.8283520826894931,11,2024-03-09 11:00:00+00:00,11,4,1,1,0,0
031402020901,6,207.4169921875,2.23963305309373,50.0,0.9280727848525715,10,2020-09-16 17:00:00+00:00,10,4,2,1,1,0
031402020901,24,259.699462890625,2.043643223043953,25.0,0.7261246144019549,17,2020-09-16 17:00:00+00:00,17,4,2,1,0,0
031402020901,72,326.2586669921875,2.0583336170969813,25.0,0.7378976470690866,14,2020-09-16 22:00:00+00:00,14,7,3,1,0,0
031402020903,1,83.71114349365234,1.5207453211137911,10.0,0.7415780319734822,2,2014-04-30 06:00:00+00:00,2,2,1,0,0,0
031402020903,3,139.52247619628906,1.7914350405242472,25.0,0.8216442950605231,10,2020-09-16 16:00:00+00:00,10,3,2,1,0,0
031402020903,6,198.9129180908203,2.125747420423876,50.0,0.8941075515197248,10,2024-06-27 15:00:00+00:00,10,6,3,1,1,0
031402020903,24,240.83155822753906,1.8749179025731955,10.0,0.6706268873545482,19,2020-09-16 17:00:00+00:00,19,4,2,0,0,0
031402020903,72,334.142822265625,2.083700136253193,25.0,0.7484837231582827,18,2020-09-16 21:00:00+00:00,18,7,3,1,0,0
031402020904,1,70.9622802734375,1.2981954887109743,5.0,0.6257295938074239,4,2014-04-30 06:00:00+00:00,4,1,0,0,0,0
031402020904,3,147.8841094970703,1.9167271985861216,25.0,0.8633238569082801,12,2024-06-27 13:00:00+00:00,12,5,3,1,0,0
031402020904,6,209.2818145751953,2.26318072080363,50.0,0.9413206796627015,15,2024-06-27 15:00:00+00:00,15,6,4,1,1,0
031402020904,24,251.53286743164062,1.9834348417786833,25.0,0.7193848722168968,24,2024-06-27 16:00:00+00:00,24,9,2,1,0,0
031402020904,72,333.3561096191406,2.1017375532665845,25.0,0.7612441915998501,21,2024-06-27 21:00:00+00:00,21,9,3,1,0,0
031402020905,1,58.638240814208984,1.0763423569183108,2.0,0.5156440905453034,2,2012-02-19 01:00:00+00:00,2,0,0,0,0,0
031402020905,3,147.27200317382812,1.915615798941377,25.0,0.8545110001646335,7,2024-03-09 11:00:00+00:00,7,2,1,1,0,0
031402020905,6,220.25656127929688,2.3916587570111614,50.0,0.9801918319770088,8,2020-09-16 17:00:00+00:00,8,4,2,1,1,0
031402020905,24,242.90625,1.925588751601381,10.0,0.6854373498806693,16,2020-09-16 18:00:00+00:00,16,5,3,0,0,0
031402020905,72,325.61016845703125,2.0703653277251712,25.0,0.742819236119864,15,2020-09-16 22:00:00+00:00,15,8,4,1,0,0
031402020906,1,74.90450286865234,1.377600918131274,5.0,0.6556118799308823,4,2014-04-30 07:00:00+00:00,4,1,0,0,0,0
031402020906,3,167.5406951904297,2.1857725694486874,50.0,0.9656797407046429,13,2024-03-09 11:00:00+00:00,13,3,2,1,1,0
031402020906,6,250.90017700195312,2.734328957383744,100.0,1.1162699043718192,19,2024-06-27 16:00:00+00:00,19,5,2,1,1,1
031402020906,24,267.4656066894531,2.1271761428749185,25.0,0.7676071739586883,24,2020-09-16 18:00:00+00:00,24,7,3,1,0,0
031402020906,72,340.839111328125,2.1720946775906698,25.0,0.7866750773389504,20,2020-09-16 22:00:00+00:00,20,11,4,2,0,0
031402030101,1,66.78360748291016,1.2661757870311172,5.0,0.6006642989971943,5,2016-03-31 21:00:00+00:00,5,1,0,0,0,0
031402030101,3,158.17251586914062,2.134524276035899,50.0,0.9291572745195923,10,2024-04-10 23:00:00+00:00,10,4,1,1,1,0
031402030101,6,223.00408935546875,2.512539577297852,100.0,1.0156542857033317,13,2022-03-18 22:00:00+00:00,13,9,3,2,1,1
031402030101,24,258.049072265625,2.1202095773290894,25.0,0.786001913135536,25,2024-09-27 04:00:00+00:00,25,7,3,3,0,0
031402030101,72,312.8542785644531,2.064462360257647,25.0,0.7741007126576466,22,2020-09-16 22:00:00+00:00,22,10,5,4,0,0
031402030102,1,69.2412109375,1.317427843330617,5.0,0.6228409215241126,4,2018-11-07 23:00:00+00:00,4,1,0,0,0,0
031402030102,3,160.5321502685547,2.174152978875691,50.0,0.942255577982031,10,2024-04-10 23:00:00+00:00,10,3,2,1,1,0
031402030102,6,205.35980224609375,2.321412039807666,50.0,0.9368130264646899,18,2024-04-11 01:00:00+00:00,18,9,3,2,1,0
031402030102,24,249.92144775390625,2.0590591370541245,25.0,0.7673847037050787,28,2024-09-27 04:00:00+00:00,28,8,4,1,0,0
031402030102,72,312.1300048828125,2.06239564903483,25.0,0.7756638485502318,21,2024-09-27 06:00:00+00:00,21,10,6,2,0,0
031402030103,1,78.8275146484375,1.4703743456896274,10.0,0.6960779183915701,5,2016-02-24 05:00:00+00:00,5,2,1,0,0,0
031402030103,3,184.15057373046875,2.441502171984543,100.0,1.0658855084077021,11,2022-03-18 20:00:00+00:00,11,6,2,1,1,1
031402030103,6,237.159423828125,2.626447185250234,100.0,1.064429083292954,19,2022-03-18 22:00:00+00:00,19,7,3,2,1,1
031402030103,24,257.3726806640625,2.077934781670021,25.0,0.7626456639222823,27,2020-09-16 18:00:00+00:00,27,5,5,2,0,0
031402030103,72,327.2292785644531,2.117578068590742,25.0,0.7818730221113827,21,2020-09-16 22:00:00+00:00,21,11,5,3,0,0
031402030104,1,84.20507049560547,1.5499181603112722,10.0,0.7379959327001124,4,2014-04-30 07:00:00+00:00,4,3,2,0,0,0
031402030104,3,182.40118408203125,2.3833494471356973,100.0,1.054164795746861,9,2021-04-24 16:00:00+00:00,9,4,3,1,1,1
031402030104,6,212.90554809570312,2.3236347901276213,50.0,0.9540157880478285,18,2024-06-27 15:00:00+00:00,18,8,2,1,1,0
031402030104,24,232.11595153808594,1.8454605403808315,10.0,0.6754490655343991,25,2021-04-24 21:00:00+00:00,25,9,2,0,0,0
031402030104,72,337.2335205078125,2.1421045543209223,25.0,0.7827748876353301,20,2020-09-16 22:00:00+00:00,20,9,3,1,0,0
031402030105,1,75.33704376220703,1.4047317196641724,5.0,0.664650166149749,4,2016-02-24 05:00:00+00:00,4,2,0,0,0,0
031402030105,3,179.4429168701172,2.380143332806203,100.0,1.0395480423014611,11,2024-04-10 23:00:00+00:00,11,5,1,1,1,1
031402030105,6,199.75448608398438,2.213717971229025,50.0,0.9021489121582785,17,2021-04-24 18:00:00+00:00,17,7,3,1,1,0
031402030105,24,258.05035400390625,2.0808203561058516,25.0,0.7738192124843841,24,2021-04-25 00:00:00+00:00,24,6,4,1,0,0
031402030105,72,326.9228515625,2.1029885498650107,25.0,0.781407566088165,19,2020-09-16 22:00:00+00:00,19,9,4,2,0,0
031402030201,1,54.45384216308594,1.0634240127796517,2.0,0.5043982345972667,1,2005-03-27 01:00:00+00:00,1,0,0,0,0,0
031402030201,3,109.98716735839844,1.5298591801847643,10.0,0.6605733778739779,9,2024-04-10 23:00:00+00:00,9,2,2,0,0,0
031402030201,6,154.6306610107422,1.7928150966499017,10.0,0.7225986685652289,16,2024-04-11 02:00:00+00:00,16,6,3,0,0,0
031402030201,24,203.04441833496094,1.7191187444647247,10.0,0.6531374193644551,22,2024-09-27 04:00:00+00:00,22,7,1,0,0,0
031402030201,72,270.162109375,1.8380474794469728,10.0,0.7073445244476142,19,2024-09-27 07:00:00+00:00,19,7,2,0,0,0
031402030203,1,62.507076263427734,1.1931141157894842,2.0,0.562695416432818,2,2005-03-27 01:00:00+00:00,2,0,0,0,0,0
031402030203,3,132.49533081054688,1.8007486853792318,25.0,0.7772188241131381,9,2024-04-10 23:00:00+00:00,9,3,1,1,0,0
031402030203,6,167.59738159179688,1.9022475571364004,25.0,0.769139505275535,12,2024-04-11 02:00:00+00:00,12,8,4,2,0,0
031402030203,24,270.5407409667969,2.2375532306731816,25.0,0.8473459837010139,22,2024-09-27 04:00:00+00:00,22,7,2,1,0,0
031402030203,72,334.9068908691406,2.211729676434267,25.0,0.8392767134940735,23,2024-09-27 06:00:00+00:00,23,8,4,2,0,0
031402030701,1,55.1820068359375,1.085098156307037,2.0,0.5176319067458007,1,2005-03-27 01:00:00+00:00,1,0,0,0,0,0
031402030701,3,109.0284423828125,1.5276004659642113,10.0,0.6616705138218016,8,2024-04-10 23:00:00+00:00,8,2,1,0,0,0
031402030701,6,135.4171600341797,1.5814627886274488,10.0,0.6393753047239752,14,2024-04-11 02:00:00+00:00,14,5,4,0,0,0
031402030701,24,190.673583984375,1.628112999502002,10.0,0.6230584161222857,21,2024-09-27 04:00:00+00:00,21,4,1,0,0,0
031402030701,72,265.38299560546875,1.8212543390625593,10.0,0.7061053217402928,19,2024-09-27 07:00:00+00:00,19,8,2,0,0,0
031403010101,1,52.6596794128418,1.1458277053112436,2.0,0.5707018560785149,1,2020-01-11 22:00:00+00:00,1,0,0,0,0,0
031403010101,3,86.70256042480469,1.3732767073423093,5.0,0.635093231452085,8,2025-03-16 06:00:00+00:00,8,3,0,0,0,0
031403010101,6,128.6356964111328,1.6879245615396898,10.0,0.7393154352248111,9,2020-09-17 04:00:00+00:00,9,5,3,0,0,0
031403010101,24,204.7639923095703,1.867316789252256,25.0,0.7845140887945946,12,2020-09-17 08:00:00+00:00,12,8,5,1,0,0
031403010101,72,280.919189453125,2.0163784359075816,25.0,0.8648281160914941,16,2020-09-17 21:00:00+00:00,16,9,5,3,0,0
031403010102,1,48.329586029052734,1.039934260795376,2.0,0.5119925618345952,3,2012-01-22 22:00:00+00:00,3,0,0,0,0,0
031403010102,3,80.95612335205078,1.2664671115707191,5.0,0.5697118829960476,9,2020-09-17 02:00:00+00:00,9,1,0,0,0,0
031403010102,6,103.94591522216797,1.3472629275306602,5.0,0.5718223038618998,13,2024-03-09 06:00:00+00:00,13,7,0,0,0,0
031403010102,24,199.68716430664062,1.7960850981183354,10.0,0.7368109355023429,15,2020-09-17 06:00:00+00:00,15,7,3,0,0,0
031403010102,72,277.8893127441406,1.9684724749488973,25.0,0.8249624936341473,15,2020-09-17 19:00:00+00:00,15,9,5,3,0,0
031403010103,1,48.9575309753418,1.0515209249880717,2.0,0.5173984432617429,2,2002-12-24 12:00:00+00:00,2,0,0,0,0,0
031403010103,3,81.4234619140625,1.2712791539305761,5.0,0.5706493491857614,7,2020-09-17 02:00:00+00:00,7,1,0,0,0,0
031403010103,6,104.89178466796875,1.3569517394817388,5.0,0.5740708744365625,14,2024-03-09 06:00:00+00:00,14,6,0,0,0,0
031403010103,24,206.0209197998047,1.8493712533838693,25.0,0.7550901212440738,15,2020-09-17 06:00:00+00:00,15,7,3,1,0,0
031403010103,72,283.0614013671875,2.001882905736129,25.0,0.8349167708050023,16,2020-09-17 19:00:00+00:00,16,9,5,3,0,0
031403010104,1,51.08165740966797,1.0926009891897908,2.0,0.5379824079066695,3,2020-01-11 22:00:00+00:00,3,0,0,0,0,0
031403010104,3,86.40811920166016,1.3446614051710966,5.0,0.6041592085252071,8,2020-09-17 02:00:00+00:00,8,2,0,0,0,0
031403010104,6,120.6973876953125,1.557060791009651,10.0,0.6586245172500486,10,2020-09-17 02:00:00+00:00,10,3,1,0,0,0
031403010104,24,207.2252655029297,1.8567157353900645,25.0,0.756738490152733,11,2020-09-17 04:00:00+00:00,11,6,4,1,0,0
031403010104,72,273.72113037109375,1.9336680573354197,25.0,0.8068527152081293,15,2020-09-17 19:00:00+00:00,15,8,6,2,0,0
031403010105,1,62.25205612182617,1.3165258098544927,5.0,0.6451203207185346,2,2002-12-24 12:00:00+00:00,2,1,0,0,0,0
031403010105,3,101.59700012207031,1.5621709533193213,10.0,0.6938659124018632,7,2020-09-17 01:00:00+00:00,7,4,1,0,0,0
031403010105,6,133.33566284179688,1.7004697269517564,10.0,0.7074857799135554,8,2020-09-17 01:00:00+00:00,8,4,2,0,0,0
031403010105,24,222.15850830078125,1.966880974356002,25.0,0.7833736108461015,12,2020-09-17 03:00:00+00:00,12,5,2,2,0,0
031403010105,72,292.23150634765625,2.0443030841204286,25.0,0.834469462268196,15,2020-09-17 08:00:00+00:00,15,9,7,1,0,0
031403010201,1,49.836082458496094,1.068663121440287,2.0,0.5259249567945294,2,2002-12-24 12:00:00+00:00,2,0,0,0,0,0
031403010201,3,86.59607696533203,1.3491068105883164,5.0,0.6052158549333695,7,2020-09-17 01:00:00+00:00,7,1,0,0,0,0
031403010201,6,109.90122985839844,1.418914907675388,5.0,0.5987471611793502,13,2024-03-09 06:00:00+00:00,13,2,0,0,0,0
031403010201,24,216.10702514648438,1.9364177244053145,25.0,0.7848046695370935,14,2022-02-04 14:00:00+00:00,14,6,3,1,0,0
031403010201,72,289.3257141113281,2.043674863729046,25.0,0.845154698011255,15,2020-09-17 20:00:00+00:00,15,8,5,2,0,0
031403010202,1,49.36948776245117,1.0492131354919279,2.0,0.5158045299462771,2,2002-12-24 12:00:00+00:00,2,0,0,0,0,0
031403010202,3,91.98531341552734,1.419859141890235,10.0,0.6354887009225096,7,2020-09-17 01:00:00+00:00,7,2,1,0,0,0
031403010202,6,116.61593627929688,1.4926588282931288,10.0,0.6258313283077774,11,2024-03-09 06:00:00+00:00,11,3,1,0,0,0
031403010202,24,221.2469482421875,1.9659381142214631,25.0,0.7831671200695435,12,2020-09-17 04:00:00+00:00,12,5,3,1,0,0
031403010202,72,291.2776794433594,2.0418318836194587,25.0,0.829711876424185,15,2020-09-17 17:00:00+00:00,15,8,5,2,0,0
031403010203,1,52.233943939208984,1.103800556365891,2.0,0.5411971064004967,3,2017-08-10 23:00:00+00:00,3,0,0,0,0,0
031403010203,3,92.89997863769531,1.425458585590235,10.0,0.6357628112141337,9,2020-09-17 01:00:00+00:00,9,3,1,0,0,0
031403010203,6,118.47206115722656,1.5081167019129034,10.0,0.6285932039346817,10,2024-03-09 06:00:00+00:00,10,4,2,0,0,0
031403010203,24,222.3546142578125,1.96637483817441,25.0,0.7736631665973996,11,2020-09-17 04:00:00+00:00,11,5,3,1,0,0
031403010203,72,289.6289367675781,2.020529621024342,25.0,0.8098859874807283,16,2023-06-17 05:00:00+00:00,16,8,6,1,0,0
031403010204,1,64.17621612548828,1.3489476588654918,5.0,0.6598132566278853,4,2017-08-10 23:00:00+00:00,4,1,0,0,0,0
031403010204,3,101.15815734863281,1.544364573759324,10.0,0.6854105631919316,6,2020-09-17 01:00:00+00:00,6,4,3,0,0,0
031403010204,6,124.50442504882812,1.5769612551356218,10.0,0.6535380518610164,11,2024-03-09 07:00:00+00:00,11,4,2,0,0,0
031403010204,24,221.21194458007812,1.9461870503757828,25.0,0.7634766130225051,13,2020-09-17 03:00:00+00:00,13,4,2,2,0,0
031403010204,72,295.5820617675781,2.0560554866215632,25.0,0.8254264841842127,16,2023-06-17 05:00:00+00:00,16,8,7,1,0,0
031403010205,1,60.99385070800781,1.2765099298686569,5.0,0.6220453319019852,2,2017-08-10 23:00:00+00:00,2,1,0,0,0,0
031403010205,3,96.16259002685547,1.4607433277974582,10.0,0.6457452853784782,7,2020-09-17 01:00:00+00:00,7,3,1,0,0,0
031403010205,6,122.85641479492188,1.548960126244507,10.0,0.6382731886869386,8,2024-03-09 06:00:00+00:00,8,4,2,0,0,0
031403010205,24,221.45733642578125,1.942138487093158,25.0,0.7530163761436063,12,2020-09-17 03:00:00+00:00,12,4,3,2,0,0
031403010205,72,292.6593017578125,2.0282466225783913,25.0,0.802596044385719,17,2023-06-17 05:00:00+00:00,17,8,7,1,0,0
031403010301,1,60.05564498901367,1.2451980031928185,5.0,0.6021688444200307,1,2002-12-24 12:00:00+00:00,1,1,0,0,0,0
031403010301,3,94.19294738769531,1.4163912642665202,5.0,0.6199324645990539,5,2020-09-17 00:00:00+00:00,5,4,0,0,0,0
031403010301,6,125.85758972167969,1.571599954566847,10.0,0.6397524819785163,9,2024-03-09 07:00:00+00:00,9,4,3,0,0,0
031403010301,24,222.94541931152344,1.9403092370104194,25.0,0.7402058466791573,12,2020-09-17 02:00:00+00:00,12,3,3,1,0,0
031403010301,72,288.43048095703125,1.9859394933379284,25.0,0.7725763079068532,16,2023-06-17 05:00:00+00:00,16,8,6,1,0,0
031403010302,1,64.38373565673828,1.3176643682120295,5.0,0.6306040615872813,1,2002-12-24 12:00:00+00:00,1,1,0,0,0,0
031403010302,3,96.70707702636719,1.43357430076937,5.0,0.6188022236156857,4,2020-09-17 00:00:00+00:00,4,4,0,0,0,0
031403010302,6,132.55795288085938,1.6330327386881394,10.0,0.6539059013436268,7,2020-09-17 00:00:00+00:00,7,4,2,0,0,0
031403010302,24,229.7252655029297,1.978864632087607,25.0,0.7398864133518251,14,2020-09-17 02:00:00+00:00,14,4,3,1,0,0
031403010302,72,280.8363952636719,1.9175019380658083,25.0,0.7301581561974538,15,2023-06-17 05:00:00+00:00,15,8,5,1,0,0
031403010303,1,50.74901580810547,1.0156758938674195,2.0,0.478158986915286,1,2002-12-24 12:00:00+00:00,1,0,0,0,0,0
031403010303,3,94.72911071777344,1.370197271789341,5.0,0.5789528129591793,6,2022-03-18 17:00:00+00:00,6,1,0,0,0,0
031403010303,6,127.10066986083984,1.529278342331959,10.0,0.5973065799194317,8,2025-04-07 06:00:00+00:00,8,3,1,0,0,0
031403010303,24,216.13941955566406,1.826040434034083,10.0,0.661806296054061,14,2025-04-07 18:00:00+00:00,14,5,3,0,0,0
031403010303,72,301.7104187011719,2.0249261971379715,25.0,0.7442794148417572,12,2020-09-17 18:00:00+00:00,12,10,5,1,0,0
031403010401,3,98.76513671875,1.4263984560124932,5.0,0.5992136978419262,3,2022-03-18 17:00:00+00:00,3,1,0,0,0,0
031403010401,6,128.1515655517578,1.5390548968484556,10.0,0.5965614722945795,6,2025-04-07 05:00:00+00:00,6,2,1,0,0,0
031403010401,24,206.8517303466797,1.740198058453237,10.0,0.6240300507126606,14,2025-04-07 18:00:00+00:00,14,5,3,0,0,0
031403010401,72,306.2430419921875,2.046615609337424,25.0,0.7430232938714362,14,2020-09-17 04:00:00+00:00,14,8,4,1,0,0
031403010402,1,58.901405334472656,1.1544049965129088,2.0,0.5422726581441444,2,2025-05-11 08:00:00+00:00,2,0,0,0,0,0
031403010402,3,89.0324935913086,1.2587925861932883,5.0,0.5323917634493281,6,2025-05-11 10:00:00+00:00,6,2,0,0,0,0
031403010402,6,119.54004669189453,1.4044282363964256,5.0,0.5455747601188818,9,2025-04-07 05:00:00+00:00,9,4,0,0,0,0
031403010402,24,212.3446044921875,1.7505023487676936,10.0,0.6182539440886735,13,2025-04-07 17:00:00+00:00,13,5,3,0,0,0
031403010402,72,368.7143249511719,2.421078893815205,50.0,0.8659678782757908,14,2020-09-17 18:00:00+00:00,14,8,5,1,1,0
031403010403,1,65.25466918945312,1.2309279862720737,5.0,0.5915768243846253,2,2013-02-11 02:00:00+00:00,2,1,0,0,0,0
031403010403,3,107.32530212402344,1.4535459134999031,10.0,0.6435846682922883,6,2022-03-18 18:00:00+00:00,6,4,1,0,0,0
031403010403,6,125.35195922851562,1.4052807991175185,5.0,0.5656338458674167,9,2024-03-09 08:00:00+00:00,9,4,0,0,0,0
031403010403,24,258.6757507324219,2.0314256555408607,25.0,0.7096136107356231,12,2020-09-16 22:00:00+00:00,12,8,3,1,0,0
031403010403,72,427.39312744140625,2.691465138461108,50.0,0.9549288238008377,12,2020-09-17 00:00:00+00:00,12,8,5,3,1,0
031403010404,1,63.40815353393555,1.215552919790852,5.0,0.5816475882660415,1,2013-02-11 02:00:00+00:00,1,1,0,0,0,0
031403010404,3,93.2972183227539,1.2866959635213786,5.0,0.5629082479676683,6,2025-04-07 02:00:00+00:00,6,1,0,0,0,0
031403010404,6,131.12330627441406,1.499518970253454,10.0,0.5979701049000965,9,2025-04-07 05:00:00+00:00,9,4,1,0,0,0
031403010404,24,248.6381072998047,1.9933940689250282,25.0,0.6989715221075429,12,2025-04-07 17:00:00+00:00,12,6,3,1,0,0
031403010404,72,416.8609619140625,2.6722844855614962,50.0,0.9506587792592183,14,2025-04-07 21:00:00+00:00,14,7,5,1,1,0
031403010405,1,69.14702606201172,1.2894795676150155,5.0,0.6299695843886679,3,2022-03-18 16:00:00+00:00,3,1,0,0,0,0
031403010405,3,102.63456726074219,1.373859006929118,10.0,0.625373838914047,9,2025-04-07 02:00:00+00:00,9,4,1,0,0,0
031403010405,6,138.83970642089844,1.5354888608205006,10.0,0.6313507564930818,11,2025-04-07 05:00:00+00:00,11,6,1,0,0,0
031403010405,24,277.466796875,2.1407309171364197,25.0,0.7450755008694467,11,2025-04-07 17:00:00+00:00,11,6,4,1,0,0
031403010405,72,454.6026611328125,2.8193713188213927,50.0,0.9981330967929315,13,2025-04-07 21:00:00+00:00,13,7,5,3,1,0
031403010501,1,56.700191497802734,1.0461486170699983,2.0,0.516117286449329,2,2006-08-31 00:00:00+00:00,2,0,0,0,0,0
031403010501,3,111.77513122558594,1.4784208458802106,10.0,0.6861203683330597,7,2025-04-07 02:00:00+00:00,7,5,1,0,0,0
031403010501,6,135.7657928466797,1.4815395430543226,10.0,0.6179656523253817,15,2025-04-07 05:00:00+00:00,15,6,1,0,0,0
031403010501,24,291.07427978515625,2.2139527831900083,25.0,0.7653921248034737,10,2025-04-07 17:00:00+00:00,10,6,4,1,0,0
031403010501,72,468.36083984375,2.8688546812068108,100.0,1.0109934407811323,12,2020-09-17 00:00:00+00:00,12,6,5,3,1,1
031403010502,1,58.84404373168945,1.0756260585422297,2.0,0.5329165673369705,2,2008-12-10 13:00:00+00:00,2,0,0,0,0,0
031403010502,3,122.76697540283203,1.6037667711648207,25.0,0.7537695470343918,7,2022-03-18 18:00:00+00:00,7,3,1,1,0,0
031403010502,6,141.23019409179688,1.5203528489814746,10.0,0.6405784342222995,13,2022-03-18 20:00:00+00:00,13,6,1,0,0,0
031403010502,24,280.001708984375,2.107503416835577,25.0,0.7236389934301762,11,2020-09-16 21:00:00+00:00,11,6,4,1,0,0
031403010502,72,468.9793701171875,2.847025059118825,50.0,0.998032856400462,12,2020-09-17 00:00:00+00:00,12,6,5,3,1,0
031403010503,1,58.874210357666016,1.0692767284935076,2.0,0.5298864203439134,2,2008-12-10 13:00:00+00:00,2,0,0,0,0,0
031403010503,3,104.43295288085938,1.3445840290781272,10.0,0.6359486809510968,8,2020-09-16 20:00:00+00:00,8,4,1,0,0,0
031403010503,6,160.03985595703125,1.6986260708425314,10.0,0.7210688010337913,12,2020-09-16 19:00:00+00:00,12,5,2,0,0,0
031403010503,24,318.5755920410156,2.403133818046353,25.0,0.8195421585398532,13,2020-09-16 20:00:00+00:00,13,7,4,1,0,0
031403010503,72,440.6160583496094,2.6817654940525975,50.0,0.9320962983216117,13,2021-10-06 12:00:00+00:00,13,7,5,3,1,0
031403020101,3,86.3799819946289,1.3501917458742074,5.0,0.6089011617956287,6,2022-02-04 04:00:00+00:00,6,1,0,0,0,0
031403020101,6,118.26139068603516,1.5321658932457942,10.0,0.6491071917671837,12,2024-03-09 05:00:00+00:00,12,3,1,0,0,0
031403020101,24,227.1800079345703,2.0454427177457726,25.0,0.8268268856349184,14,2022-02-04 08:00:00+00:00,14,6,1,1,0,0
031403020101,72,290.7142333984375,2.0619796734773677,25.0,0.8469241905623914,13,2020-09-17 19:00:00+00:00,13,6,6,1,0,0
031403020102,1,49.5321044921875,1.0566505214485593,2.0,0.5205555496820952,1,2009-06-04 17:00:00+00:00,1,0,0,0,0,0
031403020102,3,91.62508392333984,1.4193374434687474,10.0,0.6374573622549923,6,2019-04-19 09:00:00+00:00,6,2,1,0,0,0
031403020102,6,115.89946746826172,1.489301605158274,10.0,0.6262471351678646,13,2024-03-09 05:00:00+00:00,13,4,1,0,0,0
031403020102,24,230.5980224609375,2.0601111621868413,25.0,0.8188851161706707,14,2022-02-04 08:00:00+00:00,14,4,3,1,0,0
031403020102,72,293.55364990234375,2.0648077391711883,25.0,0.8328266257998932,13,2023-06-17 05:00:00+00:00,13,7,6,1,0,0
031403020103,1,48.56605911254883,1.044387346803522,2.0,0.5172209272752608,1,2022-03-18 15:00:00+00:00,1,0,0,0,0,0
031403020103,3,88.96009826660156,1.3885316156481304,5.0,0.629829091576933,6,2022-02-04 03:00:00+00:00,6,1,0,0,0,0
031403020103,6,111.5770263671875,1.4442790982327574,10.0,0.6137828271309864,10,2024-03-09 05:00:00+00:00,10,3,1,0,0,0
031403020103,24,233.96978759765625,2.108927122546766,25.0,0.8442832498861759,12,2022-02-04 07:00:00+00:00,12,3,2,1,0,0
031403020103,72,292.8004455566406,2.0772578765710614,25.0,0.8417932755365096,12,2020-09-17 17:00:00+00:00,12,6,4,1,0,0
031403020104,1,59.791473388671875,1.2619633721609393,5.0,0.6169019421427041,3,2019-04-14 12:00:00+00:00,3,1,0,0,0,0
031403020104,3,95.7342529296875,1.467138640636128,10.0,0.6512043207344049,9,2019-04-19 09:00:00+00:00,9,4,1,0,0,0
031403020104,6,130.69436645507812,1.6626723866293291,10.0,0.6890536802809979,14,2024-03-09 06:00:00+00:00,14,4,2,0,0,0
031403020104,24,231.3709716796875,2.0481354008060095,25.0,0.7991884973625314,13,2020-09-17 02:00:00+00:00,13,5,3,1,0,0
031403020104,72,295.3761901855469,2.059573275992106,25.0,0.81534443364569,15,2023-06-17 05:00:00+00:00,15,8,7,1,0,0
031403020201,1,53.96829605102539,1.1556965770882572,2.0,0.5712576888516357,3,2022-03-18 15:00:00+00:00,3,0,0,0,0,0
031403020201,3,91.02528381347656,1.4149558782745266,10.0,0.6403879826690351,10,2022-03-18 17:00:00+00:00,10,1,1,0,0,0
031403020201,6,120.99440002441406,1.5608245773854221,10.0,0.660510590957179,12,2024-03-09 05:00:00+00:00,12,3,2,0,0,0
031403020201,24,237.2873077392578,2.1326337355022247,25.0,0.8444850079044207,15,2022-02-04 07:00:00+00:00,15,4,2,1,0,0
031403020201,72,295.7881164550781,2.0901455043249957,25.0,0.8368977618740474,12,2023-06-17 04:00:00+00:00,12,7,4,1,0,0
031403020202,1,50.037715911865234,1.0589326895903275,2.0,0.5185038172686336,4,2022-03-18 15:00:00+00:00,4,0,0,0,0,0
031403020202,3,95.45222473144531,1.4667249873355568,10.0,0.653164942068767,7,2022-02-04 03:00:00+00:00,7,1,1,0,0,0
031403020202,6,125.44935607910156,1.6008404738350694,10.0,0.6651044726625186,11,2024-03-09 05:00:00+00:00,11,3,2,0,0,0
031403020202,24,237.55801391601562,2.111790168661662,25.0,0.8217545987447573,14,2022-02-04 07:00:00+00:00,14,5,2,2,0,0
031403020202,72,297.9930725097656,2.083795280618714,25.0,0.8206503306898564,12,2023-06-17 05:00:00+00:00,12,8,6,2,0,0
031403020301,1,57.63496398925781,1.2296320151882114,5.0,0.6077309565613965,1,2022-03-18 15:00:00+00:00,1,1,0,0,0,0
031403020301,3,83.13987731933594,1.2875426202732674,5.0,0.5844530553838944,9,2022-03-18 17:00:00+00:00,9,2,0,0,0,0
031403020301,6,106.6241683959961,1.371732206524984,5.0,0.5798340201790559,10,2024-03-09 05:00:00+00:00,10,3,0,0,0,0
031403020301,24,228.75485229492188,2.052260110211304,25.0,0.7990292691691565,11,2022-02-04 07:00:00+00:00,11,5,2,1,0,0
031403020301,72,283.1595764160156,1.995824706243719,25.0,0.7858784618597057,14,2020-09-17 13:00:00+00:00,14,6,4,2,0,0
031403020302,1,50.16825866699219,1.052119011782534,2.0,0.5120585499675911,2,2019-04-19 07:00:00+00:00,2,0,0,0,0,0
031403020302,3,89.57608032226562,1.3640836000599548,5.0,0.6020025543685812,4,2022-02-04 03:00:00+00:00,4,1,0,0,0,0
031403020302,6,114.82555389404297,1.453538554407694,10.0,0.5961149942102845,12,2024-03-09 05:00:00+00:00,12,2,1,0,0,0
031403020302,24,229.0808563232422,2.0215224760935673,25.0,0.7703638527814318,13,2022-02-04 07:00:00+00:00,13,8,2,1,0,0
031403020302,72,287.0232849121094,1.9932774541001146,25.0,0.7688470476543093,14,2020-09-17 13:00:00+00:00,14,7,6,1,0,0
031403020303,1,54.524627685546875,1.123954439191129,2.0,0.5406737245544362,2,2019-04-14 12:00:00+00:00,2,0,0,0,0,0
031403020303,3,81.50550842285156,1.2195247348152325,2.0,0.5287839764798214,4,2019-04-19 08:00:00+00:00,4,0,0,0,0,0
031403020303,6,105.2672119140625,1.3102982311810167,5.0,0.525397058570264,10,2019-04-19 08:00:00+00:00,10,2,0,0,0,0
031403020303,24,211.1222686767578,1.8332546632818205,10.0,0.6790589054512031,12,2020-09-17 01:00:00+00:00,12,7,3,0,0,0
031403020303,72,301.22650146484375,2.064247766871823,25.0,0.7749098632064702,16,2020-09-17 04:00:00+00:00,16,7,6,1,0,0
031403020401,1,56.2156982421875,1.1774015168472876,2.0,0.571253226305994,4,2019-08-25 23:00:00+00:00,4,0,0,0,0,0
031403020401,3,94.98020935058594,1.4444421681240884,10.0,0.6338820351668352,7,2019-04-19 09:00:00+00:00,7,2,1,0,0,0
031403020401,6,126.85659790039062,1.603148235651994,10.0,0.6546400341434881,12,2024-03-09 06:00:00+00:00,12,3,2,0,0,0
031403020401,24,232.421142578125,2.04717593299944,25.0,0.781800671828727,13,2020-09-17 01:00:00+00:00,13,6,2,2,0,0
031403020401,72,292.611328125,2.0293885086555616,25.0,0.7844316780976172,13,2020-09-17 04:00:00+00:00,13,8,7,1,0,0
031403020402,1,52.73527908325195,1.100605569502158,2.0,0.5323257166180233,2,2019-04-14 12:00:00+00:00,2,0,0,0,0,0
031403020402,3,95.72604370117188,1.450221461036455,10.0,0.6336116282658752,9,2022-03-18 17:00:00+00:00,9,2,1,0,0,0
031403020402,6,128.87091064453125,1.6217758621831817,10.0,0.6597276535208384,15,2024-03-09 06:00:00+00:00,15,3,2,0,0,0
031403020402,24,229.1893768310547,2.009743657090741,25.0,0.7676816691475451,11,2020-09-17 02:00:00+00:00,11,5,3,2,0,0
031403020402,72,291.1349792480469,2.0132736287333635,25.0,0.7797578324470592,15,2023-06-17 05:00:00+00:00,15,8,6,1,0,0
031403020403,1,57.40403747558594,1.186110234439341,2.0,0.5679205385817861,2,2019-04-14 12:00:00+00:00,2,0,0,0,0,0
031403020403,3,91.12889099121094,1.3662091631462154,5.0,0.588305575490143,7,2022-03-18 17:00:00+00:00,7,1,0,0,0,0
031403020403,6,116.6124038696289,1.4530117660079018,5.0,0.5810362587660841,11,2024-03-09 06:00:00+00:00,11,2,0,0,0,0
031403020403,24,217.9253387451172,1.8939216045400016,10.0,0.7094200062777016,13,2020-09-17 02:00:00+00:00,13,4,3,0,0,0
031403020403,72,283.08074951171875,1.9431040696244022,25.0,0.737519409870977,15,2020-09-17 18:00:00+00:00,15,8,5,1,0,0
031403020404,1,58.47986602783203,1.1958124289929146,2.0,0.5680477053057799,2,2025-05-11 09:00:00+00:00,2,0,0,0,0,0
031403020404,3,84.65750122070312,1.2556151450991775,5.0,0.5345959189160194,6,2022-03-18 17:00:00+00:00,6,1,0,0,0,0
031403020404,6,108.88380432128906,1.342786145259766,5.0,0.5292826329495761,8,2020-09-17 00:00:00+00:00,8,2,0,0,0,0
031403020404,24,209.7279815673828,1.8049228354530567,10.0,0.6633115604187745,13,2020-09-17 01:00:00+00:00,13,4,3,0,0,0
031403020404,72,275.2478942871094,1.873998549660538,10.0,0.697360167521538,14,2020-09-17 04:00:00+00:00,14,8,4,0,0,0
031403020501,1,52.871124267578125,1.0640920729597045,2.0,0.5061515142958638,1,2002-12-24 12:00:00+00:00,1,0,0,0,0,0
031403020501,3,81.2103271484375,1.1838237552774276,2.0,0.5061170719427356,6,2020-09-16 23:00:00+00:00,6,0,0,0,0,0
031403020501,6,109.05621337890625,1.3226117504502197,5.0,0.5202190535987594,8,2020-09-16 23:00:00+00:00,8,2,0,0,0,0
031403020501,24,211.85110473632812,1.7963264921642772,10.0,0.646415107335401,11,2020-09-16 23:00:00+00:00,11,5,3,0,0,0
031403020501,72,347.2784118652344,2.3343795970399897,50.0,0.8515939096015083,15,2020-09-17 02:00:00+00:00,15,10,4,1,1,0
031403020502,1,54.24811935424805,1.0842867403113,2.0,0.5212583383808523,1,2019-04-14 12:00:00+00:00,1,0,0,0,0,0
031403020502,3,86.24657440185547,1.2475769631711597,5.0,0.5424551699909167,7,2024-07-24 22:00:00+00:00,7,1,0,0,0,0
031403020502,6,99.46180725097656,1.1978140194648546,2.0,0.4769291103015274,8,2024-07-25 00:00:00+00:00,8,0,0,0,0,0
031403020502,24,225.49937438964844,1.9022732964239042,10.0,0.6809071683771409,10,2020-09-16 23:00:00+00:00,10,7,2,0,0,0
031403020502,72,376.9946594238281,2.522167703540552,50.0,0.9169549353045509,15,2020-09-17 02:00:00+00:00,15,10,4,1,1,0
031403020503,1,52.90817642211914,1.0388947442988776,2.0,0.5029861563256552,1,2019-04-14 12:00:00+00:00,1,0,0,0,0,0
031403020503,3,88.56236267089844,1.2548997286183883,5.0,0.5538430720441284,7,2024-07-24 22:00:00+00:00,7,2,0,0,0,0
031403020503,6,102.00930786132812,1.2027923872915955,2.0,0.4836104077440188,9,2022-07-19 06:00:00+00:00,9,0,0,0,0,0
031403020503,24,246.42123413085938,2.041837866967341,25.0,0.7227585386673593,10,2020-09-16 23:00:00+00:00,10,6,2,1,0,0
031403020503,72,394.866455078125,2.6024124594948552,50.0,0.9356734502920965,15,2020-09-17 00:00:00+00:00,15,8,4,1,1,0
031403020504,1,51.74869918823242,1.007478931730517,2.0,0.48550544651315924,1,2019-04-14 12:00:00+00:00,1,0,0,0,0,0
031403020504,3,81.97105407714844,1.1499000710637541,2.0,0.5056005716729256,6,2025-04-07 02:00:00+00:00,6,0,0,0,0,0
031403020504,6,105.00826263427734,1.2241895896279948,5.0,0.4905607879476031,8,2025-04-07 05:00:00+00:00,8,1,0,0,0,0
031403020504,24,245.24783325195312,2.0088980470232625,25.0,0.7084491594966085,10,2025-04-07 17:00:00+00:00,10,5,2,1,0,0
031403020504,72,406.2744140625,2.6524424359424055,50.0,0.9491943622206028,14,2020-09-17 02:00:00+00:00,14,8,4,1,1,0
031403020505,1,65.76988220214844,1.2387235856576557,5.0,0.609495764368253,1,2013-02-11 02:00:00+00:00,1,1,0,0,0,0
031403020505,3,86.57230377197266,1.169964813714289,2.0,0.5364789826085917,10,2025-04-07 02:00:00+00:00,10,0,0,0,0,0
031403020505,6,118.014404296875,1.3209296382456288,5.0,0.546439145208901,13,2025-04-07 05:00:00+00:00,13,6,0,0,0,0
031403020505,24,286.0541076660156,2.248567360536445,25.0,0.782616971087304,12,2025-04-07 13:00:00+00:00,12,6,4,1,0,0
031403020505,72,446.8067626953125,2.8155118300885276,50.0,0.9966055690279128,13,2020-09-17 00:00:00+00:00,13,7,4,1,1,0
031403020506,1,63.158592224121094,1.1953647855702987,5.0,0.5837748530539377,2,2013-02-11 02:00:00+00:00,2,1,0,0,0,0
031403020506,3,98.84425354003906,1.3436344562029487,5.0,0.6081298259696281,7,2025-04-07 02:00:00+00:00,7,2,0,0,0,0
031403020506,6,128.6261444091797,1.448374135389332,10.0,0.5932340218952112,10,2025-04-07 05:00:00+00:00,10,4,1,0,0,0
031403020506,24,273.6490478515625,2.160635191764378,25.0,0.7546676070499598,11,2025-04-07 17:00:00+00:00,11,5,4,1,0,0
031403020506,72,437.8802795410156,2.770272438136852,50.0,0.9832875361617898,15,2025-04-07 21:00:00+00:00,15,8,4,2,1,0
031403030101,1,50.96588134765625,1.0517255393184668,2.0,0.5225036576314211,1,2019-04-14 11:00:00+00:00,1,0,0,0,0,0
031403030101,3,76.08955383300781,1.1411531414502565,2.0,0.5214066084388677,4,2017-10-23 03:00:00+00:00,4,0,0,0,0,0
031403030101,6,108.60958862304688,1.3589627240667557,5.0,0.567640120998418,6,2017-10-23 04:00:00+00:00,6,3,0,0,0,0
031403030101,24,272.1316223144531,2.3818969313229137,50.0,0.8737334183690914,14,2020-09-16 23:00:00+00:00,14,7,2,1,1,0
031403030101,72,422.9841003417969,2.9183415760964704,100.0,1.0882670175608373,17,2020-09-17 02:00:00+00:00,17,9,3,1,1,1
031403030102,1,52.062828063964844,1.0851424689396498,2.0,0.538654719774002,1,2019-04-14 11:00:00+00:00,1,0,0,0,0,0
031403030102,3,75.61475372314453,1.1449169460633217,2.0,0.5242775038411316,4,2017-10-23 03:00:00+00:00,4,0,0,0,0,0
031403030102,6,106.37001037597656,1.3427672222788334,5.0,0.5642256307105701,9,2017-10-23 04:00:00+00:00,9,2,0,0,0,0
031403030102,24,269.7866516113281,2.3797652448503746,50.0,0.8833042072631339,14,2025-04-07 13:00:00+00:00,14,6,3,1,1,0
031403030102,72,424.17083740234375,2.9447351404509665,100.0,1.1111839200162454,16,2020-09-17 02:00:00+00:00,16,11,3,1,1,1
031403030201,3,73.42460632324219,1.06763353615615,2.0,0.4841591620347246,1,1995-10-04 23:00:00+00:00,1,0,0,0,0,0
031403030201,6,116.47052001953125,1.4134990038601565,5.0,0.5822078698545043,6,2017-10-23 03:00:00+00:00,6,1,0,0,0,0
031403030201,24,257.4355163574219,2.1959331034813543,25.0,0.7871081399907351,10,2020-09-16 22:00:00+00:00,10,5,2,1,0,0
031403030201,72,425.1526794433594,2.871662352010587,100.0,1.0445028088483903,13,2017-06-22 22:00:00+00:00,13,8,3,1,1,1
031403030202,3,81.4795913696289,1.1716110810574012,2.0,0.5276242054297003,2,2021-10-05 04:00:00+00:00,2,0,0,0,0,0
031403030202,6,106.62472534179688,1.2791360602342958,5.0,0.5230338849282449,7,2021-10-05 06:00:00+00:00,7,1,0,0,0,0
031403030202,24,254.5462646484375,2.1471526487720594,25.0,0.7650266801461452,11,2020-09-16 22:00:00+00:00,11,4,2,1,0,0
031403030202,72,417.5350646972656,2.7913834355165035,100.0,1.0104123494073307,13,2021-10-06 10:00:00+00:00,13,9,4,1,1,1
031403030203,3,82.18087005615234,1.1889375240795064,2.0,0.5395854173655035,1,1995-10-04 23:00:00+00:00,1,0,0,0,0,0
031403030203,6,128.56846618652344,1.552255636170417,10.0,0.6392244495182791,5,2016-06-15 17:00:00+00:00,5,1,1,0,0,0
031403030203,24,269.60443115234375,2.2935783721553316,25.0,0.8195694327926175,10,2020-09-16 22:00:00+00:00,10,5,3,1,0,0
031403030203,72,431.04498291015625,2.908651226166032,100.0,1.0524742599500012,12,2017-06-22 22:00:00+00:00,12,8,3,1,1,1
031403030204,3,82.7205810546875,1.1676536038936733,2.0,0.5311513865312855,2,2015-12-22 07:00:00+00:00,2,0,0,0,0,0
031403030204,6,123.98019409179688,1.458571822829786,10.0,0.6006526116321084,5,2017-10-23 03:00:00+00:00,5,2,1,0,0,0
031403030204,24,280.646484375,2.3395720598287406,25.0,0.826055142098059,9,2020-09-16 22:00:00+00:00,9,5,2,1,0,0
031403030204,72,413.16644287109375,2.736429726229741,50.0,0.9770884698769359,11,2017-06-22 22:00:00+00:00,11,8,4,1,1,0
031403030301,3,76.3858642578125,1.102709463499953,2.0,0.5021061548166483,2,2015-12-24 18:00:00+00:00,2,0,0,0,0,0
031403030301,6,119.18490600585938,1.436918143491604,10.0,0.5992129153227626,3,2015-11-18 19:00:00+00:00,3,2,1,0,0,0
031403030301,24,217.22869873046875,1.8598339523997693,10.0,0.6836734766069784,9,2020-09-16 22:00:00+00:00,9,6,2,0,0,0
031403030301,72,346.913818359375,2.368975031034304,50.0,0.8790283786958024,11,2017-01-03 23:00:00+00:00,11,6,4,1,1,0
031403030302,3,81.60627746582031,1.1814655432523569,2.0,0.5362299715861529,1,1995-10-04 23:00:00+00:00,1,0,0,0,0,0
031403030302,6,126.95303344726562,1.5337901585974691,10.0,0.6327375142612662,6,2017-10-23 03:00:00+00:00,6,1,1,0,0,0
031403030302,24,263.27996826171875,2.2466506188299085,25.0,0.8064285054394214,10,2020-09-16 22:00:00+00:00,10,6,2,1,0,0
031403030302,72,410.0318908691406,2.7799611623491605,100.0,1.0088768919730435,13,2017-06-22 23:00:00+00:00,13,7,4,1,1,1
031403030303,3,77.00456237792969,1.1051146590351488,2.0,0.5020852911491956,1,1995-10-04 23:00:00+00:00,1,0,0,0,0,0
031403030303,6,118.71713256835938,1.4215910603143596,5.0,0.5879486662126362,4,2015-11-18 20:00:00+00:00,4,2,0,0,0,0
031403030303,24,249.99197387695312,2.1214341030508224,25.0,0.763955999541543,10,2020-09-16 22:00:00+00:00,10,6,2,1,0,0
031403030303,72,386.2926940917969,2.60766520449556,50.0,0.9484068601645657,11,2017-01-03 23:00:00+00:00,11,7,4,1,1,0
031403030304,1,63.34391403198242,1.2422914081154206,5.0,0.6139253862526722,1,2004-10-20 01:00:00+00:00,1,1,0,0,0,0
031403030304,3,77.63155364990234,1.099680910853979,2.0,0.49972598556979164,2,2004-10-20 02:00:00+00:00,2,0,0,0,0,0
031403030304,6,116.96096801757812,1.3813533680547536,5.0,0.5714567910164595,5,2017-10-23 03:00:00+00:00,5,2,0,0,0,0
031403030304,24,247.93003845214844,2.0800169701031317,25.0,0.7459191083077743,9,2020-09-16 22:00:00+00:00,9,6,2,1,0,0
031403030304,72,374.9134216308594,2.4985005739781463,50.0,0.9044504730032504,11,2017-06-22 22:00:00+00:00,11,8,4,1,1,0
031403030305,3,82.63520812988281,1.1591464588305227,2.0,0.5270623691588878,5,2017-10-23 01:00:00+00:00,5,0,0,0,0,0
031403030305,6,120.98310852050781,1.413198872703212,5.0,0.5827538527447687,8,2017-10-23 03:00:00+00:00,8,3,0,0,0,0
031403030305,24,246.42147827148438,2.0461934830810353,25.0,0.7218377253109349,10,2020-09-16 22:00:00+00:00,10,5,2,1,0,0
031403030305,72,367.1272888183594,2.41638371619663,50.0,0.8619899192852686,11,2017-01-03 23:00:00+00:00,11,8,5,1,1,0
031403030401,1,53.930641174316406,1.1549189660720296,2.0,0.5745815189227916,2,2022-03-18 15:00:00+00:00,2,0,0,0,0,0
031403030401,3,74.7570571899414,1.161622496345607,2.0,0.5358492791271461,6,2022-03-18 16:00:00+00:00,6,0,0,0,0,0
031403030401,6,101.20014953613281,1.30709243210515,5.0,0.559902983187448,9,2024-03-09 05:00:00+00:00,9,2,0,0,0,0
031403030401,24,210.5356903076172,1.8977237079944402,25.0,0.7350302047458798,13,2025-04-07 13:00:00+00:00,13,5,3,1,0,0
031403030401,72,317.0555114746094,2.244502588379596,50.0,0.8800332635505582,17,2020-09-17 17:00:00+00:00,17,6,4,1,1,0
031403030402,1,58.256309509277344,1.2508359947035195,5.0,0.6248774333430456,2,2019-04-14 11:00:00+00:00,2,1,0,0,0,0
031403030402,3,79.80221557617188,1.243101102983456,5.0,0.5796380988421871,4,2012-09-04 13:00:00+00:00,4,1,0,0,0,0
031403030402,6,98.9369125366211,1.2816953010619165,5.0,0.5535847465405135,8,2024-03-09 04:00:00+00:00,8,3,0,0,0,0
031403030402,24,229.76092529296875,2.078190294486746,25.0,0.7998761037227279,13,2025-04-07 13:00:00+00:00,13,7,3,2,0,0
031403030402,72,363.8918151855469,2.5852868067262227,100.0,1.0073844152212075,19,2025-04-07 21:00:00+00:00,19,6,5,1,1,1
031403030403,1,50.400421142578125,1.067144779822286,2.0,0.5307372489867547,1,2019-04-14 11:00:00+00:00,1,0,0,0,0,0
031403030403,3,85.84687042236328,1.319937464698389,5.0,0.6084795031358674,4,2012-09-04 14:00:00+00:00,4,1,0,0,0,0
031403030403,6,116.63130950927734,1.4933327121346631,10.0,0.6350998567841364,9,2024-03-09 04:00:00+00:00,9,3,1,0,0,0
031403030403,24,247.68014526367188,2.213833806274253,25.0,0.8376149555200092,12,2025-04-07 13:00:00+00:00,12,7,3,2,0,0
031403030403,72,399.1551818847656,2.8030568976859174,100.0,1.07659750335892,17,2020-09-17 02:00:00+00:00,17,7,5,1,1,1
031403030404,1,49.83900833129883,1.027351741867561,2.0,0.49992616043436033,1,2022-03-18 15:00:00+00:00,1,0,0,0,0,0
031403030404,3,81.99954223632812,1.2272428336648247,5.0,0.5421055399114383,5,2024-07-24 22:00:00+00:00,5,1,0,0,0,0
031403030404,6,109.68838500976562,1.3672598018843873,5.0,0.5563452603622594,10,2022-02-04 05:00:00+00:00,10,3,0,0,0,0
031403030404,24,211.77186584472656,1.8428499064045272,10.0,0.6811903860027031,13,2022-02-04 07:00:00+00:00,13,5,3,0,0,0
031403030404,72,357.9913024902344,2.456014362129662,50.0,0.9224837046916322,17,2020-09-17 02:00:00+00:00,17,9,5,1,1,0
031403030405,1,53.41726303100586,1.103956415993508,2.0,0.5414376253012716,1,2022-03-18 15:00:00+00:00,1,0,0,0,0,0
031403030405,3,86.3592300415039,1.2961100474117597,5.0,0.5804769923803403,3,2015-12-22 07:00:00+00:00,3,1,0,0,0,0
031403030405,6,104.69357299804688,1.309326481411437,5.0,0.5391864147293252,7,2015-12-22 08:00:00+00:00,7,3,0,0,0,0
031403030405,24,239.57235717773438,2.0925842326720803,25.0,0.7742567968721611,13,2020-09-16 23:00:00+00:00,13,4,3,1,0,0
031403030405,72,391.5726623535156,2.694490636981252,100.0,1.0139406192274854,15,2020-09-17 02:00:00+00:00,15,9,3,1,1,1
031403030406,3,79.79974365234375,1.1601334975849702,2.0,0.514113917975461,1,2015-12-22 07:00:00+00:00,1,0,0,0,0,0
031403030406,6,101.64326477050781,1.2322359431970604,5.0,0.4983434331831612,7,2015-12-22 08:00:00+00:00,7,1,0,0,0,0
031403030406,24,252.8545379638672,2.148039427739785,25.0,0.7710317115695632,12,2020-09-16 23:00:00+00:00,12,4,2,1,0,0
031403030406,72,396.8363952636719,2.6681019755373736,50.0,0.9745964075772906,14,2017-06-22 23:00:00+00:00,14,9,4,1,1,0
031403030501,3,80.31025695800781,1.1313410921606635,2.0,0.5090819169377103,4,2024-09-25 18:00:00+00:00,4,0,0,0,0,0
031403030501,6,107.52061462402344,1.2612884017156865,5.0,0.5147495753804787,7,2021-10-05 07:00:00+00:00,7,2,0,0,0,0
031403030501,24,262.2822570800781,2.1693197952326186,25.0,0.7655529324012622,11,2020-09-16 22:00:00+00:00,11,5,2,1,0,0
031403030501,72,411.4217224121094,2.7068079857448826,50.0,0.9695976554428972,16,2021-10-06 10:00:00+00:00,16,9,3,1,1,0
031403030502,3,80.59243774414062,1.1069997577917245,2.0,0.5055582056066379,5,2019-04-19 08:00:00+00:00,5,0,0,0,0,0
031403030502,6,111.38236999511719,1.270820675972135,5.0,0.5244384606871806,6,2017-10-08 12:00:00+00:00,6,3,0,0,0,0
031403030502,24,287.0045471191406,2.3131829140734648,25.0,0.8084615436306144,10,2020-09-16 22:00:00+00:00,10,6,2,1,0,0
031403030502,72,430.5152587890625,2.770866703204255,50.0,0.9832140482805182,13,2020-09-16 23:00:00+00:00,13,6,4,1,1,0
031403030503,3,78.57207489013672,1.0801209927901865,2.0,0.4951987087168594,4,2024-09-25 18:00:00+00:00,4,0,0,0,0,0
031403030503,6,115.12525177001953,1.3153499362843373,5.0,0.5443512869346621,7,2017-10-08 12:00:00+00:00,7,4,0,0,0,0
031403030503,24,295.04803466796875,2.388714253233972,25.0,0.8327163915995776,11,2020-09-16 22:00:00+00:00,11,7,3,1,0,0
031403030503,72,427.7656555175781,2.7619615818736847,50.0,0.9772071011909984,13,2020-09-16 23:00:00+00:00,13,8,4,1,1,0
031403030504,1,71.59980773925781,1.339234866817343,10.0,0.6621992682624994,1,2013-02-11 02:00:00+00:00,1,1,1,0,0,0
031403030504,3,93.44668579101562,1.2516556709823181,5.0,0.5806576306526143,9,2020-09-16 21:00:00+00:00,9,2,0,0,0,0
031403030504,6,127.56945037841797,1.4147551035689865,10.0,0.589880937267086,12,2025-04-07 05:00:00+00:00,12,6,1,0,0,0
031403030504,24,295.3233642578125,2.308885851607492,25.0,0.795537528702068,14,2020-09-16 22:00:00+00:00,14,6,4,1,0,0
031403030504,72,454.9836120605469,2.8515358461509477,100.0,1.0019396089996757,14,2020-09-16 23:00:00+00:00,14,8,5,1,1,1
031403030601,3,83.59954833984375,1.161103174802022,2.0,0.5303114865652525,3,2015-12-22 07:00:00+00:00,3,0,0,0,0,0
031403030601,6,121.41117095947266,1.4031254087049418,5.0,0.5792804676617482,6,2017-10-23 03:00:00+00:00,6,3,0,0,0,0
031403030601,24,262.80938720703125,2.159012527649033,25.0,0.7540025133099885,9,2020-09-16 22:00:00+00:00,9,5,3,1,0,0
031403030601,72,388.49090576171875,2.5347518756497243,50.0,0.8971986709381715,13,2020-09-16 22:00:00+00:00,13,8,4,1,1,0
031403030602,3,86.1414566040039,1.1914398198491845,5.0,0.5440871420794697,3,2017-10-23 01:00:00+00:00,3,1,0,0,0,0
031403030602,6,124.76445770263672,1.4351693844504079,10.0,0.5926434613657389,5,2017-10-23 03:00:00+00:00,5,4,1,0,0,0
031403030602,24,247.2683868408203,2.024530891260877,25.0,0.7050577171209914,10,2020-09-16 22:00:00+00:00,10,6,3,1,0,0
031403030602,72,369.6207580566406,2.3997380263245343,50.0,0.8478321360003853,13,2020-09-16 22:00:00+00:00,13,7,4,1,1,0
031403030603,3,81.23565673828125,1.1246412281285285,2.0,0.5145847819522728,2,1995-10-04 23:00:00+00:00,2,0,0,0,0,0
031403030603,6,118.9437484741211,1.3698389858910618,5.0,0.5660881496937756,8,2017-10-23 03:00:00+00:00,8,2,0,0,0,0
031403030603,24,280.10107421875,2.2894538706084786,25.0,0.7991459528200607,9,2020-09-16 22:00:00+00:00,9,6,3,1,0,0
031403030603,72,411.4990539550781,2.6769345843211627,50.0,0.9475347364798772,13,2020-09-16 22:00:00+00:00,13,8,4,1,1,0
031403030604,1,64.93473815917969,1.2246594999895604,5.0,0.604564520989583,1,2013-02-11 02:00:00+00:00,1,1,0,0,0,0
031403030604,3,91.14020538330078,1.2303357983567613,5.0,0.5689785326051217,5,2020-09-16 20:00:00+00:00,5,1,0,0,0,0
031403030604,6,121.79400634765625,1.3638848150249874,5.0,0.5673199641119845,8,2024-03-09 07:00:00+00:00,8,6,0,0,0,0
031403030604,24,277.5661926269531,2.2056586645552527,25.0,0.7581941626748394,12,2020-09-16 22:00:00+00:00,12,6,4,1,0,0
031403030604,72,419.26837158203125,2.660243341022425,50.0,0.932574461105761,13,2020-09-16 22:00:00+00:00,13,7,4,1,1,0
031403030701,1,64.29061889648438,1.2149614206624528,5.0,0.5983502555591794,1,2013-02-11 02:00:00+00:00,1,1,0,0,0,0
031403030701,3,89.63088989257812,1.2116886045065784,5.0,0.5593908843268914,4,2020-09-16 20:00:00+00:00,4,2,0,0,0,0
031403030701,6,129.20091247558594,1.4495918613116912,10.0,0.6023723109344147,9,2024-03-09 07:00:00+00:00,9,4,1,0,0,0
031403030701,24,250.66482543945312,2.001571988578691,10.0,0.6869626214553843,13,2020-09-16 22:00:00+00:00,13,6,4,0,0,0
031403030701,72,384.978271484375,2.447646362630423,50.0,0.856818154225821,13,2020-09-16 22:00:00+00:00,13,7,5,1,1,0
031403030702,1,56.243804931640625,1.045953477835855,2.0,0.5164401064312805,1,2013-02-11 02:00:00+00:00,1,0,0,0,0,0
031403030702,3,106.91079711914062,1.418027674900266,10.0,0.6602689543938085,7,2024-03-09 07:00:00+00:00,7,2,1,0,0,0
031403030702,6,151.40647888183594,1.664795237780393,10.0,0.6962187724919627,9,2024-03-09 07:00:00+00:00,9,6,2,0,0,0
031403030702,24,281.20648193359375,2.205204131762634,25.0,0.7513800110752207,12,2020-09-16 21:00:00+00:00,12,6,4,1,0,0
031403030702,72,386.70159912109375,2.4211034210462614,50.0,0.8430707554008899,11,2020-09-16 22:00:00+00:00,11,7,5,2,1,0
031403030703,1,63.56633377075195,1.169409071103968,5.0,0.579776184808838,1,2020-09-16 20:00:00+00:00,1,1,0,0,0,0
031403030703,3,136.64700317382812,1.7920695933515136,25.0,0.8420119532162553,7,2022-03-18 17:00:00+00:00,7,1,1,1,0,0
031403030703,6,187.54446411132812,2.0329265122077245,25.0,0.8545817804803417,9,2024-03-09 08:00:00+00:00,9,5,2,1,0,0
031403030703,24,327.2806396484375,2.5118538391814895,50.0,0.8516633170763409,10,2020-09-16 21:00:00+00:00,10,6,4,2,1,0
031403030703,72,446.0535583496094,2.75034071152432,50.0,0.9548366114203183,12,2020-09-16 22:00:00+00:00,12,5,5,3,1,0
031403030704,1,60.94619369506836,1.1096996012734726,2.0,0.5501749305225689,1,2020-09-16 20:00:00+00:00,1,0,0,0,0,0
031403030704,3,137.3975830078125,1.7760499119876383,25.0,0.8363125931242346,5,2022-03-18 17:00:00+00:00,5,2,1,1,0,0
031403030704,6,200.76837158203125,2.146759254199511,50.0,0.9070421479395078,8,2020-09-16 20:00:00+00:00,8,3,2,1,1,0
031403030704,24,345.5131530761719,2.6410893330646794,50.0,0.8974154057080596,11,2021-10-06 04:00:00+00:00,11,6,4,1,1,0
031403030704,72,401.2373962402344,2.461156592595679,50.0,0.8533651747076159,10,2021-10-06 11:00:00+00:00,10,6,5,3,1,0
031403040101,1,53.41521453857422,1.0392490243217403,2.0,0.5149408043514659,1,2019-04-14 10:00:00+00:00,1,0,0,0,0,0
031403040101,3,74.56150817871094,1.0513832665206984,2.0,0.47896832385912275,1,1995-10-05 00:00:00+00:00,1,0,0,0,0,0
031403040101,6,116.8081283569336,1.3779175735617442,5.0,0.5810536663905973,6,2024-03-09 05:00:00+00:00,6,2,0,0,0,0
031403040101,24,205.8186798095703,1.736023741860587,10.0,0.6560046326833184,12,2020-09-16 21:00:00+00:00,12,6,3,0,0,0
031403040101,72,330.0560607910156,2.229329611509754,25.0,0.8443685229494869,12,2017-01-03 23:00:00+00:00,12,7,5,1,0,0
031403040102,1,56.80738067626953,1.1204288322241525,2.0,0.5569356112884136,1,2019-04-14 10:00:00+00:00,1,0,0,0,0,0
031403040102,3,83.40724182128906,1.1928270489235964,2.0,0.5451069919404664,2,2015-12-24 18:00:00+00:00,2,0,0,0,0,0
031403040102,6,118.04598999023438,1.4115560148902784,5.0,0.5949280645369481,4,2021-04-24 12:00:00+00:00,4,2,0,0,0,0
031403040102,24,205.1064910888672,1.7506588615209513,10.0,0.6576536427073142,10,2020-09-16 22:00:00+00:00,10,7,2,0,0,0
031403040102,72,331.6587829589844,2.2648120202036175,50.0,0.8561898223084488,12,2017-01-03 23:00:00+00:00,12,7,4,1,1,0
031403040103,3,78.55957794189453,1.1091719955866308,2.0,0.5040671395264689,2,2015-12-24 18:00:00+00:00,2,0,0,0,0,0
031403040103,6,123.85359191894531,1.4590189467671704,10.0,0.6077344853242971,5,2015-12-24 19:00:00+00:00,5,2,1,0,0,0
031403040103,24,225.9879608154297,1.8951146059766284,10.0,0.6929983167511202,13,2020-09-16 22:00:00+00:00,13,6,3,0,0,0
031403040103,72,352.77264404296875,2.354171101918525,50.0,0.8672158650552576,12,2017-01-03 23:00:00+00:00,12,9,5,1,1,0
031403040104,3,83.05543518066406,1.157704879463501,2.0,0.5242158898831175,2,2015-12-24 17:00:00+00:00,2,0,0,0,0,0
031403040104,6,123.14153289794922,1.4322300063421511,10.0,0.5967559136328848,4,2015-12-24 18:00:00+00:00,4,2,1,0,0,0
031403040104,24,227.1591796875,1.881527349774561,10.0,0.6924227143200015,12,2020-09-16 21:00:00+00:00,12,5,3,0,0,0
031403040104,72,348.6123352050781,2.2987757180597597,50.0,0.8491708810354069,11,2017-01-03 23:00:00+00:00,11,9,5,1,1,0
031403040105,3,82.24700927734375,1.1513604072542167,2.0,0.5218956802206536,3,2013-02-11 03:00:00+00:00,3,0,0,0,0,0
031403040105,6,123.26527404785156,1.4372438130564391,10.0,0.5941818069323079,4,2013-02-11 04:00:00+00:00,4,3,1,0,0,0
031403040105,24,232.55397033691406,1.9283276475509816,10.0,0.6900612721611749,11,2020-09-16 22:00:00+00:00,11,5,3,0,0,0
031403040105,72,351.8943786621094,2.3119269359570245,25.0,0.8347034369020069,11,2017-01-03 23:00:00+00:00,11,8,5,1,0,0
031403040106,3,88.76602935791016,1.2170028698435846,5.0,0.5551675442599825,5,2013-02-11 03:00:00+00:00,5,1,0,0,0,0
031403040106,6,130.20497131347656,1.4840396949387002,10.0,0.6136561763166757,5,2017-10-23 03:00:00+00:00,5,3,1,0,0,0
031403040106,24,241.29124450683594,1.9596331410194543,10.0,0.684443559342457,11,2020-09-16 21:00:00+00:00,11,8,3,0,0,0
031403040106,72,346.4919128417969,2.228490366432845,25.0,0.7882851592033379,13,2024-12-11 09:00:00+00:00,13,6,6,1,0,0
031403040107,3,91.47154235839844,1.2606142493200732,5.0,0.5692232444922309,4,2015-12-24 17:00:00+00:00,4,1,0,0,0,0
031403040107,6,125.21222686767578,1.4375867736740549,10.0,0.5951375948480581,6,2015-12-24 18:00:00+00:00,6,4,1,0,0,0
031403040107,24,241.40603637695312,1.970537425522558,25.0,0.7131712409996266,11,2020-09-16 21:00:00+00:00,11,5,3,1,0,0
031403040107,72,352.1919250488281,2.282163973371654,25.0,0.8293653003397468,12,2017-01-03 23:00:00+00:00,12,9,5,1,0,0
031403040201,3,97.06395721435547,1.2832245996429188,5.0,0.5926027340825807,7,2024-03-09 07:00:00+00:00,7,2,0,0,0,0
031403040201,6,140.02593994140625,1.5368127607896542,10.0,0.642348632063837,9,2024-03-09 07:00:00+00:00,9,6,1,0,0,0
031403040201,24,235.31033325195312,1.8449721148295264,10.0,0.6412246497161493,14,2020-09-16 21:00:00+00:00,14,7,4,0,0,0
031403040201,72,372.089599609375,2.3222900900760903,25.0,0.8157080500348385,12,2020-09-16 22:00:00+00:00,12,7,6,1,0,0
031403040202,3,99.43894958496094,1.2673434799930647,5.0,0.5942351559100087,6,2020-09-16 20:00:00+00:00,6,1,0,0,0,0
031403040202,6,151.646728515625,1.601579124733287,10.0,0.6796793009674674,11,2024-03-09 07:00:00+00:00,11,4,2,0,0,0
031403040202,24,270.6474304199219,2.0463745437730654,25.0,0.7122039807543048,13,2021-10-06 03:00:00+00:00,13,7,4,1,0,0
031403040202,72,398.0602722167969,2.4077249395791553,50.0,0.843330189723936,13,2021-10-06 06:00:00+00:00,13,8,5,2,1,0
031403040203,1,64.52058410644531,1.1421005087720313,2.0,0.5665187172416448,1,2014-09-08 21:00:00+00:00,1,0,0,0,0,0
031403040203,3,104.56687927246094,1.3165662858926326,5.0,0.6155738796339939,7,2020-09-16 19:00:00+00:00,7,1,0,0,0,0
031403040203,6,161.0518035888672,1.6817663986887068,10.0,0.7156732471736253,11,2024-03-09 07:00:00+00:00,11,4,1,0,0,0
031403040203,24,278.9354553222656,2.083422622266983,25.0,0.7365126140403339,14,2021-10-06 03:00:00+00:00,14,7,4,1,0,0
031403040203,72,416.1701354980469,2.483605730047594,50.0,0.8742731435695265,13,2021-10-06 06:00:00+00:00,13,7,5,2,1,0
031403040301,3,103.59536743164062,1.3862005695517603,5.0,0.6168773396378446,2,2015-12-24 16:00:00+00:00,2,1,0,0,0,0
031403040301,6,149.2122344970703,1.667608023190267,10.0,0.6862975179712898,6,2017-10-23 02:00:00+00:00,6,3,1,0,0,0
031403040301,24,213.23126220703125,1.6847867492144253,10.0,0.6252595757353833,13,2025-06-10 05:00:00+00:00,13,5,3,0,0,0
031403040301,72,335.10650634765625,2.1209152886888574,25.0,0.7791325873757738,11,2017-01-03 23:00:00+00:00,11,9,3,1,0,0
031403040302,3,88.35894775390625,1.2032133676308026,2.0,0.540297776057572,2,2015-12-24 17:00:00+00:00,2,0,0,0,0,0
031403040302,6,127.81439971923828,1.4540476140033425,10.0,0.6040570360547914,4,2015-12-24 18:00:00+00:00,4,2,1,0,0,0
031403040302,24,220.47044372558594,1.7817911700046327,10.0,0.6641958097164523,11,2020-09-16 21:00:00+00:00,11,5,3,0,0,0
031403040302,72,339.7915344238281,2.197190292611916,25.0,0.814731901739643,10,2017-01-03 23:00:00+00:00,10,9,5,1,0,0
031403040303,1,62.138633728027344,1.1174670216959703,2.0,0.5481439439172399,1,2019-04-14 11:00:00+00:00,1,0,0,0,0,0
031403040303,3,94.62202453613281,1.2238645918486832,5.0,0.5519586918704138,3,2022-03-18 17:00:00+00:00,3,1,0,0,0,0
031403040303,6,146.2101287841797,1.5746397665670426,10.0,0.6511100335859694,9,2024-03-09 07:00:00+00:00,9,4,1,0,0,0
031403040303,24,242.3036651611328,1.8514334264250891,10.0,0.6659381670272835,13,2020-09-16 20:00:00+00:00,13,9,3,0,0,0
031403040303,72,409.978759765625,2.497440709787127,50.0,0.8884198585278773,12,2021-10-06 05:00:00+00:00,12,7,5,2,1,0
031403040304,1,56.627464294433594,1.0169589108153156,2.0,0.497749464581291,1,2019-04-14 11:00:00+00:00,1,0,0,0,0,0
031403040304,3,89.51425170898438,1.1588729279603425,2.0,0.5180426869291926,4,2022-03-18 17:00:00+00:00,4,0,0,0,0,0
031403040304,6,138.97084045410156,1.4989204637754983,10.0,0.6157444399326477,9,2024-03-09 07:00:00+00:00,9,3,1,0,0,0
031403040304,24,249.4182586669922,1.9032808043448388,10.0,0.6881208467386549,14,2025-06-10 06:00:00+00:00,14,9,3,0,0,0
031403040304,72,411.69927978515625,2.5054374285433463,50.0,0.8926429878833186,13,2025-06-11 23:00:00+00:00,13,7,5,1,1,0
031403040305,3,105.0527114868164,1.3163351331234017,5.0,0.6043122975235378,5,2020-09-16 19:00:00+00:00,5,2,0,0,0,0
031403040305,6,163.14019775390625,1.699042218955273,10.0,0.714980466801607,14,2024-03-09 07:00:00+00:00,14,4,3,0,0,0
031403040305,24,281.5604248046875,2.0868397023147582,25.0,0.7504437937495504,13,2021-10-06 03:00:00+00:00,13,8,5,1,0,0
031403040305,72,430.8097229003906,2.546284858764378,50.0,0.9002670741381845,16,2021-10-06 05:00:00+00:00,16,7,6,2,1,0
031403040401,1,57.399471282958984,1.0625629128321656,2.0,0.5197861172729134,1,2019-04-14 11:00:00+00:00,1,0,0,0,0,0
031403040401,3,89.21656036376953,1.1903078715671944,2.0,0.5349604657258004,2,2015-12-24 17:00:00+00:00,2,0,0,0,0,0
031403040401,6,133.3462677001953,1.4818883158125915,10.0,0.6111385111486093,7,2017-10-23 02:00:00+00:00,7,2,1,0,0,0
031403040401,24,228.05722045898438,1.7984102912659383,10.0,0.6498728172112517,11,2020-09-16 21:00:00+00:00,11,6,3,0,0,0
031403040401,72,370.742431640625,2.328689202339792,25.0,0.8385338882240673,11,2020-09-16 22:00:00+00:00,11,8,5,1,0,0
031403040402,1,55.71208190917969,1.0478709555746593,2.0,0.5122471141916229,1,2019-04-14 11:00:00+00:00,1,0,0,0,0,0
031403040402,3,86.625732421875,1.1707821304021597,2.0,0.5298726443743867,5,2013-02-11 03:00:00+00:00,5,0,0,0,0,0
031403040402,6,130.48324584960938,1.4672324126491603,10.0,0.6063983520264528,5,2017-10-23 03:00:00+00:00,5,3,1,0,0,0
031403040402,24,239.98463439941406,1.9194840092171916,10.0,0.6839700094740269,11,2020-09-16 21:00:00+00:00,11,7,3,0,0,0
031403040402,72,363.7529602050781,2.3094108003925102,25.0,0.8258344537327553,14,2024-12-11 09:00:00+00:00,14,7,5,1,0,0
031403040403,3,102.14459228515625,1.306612304649159,5.0,0.6017206215881994,5,2024-03-09 07:00:00+00:00,5,1,0,0,0,0
031403040403,6,156.8498077392578,1.6669612045400162,10.0,0.700500515844165,8,2024-03-09 07:00:00+00:00,8,4,2,0,0,0
031403040403,24,262.9127197265625,1.9927202255651149,25.0,0.7085340676258065,13,2021-10-06 03:00:00+00:00,13,7,4,1,0,0
031403040403,72,411.48944091796875,2.4873449642881793,50.0,0.8791694156941281,14,2021-10-06 05:00:00+00:00,14,7,5,2,1,0
031403040404,3,120.21275329589844,1.4821407575300096,10.0,0.6880824734092287,6,2020-09-16 19:00:00+00:00,6,3,1,0,0,0
031403040404,6,168.05958557128906,1.7197485419997482,10.0,0.7320898763184274,10,2021-06-19 16:00:00+00:00,10,5,2,0,0,0
031403040404,24,297.92138671875,2.1748461989641,25.0,0.7837636043880849,15,2021-10-06 03:00:00+00:00,15,7,5,2,0,0
031403040404,72,428.40692138671875,2.49583501971835,50.0,0.882064182657476,13,2021-10-06 05:00:00+00:00,13,8,5,2,1,0
031403040501,3,114.11184692382812,1.4447443301484642,10.0,0.6836120208136398,5,2020-09-16 20:00:00+00:00,5,3,1,0,0,0
031403040501,6,179.52789306640625,1.876120575353927,25.0,0.8004462618173271,8,2020-09-16 20:00:00+00:00,8,3,2,1,0,0
031403040501,24,333.7311706542969,2.50535929653217,50.0,0.8602099475974984,10,2020-09-16 21:00:00+00:00,10,6,4,2,1,0
031403040501,72,398.6907043457031,2.4108625479957655,50.0,0.8389010811599787,11,2021-10-06 11:00:00+00:00,11,5,5,3,1,0
031403040502,1,63.74119567871094,1.1092960191512449,2.0,0.5521173295998096,1,1995-10-04 12:00:00+00:00,1,0,0,0,0,0
031403040502,3,109.50504302978516,1.3406763178961152,5.0,0.6382681795217168,5,2020-09-16 19:00:00+00:00,5,2,0,0,0,0
031403040502,6,147.99636840820312,1.493846213458487,10.0,0.6478837485179628,9,2020-09-16 19:00:00+00:00,9,4,1,0,0,0
031403040502,24,293.2021179199219,2.1296739595556806,25.0,0.752888341956612,7,2020-09-16 19:00:00+00:00,7,5,4,2,0,0
031403040502,72,387.8054504394531,2.27054622769054,25.0,0.7979393620532567,13,2020-09-16 20:00:00+00:00,13,5,5,2,0,0
031403040503,1,57.93061828613281,1.023404311679031,2.0,0.5084653669335683,2,2014-09-08 20:00:00+00:00,2,0,0,0,0,0
031403040503,3,109.55998229980469,1.3656883029546196,5.0,0.6472085816043357,6,2020-09-16 19:00:00+00:00,6,3,0,0,0,0
031403040503,6,155.55392456054688,1.6009038110108675,10.0,0.6874763367061142,7,2020-09-16 19:00:00+00:00,7,3,2,0,0,0
031403040503,24,298.0130615234375,2.2043374094307717,25.0,0.7678226580143658,11,2020-09-16 20:00:00+00:00,11,5,4,2,0,0
031403040503,72,393.9566955566406,2.3452273857402073,25.0,0.8201955214802791,14,2021-10-06 11:00:00+00:00,14,5,5,3,0,0
031403040504,3,112.1035385131836,1.387016586498772,5.0,0.6567363088230509,8,2020-09-16 19:00:00+00:00,8,3,0,0,0,0
031403040504,6,156.7809600830078,1.60453280281048,10.0,0.6904035673893509,13,2021-10-06 03:00:00+00:00,13,3,2,0,0,0
031403040504,24,290.093994140625,2.1288867490152192,25.0,0.7492997214453071,11,2021-10-06 03:00:00+00:00,11,5,4,2,0,0
031403040504,72,410.716552734375,2.4175069093293713,50.0,0.8484931872361852,15,2021-10-06 06:00:00+00:00,15,6,5,2,1,0
031403040505,1,83.91571807861328,1.4405797179229693,10.0,0.7202690671641494,2,2024-06-10 22:00:00+00:00,2,1,1,0,0,0
031403040505,3,127.0976333618164,1.542477489815297,10.0,0.733101539797557,6,2024-06-10 23:00:00+00:00,6,4,2,0,0,0
031403040505,6,175.43385314941406,1.7614603010658574,25.0,0.7650196483036495,11,2024-06-10 23:00:00+00:00,11,5,2,1,0,0
031403040505,24,318.5801086425781,2.293800465541109,25.0,0.8210589942087941,14,2024-06-10 23:00:00+00:00,14,7,5,2,0,0
031403040505,72,416.60809326171875,2.4028555026673075,50.0,0.8473039398439556,15,2021-10-06 07:00:00+00:00,15,6,5,3,1,0
031403040506,3,102.35600280761719,1.250358610656485,5.0,0.583008367122157,9,2020-09-16 19:00:00+00:00,9,1,0,0,0,0
031403040506,6,153.93295288085938,1.5585765395223572,10.0,0.6670931816893694,13,2025-04-07 04:00:00+00:00,13,4,2,0,0,0
031403040506,24,290.6075744628906,2.1048806447528747,25.0,0.7617326652723221,12,2025-06-09 22:00:00+00:00,12,7,4,2,0,0
031403040506,72,413.4762268066406,2.3920053620818784,50.0,0.8478521322266735,14,2025-06-11 22:00:00+00:00,14,6,5,2,1,0
031403040601,3,97.13219451904297,1.2670456865490505,5.0,0.5615348894696339,4,2015-12-24 16:00:00+00:00,4,1,0,0,0,0
031403040601,6,138.2221221923828,1.5026137268803164,10.0,0.6131729803353616,8,2017-10-23 02:00:00+00:00,8,3,1,0,0,0
031403040601,24,231.53363037109375,1.7752161394633148,10.0,0.6457937108542773,13,2025-06-09 23:00:00+00:00,13,7,4,0,0,0
031403040601,72,389.2677307128906,2.387386020500005,50.0,0.8554935611881804,13,2025-06-11 23:00:00+00:00,13,8,5,1,1,0
031403040602,3,105.99995422363281,1.3669829167140932,5.0,0.6086605189062675,5,2012-10-18 14:00:00+00:00,5,1,0,0,0,0
031403040602,6,157.78668212890625,1.6925369606934413,10.0,0.6930935401140409,8,2017-10-23 02:00:00+00:00,8,3,2,0,0,0
031403040602,24,236.92642211914062,1.7929374454788185,10.0,0.6490817812829139,13,2025-06-09 23:00:00+00:00,13,9,4,0,0,0
031403040602,72,389.23968505859375,2.359569774352039,50.0,0.8409921206036325,14,2025-06-11 22:00:00+00:00,14,10,5,1,1,0
031403040603,1,67.32315063476562,1.1953523215532513,2.0,0.5850780323347043,1,2004-09-16 11:00:00+00:00,1,0,0,0,0,0
031403040603,3,114.9342041015625,1.462801690879037,10.0,0.6577494138665806,3,2020-04-23 15:00:00+00:00,3,2,2,0,0,0
031403040603,6,162.1184844970703,1.7127954801395255,10.0,0.7078155289019941,9,2020-04-23 17:00:00+00:00,9,2,2,0,0,0
031403040603,24,238.17015075683594,1.7790810628115228,10.0,0.6429510339691411,12,2025-06-09 23:00:00+00:00,12,8,3,0,0,0
031403040603,72,382.3578796386719,2.288965825863555,25.0,0.8144786286306342,14,2025-06-11 22:00:00+00:00,14,9,5,1,0,0
031403040604,3,106.34962463378906,1.3487002108292667,5.0,0.6084333295558058,5,2020-04-23 15:00:00+00:00,5,2,0,0,0,0
031403040604,6,145.41903686523438,1.5327999158661323,10.0,0.6355570171434451,10,2020-09-16 19:00:00+00:00,10,2,1,0,0,0
031403040604,24,257.94354248046875,1.9276897533144595,10.0,0.6963788383812307,13,2025-06-09 23:00:00+00:00,13,9,4,0,0,0
031403040604,72,411.7992248535156,2.4553996472343727,50.0,0.8706906133217411,12,2025-06-11 22:00:00+00:00,12,8,5,2,1,0
031403040605,3,101.76419830322266,1.2500376743240482,5.0,0.5781981646276577,6,2025-06-09 09:00:00+00:00,6,1,0,0,0,0
031403040605,6,133.55581665039062,1.3589123514808399,5.0,0.5775840077561066,13,2025-06-09 09:00:00+00:00,13,2,0,0,0,0
031403040605,24,254.24436950683594,1.848713953357382,10.0,0.6702639676364183,11,2025-06-09 22:00:00+00:00,11,7,4,0,0,0
031403040605,72,398.78228759765625,2.315152303138625,25.0,0.8234763678910286,12,2025-06-11 22:00:00+00:00,12,6,5,2,0,0
031403050101,1,96.32343292236328,1.7134092447383997,25.0,0.8346783562250838,2,2005-07-10 22:00:00+00:00,2,1,1,1,0,0
031403050101,3,153.05242919921875,1.9542158497897915,25.0,0.8769057692057384,5,2015-12-24 15:00:00+00:00,5,1,1,1,0,0
031403050101,6,210.6165771484375,2.229395526818146,50.0,0.9221075037829503,11,2025-04-07 03:00:00+00:00,11,1,1,1,1,0
031403050101,24,262.3184509277344,1.9525585688056437,25.0,0.7128769079758588,15,2025-06-09 23:00:00+00:00,15,4,1,1,0,0
031403050101,72,327.2840881347656,1.9677864134575613,25.0,0.7111445110252145,16,2025-06-11 22:00:00+00:00,16,9,3,1,0,0
031403050102,1,71.17163848876953,1.2594324972320314,5.0,0.6145330615357356,2,2005-07-10 22:00:00+00:00,2,1,0,0,0,0
031403050102,3,137.96405029296875,1.7414812354391511,25.0,0.7869649110001965,9,2025-04-07 01:00:00+00:00,9,2,2,1,0,0
031403050102,6,210.29637145996094,2.195902098314355,50.0,0.9144588004829848,9,2025-04-07 03:00:00+00:00,9,4,2,2,1,0
031403050102,24,268.4590148925781,1.9796780055937242,25.0,0.720802548837408,17,2025-04-07 15:00:00+00:00,17,5,1,1,0,0
031403050102,72,342.7074890136719,2.0324827519822093,25.0,0.7314759364454392,17,2021-08-31 12:00:00+00:00,17,9,4,1,0,0
031403050201,1,63.51024627685547,1.1741270607814032,2.0,0.5781455138069488,1,2004-09-16 12:00:00+00:00,1,0,0,0,0,0
031403050201,3,107.86294555664062,1.4534789469451987,10.0,0.6473129449546994,2,2022-02-04 03:00:00+00:00,2,1,1,0,0,0
031403050201,6,157.16683959960938,1.772337621137485,25.0,0.7328438941205233,4,2024-04-10 23:00:00+00:00,4,1,1,1,0,0
031403050201,24,196.44281005859375,1.5653083709543607,10.0,0.5925476421688678,9,2022-02-04 19:00:00+00:00,9,5,1,0,0,0
031403050201,72,251.2680206298828,1.614912991920574,10.0,0.6047619346978518,12,2017-01-03 23:00:00+00:00,12,7,2,0,0,0
031403050202,1,65.17415618896484,1.2091331898995235,5.0,0.5955648321370474,1,2004-09-16 12:00:00+00:00,1,1,0,0,0,0
031403050202,3,110.1805648803711,1.490283795008401,10.0,0.66446117550356,2,2022-02-04 02:00:00+00:00,2,1,1,0,0,0
031403050202,6,155.74533081054688,1.763173740485477,10.0,0.7310013286600385,3,2024-04-10 23:00:00+00:00,3,2,1,0,0,0
031403050202,24,193.27163696289062,1.5476672760901702,10.0,0.5904310283263151,7,2022-02-04 20:00:00+00:00,7,4,1,0,0,0
031403050202,72,240.51893615722656,1.5566392482833307,10.0,0.5885938348734097,11,2017-01-03 23:00:00+00:00,11,7,2,0,0,0
031403050203,3,98.97099304199219,1.325174811162011,5.0,0.5891579724576194,1,2004-09-16 12:00:00+00:00,1,1,0,0,0,0
031403050203,6,154.720947265625,1.7319560424393823,10.0,0.7132645637837436,5,2024-04-10 23:00:00+00:00,5,1,1,0,0,0
031403050203,24,204.19094848632812,1.613838876300226,10.0,0.603874921054921,10,2020-09-16 20:00:00+00:00,10,5,2,0,0,0
031403050203,72,292.31182861328125,1.8581623005127539,10.0,0.6872880855714427,12,2017-01-03 23:00:00+00:00,12,9,2,0,0,0
031403050204,1,55.495079040527344,1.0076815145120392,2.0,0.49345680194179276,1,2004-09-16 11:00:00+00:00,1,0,0,0,0,0
031403050204,3,116.95417785644531,1.5435091865106736,10.0,0.6847485553297618,4,2013-12-22 16:00:00+00:00,4,1,1,0,0,0
031403050204,6,158.1385955810547,1.7419188714682707,10.0,0.7134956863234982,7,2025-06-09 11:00:00+00:00,7,2,1,0,0,0
031403050204,24,197.38404846191406,1.5296243932562978,10.0,0.5657725094994757,10,2025-06-10 04:00:00+00:00,10,4,1,0,0,0
031403050204,72,277.5018005371094,1.736059869298831,10.0,0.6348134415505207,11,2017-01-03 23:00:00+00:00,11,6,1,0,0,0
031403050205,1,64.92936706542969,1.1713400636046205,2.0,0.5723365990152357,1,2004-09-16 11:00:00+00:00,1,0,0,0,0,0
031403050205,3,128.6184539794922,1.6816085586032374,10.0,0.7455229983619945,5,2015-12-24 16:00:00+00:00,5,2,2,0,0,0
031403050205,6,167.2178497314453,1.8220945979793053,25.0,0.7440613914700216,8,2025-06-09 12:00:00+00:00,8,3,2,1,0,0
031403050205,24,216.9315948486328,1.66214302234623,10.0,0.6077374581652015,14,2025-06-10 05:00:00+00:00,14,4,1,0,0,0
031403050205,72,328.4295959472656,2.0269870411331095,25.0,0.7318436175948728,12,2025-06-11 22:00:00+00:00,12,8,4,1,0,0
031403050206,1,107.1983642578125,1.9124233399381134,50.0,0.9338659219887341,2,2015-12-24 14:00:00+00:00,2,1,1,1,1,0
031403050206,3,155.58457946777344,2.0006560381848804,50.0,0.8940791574600566,5,2015-12-24 16:00:00+00:00,5,2,1,1,1,0
031403050206,6,198.34739685058594,2.1194918274694605,50.0,0.8709039596964028,9,2024-04-10 23:00:00+00:00,9,2,1,1,1,0
031403050206,24,241.31243896484375,1.8127381606857838,10.0,0.6581741944116521,15,2025-06-09 23:00:00+00:00,15,6,1,0,0,0
031403050206,72,331.51025390625,2.009331039749957,25.0,0.7209765482494355,13,2025-06-11 22:00:00+00:00,13,8,3,1,0,0
031403050301,1,71.06180572509766,1.2531860854427543,5.0,0.614759908764496,1,2004-09-16 11:00:00+00:00,1,1,0,0,0,0
031403050301,3,130.9558868408203,1.646088207995423,10.0,0.7477632575938007,5,2020-04-23 15:00:00+00:00,5,3,2,0,0,0
031403050301,6,184.13710021972656,1.9164558805061023,25.0,0.8004816042712658,9,2025-04-07 03:00:00+00:00,9,2,2,1,0,0
031403050301,24,238.28076171875,1.757722938291019,10.0,0.6366733183707525,13,2025-04-07 13:00:00+00:00,13,7,3,0,0,0
031403050301,72,374.7021484375,2.213576267684718,25.0,0.7903003132149917,14,2020-09-16 20:00:00+00:00,14,7,4,1,0,0
031403050302,3,103.32575225830078,1.2715430403726884,5.0,0.5868149813866536,2,2020-04-23 16:00:00+00:00,2,1,0,0,0,0
031403050302,6,129.82272338867188,1.3221903236331434,5.0,0.561048516378422,9,2025-06-09 09:00:00+00:00,9,3,0,0,0,0
031403050302,24,242.29908752441406,1.7620340932550949,10.0,0.6397326329870316,10,2025-06-09 16:00:00+00:00,10,6,4,0,0,0
031403050302,72,391.8392028808594,2.27354274948982,25.0,0.8109172338492611,11,2025-06-11 22:00:00+00:00,11,6,5,2,0,0
031403050401,1,81.59244537353516,1.426708202978597,10.0,0.7021929609765629,1,2004-09-16 10:00:00+00:00,1,1,1,0,0,0
031403050401,3,115.40583038330078,1.4283637027549254,10.0,0.6558038574641115,3,2021-06-19 15:00:00+00:00,3,1,1,0,0,0
031403050401,6,174.81976318359375,1.787268980031388,25.0,0.7558664735765744,7,2025-04-07 03:00:00+00:00,7,3,1,1,0,0
031403050401,24,235.19107055664062,1.712501230252885,10.0,0.6239168515805074,9,2025-04-07 13:00:00+00:00,9,5,4,0,0,0
031403050401,72,381.791259765625,2.214899072218706,25.0,0.7953851285440888,11,2020-09-16 19:00:00+00:00,11,7,3,1,0,0
031403050402,3,106.08824157714844,1.2939585078769875,5.0,0.6005333725536354,4,2025-06-09 09:00:00+00:00,4,1,0,0,0,0
031403050402,6,147.82420349121094,1.4907213765924112,10.0,0.6365539570102177,11,2025-06-09 09:00:00+00:00,11,4,1,0,0,0
031403050402,24,251.02694702148438,1.8111259541337263,10.0,0.6593622855845299,10,2025-06-10 03:00:00+00:00,10,6,4,0,0,0
031403050402,72,381.6194152832031,2.1927559116992295,25.0,0.7842650134816943,12,2025-06-11 22:00:00+00:00,12,7,4,1,0,0
031403050501,1,84.40472412109375,1.4701775114995097,10.0,0.7228184200635492,1,2004-09-16 10:00:00+00:00,1,1,1,0,0,0
031403050501,3,121.05432891845703,1.4863115676340029,10.0,0.6841051552777355,4,2025-04-07 01:00:00+00:00,4,1,1,0,0,0
031403050501,6,180.90782165527344,1.83140232381126,25.0,0.7780998723269112,9,2025-04-07 03:00:00+00:00,9,2,2,1,0,0
031403050501,24,225.0778045654297,1.626405194266594,10.0,0.5954446014094907,9,2025-04-07 15:00:00+00:00,9,5,3,0,0,0
031403050501,72,390.90118408203125,2.2429273465608444,25.0,0.8102004098480221,13,2025-04-07 20:00:00+00:00,13,7,2,1,0,0
031501050101,3,58.193885803222656,1.0649720832164755,2.0,0.4684317801538949,2,1995-10-04 00:00:00+00:00,2,0,0,0,0,0
031501050101,6,85.38679504394531,1.287093937170194,5.0,0.5869783025276909,6,2014-04-07 11:00:00+00:00,6,1,0,0,0,0
031501050101,24,152.1216278076172,1.5813616587300403,10.0,0.7938557326483794,10,2013-12-23 10:00:00+00:00,10,4,2,0,0,0
031501050101,72,220.72377014160156,1.785368679912231,50.0,0.9115560248890746,16,2024-09-28 04:00:00+00:00,16,7,3,1,1,0
031501050106,1,52.48094177246094,1.340691993364411,5.0,0.5860517569036419,1,2013-01-30 17:00:00+00:00,1,1,0,0,0,0
031501050106,3,89.2160873413086,1.6458592912719314,10.0,0.7262461383069375,3,2025-08-03 03:00:00+00:00,3,1,1,0,0,0
031501050106,6,100.15940856933594,1.5201791618549572,10.0,0.6938041883134929,7,2024-11-19 17:00:00+00:00,7,2,1,0,0,0
031501050106,24,155.22206115722656,1.6216127371488938,25.0,0.8023418021030628,15,2024-11-20 09:00:00+00:00,15,4,4,1,0,0
031501050106,72,221.22987365722656,1.802185739573041,50.0,0.9165451566757135,15,2021-03-28 15:00:00+00:00,15,7,5,1,1,0
031501050204,1,42.4423828125,1.084563819396574,2.0,0.4811030606649083,2,2022-09-04 13:00:00+00:00,2,0,0,0,0,0
031501050204,3,87.79734802246094,1.6144477453643737,10.0,0.7319255205721092,6,2025-08-03 03:00:00+00:00,6,1,1,0,0,0
031501050204,6,123.18846130371094,1.8465425289313393,25.0,0.8583570995995878,10,2022-09-04 15:00:00+00:00,10,3,1,1,0,0
031501050204,24,171.0294952392578,1.7447127669878997,25.0,0.8443636808333391,15,2025-04-07 08:00:00+00:00,15,8,3,1,0,0
031501050204,72,198.0426025390625,1.5758646792341309,10.0,0.7972025820453528,18,2022-09-07 01:00:00+00:00,18,4,2,0,0,0
031501050206,1,42.03264617919922,1.070226833506737,2.0,0.4710954758481089,2,2025-08-03 03:00:00+00:00,2,0,0,0,0,0
031501050206,3,96.60406494140625,1.7759118798895217,25.0,0.7930992447671652,4,2025-08-03 03:00:00+00:00,4,2,1,1,0,0
031501050206,6,109.10733032226562,1.6434781070444986,10.0,0.7547409109440446,11,2025-08-03 05:00:00+00:00,11,4,1,0,0,0
031501050206,24,146.19302368164062,1.5037327453596192,10.0,0.7323620740281832,17,2025-08-03 20:00:00+00:00,17,5,2,0,0,0
031501050206,72,206.52789306640625,1.6568863777899288,25.0,0.8395385784806395,17,2025-08-03 05:00:00+00:00,17,4,2,1,0,0
031501050207,1,51.80821990966797,1.3084367271319854,5.0,0.5782519452773512,2,2022-08-24 02:00:00+00:00,2,2,0,0,0,0
031501050207,3,87.18697357177734,1.593135480238759,10.0,0.7135145752985848,7,2025-08-03 03:00:00+00:00,7,3,1,0,0,0
031501050207,6,95.98957061767578,1.4364571685733243,10.0,0.6592350357807855,14,2025-08-03 05:00:00+00:00,14,4,1,0,0,0
031501050207,24,143.96038818359375,1.4634822325492225,10.0,0.7072712227936915,15,2024-11-20 09:00:00+00:00,15,7,3,0,0,0
031501050207,72,202.13198852539062,1.601248338796848,10.0,0.8097816203974108,16,2015-12-26 06:00:00+00:00,16,5,2,0,0,0
031501050301,1,70.38651275634766,1.7866760954260392,25.0,0.7826103579826968,1,2025-08-03 03:00:00+00:00,1,1,1,1,0,0
031501050301,3,108.77474975585938,1.9949643652441973,50.0,0.8817447347371935,4,2025-08-03 04:00:00+00:00,4,2,1,1,1,0
031501050301,6,121.78892517089844,1.8376012238583213,25.0,0.8378746739367573,9,2025-08-03 04:00:00+00:00,9,4,1,1,0,0
031501050301,24,153.04051208496094,1.5857971300440148,10.0,0.7795198366455924,17,2025-08-03 21:00:00+00:00,17,6,4,0,0,0
031501050301,72,219.06674194335938,1.770607390126568,25.0,0.8988444161901847,17,2025-08-03 20:00:00+00:00,17,9,3,1,0,0
031501050302,1,64.76834106445312,1.629542412366502,10.0,0.7167884870990072,1,2025-08-03 03:00:00+00:00,1,1,1,0,0,0
031501050302,3,91.02801513671875,1.6560580673742722,10.0,0.7348270895793825,3,2025-08-03 04:00:00+00:00,3,2,1,0,0,0
031501050302,6,112.80104064941406,1.6870290816237217,10.0,0.7694799197550096,8,2025-08-03 05:00:00+00:00,8,4,1,0,0,0
031501050302,24,148.26766967773438,1.516449053294028,10.0,0.7390792233419119,16,2025-08-03 20:00:00+00:00,16,7,3,0,0,0
031501050302,72,215.62698364257812,1.7192526263839898,25.0,0.870153075538383,17,2025-08-03 20:00:00+00:00,17,4,2,1,0,0
031501050303,1,43.74325180053711,1.0884999943707785,2.0,0.48044861056155025,1,2025-08-03 03:00:00+00:00,1,0,0,0,0,0
031501050303,3,76.16571807861328,1.3713097942726034,5.0,0.6090273681550497,3,2025-08-03 05:00:00+00:00,3,1,0,0,0,0
031501050303,6,93.9280776977539,1.3909091540575818,5.0,0.6329599224950142,8,2025-08-03 05:00:00+00:00,8,5,0,0,0,0
031501050303,24,147.3681640625,1.490769294466231,10.0,0.7214762901345105,14,2021-03-26 08:00:00+00:00,14,7,3,0,0,0
031501050303,72,214.22433471679688,1.6879063888477406,25.0,0.8509714201022076,16,2021-03-26 08:00:00+00:00,16,3,2,1,0,0
031501050304,1,44.43460464477539,1.1110701078232454,2.0,0.49083082831812175,2,2022-06-08 00:00:00+00:00,2,0,0,0,0,0
031501050304,3,81.05970764160156,1.4686678398494144,10.0,0.6547365469787128,7,2022-06-08 02:00:00+00:00,7,1,1,0,0,0
031501050304,6,96.17935180664062,1.4304669966449433,10.0,0.6527427412569435,11,2024-11-19 16:00:00+00:00,11,3,1,0,0,0
031501050304,24,147.74325561523438,1.493931584139676,10.0,0.7203402175518444,14,2024-11-20 09:00:00+00:00,14,6,1,0,0,0
031501050304,72,200.8255157470703,1.5807453327081429,10.0,0.7976831547306932,17,2018-08-02 18:00:00+00:00,17,2,2,0,0,0
031501050501,1,44.71098327636719,1.1400948556346104,2.0,0.5144043056524158,1,2003-05-06 16:00:00+00:00,1,0,0,0,0,0
031501050501,3,81.91812896728516,1.501555633173273,10.0,0.6975348959236591,8,2022-09-04 09:00:00+00:00,8,4,1,0,0,0
031501050501,6,118.28678131103516,1.75904277443879,25.0,0.8322933533177651,15,2022-09-04 13:00:00+00:00,15,8,6,2,0,0
031501050501,24,200.44076538085938,2.0045644332842065,50.0,0.9593298519591358,19,2024-01-09 22:00:00+00:00,19,8,5,1,1,0
031501050501,72,217.47479248046875,1.6857032832921364,25.0,0.8394043160703599,17,2022-09-07 01:00:00+00:00,17,5,4,1,0,0
031501050502,3,66.05888366699219,1.209924255616448,2.0,0.555869573155501,6,2022-09-04 11:00:00+00:00,6,0,0,0,0,0
031501050502,6,113.97090148925781,1.696558351650887,25.0,0.7959578262023138,17,2022-09-04 12:00:00+00:00,17,7,2,1,0,0
031501050502,24,179.01504516601562,1.798096263477279,25.0,0.8644627979204491,15,2024-01-09 19:00:00+00:00,15,7,2,2,0,0
031501050502,72,191.50018310546875,1.4970076755730413,10.0,0.7541800361174218,16,2022-09-07 01:00:00+00:00,16,5,3,0,0,0
031501050604,3,101.72943115234375,1.8640460764320292,25.0,0.855453085389831,4,2022-09-04 13:00:00+00:00,4,2,1,1,0,0
031501050604,6,145.90003967285156,2.1718147704332464,100.0,1.020186495863046,12,2022-09-04 13:00:00+00:00,12,5,1,1,1,1
031501050604,24,213.5061798095703,2.1559507980645116,100.0,1.0405435556109897,13,2025-04-07 08:00:00+00:00,13,5,2,2,1,1
031501050604,72,224.77622985839844,1.7674724300424394,25.0,0.8930259865302507,15,2022-09-07 01:00:00+00:00,15,4,3,1,0,0
031501050605,3,67.6250991821289,1.2360635843031984,5.0,0.5568178777447551,6,2021-08-17 14:00:00+00:00,6,1,0,0,0,0
031501050605,6,95.53498840332031,1.4272653418366654,10.0,0.6570172874444139,18,2024-11-19 16:00:00+00:00,18,2,1,0,0,0
031501050605,24,151.16897583007812,1.5259507104942165,10.0,0.7332822825296554,19,2024-11-20 09:00:00+00:00,19,5,2,0,0,0
031501050605,72,195.3516387939453,1.536458439939083,10.0,0.7764117770979236,15,2021-06-22 10:00:00+00:00,15,5,1,0,0,0
031501050701,1,47.71402359008789,1.2208321536916713,2.0,0.5529646184847541,3,2020-04-13 04:00:00+00:00,3,0,0,0,0,0
031501050701,3,111.52606964111328,2.073887216122176,50.0,0.9695524995208664,16,2022-08-19 22:00:00+00:00,16,7,2,1,1,0
031501050701,6,130.4769744873047,1.959007132475342,50.0,0.9283576994324482,26,2022-09-04 10:00:00+00:00,26,11,6,3,2,0
031501050701,24,195.82354736328125,1.9056481112910217,50.0,0.899461381375558,25,2022-09-05 03:00:00+00:00,25,10,5,3,1,0
031501050701,72,234.20973205566406,1.7227164329788638,25.0,0.8386353084876869,18,2022-09-07 00:00:00+00:00,18,6,6,2,0,0
031501050702,1,53.47885513305664,1.34844033470317,5.0,0.6112128603720778,8,2020-04-13 04:00:00+00:00,8,2,0,0,0,0
031501050702,3,102.49920654296875,1.8804245688610892,25.0,0.8753866996553447,18,2021-06-20 05:00:00+00:00,18,9,1,1,0,0
031501050702,6,137.13975524902344,2.0356768316369642,50.0,0.9589540787339489,26,2022-09-04 10:00:00+00:00,26,11,6,3,1,0
031501050702,24,213.26707458496094,2.045754057464698,50.0,0.9623258660725197,26,2022-09-05 03:00:00+00:00,26,10,7,2,2,0
031501050702,72,251.3963165283203,1.8395874668718937,25.0,0.8855189747018353,19,2022-09-07 01:00:00+00:00,19,6,5,1,0,0
031501050703,1,62.60279083251953,1.6112692620423792,10.0,0.7299170152603301,7,2020-04-13 04:00:00+00:00,7,1,1,0,0,0
031501050703,3,84.49964904785156,1.6020572257310546,10.0,0.7436615118104021,18,2020-04-13 04:00:00+00:00,18,8,4,0,0,0
031501050703,6,133.9339141845703,2.051039327069844,50.0,0.9626539774176386,23,2024-09-27 12:00:00+00:00,23,11,6,3,1,0
031501050703,24,219.1065673828125,2.1089837073089366,50.0,0.9795370467885531,27,2024-09-27 17:00:00+00:00,27,10,5,2,1,0
031501050703,72,247.7807159423828,1.7890365137298998,25.0,0.8553378009300437,21,2024-09-28 12:00:00+00:00,21,6,5,1,0,0
031501050704,1,49.88772964477539,1.2742787655928982,5.0,0.5758218254902279,4,2020-04-13 04:00:00+00:00,4,1,0,0,0,0
031501050704,3,76.88853454589844,1.4300014423977603,10.0,0.6593110873499255,14,2021-06-20 05:00:00+00:00,14,6,1,0,0,0
031501050704,6,120.52337646484375,1.8226041433013038,25.0,0.8511328734592394,24,2021-06-20 06:00:00+00:00,24,10,5,2,0,0
031501050704,24,207.60763549804688,2.0658391162017775,50.0,0.9748544962614113,23,2022-09-05 03:00:00+00:00,23,10,5,1,1,0
031501050704,72,215.51951599121094,1.6577524478362042,10.0,0.7982966502765722,19,2021-06-22 10:00:00+00:00,19,5,5,0,0,0
031501050705,1,49.27299118041992,1.242997304828586,5.0,0.5617649858239016,2,2009-09-21 01:00:00+00:00,2,1,0,0,0,0
031501050705,3,91.85979461669922,1.674122485559997,10.0,0.7749464022943883,17,2022-08-19 22:00:00+00:00,17,4,2,0,0,0
031501050705,6,118.75054168701172,1.7589567515706765,25.0,0.8267936521302476,24,2022-09-04 09:00:00+00:00,24,10,5,3,0,0
031501050705,24,194.4163360595703,1.9174373615572071,50.0,0.9121223611820195,22,2022-09-05 03:00:00+00:00,22,9,8,1,1,0
031501050705,72,212.10374450683594,1.6153792259782562,10.0,0.787932629804344,18,2022-09-07 00:00:00+00:00,18,7,5,0,0,0
031501050801,1,52.56074142456055,1.3009171537178024,5.0,0.5835107686316958,2,2007-07-01 21:00:00+00:00,2,1,0,0,0,0
031501050801,3,88.9023666381836,1.6227119094762994,10.0,0.7382217304222028,11,2021-06-20 04:00:00+00:00,11,2,2,0,0,0
031501050801,6,107.09483337402344,1.5980062605650176,10.0,0.7361881216441156,16,2021-06-20 06:00:00+00:00,16,7,4,0,0,0
031501050801,24,155.83425903320312,1.5328417021642147,10.0,0.7277051932984248,14,2021-06-20 11:00:00+00:00,14,8,3,0,0,0
031501050801,72,196.47775268554688,1.510508131105951,10.0,0.7609473381871125,18,2021-08-17 18:00:00+00:00,18,5,2,0,0,0
031501050802,1,53.286617279052734,1.3338042822733938,5.0,0.5991734924219051,1,2003-05-06 16:00:00+00:00,1,1,0,0,0,0
031501050802,3,84.45146179199219,1.5363265854354906,10.0,0.7035187184967504,13,2021-06-20 04:00:00+00:00,13,2,1,0,0,0
031501050802,6,109.6834487915039,1.6279337345526168,10.0,0.757471696078799,20,2022-09-04 13:00:00+00:00,20,7,5,0,0,0
031501050802,24,165.27301025390625,1.6407936240401935,10.0,0.7827576140005943,17,2022-09-05 02:00:00+00:00,17,8,4,0,0,0
031501050802,72,198.91761779785156,1.534329779291065,10.0,0.7669470090414405,20,2022-09-06 20:00:00+00:00,20,6,2,0,0,0
031501050803,1,65.41780090332031,1.617809364904561,10.0,0.7230722236918615,2,2007-07-01 21:00:00+00:00,2,1,1,0,0,0
031501050803,3,96.25310516357422,1.7607429138143158,25.0,0.7958774175240935,11,2021-06-20 04:00:00+00:00,11,2,1,1,0,0
031501050803,6,107.30368041992188,1.6080890991326953,10.0,0.7366215073828192,19,2024-11-19 15:00:00+00:00,19,6,5,0,0,0
031501050803,24,157.50726318359375,1.556676917768833,10.0,0.7390034587350441,15,2021-06-20 11:00:00+00:00,15,6,3,0,0,0
031501050803,72,191.73013305664062,1.482981422154941,10.0,0.752852709180149,19,2021-06-22 11:00:00+00:00,19,5,2,0,0,0
031501050804,1,49.81378173828125,1.2285807353401725,2.0,0.5471426042323306,2,2004-11-24 08:00:00+00:00,2,0,0,0,0,0
031501050804,3,71.906494140625,1.3051230880620777,5.0,0.5878854912323714,6,2020-02-06 08:00:00+00:00,6,2,0,0,0,0
031501050804,6,110.9512710571289,1.6538894184088562,10.0,0.75698780369938,14,2024-11-19 16:00:00+00:00,14,6,3,0,0,0
031501050804,24,157.26560974121094,1.56286729366356,10.0,0.7420644152672313,17,2021-06-20 11:00:00+00:00,17,7,2,0,0,0
031501050804,72,193.74757385253906,1.5007034422275864,10.0,0.7594364529111587,20,2021-06-22 10:00:00+00:00,20,6,2,0,0,0
031501050805,1,60.81576156616211,1.4963446194767978,10.0,0.6649360771962066,2,2022-08-24 01:00:00+00:00,2,2,1,0,0,0
031501050805,3,107.1747817993164,1.9312720693838663,25.0,0.8668105667017019,9,2022-08-24 01:00:00+00:00,9,4,2,1,0,0
031501050805,6,108.87693786621094,1.6121006586205662,10.0,0.7357973127869041,16,2024-11-19 16:00:00+00:00,16,7,4,0,0,0
031501050805,24,155.85980224609375,1.5491116942704668,10.0,0.7351467894354483,21,2025-04-07 07:00:00+00:00,21,7,2,0,0,0
031501050805,72,192.4953155517578,1.4872106143903079,10.0,0.7498299645914198,18,2021-06-22 10:00:00+00:00,18,6,2,0,0,0
031501050806,1,42.571739196777344,1.0603037744456936,2.0,0.4727175947186386,2,2003-09-22 17:00:00+00:00,2,0,0,0,0,0
031501050806,3,69.1899185180664,1.2612711764134212,5.0,0.5693217558894933,9,2020-02-06 08:00:00+00:00,9,1,0,0,0,0
031501050806,6,103.73004913330078,1.547600967722079,10.0,0.7101482762415772,20,2024-11-19 16:00:00+00:00,20,7,3,0,0,0
031501050806,24,148.77691650390625,1.4816012797850544,10.0,0.7057070605822224,19,2025-04-07 07:00:00+00:00,19,6,4,0,0,0
031501050806,72,191.6800994873047,1.4885198570169151,10.0,0.7531982625545395,16,2021-08-17 18:00:00+00:00,16,4,1,0,0,0
031501050807,3,69.63426971435547,1.2756273403903446,5.0,0.5771484894754391,11,2021-08-17 14:00:00+00:00,11,2,0,0,0,0
031501050807,6,97.7372055053711,1.4625048458597276,10.0,0.6744392983598302,17,2024-11-19 16:00:00+00:00,17,7,1,0,0,0
031501050807,24,152.26080322265625,1.5294250494640547,10.0,0.7317341429133364,21,2025-04-07 07:00:00+00:00,21,7,1,0,0,0
031501050807,72,188.6503143310547,1.4769901139542,10.0,0.7458161822422564,15,2021-08-17 19:00:00+00:00,15,5,1,0,0,0
031501050901,1,60.3661994934082,1.4671853921009965,10.0,0.6554643119440621,2,2025-08-03 05:00:00+00:00,2,1,1,0,0,0
031501050901,3,95.99628448486328,1.6741442108392786,10.0,0.7422387204268834,4,2025-08-03 06:00:00+00:00,4,2,1,0,0,0
031501050901,6,105.51557922363281,1.5158965109724158,10.0,0.6898973129172046,6,2025-08-03 09:00:00+00:00,6,4,2,0,0,0
031501050901,24,156.297607421875,1.5514972349839782,10.0,0.7663238547380965,9,2025-08-03 18:00:00+00:00,9,7,1,0,0,0
031501050901,72,233.8566436767578,1.8186626244502002,50.0,0.9175531162239985,14,2025-08-03 19:00:00+00:00,14,3,3,1,1,0
031501050902,1,42.35560607910156,1.0442260916945025,2.0,0.4643187245484184,1,2020-08-30 22:00:00+00:00,1,0,0,0,0,0
031501050902,3,59.04558563232422,1.0447974977995709,2.0,0.46077515744049985,3,2013-01-30 19:00:00+00:00,3,0,0,0,0,0
031501050902,6,93.98680877685547,1.3691684517043796,5.0,0.6226186239005608,7,2014-04-07 11:00:00+00:00,7,2,0,0,0,0
031501050902,24,154.64935302734375,1.5559022674830005,10.0,0.7769206442926416,9,2013-12-23 10:00:00+00:00,9,3,1,0,0,0
031501050902,72,233.0655059814453,1.8313893988403975,50.0,0.9296306846885165,8,2018-08-02 23:00:00+00:00,8,3,3,1,1,0
031501050903,3,63.31315612792969,1.1363084437304123,2.0,0.4998143729904591,3,2021-05-03 16:00:00+00:00,3,0,0,0,0,0
031501050903,6,86.88388061523438,1.2843392889424827,5.0,0.5841355518089951,8,2021-05-03 17:00:00+00:00,8,3,0,0,0,0
031501050903,24,153.2975311279297,1.5649770086960024,10.0,0.7842490598930675,9,2013-12-23 10:00:00+00:00,9,4,2,0,0,0
031501050903,72,230.12069702148438,1.830122421926625,50.0,0.9316380360581275,12,2024-09-28 01:00:00+00:00,12,3,3,1,1,0
031501050904,1,46.8472900390625,1.1648913221306516,2.0,0.5141567051434125,1,2013-01-30 17:00:00+00:00,1,0,0,0,0,0
031501050904,3,75.6070327758789,1.3531109444340617,5.0,0.5962788298660423,2,2015-11-18 20:00:00+00:00,2,1,0,0,0,0
031501050904,6,90.83077239990234,1.3397614937801647,5.0,0.6092084415462108,7,2015-11-18 23:00:00+00:00,7,3,0,0,0,0
031501050904,24,153.58839416503906,1.5625360859831217,10.0,0.7761027452906272,11,2021-03-26 04:00:00+00:00,11,5,2,0,0,0
031501050904,72,229.47677612304688,1.8206897916338145,50.0,0.9236772034568246,15,2024-09-28 03:00:00+00:00,15,6,3,1,1,0
031501050905,1,49.383052825927734,1.18426838157148,2.0,0.5307020300717855,2,2025-08-03 05:00:00+00:00,2,0,0,0,0,0
031501050905,3,78.97833251953125,1.358041036564147,5.0,0.6056826355551392,4,2025-08-03 06:00:00+00:00,4,1,0,0,0,0
031501050905,6,107.8621597290039,1.531359362344491,10.0,0.6969725192787046,8,2025-08-03 05:00:00+00:00,8,3,1,0,0,0
031501050905,24,154.96888732910156,1.5300949989547399,10.0,0.742849931212557,8,2025-08-03 20:00:00+00:00,8,5,2,0,0,0
031501050905,72,232.1998291015625,1.8007376782534472,25.0,0.8995961680735896,12,2025-08-03 18:00:00+00:00,12,4,3,1,0,0
031501050906,1,56.327491760253906,1.3814998726249443,5.0,0.6126507889284347,3,2025-08-03 04:00:00+00:00,3,1,0,0,0,0
031501050906,3,85.5963363647461,1.5108388593915265,10.0,0.6692115004989966,5,2025-08-03 05:00:00+00:00,5,3,1,0,0,0
031501050906,6,99.56818389892578,1.4485834333794385,10.0,0.6587079575193379,8,2025-08-03 08:00:00+00:00,8,4,2,0,0,0
031501050906,24,153.8751983642578,1.5434689533197128,10.0,0.756398942652565,10,2025-08-03 18:00:00+00:00,10,5,2,0,0,0
031501050906,72,227.6275177001953,1.7844394539569595,25.0,0.8991471576837762,13,2025-08-03 18:00:00+00:00,13,3,3,1,0,0
031501050907,1,56.88355255126953,1.4204799234604988,5.0,0.6248114641074539,1,2025-08-03 03:00:00+00:00,1,1,0,0,0,0
031501050907,3,113.3240737915039,2.0423441816785997,50.0,0.9013176858831299,4,2025-08-03 05:00:00+00:00,4,2,1,1,1,0
031501050907,6,121.75111389160156,1.80824753220831,25.0,0.8221515954355179,8,2025-08-03 06:00:00+00:00,8,4,1,1,0,0
031501050907,24,154.27886962890625,1.5758409028101847,10.0,0.7752631308375415,12,2025-08-03 21:00:00+00:00,12,7,4,0,0,0
031501050907,72,228.0548095703125,1.8169247107725384,50.0,0.9202027146134263,17,2025-08-03 20:00:00+00:00,17,8,3,1,1,0
031501050908,3,66.94793701171875,1.1637729056497075,2.0,0.5182885399867699,4,2025-08-03 05:00:00+00:00,4,0,0,0,0,0
031501050908,6,105.7303237915039,1.5174321278924046,10.0,0.6898682714467683,9,2022-11-30 08:00:00+00:00,9,2,2,0,0,0
031501050908,24,153.59706115722656,1.528020323302446,10.0,0.7388661755748368,9,2021-03-26 07:00:00+00:00,9,6,2,0,0,0
031501050908,72,228.8347930908203,1.7826350113032379,25.0,0.8910175436682392,11,2021-03-26 07:00:00+00:00,11,3,3,1,0,0
031501050909,3,77.45109558105469,1.3758618564626333,5.0,0.6117568836873386,2,1997-05-03 09:00:00+00:00,2,1,0,0,0,0
031501050909,6,101.84358215332031,1.4903139840277622,10.0,0.6768729188091822,6,2021-03-26 00:00:00+00:00,6,3,2,0,0,0
031501050909,24,145.97938537597656,1.4641339758074914,10.0,0.7044017017163313,13,2021-03-26 07:00:00+00:00,13,7,3,0,0,0
031501050909,72,216.4434051513672,1.6911710483029245,25.0,0.848346980518682,17,2021-03-26 07:00:00+00:00,17,3,2,1,0,0
031501051001,1,52.835243225097656,1.2914840404475285,5.0,0.5734694690270139,2,2022-08-24 01:00:00+00:00,2,1,0,0,0,0
031501051001,3,93.32738494873047,1.6718989182666442,10.0,0.7502960159363182,7,2022-08-24 02:00:00+00:00,7,2,1,0,0,0
031501051001,6,113.7099609375,1.6789852648024925,10.0,0.7665171862050897,15,2024-11-19 16:00:00+00:00,15,5,2,0,0,0
031501051001,24,144.50181579589844,1.4400287930073736,10.0,0.6815362389742928,20,2021-06-20 11:00:00+00:00,20,8,1,0,0,0
031501051001,72,193.54263305664062,1.496844566535474,10.0,0.751790697687585,17,2021-06-22 10:00:00+00:00,17,6,2,0,0,0
031501051002,3,86.68815612792969,1.5598868497242548,10.0,0.6973655590710707,8,2012-09-04 04:00:00+00:00,8,2,2,0,0,0
031501051002,6,98.3805923461914,1.454066329275873,10.0,0.6623945653664453,11,2024-11-19 16:00:00+00:00,11,6,2,0,0,0
031501051002,24,145.9842987060547,1.4595076277363115,10.0,0.695802931206538,19,2024-01-09 20:00:00+00:00,19,6,1,0,0,0
031501051002,72,195.8997039794922,1.521667146947706,10.0,0.7654005860614596,17,2021-06-22 10:00:00+00:00,17,5,2,0,0,0
031501051003,3,86.06387329101562,1.5282579458606003,10.0,0.6808613639250188,7,2012-09-04 04:00:00+00:00,7,1,1,0,0,0
031501051003,6,106.18163299560547,1.55491811937656,10.0,0.7048715791824253,8,2014-04-07 11:00:00+00:00,8,4,2,0,0,0
031501051003,24,147.8696746826172,1.4751519057046705,10.0,0.6997224584853414,18,2021-03-26 07:00:00+00:00,18,7,2,0,0,0
031501051003,72,203.3052978515625,1.5732493101536695,10.0,0.7861845397300674,18,2015-12-26 10:00:00+00:00,18,5,2,0,0,0
031501060101,3,70.52777862548828,1.316477571090663,5.0,0.6033947283731032,10,2020-04-13 04:00:00+00:00,10,3,0,0,0,0
031501060101,6,113.4393310546875,1.7311105667463154,25.0,0.8045059922622473,17,2021-06-20 06:00:00+00:00,17,7,4,1,0,0
031501060101,24,164.6675262451172,1.6578185068204823,10.0,0.7840506194290057,18,2021-06-20 11:00:00+00:00,18,8,3,0,0,0
031501060101,72,191.90847778320312,1.5047760029514305,10.0,0.7355521455098434,20,2021-06-22 11:00:00+00:00,20,6,2,0,0,0
031501060102,1,53.30034637451172,1.3074825003951642,5.0,0.5845673292362354,2,2007-07-01 21:00:00+00:00,2,1,0,0,0,0
031501060102,3,73.76819610595703,1.3325163165893306,5.0,0.6061678526413948,7,2020-04-13 02:00:00+00:00,7,1,0,0,0,0
031501060102,6,116.73380279541016,1.7386283988476758,25.0,0.8043088377941796,11,2021-06-20 05:00:00+00:00,11,5,3,1,0,0
031501060102,24,154.68045043945312,1.5471830408584126,10.0,0.7327870539269935,18,2021-06-20 11:00:00+00:00,18,7,1,0,0,0
031501060102,72,193.96267700195312,1.5099847335995245,10.0,0.7583568467639527,15,2021-06-22 11:00:00+00:00,15,4,2,0,0,0
031501060103,1,48.83003616333008,1.1781845889132097,2.0,0.526177475322886,4,2020-04-13 04:00:00+00:00,4,0,0,0,0,0
031501060103,3,88.84806823730469,1.567509510196659,10.0,0.7083036722049687,7,2020-04-13 04:00:00+00:00,7,1,1,0,0,0
031501060103,6,114.75595092773438,1.6760554285138687,10.0,0.770156540905977,13,2025-04-06 13:00:00+00:00,13,5,3,0,0,0
031501060103,24,145.171630859375,1.4511161395720475,10.0,0.6840187950205169,20,2025-04-07 07:00:00+00:00,20,6,2,0,0,0
031501060103,72,193.6768341064453,1.503382041182031,10.0,0.7452010022546658,16,2021-06-22 09:00:00+00:00,16,6,2,0,0,0
031501060104,3,89.40271759033203,1.5507813505996082,10.0,0.7025552172747226,4,2010-10-27 03:00:00+00:00,4,1,1,0,0,0
031501060104,6,100.3818130493164,1.4387801384241738,10.0,0.6599837424882392,11,2020-04-13 04:00:00+00:00,11,4,1,0,0,0
031501060104,24,156.46746826171875,1.5458684760157224,10.0,0.7259370871189363,16,2021-03-26 06:00:00+00:00,16,5,3,0,0,0
031501060104,72,215.4836883544922,1.658297048063622,25.0,0.811904463622355,15,2020-02-07 06:00:00+00:00,15,4,3,1,0,0
031501060105,3,84.80399322509766,1.4491066759710902,10.0,0.672749356656347,3,2004-09-16 23:00:00+00:00,3,1,1,0,0,0
031501060105,6,99.3829345703125,1.399589611532446,5.0,0.6533874994843201,9,2020-04-13 04:00:00+00:00,9,4,0,0,0,0
031501060105,24,180.4058837890625,1.7604417480142716,25.0,0.821736586977049,13,2021-03-26 06:00:00+00:00,13,4,2,1,0,0
031501060105,72,221.0462646484375,1.6884368707718043,25.0,0.8160895644761748,12,2015-12-26 05:00:00+00:00,12,5,3,2,0,0
031501060106,3,91.67957305908203,1.6072126640682471,10.0,0.720839557353861,5,2010-10-27 03:00:00+00:00,5,1,1,0,0,0
031501060106,6,104.0657730102539,1.509795968180044,10.0,0.6871234716933441,11,2020-04-13 05:00:00+00:00,11,5,2,0,0,0
031501060106,24,145.45608520507812,1.4476827056136456,10.0,0.6802744180512769,19,2021-03-26 06:00:00+00:00,19,6,3,0,0,0
031501060106,72,204.4450225830078,1.579073055208779,10.0,0.778272902347066,16,2020-02-07 05:00:00+00:00,16,7,3,0,0,0
031501060107,3,93.013671875,1.6355203403966667,10.0,0.7299193209538487,7,2010-10-27 03:00:00+00:00,7,2,1,0,0,0
031501060107,6,105.67047119140625,1.5376400100645393,10.0,0.6966834249150349,14,2020-04-13 05:00:00+00:00,14,3,2,0,0,0
031501060107,24,140.25540161132812,1.397388620093416,5.0,0.6569129199259449,16,2021-03-26 07:00:00+00:00,16,8,0,0,0,0
031501060107,72,203.14761352539062,1.5685114140062129,10.0,0.7753843570332516,16,2015-12-26 10:00:00+00:00,16,8,3,0,0,0
031501060108,1,76.1180419921875,1.8107839235485141,25.0,0.820034907595072,1,2005-07-06 00:00:00+00:00,1,1,1,1,0,0
031501060108,3,81.46793365478516,1.4010845665609715,5.0,0.6327851449309521,5,2010-10-27 05:00:00+00:00,5,1,0,0,0,0
031501060108,6,99.47650909423828,1.4133503474410276,5.0,0.6434254674008301,12,2022-11-30 08:00:00+00:00,12,3,0,0,0,0
031501060108,24,148.177734375,1.4584271625668883,10.0,0.680490028894117,15,2020-02-06 19:00:00+00:00,15,7,2,0,0,0
031501060108,72,212.36318969726562,1.6283969732698882,10.0,0.7891024811671111,15,2018-08-02 09:00:00+00:00,15,5,3,0,0,0
031501060201,3,77.83505249023438,1.3576183207628478,5.0,0.6039700215553941,4,2021-03-25 23:00:00+00:00,4,1,0,0,0,0
031501060201,6,105.51426696777344,1.520743168648642,10.0,0.6882162650452887,6,2021-03-25 23:00:00+00:00,6,3,2,0,0,0
031501060201,24,143.96119689941406,1.4328379747931534,10.0,0.6830166918072689,10,2021-03-26 08:00:00+00:00,10,6,2,0,0,0
031501060201,72,214.5116729736328,1.664610880468074,25.0,0.8281915978041584,15,2021-03-28 15:00:00+00:00,15,3,2,1,0,0
031501060202,1,44.008140563964844,1.0570499050200621,2.0,0.4700621106067771,1,1983-11-27 12:00:00+00:00,1,0,0,0,0,0
031501060202,3,82.38725280761719,1.4312166509420048,5.0,0.6348978643090818,4,2021-03-25 23:00:00+00:00,4,1,0,0,0,0
031501060202,6,105.06133270263672,1.5100954611471091,10.0,0.6803362211945952,7,2021-03-25 23:00:00+00:00,7,3,1,0,0,0
031501060202,24,137.7843780517578,1.3697512964684355,5.0,0.6488058537068042,11,2021-03-26 08:00:00+00:00,11,5,0,0,0,0
031501060202,72,207.07733154296875,1.6025282334660242,10.0,0.7937575509219704,14,2021-03-28 14:00:00+00:00,14,3,1,0,0,0
031501060203,1,44.53676223754883,1.0626769286096787,2.0,0.47392797930460095,1,2009-07-13 07:00:00+00:00,1,0,0,0,0,0
031501060203,3,78.5916519165039,1.3538475399427006,5.0,0.6001238866818149,5,2022-06-08 00:00:00+00:00,5,1,0,0,0,0
031501060203,6,104.37776184082031,1.489355605941824,10.0,0.6689772431151665,7,2022-06-08 02:00:00+00:00,7,3,1,0,0,0
031501060203,24,136.9372100830078,1.359424375959923,5.0,0.640761446603292,11,2021-03-26 08:00:00+00:00,11,4,0,0,0,0
031501060203,72,206.6203155517578,1.5983372257051707,10.0,0.7856046240511335,13,2021-03-28 14:00:00+00:00,13,4,1,0,0,0
031501060204,3,74.91747283935547,1.3090923662253922,5.0,0.5807256692808905,5,2010-10-27 05:00:00+00:00,5,2,0,0,0,0
031501060204,6,103.87325286865234,1.5021923040929037,10.0,0.6761929880685857,9,2019-10-25 18:00:00+00:00,9,4,1,0,0,0
031501060204,24,139.38058471679688,1.3866915433465283,5.0,0.6525917399544564,15,2021-03-26 07:00:00+00:00,15,7,0,0,0,0
031501060204,72,202.6075897216797,1.5633841786057838,10.0,0.7719777945269668,14,2015-12-26 10:00:00+00:00,14,5,2,0,0,0
031501060301,1,56.73588943481445,1.319003022276239,5.0,0.6389084741192658,1,2004-02-06 07:00:00+00:00,1,1,0,0,0,0
031501060301,3,95.95333862304688,1.6025734232927422,10.0,0.7768674646188558,5,2023-08-04 12:00:00+00:00,5,2,1,0,0,0
031501060301,6,115.20896911621094,1.5876299209458002,10.0,0.7575607006882927,7,2023-08-04 13:00:00+00:00,7,5,3,0,0,0
031501060301,24,164.3817596435547,1.5778368708848987,10.0,0.7147505190661365,15,2023-08-04 19:00:00+00:00,15,5,1,0,0,0
031501060301,72,252.05374145507812,1.8913190309755463,25.0,0.8618322635822031,13,2021-06-22 10:00:00+00:00,13,7,4,1,0,0
031501060302,1,45.82192611694336,1.0613492215259264,2.0,0.5161270909687337,1,2003-05-07 19:00:00+00:00,1,0,0,0,0,0
031501060302,3,82.50125122070312,1.3747665841987575,5.0,0.6723453297302469,6,2024-03-01 16:00:00+00:00,6,1,0,0,0,0
031501060302,6,124.21932220458984,1.7095689872310884,25.0,0.8232500544423629,10,2024-03-01 18:00:00+00:00,10,5,3,1,0,0
031501060302,24,172.6472930908203,1.6525538130145119,10.0,0.7500165058643533,18,2024-03-01 23:00:00+00:00,18,6,1,0,0,0
031501060302,72,264.08673095703125,1.9783155873649387,50.0,0.9006166877902568,15,2021-06-22 10:00:00+00:00,15,8,4,1,1,0
031501060303,3,75.30582427978516,1.2683714633927319,5.0,0.6072252032952342,5,2023-08-04 11:00:00+00:00,5,1,0,0,0,0
031501060303,6,112.62425994873047,1.5627174743091194,10.0,0.7398572550204983,8,2023-08-04 14:00:00+00:00,8,4,2,0,0,0
031501060303,24,171.56300354003906,1.6606930717679824,10.0,0.7577693536795643,16,2022-11-30 14:00:00+00:00,16,3,2,0,0,0
031501060303,72,249.5187225341797,1.8894884002898524,25.0,0.8782493793339469,15,2021-06-22 10:00:00+00:00,15,5,2,1,0,0
031501060304,1,50.33296203613281,1.1860391905176317,2.0,0.5553473332882998,1,1997-05-03 08:00:00+00:00,1,0,0,0,0,0
031501060304,3,74.2928466796875,1.258735329664619,5.0,0.5937435422740235,3,2004-09-16 23:00:00+00:00,3,1,0,0,0,0
031501060304,6,106.88607788085938,1.4915346951691824,10.0,0.7018255351525357,8,2022-11-30 08:00:00+00:00,8,2,1,0,0,0
031501060304,24,180.8959197998047,1.7551386696094362,25.0,0.8107360385052449,16,2022-11-30 11:00:00+00:00,16,4,2,1,0,0
031501060304,72,231.05686950683594,1.75611155311931,25.0,0.8352011155315195,14,2020-02-07 09:00:00+00:00,14,4,2,2,0,0
031501060305,1,47.970008850097656,1.1322855506580276,2.0,0.5310286488314617,1,1997-05-03 08:00:00+00:00,1,0,0,0,0,0
031501060305,3,69.28173065185547,1.1752250913078761,2.0,0.5524863812499724,3,2004-02-06 09:00:00+00:00,3,0,0,0,0,0
031501060305,6,103.0465316772461,1.4403348045360784,10.0,0.6740056479988558,7,2022-11-30 08:00:00+00:00,7,2,2,0,0,0
031501060305,24,173.01771545410156,1.6848829238694085,10.0,0.7749174093237188,16,2022-11-30 14:00:00+00:00,16,3,2,0,0,0
031501060305,72,236.13819885253906,1.7984919703468383,25.0,0.8492824114440116,13,2021-06-22 10:00:00+00:00,13,4,2,1,0,0
031501060306,1,44.5422248840332,1.0574057461091264,2.0,0.4854114282260307,1,2005-07-06 00:00:00+00:00,1,0,0,0,0,0
031501060306,3,67.16134643554688,1.1475854469126263,2.0,0.5248190999064942,4,2008-12-10 12:00:00+00:00,4,0,0,0,0,0
031501060306,6,98.73553466796875,1.392272320635109,5.0,0.6383409753076208,7,2022-11-30 08:00:00+00:00,7,4,0,0,0,0
031501060306,24,147.98199462890625,1.4533225635819942,10.0,0.6733265528437626,14,2022-11-30 14:00:00+00:00,14,4,2,0,0,0
031501060306,72,222.16419982910156,1.7021750173286179,25.0,0.8137597250851667,14,2021-06-22 11:00:00+00:00,14,4,3,1,0,0
031501060307,3,79.88113403320312,1.3502786396820226,5.0,0.6347553217137676,4,2024-05-27 12:00:00+00:00,4,1,0,0,0,0
031501060307,6,110.89896392822266,1.5457689333160982,10.0,0.7209273466037435,6,2022-11-30 08:00:00+00:00,6,4,1,0,0,0
031501060307,24,157.6580047607422,1.53716544720726,10.0,0.7020945157934129,12,2021-03-26 07:00:00+00:00,12,3,1,0,0,0
031501060307,72,234.96633911132812,1.7890916472582095,25.0,0.8302464895934665,10,2021-06-22 11:00:00+00:00,10,4,3,1,0,0
031501060308,3,67.64576721191406,1.14568899814116,2.0,0.534543098001994,4,2024-05-27 13:00:00+00:00,4,0,0,0,0,0
031501060308,6,114.22389221191406,1.5951628494188048,10.0,0.7397973833309255,5,2022-11-30 08:00:00+00:00,5,4,2,0,0,0
031501060308,24,157.90521240234375,1.545494716820081,10.0,0.7073575373724228,11,2022-11-30 14:00:00+00:00,11,4,1,0,0,0
031501060308,72,231.6947021484375,1.770626771372263,25.0,0.824182823786695,9,2021-06-22 11:00:00+00:00,9,4,3,1,0,0
031501060309,3,69.65235900878906,1.1928169709803238,2.0,0.534566740667416,2,1997-05-03 09:00:00+00:00,2,0,0,0,0,0
031501060309,6,101.4333724975586,1.4360202484782782,10.0,0.6484282855898679,5,2022-11-30 08:00:00+00:00,5,2,1,0,0,0
031501060309,24,135.33035278320312,1.3387255626474448,5.0,0.6244362010878473,11,2021-03-26 07:00:00+00:00,11,4,0,0,0,0
031501060309,72,211.77880859375,1.6332991377042843,10.0,0.7882619175757088,15,2021-06-22 11:00:00+00:00,15,5,1,0,0,0
031501060401,3,73.56112670898438,1.2340216375112039,5.0,0.5516006882692474,1,1995-10-05 05:00:00+00:00,1,1,0,0,0,0
031501060401,6,112.92269897460938,1.5667033020181356,10.0,0.7091331497044538,2,2004-09-16 22:00:00+00:00,2,2,1,0,0,0
031501060401,24,154.7426300048828,1.5133665358993629,10.0,0.7251007572501399,7,2014-11-17 13:00:00+00:00,7,5,2,0,0,0
031501060401,72,234.7347869873047,1.8098793258413788,25.0,0.8905647928830956,10,2015-12-26 08:00:00+00:00,10,5,3,1,0,0
031501060402,3,74.61510467529297,1.2645820307762263,5.0,0.5648816803307818,2,2022-06-08 02:00:00+00:00,2,1,0,0,0,0
031501060402,6,114.594482421875,1.6077500929542128,10.0,0.7289257900330334,4,2022-11-30 08:00:00+00:00,4,1,1,0,0,0
031501060402,24,150.82862854003906,1.4859041446095451,10.0,0.7115459529092584,8,2021-03-26 04:00:00+00:00,8,4,2,0,0,0
031501060402,72,234.25634765625,1.8160660594032316,25.0,0.8975474056342867,7,2013-05-07 00:00:00+00:00,7,4,3,1,0,0
031501060403,1,45.94670104980469,1.0875124071346884,2.0,0.49015270159134255,1,2018-07-19 22:00:00+00:00,1,0,0,0,0,0
031501060403,3,75.80668640136719,1.2825893335598593,5.0,0.5709451788979163,2,2022-06-08 02:00:00+00:00,2,1,0,0,0,0
031501060403,6,112.81901550292969,1.580364261865212,10.0,0.7115435474535635,4,2022-11-30 08:00:00+00:00,4,1,1,0,0,0
031501060403,24,147.07835388183594,1.4526808169360728,10.0,0.6877083326500701,8,2021-03-26 04:00:00+00:00,8,3,1,0,0,0
031501060403,72,225.20376586914062,1.7457884920938398,25.0,0.853026743007463,6,2013-05-07 00:00:00+00:00,6,4,2,1,0,0
031501060404,1,43.67520523071289,1.0389545272938416,2.0,0.46478591628569244,1,2018-07-19 22:00:00+00:00,1,0,0,0,0,0
031501060404,3,73.56129455566406,1.2580494852415116,5.0,0.5585346334366235,3,2022-06-08 01:00:00+00:00,3,1,0,0,0,0
031501060404,6,110.01651763916016,1.5585930781606312,10.0,0.7011942700097282,6,2022-06-08 02:00:00+00:00,6,3,1,0,0,0
031501060404,24,157.05126953125,1.5570184869727575,10.0,0.7366659740409073,9,2021-03-26 07:00:00+00:00,9,4,2,0,0,0
031501060404,72,217.28079223632812,1.6845047148318206,25.0,0.8276993589022449,9,2021-03-26 08:00:00+00:00,9,4,1,1,0,0
031501060405,3,72.65087890625,1.2394159433773222,5.0,0.5521807210715362,3,2003-07-01 19:00:00+00:00,3,1,0,0,0,0
031501060405,6,105.64585876464844,1.4911517127091831,10.0,0.6704307383738373,5,2022-11-30 08:00:00+00:00,5,2,1,0,0,0
031501060405,24,140.90480041503906,1.396217594948365,5.0,0.6542206087377542,9,2021-03-26 07:00:00+00:00,9,5,0,0,0,0
031501060405,72,212.6370391845703,1.6457487975300413,10.0,0.7974655459134635,9,2021-06-22 11:00:00+00:00,9,4,1,0,0,0
031501060406,3,75.17179870605469,1.2733485034423555,5.0,0.5683819088812354,3,2004-09-16 22:00:00+00:00,3,1,0,0,0,0
031501060406,6,109.42345428466797,1.532163251731288,10.0,0.6893909324724654,6,2022-11-30 08:00:00+00:00,6,2,1,0,0,0
031501060406,24,145.01182556152344,1.4355829565207727,10.0,0.6740071474353153,7,2009-11-11 05:00:00+00:00,7,4,2,0,0,0
031501060406,72,219.32522583007812,1.700406777301549,25.0,0.8207257465891512,8,2015-12-26 08:00:00+00:00,8,4,2,1,0,0
031501060407,3,73.34207916259766,1.235313764438295,5.0,0.5505924958670599,2,2004-09-16 22:00:00+00:00,2,1,0,0,0,0
031501060407,6,108.98522186279297,1.516279878973885,10.0,0.6818779130097737,2,2004-09-16 22:00:00+00:00,2,2,2,0,0,0
031501060407,24,148.32383728027344,1.4609294226989071,10.0,0.6923411976517697,8,2014-11-17 13:00:00+00:00,8,5,2,0,0,0
031501060407,72,220.9329071044922,1.7083822555778,25.0,0.8295923441033903,10,2015-12-26 08:00:00+00:00,10,4,2,1,0,0
031501060408,3,73.99234008789062,1.2545562755415114,5.0,0.5620159235014126,3,2004-09-16 21:00:00+00:00,3,1,0,0,0,0
031501060408,6,112.40879821777344,1.572654381173756,10.0,0.7079080760656323,6,2015-12-26 04:00:00+00:00,6,3,2,0,0,0
031501060408,24,153.2541961669922,1.518675015522895,10.0,0.708506914374989,10,2015-12-26 08:00:00+00:00,10,6,2,0,0,0
031501060408,72,219.36102294921875,1.6990986638834409,25.0,0.8111891511640353,10,2015-12-26 08:00:00+00:00,10,3,2,1,0,0
031501060409,3,72.13655090332031,1.2276428463321953,5.0,0.5532167413237887,6,2024-05-27 13:00:00+00:00,6,1,0,0,0,0
031501060409,6,107.9480972290039,1.5162652246363204,10.0,0.6861474809160522,6,2022-11-30 08:00:00+00:00,6,3,2,0,0,0
031501060409,24,141.4027099609375,1.4004588108361558,5.0,0.6509581102439528,9,2015-12-26 08:00:00+00:00,9,4,0,0,0,0
031501060409,72,219.11790466308594,1.6946998801399658,25.0,0.8078185311727122,9,2021-06-22 11:00:00+00:00,9,3,1,1,0,0
031501060501,3,66.51371765136719,1.128348703194444,2.0,0.503647224618062,4,2025-08-03 07:00:00+00:00,4,0,0,0,0,0
031501060501,6,101.69277954101562,1.4214533544804382,10.0,0.6469081967918936,7,2025-08-03 09:00:00+00:00,7,2,1,0,0,0
031501060501,24,158.84263610839844,1.5395574242935295,10.0,0.7555725561746095,8,2014-11-17 13:00:00+00:00,8,4,1,0,0,0
031501060501,72,225.97251892089844,1.724977045077815,25.0,0.8638355562237637,11,2015-12-26 08:00:00+00:00,11,4,3,1,0,0
031501060502,1,42.85014343261719,1.016609131137735,2.0,0.459034985130623,1,2015-11-18 19:00:00+00:00,1,0,0,0,0,0
031501060502,3,79.40037536621094,1.3475704251483505,5.0,0.6020411782154437,5,2025-08-03 06:00:00+00:00,5,1,0,0,0,0
031501060502,6,109.10276794433594,1.528275421193826,10.0,0.6956970216980346,8,2025-08-03 09:00:00+00:00,8,3,1,0,0,0
031501060502,24,156.9437255859375,1.5319266275760206,10.0,0.7459142513324353,9,2025-08-03 20:00:00+00:00,9,5,2,0,0,0
031501060502,72,234.08631896972656,1.7998187012050044,25.0,0.8982877474059857,9,2025-08-03 19:00:00+00:00,9,3,3,1,0,0
031501060503,1,48.3709716796875,1.1519499889550218,2.0,0.5303580774838462,3,2015-11-07 08:00:00+00:00,3,0,0,0,0,0
031501060503,3,74.192626953125,1.2581802468144243,5.0,0.5597529620598226,4,2025-08-03 10:00:00+00:00,4,1,0,0,0,0
031501060503,6,98.27969360351562,1.365290655706816,5.0,0.612526820996067,9,2025-08-03 10:00:00+00:00,9,4,0,0,0,0
031501060503,24,152.54295349121094,1.4632052826433508,10.0,0.7033126476507232,10,2014-11-17 13:00:00+00:00,10,4,1,0,0,0
031501060503,72,219.92343139648438,1.6579067981870101,25.0,0.8128778631086545,12,2015-12-26 10:00:00+00:00,12,4,2,1,0,0
031501060504,3,61.80076599121094,1.0378698363752312,2.0,0.4638320675198026,2,2013-01-30 18:00:00+00:00,2,0,0,0,0,0
031501060504,6,97.87792205810547,1.3540838676221765,5.0,0.612964967232105,5,2014-11-17 07:00:00+00:00,5,2,0,0,0,0
031501060504,24,153.8961639404297,1.4828376952439808,10.0,0.71857765986117,9,2014-11-17 13:00:00+00:00,9,4,1,0,0,0
031501060504,72,217.5903778076172,1.6523099498451606,25.0,0.8177627205004536,10,2015-12-26 10:00:00+00:00,10,5,3,1,0,0
031501060505,1,47.90943145751953,1.1401123386073553,2.0,0.5203482442332887,1,2018-07-19 22:00:00+00:00,1,0,0,0,0,0
031501060505,3,67.257080078125,1.1350052912898152,2.0,0.5047432120889761,2,2004-09-16 22:00:00+00:00,2,0,0,0,0,0
031501060505,6,102.05297088623047,1.419895304009778,10.0,0.6368172103556062,7,2022-03-23 09:00:00+00:00,7,2,2,0,0,0
031501060505,24,143.08395385742188,1.4049007542323022,10.0,0.6680937207472575,9,2025-08-03 18:00:00+00:00,9,5,2,0,0,0
031501060505,72,211.63192749023438,1.6296830291516342,10.0,0.7926150525511799,10,2015-12-26 08:00:00+00:00,10,5,3,0,0,0
031501060506,3,70.408447265625,1.1909145144085966,2.0,0.5287101131458067,3,2022-03-23 08:00:00+00:00,3,0,0,0,0,0
031501060506,6,110.91226196289062,1.5458308850652216,10.0,0.6905997381021554,4,2022-03-23 09:00:00+00:00,4,2,2,0,0,0
031501060506,24,147.53076171875,1.457075413353435,10.0,0.6862218248250166,9,2014-11-17 13:00:00+00:00,9,5,2,0,0,0
031501060506,72,210.18869018554688,1.623170225011965,10.0,0.7813523827155316,10,2015-12-26 08:00:00+00:00,10,5,3,0,0,0
031501060507,1,42.5545768737793,1.016283827257664,2.0,0.4657733372644659,1,2024-05-27 12:00:00+00:00,1,0,0,0,0,0
031501060507,3,64.39013671875,1.090471945226431,2.0,0.48374856803580746,5,2025-08-03 09:00:00+00:00,5,0,0,0,0,0
031501060507,6,100.81253814697266,1.4024257096521588,10.0,0.6265181836939412,8,2025-08-03 10:00:00+00:00,8,2,1,0,0,0
031501060507,24,141.0882568359375,1.3735352711049102,5.0,0.6533549745449251,10,2025-08-03 19:00:00+00:00,10,4,0,0,0,0
031501060507,72,206.47817993164062,1.5747477891384118,10.0,0.7650462262021345,11,2015-12-26 10:00:00+00:00,11,4,2,0,0,0
031501060508,1,42.79749298095703,1.0255839540963925,2.0,0.47166412371337807,1,1982-02-02 12:00:00+00:00,1,0,0,0,0,0
031501060508,3,77.4046859741211,1.3138808675417546,5.0,0.5810237397486901,8,2025-08-03 10:00:00+00:00,8,2,0,0,0,0
031501060508,6,109.08866119384766,1.514824113534188,10.0,0.6724792561469722,9,2025-08-03 11:00:00+00:00,9,5,2,0,0,0
031501060508,24,156.51402282714844,1.5115582809613954,10.0,0.7142504669768551,11,2014-11-17 13:00:00+00:00,11,6,2,0,0,0
031501060508,72,217.8022918701172,1.647231048024887,10.0,0.7944208399138646,15,2020-02-13 13:00:00+00:00,15,5,3,0,0,0
031501060509,3,90.27111053466797,1.528233858223142,10.0,0.6759923817504686,6,2025-03-16 04:00:00+00:00,6,3,1,0,0,0
031501060509,6,115.11953735351562,1.5900057450789324,10.0,0.7037339710231675,11,2025-03-16 06:00:00+00:00,11,6,2,0,0,0
031501060509,24,157.29090881347656,1.5015019852361766,10.0,0.704911912482307,11,2020-02-11 14:00:00+00:00,11,6,3,0,0,0
031501060509,72,223.74713134765625,1.6746963337232017,25.0,0.8018744873214403,13,2020-02-13 13:00:00+00:00,13,4,4,1,0,0
031501060510,1,44.03917694091797,1.0516364722826872,2.0,0.4858564474145001,1,2008-08-26 03:00:00+00:00,1,0,0,0,0,0
031501060510,3,78.17066955566406,1.3235452960964804,5.0,0.5857842040998483,5,2025-03-16 04:00:00+00:00,5,1,0,0,0,0
031501060510,6,107.82271575927734,1.4977865523926106,10.0,0.6615448483726218,13,2025-03-16 05:00:00+00:00,13,4,2,0,0,0
031501060510,24,152.16873168945312,1.478618823975682,10.0,0.6863793593871992,13,2020-02-11 14:00:00+00:00,13,7,2,0,0,0
031501060510,72,218.5093231201172,1.652773488121347,10.0,0.7795801520734321,13,2020-02-13 13:00:00+00:00,13,5,3,0,0,0
031501060511,3,69.27069091796875,1.1742407386110458,2.0,0.519274570536674,5,2022-03-23 07:00:00+00:00,5,0,0,0,0,0
031501060511,6,111.30538940429688,1.5493025242592857,10.0,0.6857906433366073,10,2025-05-26 07:00:00+00:00,10,4,1,0,0,0
031501060511,24,143.93247985839844,1.4097123533536873,10.0,0.6575048765702078,15,2015-12-26 07:00:00+00:00,15,7,2,0,0,0
031501060511,72,213.99342346191406,1.6323985705271982,10.0,0.7749071235146298,13,2015-12-26 10:00:00+00:00,13,5,4,0,0,0
031501060512,3,68.4540023803711,1.1605133968301151,2.0,0.5141285894727632,3,2015-11-07 09:00:00+00:00,3,0,0,0,0,0
031501060512,6,110.91783142089844,1.5455828705615888,10.0,0.6867648048960598,8,2022-03-23 09:00:00+00:00,8,2,1,0,0,0
031501060512,24,145.16091918945312,1.428454326182986,10.0,0.6682191693480716,14,2015-12-26 07:00:00+00:00,14,6,1,0,0,0
031501060512,72,210.19851684570312,1.6123937743278314,10.0,0.7686834999563575,11,2015-12-26 08:00:00+00:00,11,5,3,0,0,0
031501060513,3,72.1973876953125,1.2235037862829017,5.0,0.5453470864685444,4,2004-09-16 21:00:00+00:00,4,1,0,0,0,0
031501060513,6,114.25065612792969,1.5940546073392048,10.0,0.7125419684398242,9,2022-03-23 09:00:00+00:00,9,3,2,0,0,0
031501060513,24,155.4322967529297,1.5362271565167327,10.0,0.7161986730138638,16,2015-12-26 08:00:00+00:00,16,5,1,0,0,0
031501060513,72,217.89537048339844,1.6796221999894345,25.0,0.7978363259109875,12,2015-12-26 08:00:00+00:00,12,5,3,1,0,0
031501060514,3,81.67155456542969,1.384574845724476,5.0,0.6211995739383694,3,2003-07-01 18:00:00+00:00,3,1,0,0,0,0
031501060514,6,109.30525207519531,1.5245872543481076,10.0,0.6823993608101426,11,2014-11-17 08:00:00+00:00,11,4,4,0,0,0
031501060514,24,162.3876953125,1.5983957048545476,10.0,0.7373085126475958,14,2015-12-26 08:00:00+00:00,14,9,1,0,0,0
031501060514,72,219.7374725341797,1.6848175188705046,25.0,0.7884650333765637,13,2015-12-26 09:00:00+00:00,13,5,4,1,0,0
031501060601,1,47.18780517578125,1.1239177230796245,2.0,0.5211469028072369,2,2012-03-23 17:00:00+00:00,2,0,0,0,0,0
031501060601,3,71.43645477294922,1.214144349887208,2.0,0.5566306922545907,4,2024-05-27 13:00:00+00:00,4,0,0,0,0,0
031501060601,6,110.39632415771484,1.5468416682468094,10.0,0.7082863878011647,6,2022-11-30 08:00:00+00:00,6,2,2,0,0,0
031501060601,24,146.05821228027344,1.4412115869577762,10.0,0.664105945445028,10,2021-03-26 07:00:00+00:00,10,4,1,0,0,0
031501060601,72,225.44354248046875,1.7366134866833127,25.0,0.8166829878325788,9,2021-06-22 11:00:00+00:00,9,4,1,1,0,0
031501060602,1,45.025611877441406,1.0670788633769908,2.0,0.5039129353385007,1,1981-02-10 12:00:00+00:00,1,0,0,0,0,0
031501060602,3,75.09566497802734,1.269973385019853,5.0,0.5934740818488529,5,2023-08-04 12:00:00+00:00,5,2,0,0,0,0
031501060602,6,113.71898651123047,1.5847424230244185,10.0,0.7344997995587441,9,2023-08-04 13:00:00+00:00,9,4,2,0,0,0
031501060602,24,161.12550354003906,1.5781955508184313,10.0,0.7195314138542515,13,2023-08-04 19:00:00+00:00,13,2,2,0,0,0
031501060602,72,225.94862365722656,1.728066276291828,25.0,0.7972054943940111,11,2021-06-22 12:00:00+00:00,11,7,3,1,0,0
031501060603,1,45.26521682739258,1.0792606133532756,2.0,0.5002728274060517,1,1981-02-10 12:00:00+00:00,1,0,0,0,0,0
031501060603,3,70.774169921875,1.2004166473675282,2.0,0.5470913927787622,4,2015-12-26 02:00:00+00:00,4,0,0,0,0,0
031501060603,6,113.74406433105469,1.5899918470673966,10.0,0.7237224334224355,7,2015-12-26 04:00:00+00:00,7,2,2,0,0,0
031501060603,24,158.81858825683594,1.5679815368650059,10.0,0.722973280312988,13,2024-01-09 18:00:00+00:00,13,5,2,0,0,0
031501060603,72,220.2311553955078,1.697288829020313,25.0,0.7965589065688594,9,2015-12-26 07:00:00+00:00,9,5,2,1,0,0
031501060604,3,75.19244384765625,1.2745715660016557,5.0,0.5737774944678065,4,2004-09-16 21:00:00+00:00,4,1,0,0,0,0
031501060604,6,106.77836608886719,1.4908667444629151,10.0,0.6713199310185979,9,2015-12-26 04:00:00+00:00,9,3,2,0,0,0
031501060604,24,164.74981689453125,1.6279081326982645,10.0,0.7535224812121106,13,2015-12-26 08:00:00+00:00,13,5,1,0,0,0
031501060604,72,220.00537109375,1.6958247789300591,25.0,0.7985306822563271,11,2016-02-24 14:00:00+00:00,11,5,2,1,0,0
031501060605,1,45.032222747802734,1.0727737746001968,2.0,0.5019611592716378,1,1981-02-10 12:00:00+00:00,1,0,0,0,0,0
031501060605,3,67.56655883789062,1.1441049229302447,2.0,0.5238400370326866,5,2023-08-04 11:00:00+00:00,5,0,0,0,0,0
031501060605,6,127.9229507446289,1.78418512945129,25.0,0.8119667567932922,14,2024-01-09 11:00:00+00:00,14,5,1,1,0,0
031501060605,24,174.98812866210938,1.7210751321915003,25.0,0.7867352337952044,17,2024-01-09 18:00:00+00:00,17,6,2,1,0,0
031501060605,72,214.69107055664062,1.647441894756774,10.0,0.7619373620744367,12,2015-12-26 07:00:00+00:00,12,4,3,0,0,0
031501060701,1,47.60767364501953,1.1323356297614058,2.0,0.5279259192966718,1,2025-03-16 03:00:00+00:00,1,0,0,0,0,0
031501060701,3,111.81136322021484,1.8913091731595535,25.0,0.8454784620566096,10,2025-03-16 04:00:00+00:00,10,1,1,1,0,0
031501060701,6,126.91064453125,1.7474859136410836,25.0,0.779512626425529,13,2025-03-16 06:00:00+00:00,13,6,3,1,0,0
031501060701,24,195.53675842285156,1.8430267021542288,25.0,0.8640348509860399,14,2025-03-16 06:00:00+00:00,14,5,4,1,0,0
031501060701,72,233.9394073486328,1.7319016285090736,25.0,0.8252968905969047,15,2025-03-16 06:00:00+00:00,15,6,3,1,0,0
031501060702,3,99.74922180175781,1.6847683215011218,10.0,0.7508351962453178,5,2025-03-16 04:00:00+00:00,5,2,1,0,0,0
031501060702,6,120.76129150390625,1.6732999518591014,10.0,0.7410929379882729,14,2025-03-16 05:00:00+00:00,14,6,2,0,0,0
031501060702,24,191.5274200439453,1.8457862510924576,25.0,0.8512385134039784,14,2022-03-23 12:00:00+00:00,14,8,2,1,0,0
031501060702,72,218.7698211669922,1.6417594499387216,10.0,0.7674828162967103,15,2020-02-13 13:00:00+00:00,15,5,3,0,0,0
031501060703,1,47.19364929199219,1.119334687256321,2.0,0.525809319065764,1,2022-07-10 00:00:00+00:00,1,0,0,0,0,0
031501060703,3,79.4872055053711,1.343047059175857,5.0,0.6039134133224207,6,2025-03-16 03:00:00+00:00,6,1,0,0,0,0
031501060703,6,100.89028930664062,1.4027076917312782,5.0,0.6229230268330177,14,2025-03-16 05:00:00+00:00,14,3,0,0,0,0
031501060703,24,171.1437225341797,1.663741559519414,10.0,0.7534334808269977,15,2022-06-09 03:00:00+00:00,15,9,2,0,0,0
031501060703,72,203.54966735839844,1.5428277103795671,10.0,0.707041249527311,15,2020-02-13 13:00:00+00:00,15,6,4,0,0,0
031501060801,1,45.98323059082031,1.0975464115672775,2.0,0.5106166239364149,1,2003-07-01 17:00:00+00:00,1,0,0,0,0,0
031501060801,3,76.55416107177734,1.2964435965212078,5.0,0.581990839565641,7,2023-08-04 12:00:00+00:00,7,2,0,0,0,0
031501060801,6,106.27503204345703,1.4805229691843147,10.0,0.66096580761829,15,2023-08-04 14:00:00+00:00,15,5,2,0,0,0
031501060801,24,153.77272033691406,1.5080931720582171,10.0,0.6914438386494516,17,2025-04-07 11:00:00+00:00,17,9,1,0,0,0
031501060801,72,218.4709930419922,1.6690195331199045,10.0,0.7750748450433836,15,2020-02-13 13:00:00+00:00,15,5,4,0,0,0
031501060802,3,71.58229064941406,1.2100671248417176,2.0,0.5470284106385865,5,2025-04-06 15:00:00+00:00,5,0,0,0,0,0
031501060802,6,99.07905578613281,1.3788977028985154,5.0,0.616222241368886,13,2025-04-06 18:00:00+00:00,13,3,0,0,0,0
031501060802,24,151.27981567382812,1.477109458302301,10.0,0.668701452177661,14,2025-04-07 11:00:00+00:00,14,9,1,0,0,0
031501060802,72,205.5347442626953,1.5655580286721615,10.0,0.7163720037825924,15,2020-02-13 13:00:00+00:00,15,5,4,0,0,0
031501060803,1,43.36216735839844,1.0289566950679288,2.0,0.4851349638449338,1,2006-09-13 06:00:00+00:00,1,0,0,0,0,0
031501060803,3,70.34027862548828,1.188182054820954,2.0,0.5440590517646485,5,2025-04-06 15:00:00+00:00,5,0,0,0,0,0
031501060803,6,108.0508041381836,1.503524469861063,10.0,0.6804898017641706,16,2025-04-06 18:00:00+00:00,16,5,2,0,0,0
031501060803,24,156.46185302734375,1.5287880490115962,10.0,0.6909952092999684,16,2024-01-09 18:00:00+00:00,16,6,2,0,0,0
031501060803,72,205.77520751953125,1.5695042507516874,10.0,0.7151385901658777,14,2015-12-26 09:00:00+00:00,14,3,3,0,0,0
031501060804,1,48.0611572265625,1.1127219234613135,2.0,0.5370875971247285,2,2004-02-06 08:00:00+00:00,2,0,0,0,0,0
031501060804,3,86.77289581298828,1.4438380358324556,10.0,0.6846357784394478,6,2022-06-08 13:00:00+00:00,6,3,1,0,0,0
031501060804,6,145.9958038330078,2.007407954914777,50.0,0.9316456381878195,17,2025-04-06 17:00:00+00:00,17,7,2,1,1,0
031501060804,24,214.75682067871094,2.0497345811392673,50.0,0.9033555057453027,16,2022-06-09 03:00:00+00:00,16,5,2,1,1,0
031501060804,72,215.37452697753906,1.6069064296643043,10.0,0.7033451652928411,18,2022-06-09 03:00:00+00:00,18,5,4,0,0,0
031501060805,1,48.89499282836914,1.139348800004025,2.0,0.5490258540207397,2,2004-02-06 08:00:00+00:00,2,0,0,0,0,0
031501060805,3,86.35771179199219,1.4412256682011588,10.0,0.686666226847021,5,2019-10-25 16:00:00+00:00,5,2,1,0,0,0
031501060805,6,130.28448486328125,1.7946775873255472,25.0,0.8409468589825637,12,2025-04-06 17:00:00+00:00,12,3,2,1,0,0
031501060805,24,185.5772247314453,1.7838715051542653,25.0,0.8007192408744478,15,2017-06-23 03:00:00+00:00,15,3,2,1,0,0
031501060805,72,219.690185546875,1.650761733584457,10.0,0.7405739808328258,11,2017-06-24 16:00:00+00:00,11,7,4,0,0,0
031501060806,1,46.82622146606445,1.1027452329893475,2.0,0.5256420734218913,2,2013-01-30 16:00:00+00:00,2,0,0,0,0,0
031501060806,3,70.73570251464844,1.1890592894430974,2.0,0.5567776888430687,6,2023-08-04 13:00:00+00:00,6,0,0,0,0,0
031501060806,6,114.60009765625,1.5884079108673201,10.0,0.7335161292320536,14,2023-08-04 13:00:00+00:00,14,4,1,0,0,0
031501060806,24,167.8911895751953,1.6301746792909997,10.0,0.7341538662141339,17,2015-12-26 07:00:00+00:00,17,2,2,0,0,0
031501060806,72,207.48548889160156,1.5742024940766528,10.0,0.7115597400113411,13,2017-06-25 00:00:00+00:00,13,6,3,0,0,0
031501060807,1,44.478424072265625,1.0331754325072762,2.0,0.497048719492754,2,2012-07-31 07:00:00+00:00,2,0,0,0,0,0
031501060807,3,87.31519317626953,1.4562004826769668,10.0,0.68414588707953,9,2025-04-06 15:00:00+00:00,9,4,1,0,0,0
031501060807,6,137.6693115234375,1.8961561636765045,25.0,0.8712897420098507,15,2022-06-08 14:00:00+00:00,15,9,4,1,0,0
031501060807,24,201.1685333251953,1.9245399744803435,25.0,0.8466657304503943,16,2022-06-09 03:00:00+00:00,16,6,4,1,0,0
031501060807,72,220.62684631347656,1.6507372587621052,10.0,0.7238528952451508,17,2022-06-09 03:00:00+00:00,17,4,4,0,0,0
031501060808,3,78.00374603271484,1.3087995484640451,5.0,0.6068693200666874,5,2025-04-06 15:00:00+00:00,5,1,0,0,0,0
031501060808,6,113.74732971191406,1.5740567226239086,10.0,0.7165544832971431,10,2022-06-08 14:00:00+00:00,10,5,1,0,0,0
031501060808,24,162.16151428222656,1.5665186184220268,10.0,0.6974676892609267,16,2024-01-09 18:00:00+00:00,16,6,1,0,0,0
031501060808,72,188.2308807373047,1.4221966058014124,5.0,0.6354185209680091,12,2017-06-25 01:00:00+00:00,12,4,0,0,0,0
031501060809,1,42.87120819091797,1.0127717396930143,2.0,0.48003584861565457,1,2022-07-10 00:00:00+00:00,1,0,0,0,0,0
031501060809,3,82.24063110351562,1.3870633716950114,5.0,0.6317716361167299,8,2025-04-06 16:00:00+00:00,8,1,0,0,0,0
031501060809,6,104.50418090820312,1.4521242442509281,10.0,0.6500145330213624,11,2022-07-10 03:00:00+00:00,11,3,1,0,0,0
031501060809,24,160.9511260986328,1.562372544803328,10.0,0.6984516523392971,17,2025-04-07 10:00:00+00:00,17,9,1,0,0,0
031501060809,72,193.6375274658203,1.4684690313426094,10.0,0.6622497878314527,14,2020-02-13 13:00:00+00:00,14,5,2,0,0,0
031501060810,1,47.93750762939453,1.1259809964331626,2.0,0.5374844306338326,2,2022-07-10 00:00:00+00:00,2,0,0,0,0,0
031501060810,3,85.48680877685547,1.4376865204144949,10.0,0.6605512544803543,3,2022-07-10 00:00:00+00:00,3,2,1,0,0,0
031501060810,6,107.97732543945312,1.49722586363716,10.0,0.6731979570624138,12,2022-07-10 03:00:00+00:00,12,4,2,0,0,0
031501060810,24,160.33941650390625,1.5477288255404866,10.0,0.6847496447250103,17,2024-01-09 18:00:00+00:00,17,10,1,0,0,0
031501060810,72,189.72763061523438,1.4324385259193777,5.0,0.6377397987258363,19,2022-06-09 03:00:00+00:00,19,6,0,0,0,0
031501070101,1,47.66814422607422,1.1268648318640984,2.0,0.5338352692709776,2,2025-03-16 03:00:00+00:00,2,0,0,0,0,0
031501070101,3,98.80062103271484,1.666887967998375,10.0,0.7562797618228376,16,2025-04-06 17:00:00+00:00,16,4,3,0,0,0
031501070101,6,130.12625122070312,1.8037328224487892,25.0,0.8077601907723213,15,2025-03-16 05:00:00+00:00,15,9,5,1,0,0
031501070101,24,209.0518798828125,2.0135808963030377,50.0,0.9173121708041565,17,2025-03-16 06:00:00+00:00,17,8,2,1,1,0
031501070101,72,214.65289306640625,1.609731114521633,10.0,0.7398338278934372,17,2021-05-05 03:00:00+00:00,17,6,3,0,0,0
031501070102,1,53.76070022583008,1.269920468663024,5.0,0.6079125659667685,5,2025-03-16 03:00:00+00:00,5,1,0,0,0,0
031501070102,3,112.088134765625,1.892022680587631,25.0,0.8706007173499298,14,2025-04-06 17:00:00+00:00,14,4,2,2,0,0
031501070102,6,132.8406524658203,1.8420737876183955,25.0,0.833924101149678,16,2025-04-06 20:00:00+00:00,16,10,5,4,0,0
031501070102,24,184.96286010742188,1.7788431970536347,25.0,0.8072975943804066,17,2025-03-16 06:00:00+00:00,17,9,3,2,0,0
031501070102,72,215.42140197753906,1.6118339738354108,10.0,0.7356666464752983,16,2022-06-09 04:00:00+00:00,16,6,3,0,0,0
031501070103,3,100.02299499511719,1.6884597558624168,10.0,0.7605156845648594,11,2025-04-06 16:00:00+00:00,11,3,1,0,0,0
031501070103,6,124.67912292480469,1.731061923318111,25.0,0.7690112194022912,16,2025-03-16 05:00:00+00:00,16,8,3,1,0,0
031501070103,24,187.84268188476562,1.8171798561752193,25.0,0.8233583860189692,14,2022-06-09 03:00:00+00:00,14,9,2,1,0,0
031501070103,72,203.25547790527344,1.5324169670777619,10.0,0.7021416099681557,15,2020-02-13 13:00:00+00:00,15,6,3,0,0,0
031501070104,1,64.77523803710938,1.5232507629670442,10.0,0.7325554959062482,5,2025-03-16 02:00:00+00:00,5,2,1,0,0,0
031501070104,3,111.64342498779297,1.8831316696707248,25.0,0.8640719574444273,9,2025-04-06 17:00:00+00:00,9,4,3,3,0,0
031501070104,6,142.7611541748047,1.9810340349249838,50.0,0.8880241107524622,18,2025-03-16 05:00:00+00:00,18,6,5,3,2,0
031501070104,24,183.2802734375,1.759812610450729,25.0,0.7848117473650272,17,2025-03-16 05:00:00+00:00,17,10,2,1,0,0
031501070104,72,213.65768432617188,1.6008893991160356,10.0,0.7195637843758308,16,2022-06-09 03:00:00+00:00,16,4,3,0,0,0
031501070105,1,51.01263427734375,1.2012141604237094,2.0,0.5749472638158561,4,2025-04-06 15:00:00+00:00,4,0,0,0,0,0
031501070105,3,106.9829330444336,1.8062960544222806,25.0,0.8240976224129614,13,2025-04-06 16:00:00+00:00,13,4,4,1,0,0
031501070105,6,122.16605377197266,1.6982408678032563,10.0,0.7568417556588999,20,2025-03-16 05:00:00+00:00,20,7,3,0,0,0
031501070105,24,185.3521270751953,1.7862899116425754,25.0,0.7928398037595468,18,2023-01-04 13:00:00+00:00,18,7,3,1,0,0
031501070105,72,219.16029357910156,1.6504070589757354,10.0,0.7395407219704498,16,2021-05-05 16:00:00+00:00,16,5,3,0,0,0
031501070106,1,42.53057098388672,1.0034977075258507,2.0,0.4781665159286495,1,2025-04-06 15:00:00+00:00,1,0,0,0,0,0
031501070106,3,89.96723937988281,1.5190586761558769,10.0,0.6906645261814126,11,2025-04-06 16:00:00+00:00,11,3,2,0,0,0
031501070106,6,117.60340881347656,1.6345938560781852,10.0,0.7282990176515678,15,2025-03-16 05:00:00+00:00,15,7,3,0,0,0
031501070106,24,180.19996643066406,1.7409537725206568,25.0,0.7778419106594794,17,2022-06-09 03:00:00+00:00,17,7,2,1,0,0
031501070106,72,213.83644104003906,1.6126595485126356,10.0,0.7276053850362098,17,2021-05-05 16:00:00+00:00,17,6,3,0,0,0
031501070201,1,49.98637390136719,1.15707067573989,2.0,0.5539986439222679,3,2014-10-14 04:00:00+00:00,3,0,0,0,0,0
031501070201,3,104.88811492919922,1.7497920773181455,25.0,0.8148464493676933,7,2022-06-08 12:00:00+00:00,7,3,1,1,0,0
031501070201,6,178.93951416015625,2.466107967980126,100.0,1.1182782518437118,14,2022-06-08 13:00:00+00:00,14,8,4,2,1,1
031501070201,24,243.6212921142578,2.3227349667442807,100.0,1.000933855443964,17,2022-06-09 03:00:00+00:00,17,6,2,2,1,1
031501070201,72,244.94119262695312,1.8225708862068355,25.0,0.7828296115764706,16,2024-09-15 09:00:00+00:00,16,7,4,1,0,0
031501070202,1,76.77143096923828,1.7788566351274633,25.0,0.8519470181400759,2,2012-07-31 08:00:00+00:00,2,1,1,1,0,0
031501070202,3,125.51303100585938,2.097216064881525,50.0,0.9732190976346923,7,2022-06-08 12:00:00+00:00,7,4,2,1,1,0
031501070202,6,189.5653076171875,2.615101978524826,200.0,1.177362159084211,14,2022-06-08 13:00:00+00:00,14,6,4,2,1,1
031501070202,24,234.70050048828125,2.2395200283600403,50.0,0.9567869209721361,16,2021-05-05 02:00:00+00:00,16,8,2,1,1,0
031501070202,72,242.80140686035156,1.8069847680969966,25.0,0.7731025160798659,15,2021-05-05 14:00:00+00:00,15,5,3,1,0,0
031501070203,1,45.564151763916016,1.0602839885179574,2.0,0.5091626639574165,3,2022-06-08 12:00:00+00:00,3,0,0,0,0,0
031501070203,3,85.8492431640625,1.4357532866904663,10.0,0.668807255376734,8,2025-04-06 15:00:00+00:00,8,3,1,0,0,0
031501070203,6,129.76254272460938,1.791602214694798,25.0,0.814004828287767,14,2022-06-08 14:00:00+00:00,14,7,2,1,0,0
031501070203,24,186.40428161621094,1.7845030332615854,25.0,0.7793165946348118,15,2022-06-09 03:00:00+00:00,15,7,3,2,0,0
031501070203,72,220.02378845214844,1.6471050606858864,10.0,0.719311543668587,17,2022-06-09 03:00:00+00:00,17,6,2,0,0,0
031501070204,1,56.232173919677734,1.3095075176941953,5.0,0.6285683839886844,4,2025-05-26 06:00:00+00:00,4,2,0,0,0,0
031501070204,3,102.5816650390625,1.7196727880380747,25.0,0.7974950353471895,8,2025-05-26 07:00:00+00:00,8,4,2,1,0,0
031501070204,6,175.28257751464844,2.4244662719299552,100.0,1.0935032542529792,16,2024-09-14 16:00:00+00:00,16,6,2,1,1,1
031501070204,24,244.34463500976562,2.337572665803008,100.0,1.0131563621698005,18,2024-09-15 09:00:00+00:00,18,8,2,1,1,1
031501070204,72,244.379150390625,1.8268895266708534,25.0,0.7940812771373804,19,2024-09-15 09:00:00+00:00,19,5,3,1,0,0
031501070205,1,79.23678588867188,1.8517567411722244,25.0,0.8888483383179516,4,2025-05-26 06:00:00+00:00,4,1,1,1,0,0
031501070205,3,106.1962890625,1.7849326602272935,25.0,0.8236744193163563,8,2025-05-26 07:00:00+00:00,8,5,2,1,0,0
031501070205,6,141.97799682617188,1.967710115379297,50.0,0.883502525480499,13,2022-07-10 04:00:00+00:00,13,7,2,1,1,0
031501070205,24,204.36993408203125,1.960261593048962,25.0,0.8543599075262969,22,2024-09-15 09:00:00+00:00,22,9,2,1,0,0
031501070205,72,218.34654235839844,1.6381017286612267,10.0,0.7181840358404162,19,2020-02-13 13:00:00+00:00,19,6,3,0,0,0
031501070301,1,50.964454650878906,1.1962987730511847,2.0,0.5738246734574125,3,2022-07-10 00:00:00+00:00,3,0,0,0,0,0
031501070301,3,98.78205871582031,1.6657084425795823,10.0,0.7632153523602121,13,2025-04-06 16:00:00+00:00,13,4,1,0,0,0
031501070301,6,107.69996643066406,1.4961542103180274,10.0,0.6679221445390432,17,2025-03-16 05:00:00+00:00,17,7,3,0,0,0
031501070301,24,179.83843994140625,1.7295379915708695,10.0,0.7606177641896684,23,2024-09-15 09:00:00+00:00,23,9,3,0,0,0
031501070301,72,214.8986053466797,1.6170434635156503,10.0,0.717359183777688,18,2020-02-13 13:00:00+00:00,18,5,5,0,0,0
031501070302,1,88.56011962890625,2.0605277822904124,50.0,0.9948277477451305,3,2013-07-23 20:00:00+00:00,3,1,1,1,1,0
031501070302,3,124.39280700683594,2.089380721857531,50.0,0.9690849661982743,13,2025-04-06 16:00:00+00:00,13,5,3,1,1,0
031501070302,6,170.75462341308594,2.3623416146642895,100.0,1.060601940598352,14,2025-03-16 04:00:00+00:00,14,6,2,1,1,1
031501070302,24,223.1331329345703,2.1244829200860242,50.0,0.9161973272829066,18,2024-09-15 09:00:00+00:00,18,9,2,1,1,0
031501070302,72,245.56610107421875,1.8300274650085913,25.0,0.7949703635140939,19,2024-09-15 11:00:00+00:00,19,7,5,1,0,0
031501070303,1,55.16982650756836,1.291550599458629,5.0,0.6234547608510598,4,2025-03-16 02:00:00+00:00,4,2,0,0,0,0
031501070303,3,101.57548522949219,1.712280534530191,25.0,0.7872946683286178,15,2025-03-16 03:00:00+00:00,15,3,3,1,0,0
031501070303,6,133.4456329345703,1.8509666705208474,25.0,0.8275772848706133,20,2025-03-16 05:00:00+00:00,20,6,4,1,0,0
031501070303,24,180.8144989013672,1.7270851726680831,10.0,0.7609279235343598,17,2025-03-16 05:00:00+00:00,17,9,2,0,0,0
031501070303,72,214.96713256835938,1.6068317783874386,10.0,0.7138653907322652,17,2024-09-15 10:00:00+00:00,17,6,4,0,0,0
031501070304,1,83.74189758300781,1.9546356958559419,50.0,0.9432906298606134,4,2022-07-10 00:00:00+00:00,4,1,1,1,1,0
031501070304,3,99.58516693115234,1.6762993786205747,10.0,0.7732554046893182,11,2025-03-16 03:00:00+00:00,11,5,3,0,0,0
031501070304,6,141.64036560058594,1.963073381626217,50.0,0.8784731035603419,14,2025-03-16 05:00:00+00:00,14,6,3,1,1,0
031501070304,24,206.41851806640625,1.9692807081938135,25.0,0.8580573812160306,20,2024-09-15 09:00:00+00:00,20,7,2,1,0,0
031501070304,72,225.8489227294922,1.6874822478218194,10.0,0.7413203907443943,19,2024-09-15 09:00:00+00:00,19,7,5,0,0,0
031501070401,1,80.54138946533203,1.8633674508246532,25.0,0.8957965356557227,4,2021-05-04 23:00:00+00:00,4,1,1,1,0,0
031501070401,3,114.15617370605469,1.9057253496411064,50.0,0.8865261700297848,9,2022-06-08 11:00:00+00:00,9,4,4,1,1,0
031501070401,6,159.63002014160156,2.1999675313495386,50.0,0.9885599663999414,12,2022-06-08 13:00:00+00:00,12,5,5,2,2,0
031501070401,24,180.16697692871094,1.7192974385314406,10.0,0.7281125147038282,18,2021-05-05 02:00:00+00:00,18,9,3,0,0,0
031501070401,72,251.53713989257812,1.8724236938688235,25.0,0.7964459469709148,16,2021-10-07 08:00:00+00:00,16,5,3,1,0,0
031501070402,1,60.277008056640625,1.3945055888470201,10.0,0.6751224745304799,3,2021-05-04 23:00:00+00:00,3,1,1,0,0,0
031501070402,3,92.54837036132812,1.546825067118817,10.0,0.7222123101570906,11,2025-03-16 03:00:00+00:00,11,5,4,0,0,0
031501070402,6,137.4108123779297,1.893534256514231,25.0,0.8508124894587541,12,2022-06-08 13:00:00+00:00,12,5,5,2,0,0
031501070402,24,156.0038299560547,1.484698346988679,10.0,0.6284464514023412,17,2021-05-05 02:00:00+00:00,17,9,3,0,0,0
031501070402,72,248.41004943847656,1.8487951770929782,25.0,0.7890681718295633,15,2021-05-05 14:00:00+00:00,15,5,3,1,0,0
031501070403,1,85.4849853515625,1.9833680256950332,50.0,0.956192905155181,3,2021-05-04 23:00:00+00:00,3,1,1,1,1,0
031501070403,3,117.7442626953125,1.9724886941751405,50.0,0.9173485148883058,7,2025-03-16 03:00:00+00:00,7,4,4,1,1,0
031501070403,6,164.14390563964844,2.2664108520406074,100.0,1.0186173594671144,12,2022-06-08 13:00:00+00:00,12,6,4,2,1,1
031501070403,24,193.91415405273438,1.846086914574818,25.0,0.7880861342101758,17,2021-05-05 02:00:00+00:00,17,11,2,1,0,0
031501070403,72,250.99095153808594,1.8680553102337478,25.0,0.8025354011497047,16,2021-05-05 14:00:00+00:00,16,5,3,1,0,0
031501070404,1,55.26088333129883,1.2727184870654444,5.0,0.6251669565373523,2,2025-03-16 02:00:00+00:00,2,1,0,0,0,0
031501070404,3,99.73975372314453,1.663672353127883,25.0,0.7844116011788045,10,2025-03-16 03:00:00+00:00,10,3,2,1,0,0
031501070404,6,164.25006103515625,2.255975381322517,100.0,1.0155815655171185,15,2025-03-16 04:00:00+00:00,15,4,3,1,1,1
031501070404,24,178.905029296875,1.6901650137447648,10.0,0.7131767910634218,16,2020-04-20 09:00:00+00:00,16,6,3,0,0,0
031501070404,72,226.8624267578125,1.680844341728339,10.0,0.7183736593853219,15,2020-04-20 09:00:00+00:00,15,7,4,0,0,0
031501070405,1,56.32182693481445,1.3006148048576622,5.0,0.6346019560311215,3,2016-11-29 05:00:00+00:00,3,1,0,0,0,0
031501070405,3,92.1111831665039,1.5391818453552095,10.0,0.7219225868374876,15,2025-03-16 03:00:00+00:00,15,5,3,0,0,0
031501070405,6,148.87950134277344,2.048943555823567,50.0,0.921072182844686,15,2025-03-16 04:00:00+00:00,15,7,4,1,1,0
031501070405,24,175.5601043701172,1.6635375188856167,10.0,0.7036407109573678,17,2021-05-05 02:00:00+00:00,17,9,3,0,0,0
031501070405,72,245.0419464111328,1.8202474324325395,25.0,0.778543442850036,16,2021-05-05 03:00:00+00:00,16,7,4,1,0,0
031501070406,1,69.49993133544922,1.6094132575266689,10.0,0.7846780783240485,4,2025-03-16 02:00:00+00:00,4,3,1,0,0,0
031501070406,3,100.80229949951172,1.6909313564168262,25.0,0.789151077217418,12,2025-03-16 04:00:00+00:00,12,6,4,1,0,0
031501070406,6,139.8948974609375,1.9294094881955128,25.0,0.8661997895587585,14,2025-03-16 04:00:00+00:00,14,7,4,1,0,0
031501070406,24,167.82656860351562,1.5835919849277083,10.0,0.6790761546496371,17,2025-03-16 05:00:00+00:00,17,7,2,0,0,0
031501070406,72,213.05575561523438,1.5791348638326255,10.0,0.6833645822190278,19,2025-05-12 23:00:00+00:00,19,6,3,0,0,0
031501070501,1,59.42855453491211,1.3879411027408934,5.0,0.6730832282042203,6,2025-03-16 02:00:00+00:00,6,3,0,0,0,0
031501070501,3,111.46124267578125,1.877733578707706,25.0,0.8675372591349612,16,2025-04-06 17:00:00+00:00,16,2,2,2,0,0
031501070501,6,143.0144500732422,1.980787607332134,50.0,0.8885193229015604,19,2025-03-16 05:00:00+00:00,19,6,3,1,1,0
031501070501,24,176.7144012451172,1.678825404205595,10.0,0.7397242164627779,16,2025-03-16 05:00:00+00:00,16,9,1,0,0,0
031501070501,72,210.57859802246094,1.5665170865146876,10.0,0.6950180484958249,14,2024-09-15 10:00:00+00:00,14,6,3,0,0,0
031501070502,1,59.06610870361328,1.3730171868485836,5.0,0.6680417584679567,5,2025-03-16 02:00:00+00:00,5,2,0,0,0,0
031501070502,3,105.94956970214844,1.781467872199915,25.0,0.8254994690350406,13,2025-04-06 17:00:00+00:00,13,4,2,1,0,0
031501070502,6,122.93031311035156,1.697751298496138,10.0,0.7618009668371691,20,2025-04-06 20:00:00+00:00,20,5,3,0,0,0
031501070502,24,165.26718139648438,1.557701134889769,10.0,0.6830674246953433,14,2025-03-16 05:00:00+00:00,14,5,2,0,0,0
031501070502,72,198.27008056640625,1.465881019137153,10.0,0.6460847271178792,14,2023-03-27 13:00:00+00:00,14,6,2,0,0,0
031501070503,1,79.08720397949219,1.836716825515684,25.0,0.8936178054620992,4,2025-03-16 02:00:00+00:00,4,3,1,1,0,0
031501070503,3,108.41316223144531,1.8228897142329092,25.0,0.8463941501635289,14,2025-03-16 04:00:00+00:00,14,4,4,3,0,0
031501070503,6,135.3208465576172,1.8700829795126999,25.0,0.8384077823991462,19,2025-03-16 05:00:00+00:00,19,6,4,2,0,0
031501070503,24,181.4772186279297,1.7137915970713267,10.0,0.7432897530485152,17,2025-03-16 05:00:00+00:00,17,8,2,0,0,0
031501070503,72,207.8868865966797,1.541950576253587,10.0,0.6740334977219249,18,2025-05-12 23:00:00+00:00,18,5,2,0,0,0
031501070601,1,54.42454147338867,1.2803754654479953,5.0,0.6199763097473658,4,2022-06-08 14:00:00+00:00,4,1,0,0,0,0
031501070601,3,102.66323852539062,1.7302697054065597,25.0,0.8062560657663445,11,2025-03-16 04:00:00+00:00,11,3,2,1,0,0
031501070601,6,121.53948974609375,1.6826954187496208,10.0,0.7674614434897592,18,2025-03-16 05:00:00+00:00,18,6,4,0,0,0
031501070601,24,184.630859375,1.7660247673863325,25.0,0.7959270387127265,17,2025-03-16 05:00:00+00:00,17,6,1,1,0,0
031501070601,72,215.8775634765625,1.606527965211866,10.0,0.7266283839046563,14,2022-06-09 03:00:00+00:00,14,5,4,0,0,0
031501070602,1,46.956783294677734,1.097757972531587,2.0,0.5338044890392605,2,2013-01-30 17:00:00+00:00,2,0,0,0,0,0
031501070602,3,88.5431900024414,1.4890509321616185,10.0,0.6930442913654027,7,2025-03-16 04:00:00+00:00,7,1,1,0,0,0
031501070602,6,110.35746002197266,1.5244311357881724,10.0,0.6908024397856682,18,2025-03-16 05:00:00+00:00,18,5,2,0,0,0
031501070602,24,184.10704040527344,1.7461065862919514,25.0,0.7783448049801746,15,2025-03-16 05:00:00+00:00,15,6,1,1,0,0
031501070602,72,215.37762451171875,1.5941239005155659,10.0,0.7134920417400586,13,2023-03-27 13:00:00+00:00,13,5,4,0,0,0
031501070603,3,71.80282592773438,1.2042054485470362,2.0,0.5592321735043785,9,2025-03-16 04:00:00+00:00,9,0,0,0,0,0
031501070603,6,109.97264099121094,1.5138387708513565,10.0,0.6817512921056895,13,2025-03-16 05:00:00+00:00,13,3,1,0,0,0
031501070603,24,173.8173370361328,1.6315979573936223,10.0,0.7194138868534359,16,2023-03-27 11:00:00+00:00,16,6,1,0,0,0
031501070603,72,215.57485961914062,1.5847934551845362,10.0,0.7002622204047518,14,2023-03-27 13:00:00+00:00,14,5,2,0,0,0
031501070701,1,49.49995422363281,1.1730926063457952,2.0,0.5539458641048002,2,2025-03-16 03:00:00+00:00,2,0,0,0,0,0
031501070701,3,118.47343444824219,1.9999546117628557,50.0,0.9100391707132768,10,2025-03-16 04:00:00+00:00,10,2,1,1,1,0
031501070701,6,135.96458435058594,1.8777252645534959,25.0,0.8486856343371622,15,2025-03-16 06:00:00+00:00,15,8,5,2,0,0
031501070701,24,226.47113037109375,2.1599385647290106,100.0,1.0024074277554267,13,2025-03-16 06:00:00+00:00,13,7,2,1,1,1
031501070701,72,233.32749938964844,1.7359242128663812,25.0,0.8125350383765106,16,2025-03-16 06:00:00+00:00,16,6,3,1,0,0
031501070702,1,50.32879638671875,1.193690646518487,2.0,0.5729863874250513,4,2022-06-08 14:00:00+00:00,4,0,0,0,0,0
031501070702,3,93.9731674194336,1.587889899139876,10.0,0.742260221354373,9,2025-03-16 04:00:00+00:00,9,4,3,0,0,0
031501070702,6,122.92808532714844,1.7014925975623902,25.0,0.7877171424162795,15,2025-04-06 20:00:00+00:00,15,6,5,1,0,0
031501070702,24,167.19882202148438,1.6030004881683448,10.0,0.7433192277905076,18,2025-04-07 12:00:00+00:00,18,5,2,0,0,0
031501070702,72,209.7604217529297,1.562999738317405,10.0,0.7261965550266851,16,2023-03-27 13:00:00+00:00,16,5,3,0,0,0
031501070703,3,88.50567626953125,1.4889788238414585,10.0,0.7115699223694258,12,2025-03-16 05:00:00+00:00,12,4,1,0,0,0
031501070703,6,107.7139892578125,1.4852093936013322,10.0,0.6998970759766496,18,2025-03-16 06:00:00+00:00,18,7,3,0,0,0
031501070703,24,164.83810424804688,1.5747107648793814,10.0,0.7292781395784682,20,2025-04-07 13:00:00+00:00,20,5,2,0,0,0
031501070703,72,201.07879638671875,1.4907785483596898,10.0,0.6900895001026773,10,2025-02-13 08:00:00+00:00,10,5,3,0,0,0
031501070704,1,56.54779052734375,1.3217345605933808,5.0,0.6511328555357901,2,2009-09-19 10:00:00+00:00,2,1,0,0,0,0
031501070704,3,99.05078125,1.658471394086767,25.0,0.7959625594514826,15,2025-02-13 06:00:00+00:00,15,5,1,1,0,0
031501070704,6,130.51596069335938,1.7919280608202721,25.0,0.8398380471409251,22,2022-06-08 16:00:00+00:00,22,7,4,1,0,0
031501070704,24,193.79071044921875,1.831829367089018,25.0,0.8332429068239369,22,2025-04-07 13:00:00+00:00,22,12,4,1,0,0
031501070704,72,227.78289794921875,1.672002862655856,10.0,0.7609875030573043,14,2025-02-13 08:00:00+00:00,14,5,3,0,0,0
031501070705,1,43.185062408447266,1.0148381186909363,2.0,0.4982681972693945,1,2022-06-08 15:00:00+00:00,1,0,0,0,0,0
031501070705,3,88.08477783203125,1.478343946530316,10.0,0.7107185233764297,10,2023-03-27 03:00:00+00:00,10,5,2,0,0,0
031501070705,6,119.03968811035156,1.6378440140661599,10.0,0.7729769780882739,18,2023-03-27 06:00:00+00:00,18,8,5,0,0,0
031501070705,24,170.05938720703125,1.6173981849243355,10.0,0.744107818826767,19,2025-04-07 13:00:00+00:00,19,7,3,0,0,0
031501070705,72,203.4490966796875,1.5012896476374489,10.0,0.6905543851620881,11,2025-02-13 08:00:00+00:00,11,5,3,0,0,0
031501070706,1,49.197723388671875,1.1585553216939204,2.0,0.5635596287552407,2,2022-06-08 14:00:00+00:00,2,0,0,0,0,0
031501070706,3,92.46986389160156,1.5563441821596502,10.0,0.7356445809901287,6,2025-03-16 04:00:00+00:00,6,2,1,0,0,0
031501070706,6,109.57683563232422,1.5130495136119353,10.0,0.7022863037884503,16,2025-03-16 06:00:00+00:00,16,10,2,0,0,0
031501070706,24,178.12466430664062,1.700644535089527,10.0,0.7764789083681779,19,2025-04-07 13:00:00+00:00,19,5,2,0,0,0
031501070706,72,210.51304626464844,1.5603254465933358,10.0,0.7130585353641223,8,2023-03-27 13:00:00+00:00,8,5,4,0,0,0
031501070707,3,96.52767944335938,1.6099808443057506,10.0,0.7675288610276018,11,2025-02-13 06:00:00+00:00,11,2,1,0,0,0
031501070707,6,124.62300872802734,1.7049571995028547,25.0,0.7897972040242092,18,2025-02-13 08:00:00+00:00,18,4,3,1,0,0
031501070707,24,197.90753173828125,1.8560929581307775,25.0,0.8328909613966122,21,2025-04-07 13:00:00+00:00,21,12,2,1,0,0
031501070707,72,231.7122039794922,1.6920744732812252,10.0,0.7596314684787471,14,2025-02-13 08:00:00+00:00,14,3,3,0,0,0
031501070708,1,57.29619216918945,1.3341012370282306,5.0,0.651829005084834,2,2020-08-31 00:00:00+00:00,2,1,0,0,0,0
031501070708,3,88.59736633300781,1.4841136112210949,10.0,0.6972569803072602,11,2022-06-08 15:00:00+00:00,11,3,1,0,0,0
031501070708,6,109.30375671386719,1.5022301767149846,10.0,0.6866691468593048,16,2022-06-08 15:00:00+00:00,16,6,2,0,0,0
031501070708,24,188.27088928222656,1.7720021459844673,25.0,0.7917872841070124,18,2025-04-07 13:00:00+00:00,18,9,2,1,0,0
031501070708,72,221.20033264160156,1.6227735406523551,10.0,0.7261618662907248,14,2025-02-13 08:00:00+00:00,14,4,4,0,0,0
031501070709,1,50.66260528564453,1.1704384758694681,2.0,0.5704651642842432,2,2014-04-07 10:00:00+00:00,2,0,0,0,0,0
031501070709,3,96.24212646484375,1.6075321337317752,10.0,0.7488224238458279,12,2022-04-05 16:00:00+00:00,12,2,2,0,0,0
031501070709,6,111.54518127441406,1.5285485043348306,10.0,0.6893311753092237,11,2022-04-05 17:00:00+00:00,11,4,3,0,0,0
031501070709,24,173.39483642578125,1.618163073522442,10.0,0.7104251648763371,19,2025-02-13 06:00:00+00:00,19,5,2,0,0,0
031501070709,72,203.97532653808594,1.4907729829509477,10.0,0.6537784208895618,14,2025-02-13 07:00:00+00:00,14,4,1,0,0,0
031501070801,1,58.68381118774414,1.3513806910010866,5.0,0.6637665264452929,3,2025-03-16 02:00:00+00:00,3,1,0,0,0,0
031501070801,3,107.13056945800781,1.7900573548100058,25.0,0.8399454844073395,7,2025-03-16 04:00:00+00:00,7,3,3,2,0,0
031501070801,6,124.889892578125,1.7145595107473819,25.0,0.770137760953325,14,2025-03-16 05:00:00+00:00,14,5,3,1,0,0
031501070801,24,173.21551513671875,1.622287611158084,10.0,0.6925593398876345,15,2025-03-16 05:00:00+00:00,15,8,3,0,0,0
031501070801,72,213.2014617919922,1.5697059357529508,10.0,0.6757503232709415,18,2025-05-13 03:00:00+00:00,18,4,1,0,0,0
031501070802,3,73.094970703125,1.2189952574887046,5.0,0.5719517368823,7,2025-03-16 04:00:00+00:00,7,3,0,0,0,0
031501070802,6,114.03340911865234,1.5612653944855142,10.0,0.7011537876529896,12,2025-03-16 05:00:00+00:00,12,3,1,0,0,0
031501070802,24,174.85231018066406,1.6289086088907945,10.0,0.6972139700822116,19,2025-02-13 06:00:00+00:00,19,6,3,0,0,0
031501070802,72,210.13270568847656,1.539839262426666,10.0,0.6622742471856297,17,2025-02-13 08:00:00+00:00,17,5,1,0,0,0
031501070803,3,84.0411605834961,1.4053706247801585,10.0,0.6541683479372682,8,2025-03-16 03:00:00+00:00,8,1,1,0,0,0
031501070803,6,110.1100845336914,1.510757420804515,10.0,0.6778927794918312,12,2025-03-16 05:00:00+00:00,12,4,1,0,0,0
031501070803,24,170.59036254882812,1.5908700916836402,10.0,0.6903800097072634,16,2025-02-13 06:00:00+00:00,16,4,2,0,0,0
031501070803,72,197.17420959472656,1.4444050297633686,10.0,0.6274415871658254,18,2025-02-13 07:00:00+00:00,18,5,1,0,0,0
031501070901,3,80.57665252685547,1.3409483509592721,5.0,0.6294653434463604,8,2025-02-13 05:00:00+00:00,8,3,0,0,0,0
031501070901,6,119.12380981445312,1.6271511521803452,10.0,0.7330175959819012,14,2025-02-13 06:00:00+00:00,14,4,2,0,0,0
031501070901,24,176.1039581298828,1.638758856402924,10.0,0.7045427091098164,17,2025-02-13 07:00:00+00:00,17,6,2,0,0,0
031501070901,72,201.84512329101562,1.4730971421043633,10.0,0.6320043329827318,18,2025-02-13 07:00:00+00:00,18,6,1,0,0,0
031501070902,1,50.47187805175781,1.1597185321701853,2.0,0.5697043378771436,1,1995-12-19 06:00:00+00:00,1,0,0,0,0,0
031501070902,3,83.45460510253906,1.3848366731672301,5.0,0.6541190318001349,8,2022-04-05 16:00:00+00:00,8,2,0,0,0,0
031501070902,6,115.70789337158203,1.5769416245827959,10.0,0.7171022566365143,12,2024-03-09 02:00:00+00:00,12,5,1,0,0,0
031501070902,24,176.36300659179688,1.64642018849843,10.0,0.7143881099220283,13,2025-02-13 07:00:00+00:00,13,6,1,0,0,0
031501070902,72,213.54087829589844,1.5557375839170415,10.0,0.6703901382954449,12,2025-02-13 08:00:00+00:00,12,4,3,0,0,0
031501070903,1,49.09661102294922,1.133656703175701,2.0,0.5647751547215586,2,2025-02-13 04:00:00+00:00,2,0,0,0,0,0
031501070903,3,73.95903015136719,1.227855563880668,5.0,0.5946373666091447,13,2025-02-13 06:00:00+00:00,13,3,0,0,0,0
031501070903,6,106.41168212890625,1.449801712311076,10.0,0.680200455293432,13,2025-02-13 08:00:00+00:00,13,5,1,0,0,0
031501070903,24,192.52859497070312,1.8023662758475105,25.0,0.8109617373868605,15,2025-04-07 13:00:00+00:00,15,5,1,1,0,0
031501070903,72,230.2588348388672,1.677684140327442,10.0,0.7551225532950551,13,2025-02-13 08:00:00+00:00,13,3,3,0,0,0
031501070904,1,47.22016906738281,1.088452528530924,2.0,0.5374502623301615,1,1995-12-19 06:00:00+00:00,1,0,0,0,0,0
031501070904,3,82.86994171142578,1.376292664555543,5.0,0.6558602096789302,8,2025-02-13 06:00:00+00:00,8,3,0,0,0,0
031501070904,6,111.32169342041016,1.5176044434006415,10.0,0.6993565281082592,14,2025-02-13 08:00:00+00:00,14,4,2,0,0,0
031501070904,24,189.73399353027344,1.7729453911439803,25.0,0.785910788411491,17,2025-04-07 13:00:00+00:00,17,5,1,1,0,0
031501070904,72,228.56333923339844,1.6645374267340272,10.0,0.7365410097809478,11,2025-02-13 08:00:00+00:00,11,4,3,0,0,0
031501070905,1,55.393550872802734,1.2741438452644664,5.0,0.6366421483132769,4,2025-02-13 04:00:00+00:00,4,1,0,0,0,0
031501070905,3,79.77139282226562,1.3208690494910504,5.0,0.6397792632228668,14,2025-02-13 06:00:00+00:00,14,2,0,0,0,0
031501070905,6,99.92567443847656,1.3590191173912,5.0,0.6352698050953525,15,2025-02-13 09:00:00+00:00,15,5,0,0,0,0
031501070905,24,185.87374877929688,1.739359948795751,25.0,0.7765036475806472,15,2025-04-07 13:00:00+00:00,15,4,3,1,0,0
031501070905,72,249.7857666015625,1.8212850471937494,25.0,0.8126090133256034,10,2025-02-13 09:00:00+00:00,10,3,3,1,0,0
031501070906,1,46.57368087768555,1.0724986079647256,2.0,0.5260074798378367,1,1995-12-19 06:00:00+00:00,1,0,0,0,0,0
031501070906,3,81.0880126953125,1.3481571539299,5.0,0.6350365999314437,6,2022-04-05 16:00:00+00:00,6,2,0,0,0,0
031501070906,6,106.98442077636719,1.460126025143586,10.0,0.6642556809421576,8,2025-02-13 08:00:00+00:00,8,4,2,0,0,0
031501070906,24,178.83621215820312,1.6688974426233993,10.0,0.7312968882458074,13,2025-02-13 07:00:00+00:00,13,6,1,0,0,0
031501070906,72,211.17796325683594,1.5392063593327834,10.0,0.6719289837049072,11,2025-02-13 08:00:00+00:00,11,4,2,0,0,0
031501070907,1,48.56499099731445,1.1097338781123776,2.0,0.5563639915950142,1,1995-12-19 06:00:00+00:00,1,0,0,0,0,0
031501070907,3,86.24608612060547,1.4197293114689074,10.0,0.6858028971147412,12,2024-01-09 12:00:00+00:00,12,4,1,0,0,0
031501070907,6,101.56605529785156,1.3748760553805368,5.0,0.6376282714292003,13,2024-03-09 03:00:00+00:00,13,8,0,0,0,0
031501070907,24,188.97523498535156,1.766002036840959,25.0,0.7797785679219349,14,2025-04-07 13:00:00+00:00,14,3,3,1,0,0
031501070907,72,254.43482971191406,1.8563722708921544,25.0,0.8197444359539994,10,2017-05-23 17:00:00+00:00,10,4,3,1,0,0
031501080205,1,45.691402435302734,1.1399145877911778,2.0,0.5064073713010225,1,2003-05-18 08:00:00+00:00,1,0,0,0,0,0
031501080205,3,65.83226013183594,1.178886551386627,2.0,0.5181476278904236,6,2025-03-16 06:00:00+00:00,6,0,0,0,0,0
031501080205,6,83.07804870605469,1.2235188029823567,5.0,0.5562020934159795,10,2025-03-16 06:00:00+00:00,10,1,0,0,0,0
031501080205,24,151.05931091308594,1.5344457392007471,10.0,0.7738520035848145,9,2025-02-13 07:00:00+00:00,9,4,1,0,0,0
031501080205,72,219.70401000976562,1.7398521992983549,25.0,0.8877710102037362,13,2025-02-13 08:00:00+00:00,13,3,1,1,0,0
031501080303,1,41.340797424316406,1.0167124722512333,2.0,0.4545446596080619,1,2003-05-18 08:00:00+00:00,1,0,0,0,0,0
031501080303,3,65.922119140625,1.1629853871115146,2.0,0.512641335405319,4,2025-03-16 05:00:00+00:00,4,0,0,0,0,0
031501080303,6,93.08493041992188,1.3504069089773112,5.0,0.6135619231664242,8,2025-03-16 06:00:00+00:00,8,2,0,0,0,0
031501080303,24,153.50064086914062,1.5347259897462315,10.0,0.7695818089516057,9,2025-02-13 07:00:00+00:00,9,4,1,0,0,0
031501080303,72,229.4331817626953,1.791847092352716,50.0,0.9102541626639351,10,2025-02-13 08:00:00+00:00,10,3,1,1,1,0
031501080304,1,40.66202926635742,1.0134889559942184,2.0,0.4542406635690411,2,2013-07-03 14:00:00+00:00,2,0,0,0,0,0
031501080304,3,68.73469543457031,1.2316884919173137,5.0,0.5399135124153617,8,2025-03-16 06:00:00+00:00,8,1,0,0,0,0
031501080304,6,84.82079315185547,1.2468605391160952,5.0,0.564299212027363,13,2025-03-16 07:00:00+00:00,13,2,0,0,0,0
031501080304,24,157.59422302246094,1.5805236643934142,10.0,0.7988571510345314,7,2020-02-06 21:00:00+00:00,7,3,2,0,0,0
031501080304,72,222.18350219726562,1.736089474731546,25.0,0.8844845288810709,9,2013-12-23 12:00:00+00:00,9,4,3,1,0,0
031501080305,3,65.71183776855469,1.1681076323210828,2.0,0.513441767437499,3,2025-03-16 05:00:00+00:00,3,0,0,0,0,0
031501080305,6,89.43831634521484,1.3056417634685866,5.0,0.5920282176629323,8,2025-03-16 06:00:00+00:00,8,2,0,0,0,0
031501080305,24,153.4293670654297,1.5354411092755809,10.0,0.7736826753139925,7,2015-12-24 14:00:00+00:00,7,3,2,0,0,0
031501080305,72,222.7749786376953,1.7383924956487593,25.0,0.8844036256315034,11,2024-09-28 04:00:00+00:00,11,4,2,1,0,0
031501080401,1,51.58662796020508,1.2706310498679845,5.0,0.576073835775481,3,2013-01-30 18:00:00+00:00,3,1,0,0,0,0
031501080401,3,85.48753356933594,1.51631619882155,10.0,0.669083598304507,7,2025-08-03 09:00:00+00:00,7,3,2,0,0,0
031501080401,6,107.28471374511719,1.5599323621531236,10.0,0.7072011083644938,13,2025-08-03 10:00:00+00:00,13,4,1,0,0,0
031501080401,24,162.2518768310547,1.603046319299208,25.0,0.804905935711658,12,2025-08-03 15:00:00+00:00,12,5,3,1,0,0
031501080401,72,228.05792236328125,1.7578609948073944,25.0,0.8902989839165327,12,2025-08-03 15:00:00+00:00,12,4,3,1,0,0
031501080402,3,76.3871078491211,1.3520289833164632,5.0,0.5954529988323445,3,2025-03-16 05:00:00+00:00,3,1,0,0,0,0
031501080402,6,93.60940551757812,1.3596355940493483,5.0,0.6160697606134132,8,2025-03-16 06:00:00+00:00,8,2,0,0,0,0
031501080402,24,157.22891235351562,1.5586740840446531,10.0,0.7830286227450449,9,2013-12-23 08:00:00+00:00,9,3,2,0,0,0
031501080402,72,227.740234375,1.7607666529792896,25.0,0.892631377792846,10,2015-12-26 08:00:00+00:00,10,5,3,1,0,0
031501080403,1,46.66292190551758,1.1265688487104528,2.0,0.5095268057120319,1,2020-08-30 22:00:00+00:00,1,0,0,0,0,0
031501080403,3,71.31947326660156,1.2349386319452629,5.0,0.5477584227843316,3,2025-03-16 05:00:00+00:00,3,1,0,0,0,0
031501080403,6,96.92120361328125,1.3799409428934735,5.0,0.6270796492654404,10,2025-03-16 06:00:00+00:00,10,2,0,0,0,0
031501080403,24,156.4640655517578,1.53211104424474,10.0,0.7614541107228602,10,2014-11-17 13:00:00+00:00,10,6,1,0,0,0
031501080403,72,224.55921936035156,1.7233311613058468,25.0,0.8690780233792638,12,2025-02-13 08:00:00+00:00,12,5,3,1,0,0
031501080404,3,75.25178527832031,1.277313249390175,5.0,0.5701637142738413,8,2025-03-16 05:00:00+00:00,8,1,0,0,0,0
031501080404,6,101.514892578125,1.4164324869616134,10.0,0.6427094880732508,11,2025-03-16 06:00:00+00:00,11,2,1,0,0,0
031501080404,24,156.0332489013672,1.4990302552964345,10.0,0.7354867325331234,13,2015-01-04 12:00:00+00:00,13,5,1,0,0,0
031501080404,72,213.53233337402344,1.614390767476483,10.0,0.8058847623075314,14,2015-12-26 08:00:00+00:00,14,5,2,0,0,0
031501080405,3,80.16525268554688,1.3969990595839734,5.0,0.6197281166033217,4,2025-08-03 09:00:00+00:00,4,2,0,0,0,0
031501080405,6,97.96891784667969,1.4012464446729542,10.0,0.6358816515405289,11,2025-08-03 09:00:00+00:00,11,3,1,0,0,0
031501080405,24,157.78704833984375,1.540409673520578,10.0,0.7666553498667747,16,2025-08-03 18:00:00+00:00,16,4,2,0,0,0
031501080405,72,220.91831970214844,1.6876497071836003,25.0,0.8497659994853547,12,2025-08-03 20:00:00+00:00,12,5,2,1,0,0
031501080704,3,86.75106048583984,1.5614129772537535,10.0,0.6869219253109903,12,2025-05-26 05:00:00+00:00,12,4,2,0,0,0
031501080704,6,116.51692199707031,1.7171680250059045,25.0,0.7777045840509332,13,2025-05-26 08:00:00+00:00,13,4,2,1,0,0
031501080704,24,163.98292541503906,1.6350971149318856,25.0,0.8241943401284789,13,2019-06-09 09:00:00+00:00,13,6,3,1,0,0
031501080704,72,225.8116455078125,1.7582257414189668,25.0,0.8946019707017722,13,2025-05-28 09:00:00+00:00,13,7,5,1,0,0
031501080801,1,51.9244384765625,1.2899972054975575,5.0,0.5832126804317468,2,2005-07-10 01:00:00+00:00,2,1,0,0,0,0
031501080801,3,96.34039306640625,1.724554673208772,10.0,0.7590127724783249,9,2025-03-16 06:00:00+00:00,9,3,1,0,0,0
031501080801,6,99.68402099609375,1.4619034937907314,10.0,0.6622389656740432,14,2025-08-03 10:00:00+00:00,14,5,1,0,0,0
031501080801,24,164.237548828125,1.6333607297587085,25.0,0.8228147520656641,15,2025-08-03 15:00:00+00:00,15,4,1,1,0,0
031501080801,72,226.48342895507812,1.7566963474308122,25.0,0.8922900237220381,14,2025-08-03 15:00:00+00:00,14,6,4,1,0,0
031501080802,1,42.54010772705078,1.060560698445001,2.0,0.48493663476416027,1,2014-04-07 09:00:00+00:00,1,0,0,0,0,0
031501080802,3,86.87895202636719,1.5637807418188865,10.0,0.6971711820087704,9,2015-12-24 13:00:00+00:00,9,3,1,0,0,0
031501080802,6,110.71065521240234,1.6295275873085313,10.0,0.7451226664178431,10,2025-05-26 09:00:00+00:00,10,5,3,0,0,0
031501080802,24,158.61386108398438,1.5734955032080393,10.0,0.7910364522146833,12,2021-08-17 16:00:00+00:00,12,4,2,0,0,0
031501080802,72,228.22076416015625,1.7704088353867036,25.0,0.9001055237203276,13,2025-05-27 23:00:00+00:00,13,5,3,2,0,0
031501080803,3,74.87748718261719,1.3370903678520552,5.0,0.5924142208663556,9,2025-08-03 09:00:00+00:00,9,2,0,0,0,0
031501080803,6,108.35791015625,1.5839172477293613,10.0,0.720286708783122,11,2025-08-03 10:00:00+00:00,11,3,3,0,0,0
031501080803,24,165.12789916992188,1.6315876032862928,25.0,0.8195211735064016,14,2025-08-03 15:00:00+00:00,14,6,2,1,0,0
031501080803,72,225.331787109375,1.7386737756105277,25.0,0.8814882786849197,13,2025-08-03 15:00:00+00:00,13,6,3,1,0,0
031501080901,3,69.34310913085938,1.2285366010561338,5.0,0.5472734926391023,9,2025-08-03 09:00:00+00:00,9,1,0,0,0,0
031501080901,6,101.59575653076172,1.4731100869583216,10.0,0.6715296343531035,15,2025-08-03 10:00:00+00:00,15,4,1,0,0,0
031501080901,24,163.90872192382812,1.6058854171999417,10.0,0.8034697658463611,15,2025-08-03 16:00:00+00:00,15,5,2,0,0,0
031501080901,72,221.84027099609375,1.6983037510321892,25.0,0.8577511036717318,15,2025-08-03 16:00:00+00:00,15,5,2,1,0,0
031501080902,1,47.45355987548828,1.1723644543374592,2.0,0.543206567727048,1,2014-04-07 09:00:00+00:00,1,0,0,0,0,0
031501080902,3,88.75483703613281,1.5815255896388674,10.0,0.7166130579130516,7,2021-08-17 13:00:00+00:00,7,3,1,0,0,0
031501080902,6,108.49723052978516,1.5791926230872464,10.0,0.7315238333458252,12,2025-05-26 09:00:00+00:00,12,4,3,0,0,0
031501080902,24,149.84388732910156,1.4693296596638128,10.0,0.7389459023262631,12,2021-08-17 15:00:00+00:00,12,4,3,0,0,0
031501080902,72,229.53591918945312,1.7636415622090573,25.0,0.896662292381154,11,2015-12-26 05:00:00+00:00,11,4,2,2,0,0
031501080903,3,63.05975341796875,1.1099928041830962,2.0,0.49749798106099447,5,2025-03-16 05:00:00+00:00,5,0,0,0,0,0
031501080903,6,100.02286529541016,1.4394617020067033,10.0,0.6577017640339594,11,2025-03-16 06:00:00+00:00,11,3,1,0,0,0
031501080903,24,165.60340881347656,1.6103874274921108,10.0,0.8012212731525188,12,2019-06-09 08:00:00+00:00,12,4,1,0,0,0
031501080903,72,218.19764709472656,1.6611877695070774,25.0,0.8352144814042587,11,2019-06-09 17:00:00+00:00,11,5,2,1,0,0
031501080904,3,73.36166381835938,1.2999625497645386,5.0,0.5953198845342166,7,2014-04-07 11:00:00+00:00,7,2,0,0,0,0
031501080904,6,103.1395492553711,1.4920317936236516,10.0,0.6970540525304668,13,2021-08-17 13:00:00+00:00,13,4,2,0,0,0
031501080904,24,147.76608276367188,1.4421585408238997,10.0,0.7255854409624573,15,2021-08-17 15:00:00+00:00,15,3,3,0,0,0
031501080904,72,225.87255859375,1.7316049220048726,25.0,0.8815643145156634,9,2008-08-26 15:00:00+00:00,9,4,2,1,0,0
031501080905,3,82.03919982910156,1.4615439472640532,10.0,0.6574792676848026,6,2015-12-24 13:00:00+00:00,6,1,1,0,0,0
031501080905,6,107.05097961425781,1.5584787398539433,10.0,0.7168019229084913,8,2014-04-07 12:00:00+00:00,8,3,2,0,0,0
031501080905,24,156.4542236328125,1.534967327360445,10.0,0.7697469732886283,11,2014-04-07 14:00:00+00:00,11,4,2,0,0,0
031501080905,72,225.4730987548828,1.7307729141738537,25.0,0.8768499669055757,9,2015-12-26 05:00:00+00:00,9,4,3,1,0,0
031501080906,1,41.176265716552734,1.0065659260159932,2.0,0.4696627987028342,1,2015-12-24 12:00:00+00:00,1,0,0,0,0,0
031501080906,3,84.41416931152344,1.482520564613637,10.0,0.6749502039553212,8,2015-12-24 13:00:00+00:00,8,3,1,0,0,0
031501080906,6,100.72415161132812,1.4428593569617865,10.0,0.6673484247587145,12,2014-04-07 12:00:00+00:00,12,5,1,0,0,0
031501080906,24,163.02272033691406,1.577368945158585,10.0,0.784492250991894,14,2025-04-07 12:00:00+00:00,14,5,2,0,0,0
031501080906,72,220.36207580566406,1.6736992746537516,25.0,0.8416599999905982,8,2015-12-26 05:00:00+00:00,8,4,3,1,0,0
031501081001,1,50.73048400878906,1.2281886921242862,5.0,0.5626218798460991,2,2005-07-10 01:00:00+00:00,2,1,0,0,0,0
031501081001,3,85.43513488769531,1.4876780197981054,10.0,0.662007048726151,9,2025-08-03 09:00:00+00:00,9,4,3,0,0,0
031501081001,6,102.2386245727539,1.4595297603356354,10.0,0.6626264029373519,12,2025-08-03 11:00:00+00:00,12,6,1,0,0,0
031501081001,24,160.05935668945312,1.5544862942691904,10.0,0.7713012401400682,15,2025-08-03 18:00:00+00:00,15,6,2,0,0,0
031501081001,72,219.36753845214844,1.668631570066293,25.0,0.8378102958135818,13,2025-08-03 19:00:00+00:00,13,7,2,1,0,0
031501081002,1,46.57612609863281,1.1088551333418106,2.0,0.5110828986038066,2,2025-08-03 09:00:00+00:00,2,0,0,0,0,0
031501081002,3,91.56099700927734,1.5577143196602217,10.0,0.6946290908250046,7,2025-08-03 10:00:00+00:00,7,2,1,0,0,0
031501081002,6,101.30763244628906,1.4116581738836222,10.0,0.6365105408447436,11,2025-08-03 10:00:00+00:00,11,4,1,0,0,0
031501081002,24,155.71417236328125,1.4884359731132255,10.0,0.722555110754811,12,2025-08-03 19:00:00+00:00,12,3,1,0,0,0
031501081002,72,219.6374053955078,1.6516197348873907,25.0,0.8163079486314287,11,2015-12-26 10:00:00+00:00,11,3,2,1,0,0
031501081003,1,44.56547164916992,1.0689061891653704,2.0,0.4947752180927265,2,2025-03-16 03:00:00+00:00,2,0,0,0,0,0
031501081003,3,101.23416900634766,1.7312181160754883,25.0,0.7719438208488454,7,2025-03-16 05:00:00+00:00,7,2,1,1,0,0
031501081003,6,112.96597290039062,1.5739369597177635,10.0,0.7065779834798681,13,2025-08-03 10:00:00+00:00,13,5,2,0,0,0
031501081003,24,166.2647705078125,1.578890859739413,10.0,0.7589989270826853,13,2025-03-16 06:00:00+00:00,13,6,1,0,0,0
031501081003,72,234.76673889160156,1.7555666893905701,25.0,0.8592134498903088,13,2015-12-26 10:00:00+00:00,13,7,3,1,0,0
031501081004,1,43.739864349365234,1.0509194516129647,2.0,0.48407670174328826,1,2003-05-07 21:00:00+00:00,1,0,0,0,0,0
031501081004,3,88.873046875,1.531895247918477,10.0,0.6838026941574876,6,2025-08-03 10:00:00+00:00,6,2,1,0,0,0
031501081004,6,98.06637573242188,1.3840312699811053,5.0,0.627127902742936,8,2025-08-03 10:00:00+00:00,8,5,0,0,0,0
031501081004,24,159.4357452392578,1.532802844263771,10.0,0.7527413706423643,12,2025-08-03 19:00:00+00:00,12,4,1,0,0,0
031501081004,72,219.5618133544922,1.657885607645675,25.0,0.8261038906669618,13,2015-12-26 08:00:00+00:00,13,6,2,1,0,0
031501081005,1,49.2149658203125,1.1871185035114367,2.0,0.5525986538206926,3,2015-09-10 00:00:00+00:00,3,0,0,0,0,0
031501081005,3,76.96865844726562,1.3271028585502613,5.0,0.5970999662381302,8,2025-03-16 05:00:00+00:00,8,1,0,0,0,0
031501081005,6,98.28288269042969,1.3780117265457257,5.0,0.625211596329793,14,2025-03-16 06:00:00+00:00,14,4,0,0,0,0
031501081005,24,168.1804656982422,1.5953814697544773,10.0,0.774425565800113,14,2014-04-07 12:00:00+00:00,14,5,3,0,0,0
031501081005,72,228.5340576171875,1.7088334806942413,25.0,0.8424999411936058,10,2015-12-26 07:00:00+00:00,10,5,3,1,0,0
031501081006,3,66.86231231689453,1.1640934995199925,2.0,0.5236661942773133,5,2025-03-16 05:00:00+00:00,5,0,0,0,0,0
031501081006,6,99.20437622070312,1.408863449823002,10.0,0.64241774649364,10,2025-03-16 06:00:00+00:00,10,2,1,0,0,0
031501081006,24,165.7822265625,1.5925314972820415,10.0,0.7831680076323676,10,2014-04-07 12:00:00+00:00,10,6,2,0,0,0
031501081006,72,221.25360107421875,1.66993209403895,25.0,0.8320328078619914,10,2015-12-26 06:00:00+00:00,10,4,2,1,0,0
031501090101,1,52.77138137817383,1.2719925085484407,5.0,0.594622083806231,4,2015-09-10 00:00:00+00:00,4,1,0,0,0,0
031501090101,3,76.89578247070312,1.3234645090029242,5.0,0.598696126067677,10,2025-03-16 05:00:00+00:00,10,2,0,0,0,0
031501090101,6,100.0418930053711,1.398314738669404,5.0,0.6367365834043844,15,2025-03-16 06:00:00+00:00,15,5,0,0,0,0
031501090101,24,177.41465759277344,1.6769641338447643,25.0,0.812268279842855,14,2014-04-07 12:00:00+00:00,14,5,3,1,0,0
031501090101,72,229.63150024414062,1.7124444970516002,25.0,0.8422055187606894,12,2015-12-26 06:00:00+00:00,12,6,3,1,0,0
031501090102,1,54.809757232666016,1.3168775966423916,5.0,0.618608826815701,3,2015-09-10 00:00:00+00:00,3,1,0,0,0,0
031501090102,3,83.34373474121094,1.427646024789585,10.0,0.6494913167512859,13,2025-03-16 05:00:00+00:00,13,5,2,0,0,0
031501090102,6,103.13229370117188,1.4335083524590828,10.0,0.654456486960436,19,2025-03-16 06:00:00+00:00,19,10,1,0,0,0
031501090102,24,185.58621215820312,1.7465638281089473,25.0,0.8405811375866725,14,2025-04-07 12:00:00+00:00,14,6,4,2,0,0
031501090102,72,232.80886840820312,1.7289984345033544,25.0,0.8441686840116464,15,2015-12-26 07:00:00+00:00,15,6,3,2,0,0
031501090103,1,51.4146842956543,1.2398563265321991,5.0,0.588757697737183,3,2017-08-11 02:00:00+00:00,3,1,0,0,0,0
031501090103,3,79.797119140625,1.3728425638754234,5.0,0.6376815675099263,9,2020-08-25 15:00:00+00:00,9,3,0,0,0,0
031501090103,6,109.06339263916016,1.5247763222289021,10.0,0.7119602454761921,18,2022-04-05 18:00:00+00:00,18,8,2,0,0,0
031501090103,24,170.6653289794922,1.619467505767651,10.0,0.7908328195332109,16,2025-04-07 13:00:00+00:00,16,5,3,0,0,0
031501090103,72,215.6246337890625,1.6133437470247318,10.0,0.7969523002125856,10,2015-12-26 05:00:00+00:00,10,6,3,0,0,0
031501090104,3,74.13520812988281,1.2968236768555295,5.0,0.6052873245919836,6,2014-04-07 11:00:00+00:00,6,2,0,0,0,0
031501090104,6,121.72726440429688,1.7368118041108862,25.0,0.8229130197163113,14,2024-03-09 04:00:00+00:00,14,3,2,1,0,0
031501090104,24,156.83346557617188,1.5158999408922196,10.0,0.7612665493596037,15,2025-04-07 14:00:00+00:00,15,5,2,0,0,0
031501090104,72,211.56265258789062,1.6100079303957666,25.0,0.8180059478010945,9,2023-03-27 13:00:00+00:00,9,5,4,1,0,0
031501090105,1,44.78971862792969,1.0888613708240764,2.0,0.5136787896579422,3,2006-10-20 00:00:00+00:00,3,0,0,0,0,0
031501090105,3,79.20112609863281,1.3787367304469234,5.0,0.6371127110791457,9,2023-05-11 03:00:00+00:00,9,1,0,0,0,0
031501090105,6,109.8621597290039,1.5575466963686755,10.0,0.7281726600499917,11,2021-05-05 01:00:00+00:00,11,4,3,0,0,0
031501090105,24,165.2431182861328,1.5871186331582499,10.0,0.786876140852913,14,2025-04-07 14:00:00+00:00,14,6,2,0,0,0
031501090105,72,216.7299346923828,1.6384237581757688,25.0,0.8218415671748964,12,2015-12-26 05:00:00+00:00,12,4,4,1,0,0
031501090106,1,48.8831787109375,1.1796057191920248,2.0,0.5656053039142367,2,2006-10-20 00:00:00+00:00,2,0,0,0,0,0
031501090106,3,73.02993774414062,1.2583498072547812,5.0,0.5954520891681403,7,2014-04-07 11:00:00+00:00,7,1,0,0,0,0
031501090106,6,111.98286437988281,1.5715754109043325,10.0,0.7488970525052486,15,2025-04-06 21:00:00+00:00,15,5,1,0,0,0
031501090106,24,170.643798828125,1.6313646549642875,25.0,0.8080782019439217,15,2025-04-07 14:00:00+00:00,15,5,2,1,0,0
031501090106,72,204.26171875,1.5388737070578844,10.0,0.7703509470281029,11,2023-03-27 13:00:00+00:00,11,5,2,0,0,0
031501090107,1,49.22747802734375,1.1860768184147281,2.0,0.5729204671447952,1,2005-07-07 02:00:00+00:00,1,0,0,0,0,0
031501090107,3,72.6803970336914,1.2510578288350036,5.0,0.5996346097072913,5,2006-09-13 12:00:00+00:00,5,1,0,0,0,0
031501090107,6,118.67039489746094,1.6659145202689565,25.0,0.804377230165817,11,2025-04-06 21:00:00+00:00,11,2,2,1,0,0
031501090107,24,171.37069702148438,1.6416789891195367,25.0,0.8193834761292114,12,2025-04-07 14:00:00+00:00,12,5,2,1,0,0
031501090107,72,200.95440673828125,1.5174805178938158,10.0,0.7652646381821078,10,2023-03-27 13:00:00+00:00,10,5,2,0,0,0
031501090201,1,66.23583984375,1.5631179446554453,10.0,0.792401538791008,6,2014-04-07 12:00:00+00:00,6,3,1,0,0,0
031501090201,3,91.83514404296875,1.550359465342126,10.0,0.7921209785623032,7,2023-03-27 13:00:00+00:00,7,5,4,0,0,0
031501090201,6,120.9111557006836,1.6713401017812515,25.0,0.8473341438301406,14,2024-03-09 04:00:00+00:00,14,7,4,1,0,0
031501090201,24,194.86618041992188,1.8525023422162052,50.0,0.920938913654027,18,2024-02-12 21:00:00+00:00,18,4,3,1,1,0
031501090201,72,238.79177856445312,1.7919799226761124,25.0,0.89793863180584,16,2024-09-27 10:00:00+00:00,16,5,3,2,0,0
031501090202,1,67.91450500488281,1.5993004819239476,10.0,0.8112988183816918,4,2006-07-30 13:00:00+00:00,4,2,2,0,0,0
031501090202,3,89.90206146240234,1.511886856483149,10.0,0.7733300657111748,8,2023-03-27 13:00:00+00:00,8,4,2,0,0,0
031501090202,6,107.59919738769531,1.4814078057871949,10.0,0.7512032284085658,12,2024-03-09 04:00:00+00:00,12,5,3,0,0,0
031501090202,24,193.67205810546875,1.8387184304957827,50.0,0.9105744188891574,15,2024-02-12 21:00:00+00:00,15,4,3,1,1,0
031501090202,72,235.0675506591797,1.759435258068915,25.0,0.8769483804263594,13,2023-03-27 15:00:00+00:00,13,5,3,2,0,0
031501090203,1,79.63446807861328,1.8954486424837258,50.0,0.946219647845418,5,2023-05-11 03:00:00+00:00,5,2,2,2,1,0
031501090203,3,102.04336547851562,1.7370795757185091,25.0,0.8714042396098045,6,2023-05-11 03:00:00+00:00,6,5,2,1,0,0
031501090203,6,112.4483642578125,1.5654655160625377,10.0,0.7840038864856232,15,2024-03-09 04:00:00+00:00,15,7,2,0,0,0
031501090203,24,185.3896026611328,1.7687584833381795,25.0,0.8843763051491452,15,2024-02-12 21:00:00+00:00,15,5,3,1,0,0
031501090203,72,240.57139587402344,1.8133360091395199,50.0,0.9148950031779364,12,2024-09-27 10:00:00+00:00,12,6,3,3,1,0
031501090204,1,75.17557525634766,1.783032474723027,25.0,0.8958627094579494,4,2009-09-26 21:00:00+00:00,4,3,2,2,0,0
031501090204,3,86.14106750488281,1.4607422598820898,10.0,0.7387024993529121,9,2023-05-11 04:00:00+00:00,9,6,4,0,0,0
031501090204,6,106.64507293701172,1.4795559338320998,10.0,0.7449867298557101,15,2024-03-09 04:00:00+00:00,15,6,4,0,0,0
031501090204,24,192.92880249023438,1.838133296704181,50.0,0.9162360273050935,16,2024-02-12 21:00:00+00:00,16,5,3,1,1,0
031501090204,72,238.43084716796875,1.7938091055771117,25.0,0.9015042831792415,13,2023-03-27 14:00:00+00:00,13,5,4,2,0,0
031501090205,1,54.90591049194336,1.303891343331708,5.0,0.6502454191283799,3,2009-10-12 14:00:00+00:00,3,1,0,0,0,0
031501090205,3,71.8641357421875,1.2171779716256337,5.0,0.6097562447510705,9,2024-03-09 01:00:00+00:00,9,2,0,0,0,0
031501090205,6,117.83280944824219,1.6316847588551249,25.0,0.8148324880092143,11,2024-03-09 04:00:00+00:00,11,4,1,1,0,0
031501090205,24,187.71620178222656,1.7896592985490876,25.0,0.8880880092578803,13,2024-03-09 09:00:00+00:00,13,5,3,2,0,0
031501090205,72,245.70306396484375,1.8471729101865713,50.0,0.9231191672598276,9,2023-03-27 14:00:00+00:00,9,4,3,2,1,0
031501090301,1,51.061058044433594,1.2458403925091703,5.0,0.5932050351450717,3,2021-06-29 08:00:00+00:00,3,1,0,0,0,0
031501090301,3,90.5719985961914,1.5886700974139265,10.0,0.7494007480386821,5,2021-06-29 10:00:00+00:00,5,2,2,0,0,0
031501090301,6,101.38081359863281,1.4513672954744463,10.0,0.6953816489326403,12,2024-03-09 04:00:00+00:00,12,4,2,0,0,0
031501090301,24,146.65838623046875,1.419626171871661,10.0,0.7174762772501497,17,2024-02-12 20:00:00+00:00,17,4,2,0,0,0
031501090301,72,201.1940155029297,1.5372884906396327,10.0,0.7876686154708102,11,2024-09-27 11:00:00+00:00,11,5,3,0,0,0
031501090302,1,65.55352020263672,1.5791666484360274,10.0,0.7680690558946608,4,2009-10-12 14:00:00+00:00,4,1,1,0,0,0
031501090302,3,78.35399627685547,1.351919412766132,5.0,0.6557171565782612,7,2023-03-26 13:00:00+00:00,7,2,0,0,0,0
031501090302,6,125.70356750488281,1.7709378673557887,25.0,0.8660927920078327,11,2024-03-09 04:00:00+00:00,11,2,1,1,0,0
031501090302,24,178.7730255126953,1.7145839880722733,25.0,0.8637587774131382,17,2024-09-27 11:00:00+00:00,17,4,2,1,0,0
031501090302,72,215.16952514648438,1.6298949697777798,25.0,0.8306523080722101,10,2024-09-27 11:00:00+00:00,10,6,3,1,0,0
031501090303,1,58.776546478271484,1.4200636188257514,10.0,0.6857439100002447,4,2023-03-27 03:00:00+00:00,4,1,1,0,0,0
031501090303,3,82.56640625,1.4284094844232738,10.0,0.6859924156248668,7,2017-08-11 02:00:00+00:00,7,2,1,0,0,0
031501090303,6,126.38661193847656,1.7845573078882684,25.0,0.8657097829735625,11,2024-03-09 04:00:00+00:00,11,2,1,1,0,0
031501090303,24,165.81936645507812,1.5932479704951663,10.0,0.8018800260347888,14,2024-02-12 20:00:00+00:00,14,5,3,0,0,0
031501090303,72,199.8164825439453,1.514890222693507,10.0,0.7712338613944781,12,2024-09-27 11:00:00+00:00,12,6,3,0,0,0
031501090304,1,66.78585815429688,1.600751825028826,10.0,0.7877505266839563,4,2009-10-12 14:00:00+00:00,4,2,1,0,0,0
031501090304,3,83.23760223388672,1.4289909984898261,10.0,0.7036306428690882,6,2023-03-26 13:00:00+00:00,6,2,1,0,0,0
031501090304,6,118.86074829101562,1.6674165528050922,25.0,0.8242877872030123,9,2024-03-09 04:00:00+00:00,9,2,2,1,0,0
031501090304,24,176.6498565673828,1.6901741766165381,25.0,0.8493302004742345,13,2024-02-12 21:00:00+00:00,13,6,3,1,0,0
031501090304,72,229.5482635498047,1.73612980843264,25.0,0.8821547056553344,10,2024-09-27 11:00:00+00:00,10,5,3,1,0,0
031501090305,1,46.979244232177734,1.121612841083184,2.0,0.5514439198013344,2,2009-10-12 14:00:00+00:00,2,0,0,0,0,0
031501090305,3,76.69606018066406,1.3057745896183965,5.0,0.6410767528583459,7,2024-09-15 01:00:00+00:00,7,2,0,0,0,0
031501090305,6,117.90567779541016,1.6391305016533289,25.0,0.8054697393734007,12,2024-03-09 04:00:00+00:00,12,2,2,1,0,0
031501090305,24,179.2493438720703,1.7111694087368647,25.0,0.8491505172476217,13,2025-02-13 08:00:00+00:00,13,5,3,2,0,0
031501090305,72,225.43289184570312,1.6962811343571398,25.0,0.8485682589926211,10,2023-03-27 14:00:00+00:00,10,4,4,1,0,0
031501090306,1,62.41004180908203,1.4735679322602482,10.0,0.7425130362421298,3,2006-07-30 13:00:00+00:00,3,1,1,0,0,0
031501090306,3,90.2911605834961,1.5205948297106688,10.0,0.7717302044453591,5,2019-06-07 09:00:00+00:00,5,2,2,0,0,0
031501090306,6,103.68717193603516,1.4287827261120685,10.0,0.719919491885602,13,2024-03-09 04:00:00+00:00,13,5,2,0,0,0
031501090306,24,193.90936279296875,1.8440600305724173,50.0,0.9108001881492634,12,2024-02-12 21:00:00+00:00,12,5,2,1,1,0
031501090306,72,251.8184356689453,1.8870433244908706,50.0,0.9374253369100183,12,2023-03-27 15:00:00+00:00,12,5,3,2,1,0
031501090307,1,44.00981140136719,1.0505933313405365,2.0,0.5111929155068684,1,2014-04-07 11:00:00+00:00,1,0,0,0,0,0
031501090307,3,75.79698944091797,1.28858475112655,5.0,0.6216708426516515,12,2025-04-06 18:00:00+00:00,12,2,0,0,0,0
031501090307,6,103.41202545166016,1.4340576529062197,10.0,0.6914612871912039,16,2025-04-06 21:00:00+00:00,16,5,2,0,0,0
031501090307,24,178.66664123535156,1.7028098753749934,25.0,0.8302223403389344,16,2025-04-07 14:00:00+00:00,16,5,4,1,0,0
031501090307,72,210.37911987304688,1.5764116434306494,10.0,0.7732138480200824,12,2023-03-27 13:00:00+00:00,12,5,3,0,0,0
031501090308,3,73.93685150146484,1.2586616025071613,5.0,0.609190148257996,7,2022-04-05 17:00:00+00:00,7,1,0,0,0,0
031501090308,6,101.57687377929688,1.410564670882401,10.0,0.6828196066019653,14,2025-04-06 21:00:00+00:00,14,5,1,0,0,0
031501090308,24,178.423828125,1.7017205195475826,25.0,0.8341334458955402,15,2025-04-07 14:00:00+00:00,15,5,3,1,0,0
031501090308,72,210.75674438476562,1.581893969295882,10.0,0.7807733244801326,11,2023-03-27 14:00:00+00:00,11,4,3,0,0,0
031501090309,1,45.25600814819336,1.0728197578873633,2.0,0.5342759354264144,2,2009-10-12 14:00:00+00:00,2,0,0,0,0,0
031501090309,3,73.50043487548828,1.2413675101249906,5.0,0.6202506405218481,6,2020-04-19 15:00:00+00:00,6,2,0,0,0,0
031501090309,6,91.48426818847656,1.263576743209683,5.0,0.6277802869744453,11,2024-03-09 04:00:00+00:00,11,3,0,0,0,0
031501090309,24,189.22811889648438,1.8064062004076236,25.0,0.8846512449944176,13,2025-02-13 08:00:00+00:00,13,5,2,1,0,0
031501090309,72,231.6886444091797,1.7394751206965655,25.0,0.855685859743938,10,2023-03-27 14:00:00+00:00,10,5,3,2,0,0
031501090401,1,54.879947662353516,1.3153421924300266,5.0,0.6277493200717897,2,2017-08-11 02:00:00+00:00,2,1,0,0,0,0
031501090401,3,75.20643615722656,1.2839607682336285,5.0,0.5996159326713377,14,2025-04-06 18:00:00+00:00,14,2,0,0,0,0
031501090401,6,117.40559387207031,1.6292518675432983,10.0,0.7616751896506015,18,2025-04-06 20:00:00+00:00,18,5,2,0,0,0
031501090401,24,175.05331420898438,1.654617283306734,10.0,0.7985742782013213,13,2025-04-07 13:00:00+00:00,13,6,4,0,0,0
031501090401,72,211.33010864257812,1.5729487968027078,10.0,0.7662215363863532,11,2023-03-27 13:00:00+00:00,11,6,4,0,0,0
031501090402,1,46.152610778808594,1.1020232807832266,2.0,0.5202630621373173,3,2025-03-16 03:00:00+00:00,3,0,0,0,0,0
031501090402,3,98.85586547851562,1.6804974138178124,10.0,0.7685966640904216,10,2025-05-26 08:00:00+00:00,10,2,1,0,0,0
031501090402,6,119.82046508789062,1.6548545800367578,10.0,0.7562144644480336,16,2025-03-16 06:00:00+00:00,16,7,2,0,0,0
031501090402,24,190.7831573486328,1.7939357592335843,25.0,0.8520908922967311,16,2025-04-07 12:00:00+00:00,16,5,3,1,0,0
031501090402,72,226.97860717773438,1.6791536765271586,25.0,0.8068519936396541,16,2025-03-16 06:00:00+00:00,16,6,3,1,0,0
031501090403,3,86.76730346679688,1.469665090206062,10.0,0.6854966210780624,7,2025-04-06 18:00:00+00:00,7,2,1,0,0,0
031501090403,6,108.21196746826172,1.4952246472864974,10.0,0.6946660393275451,13,2025-04-06 20:00:00+00:00,13,5,2,0,0,0
031501090403,24,164.12608337402344,1.5598820716359219,10.0,0.7364206417271674,17,2025-04-07 13:00:00+00:00,17,4,2,0,0,0
031501090403,72,205.62173461914062,1.526960694619145,10.0,0.724371221239301,14,2024-09-15 08:00:00+00:00,14,5,2,0,0,0
031501090404,3,72.87564086914062,1.2372887399671924,5.0,0.5868400445752083,8,2025-04-06 18:00:00+00:00,8,1,0,0,0,0
031501090404,6,109.74508666992188,1.5187974798318304,10.0,0.7189929654798993,14,2025-04-06 20:00:00+00:00,14,6,2,0,0,0
031501090404,24,173.093994140625,1.6444769481145916,10.0,0.7890955957828408,15,2025-04-07 13:00:00+00:00,15,5,3,0,0,0
031501090404,72,204.24172973632812,1.5212610411627958,10.0,0.7334082987023708,10,2023-03-27 13:00:00+00:00,10,4,3,0,0,0
031501090405,1,43.174495697021484,1.0235898438327733,2.0,0.4991631456394332,1,2008-10-08 17:00:00+00:00,1,0,0,0,0,0
031501090405,3,69.9520263671875,1.1801481515099588,2.0,0.5692080273252549,11,2025-04-06 18:00:00+00:00,11,0,0,0,0,0
031501090405,6,103.24581146240234,1.4245495158905748,10.0,0.6824211311894843,18,2025-04-06 20:00:00+00:00,18,3,1,0,0,0
031501090405,24,161.15577697753906,1.5392787570669986,10.0,0.730783339224725,15,2025-04-07 13:00:00+00:00,15,7,4,0,0,0
031501090405,72,189.14088439941406,1.4083706874514221,10.0,0.668815804092991,12,2024-09-15 09:00:00+00:00,12,4,2,0,0,0
031501090406,1,43.72277069091797,1.033225442678401,2.0,0.5087596142937705,2,2019-06-07 07:00:00+00:00,2,0,0,0,0,0
031501090406,3,83.55035400390625,1.4053212879289216,10.0,0.6871893216614819,12,2025-02-13 06:00:00+00:00,12,1,1,0,0,0
031501090406,6,106.2689208984375,1.4630887865994266,10.0,0.7083788283304219,13,2024-09-14 19:00:00+00:00,13,3,1,0,0,0
031501090406,24,167.7830047607422,1.6015145358027634,10.0,0.7593257318765304,15,2025-04-07 13:00:00+00:00,15,6,4,0,0,0
031501090406,72,207.71267700195312,1.5445987817836544,10.0,0.7319831109490946,12,2025-02-13 08:00:00+00:00,12,4,1,0,0,0
031501090501,1,56.17097091674805,1.313571488925693,5.0,0.6712849441937165,4,2021-05-04 00:00:00+00:00,4,2,0,0,0,0
031501090501,3,88.17680358886719,1.47097479172695,10.0,0.7584751595998754,4,2013-07-03 15:00:00+00:00,4,3,1,0,0,0
031501090501,6,94.59356689453125,1.2925653453730546,5.0,0.6579472831736897,12,2024-03-09 04:00:00+00:00,12,4,0,0,0,0
031501090501,24,191.65013122558594,1.8128470934625058,25.0,0.8899641699803663,12,2023-03-27 14:00:00+00:00,12,4,1,1,0,0
031501090501,72,235.44833374023438,1.7520824416041128,25.0,0.8641800477176038,15,2023-03-27 15:00:00+00:00,15,5,2,1,0,0
031501090502,1,46.27032470703125,1.0887993222488512,2.0,0.5507224689289231,2,2013-06-06 00:00:00+00:00,2,0,0,0,0,0
031501090502,3,86.65791320800781,1.4541577968171115,10.0,0.7411457376731349,11,2023-03-27 13:00:00+00:00,11,1,1,0,0,0
031501090502,6,107.27531433105469,1.4736879412613022,10.0,0.7431346270275,14,2024-03-09 04:00:00+00:00,14,1,1,0,0,0
031501090502,24,200.5601043701172,1.9062963395410908,50.0,0.932024895087575,15,2023-03-27 12:00:00+00:00,15,3,2,1,1,0
031501090502,72,253.44215393066406,1.8939464176487313,50.0,0.9294796444736169,14,2023-03-27 15:00:00+00:00,14,4,3,2,1,0
031501090503,1,45.397762298583984,1.0602016418777591,2.0,0.5419653836815062,1,2021-05-04 00:00:00+00:00,1,0,0,0,0,0
031501090503,3,64.29037475585938,1.0709235874027168,2.0,0.5518963750870856,4,2023-06-14 13:00:00+00:00,4,0,0,0,0,0
031501090503,6,87.2321548461914,1.190499101526374,2.0,0.6044345320183002,12,2024-03-09 04:00:00+00:00,12,0,0,0,0,0
031501090503,24,192.43618774414062,1.8204923445985786,25.0,0.8870674702952136,16,2025-04-07 14:00:00+00:00,16,3,1,1,0,0
031501090503,72,236.18240356445312,1.755096515988919,25.0,0.8583924511084139,15,2023-03-27 15:00:00+00:00,15,4,2,1,0,0
031501090504,1,44.838104248046875,1.0517001465886862,2.0,0.5322789881178203,1,2005-07-06 21:00:00+00:00,1,0,0,0,0,0
031501090504,3,81.67713165283203,1.3665988983658555,10.0,0.6951991321396671,9,2024-01-09 12:00:00+00:00,9,2,1,0,0,0
031501090504,6,112.59333038330078,1.5432425103687435,10.0,0.7731995582821181,11,2024-03-09 04:00:00+00:00,11,3,1,0,0,0
031501090504,24,194.06410217285156,1.8433255308559489,25.0,0.8860153269667763,15,2025-02-13 08:00:00+00:00,15,4,1,1,0,0
031501090504,72,230.5568084716797,1.7153011026972913,25.0,0.8257775149926483,16,2023-03-27 15:00:00+00:00,16,4,3,1,0,0
031501090601,1,56.99024200439453,1.326396184490387,5.0,0.6799765220241382,4,2004-08-10 14:00:00+00:00,4,1,0,0,0,0
031501090601,3,78.61624145507812,1.3056903620444738,5.0,0.6737992948158595,9,2023-06-14 13:00:00+00:00,9,4,0,0,0,0
031501090601,6,95.6637954711914,1.3023393689958649,5.0,0.6598111991914939,14,2024-03-09 04:00:00+00:00,14,5,0,0,0,0
031501090601,24,194.9582061767578,1.8412912567745678,25.0,0.8891839533007599,14,2025-04-07 14:00:00+00:00,14,2,1,1,0,0
031501090601,72,239.4766845703125,1.773913917525627,25.0,0.8589706810275323,16,2023-06-15 18:00:00+00:00,16,2,2,2,0,0
031501090602,1,46.2596321105957,1.0752360395465799,2.0,0.5501045750094359,2,2005-04-30 13:00:00+00:00,2,0,0,0,0,0
031501090602,3,82.49427795410156,1.3695947727295938,10.0,0.7032330134856357,10,2024-01-09 12:00:00+00:00,10,4,1,0,0,0
031501090602,6,97.91252899169922,1.3329494175305567,5.0,0.6697918380993578,9,2024-03-09 04:00:00+00:00,9,5,0,0,0,0
031501090602,24,189.16029357910156,1.7850831608500215,25.0,0.8506881401933833,15,2023-06-15 07:00:00+00:00,15,3,1,1,0,0
031501090602,72,227.9857635498047,1.683801086392916,25.0,0.8037078632977035,18,2023-06-15 18:00:00+00:00,18,4,2,1,0,0
031501090701,1,47.02162551879883,1.0972340987575702,2.0,0.5483597585972313,2,2025-02-13 04:00:00+00:00,2,0,0,0,0,0
031501090701,3,74.68092346191406,1.2463290865217713,5.0,0.6146337588723122,9,2025-02-13 06:00:00+00:00,9,1,0,0,0,0
031501090701,6,104.95693969726562,1.4360331420537649,10.0,0.692152949394693,14,2025-02-13 08:00:00+00:00,14,4,1,0,0,0
031501090701,24,174.971435546875,1.6532936663657103,10.0,0.7644783652618945,13,2025-04-07 13:00:00+00:00,13,7,3,0,0,0
031501090701,72,205.52215576171875,1.5091424242710558,10.0,0.6979450929106679,12,2025-02-13 08:00:00+00:00,12,5,3,0,0,0
031501090702,1,43.21622085571289,1.00297032579282,2.0,0.5041972518089829,1,2016-11-29 08:00:00+00:00,1,0,0,0,0,0
031501090702,3,74.12775421142578,1.2319862132600035,5.0,0.6106587483405231,8,2025-02-13 06:00:00+00:00,8,1,0,0,0,0
031501090702,6,102.88078308105469,1.4023726375908405,10.0,0.6771333141958562,14,2025-02-13 08:00:00+00:00,14,1,1,0,0,0
031501090702,24,182.3990478515625,1.7160030737083722,25.0,0.7911896381611511,13,2025-04-07 13:00:00+00:00,13,8,3,1,0,0
031501090702,72,215.54873657226562,1.577900682577347,10.0,0.7281337769688216,11,2025-02-13 09:00:00+00:00,11,4,3,0,0,0
031501090703,1,56.09846115112305,1.295954660454013,5.0,0.6546810587764609,1,2016-11-29 08:00:00+00:00,1,1,0,0,0,0
031501090703,3,73.12934875488281,1.2113109893220542,5.0,0.6022661263510425,11,2025-02-13 06:00:00+00:00,11,1,0,0,0,0
031501090703,6,101.92727661132812,1.385403325838602,10.0,0.668840399735202,14,2025-02-13 09:00:00+00:00,14,1,1,0,0,0
031501090703,24,189.6220245361328,1.7785025887190464,25.0,0.817168808222895,13,2025-04-07 13:00:00+00:00,13,6,1,1,0,0
031501090703,72,228.75662231445312,1.6706549660494425,10.0,0.7686646359045651,11,2023-03-27 14:00:00+00:00,11,4,3,0,0,0
031501090704,1,47.06077194213867,1.0875866201307969,2.0,0.5545462300728462,1,2005-04-30 13:00:00+00:00,1,0,0,0,0,0
031501090704,3,91.91299438476562,1.5201848184647986,10.0,0.7703505974228227,12,2024-09-14 16:00:00+00:00,12,3,1,0,0,0
031501090704,6,112.75971984863281,1.5301113405412745,10.0,0.7546165740481993,14,2024-09-14 18:00:00+00:00,14,4,1,0,0,0
031501090704,24,186.30459594726562,1.7489159113129187,25.0,0.8164262329023344,13,2025-04-07 13:00:00+00:00,13,6,1,1,0,0
031501090704,72,227.48348999023438,1.6657049860366142,10.0,0.7785238167198701,15,2023-03-27 14:00:00+00:00,15,3,3,0,0,0
031501090801,1,58.945213317871094,1.4002739151010413,5.0,0.6874686791082172,1,2019-06-07 07:00:00+00:00,1,1,0,0,0,0
031501090801,3,92.51310729980469,1.5643806880607978,10.0,0.7646846956152226,10,2025-04-06 18:00:00+00:00,10,2,1,0,0,0
031501090801,6,110.40309143066406,1.5253611208573064,10.0,0.7424254101808355,16,2025-04-06 21:00:00+00:00,16,5,2,0,0,0
031501090801,24,179.35635375976562,1.711552944224897,25.0,0.828329632154439,16,2025-04-07 13:00:00+00:00,16,4,4,1,0,0
031501090801,72,209.6124267578125,1.568586351163489,10.0,0.7614453010442953,15,2025-02-13 08:00:00+00:00,15,3,2,0,0,0
031501090802,1,53.18614196777344,1.2558901285910795,5.0,0.6256462868696139,1,2019-06-07 07:00:00+00:00,1,1,0,0,0,0
031501090802,3,86.04910278320312,1.446880339546374,10.0,0.721618840943357,8,2025-02-13 06:00:00+00:00,8,2,1,0,0,0
031501090802,6,104.1375961303711,1.433266179929452,10.0,0.7075269010812596,13,2025-02-13 08:00:00+00:00,13,4,2,0,0,0
031501090802,24,163.4394989013672,1.5593417641489036,10.0,0.7484478717787685,15,2025-04-07 13:00:00+00:00,15,5,2,0,0,0
031501090802,72,208.98187255859375,1.5590223844271005,10.0,0.74876402557712,13,2025-02-13 09:00:00+00:00,13,3,2,0,0,0
031501090803,1,43.00836181640625,1.0093532687502833,2.0,0.5025097382263438,1,2025-02-13 04:00:00+00:00,1,0,0,0,0,0
031501090803,3,76.95755004882812,1.288626592479895,5.0,0.636073808523756,10,2025-02-13 06:00:00+00:00,10,3,0,0,0,0
031501090803,6,110.24702453613281,1.5127699402643253,10.0,0.7335474968219058,14,2025-02-13 08:00:00+00:00,14,3,1,0,0,0
031501090803,24,162.2567596435547,1.5413185438533512,10.0,0.7204360409153513,18,2025-04-07 13:00:00+00:00,18,6,4,0,0,0
031501090803,72,190.2966766357422,1.4050758200821394,5.0,0.6563283794104212,12,2025-02-13 08:00:00+00:00,12,5,0,0,0,0
031501090804,1,44.926795959472656,1.0538477346307809,2.0,0.5311548975115928,1,2005-07-06 22:00:00+00:00,1,0,0,0,0,0
031501090804,3,89.55522918701172,1.4981864474750715,10.0,0.756825890075873,7,2025-02-13 06:00:00+00:00,7,1,1,0,0,0
031501090804,6,126.33318328857422,1.7315204514716642,25.0,0.8605573838700523,7,2025-02-13 09:00:00+00:00,7,2,2,1,0,0
031501090804,24,172.84275817871094,1.6418312784289744,10.0,0.7818702579546198,15,2025-04-07 14:00:00+00:00,15,6,3,0,0,0
031501090804,72,218.15338134765625,1.6185549537236301,10.0,0.771009935060033,15,2025-02-13 10:00:00+00:00,15,3,3,0,0,0
031501090805,1,44.0086555480957,1.0199768707335715,2.0,0.5203312081146841,1,2005-04-30 13:00:00+00:00,1,0,0,0,0,0
031501090805,3,90.02516174316406,1.4916156330772212,10.0,0.7595811807455899,12,2024-09-14 16:00:00+00:00,12,2,1,0,0,0
031501090805,6,107.22486877441406,1.4572015630884663,10.0,0.7240100151350823,12,2024-09-14 18:00:00+00:00,12,4,1,0,0,0
031501090805,24,183.25926208496094,1.7245753235002188,25.0,0.8112785540015154,14,2024-05-10 10:00:00+00:00,14,6,1,1,0,0
031501090805,72,218.67001342773438,1.606547286184257,10.0,0.7565105777179587,17,2023-03-27 14:00:00+00:00,17,3,3,0,0,0
031501100101,1,43.426082611083984,1.0093132486781493,2.0,0.5186207629889572,1,2025-04-06 19:00:00+00:00,1,0,0,0,0,0
031501100101,3,79.86778259277344,1.3245248407454722,5.0,0.6847958037126775,7,2025-04-06 20:00:00+00:00,7,2,0,0,0,0
031501100101,6,96.90229797363281,1.317578281615765,5.0,0.6693386206760081,10,2024-03-09 04:00:00+00:00,10,5,0,0,0,0
031501100101,24,177.09664916992188,1.6726112670910112,25.0,0.8122903912024724,15,2025-04-07 14:00:00+00:00,15,6,1,1,0,0
031501100101,72,241.61737060546875,1.7899874176897412,25.0,0.8730777441133785,13,2025-04-07 22:00:00+00:00,13,4,3,3,0,0
031501100102,1,47.79788589477539,1.1107766411837183,2.0,0.5706141007772514,1,2025-04-06 19:00:00+00:00,1,0,0,0,0,0
031501100102,3,75.32759094238281,1.2507954519734972,5.0,0.6449611258991779,8,2025-04-06 20:00:00+00:00,8,1,0,0,0,0
031501100102,6,96.92837524414062,1.3206712582312636,5.0,0.6683582587160285,14,2025-04-07 00:00:00+00:00,14,2,0,0,0,0
031501100102,24,168.705078125,1.598008989946333,10.0,0.7736370934299199,20,2025-04-07 14:00:00+00:00,20,7,2,0,0,0
031501100102,72,258.7366027832031,1.921368784680454,50.0,0.9362081268892681,14,2025-04-07 22:00:00+00:00,14,5,3,2,2,0
031501100103,1,45.182708740234375,1.0453866563130243,2.0,0.5375292206555208,3,2025-04-06 19:00:00+00:00,3,0,0,0,0,0
031501100103,3,73.66790008544922,1.2181352627064101,5.0,0.6269649442579436,5,2025-04-06 20:00:00+00:00,5,2,0,0,0,0
031501100103,6,103.05503845214844,1.3982623601505482,10.0,0.7042611096821892,12,2025-04-06 23:00:00+00:00,12,4,1,0,0,0
031501100103,24,186.3428497314453,1.7552266625679898,25.0,0.8410212087169257,14,2025-04-07 14:00:00+00:00,14,6,2,1,0,0
031501100103,72,243.9569854736328,1.797719505771821,25.0,0.8631587667335835,12,2025-04-07 22:00:00+00:00,12,4,4,3,0,0
031501100104,1,50.03929138183594,1.154301127744389,2.0,0.5948010624352891,1,2002-12-24 11:00:00+00:00,1,0,0,0,0,0
031501100104,3,71.25228118896484,1.1763764149500975,2.0,0.6051945452348128,8,2025-04-06 20:00:00+00:00,8,0,0,0,0,0
031501100104,6,105.16716003417969,1.4255050700740395,10.0,0.7146296935632347,8,2024-03-09 04:00:00+00:00,8,3,1,0,0,0
031501100104,24,195.58494567871094,1.836873727123493,25.0,0.8705994128226311,11,2025-04-07 14:00:00+00:00,11,5,1,1,0,0
031501100104,72,242.85728454589844,1.7814736121735333,25.0,0.8450422255755523,10,2017-01-03 23:00:00+00:00,10,3,3,2,0,0
031501100201,1,55.163795471191406,1.2724987373996586,5.0,0.6514344853124834,4,2022-02-04 05:00:00+00:00,4,2,0,0,0,0
031501100201,3,107.14105224609375,1.7721518641553677,25.0,0.899965360437837,11,2024-02-12 10:00:00+00:00,11,5,3,1,0,0
031501100201,6,161.68557739257812,2.20010714004371,100.0,1.0881953875953931,16,2024-09-25 23:00:00+00:00,16,7,3,2,2,1
031501100201,24,228.7540283203125,2.1713587346836576,100.0,1.0214260119311434,23,2025-04-07 18:00:00+00:00,23,12,4,2,1,1
031501100201,72,259.5968322753906,1.9276378788170163,50.0,0.9154811178897201,21,2025-04-07 22:00:00+00:00,21,10,6,2,1,0
031501100202,1,48.481937408447266,1.1223568137235556,2.0,0.5753656678232161,2,2013-08-15 09:00:00+00:00,2,0,0,0,0,0
031501100202,3,96.00413513183594,1.5909167509845095,25.0,0.8132102246352885,11,2025-04-06 21:00:00+00:00,11,3,2,1,0,0
031501100202,6,130.70272827148438,1.779876780293871,25.0,0.8892645796666943,16,2025-04-07 00:00:00+00:00,16,6,3,1,0,0
031501100202,24,168.03866577148438,1.5947742381239693,10.0,0.7598983201806956,24,2025-04-07 18:00:00+00:00,24,12,6,0,0,0
031501100202,72,259.2857360839844,1.92534329125308,50.0,0.9250191325115441,19,2025-04-07 22:00:00+00:00,19,7,4,2,1,0
031501100203,1,52.65790557861328,1.20444083979613,5.0,0.6150746735517636,4,2025-04-06 20:00:00+00:00,4,1,0,0,0,0
031501100203,3,97.49072265625,1.6101716251732339,25.0,0.8058614283820194,8,2024-02-12 00:00:00+00:00,8,5,5,1,0,0
031501100203,6,176.03831481933594,2.399566163711137,200.0,1.1585439687576948,14,2024-02-12 02:00:00+00:00,14,9,6,2,1,1
031501100203,24,203.58163452148438,1.9346414633736018,25.0,0.881753944239475,21,2025-04-07 18:00:00+00:00,21,10,5,3,0,0
031501100203,72,277.1585693359375,2.0670992436347704,50.0,0.9557197423263571,21,2025-04-07 22:00:00+00:00,21,10,7,1,1,0
031501100204,3,117.70260620117188,1.9395615488236082,50.0,0.9741841310702585,12,2025-04-06 21:00:00+00:00,12,6,3,1,1,0
031501100204,6,176.241943359375,2.391346794605904,200.0,1.1663465413542866,15,2024-03-09 05:00:00+00:00,15,10,4,1,1,1
031501100204,24,221.09591674804688,2.0886981118139683,50.0,0.9700610156490919,21,2025-04-07 18:00:00+00:00,21,13,4,2,1,0
031501100204,72,270.8678283691406,2.000267749480396,50.0,0.9354744454203568,19,2025-04-07 22:00:00+00:00,19,7,6,2,1,0
031501100205,1,46.907291412353516,1.0676157376920377,2.0,0.5441064787994699,2,2024-02-12 00:00:00+00:00,2,0,0,0,0,0
031501100205,3,102.24137878417969,1.681084879603856,25.0,0.8344873149076424,8,2024-02-12 00:00:00+00:00,8,5,2,1,0,0
031501100205,6,180.2830810546875,2.445660702687328,200.0,1.1720568065267603,11,2024-02-12 02:00:00+00:00,11,8,4,1,1,1
031501100205,24,207.48193359375,1.9572823046196213,50.0,0.8909939904814282,20,2025-04-07 18:00:00+00:00,20,12,6,2,1,0
031501100205,72,280.3695983886719,2.0714660105755365,50.0,0.9520471683637772,17,2025-04-07 22:00:00+00:00,17,10,5,1,1,0
031501100301,1,52.986244201660156,1.2192242291430948,5.0,0.6249315750965198,3,2025-04-06 19:00:00+00:00,3,1,0,0,0,0
031501100301,3,118.08065795898438,1.9458779020505057,50.0,0.9889498767354705,11,2025-04-06 21:00:00+00:00,11,1,1,1,1,0
031501100301,6,130.5486602783203,1.767973242656029,25.0,0.8769344022076594,17,2024-03-09 05:00:00+00:00,17,6,1,1,0,0
031501100301,24,175.08204650878906,1.6489115054168393,10.0,0.7802564954611616,22,2025-04-07 14:00:00+00:00,22,13,3,0,0,0
031501100301,72,272.6756591796875,2.004999372683839,50.0,0.9512554911310274,15,2025-04-07 22:00:00+00:00,15,4,4,3,2,0
031501100302,1,63.88345718383789,1.4622418280663012,10.0,0.7487986499013097,3,2023-06-21 23:00:00+00:00,3,1,1,0,0,0
031501100302,3,122.386474609375,2.0115947947469763,100.0,1.012864340210842,7,2025-04-06 20:00:00+00:00,7,1,1,1,1,1
031501100302,6,130.4323272705078,1.763742714908165,25.0,0.8634492614439272,12,2023-06-21 04:00:00+00:00,12,3,1,1,0,0
031501100302,24,179.77659606933594,1.687278600158771,10.0,0.7885234222001356,17,2025-04-07 14:00:00+00:00,17,12,3,0,0,0
031501100302,72,261.6018981933594,1.9153531712798142,50.0,0.8963539051974005,14,2024-02-13 00:00:00+00:00,14,4,4,3,1,0
031501100303,1,68.78010559082031,1.5796696238781058,10.0,0.8130661718491446,1,2015-12-24 16:00:00+00:00,1,1,1,0,0,0
031501100303,3,111.31422424316406,1.8326110295041338,50.0,0.9349967128275116,9,2025-04-06 20:00:00+00:00,9,1,1,1,1,0
031501100303,6,130.46202087402344,1.7652238549107744,25.0,0.8769859447400884,10,2023-06-21 04:00:00+00:00,10,4,3,1,0,0
031501100303,24,190.04824829101562,1.7826429811494626,25.0,0.8414255029559697,14,2025-04-07 14:00:00+00:00,14,7,3,1,0,0
031501100303,72,254.73077392578125,1.8635673199285894,25.0,0.8796097706245389,10,2017-01-03 23:00:00+00:00,10,4,4,4,0,0
031501100304,1,55.04100799560547,1.2573348074674933,5.0,0.6461966955301182,1,2015-12-24 16:00:00+00:00,1,1,0,0,0,0
031501100304,3,113.80043029785156,1.8666118479783487,50.0,0.9430946839866974,7,2025-04-06 20:00:00+00:00,7,2,1,1,1,0
031501100304,6,126.84896087646484,1.7113991264622441,25.0,0.8388059866615806,9,2017-05-21 07:00:00+00:00,9,4,2,1,0,0
031501100304,24,192.21749877929688,1.7968073945025307,25.0,0.8376904532927877,16,2025-04-07 14:00:00+00:00,16,8,4,1,0,0
031501100304,72,265.56976318359375,1.9356051576470907,50.0,0.9026923694908789,14,2025-04-07 21:00:00+00:00,14,4,4,3,1,0
031501100401,1,49.441307067871094,1.1449368423630841,2.0,0.5882068894909405,4,2013-08-14 19:00:00+00:00,4,0,0,0,0,0
031501100401,3,88.15215301513672,1.4593354765498332,10.0,0.7509853504033169,9,2023-06-14 13:00:00+00:00,9,3,1,0,0,0
031501100401,6,105.89946746826172,1.438234407472197,10.0,0.7227301203888828,10,2024-03-09 04:00:00+00:00,10,4,1,0,0,0
031501100401,24,191.2383270263672,1.8001736023926784,25.0,0.8562072558417324,13,2025-04-07 14:00:00+00:00,13,4,1,1,0,0
031501100401,72,233.16514587402344,1.7168665797789904,25.0,0.8179165922438654,15,2023-06-15 18:00:00+00:00,15,3,2,1,0,0
031501100402,1,50.41630935668945,1.160272277641021,2.0,0.591438665387674,2,2005-04-30 13:00:00+00:00,2,0,0,0,0,0
031501100402,3,72.92138671875,1.2035744134202326,5.0,0.6050188876037224,11,2024-01-09 12:00:00+00:00,11,2,0,0,0,0
031501100402,6,96.56188201904297,1.3086124504054706,5.0,0.6374440486723322,13,2024-03-09 04:00:00+00:00,13,4,0,0,0,0
031501100402,24,194.90853881835938,1.8249527960582008,25.0,0.8418727801795678,10,2025-04-07 14:00:00+00:00,10,5,2,1,0,0
031501100402,72,245.31546020507812,1.790120260036822,25.0,0.8268914730283161,13,2020-03-05 13:00:00+00:00,13,3,3,1,0,0
031501100403,1,58.61977767944336,1.3442580246243825,5.0,0.6932405327327389,1,2002-12-24 11:00:00+00:00,1,1,0,0,0,0
031501100403,3,79.32813262939453,1.3042124635263126,5.0,0.6664188784902282,5,2025-04-06 20:00:00+00:00,5,1,0,0,0,0
031501100403,6,107.92452239990234,1.4581464131354498,10.0,0.7231330151394381,9,2019-04-19 08:00:00+00:00,9,3,2,0,0,0
031501100403,24,204.7460479736328,1.9152803097316267,50.0,0.8975240889578555,14,2025-04-07 14:00:00+00:00,14,6,2,1,1,0
031501100403,72,254.74745178222656,1.8579048546921892,25.0,0.870696158278824,15,2025-04-08 00:00:00+00:00,15,4,3,3,0,0
031501100404,1,48.17778778076172,1.1002652267847102,2.0,0.563687255905411,3,2025-04-06 18:00:00+00:00,3,0,0,0,0,0
031501100404,3,71.54981994628906,1.1734892437871307,2.0,0.5890903660485396,5,2025-04-06 20:00:00+00:00,5,0,0,0,0,0
031501100404,6,97.5261001586914,1.31498404989232,5.0,0.6374301470852319,12,2024-03-09 04:00:00+00:00,12,1,0,0,0,0
031501100404,24,202.25265502929688,1.8867111593544856,25.0,0.8663522607315748,14,2025-04-07 14:00:00+00:00,14,4,2,1,0,0
031501100404,72,267.3612060546875,1.9450380891032257,50.0,0.8945803854674205,13,2025-04-08 01:00:00+00:00,13,3,3,3,1,0
031501100405,1,47.53140640258789,1.0836795078482957,2.0,0.5529169073849489,3,2025-04-06 18:00:00+00:00,3,0,0,0,0,0
031501100405,3,75.51931762695312,1.2376310852770904,5.0,0.6149542455520256,5,2025-04-06 19:00:00+00:00,5,1,0,0,0,0
031501100405,6,92.8292007446289,1.2510583170285765,5.0,0.5989232668263795,12,2025-04-06 22:00:00+00:00,12,2,0,0,0,0
031501100405,24,200.03009033203125,1.86521572516975,25.0,0.8480727437125248,16,2025-04-07 14:00:00+00:00,16,5,2,1,0,0
031501100405,72,266.4506530761719,1.939181516758715,25.0,0.8839132097128235,12,2025-04-08 01:00:00+00:00,12,3,3,3,0,0
031501100406,1,52.93669891357422,1.209714643781012,5.0,0.6216383331909823,1,2002-12-24 11:00:00+00:00,1,1,0,0,0,0
031501100406,3,72.52267456054688,1.189420119824492,5.0,0.6012464601422245,4,2025-04-06 20:00:00+00:00,4,1,0,0,0,0
031501100406,6,100.05125427246094,1.349005163298509,5.0,0.659989371084791,12,2025-04-06 23:00:00+00:00,12,2,0,0,0,0
031501100406,24,199.69505310058594,1.863974130378311,25.0,0.8638777262362686,13,2025-04-07 14:00:00+00:00,13,5,2,1,0,0
031501100406,72,264.4393310546875,1.9250521509412493,50.0,0.8932474518002109,15,2025-04-08 00:00:00+00:00,15,3,3,3,1,0
031501100501,1,52.393089294433594,1.1899342657636387,2.0,0.6056911237762884,3,2024-07-21 23:00:00+00:00,3,0,0,0,0,0
031501100501,3,117.3253173828125,1.9225813608814148,50.0,0.9491122614595414,10,2025-04-06 21:00:00+00:00,10,6,3,2,1,0
031501100501,6,181.33432006835938,2.4497966498214936,200.0,1.169282864078566,10,2024-03-09 05:00:00+00:00,10,8,2,2,1,1
031501100501,24,208.99188232421875,1.9591755469701997,50.0,0.894824343170676,19,2025-04-07 18:00:00+00:00,19,11,4,2,1,0
031501100501,72,266.5025939941406,1.9517267738831918,50.0,0.8957094243607433,20,2025-04-07 22:00:00+00:00,20,9,5,1,1,0
031501100502,1,56.696964263916016,1.2797223869344538,5.0,0.6497381797258843,2,2020-04-13 06:00:00+00:00,2,1,0,0,0,0
031501100502,3,95.63093566894531,1.5641287596442544,10.0,0.7647698777248719,9,2024-05-10 04:00:00+00:00,9,5,2,0,0,0
031501100502,6,170.27127075195312,2.300150286361384,100.0,1.0817133380776929,10,2024-02-12 02:00:00+00:00,10,5,3,1,1,1
031501100502,24,197.21498107910156,1.8493286547881111,25.0,0.8290393427312813,19,2025-04-07 18:00:00+00:00,19,10,5,1,0,0
031501100502,72,283.7569274902344,2.0843696424230016,50.0,0.9436142547632533,19,2024-02-13 00:00:00+00:00,19,10,6,1,1,0
031501100503,1,91.41914367675781,2.0743077671165127,100.0,1.0567911973081727,3,2023-06-21 23:00:00+00:00,3,1,1,1,1,1
031501100503,3,102.26652526855469,1.6721923456400034,25.0,0.8249180290549257,10,2025-04-06 21:00:00+00:00,10,6,3,1,0,0
031501100503,6,117.04776763916016,1.5769314928927933,10.0,0.7519610535744955,12,2024-02-12 13:00:00+00:00,12,6,4,0,0,0
031501100503,24,196.95196533203125,1.8389676204440673,25.0,0.841056608487961,17,2025-04-07 14:00:00+00:00,17,10,5,2,0,0
031501100503,72,270.6357116699219,1.971967078829904,50.0,0.9045804303402657,17,2025-04-07 22:00:00+00:00,17,8,6,3,1,0
031501100504,1,59.9766845703125,1.3576712148063403,5.0,0.6915522226836942,1,2015-12-24 15:00:00+00:00,1,1,0,0,0,0
031501100504,3,129.08372497558594,2.1044485351387148,100.0,1.034163557447594,11,2025-04-06 20:00:00+00:00,11,2,1,1,1,1
031501100504,6,138.73321533203125,1.86277127029841,25.0,0.8821539731314232,12,2025-04-06 23:00:00+00:00,12,4,2,1,0,0
031501100504,24,201.9889678955078,1.878681878458565,25.0,0.8530670514224885,14,2025-04-07 14:00:00+00:00,14,9,5,2,0,0
031501100504,72,283.14691162109375,2.0567169323939876,50.0,0.9376456289212399,18,2025-04-07 21:00:00+00:00,18,6,5,3,1,0
031501100601,1,47.80208969116211,1.068417599604174,2.0,0.5400984640657503,4,2022-02-04 03:00:00+00:00,4,0,0,0,0,0
031501100601,3,94.72421264648438,1.5387382144559392,10.0,0.7414009562689982,9,2023-06-22 00:00:00+00:00,9,4,1,0,0,0
031501100601,6,144.52735900878906,1.9417540985984958,50.0,0.8951667485553393,10,2023-06-22 01:00:00+00:00,10,7,5,2,1,0
031501100601,24,181.36138916015625,1.6917988749593018,10.0,0.7433022956297323,20,2025-04-07 15:00:00+00:00,20,8,5,0,0,0
031501100601,72,277.25537109375,2.0295543613751224,50.0,0.9040508194918881,19,2022-02-04 21:00:00+00:00,19,9,5,1,1,0
031501100602,1,55.27338409423828,1.237852206716669,5.0,0.623966089649647,5,2023-06-21 23:00:00+00:00,5,1,0,0,0,0
031501100602,3,102.434326171875,1.6636165731474768,25.0,0.7973374619688417,8,2024-02-12 00:00:00+00:00,8,5,2,1,0,0
031501100602,6,170.38223266601562,2.2862465386821063,100.0,1.0511167806094321,12,2023-06-22 01:00:00+00:00,12,6,4,2,1,1
031501100602,24,193.2554168701172,1.798003916676508,25.0,0.7945194718190655,19,2025-04-07 18:00:00+00:00,19,9,5,1,0,0
031501100602,72,272.4263610839844,1.984522987603544,50.0,0.8859664523781293,17,2024-02-12 21:00:00+00:00,17,9,6,1,1,0
031501100603,1,52.76895523071289,1.188492388670209,2.0,0.5998771270815912,6,2023-06-21 23:00:00+00:00,6,0,0,0,0,0
031501100603,3,105.4560546875,1.7168521737427145,25.0,0.8261292045292035,10,2025-04-06 21:00:00+00:00,10,7,3,1,0,0
031501100603,6,156.35244750976562,2.099898457229175,50.0,0.9719363488651843,13,2025-04-07 00:00:00+00:00,13,4,3,2,1,0
031501100603,24,207.9517059326172,1.9341226499763835,25.0,0.8644858841734467,16,2025-04-07 18:00:00+00:00,16,8,6,2,0,0
031501100603,72,273.1090087890625,1.9846348480003562,50.0,0.892879770374258,17,2025-04-07 22:00:00+00:00,17,10,6,3,1,0
031501100604,1,54.37038040161133,1.2261079713051402,5.0,0.6207867414685223,2,2025-04-06 19:00:00+00:00,2,1,0,0,0,0
031501100604,3,111.86677551269531,1.8194808168675138,25.0,0.8801351627400211,10,2025-04-06 20:00:00+00:00,10,4,2,1,0,0
031501100604,6,123.57479095458984,1.6562612972466488,10.0,0.7694762656561972,11,2025-04-06 23:00:00+00:00,11,5,2,0,0,0
031501100604,24,213.171630859375,1.9791642485878567,25.0,0.8851683179439395,15,2025-04-07 14:00:00+00:00,15,9,3,2,0,0
031501100604,72,274.0823059082031,1.9900985541553184,50.0,0.8958050824429844,15,2025-04-07 21:00:00+00:00,15,8,5,2,1,0
031501100701,1,58.18354797363281,1.285523327375868,5.0,0.6404947570302697,5,2022-02-04 03:00:00+00:00,5,1,0,0,0,0
031501100701,3,98.00453186035156,1.5726416464075268,10.0,0.7316243336985558,10,2022-02-04 04:00:00+00:00,10,4,1,0,0,0
031501100701,6,139.75917053222656,1.854804955404603,25.0,0.8228735741746813,13,2022-02-04 06:00:00+00:00,13,7,3,2,0,0
031501100701,24,186.85765075683594,1.7201059646197625,10.0,0.7390082109325282,16,2024-02-12 17:00:00+00:00,16,8,7,0,0,0
031501100701,72,271.35186767578125,1.9594424365094212,25.0,0.8546298529142334,18,2022-02-04 21:00:00+00:00,18,9,5,4,0,0
031501100702,1,48.1809196472168,1.0587684917037514,2.0,0.5250452763150268,1,1987-11-17 12:00:00+00:00,1,0,0,0,0,0
031501100702,3,87.05479431152344,1.3889599471377962,5.0,0.6382451321236863,6,2022-02-04 04:00:00+00:00,6,2,0,0,0,0
031501100702,6,133.12518310546875,1.7569105510260972,25.0,0.7679312140226129,14,2024-03-09 06:00:00+00:00,14,4,2,1,0,0
031501100702,24,188.50238037109375,1.7253804076773984,10.0,0.7325534739093946,15,2025-04-07 18:00:00+00:00,15,7,6,0,0,0
031501100702,72,265.96868896484375,1.9110632833892496,25.0,0.8247730088415064,16,2022-02-04 21:00:00+00:00,16,9,5,3,0,0
031501100703,1,48.76616287231445,1.087096267195342,2.0,0.5462799273855894,1,2005-03-27 08:00:00+00:00,1,0,0,0,0,0
031501100703,3,99.55598449707031,1.6104705870479479,10.0,0.7647940908151742,5,2022-02-04 05:00:00+00:00,5,3,1,0,0,0
031501100703,6,136.03155517578125,1.8187782811009259,25.0,0.8260316339503251,11,2022-02-04 06:00:00+00:00,11,5,4,2,0,0
031501100703,24,186.30760192871094,1.7276311883600723,10.0,0.7548366758388221,18,2025-04-07 15:00:00+00:00,18,9,5,0,0,0
031501100703,72,270.4371337890625,1.965606914982747,25.0,0.869741575348005,17,2024-02-13 00:00:00+00:00,17,9,5,2,0,0
031501100704,1,59.623008728027344,1.3384041761934191,5.0,0.6732053287091642,6,2025-04-06 19:00:00+00:00,6,1,0,0,0,0
031501100704,3,112.31499481201172,1.821725762291992,25.0,0.8667733240397534,12,2025-06-08 13:00:00+00:00,12,5,5,2,0,0
031501100704,6,130.0493927001953,1.7397327366156636,25.0,0.7930263950365019,12,2024-03-09 05:00:00+00:00,12,9,3,1,0,0
031501100704,24,219.7133026123047,2.03595644588598,50.0,0.8978152766810829,16,2025-04-07 14:00:00+00:00,16,8,3,3,2,0
031501100704,72,258.4180908203125,1.8742387912848246,25.0,0.833682693863132,17,2025-04-07 21:00:00+00:00,17,11,6,2,0,0
031501100801,1,58.63064193725586,1.2997129755197947,5.0,0.6463376046812488,4,2025-08-03 02:00:00+00:00,4,2,0,0,0,0
031501100801,3,96.8053207397461,1.554758797132064,10.0,0.717790419276006,9,2025-08-03 03:00:00+00:00,9,4,3,0,0,0
031501100801,6,135.81375122070312,1.8020878267957265,25.0,0.7915323198805175,12,2025-04-07 00:00:00+00:00,12,4,3,2,0,0
031501100801,24,209.8638153076172,1.9315340592568335,25.0,0.8241835280460877,15,2025-04-07 14:00:00+00:00,15,9,5,2,0,0
031501100801,72,256.0708923339844,1.851170212358764,25.0,0.8006758179474508,17,2025-04-07 21:00:00+00:00,17,12,5,1,0,0
031501100802,1,49.111236572265625,1.081840641882393,2.0,0.5360628968299523,1,1987-11-17 12:00:00+00:00,1,0,0,0,0,0
031501100802,3,88.07670593261719,1.4073267448882127,5.0,0.6446123796445804,7,2022-02-04 06:00:00+00:00,7,2,0,0,0,0
031501100802,6,145.176025390625,1.917944676052738,25.0,0.8349419030257131,11,2024-03-09 05:00:00+00:00,11,3,2,1,0,0
031501100802,24,198.8434600830078,1.8219509619857581,25.0,0.7714563064371626,13,2025-04-07 18:00:00+00:00,13,8,3,2,0,0
031501100802,72,264.9960632324219,1.9069749352446095,25.0,0.819924478278048,15,2024-02-12 21:00:00+00:00,15,8,6,2,0,0
031501100803,1,59.102088928222656,1.3146021476714922,5.0,0.6560595046408493,3,2025-04-06 19:00:00+00:00,3,2,0,0,0,0
031501100803,3,100.04127502441406,1.6104758000013313,10.0,0.7489586602520784,9,2025-06-08 13:00:00+00:00,9,5,3,0,0,0
031501100803,6,127.73125457763672,1.6978056618237505,10.0,0.7508780839993785,11,2025-04-07 00:00:00+00:00,11,4,2,0,0,0
031501100803,24,212.38479614257812,1.9592861172182072,25.0,0.8383382932621438,13,2025-04-07 14:00:00+00:00,13,6,4,3,0,0
031501100803,72,254.9957275390625,1.8492559287672727,25.0,0.8012784715606966,18,2025-04-07 21:00:00+00:00,18,10,5,1,0,0
031501100804,1,69.77272033691406,1.567504378120295,10.0,0.7897958912546874,3,2025-04-06 19:00:00+00:00,3,1,1,0,0,0
031501100804,3,112.68031311035156,1.8271865068998272,25.0,0.8717087192561901,11,2025-04-06 20:00:00+00:00,11,5,1,1,0,0
031501100804,6,115.84967041015625,1.548585631782148,10.0,0.7060716422825178,13,2025-04-06 23:00:00+00:00,13,6,2,0,0,0
031501100804,24,207.8069305419922,1.9261269501697258,25.0,0.8456066544006552,14,2025-04-07 14:00:00+00:00,14,8,5,2,0,0
031501100804,72,248.44281005859375,1.8062184095995157,25.0,0.8001127978571402,16,2025-04-07 21:00:00+00:00,16,7,5,2,0,0
031501100901,1,62.56148910522461,1.4015540687618584,10.0,0.7040597749558247,2,2025-04-06 19:00:00+00:00,2,1,1,0,0,0
031501100901,3,94.12517547607422,1.5228731409512015,10.0,0.7202798411607282,12,2025-06-08 13:00:00+00:00,12,7,2,0,0,0
031501100901,6,112.62142181396484,1.502563703060261,10.0,0.6766728124004947,14,2025-04-06 23:00:00+00:00,14,6,3,0,0,0
031501100901,24,203.08004760742188,1.8809234579763425,25.0,0.8141256005610763,15,2025-04-07 14:00:00+00:00,15,7,4,2,0,0
031501100901,72,243.17626953125,1.770613102161151,25.0,0.774312918229875,18,2025-04-07 21:00:00+00:00,18,6,4,1,0,0
031501100902,1,46.9198112487793,1.0715091713341376,2.0,0.5423361088987134,1,2002-11-11 10:00:00+00:00,1,0,0,0,0,0
031501100902,3,73.20918273925781,1.2028596455121459,5.0,0.5898028901881182,8,2024-01-09 12:00:00+00:00,8,1,0,0,0,0
031501100902,6,103.28067779541016,1.3954041847656644,10.0,0.6582064693048342,12,2024-03-09 04:00:00+00:00,12,3,1,0,0,0
031501100902,24,192.4988555908203,1.7979057436654988,25.0,0.8074603000536248,15,2025-04-07 14:00:00+00:00,15,6,2,1,0,0
031501100902,72,252.12838745117188,1.8384111898553723,25.0,0.8278556964595095,10,2017-05-23 17:00:00+00:00,10,4,3,2,0,0
031501100903,1,51.996028900146484,1.1761218697361808,2.0,0.5967725658878104,2,2025-04-06 18:00:00+00:00,2,0,0,0,0,0
031501100903,3,83.54533386230469,1.3609833008318293,5.0,0.6627770407680352,8,2025-04-06 20:00:00+00:00,8,4,0,0,0,0
031501100903,6,106.31843566894531,1.4259610018330922,10.0,0.6657744400227567,14,2025-04-06 23:00:00+00:00,14,3,1,0,0,0
031501100903,24,192.47012329101562,1.7890193930642273,25.0,0.7985179302029627,16,2025-04-07 13:00:00+00:00,16,7,4,1,0,0
031501100903,72,257.4039001464844,1.8734302920738755,25.0,0.8411207442980725,15,2025-04-08 01:00:00+00:00,15,6,3,2,0,0
031501100904,1,49.625308990478516,1.1163773267349328,2.0,0.5617992591389107,1,2025-04-06 18:00:00+00:00,1,0,0,0,0,0
031501100904,3,95.85610961914062,1.5556945712854928,10.0,0.741855728447814,8,2025-04-06 19:00:00+00:00,8,4,2,0,0,0
031501100904,6,121.00859069824219,1.618283638511976,10.0,0.7352066673340489,11,2025-04-06 22:00:00+00:00,11,4,2,0,0,0
031501100904,24,181.1177520751953,1.6811469791600608,10.0,0.730242873678465,13,2025-04-07 13:00:00+00:00,13,7,3,0,0,0
031501100904,72,227.36717224121094,1.6581015252158895,10.0,0.7261787218736713,13,2025-04-07 21:00:00+00:00,13,5,3,0,0,0
031501100905,1,52.85065460205078,1.1939469682846129,2.0,0.6002893166993493,3,2021-05-04 01:00:00+00:00,3,0,0,0,0,0
031501100905,3,100.94169616699219,1.6442254126518139,25.0,0.7875714532297888,8,2025-04-06 19:00:00+00:00,8,4,3,1,0,0
031501100905,6,125.0403823852539,1.6772365723449756,10.0,0.7658401370126254,10,2024-03-09 04:00:00+00:00,10,7,2,0,0,0
031501100905,24,174.37518310546875,1.622130248146464,10.0,0.7043348792111296,14,2025-04-07 14:00:00+00:00,14,6,1,0,0,0
031501100905,72,215.43206787109375,1.5727587501415359,10.0,0.6864231045959923,17,2025-05-12 19:00:00+00:00,17,4,3,0,0,0
031502010101,1,50.66217041015625,1.1595179929650035,2.0,0.5756426438693716,3,2021-05-04 01:00:00+00:00,3,0,0,0,0,0
031502010101,3,95.234130859375,1.5717311529109548,10.0,0.7507278914008729,11,2024-01-09 11:00:00+00:00,11,3,1,0,0,0
031502010101,6,112.650390625,1.5285257071461893,10.0,0.700781210437478,14,2024-03-09 03:00:00+00:00,14,5,4,0,0,0
031502010101,24,180.9014892578125,1.6909105938466562,10.0,0.7361655945903007,17,2025-04-07 13:00:00+00:00,17,5,2,0,0,0
031502010101,72,233.872314453125,1.7052481909051156,10.0,0.7388351886200556,11,2021-05-05 04:00:00+00:00,11,3,3,0,0,0
031502010102,1,49.103919982910156,1.1277411642281503,2.0,0.5547257471185855,2,2002-11-11 09:00:00+00:00,2,0,0,0,0,0
031502010102,3,82.34341430664062,1.3669442829592617,5.0,0.6467919698856166,9,2022-04-05 16:00:00+00:00,9,3,0,0,0,0
031502010102,6,120.66514587402344,1.6454295460290718,10.0,0.7474023972564195,12,2024-01-09 13:00:00+00:00,12,5,1,0,0,0
031502010102,24,174.18580627441406,1.6268296865395129,10.0,0.6999395876517158,13,2025-02-13 07:00:00+00:00,13,5,2,0,0,0
031502010102,72,211.6407470703125,1.5435380695147294,10.0,0.6588972098853395,12,2025-02-13 08:00:00+00:00,12,4,3,0,0,0
031502010103,1,64.755615234375,1.4799745681832124,10.0,0.7351810119612072,3,2021-05-04 00:00:00+00:00,3,1,1,0,0,0
031502010103,3,102.53369903564453,1.690280567185831,25.0,0.8081220122368409,11,2024-01-09 11:00:00+00:00,11,6,1,1,0,0
031502010103,6,119.45801544189453,1.6195129649281368,10.0,0.7412566547064546,15,2024-03-09 03:00:00+00:00,15,7,3,0,0,0
031502010103,24,185.8830108642578,1.7375252825524137,10.0,0.7494560653713006,14,2025-04-07 13:00:00+00:00,14,5,1,0,0,0
031502010103,72,225.17129516601562,1.6419312491702676,10.0,0.7035686722551902,11,2021-05-05 04:00:00+00:00,11,3,3,0,0,0
031502010104,1,55.85344696044922,1.258382342472561,5.0,0.6322353897942067,2,2017-05-21 02:00:00+00:00,2,1,0,0,0,0
031502010104,3,96.11846160888672,1.5617068904617781,10.0,0.7469057890834154,8,2024-01-09 12:00:00+00:00,8,2,2,0,0,0
031502010104,6,125.30232238769531,1.6770238350432498,10.0,0.761919234772705,11,2024-03-09 04:00:00+00:00,11,4,2,0,0,0
031502010104,24,178.11471557617188,1.6555691864901054,10.0,0.7095768893344807,12,2025-04-07 13:00:00+00:00,12,5,1,0,0,0
031502010104,72,218.784423828125,1.5989188652310875,10.0,0.6882608678567653,16,2025-05-12 18:00:00+00:00,16,4,3,0,0,0
031502010105,1,48.95675277709961,1.104602151440048,2.0,0.5548592121902556,2,2020-08-22 04:00:00+00:00,2,0,0,0,0,0
031502010105,3,90.731201171875,1.4759387082516562,10.0,0.708729515001176,9,2024-01-09 11:00:00+00:00,9,3,1,0,0,0
031502010105,6,115.44644927978516,1.5466712806353484,10.0,0.7049143604574327,11,2024-03-09 04:00:00+00:00,11,5,2,0,0,0
031502010105,24,191.10594177246094,1.7783051479702467,10.0,0.7577807662581512,13,2025-04-07 13:00:00+00:00,13,5,1,0,0,0
031502010105,72,231.41058349609375,1.6915308860071547,10.0,0.7214318400791743,14,2020-08-23 00:00:00+00:00,14,4,2,0,0,0
031502010106,1,56.16061782836914,1.2743017611250878,5.0,0.6380120866380795,5,2021-05-04 00:00:00+00:00,5,1,0,0,0,0
031502010106,3,93.50253295898438,1.5297121297568979,10.0,0.7359202332103428,9,2025-05-29 16:00:00+00:00,9,5,1,0,0,0
031502010106,6,112.93429565429688,1.5208076610919423,10.0,0.6961745514134838,16,2024-03-09 03:00:00+00:00,16,3,3,0,0,0
031502010106,24,195.45620727539062,1.8235670177252183,25.0,0.7783301170240344,14,2025-04-07 13:00:00+00:00,14,5,1,1,0,0
031502010106,72,231.54229736328125,1.6913727071233082,10.0,0.7191889302752014,14,2024-01-09 16:00:00+00:00,14,4,3,0,0,0
031502010107,1,45.67250442504883,1.0325998376744705,2.0,0.5184887778768029,1,1995-12-19 06:00:00+00:00,1,0,0,0,0,0
031502010107,3,78.87035369873047,1.2857716494459306,5.0,0.6199213620937593,9,2024-01-09 11:00:00+00:00,9,3,0,0,0,0
031502010107,6,110.6031723022461,1.4848585398246554,10.0,0.6789729730256159,13,2024-03-09 03:00:00+00:00,13,5,1,0,0,0
031502010107,24,201.53648376464844,1.8789961091869705,25.0,0.7954408144477504,13,2025-04-07 13:00:00+00:00,13,4,1,1,0,0
031502010107,72,240.33885192871094,1.7600150890208313,10.0,0.7433946953611148,14,2024-01-09 16:00:00+00:00,14,4,1,0,0,0
031502010201,1,53.48259735107422,1.228128988230677,5.0,0.6079735424150986,3,2020-06-06 00:00:00+00:00,3,2,0,0,0,0
031502010201,3,84.69354248046875,1.404716877972313,10.0,0.671301662204263,10,2021-05-04 01:00:00+00:00,10,4,1,0,0,0
031502010201,6,122.840576171875,1.6751563920820949,10.0,0.7658482056559803,13,2024-01-09 13:00:00+00:00,13,8,3,0,0,0
031502010201,24,182.27003479003906,1.7102453998583513,10.0,0.7314033282498783,18,2024-01-09 16:00:00+00:00,18,3,2,0,0,0
031502010201,72,213.2516632080078,1.5637873648481448,10.0,0.6631364716192635,10,2018-05-31 19:00:00+00:00,10,3,2,0,0,0
031502010202,1,46.658687591552734,1.0732817457045154,2.0,0.530085375150197,2,2002-11-11 09:00:00+00:00,2,0,0,0,0,0
031502010202,3,78.95449829101562,1.3134169869182084,5.0,0.6256505029352661,4,2010-05-03 07:00:00+00:00,4,3,0,0,0,0
031502010202,6,128.75892639160156,1.76077342724539,25.0,0.8023306048665325,14,2024-01-09 13:00:00+00:00,14,5,2,1,0,0
031502010202,24,177.89749145507812,1.670044821903178,10.0,0.7131003249655865,16,2025-02-13 07:00:00+00:00,16,4,2,0,0,0
031502010202,72,209.32806396484375,1.5385061377503348,10.0,0.6527703354603293,13,2025-02-13 08:00:00+00:00,13,5,1,0,0,0
031502010203,1,48.98256301879883,1.1170433157976034,2.0,0.5582628139566067,2,2009-05-07 14:00:00+00:00,2,0,0,0,0,0
031502010203,3,83.77745056152344,1.3783206308400928,10.0,0.6652355621845474,9,2025-05-29 16:00:00+00:00,9,5,1,0,0,0
031502010203,6,111.33392333984375,1.5075170508393831,10.0,0.6924367142836662,15,2024-03-09 03:00:00+00:00,15,6,1,0,0,0
031502010203,24,195.51974487304688,1.8331318566280663,25.0,0.7784307238234169,16,2024-01-09 16:00:00+00:00,16,2,1,1,0,0
031502010203,72,228.82156372070312,1.6822906701851634,10.0,0.7099289632288841,13,2025-06-09 18:00:00+00:00,13,3,1,0,0,0
031502010301,1,50.69126510620117,1.1039609801987216,2.0,0.5486798368025237,3,2022-03-18 15:00:00+00:00,3,0,0,0,0,0
031502010301,3,75.61360168457031,1.1943582660865206,2.0,0.5457053508993487,4,2015-12-22 07:00:00+00:00,4,0,0,0,0,0
031502010301,6,102.6587142944336,1.3428478460933235,5.0,0.5768321281281131,10,2024-03-09 04:00:00+00:00,10,4,0,0,0,0
031502010301,24,222.02513122558594,2.0234022424774074,25.0,0.8261686833867754,16,2025-04-07 17:00:00+00:00,16,6,2,1,0,0
031502010301,72,277.5491638183594,1.9954906463109643,25.0,0.8259289880174985,16,2025-04-07 21:00:00+00:00,16,7,3,1,0,0
031502010302,1,50.37437057495117,1.0992093967788548,2.0,0.5440288779133992,1,2022-03-18 15:00:00+00:00,1,0,0,0,0,0
031502010302,3,78.24771118164062,1.2389506212242198,5.0,0.5620723124093285,6,2022-02-04 05:00:00+00:00,6,1,0,0,0,0
031502010302,6,124.27381134033203,1.6288986438313728,10.0,0.6969499771798915,10,2024-03-09 05:00:00+00:00,10,3,1,0,0,0
031502010302,24,217.1136474609375,1.9790768803681085,25.0,0.8151076061485076,17,2025-04-07 17:00:00+00:00,17,6,3,1,0,0
031502010302,72,276.755126953125,1.988796409826873,25.0,0.832117478953788,15,2025-04-07 21:00:00+00:00,15,8,5,1,0,0
031502010303,1,48.49323654174805,1.058915159117422,2.0,0.5250183225914625,1,2022-03-18 15:00:00+00:00,1,0,0,0,0,0
031502010303,3,70.6422348022461,1.118964253098376,2.0,0.5093225269835712,5,2022-02-04 05:00:00+00:00,5,0,0,0,0,0
031502010303,6,109.434326171875,1.4348970703521904,5.0,0.6155707821451123,10,2024-03-09 05:00:00+00:00,10,2,0,0,0,0
031502010303,24,215.2882080078125,1.964175336765557,25.0,0.8083260218404728,15,2025-04-07 17:00:00+00:00,15,5,3,1,0,0
031502010303,72,272.37738037109375,1.9595127813883948,25.0,0.8185214952460032,15,2025-04-07 21:00:00+00:00,15,7,3,1,0,0
031502010304,1,57.82252502441406,1.277824823474665,5.0,0.6361580686957664,1,2025-04-06 19:00:00+00:00,1,1,0,0,0,0
031502010304,3,85.90946197509766,1.37491243269235,5.0,0.6339282792116078,6,2025-04-06 20:00:00+00:00,6,4,0,0,0,0
031502010304,6,113.4001235961914,1.499665644391816,10.0,0.654490560529383,11,2025-04-06 23:00:00+00:00,11,3,1,0,0,0
031502010304,24,200.1946563720703,1.8406853578356257,25.0,0.7737121933915779,13,2025-04-07 14:00:00+00:00,13,6,4,2,0,0
031502010304,72,252.58795166015625,1.8302710590410083,25.0,0.7802050467569561,17,2025-04-07 21:00:00+00:00,17,7,4,1,0,0
031502010305,1,55.28321838378906,1.2162579346125657,5.0,0.6068861331725308,1,2025-04-06 19:00:00+00:00,1,1,0,0,0,0
031502010305,3,97.13572692871094,1.5474452221463657,10.0,0.714987276067069,7,2025-04-06 20:00:00+00:00,7,2,1,0,0,0
031502010305,6,103.1110610961914,1.3581241255402288,5.0,0.5913883592832178,12,2025-04-06 23:00:00+00:00,12,3,0,0,0,0
031502010305,24,205.12989807128906,1.8827900511632516,25.0,0.7807447887078947,12,2025-04-07 14:00:00+00:00,12,5,4,1,0,0
031502010305,72,256.054443359375,1.8561668631768042,25.0,0.7802626380097075,16,2025-04-07 21:00:00+00:00,16,8,2,1,0,0
031502010306,1,55.15276336669922,1.2119996208975123,5.0,0.6065335710875299,1,2025-04-06 19:00:00+00:00,1,1,0,0,0,0
031502010306,3,104.3440170288086,1.6596146935245017,10.0,0.7715102172719138,7,2025-04-06 20:00:00+00:00,7,2,1,0,0,0
031502010306,6,107.8099136352539,1.41781135725982,5.0,0.6198182633999767,10,2025-04-06 23:00:00+00:00,10,3,0,0,0,0
031502010306,24,207.6498260498047,1.9056535761156719,25.0,0.785986385553645,13,2025-04-07 14:00:00+00:00,13,6,3,1,0,0
031502010306,72,257.8336486816406,1.8714312178111894,25.0,0.7819858982776727,16,2025-04-07 21:00:00+00:00,16,6,2,1,0,0
031502010307,3,89.5463638305664,1.4207845097467018,10.0,0.6627701313003295,5,2025-04-06 20:00:00+00:00,5,1,1,0,0,0
031502010307,6,102.43972778320312,1.3444749161133538,5.0,0.5887257969589524,8,2025-04-06 23:00:00+00:00,8,1,0,0,0,0
031502010307,24,214.68148803710938,1.9677233899507123,25.0,0.8060085684880606,13,2025-04-07 14:00:00+00:00,13,6,3,1,0,0
031502010307,72,266.3721008300781,1.9311278305124027,25.0,0.8005074855680594,16,2025-04-07 21:00:00+00:00,16,6,2,1,0,0
031502010308,3,100.18915557861328,1.6096691740867357,10.0,0.7572496781392511,9,2025-06-08 13:00:00+00:00,9,3,2,0,0,0
031502010308,6,121.66343688964844,1.6130471798242365,10.0,0.7171799046175509,11,2025-04-06 22:00:00+00:00,11,4,1,0,0,0
031502010308,24,194.96177673339844,1.800076936876965,10.0,0.7590469910406378,13,2025-04-07 14:00:00+00:00,13,6,2,0,0,0
031502010308,72,239.3184051513672,1.7446045371040653,10.0,0.7438630370452097,17,2025-05-12 18:00:00+00:00,17,5,3,0,0,0
031502010309,1,59.22754669189453,1.3172460480990127,5.0,0.662900469685225,3,2025-04-06 18:00:00+00:00,3,2,0,0,0,0
031502010309,3,108.96714782714844,1.7497236198311559,25.0,0.8299155957981157,9,2025-04-06 19:00:00+00:00,9,3,1,1,0,0
031502010309,6,138.6500244140625,1.83695954429783,25.0,0.8216051297803143,13,2025-04-06 22:00:00+00:00,13,2,1,1,0,0
031502010309,24,197.9390106201172,1.8287735212138365,25.0,0.7663588654715005,13,2025-04-07 14:00:00+00:00,13,4,2,1,0,0
031502010309,72,244.7687225341797,1.7876070974360678,25.0,0.7560138653402694,14,2025-05-12 18:00:00+00:00,14,5,2,1,0,0
031502010310,1,66.09367370605469,1.4713806121095945,10.0,0.7420192755503171,2,2017-08-11 00:00:00+00:00,2,1,1,0,0,0
031502010310,3,112.69683074951172,1.8104752193771994,25.0,0.865285985127724,9,2024-02-11 23:00:00+00:00,9,3,2,1,0,0
031502010310,6,144.10394287109375,1.9100208649157595,25.0,0.8593830714811836,11,2024-03-09 04:00:00+00:00,11,4,2,1,0,0
031502010310,24,210.44383239746094,1.947176847074024,25.0,0.8109560389567934,12,2025-04-07 14:00:00+00:00,12,5,3,1,0,0
031502010310,72,259.0859069824219,1.895468949916227,25.0,0.7945826034669426,15,2025-04-07 21:00:00+00:00,15,5,2,1,0,0
031502010311,1,55.7062873840332,1.2510270746583967,5.0,0.6307055865688244,3,2017-08-11 00:00:00+00:00,3,2,0,0,0,0
031502010311,3,118.15597534179688,1.9135430468327832,50.0,0.9235635993186081,10,2024-02-11 23:00:00+00:00,10,5,3,1,1,0
031502010311,6,145.63934326171875,1.9441627885233268,50.0,0.8855418286912909,13,2024-03-09 04:00:00+00:00,13,8,2,1,1,0
031502010311,24,213.2588348388672,1.9846588672463115,25.0,0.8298349824498529,14,2025-04-07 13:00:00+00:00,14,5,2,1,0,0
031502010311,72,258.8127746582031,1.900632445812873,25.0,0.7952282489096982,13,2017-06-18 18:00:00+00:00,13,4,2,1,0,0
031502010401,1,48.333641052246094,1.0523024291698104,2.0,0.5267855984927241,1,2022-03-18 15:00:00+00:00,1,0,0,0,0,0
031502010401,3,91.26947021484375,1.439773991460395,10.0,0.6697972962476261,6,2025-04-06 20:00:00+00:00,6,2,1,0,0,0
031502010401,6,116.75764465332031,1.5260932944698273,10.0,0.6645488155247621,9,2025-04-06 23:00:00+00:00,9,2,1,0,0,0
031502010401,24,224.24237060546875,2.047007595209796,25.0,0.8249089602868405,12,2025-04-07 14:00:00+00:00,12,6,4,1,0,0
031502010401,72,278.010986328125,2.0012476051662462,25.0,0.814782477034901,12,2025-04-07 21:00:00+00:00,12,6,4,1,0,0
031502010402,1,56.92668533325195,1.2470885371885645,5.0,0.6272184457040075,3,2025-04-06 18:00:00+00:00,3,1,0,0,0,0
031502010402,3,92.80776977539062,1.471485962396326,10.0,0.6960013553967823,4,2025-04-06 20:00:00+00:00,4,1,1,0,0,0
031502010402,6,103.54446411132812,1.3602600509729037,5.0,0.601024216281535,9,2025-04-06 23:00:00+00:00,9,2,0,0,0,0
031502010402,24,215.6236572265625,1.9807187867897167,25.0,0.7931128839349332,10,2025-04-07 13:00:00+00:00,10,6,4,1,0,0
031502010402,72,266.56121826171875,1.9306843642947356,25.0,0.7794257087434059,14,2025-04-07 21:00:00+00:00,14,5,4,1,0,0
031502010403,1,47.55494689941406,1.0516957120061738,2.0,0.5312870418482548,1,2017-05-21 02:00:00+00:00,1,0,0,0,0,0
031502010403,3,100.63809204101562,1.6074481368315952,10.0,0.769726766037692,9,2025-04-06 19:00:00+00:00,9,3,2,0,0,0
031502010403,6,127.59371185302734,1.6844160979526763,10.0,0.7553782263072886,10,2024-03-09 04:00:00+00:00,10,4,1,0,0,0
031502010403,24,214.80255126953125,1.985180288746256,25.0,0.8091714895590074,11,2025-04-07 14:00:00+00:00,11,8,2,1,0,0
031502010403,72,266.11181640625,1.9489285977392983,25.0,0.8000359068656175,17,2025-04-07 21:00:00+00:00,17,5,1,1,0,0
031502010404,1,49.21031951904297,1.0833492319000897,2.0,0.546049770032401,2,2025-04-06 18:00:00+00:00,2,0,0,0,0,0
031502010404,3,90.64619445800781,1.4423647061810236,10.0,0.6840659064351798,7,2025-04-06 19:00:00+00:00,7,2,1,0,0,0
031502010404,6,99.49803161621094,1.3091127080656557,5.0,0.5815692040886481,10,2025-04-06 22:00:00+00:00,10,3,0,0,0,0
031502010404,24,214.6963653564453,1.9764601436825149,25.0,0.8062569907934699,13,2025-04-07 14:00:00+00:00,13,5,3,1,0,0
031502010404,72,265.23907470703125,1.9341418903703886,25.0,0.7965803236051395,17,2025-04-07 21:00:00+00:00,17,5,1,1,0,0
031502010405,1,49.02498245239258,1.092042127217181,2.0,0.5517428753460756,2,2017-08-11 00:00:00+00:00,2,0,0,0,0,0
031502010405,3,108.13548278808594,1.738697616394961,25.0,0.8391981204195705,7,2024-02-11 23:00:00+00:00,7,2,2,1,0,0
031502010405,6,135.5323486328125,1.8003604895469718,25.0,0.8148155121432951,9,2024-03-09 04:00:00+00:00,9,5,2,1,0,0
031502010405,24,216.36354064941406,2.0111275028083644,25.0,0.8202121317396759,12,2025-04-07 13:00:00+00:00,12,6,3,1,0,0
031502010405,72,266.1143798828125,1.959584073321913,25.0,0.8017627291450103,14,2017-06-21 07:00:00+00:00,14,5,3,1,0,0
031502010406,1,91.74508666992188,2.0428626384473434,100.0,1.0317377727061072,5,2019-08-26 00:00:00+00:00,5,2,1,1,1,1
031502010406,3,121.17323303222656,1.9468504263155204,50.0,0.936326519522173,8,2024-02-11 23:00:00+00:00,8,5,2,2,2,0
031502010406,6,154.4443359375,2.048081761173887,50.0,0.9252978928018243,14,2024-03-09 04:00:00+00:00,14,6,3,1,1,0
031502010406,24,218.41815185546875,2.024820217310417,25.0,0.8347762228757749,11,2025-04-07 14:00:00+00:00,11,5,3,1,0,0
031502010406,72,268.7848815917969,1.9727931500345963,25.0,0.8168406153356256,14,2017-06-18 21:00:00+00:00,14,4,2,1,0,0
031502010407,1,77.2659912109375,1.737845326859331,25.0,0.8762271358038833,4,2018-07-16 00:00:00+00:00,4,2,2,1,0,0
031502010407,3,104.10543823242188,1.6891319848100796,25.0,0.817921616340175,13,2025-04-06 19:00:00+00:00,13,3,2,1,0,0
031502010407,6,137.3853759765625,1.8385156566553267,25.0,0.8388770282998597,10,2024-01-09 13:00:00+00:00,10,6,1,1,0,0
031502010407,24,215.6226348876953,2.014284553904783,25.0,0.834139750756802,12,2025-04-07 13:00:00+00:00,12,5,2,1,0,0
031502010407,72,259.3292541503906,1.9166279029459885,25.0,0.7932267132935381,14,2018-05-31 19:00:00+00:00,14,3,2,1,0,0
031502010501,3,91.20606994628906,1.4945293117059968,10.0,0.7238546628462487,6,2024-01-09 11:00:00+00:00,6,4,2,0,0,0
031502010501,6,129.3236541748047,1.745210158433024,25.0,0.8016541778199255,11,2024-03-09 03:00:00+00:00,11,4,2,1,0,0
031502010501,24,200.52651977539062,1.8802377176837832,25.0,0.7921538596448202,15,2024-01-09 16:00:00+00:00,15,5,1,1,0,0
031502010501,72,236.76112365722656,1.747885715751912,10.0,0.7331252431697461,14,2024-01-09 16:00:00+00:00,14,5,2,0,0,0
031502010502,1,46.51197814941406,1.0518210676100923,2.0,0.5294652967017042,2,2025-04-06 17:00:00+00:00,2,0,0,0,0,0
031502010502,3,85.77767944335938,1.3998315370419647,10.0,0.6792010205116803,9,2025-04-06 18:00:00+00:00,9,3,1,0,0,0
031502010502,6,119.62429809570312,1.6104430094511317,10.0,0.7372359955134511,10,2024-01-09 13:00:00+00:00,10,5,2,0,0,0
031502010502,24,212.77255249023438,1.998742720442133,25.0,0.8267667817041556,13,2025-04-07 14:00:00+00:00,13,8,1,1,0,0
031502010502,72,252.40896606445312,1.8768338287820314,25.0,0.7741949661840662,18,2025-04-07 20:00:00+00:00,18,4,2,1,0,0
031502010503,3,92.66516876220703,1.5206743951731547,10.0,0.7375774144934323,8,2024-01-09 11:00:00+00:00,8,4,2,0,0,0
031502010503,6,122.48651123046875,1.6558797817317108,10.0,0.7611912619233577,11,2024-03-09 03:00:00+00:00,11,4,2,0,0,0
031502010503,24,200.97984313964844,1.8901088953080958,25.0,0.793096174724591,16,2025-04-07 13:00:00+00:00,16,5,1,1,0,0
031502010503,72,236.12135314941406,1.7522534214567622,10.0,0.7318271934353657,14,2024-01-09 16:00:00+00:00,14,5,2,0,0,0
031502010504,1,60.32945251464844,1.3839819960887088,10.0,0.6905660047778155,1,2019-06-09 23:00:00+00:00,1,1,1,0,0,0
031502010504,3,88.41161346435547,1.4642230727348724,10.0,0.7081657922054998,8,2024-01-09 11:00:00+00:00,8,4,2,0,0,0
031502010504,6,115.37562561035156,1.5731849602041152,10.0,0.7245100842247848,12,2024-03-09 03:00:00+00:00,12,6,2,0,0,0
031502010504,24,188.07382202148438,1.7770640095732688,10.0,0.7523081304486285,17,2024-01-09 16:00:00+00:00,17,2,1,0,0,0
031502010504,72,220.20204162597656,1.637076396000393,10.0,0.688395717851372,12,2019-06-10 00:00:00+00:00,12,5,2,0,0,0
031502010505,1,47.60378646850586,1.0868383366286496,2.0,0.544855341444385,1,2017-08-11 00:00:00+00:00,1,0,0,0,0,0
031502010505,3,97.34930419921875,1.6040469789737608,10.0,0.7783375225170824,9,2024-01-09 11:00:00+00:00,9,5,1,0,0,0
031502010505,6,122.08531188964844,1.6578695757295951,10.0,0.7629397568215138,14,2024-03-09 03:00:00+00:00,14,4,1,0,0,0
031502010505,24,199.4740753173828,1.8848473683307394,25.0,0.7895942049084068,15,2025-04-07 13:00:00+00:00,15,9,1,1,0,0
031502010505,72,232.74765014648438,1.7376226419633638,10.0,0.7237951090469364,16,2025-04-07 20:00:00+00:00,16,5,1,0,0,0
031502010601,1,45.402313232421875,1.0407445868602967,2.0,0.5143953921772078,1,2012-07-31 09:00:00+00:00,1,0,0,0,0,0
031502010601,3,84.00267028808594,1.3957506907079278,10.0,0.6619220119930027,9,2025-02-13 05:00:00+00:00,9,2,1,0,0,0
031502010601,6,134.2076416015625,1.8328610221768453,25.0,0.8292831808268627,15,2024-01-09 11:00:00+00:00,15,5,1,1,0,0
031502010601,24,171.92547607421875,1.605318343180187,10.0,0.6838990191544072,23,2025-02-13 06:00:00+00:00,23,8,4,0,0,0
031502010601,72,205.60122680664062,1.5062306560901288,10.0,0.6428102092082002,20,2025-02-13 07:00:00+00:00,20,8,1,0,0,0
031502010602,1,55.465152740478516,1.2784288390404992,5.0,0.6348514708439204,1,2002-11-11 09:00:00+00:00,1,1,0,0,0,0
031502010602,3,78.20121765136719,1.3024017906827934,5.0,0.6269844635552226,6,2017-06-18 11:00:00+00:00,6,4,0,0,0,0
031502010602,6,133.87832641601562,1.8352014308841866,25.0,0.8436063332758804,16,2024-03-09 03:00:00+00:00,16,5,1,1,0,0
031502010602,24,181.39462280273438,1.7172116689046748,10.0,0.730804312284275,20,2024-01-09 16:00:00+00:00,20,2,2,0,0,0
031502010602,72,212.45269775390625,1.579439668383545,10.0,0.6678163443367624,13,2018-05-30 17:00:00+00:00,13,5,1,0,0,0
031502010603,3,75.57456970214844,1.2586605724985023,5.0,0.6048154244471683,4,2010-05-03 07:00:00+00:00,4,3,0,0,0,0
031502010603,6,131.0997314453125,1.7973474228644453,25.0,0.8247307076496201,13,2024-01-09 12:00:00+00:00,13,4,2,1,0,0
031502010603,24,181.50909423828125,1.7169407560245202,10.0,0.7313836451433054,20,2025-02-13 07:00:00+00:00,20,3,2,0,0,0
031502010603,72,212.57135009765625,1.5803317686127742,10.0,0.670240706227208,12,2018-05-31 19:00:00+00:00,12,5,1,0,0,0
031502010701,1,51.97991180419922,1.1874791931477024,2.0,0.5951830683850884,4,2018-07-16 00:00:00+00:00,4,0,0,0,0,0
031502010701,3,94.93329620361328,1.565902123889383,10.0,0.7592444681199705,10,2024-01-09 11:00:00+00:00,10,4,1,0,0,0
031502010701,6,119.51201629638672,1.625653778054597,10.0,0.7473879390425004,15,2024-03-09 03:00:00+00:00,15,4,1,0,0,0
031502010701,24,202.899658203125,1.921037194136958,25.0,0.8025286377997198,17,2025-04-07 14:00:00+00:00,17,6,2,1,0,0
031502010701,72,236.93077087402344,1.7736761186127035,10.0,0.7367396313855699,14,2025-04-07 20:00:00+00:00,14,3,2,0,0,0
031502010702,1,60.26776885986328,1.3834647226932049,10.0,0.6912982133259857,3,2019-06-09 23:00:00+00:00,3,1,1,0,0,0
031502010702,3,84.79353332519531,1.4055122791460504,10.0,0.680787004261828,11,2024-01-09 11:00:00+00:00,11,4,2,0,0,0
031502010702,6,109.87503051757812,1.5008169836024885,10.0,0.6916591355387686,14,2024-03-09 03:00:00+00:00,14,7,2,0,0,0
031502010702,24,190.72738647460938,1.8095507252117313,25.0,0.7628995577946531,17,2025-04-07 13:00:00+00:00,17,4,2,1,0,0
031502010702,72,223.4737091064453,1.673533305334704,10.0,0.7009741778126239,13,2018-05-31 19:00:00+00:00,13,5,2,0,0,0
031502010703,1,43.79037094116211,1.0085524775581813,2.0,0.5026446704227753,1,2003-05-22 13:00:00+00:00,1,0,0,0,0,0
031502010703,3,74.57605743408203,1.2408341915779835,5.0,0.5997836327608629,6,2016-04-01 04:00:00+00:00,6,3,0,0,0,0
031502010703,6,109.49874877929688,1.501364592500238,10.0,0.6921640695366267,14,2024-03-09 03:00:00+00:00,14,5,1,0,0,0
031502010703,24,185.58876037597656,1.7644540631042416,10.0,0.7484988193173598,20,2024-01-09 16:00:00+00:00,20,4,2,0,0,0
031502010703,72,217.48565673828125,1.631059223584851,10.0,0.6879106675996892,13,2018-05-31 20:00:00+00:00,13,5,2,0,0,0
031502010704,1,48.72629165649414,1.1244243875127065,2.0,0.5592870040838477,3,2012-09-04 11:00:00+00:00,3,0,0,0,0,0
031502010704,3,74.90144348144531,1.249107538768494,5.0,0.6028285699256724,9,2016-04-01 04:00:00+00:00,9,3,0,0,0,0
031502010704,6,117.26264953613281,1.6113789313777813,10.0,0.7431538089944828,14,2024-01-09 12:00:00+00:00,14,7,2,0,0,0
031502010704,24,186.84693908691406,1.7775097912424105,25.0,0.7588373387336087,24,2024-01-09 16:00:00+00:00,24,4,2,1,0,0
031502010704,72,216.06101989746094,1.6205986526606944,10.0,0.689244456608551,15,2018-05-31 20:00:00+00:00,15,5,2,0,0,0
031502010705,1,47.45112609863281,1.0953835098458502,2.0,0.5449391352443368,2,2003-05-22 13:00:00+00:00,2,0,0,0,0,0
031502010705,3,79.11905670166016,1.320060272101214,5.0,0.6371987924269077,9,2016-04-01 04:00:00+00:00,9,3,0,0,0,0
031502010705,6,118.1885986328125,1.625439730013872,10.0,0.7504962094649775,14,2024-01-09 12:00:00+00:00,14,6,2,0,0,0
031502010705,24,195.34930419921875,1.8596648166602792,25.0,0.7971645007242957,22,2025-02-13 07:00:00+00:00,22,6,3,1,0,0
031502010705,72,223.9013671875,1.680798196307518,10.0,0.7188935695367475,18,2018-05-31 21:00:00+00:00,18,6,1,0,0,0
031502010706,1,49.817481994628906,1.147278581396054,2.0,0.5726232674989444,1,2003-05-22 13:00:00+00:00,1,0,0,0,0,0
031502010706,3,80.2803955078125,1.3357151293523781,5.0,0.6459384070891716,9,2016-04-01 04:00:00+00:00,9,3,0,0,0,0
031502010706,6,111.51366424560547,1.5300448262658548,10.0,0.7054434038175424,16,2024-03-09 03:00:00+00:00,16,6,2,0,0,0
031502010706,24,197.54202270507812,1.8814648533665987,25.0,0.7970312500714881,20,2025-04-07 13:00:00+00:00,20,5,3,2,0,0
031502010706,72,227.79354858398438,1.713938963298116,10.0,0.7220779243279409,16,2018-05-31 20:00:00+00:00,16,4,3,0,0,0
031502010801,1,52.0394287109375,1.153061338597488,2.0,0.5810787565206965,1,2012-09-04 12:00:00+00:00,1,0,0,0,0,0
031502010801,3,91.47088623046875,1.4663281473704344,10.0,0.7032073124853637,6,2024-05-10 09:00:00+00:00,6,2,1,0,0,0
031502010801,6,111.94706726074219,1.48746993472828,10.0,0.6654522982024406,12,2024-05-10 11:00:00+00:00,12,4,2,0,0,0
031502010801,24,209.65042114257812,1.947224504534596,25.0,0.7722192565425332,14,2025-04-07 13:00:00+00:00,14,8,3,1,0,0
031502010801,72,289.2823486328125,2.1175267764416557,25.0,0.8430598881389358,16,2020-09-17 00:00:00+00:00,16,7,3,1,0,0
031502010802,1,50.99540328979492,1.124800691122636,2.0,0.567085907938388,3,2025-04-06 18:00:00+00:00,3,0,0,0,0,0
031502010802,3,85.91304779052734,1.3707083275316245,5.0,0.655705149133204,7,2025-04-06 19:00:00+00:00,7,2,0,0,0,0
031502010802,6,104.10608673095703,1.376347484839455,5.0,0.6144291478513874,12,2025-04-06 23:00:00+00:00,12,3,0,0,0,0
031502010802,24,205.86639404296875,1.9036324239859057,25.0,0.7583963551448766,12,2025-04-07 13:00:00+00:00,12,9,4,1,0,0
031502010802,72,267.30322265625,1.948503929470792,25.0,0.7808273089405556,19,2025-04-07 20:00:00+00:00,19,7,2,2,0,0
031502010803,3,88.81903076171875,1.4352114473629265,10.0,0.6942611738616813,6,2024-02-11 23:00:00+00:00,6,1,1,0,0,0
031502010803,6,125.27961730957031,1.673943502532755,10.0,0.7591298268850445,12,2024-02-12 01:00:00+00:00,12,4,1,0,0,0
031502010803,24,213.2476043701172,1.9926434592230315,25.0,0.8066132604297447,12,2025-04-07 13:00:00+00:00,12,6,4,1,0,0
031502010803,72,260.7491760253906,1.9276767417508491,25.0,0.7807870950698982,18,2023-06-17 04:00:00+00:00,18,7,2,1,0,0
031502010804,1,48.340065002441406,1.0879230423653856,2.0,0.546753102770469,1,2025-04-06 17:00:00+00:00,1,0,0,0,0,0
031502010804,3,90.21235656738281,1.4682010965636867,10.0,0.7061515551533252,6,2025-04-06 18:00:00+00:00,6,6,2,0,0,0
031502010804,6,144.32937622070312,1.9434251749842024,25.0,0.8783682456747713,13,2025-04-06 21:00:00+00:00,13,5,3,2,0,0
031502010804,24,221.32411193847656,2.0788258774562527,25.0,0.8418166696503652,18,2025-04-07 13:00:00+00:00,18,7,5,2,0,0
031502010804,72,256.283447265625,1.9015047359294057,25.0,0.7688100392835869,15,2025-04-07 20:00:00+00:00,15,8,4,1,0,0
031502010805,1,45.229068756103516,1.0189384512264963,2.0,0.5130645255720169,1,2012-07-31 13:00:00+00:00,1,0,0,0,0,0
031502010805,3,86.59558868408203,1.4094234320491117,10.0,0.68179307402486,8,2025-04-06 18:00:00+00:00,8,2,1,0,0,0
031502010805,6,119.11373901367188,1.6023328217404247,10.0,0.7289644689708408,11,2024-01-09 13:00:00+00:00,11,6,2,0,0,0
031502010805,24,209.58712768554688,1.9685518912513402,25.0,0.8022601606776971,15,2025-04-07 14:00:00+00:00,15,7,4,1,0,0
031502010805,72,251.0878448486328,1.8653606882947757,25.0,0.7585737135149211,14,2018-05-31 19:00:00+00:00,14,6,2,1,0,0
031502010806,1,46.26063537597656,1.0494386768721877,2.0,0.5265199690287735,1,2012-09-04 13:00:00+00:00,1,0,0,0,0,0
031502010806,3,101.69154357910156,1.6678071110244077,25.0,0.803439331777841,11,2025-04-06 18:00:00+00:00,11,4,1,1,0,0
031502010806,6,143.849609375,1.9501142325623655,50.0,0.8871930269818135,14,2025-04-06 21:00:00+00:00,14,5,3,1,1,0
031502010806,24,224.97613525390625,2.124258072408573,50.0,0.8737379883677173,18,2025-04-07 13:00:00+00:00,18,7,4,2,1,0
031502010806,72,248.79054260253906,1.8564218183576842,25.0,0.7611096863463466,15,2025-04-07 20:00:00+00:00,15,5,3,1,0,0
031502010807,1,55.086734771728516,1.2598661124430113,5.0,0.6310545212581832,1,2012-03-23 11:00:00+00:00,1,1,0,0,0,0
031502010807,3,82.18251037597656,1.3578263426948163,5.0,0.6570039496834552,9,2024-01-09 11:00:00+00:00,9,5,0,0,0,0
031502010807,6,116.85897827148438,1.5933861458159613,10.0,0.7315585280534501,11,2024-03-09 03:00:00+00:00,11,7,2,0,0,0
031502010807,24,201.4501953125,1.9111548355306078,25.0,0.7984063433530095,18,2025-04-07 13:00:00+00:00,18,6,3,2,0,0
031502010807,72,233.74681091308594,1.753428903619935,10.0,0.7285775090132522,16,2025-04-07 20:00:00+00:00,16,5,3,0,0,0
031502010901,3,81.13298034667969,1.3490946582012984,5.0,0.6469205033771287,12,2025-02-13 05:00:00+00:00,12,5,0,0,0,0
031502010901,6,142.7084197998047,1.9545562464132085,50.0,0.8942356752563364,16,2024-09-13 03:00:00+00:00,16,7,3,1,1,0
031502010901,24,185.73680114746094,1.7508442566098712,10.0,0.7487210381246837,22,2025-02-13 06:00:00+00:00,22,8,3,0,0,0
031502010901,72,215.08645629882812,1.593516807060407,10.0,0.6843545868186363,20,2025-02-13 07:00:00+00:00,20,6,1,0,0,0
031502010902,1,46.76482391357422,1.0717303316756008,2.0,0.5322510852322287,1,2012-07-31 09:00:00+00:00,1,0,0,0,0,0
031502010902,3,80.45462036132812,1.3362109039418044,5.0,0.6385570353120847,8,2019-01-23 23:00:00+00:00,8,2,0,0,0,0
031502010902,6,138.27967834472656,1.8901270008888886,25.0,0.8602493279271508,13,2022-04-05 17:00:00+00:00,13,6,2,1,0,0
031502010902,24,177.44961547851562,1.6646673557352436,10.0,0.7087680580100921,20,2025-02-13 06:00:00+00:00,20,6,3,0,0,0
031502010902,72,209.4136199951172,1.542946360568259,10.0,0.6604284977387471,21,2025-02-13 07:00:00+00:00,21,5,1,0,0,0
031502010903,1,48.031761169433594,1.1076252011356136,2.0,0.5506539730705874,1,2012-07-31 12:00:00+00:00,1,0,0,0,0,0
031502010903,3,82.08975982666016,1.3690642512741322,5.0,0.6597617570312282,8,2025-02-13 05:00:00+00:00,8,4,0,0,0,0
031502010903,6,134.5995635986328,1.8504063751482644,25.0,0.8534210397453984,15,2019-01-24 01:00:00+00:00,15,7,2,1,0,0
031502010903,24,203.43263244628906,1.9327933494114762,25.0,0.8316038570171823,20,2025-02-13 07:00:00+00:00,20,7,2,1,0,0
031502010903,72,231.4432373046875,1.7318870497754493,10.0,0.74578879572222,19,2025-02-13 07:00:00+00:00,19,5,1,0,0,0
031502011001,3,93.44419860839844,1.5511595035027217,10.0,0.7391260991177208,11,2025-03-16 04:00:00+00:00,11,7,2,0,0,0
031502011001,6,121.33071899414062,1.6573289508634683,10.0,0.7498933083361232,14,2025-03-16 04:00:00+00:00,14,7,4,0,0,0
031502011001,24,180.92604064941406,1.692577928290242,10.0,0.7164262633836926,19,2025-03-16 05:00:00+00:00,19,5,4,0,0,0
031502011001,72,217.0663604736328,1.595573420737311,10.0,0.6836458275082697,18,2023-03-27 13:00:00+00:00,18,6,1,0,0,0
031502011002,1,61.94611358642578,1.417467598423829,10.0,0.7093975643874589,2,2020-08-31 00:00:00+00:00,2,1,1,0,0,0
031502011002,3,105.22467041015625,1.7467428169111552,25.0,0.8404230081592615,7,2025-03-16 03:00:00+00:00,7,4,2,1,0,0
031502011002,6,142.245361328125,1.948865159340799,50.0,0.8889131697023582,14,2025-03-16 04:00:00+00:00,14,6,3,2,1,0
031502011002,24,171.2090301513672,1.61849984897958,10.0,0.6842529943870107,17,2023-03-27 10:00:00+00:00,17,7,4,0,0,0
031502011002,72,206.39089965820312,1.5274684089162496,10.0,0.6576456750057379,18,2023-03-27 12:00:00+00:00,18,5,1,0,0,0
031502011003,1,55.96554946899414,1.28137443167834,5.0,0.6376138383472579,3,2025-03-16 02:00:00+00:00,3,1,0,0,0,0
031502011003,3,100.75140380859375,1.673667168505133,25.0,0.7983130875919647,8,2025-03-16 04:00:00+00:00,8,3,3,1,0,0
031502011003,6,136.8856964111328,1.872577601071751,25.0,0.8479399895126194,14,2025-03-16 04:00:00+00:00,14,6,4,1,0,0
031502011003,24,180.5928192138672,1.6959662161987497,10.0,0.7163832243037923,17,2025-03-16 05:00:00+00:00,17,6,3,0,0,0
031502011003,72,216.15170288085938,1.5931613337241206,10.0,0.6827182254296675,18,2023-03-27 12:00:00+00:00,18,5,2,0,0,0
031502011004,3,80.6535873413086,1.341881360827785,5.0,0.6456234997038118,6,2025-03-16 04:00:00+00:00,6,3,0,0,0,0
031502011004,6,140.8971405029297,1.9346564200992797,50.0,0.8859558613856418,12,2025-03-16 04:00:00+00:00,12,7,2,1,1,0
031502011004,24,181.75347900390625,1.7216578981401383,10.0,0.7343322879660247,18,2025-02-13 06:00:00+00:00,18,8,4,0,0,0
031502011004,72,215.6208953857422,1.6021698443766088,10.0,0.6929666774294517,21,2025-02-13 07:00:00+00:00,21,6,1,0,0,0
031502011005,1,50.169551849365234,1.1539075987846923,2.0,0.5740613182576682,2,2012-07-31 12:00:00+00:00,2,0,0,0,0,0
031502011005,3,80.31948852539062,1.3376863628632736,5.0,0.6434175707357317,10,2025-02-13 05:00:00+00:00,10,3,0,0,0,0
031502011005,6,137.43060302734375,1.8871289708277619,25.0,0.8676590698644437,14,2024-09-13 03:00:00+00:00,14,7,4,1,0,0
031502011005,24,203.6472930908203,1.929657622105734,25.0,0.829562325249131,22,2025-02-13 06:00:00+00:00,22,7,3,1,0,0
031502011005,72,233.50531005859375,1.7401693529019875,10.0,0.7518712590633245,19,2025-02-13 07:00:00+00:00,19,6,2,0,0,0
031502011006,1,57.49654006958008,1.3265562446877899,5.0,0.6605625794191847,3,2012-07-31 12:00:00+00:00,3,2,0,0,0,0
031502011006,3,81.80531311035156,1.3669857077049208,5.0,0.6589682333150313,11,2024-09-13 00:00:00+00:00,11,5,0,0,0,0
031502011006,6,130.38720703125,1.7982066894206863,25.0,0.8309506759983563,15,2024-09-13 01:00:00+00:00,15,9,6,1,0,0
031502011006,24,210.1646728515625,2.0046424661156683,25.0,0.8677291049982911,25,2025-02-13 06:00:00+00:00,25,7,4,1,0,0
031502011006,72,240.00477600097656,1.800788823676327,25.0,0.7833103219232012,20,2025-02-13 07:00:00+00:00,20,7,3,1,0,0
031502011101,1,62.775291442871094,1.4508665398763851,10.0,0.7229407255880835,3,2014-04-07 10:00:00+00:00,3,2,1,0,0,0
031502011101,3,86.62257385253906,1.4525332190758933,10.0,0.6998372177267453,16,2025-03-16 04:00:00+00:00,16,8,3,0,0,0
031502011101,6,142.3277587890625,1.9719162283318903,50.0,0.912025536796839,19,2025-03-16 04:00:00+00:00,19,11,6,1,1,0
031502011101,24,193.71778869628906,1.8570628968563387,25.0,0.8074721301487668,24,2025-02-13 06:00:00+00:00,24,10,4,1,0,0
031502011101,72,236.8539581298828,1.78568770409523,25.0,0.7829438874390495,23,2025-02-13 06:00:00+00:00,23,8,3,1,0,0
031502011102,1,52.208518981933594,1.2095926406986157,5.0,0.6034163767395516,4,2024-09-14 03:00:00+00:00,4,1,0,0,0,0
031502011102,3,102.80082702636719,1.7254293824120104,25.0,0.8318973100433077,9,2024-09-14 05:00:00+00:00,9,7,2,1,0,0
031502011102,6,122.4862060546875,1.6987273525060969,25.0,0.7893244949344759,12,2024-09-14 07:00:00+00:00,12,9,7,1,0,0
031502011102,24,210.58164978027344,2.0214606984482,50.0,0.890000036765726,22,2025-02-13 06:00:00+00:00,22,9,4,1,1,0
031502011102,72,250.6529083251953,1.8941799707991134,25.0,0.8366854087921645,17,2025-02-13 07:00:00+00:00,17,7,4,2,0,0
031502011201,3,83.32975769042969,1.377153645865505,10.0,0.6644334252216897,7,2012-09-04 14:00:00+00:00,7,4,1,0,0,0
031502011201,6,109.98296356201172,1.5016925995764847,10.0,0.688319054906848,14,2024-01-09 13:00:00+00:00,14,6,4,0,0,0
031502011201,24,206.61805725097656,1.9607900124741013,25.0,0.8226630140396036,17,2025-04-07 13:00:00+00:00,17,5,3,2,0,0
031502011201,72,245.32522583007812,1.8383868957420324,25.0,0.7688296419423731,16,2025-04-07 20:00:00+00:00,16,6,3,1,0,0
031502011202,1,43.89382553100586,1.0121623490941114,2.0,0.5054411299746246,1,2004-02-06 10:00:00+00:00,1,0,0,0,0,0
031502011202,3,84.843505859375,1.413582294593782,10.0,0.683654544490007,8,2012-09-04 14:00:00+00:00,8,4,1,0,0,0
031502011202,6,111.82969665527344,1.5373891846493293,10.0,0.7105044807334402,12,2024-01-09 12:00:00+00:00,12,6,3,0,0,0
031502011202,24,208.05287170410156,1.9841422984508397,25.0,0.847730560246185,17,2024-01-09 16:00:00+00:00,17,5,3,2,0,0
031502011202,72,236.34825134277344,1.7792142432788571,25.0,0.7573957691398279,16,2018-05-31 21:00:00+00:00,16,5,3,1,0,0
031502011203,1,46.33469772338867,1.0605543442333294,2.0,0.5316602634761394,1,2004-02-06 10:00:00+00:00,1,0,0,0,0,0
031502011203,3,82.11002349853516,1.3583611451671362,5.0,0.6555395802349403,6,2012-03-23 08:00:00+00:00,6,2,0,0,0,0
031502011203,6,105.51116180419922,1.442330159899875,10.0,0.6630768252619448,12,2024-01-09 12:00:00+00:00,12,7,2,0,0,0
031502011203,24,212.25242614746094,2.0146999735589146,25.0,0.8547084606475123,15,2025-04-07 13:00:00+00:00,15,3,3,2,0,0
031502011203,72,240.43533325195312,1.800330730410876,25.0,0.7625145024242892,12,2018-05-31 20:00:00+00:00,12,5,3,2,0,0
031502011204,1,48.28680419921875,1.1151845413507897,2.0,0.5566196150633185,2,2013-08-14 19:00:00+00:00,2,0,0,0,0,0
031502011204,3,88.92527770996094,1.4840609972095142,10.0,0.7181814433630086,9,2013-08-14 20:00:00+00:00,9,4,2,0,0,0
031502011204,6,117.79383087158203,1.6221193664211484,10.0,0.7521221902674984,14,2024-01-09 12:00:00+00:00,14,7,4,0,0,0
031502011204,24,219.11192321777344,2.0913815471077983,50.0,0.9023001382438955,20,2024-01-09 16:00:00+00:00,20,5,3,2,2,0
031502011204,72,243.9788360595703,1.8362203036115963,25.0,0.790344408558275,16,2018-05-31 21:00:00+00:00,16,6,3,1,0,0
031502011205,1,47.76201248168945,1.10442503681819,2.0,0.5512879713981418,2,2024-09-14 04:00:00+00:00,2,0,0,0,0,0
031502011205,3,85.54466247558594,1.4308266206584725,10.0,0.6915962992084784,8,2024-09-14 05:00:00+00:00,8,4,2,0,0,0
031502011205,6,114.19464874267578,1.5770959807042702,10.0,0.733030984931951,17,2024-09-14 08:00:00+00:00,17,7,3,0,0,0
031502011205,24,220.80003356933594,2.1120958118586817,50.0,0.9229303988842418,19,2025-02-13 07:00:00+00:00,19,8,2,2,1,0
031502011205,72,252.57203674316406,1.902307808174851,25.0,0.8315011930205805,18,2025-02-13 07:00:00+00:00,18,8,5,1,0,0
031502011206,1,44.675621032714844,1.0291570712309364,2.0,0.5153755535355411,1,2002-09-22 16:00:00+00:00,1,0,0,0,0,0
031502011206,3,86.72541809082031,1.4439043664163336,10.0,0.6984958413298344,9,2013-08-14 20:00:00+00:00,9,2,1,0,0,0
031502011206,6,114.2178726196289,1.570599835732488,10.0,0.7282394525603252,15,2024-09-14 08:00:00+00:00,15,4,2,0,0,0
031502011206,24,223.22572326660156,2.127919319114396,50.0,0.9220180595714749,18,2025-02-13 07:00:00+00:00,18,6,3,2,2,0
031502011206,72,255.31707763671875,1.9182343476373642,25.0,0.8303035107153306,15,2024-09-14 20:00:00+00:00,15,7,3,1,0,0
031502011207,3,82.89456176757812,1.3783705244294444,10.0,0.6651239188409017,6,2024-09-14 05:00:00+00:00,6,3,1,0,0,0
031502011207,6,114.2564697265625,1.5702799935335987,10.0,0.7264430889956921,12,2024-09-14 07:00:00+00:00,12,4,4,0,0,0
031502011207,24,219.7998504638672,2.093472397357328,50.0,0.9105813570187572,20,2025-02-13 07:00:00+00:00,20,6,3,2,1,0
031502011207,72,251.6279296875,1.8895279719222684,25.0,0.8226460561699727,16,2024-09-14 09:00:00+00:00,16,9,3,1,0,0
031502020101,1,58.813961029052734,1.3549758256725437,5.0,0.6621577310077025,4,2013-06-05 19:00:00+00:00,4,2,0,0,0,0
031502020101,3,106.34163665771484,1.7648263205408727,25.0,0.8622355573010038,6,2015-12-26 02:00:00+00:00,6,5,3,3,0,0
031502020101,6,132.68003845214844,1.822395631752835,25.0,0.8743933289391532,12,2022-11-30 08:00:00+00:00,12,5,5,2,0,0
031502020101,24,185.637451171875,1.76937037743637,25.0,0.7932525707973852,22,2022-06-09 03:00:00+00:00,22,5,2,1,0,0
031502020101,72,246.150390625,1.834351077275417,25.0,0.8128420592838307,17,2017-06-24 15:00:00+00:00,17,7,4,1,0,0
031502020102,1,64.05854034423828,1.4811646688492048,10.0,0.720437224245827,4,2013-06-05 19:00:00+00:00,4,2,1,0,0,0
031502020102,3,105.60029602050781,1.754702338910368,25.0,0.8509669417026092,5,2013-06-05 20:00:00+00:00,5,4,2,1,0,0
031502020102,6,126.43254089355469,1.7355680896680508,25.0,0.8269285210388307,10,2021-05-04 23:00:00+00:00,10,4,4,2,0,0
031502020102,24,182.6447296142578,1.7440455802556023,25.0,0.7844655168603559,20,2022-06-09 03:00:00+00:00,20,4,2,1,0,0
031502020102,72,239.3407745361328,1.786306524853167,25.0,0.8012165321166901,13,2017-06-24 16:00:00+00:00,13,7,4,1,0,0
031502020103,1,47.107994079589844,1.087380599586527,2.0,0.5248750253167545,2,2020-04-13 04:00:00+00:00,2,0,0,0,0,0
031502020103,3,79.43852233886719,1.320272959661936,5.0,0.6274673507095163,6,2022-06-08 13:00:00+00:00,6,3,0,0,0,0
031502020103,6,146.99790954589844,2.0203281045077697,50.0,0.9396071087455019,16,2022-06-08 13:00:00+00:00,16,8,3,1,1,0
031502020103,24,217.28028869628906,2.069730161275219,50.0,0.9084156483083894,17,2022-06-09 03:00:00+00:00,17,4,2,1,1,0
031502020103,72,218.35153198242188,1.6246922547696758,10.0,0.7056834089640446,16,2022-06-09 03:00:00+00:00,16,5,3,0,0,0
031502020104,1,49.30499267578125,1.1355567561769422,2.0,0.5495160131587262,2,2020-04-13 04:00:00+00:00,2,0,0,0,0,0
031502020104,3,83.83905029296875,1.3922684140549575,10.0,0.6659522791242576,7,2022-06-08 13:00:00+00:00,7,3,1,0,0,0
031502020104,6,144.62107849121094,1.988118785155361,50.0,0.9315154720523191,14,2022-11-30 08:00:00+00:00,14,8,3,1,1,0
031502020104,24,220.6378631591797,2.100192609793111,50.0,0.9228300810428265,19,2022-06-09 03:00:00+00:00,19,3,2,1,1,0
031502020104,72,221.92263793945312,1.649707265826303,10.0,0.7134890957590364,17,2022-06-09 03:00:00+00:00,17,7,3,0,0,0
031502020201,1,104.53805541992188,2.4100715384786957,200.0,1.1521938080748948,3,2021-10-07 03:00:00+00:00,3,1,1,1,1,1
031502020201,3,153.48118591308594,2.552790882674715,200.0,1.185035441937465,10,2025-04-06 15:00:00+00:00,10,4,3,1,1,1
031502020201,6,201.79425048828125,2.7771404044628474,200.0,1.2497498775492804,13,2022-06-08 12:00:00+00:00,13,6,6,4,2,1
031502020201,24,230.24880981445312,2.200711795969379,50.0,0.9319136253433312,16,2021-10-07 07:00:00+00:00,16,8,3,2,1,0
031502020201,72,238.4263916015625,1.7739114048517841,10.0,0.7492303533102633,13,2021-10-07 07:00:00+00:00,13,7,5,0,0,0
031502020202,1,80.37432861328125,1.852804298773586,25.0,0.8841130020547832,3,2021-10-07 03:00:00+00:00,3,1,1,1,0,0
031502020202,3,138.4584197998047,2.302855566289432,100.0,1.0703271196689466,9,2022-06-08 12:00:00+00:00,9,5,3,2,2,1
031502020202,6,184.02784729003906,2.532844573506567,200.0,1.1459171227933096,14,2022-06-08 12:00:00+00:00,14,8,6,4,3,1
031502020202,24,234.48890686035156,2.2375670080160015,50.0,0.9555587163670755,16,2022-06-09 03:00:00+00:00,16,8,3,2,2,0
031502020202,72,242.44581604003906,1.8026093146959674,25.0,0.764282641237693,13,2021-10-07 06:00:00+00:00,13,8,4,1,0,0
031502020203,1,85.68022918701172,1.9715397444105236,50.0,0.9479691260520106,2,2021-05-04 23:00:00+00:00,2,1,1,1,1,0
031502020203,3,114.3761978149414,1.8989503567329102,25.0,0.8850181863846698,6,2022-06-08 10:00:00+00:00,6,4,2,1,0,0
031502020203,6,158.67945861816406,2.181242378420729,50.0,0.9814721471016287,13,2022-06-08 12:00:00+00:00,13,6,4,2,2,0
031502020203,24,181.3409881591797,1.7355160535236207,10.0,0.7309280423794551,19,2021-10-07 08:00:00+00:00,19,5,3,0,0,0
031502020203,72,210.00233459472656,1.5637095336416666,10.0,0.6582017554422867,15,2021-10-07 07:00:00+00:00,15,7,4,0,0,0
031502020204,1,73.23770904541016,1.6855866903547014,25.0,0.8045169176517429,3,2021-10-07 03:00:00+00:00,3,2,1,1,0,0
031502020204,3,125.40412139892578,2.08349046806844,50.0,0.9707659071791723,8,2022-06-08 11:00:00+00:00,8,5,2,2,2,0
031502020204,6,158.7109375,2.185726107269724,50.0,0.9924498128850939,13,2022-06-08 12:00:00+00:00,13,8,5,3,3,0
031502020204,24,214.9152069091797,2.0560075145768377,50.0,0.877917572198852,17,2024-09-15 06:00:00+00:00,17,7,3,2,1,0
031502020204,72,256.0519104003906,1.90770858254963,25.0,0.80432241586515,14,2021-10-07 05:00:00+00:00,14,7,5,1,0,0
031502020205,1,89.57635498046875,2.043309926350175,50.0,0.9995257361617369,2,2012-07-31 08:00:00+00:00,2,1,1,1,1,0
031502020205,3,135.99713134765625,2.239083603937015,100.0,1.0572517236107604,5,2021-05-04 23:00:00+00:00,5,2,2,2,1,1
031502020205,6,189.6387481689453,2.590325572319131,200.0,1.1707222417297267,8,2021-05-05 00:00:00+00:00,8,4,3,3,2,1
031502020205,24,194.8128204345703,1.861508611339633,25.0,0.7802928647623527,18,2021-05-05 02:00:00+00:00,18,8,3,1,0,0
031502020205,72,202.6175994873047,1.5051376611855465,10.0,0.6325569746241809,17,2021-05-05 02:00:00+00:00,17,7,2,0,0,0
031502020206,1,82.31689453125,1.8771093723136454,50.0,0.915328483210874,1,2012-07-31 08:00:00+00:00,1,1,1,1,1,0
031502020206,3,116.74462890625,1.921703977268044,50.0,0.9055915590598532,5,2021-05-04 23:00:00+00:00,5,2,2,1,1,0
031502020206,6,159.78573608398438,2.183983763340369,50.0,0.9875403421913774,9,2021-05-05 00:00:00+00:00,9,5,4,3,1,0
031502020206,24,179.480224609375,1.716720433105181,10.0,0.7208247880919214,15,2021-05-05 02:00:00+00:00,15,7,2,0,0,0
031502020206,72,209.37351989746094,1.5561047263114223,10.0,0.6524879578305525,16,2021-10-07 06:00:00+00:00,16,6,1,0,0,0
031502020301,1,44.71185302734375,1.028927070514925,2.0,0.4936798646612716,1,2020-04-13 04:00:00+00:00,1,0,0,0,0,0
031502020301,3,79.3674545288086,1.3188132575992662,5.0,0.6217397009787224,7,2022-06-08 12:00:00+00:00,7,3,0,0,0,0
031502020301,6,153.03140258789062,2.109172128617469,50.0,0.9722048054374366,11,2022-06-08 13:00:00+00:00,11,7,4,1,1,0
031502020301,24,223.89967346191406,2.1419814990169628,50.0,0.9249931723996235,16,2022-06-09 03:00:00+00:00,16,4,1,1,1,0
031502020301,72,225.7384033203125,1.6837910794408104,10.0,0.7133373370332725,15,2022-06-09 03:00:00+00:00,15,6,3,0,0,0
031502020302,1,47.53917694091797,1.073559625856942,2.0,0.5316629155834669,1,2012-07-31 08:00:00+00:00,1,0,0,0,0,0
031502020302,3,85.73332214355469,1.3987103090123991,10.0,0.6692478930007106,11,2025-04-06 14:00:00+00:00,11,2,1,0,0,0
031502020302,6,126.32640838623047,1.717194730850225,25.0,0.7850624028844654,11,2021-05-04 23:00:00+00:00,11,7,3,1,0,0
031502020302,24,172.9938507080078,1.6534913496009407,10.0,0.6931905757118582,16,2020-04-20 09:00:00+00:00,16,6,1,0,0,0
031502020302,72,212.43748474121094,1.5797884412213132,10.0,0.6574980922618023,14,2021-06-22 11:00:00+00:00,14,6,3,0,0,0
031502020303,1,75.75465393066406,1.7257469536661558,25.0,0.836855455228022,2,2020-04-13 04:00:00+00:00,2,1,1,1,0,0
031502020303,3,102.31049346923828,1.683056697850838,25.0,0.7910357204372664,5,2021-05-04 23:00:00+00:00,5,1,1,1,0,0
031502020303,6,133.61541748046875,1.8283075753164861,25.0,0.8286293068393942,10,2021-05-04 23:00:00+00:00,10,6,3,1,0,0
031502020303,24,179.2788543701172,1.7185503557177577,10.0,0.7237503239429003,15,2020-02-11 13:00:00+00:00,15,6,1,0,0,0
031502020303,72,228.0782012939453,1.6991051190720676,10.0,0.708489616938476,16,2020-02-13 11:00:00+00:00,16,4,1,0,0,0
031502020401,1,54.535743713378906,1.250363231218845,5.0,0.6174196841421393,3,2016-11-29 05:00:00+00:00,3,1,0,0,0,0
031502020401,3,107.41690063476562,1.7818062319606291,25.0,0.8462934969073966,11,2025-03-16 03:00:00+00:00,11,3,3,1,0,0
031502020401,6,178.2646942138672,2.4404741509474004,100.0,1.1028188205942024,14,2022-03-23 07:00:00+00:00,14,5,3,1,1,1
031502020401,24,188.2568817138672,1.7841962281112491,25.0,0.7479598492660756,22,2020-04-20 09:00:00+00:00,22,8,4,1,0,0
031502020401,72,203.4789276123047,1.5080629446147948,10.0,0.6417313269977594,15,2020-04-20 09:00:00+00:00,15,9,3,0,0,0
031502020402,1,57.62990188598633,1.3192083773223964,5.0,0.6553846036580205,1,2012-07-31 11:00:00+00:00,1,1,0,0,0,0
031502020402,3,108.2220458984375,1.7938660948632705,25.0,0.8559761822408837,8,2025-03-16 03:00:00+00:00,8,3,1,1,0,0
031502020402,6,167.140869140625,2.286166720951083,100.0,1.0355106637341793,11,2025-03-16 04:00:00+00:00,11,4,2,1,1,1
031502020402,24,179.61146545410156,1.6979795556392747,10.0,0.713172939980141,12,2020-04-20 09:00:00+00:00,12,7,1,0,0,0
031502020402,72,197.40296936035156,1.4594345373366546,10.0,0.6229072100019576,16,2020-04-20 09:00:00+00:00,16,6,1,0,0,0
031502020403,1,59.58344650268555,1.3645717322359174,5.0,0.6693340615862504,3,2021-05-04 23:00:00+00:00,3,1,0,0,0,0
031502020403,3,108.05851745605469,1.7874901669228471,25.0,0.8454486195222116,8,2022-06-08 10:00:00+00:00,8,2,2,1,0,0
031502020403,6,166.3841094970703,2.2765700401507623,100.0,1.0281790144358418,12,2022-06-08 12:00:00+00:00,12,4,3,2,2,1
031502020403,24,171.78773498535156,1.635595517581297,10.0,0.6855568101936899,19,2021-05-05 01:00:00+00:00,19,9,3,0,0,0
031502020403,72,202.91571044921875,1.5060572398094536,10.0,0.6376610735422572,18,2021-10-07 08:00:00+00:00,18,7,4,0,0,0
031502020404,1,46.311866760253906,1.0557838153060881,2.0,0.5313217957954134,1,2012-07-31 11:00:00+00:00,1,0,0,0,0,0
031502020404,3,86.62527465820312,1.4304891696194244,10.0,0.6923450801706432,6,2025-03-16 03:00:00+00:00,6,3,1,0,0,0
031502020404,6,120.04149627685547,1.6402125957348523,10.0,0.7505801712236214,8,2025-03-16 04:00:00+00:00,8,3,2,0,0,0
031502020404,24,156.33509826660156,1.4826147529729434,10.0,0.624795190470314,15,2020-04-20 09:00:00+00:00,15,4,1,0,0,0
031502020404,72,218.14263916015625,1.611761914069361,10.0,0.6928426540520577,14,2020-03-05 11:00:00+00:00,14,4,1,0,0,0
031502020405,1,46.818660736083984,1.0616143525706967,2.0,0.5335798545095747,2,2012-07-31 11:00:00+00:00,2,0,0,0,0,0
031502020405,3,85.26704406738281,1.398414882751658,10.0,0.6758858436773132,8,2021-05-04 23:00:00+00:00,8,2,1,0,0,0
031502020405,6,132.04881286621094,1.795958124298322,25.0,0.8212360684708884,12,2021-05-05 00:00:00+00:00,12,3,3,1,0,0
031502020405,24,173.26873779296875,1.6440083707136621,10.0,0.6911444489822247,18,2021-05-05 01:00:00+00:00,18,7,1,0,0,0
031502020405,72,261.22528076171875,1.9254029410180544,25.0,0.8217730951012094,18,2021-05-05 02:00:00+00:00,18,7,1,1,0,0
031502020406,1,53.06041717529297,1.1941405301057555,2.0,0.6057096444800348,2,2009-09-21 16:00:00+00:00,2,0,0,0,0,0
031502020406,3,85.74705505371094,1.39659126060153,10.0,0.6819613137474919,9,2025-04-06 14:00:00+00:00,9,4,1,0,0,0
031502020406,6,129.68994140625,1.7581360741033973,25.0,0.8112503128371372,11,2025-04-06 16:00:00+00:00,11,5,4,1,0,0
031502020406,24,174.58856201171875,1.6581433762377482,10.0,0.6961348835486335,18,2021-05-05 02:00:00+00:00,18,5,2,0,0,0
031502020406,72,239.365234375,1.7674901511591226,25.0,0.7461417459630809,18,2020-02-13 10:00:00+00:00,18,6,3,1,0,0
031502020407,1,49.5673942565918,1.118026795557169,2.0,0.5641330099408909,2,2009-09-21 16:00:00+00:00,2,0,0,0,0,0
031502020407,3,86.0169677734375,1.4035247007183886,10.0,0.6813542835460918,9,2021-05-04 23:00:00+00:00,9,5,1,0,0,0
031502020407,6,137.793701171875,1.8695329760288066,25.0,0.8586314094471755,12,2021-05-05 00:00:00+00:00,12,6,3,2,0,0
031502020407,24,178.69773864746094,1.6971228896709505,10.0,0.7130608798881214,18,2021-05-05 02:00:00+00:00,18,6,2,0,0,0
031502020407,72,251.0992889404297,1.8517510412736726,25.0,0.7844367305917452,16,2021-05-05 02:00:00+00:00,16,8,2,1,0,0
031502020501,1,64.37335205078125,1.4491592220353733,10.0,0.7420214890035524,2,2016-09-17 19:00:00+00:00,2,1,1,0,0,0
031502020501,3,81.57145690917969,1.3301075896492638,5.0,0.6560199996136978,11,2025-04-06 14:00:00+00:00,11,4,0,0,0,0
031502020501,6,126.70036315917969,1.7193272297300737,25.0,0.7987010216181026,14,2025-04-06 16:00:00+00:00,14,4,3,1,0,0
031502020501,24,166.81216430664062,1.583129005428647,10.0,0.6658088608331945,18,2021-05-05 02:00:00+00:00,18,4,2,0,0,0
031502020501,72,232.43179321289062,1.7172937270615354,10.0,0.729620170499495,16,2020-02-13 10:00:00+00:00,16,5,2,0,0,0
031502020502,1,53.14166259765625,1.1978795053049103,5.0,0.6177540158184075,2,2021-12-30 04:00:00+00:00,2,1,0,0,0,0
031502020502,3,91.60807037353516,1.4971579955917103,10.0,0.7441152293272963,8,2021-05-04 23:00:00+00:00,8,1,1,0,0,0
031502020502,6,115.48211669921875,1.5690834629311299,10.0,0.7324027089249135,11,2021-05-05 00:00:00+00:00,11,5,3,0,0,0
031502020502,24,180.750244140625,1.7125602502424302,10.0,0.7233566605969504,18,2021-05-05 02:00:00+00:00,18,4,1,0,0,0
031502020502,72,248.6587371826172,1.8326060447966062,25.0,0.7893541774417283,15,2020-03-05 10:00:00+00:00,15,6,3,1,0,0
031502020503,3,76.72167205810547,1.26170903765652,5.0,0.6228502710998138,8,2025-03-16 03:00:00+00:00,8,1,0,0,0,0
031502020503,6,117.32286834716797,1.601226166215114,10.0,0.7439542964252658,12,2025-03-16 04:00:00+00:00,12,3,1,0,0,0
031502020503,24,155.1810302734375,1.4736060444120407,10.0,0.6241358787747262,14,2020-04-20 08:00:00+00:00,14,4,1,0,0,0
031502020503,72,250.00238037109375,1.8450155168730211,25.0,0.8004650793031385,16,2024-09-14 22:00:00+00:00,16,5,1,1,0,0
031502020504,1,54.152042388916016,1.2232325522486776,5.0,0.6328554828536768,1,2009-09-21 05:00:00+00:00,1,1,0,0,0,0
031502020504,3,99.42359161376953,1.6299402662910474,25.0,0.81397083259254,6,2018-05-29 14:00:00+00:00,6,2,1,1,0,0
031502020504,6,125.77796936035156,1.7135200315718828,25.0,0.8033503881887017,9,2021-05-05 00:00:00+00:00,9,3,2,1,0,0
031502020504,24,190.21649169921875,1.8041958296568787,25.0,0.7653942313523331,17,2020-04-20 08:00:00+00:00,17,3,1,1,0,0
031502020504,72,254.11717224121094,1.879666300595644,25.0,0.8184108232934295,15,2020-03-05 11:00:00+00:00,15,5,2,2,0,0
031502020505,1,55.810508728027344,1.261935559596421,5.0,0.6534745938184202,2,2009-09-21 05:00:00+00:00,2,1,0,0,0,0
031502020505,3,109.21270751953125,1.7924607265424295,25.0,0.8965446595750437,6,2018-05-29 14:00:00+00:00,6,2,2,1,0,0
031502020505,6,146.5725860595703,1.9988567420332832,50.0,0.9391688414706421,7,2018-05-29 15:00:00+00:00,7,4,2,1,1,0
031502020505,24,216.38328552246094,2.054257282367362,50.0,0.8741705036584031,20,2020-04-20 08:00:00+00:00,20,3,1,1,1,0
031502020505,72,264.8459167480469,1.967995569912253,25.0,0.8626834664185296,15,2020-02-13 11:00:00+00:00,15,5,3,2,0,0
031502020506,1,48.63571548461914,1.106000236936742,2.0,0.5671866312813305,5,2025-03-16 01:00:00+00:00,5,0,0,0,0,0
031502020506,3,95.31581115722656,1.5758190772885516,10.0,0.7803358615308794,10,2025-03-16 03:00:00+00:00,10,5,3,0,0,0
031502020506,6,113.13993072509766,1.5525556231715019,10.0,0.7251524243901524,13,2025-03-16 04:00:00+00:00,13,5,5,0,0,0
031502020506,24,149.51084899902344,1.4242276048492082,5.0,0.6079551481595571,16,2024-09-14 22:00:00+00:00,16,7,0,0,0,0
031502020506,72,261.91534423828125,1.947473645007364,25.0,0.8553139944144493,15,2024-09-14 22:00:00+00:00,15,5,1,1,0,0
031502020507,3,102.65898132324219,1.6857279706649402,25.0,0.8417817059137295,7,2025-03-16 02:00:00+00:00,7,2,1,1,0,0
031502020507,6,124.58985900878906,1.699873413221331,25.0,0.7985906676417959,5,2012-09-04 14:00:00+00:00,5,4,2,1,0,0
031502020507,24,207.78602600097656,1.9726573978203519,25.0,0.8429384173925643,15,2020-04-20 08:00:00+00:00,15,3,1,1,0,0
031502020507,72,260.1441345214844,1.9383335448834402,25.0,0.8553760994518212,16,2018-05-31 05:00:00+00:00,16,4,3,2,0,0
031502020601,1,48.858123779296875,1.1090540130609543,2.0,0.5699758752381489,1,2025-03-16 01:00:00+00:00,1,0,0,0,0,0
031502020601,3,84.4349136352539,1.3932279082692614,10.0,0.6899633793922754,7,2025-03-16 02:00:00+00:00,7,3,2,0,0,0
031502020601,6,101.19770812988281,1.3871511643443066,10.0,0.6491997528492285,11,2025-03-16 04:00:00+00:00,11,5,1,0,0,0
031502020601,24,150.2168426513672,1.4308860674821207,5.0,0.6159372956236284,13,2020-04-20 08:00:00+00:00,13,5,0,0,0,0
031502020601,72,226.3790740966797,1.695786992000979,10.0,0.7527228847264634,18,2024-09-14 21:00:00+00:00,18,4,3,0,0,0
031502020602,1,48.04529571533203,1.0937870922185582,2.0,0.5585762451797839,1,2025-03-16 01:00:00+00:00,1,0,0,0,0,0
031502020602,3,89.34968566894531,1.478130809128327,10.0,0.7251694024171994,8,2025-03-16 02:00:00+00:00,8,3,2,0,0,0
031502020602,6,112.41958618164062,1.5445727349421399,10.0,0.7196941210988423,12,2025-03-16 04:00:00+00:00,12,5,2,0,0,0
031502020602,24,154.07269287109375,1.4712507775993275,10.0,0.6387895573051785,15,2020-04-20 08:00:00+00:00,15,5,1,0,0,0
031502020602,72,222.26727294921875,1.6762609923292475,10.0,0.7480636574862632,16,2018-05-31 05:00:00+00:00,16,8,3,0,0,0
031502020603,1,53.23931884765625,1.219710746324999,5.0,0.6191078936945059,3,2025-03-16 01:00:00+00:00,3,1,0,0,0,0
031502020603,3,111.43306732177734,1.8584576058560458,50.0,0.9085954025482877,14,2025-03-16 03:00:00+00:00,14,3,3,2,1,0
031502020603,6,130.39675903320312,1.8041634495625187,25.0,0.8398480819944034,19,2025-03-16 04:00:00+00:00,19,5,3,2,0,0
031502020603,24,183.22557067871094,1.7565455321101722,25.0,0.7617538956968977,17,2025-03-16 04:00:00+00:00,17,5,2,1,0,0
031502020603,72,198.1408233642578,1.4952308040371707,10.0,0.6637389659128758,18,2024-09-14 21:00:00+00:00,18,9,1,0,0,0
031502020701,1,52.92416763305664,1.2140607058571367,5.0,0.6131977301750261,3,2021-06-06 21:00:00+00:00,3,1,0,0,0,0
031502020701,3,89.92622375488281,1.4990378050767448,10.0,0.7242886451081137,10,2025-03-16 03:00:00+00:00,10,2,1,0,0,0
031502020701,6,117.23922729492188,1.6214668903011087,10.0,0.7504737641066869,16,2025-03-16 04:00:00+00:00,16,5,2,0,0,0
031502020701,24,162.1637420654297,1.5553938574654358,10.0,0.6847986268831406,12,2023-03-27 08:00:00+00:00,12,5,2,0,0,0
031502020701,72,183.8284912109375,1.3963986295168003,5.0,0.6264295127759937,16,2021-06-09 00:00:00+00:00,16,10,0,0,0,0
031502020702,1,55.55118179321289,1.2787810174353842,5.0,0.6436678484064114,4,2024-09-14 02:00:00+00:00,4,1,0,0,0,0
031502020702,3,106.75423431396484,1.78771461889623,25.0,0.8640067328803104,11,2025-03-16 03:00:00+00:00,11,2,2,1,0,0
031502020702,6,127.44420623779297,1.7691343879480161,25.0,0.8201712301128165,19,2025-03-16 04:00:00+00:00,19,6,2,1,0,0
031502020702,24,176.78724670410156,1.699030237983456,10.0,0.7466708721606775,15,2025-03-16 04:00:00+00:00,15,6,2,0,0,0
031502020702,72,195.67103576660156,1.4866712216288653,10.0,0.6639630314986644,18,2024-09-14 21:00:00+00:00,18,7,1,0,0,0
031502020703,1,44.462425231933594,1.0281714945393257,2.0,0.5149090262746212,2,2024-09-14 02:00:00+00:00,2,0,0,0,0,0
031502020703,3,83.07270050048828,1.3952305409879926,10.0,0.6705321546264481,10,2025-03-16 03:00:00+00:00,10,5,1,0,0,0
031502020703,6,128.6937713623047,1.7897482571606957,25.0,0.829182245435798,16,2025-03-16 04:00:00+00:00,16,11,5,1,0,0
031502020703,24,169.6362762451172,1.6315864954891974,10.0,0.7238323115684406,19,2025-02-13 06:00:00+00:00,19,5,3,0,0,0
031502020703,72,203.08555603027344,1.5430599481940115,10.0,0.6907397646470145,19,2025-02-13 06:00:00+00:00,19,6,1,0,0,0
031502020801,1,46.4390983581543,1.0611996139509818,2.0,0.5403280384029487,1,2024-09-14 02:00:00+00:00,1,0,0,0,0,0
031502020801,3,102.68579864501953,1.7065837945112223,25.0,0.8391038321324522,10,2025-03-16 03:00:00+00:00,10,6,3,2,0,0
031502020801,6,120.81089782714844,1.6651709844227538,25.0,0.7751660651690364,15,2025-03-16 04:00:00+00:00,15,8,4,1,0,0
031502020801,24,152.06842041015625,1.453366146584527,10.0,0.6220557488072757,17,2024-09-14 22:00:00+00:00,17,6,1,0,0,0
031502020801,72,234.67581176757812,1.7519222697709882,25.0,0.7695881183760942,18,2024-09-14 22:00:00+00:00,18,5,3,1,0,0
031502020802,1,46.97650909423828,1.0776739509623132,2.0,0.5433143957869961,1,2005-04-30 11:00:00+00:00,1,0,0,0,0,0
031502020802,3,98.31189727783203,1.638301479206083,25.0,0.7969225530230867,9,2025-03-16 03:00:00+00:00,9,4,1,1,0,0
031502020802,6,126.87349700927734,1.7501385785047803,25.0,0.8080576321506358,15,2025-03-16 04:00:00+00:00,15,7,3,1,0,0
031502020802,24,163.20899963378906,1.5596152509053933,10.0,0.6654379005875698,18,2025-03-16 04:00:00+00:00,18,6,1,0,0,0
031502020802,72,185.53399658203125,1.384683230720482,5.0,0.6037527641804992,16,2024-09-14 22:00:00+00:00,16,8,0,0,0,0
031502020803,1,52.39043045043945,1.2057886762490666,5.0,0.6068995052415966,6,2024-09-14 02:00:00+00:00,6,1,0,0,0,0
031502020803,3,112.79336547851562,1.8884934041896793,50.0,0.9168908866854266,14,2025-03-16 03:00:00+00:00,14,8,3,3,1,0
031502020803,6,142.19635009765625,1.9720621103354998,50.0,0.9147824793515349,20,2025-03-16 04:00:00+00:00,20,8,5,3,2,0
031502020803,24,180.66969299316406,1.734916720907124,10.0,0.7523847643014934,21,2025-03-16 04:00:00+00:00,21,10,2,0,0,0
031502020803,72,203.92083740234375,1.5401553288486622,10.0,0.6801604571682799,20,2024-09-14 22:00:00+00:00,20,8,3,0,0,0
031502020804,1,52.79005813598633,1.2187244764639937,5.0,0.6092878712957087,4,2024-09-14 03:00:00+00:00,4,1,0,0,0,0
031502020804,3,105.36320495605469,1.7669935192585762,25.0,0.8529553317236316,12,2025-03-16 04:00:00+00:00,12,5,2,2,0,0
031502020804,6,137.172119140625,1.9025734202034388,25.0,0.8800151991947333,18,2025-03-16 04:00:00+00:00,18,9,4,3,0,0
031502020804,24,181.0166015625,1.7376233379047512,10.0,0.754314347383261,18,2025-02-13 06:00:00+00:00,18,10,3,0,0,0
031502020804,72,207.8887176513672,1.568616187420956,10.0,0.6896808480709676,23,2025-02-13 07:00:00+00:00,23,9,3,0,0,0
031502020805,1,60.46593475341797,1.3995859682389158,10.0,0.6997012104827103,3,2024-09-14 03:00:00+00:00,3,1,1,0,0,0
031502020805,3,115.38209533691406,1.9387838980807046,50.0,0.9338846169887253,12,2025-03-16 04:00:00+00:00,12,4,1,1,1,0
031502020805,6,143.50244140625,1.9950158497356445,50.0,0.9257412929750942,15,2025-03-16 04:00:00+00:00,15,8,6,2,1,0
031502020805,24,177.67520141601562,1.7087823545532872,10.0,0.7541097298601329,18,2025-02-13 06:00:00+00:00,18,8,4,0,0,0
031502020805,72,216.1896514892578,1.6393674641891418,10.0,0.7292433288394582,16,2025-02-13 06:00:00+00:00,16,6,4,0,0,0
031502020901,1,51.90662384033203,1.2019374371152947,5.0,0.6015933429999395,1,2024-09-14 03:00:00+00:00,1,1,0,0,0,0
031502020901,3,91.94812774658203,1.5415625027742161,10.0,0.7422559460818366,8,2024-09-14 05:00:00+00:00,8,3,1,0,0,0
031502020901,6,117.3169174194336,1.6261362334621328,10.0,0.7547268730373944,13,2024-09-14 07:00:00+00:00,13,8,6,0,0,0
031502020901,24,206.20510864257812,1.9775015679964383,25.0,0.8754436727623951,19,2025-02-13 06:00:00+00:00,19,11,3,1,0,0
031502020901,72,237.09022521972656,1.7925987347191004,25.0,0.7960979452536706,17,2025-02-13 07:00:00+00:00,17,8,2,1,0,0
031502020902,3,74.8697280883789,1.2524483773589559,5.0,0.6013549293443343,9,2024-09-14 04:00:00+00:00,9,2,0,0,0,0
031502020902,6,117.76118469238281,1.6299861831005862,10.0,0.7541052190229686,12,2024-09-14 07:00:00+00:00,12,8,4,0,0,0
031502020902,24,184.6680145263672,1.768403075158301,25.0,0.7851974944651253,17,2025-02-13 06:00:00+00:00,17,6,3,1,0,0
031502020902,72,218.23333740234375,1.6509885048953075,10.0,0.7371094214233218,17,2025-02-13 07:00:00+00:00,17,5,1,0,0,0
031502030101,1,46.562191009521484,1.062679362248613,2.0,0.5382429048043996,2,2021-06-06 21:00:00+00:00,2,0,0,0,0,0
031502030101,3,93.9392318725586,1.5548363558680165,10.0,0.7505061071499237,10,2025-03-16 03:00:00+00:00,10,4,1,0,0,0
031502030101,6,118.4310531616211,1.6275544581762458,10.0,0.7513719088348815,13,2025-03-16 04:00:00+00:00,13,6,3,0,0,0
031502030101,24,163.85086059570312,1.5662912903432165,10.0,0.689362171495668,13,2020-04-20 08:00:00+00:00,13,6,3,0,0,0
031502030101,72,222.3077392578125,1.6845994840508596,10.0,0.7567406991930252,15,2021-06-09 00:00:00+00:00,15,7,2,0,0,0
031502030102,1,44.41835021972656,1.0152162828359717,2.0,0.5141386663445859,1,2010-01-24 15:00:00+00:00,1,0,0,0,0,0
031502030102,3,85.6432113647461,1.4206113187293972,10.0,0.6869444022759765,8,2025-03-16 03:00:00+00:00,8,3,2,0,0,0
031502030102,6,115.10423278808594,1.5848593108839046,10.0,0.7328866593973706,11,2025-03-16 04:00:00+00:00,11,7,3,0,0,0
031502030102,24,161.92478942871094,1.5489311642267867,10.0,0.6812491090507048,11,2020-04-20 08:00:00+00:00,11,5,3,0,0,0
031502030102,72,202.26544189453125,1.5331711866592193,10.0,0.6882970061174598,16,2021-06-09 00:00:00+00:00,16,9,1,0,0,0
031502030103,1,61.50635528564453,1.3995991461610555,10.0,0.7071291032681397,4,2021-06-06 21:00:00+00:00,4,2,1,0,0,0
031502030103,3,105.27232360839844,1.7336947574433792,25.0,0.8288233434636257,9,2021-06-06 23:00:00+00:00,9,5,3,1,0,0
031502030103,6,125.85163879394531,1.7200348246002681,25.0,0.7887193932318098,13,2021-06-07 00:00:00+00:00,13,5,5,1,0,0
031502030103,24,178.08982849121094,1.6946645949267705,10.0,0.7496158185833951,14,2020-10-29 06:00:00+00:00,14,6,2,0,0,0
031502030103,72,229.0447540283203,1.7301179933010065,25.0,0.7765194573463329,17,2021-06-08 22:00:00+00:00,17,4,2,1,0,0
031502030104,1,56.6805419921875,1.2948359678198218,5.0,0.6541806590461827,3,2020-10-29 05:00:00+00:00,3,1,0,0,0,0
031502030104,3,89.13948059082031,1.4755568184412402,10.0,0.707941904694177,9,2025-03-16 03:00:00+00:00,9,4,2,0,0,0
031502030104,6,117.90744018554688,1.619802957149959,10.0,0.744976019552148,13,2025-03-16 04:00:00+00:00,13,5,4,0,0,0
031502030104,24,169.35694885253906,1.6175169538492367,10.0,0.7150587227071725,14,2020-10-29 06:00:00+00:00,14,5,2,0,0,0
031502030104,72,212.75599670410156,1.611728607395613,10.0,0.7244088761529666,18,2021-06-08 23:00:00+00:00,18,5,2,0,0,0
031502030105,1,59.20766067504883,1.3487501846732974,5.0,0.6815641884186164,2,2020-10-29 05:00:00+00:00,2,1,0,0,0,0
031502030105,3,89.85093688964844,1.4816511667452281,10.0,0.7091458102755495,7,2020-10-29 05:00:00+00:00,7,5,1,0,0,0
031502030105,6,117.83149719238281,1.6119309741918657,10.0,0.7399317170400399,10,2020-10-29 06:00:00+00:00,10,7,4,0,0,0
031502030105,24,170.98208618164062,1.6264237663661545,10.0,0.7199705673194706,13,2020-10-29 06:00:00+00:00,13,4,2,0,0,0
031502030105,72,191.1443634033203,1.4432771959498927,10.0,0.6481440400527981,17,2021-06-08 23:00:00+00:00,17,6,1,0,0,0
031502030106,1,46.71281433105469,1.0727405062637627,2.0,0.5395433828322765,1,2005-07-11 03:00:00+00:00,1,0,0,0,0,0
031502030106,3,80.47390747070312,1.3382895813284292,5.0,0.640058898975579,10,2025-03-16 03:00:00+00:00,10,3,0,0,0,0
031502030106,6,120.40528869628906,1.6580878502432588,10.0,0.7634921378234896,14,2025-03-16 04:00:00+00:00,14,7,4,0,0,0
031502030106,24,165.914794921875,1.5820213519694653,10.0,0.7045246610347333,15,2025-02-13 06:00:00+00:00,15,7,4,0,0,0
031502030106,72,203.11178588867188,1.534899403432063,10.0,0.6893707494598642,18,2021-06-08 22:00:00+00:00,18,6,1,0,0,0
031502030107,1,52.240509033203125,1.193309150839826,2.0,0.6014906195447884,2,2020-10-29 05:00:00+00:00,2,0,0,0,0,0
031502030107,3,84.58812713623047,1.3981881158574503,10.0,0.6673802699102392,11,2025-03-16 03:00:00+00:00,11,4,1,0,0,0
031502030107,6,121.33006286621094,1.6614699881217163,10.0,0.7623583934106103,16,2021-06-08 04:00:00+00:00,16,7,4,0,0,0
031502030107,24,164.6753692626953,1.5633325749091527,10.0,0.6954448450096975,12,2018-12-28 14:00:00+00:00,12,7,3,0,0,0
031502030107,72,193.17355346679688,1.4561982575637085,10.0,0.6542869429151101,17,2021-06-08 21:00:00+00:00,17,6,1,0,0,0
031502030108,1,56.9420051574707,1.2814281458267176,5.0,0.648580196289093,2,2020-10-29 05:00:00+00:00,2,1,0,0,0,0
031502030108,3,92.03771209716797,1.4963350848849841,10.0,0.7121018749613601,9,2024-07-21 23:00:00+00:00,9,3,1,0,0,0
031502030108,6,126.28404235839844,1.7008796690967736,25.0,0.7761262752273259,13,2024-05-10 10:00:00+00:00,13,6,3,1,0,0
031502030108,24,168.40411376953125,1.5745629148310996,10.0,0.6977473277123406,16,2025-02-13 06:00:00+00:00,16,8,2,0,0,0
031502030108,72,183.58021545410156,1.3666448377941671,5.0,0.6110874373445956,20,2023-09-02 20:00:00+00:00,20,8,0,0,0,0
031502030109,1,51.55951690673828,1.1728397823121306,2.0,0.5918716496181184,1,2005-07-11 03:00:00+00:00,1,0,0,0,0,0
031502030109,3,86.17526245117188,1.4169278817187743,10.0,0.6774623230527025,7,2024-05-10 07:00:00+00:00,7,1,1,0,0,0
031502030109,6,115.69947052001953,1.574384925888259,10.0,0.7230814099723887,10,2024-05-10 10:00:00+00:00,10,6,5,0,0,0
031502030109,24,167.7098388671875,1.5808093540225505,10.0,0.7011475696485241,19,2025-02-13 06:00:00+00:00,19,6,3,0,0,0
031502030109,72,202.34608459472656,1.5133039754418782,10.0,0.6755852775587369,18,2025-02-13 07:00:00+00:00,18,6,1,0,0,0
031502030110,1,50.30720901489258,1.1218077805474687,2.0,0.5685052240294214,2,2021-03-16 11:00:00+00:00,2,0,0,0,0,0
031502030110,3,90.3796615600586,1.4555083529752078,10.0,0.6923107816508293,8,2021-03-16 13:00:00+00:00,8,4,4,0,0,0
031502030110,6,123.17213439941406,1.6424880824724126,10.0,0.7461295465748944,10,2021-03-16 16:00:00+00:00,10,8,3,0,0,0
031502030110,24,161.01109313964844,1.4897828350183624,10.0,0.6509575265829817,19,2025-02-13 06:00:00+00:00,19,10,1,0,0,0
031502030110,72,215.7317657470703,1.5862401821975425,10.0,0.6972785468537007,15,2023-09-02 23:00:00+00:00,15,7,3,0,0,0
031502030201,1,56.051231384277344,1.2174894261758709,5.0,0.6107952959844871,1,2012-09-04 13:00:00+00:00,1,1,0,0,0,0
031502030201,3,101.84524536132812,1.604282879124057,10.0,0.7569845985253545,5,2025-04-06 19:00:00+00:00,5,2,1,0,0,0
031502030201,6,117.6374282836914,1.54017344366967,10.0,0.6731546909832722,10,2017-10-23 04:00:00+00:00,10,3,1,0,0,0
031502030201,24,246.20152282714844,2.2516093711364937,50.0,0.8677595680352281,15,2025-04-07 16:00:00+00:00,15,8,3,2,1,0
031502030201,72,359.5992431640625,2.5875493419675877,100.0,1.006259209576911,18,2025-04-07 20:00:00+00:00,18,6,5,1,1,1
031502030202,3,70.92518615722656,1.1002132419011073,2.0,0.5124073030422226,4,2017-05-21 03:00:00+00:00,4,0,0,0,0,0
031502030202,6,97.5863265991211,1.2602091758294611,5.0,0.5409061385110467,10,2024-03-09 04:00:00+00:00,10,2,0,0,0,0
031502030202,24,244.43287658691406,2.2051156329749677,25.0,0.8332336427087523,16,2025-04-07 13:00:00+00:00,16,7,3,2,0,0
031502030202,72,381.1822814941406,2.7073022412584136,100.0,1.0353816532380906,17,2020-09-17 00:00:00+00:00,17,7,5,1,1,1
031502030203,3,80.62532806396484,1.2409432293781202,5.0,0.570655592490354,4,2016-06-15 16:00:00+00:00,4,1,0,0,0,0
031502030203,6,112.00663757324219,1.4359232624395015,5.0,0.6068620339820396,8,2024-03-09 04:00:00+00:00,8,2,0,0,0,0
031502030203,24,215.0741729736328,1.9282524832014494,25.0,0.7195794658421402,14,2025-04-07 13:00:00+00:00,14,7,3,1,0,0
031502030203,72,349.1641540527344,2.473331698457959,50.0,0.9345832236316622,18,2020-09-17 00:00:00+00:00,18,6,3,1,1,0
031502030204,3,74.63829040527344,1.167990562857743,2.0,0.542096047164614,7,2016-06-15 16:00:00+00:00,7,0,0,0,0,0
031502030204,6,106.7021255493164,1.3887444245394964,5.0,0.5953522662247129,13,2024-03-09 04:00:00+00:00,13,3,0,0,0,0
031502030204,24,214.08596801757812,1.9463600033732151,25.0,0.7394593135978302,13,2025-04-07 13:00:00+00:00,13,6,5,1,0,0
031502030204,72,343.26922607421875,2.464385193662223,50.0,0.945809449163905,16,2020-09-17 00:00:00+00:00,16,7,5,1,1,0
031502030205,1,50.9027214050293,1.1248203626559221,2.0,0.5642187927854997,2,2013-12-22 13:00:00+00:00,2,0,0,0,0,0
031502030205,3,118.73219299316406,1.9008381078228185,50.0,0.9015677850412509,8,2024-05-10 09:00:00+00:00,8,2,1,1,1,0
031502030205,6,148.9613037109375,1.9783154819011377,25.0,0.8741314959565796,15,2024-05-10 10:00:00+00:00,15,4,2,2,0,0
031502030205,24,252.58038330078125,2.341394949753441,50.0,0.9192696871609641,13,2025-04-07 13:00:00+00:00,13,6,5,2,1,0
031502030205,72,313.8241271972656,2.2945765480968365,50.0,0.9048707130655962,16,2020-09-17 00:00:00+00:00,16,8,4,2,1,0
031502030206,1,57.83732604980469,1.2910310610735558,5.0,0.6466588624949744,1,2012-09-04 13:00:00+00:00,1,1,0,0,0,0
031502030206,3,140.83543395996094,2.27702080865513,100.0,1.079223281649544,9,2025-04-06 18:00:00+00:00,9,1,1,1,1,1
031502030206,6,185.69696044921875,2.4879888905757817,100.0,1.1054653938792718,11,2024-05-10 10:00:00+00:00,11,4,2,1,1,1
031502030206,24,263.52447509765625,2.459542988510073,50.0,0.9866673011712406,14,2025-04-07 13:00:00+00:00,14,6,3,2,1,0
031502030206,72,276.6704406738281,2.040021226601129,25.0,0.8213188174942978,13,2025-04-07 20:00:00+00:00,13,7,3,2,0,0
031502030207,1,61.6683349609375,1.3538770407304441,5.0,0.6762865384840461,1,2012-09-04 14:00:00+00:00,1,1,0,0,0,0
031502030207,3,120.8055648803711,1.9240992522451204,50.0,0.8985626392844878,8,2024-09-14 06:00:00+00:00,8,1,1,1,1,0
031502030207,6,185.4099884033203,2.4515398715908887,100.0,1.0673551929135654,12,2024-09-14 08:00:00+00:00,12,3,3,1,1,1
031502030207,24,255.6708526611328,2.357608620092468,50.0,0.9267768602988304,15,2025-04-07 13:00:00+00:00,15,6,4,1,1,0
031502030207,72,284.2229919433594,2.073893612374457,25.0,0.8218725107776402,13,2025-04-07 20:00:00+00:00,13,6,3,2,0,0
031502030208,3,75.45287322998047,1.2374650502160287,5.0,0.5932284944553746,8,2024-02-11 23:00:00+00:00,8,3,0,0,0,0
031502030208,6,118.0654067993164,1.6021011390149347,10.0,0.7277719316887477,12,2025-04-06 21:00:00+00:00,12,6,2,0,0,0
031502030208,24,209.6728515625,1.9775302623672588,25.0,0.8255630140695295,15,2025-04-07 13:00:00+00:00,15,4,3,2,0,0
031502030208,72,250.15838623046875,1.862329332653304,25.0,0.7782988439750357,12,2025-04-07 20:00:00+00:00,12,6,3,1,0,0
031502030209,1,49.139068603515625,1.1067763294797062,2.0,0.5560233876785186,1,2003-04-07 07:00:00+00:00,1,0,0,0,0,0
031502030209,3,87.93353271484375,1.4334712991878933,10.0,0.6825984185447367,10,2024-09-14 06:00:00+00:00,10,3,1,0,0,0
031502030209,6,117.67261505126953,1.588598835737918,10.0,0.7162086776987882,11,2024-09-14 07:00:00+00:00,11,6,2,0,0,0
031502030209,24,196.66329956054688,1.8451380521211356,25.0,0.7702661513574833,18,2025-04-07 13:00:00+00:00,18,5,3,2,0,0
031502030209,72,259.0707092285156,1.9207122304475117,25.0,0.8052422983527783,13,2025-04-07 20:00:00+00:00,13,6,3,1,0,0
031502030301,3,78.07234954833984,1.2796832280634043,5.0,0.6123706378575028,8,2024-05-10 07:00:00+00:00,8,3,0,0,0,0
031502030301,6,110.67631530761719,1.5013153336330802,10.0,0.6878725890027578,11,2024-05-10 10:00:00+00:00,11,6,2,0,0,0
031502030301,24,176.41407775878906,1.6585580975957137,10.0,0.7262309934444616,18,2025-02-13 06:00:00+00:00,18,5,2,0,0,0
031502030301,72,209.49305725097656,1.5596350553796012,10.0,0.6863646919778277,14,2021-03-18 09:00:00+00:00,14,6,2,0,0,0
031502030302,1,50.14774703979492,1.1102845887473118,2.0,0.5578842495777109,2,2024-02-11 21:00:00+00:00,2,0,0,0,0,0
031502030302,3,106.8563232421875,1.714028660728357,25.0,0.8075123879262477,8,2024-09-14 05:00:00+00:00,8,3,2,1,0,0
031502030302,6,132.76869201660156,1.7660774267150914,25.0,0.7842805993711879,13,2025-04-06 20:00:00+00:00,13,4,2,1,0,0
031502030302,24,185.12013244628906,1.714220923708342,10.0,0.705562329011337,21,2025-04-07 12:00:00+00:00,21,6,3,0,0,0
031502030302,72,279.90478515625,2.052596340508259,25.0,0.8508708705476865,17,2025-05-12 17:00:00+00:00,17,5,2,1,0,0
031502030303,1,52.76279067993164,1.1872988022174509,2.0,0.59849241512258,2,2021-03-16 12:00:00+00:00,2,0,0,0,0,0
031502030303,3,82.98224639892578,1.3506715932751254,5.0,0.6439906144216999,5,2021-03-16 13:00:00+00:00,5,3,0,0,0,0
031502030303,6,112.75226593017578,1.5196634382049756,10.0,0.6897478446751256,12,2024-09-14 07:00:00+00:00,12,6,2,0,0,0
031502030303,24,184.4991912841797,1.7263754904999535,10.0,0.7386195606353364,19,2025-05-11 01:00:00+00:00,19,7,3,0,0,0
031502030303,72,250.77784729003906,1.8563460137501229,25.0,0.7981268884568313,13,2025-05-12 18:00:00+00:00,13,6,2,1,0,0
031502030401,3,80.84803771972656,1.2038280293130128,2.0,0.5468405808049956,3,2016-06-15 17:00:00+00:00,3,0,0,0,0,0
031502030401,6,151.7490997314453,1.885305579246771,25.0,0.7810630960427041,7,2024-03-09 04:00:00+00:00,7,3,2,1,0,0
031502030401,24,221.58995056152344,1.9340177228622388,10.0,0.7024145419980353,12,2020-09-16 22:00:00+00:00,12,7,2,0,0,0
031502030401,72,360.2553405761719,2.4923944497850488,50.0,0.9168590182511777,16,2020-09-17 00:00:00+00:00,16,6,3,1,1,0
031502030402,3,103.4320068359375,1.5345857678054555,10.0,0.6963917816368452,4,2016-06-15 14:00:00+00:00,4,1,1,0,0,0
031502030402,6,150.64443969726562,1.8655161764636874,25.0,0.7737728959233748,8,2024-03-09 04:00:00+00:00,8,2,2,1,0,0
031502030402,24,207.79483032226562,1.8135864937407729,10.0,0.6629060604543416,11,2025-04-07 13:00:00+00:00,11,7,2,0,0,0
031502030402,72,329.0264587402344,2.2832489915486276,25.0,0.8444972549450191,16,2020-09-16 23:00:00+00:00,16,7,3,1,0,0
031502030403,3,90.72809600830078,1.3669607970589157,5.0,0.623814458458786,4,2016-06-15 17:00:00+00:00,4,1,0,0,0,0
031502030403,6,138.77960205078125,1.7438579242804502,10.0,0.7274138150729856,6,2024-03-09 04:00:00+00:00,6,3,2,0,0,0
031502030403,24,218.7057342529297,1.9260686983442377,10.0,0.7053986068839435,14,2025-04-07 13:00:00+00:00,14,7,2,0,0,0
031502030403,72,363.41436767578125,2.5313909758754702,50.0,0.9396746988779776,19,2020-09-17 01:00:00+00:00,19,6,3,1,1,0
031502030404,3,89.29243469238281,1.351564565812579,5.0,0.6153256839416599,6,2016-06-15 14:00:00+00:00,6,2,0,0,0,0
031502030404,6,144.1376953125,1.8194482061724917,25.0,0.7609298280653645,11,2024-03-09 03:00:00+00:00,11,4,2,1,0,0
031502030404,24,197.10906982421875,1.749311751250156,10.0,0.6506076072609066,13,2025-04-07 13:00:00+00:00,13,6,2,0,0,0
031502030404,72,290.0467529296875,2.0457603983035786,25.0,0.7700923539989795,16,2020-09-17 00:00:00+00:00,16,6,3,1,0,0
031502030405,3,83.44100189208984,1.2673250359603352,5.0,0.5795880517127956,7,2024-01-09 10:00:00+00:00,7,2,0,0,0,0
031502030405,6,125.77342987060547,1.5929039686766613,10.0,0.6724562862445727,12,2024-03-09 03:00:00+00:00,12,3,3,0,0,0
031502030405,24,192.85960388183594,1.7186380117309341,10.0,0.6515445158250538,13,2025-04-07 13:00:00+00:00,13,5,2,0,0,0
031502030405,72,286.3564147949219,2.030373495485625,25.0,0.7786255956743271,13,2020-09-17 00:00:00+00:00,13,5,3,1,0,0
031502030406,3,87.42588806152344,1.3493540566356355,5.0,0.6180374006263075,7,2016-06-15 16:00:00+00:00,7,2,0,0,0,0
031502030406,6,125.88052368164062,1.6178799186533646,10.0,0.6824085514183877,11,2024-03-09 03:00:00+00:00,11,4,3,0,0,0
031502030406,24,193.790283203125,1.74347752607096,10.0,0.6543186703120364,11,2025-04-07 13:00:00+00:00,11,6,3,0,0,0
031502030406,72,300.15997314453125,2.139649341498687,25.0,0.8126155634976457,17,2020-09-17 00:00:00+00:00,17,7,3,1,0,0
031502030407,3,99.003173828125,1.5470307504240113,10.0,0.716382721229808,8,2024-01-09 10:00:00+00:00,8,3,1,0,0,0
031502030407,6,148.13255310058594,1.9250075720990378,25.0,0.8309783768540244,10,2024-01-09 12:00:00+00:00,10,3,3,1,0,0
031502030407,24,182.37826538085938,1.6579981904920351,10.0,0.6528315492942913,15,2025-04-07 13:00:00+00:00,15,10,3,0,0,0
031502030407,72,277.1078186035156,1.9991505624030375,25.0,0.7951979575268485,16,2025-04-07 20:00:00+00:00,16,6,2,1,0,0
031502030408,3,100.05603790283203,1.5700722706823065,10.0,0.7342123244882639,6,2024-02-11 22:00:00+00:00,6,2,1,0,0,0
031502030408,6,122.67062377929688,1.5988414962622055,10.0,0.7037296572461766,10,2024-01-09 12:00:00+00:00,10,3,2,0,0,0
031502030408,24,172.0700225830078,1.5657205260992137,10.0,0.6426456359771218,17,2025-04-07 13:00:00+00:00,17,7,2,0,0,0
031502030408,72,273.73272705078125,1.976459119258232,25.0,0.8181734189271108,17,2025-04-07 20:00:00+00:00,17,6,2,1,0,0
031502030501,1,55.08190155029297,1.2192860906341234,5.0,0.6179439250279554,2,2021-03-16 10:00:00+00:00,2,1,0,0,0,0
031502030501,3,83.42135620117188,1.3341264132683914,5.0,0.631945368424296,9,2024-05-10 07:00:00+00:00,9,5,0,0,0,0
031502030501,6,119.9506607055664,1.5911888046924587,10.0,0.7215700854525707,14,2024-05-10 10:00:00+00:00,14,5,2,0,0,0
031502030501,24,171.7779541015625,1.5869608969528362,10.0,0.7002943654877758,17,2021-03-17 05:00:00+00:00,17,7,2,0,0,0
031502030501,72,234.1034393310547,1.7240726029545852,25.0,0.7688594088652149,17,2021-03-18 08:00:00+00:00,17,8,3,1,0,0
031502030502,1,63.57570266723633,1.4213032473136258,10.0,0.7199838492016076,1,2020-10-29 05:00:00+00:00,1,1,1,0,0,0
031502030502,3,88.42597961425781,1.4280878619234763,10.0,0.6782784615776887,9,2024-05-10 07:00:00+00:00,9,3,1,0,0,0
031502030502,6,119.93362426757812,1.6055870064859807,10.0,0.7306893021235664,12,2024-05-10 10:00:00+00:00,12,5,3,0,0,0
031502030502,24,174.97506713867188,1.628652447897664,10.0,0.7205551887403175,17,2025-02-13 06:00:00+00:00,17,5,2,0,0,0
031502030502,72,204.31460571289062,1.515431623313607,10.0,0.6770681871990489,20,2022-05-26 05:00:00+00:00,20,8,2,0,0,0
031502030503,1,56.99338150024414,1.2708081078130387,5.0,0.6437875203168641,1,2020-10-29 05:00:00+00:00,1,1,0,0,0,0
031502030503,3,86.08678436279297,1.3869500148335654,5.0,0.6585361620697902,7,2021-06-06 23:00:00+00:00,7,4,0,0,0,0
031502030503,6,118.46595764160156,1.5828409066149338,10.0,0.7199058995994352,10,2021-06-07 00:00:00+00:00,10,5,3,0,0,0
031502030503,24,175.29588317871094,1.630417614171225,10.0,0.7202884052313079,15,2018-12-28 14:00:00+00:00,15,3,2,0,0,0
031502030503,72,214.87286376953125,1.5920058857905326,10.0,0.710947726183344,19,2021-06-08 22:00:00+00:00,19,7,1,0,0,0
031502030504,1,55.94541931152344,1.2467506117503602,5.0,0.6322255930589258,1,2020-10-29 05:00:00+00:00,1,1,0,0,0,0
031502030504,3,85.51752471923828,1.3760324411569933,5.0,0.6532119198850886,10,2024-05-10 07:00:00+00:00,10,3,0,0,0,0
031502030504,6,128.96273803710938,1.719277830712268,25.0,0.7815670935388371,14,2024-05-10 10:00:00+00:00,14,6,4,1,0,0
031502030504,24,177.11993408203125,1.6400193811991501,10.0,0.7253993224688818,19,2025-02-13 06:00:00+00:00,19,8,2,0,0,0
031502030504,72,191.9049530029297,1.4164962380340083,10.0,0.6317382559927546,20,2021-03-18 08:00:00+00:00,20,8,2,0,0,0
031502030505,1,60.67894744873047,1.3350333626953883,5.0,0.6779244856785932,1,2021-03-16 11:00:00+00:00,1,1,0,0,0,0
031502030505,3,96.86685943603516,1.538473044232145,10.0,0.7283563078921192,9,2021-03-16 13:00:00+00:00,9,4,2,0,0,0
031502030505,6,122.66765594482422,1.6140268995004188,10.0,0.7291479983455277,9,2021-03-16 15:00:00+00:00,9,7,3,0,0,0
031502030505,24,169.1192169189453,1.545889932049825,10.0,0.6757946309724712,21,2025-02-13 06:00:00+00:00,21,9,3,0,0,0
031502030505,72,225.83013916015625,1.6440112668113624,10.0,0.7234583731436214,18,2021-03-18 08:00:00+00:00,18,10,2,0,0,0
031502030601,3,75.36717224121094,1.1486225357318374,2.0,0.5387845674681017,2,2004-09-16 13:00:00+00:00,2,0,0,0,0,0
031502030601,6,123.13574981689453,1.5642404439209725,10.0,0.7002044874257479,4,2018-04-15 01:00:00+00:00,4,2,1,0,0,0
031502030601,24,178.49205017089844,1.5918422403109973,10.0,0.6914167962044143,13,2018-12-28 14:00:00+00:00,13,8,3,0,0,0
031502030601,72,240.7706756591797,1.6999553191727697,10.0,0.7526300320950159,17,2018-12-30 10:00:00+00:00,17,11,3,0,0,0
031502030602,1,54.71300506591797,1.1709912829140607,2.0,0.5915825067378738,1,2003-04-07 06:00:00+00:00,1,0,0,0,0,0
031502030602,3,79.47657775878906,1.2341659017456847,5.0,0.5798770043929952,4,2021-03-16 12:00:00+00:00,4,1,0,0,0,0
031502030602,6,127.1648941040039,1.642249601383762,10.0,0.7368657245701871,5,2004-09-16 14:00:00+00:00,5,2,1,0,0,0
031502030602,24,187.84169006347656,1.6967458697430506,10.0,0.7407696436603107,14,2018-12-28 14:00:00+00:00,14,8,2,0,0,0
031502030602,72,233.23497009277344,1.6733772781636298,10.0,0.7423667999743285,19,2021-03-18 08:00:00+00:00,19,11,1,0,0,0
031502030603,3,76.47085571289062,1.1830958257943185,2.0,0.55640005230295,4,2004-10-20 00:00:00+00:00,4,0,0,0,0,0
031502030603,6,123.26762390136719,1.5872027774490922,10.0,0.7127706438310177,4,2004-09-16 14:00:00+00:00,4,2,1,0,0,0
031502030603,24,177.47796630859375,1.6007842074627745,10.0,0.6983444578788094,14,2018-12-28 14:00:00+00:00,14,8,2,0,0,0
031502030603,72,232.75599670410156,1.6654419576790078,10.0,0.739483834743408,18,2021-03-18 08:00:00+00:00,18,10,1,0,0,0
031502030604,1,52.617637634277344,1.1290614109332429,2.0,0.5709364905825337,1,2003-04-07 06:00:00+00:00,1,0,0,0,0,0
031502030604,3,79.88925170898438,1.2419320250203791,5.0,0.5827715215396391,4,2021-03-16 12:00:00+00:00,4,1,0,0,0,0
031502030604,6,119.28144836425781,1.5406609011874097,10.0,0.6903168610825905,7,2021-03-16 15:00:00+00:00,7,2,1,0,0,0
031502030604,24,177.1168212890625,1.5972002058675148,10.0,0.69809729150569,14,2021-03-17 08:00:00+00:00,14,8,2,0,0,0
031502030604,72,235.75076293945312,1.6917411938679576,10.0,0.7493682109134411,16,2021-03-18 08:00:00+00:00,16,11,1,0,0,0
031502030605,1,52.1048583984375,1.078726960791489,2.0,0.5419328926565036,1,2016-02-24 02:00:00+00:00,1,0,0,0,0,0
031502030605,3,91.62469482421875,1.3821096510760877,5.0,0.6435999984647965,2,2016-02-24 03:00:00+00:00,2,1,0,0,0,0
031502030605,6,114.7605972290039,1.4434842757717758,10.0,0.6407058550679752,6,2018-12-28 05:00:00+00:00,6,4,1,0,0,0
031502030605,24,180.78187561035156,1.5961580207781372,10.0,0.6888241574419253,14,2018-12-28 17:00:00+00:00,14,10,3,0,0,0
031502030605,72,247.20362854003906,1.7298311094813568,10.0,0.7596208470653937,19,2018-12-30 09:00:00+00:00,19,11,3,0,0,0
031502030606,1,52.821842193603516,1.1244956288537868,2.0,0.5682772923126846,1,2016-02-24 02:00:00+00:00,1,0,0,0,0,0
031502030606,3,83.34165954589844,1.2853755426685851,5.0,0.6004300255146068,5,2016-02-24 04:00:00+00:00,5,1,0,0,0,0
031502030606,6,110.88621520996094,1.4206062192158702,10.0,0.633049237147564,6,2018-04-15 02:00:00+00:00,6,3,2,0,0,0
031502030606,24,166.47657775878906,1.488045075454413,10.0,0.648011211642873,17,2023-03-27 13:00:00+00:00,17,8,3,0,0,0
031502030606,72,236.67083740234375,1.6843316195933382,10.0,0.7417295141053328,20,2021-03-18 08:00:00+00:00,20,7,2,0,0,0
031502030701,3,74.52782440185547,1.1650474071241088,2.0,0.5480846713469075,3,2016-02-24 04:00:00+00:00,3,0,0,0,0,0
031502030701,6,106.31399536132812,1.3782591926678684,5.0,0.6165869697400796,7,2023-03-27 06:00:00+00:00,7,3,0,0,0,0
031502030701,24,167.4132537841797,1.5110767462681913,10.0,0.6509601892617842,17,2023-03-27 13:00:00+00:00,17,7,1,0,0,0
031502030701,72,240.05276489257812,1.7244633775792129,10.0,0.748129839251232,16,2021-03-18 08:00:00+00:00,16,7,3,0,0,0
031502030702,1,57.405967712402344,1.2355290772195144,5.0,0.6268470217698028,2,2021-03-16 11:00:00+00:00,2,1,0,0,0,0
031502030702,3,83.36734771728516,1.2965085127774745,5.0,0.6089499824386908,7,2021-03-16 12:00:00+00:00,7,2,0,0,0,0
031502030702,6,115.90845489501953,1.4953307825604736,10.0,0.6701747407303257,9,2021-03-16 15:00:00+00:00,9,3,2,0,0,0
031502030702,24,166.71469116210938,1.497922286400163,10.0,0.6553503431399187,17,2021-03-17 08:00:00+00:00,17,8,3,0,0,0
031502030702,72,222.00706481933594,1.5903351353616202,10.0,0.7020274042303456,18,2021-03-18 08:00:00+00:00,18,8,2,0,0,0
031502030703,3,75.8062744140625,1.1691837703505084,2.0,0.5463088718749393,3,2003-04-07 16:00:00+00:00,3,0,0,0,0,0
031502030703,6,109.7169189453125,1.4053049769270622,5.0,0.6247052493008249,7,2023-03-27 06:00:00+00:00,7,2,0,0,0,0
031502030703,24,168.48672485351562,1.5057254738498866,10.0,0.6478795999623796,17,2025-04-07 12:00:00+00:00,17,7,1,0,0,0
031502030703,72,241.1336212158203,1.7140854746406087,10.0,0.7436186273341087,17,2022-05-26 05:00:00+00:00,17,6,3,0,0,0
031502030801,1,55.544960021972656,1.1579104792401085,2.0,0.5838325127212992,2,2020-07-12 22:00:00+00:00,2,0,0,0,0,0
031502030801,3,103.9853286743164,1.575255993391973,10.0,0.7333367685752553,9,2024-01-09 09:00:00+00:00,9,2,1,0,0,0
031502030801,6,126.35556030273438,1.5947167414199628,10.0,0.7001451869074831,9,2024-01-09 12:00:00+00:00,9,4,2,0,0,0
031502030801,24,171.57237243652344,1.5232707377173778,10.0,0.6314323142018343,18,2025-04-07 12:00:00+00:00,18,7,3,0,0,0
031502030801,72,260.5235290527344,1.84200099300825,25.0,0.7708463392548678,20,2023-06-15 08:00:00+00:00,20,6,2,1,0,0
031502030802,3,87.69943237304688,1.3450920140288416,5.0,0.6258098873626412,6,2024-01-09 09:00:00+00:00,6,2,0,0,0,0
031502030802,6,116.67527770996094,1.4892233548341611,10.0,0.6526113021342965,9,2024-01-09 12:00:00+00:00,9,4,2,0,0,0
031502030802,24,167.149169921875,1.4958128171630651,10.0,0.6161443136540788,19,2025-04-07 13:00:00+00:00,19,6,2,0,0,0
031502030802,72,264.9185791015625,1.8845613852840757,25.0,0.7833761508674313,19,2023-06-17 06:00:00+00:00,19,5,1,1,0,0
031502030803,1,52.18875503540039,1.064876079161622,2.0,0.533953472881006,1,2016-02-24 02:00:00+00:00,1,0,0,0,0,0
031502030803,3,88.80957794189453,1.3210032935743734,5.0,0.6119612195191578,5,2018-04-15 01:00:00+00:00,5,1,0,0,0,0
031502030803,6,122.34428405761719,1.5183086919479947,10.0,0.6689666965912945,8,2018-12-28 05:00:00+00:00,8,3,2,0,0,0
031502030803,24,172.9529571533203,1.5096738423101954,10.0,0.6460053315409355,14,2018-12-28 16:00:00+00:00,14,10,3,0,0,0
031502030803,72,256.9283142089844,1.7828340629167054,25.0,0.776096007115386,19,2018-12-30 09:00:00+00:00,19,10,3,1,0,0
031502030804,3,82.1722640991211,1.2253448604552246,5.0,0.5692084758532161,4,2013-02-11 08:00:00+00:00,4,1,0,0,0,0
031502030804,6,129.20352172851562,1.6067395410384955,10.0,0.7057824739294237,8,2024-01-09 12:00:00+00:00,8,3,1,0,0,0
031502030804,24,182.49993896484375,1.6010260680792603,10.0,0.6717467096815383,15,2020-09-17 00:00:00+00:00,15,5,3,0,0,0
031502030804,72,259.234619140625,1.8173810166507776,25.0,0.7718372659776069,14,2020-09-17 02:00:00+00:00,14,8,2,1,0,0
031502030805,3,72.99830627441406,1.1012314487212114,2.0,0.5110574172962828,2,2003-04-07 16:00:00+00:00,2,0,0,0,0,0
031502030805,6,112.16710662841797,1.4090868634080216,10.0,0.6213916699263341,6,2018-04-15 04:00:00+00:00,6,1,1,0,0,0
031502030805,24,168.62753295898438,1.4864754407003131,10.0,0.6351818951443751,14,2023-03-27 15:00:00+00:00,14,5,1,0,0,0
031502030805,72,250.5164031982422,1.7593789199260916,25.0,0.7613790268524363,16,2023-06-17 19:00:00+00:00,16,6,2,1,0,0
031502040101,1,60.55855941772461,1.2313756551385446,5.0,0.6203814874254583,1,2005-07-11 01:00:00+00:00,1,1,0,0,0,0
031502040101,3,78.83595275878906,1.1662169277461643,2.0,0.541721986373643,6,2024-01-09 09:00:00+00:00,6,0,0,0,0,0
031502040101,6,122.6063232421875,1.514606766214482,10.0,0.6625907080718175,6,2024-01-09 12:00:00+00:00,6,2,1,0,0,0
031502040101,24,176.48757934570312,1.5454435350597058,10.0,0.638130140188513,12,2020-09-17 00:00:00+00:00,12,6,2,0,0,0
031502040101,72,271.7308044433594,1.90758205865842,25.0,0.7963775749062503,14,2020-09-17 01:00:00+00:00,14,6,2,1,0,0
031502040102,1,51.39259719848633,1.018385981119553,2.0,0.5112936595781171,1,2004-09-16 14:00:00+00:00,1,0,0,0,0,0
031502040102,3,89.66996765136719,1.2936085484544873,5.0,0.5969953697821855,7,2024-01-09 09:00:00+00:00,7,2,0,0,0,0
031502040102,6,128.1956024169922,1.5458159128391822,10.0,0.67282156575508,6,2024-01-09 12:00:00+00:00,6,1,1,0,0,0
031502040102,24,179.45587158203125,1.5402649435305114,10.0,0.640330913249335,13,2024-01-09 15:00:00+00:00,13,3,3,0,0,0
031502040102,72,288.0938720703125,1.9979640062084791,25.0,0.8434297125481545,12,2017-01-03 23:00:00+00:00,12,5,2,1,0,0
031502040103,3,79.53569793701172,1.1484438720890693,2.0,0.5290402286876793,5,2013-02-11 06:00:00+00:00,5,0,0,0,0,0
031502040103,6,123.84725952148438,1.4933940194184716,10.0,0.6511160812933613,6,2013-02-11 06:00:00+00:00,6,2,1,0,0,0
031502040103,24,184.8037109375,1.5783067441669834,10.0,0.6645175006726163,12,2013-12-23 05:00:00+00:00,12,5,4,0,0,0
031502040103,72,288.60113525390625,1.980618467706574,25.0,0.8493025051716092,15,2014-04-07 13:00:00+00:00,15,6,3,1,0,0
031502040104,3,85.57904052734375,1.2036861248976152,5.0,0.5500691769074285,3,2009-04-13 08:00:00+00:00,3,1,0,0,0,0
031502040104,6,121.92659759521484,1.4324634526259519,10.0,0.619137981796172,7,2024-01-09 11:00:00+00:00,7,2,1,0,0,0
031502040104,24,197.15948486328125,1.6451852158786477,10.0,0.6887731229649455,11,2013-02-11 20:00:00+00:00,11,4,2,0,0,0
031502040104,72,305.5208435058594,2.060097863551196,50.0,0.8789962861437771,13,2017-01-03 23:00:00+00:00,13,5,3,1,1,0
031502040105,3,91.00484466552734,1.2710818039049108,5.0,0.5798665879424778,6,2024-01-09 09:00:00+00:00,6,1,0,0,0,0
031502040105,6,126.26821899414062,1.4738474965850576,10.0,0.633682154406936,7,2024-01-09 11:00:00+00:00,7,2,1,0,0,0
031502040105,24,191.31417846679688,1.5924230766193261,10.0,0.6591666524742502,10,2024-01-09 15:00:00+00:00,10,3,2,0,0,0
031502040105,72,303.2252197265625,2.055666174341182,25.0,0.8672866184983477,12,2017-01-03 23:00:00+00:00,12,6,2,1,0,0
031502040201,3,81.75202941894531,1.2060739516404613,2.0,0.5542203184628137,4,2002-12-24 11:00:00+00:00,4,0,0,0,0,0
031502040201,6,121.71540069580078,1.5012641124114232,10.0,0.638889593205815,4,2017-01-03 01:00:00+00:00,4,2,1,0,0,0
031502040201,24,183.9544677734375,1.612811086870366,10.0,0.6201956037947054,9,2020-09-16 22:00:00+00:00,9,7,2,0,0,0
031502040201,72,299.5038146972656,2.1015327529456576,25.0,0.815541471105291,14,2020-09-17 00:00:00+00:00,14,6,3,1,0,0
031502040202,1,56.789215087890625,1.1718115958621618,2.0,0.5882241061888854,3,2020-07-12 22:00:00+00:00,3,0,0,0,0,0
031502040202,3,83.64541625976562,1.2553043350068718,5.0,0.5800938414959366,8,2024-01-09 10:00:00+00:00,8,3,0,0,0,0
031502040202,6,121.04255676269531,1.516361272017034,10.0,0.6529932090336995,7,2024-01-09 12:00:00+00:00,7,3,1,0,0,0
031502040202,24,181.7557373046875,1.610149401395919,10.0,0.6356732721324894,11,2025-04-07 13:00:00+00:00,11,6,3,0,0,0
031502040202,72,283.5726318359375,2.0056372650344882,25.0,0.7996526791791078,15,2020-09-17 01:00:00+00:00,15,4,3,1,0,0
031502040203,3,76.93956756591797,1.1172194549355838,2.0,0.5151176293658275,3,1996-01-27 06:00:00+00:00,3,0,0,0,0,0
031502040203,6,109.79280090332031,1.335869687601638,5.0,0.5743292033627951,4,2024-03-09 03:00:00+00:00,4,2,0,0,0,0
031502040203,24,179.74813842773438,1.5664875504979594,10.0,0.6168465660556566,10,2020-09-16 21:00:00+00:00,10,5,2,0,0,0
031502040203,72,294.7413635253906,2.0665689428903837,25.0,0.8183264769378268,12,2020-09-17 01:00:00+00:00,12,6,3,1,0,0
031502040204,1,60.71425247192383,1.2228697771654369,5.0,0.6154512058546909,1,2005-07-11 01:00:00+00:00,1,1,0,0,0,0
031502040204,3,85.04632568359375,1.2465988329385196,5.0,0.5778517166935323,4,2005-07-11 01:00:00+00:00,4,1,0,0,0,0
031502040204,6,115.03325653076172,1.4109427413678914,10.0,0.613562736812672,6,2024-03-09 03:00:00+00:00,6,3,1,0,0,0
031502040204,24,178.52622985839844,1.5619207304122484,10.0,0.63356075510379,11,2020-09-17 00:00:00+00:00,11,5,2,0,0,0
031502040204,72,283.4619140625,1.9946661588307477,25.0,0.8161516404151989,14,2020-09-17 01:00:00+00:00,14,5,2,1,0,0
031502040205,3,76.64715576171875,1.095543009457663,2.0,0.5030561195149501,4,2005-07-11 01:00:00+00:00,4,0,0,0,0,0
031502040205,6,116.94786071777344,1.4017051500069095,5.0,0.6051270173649456,5,2024-03-09 03:00:00+00:00,5,1,0,0,0,0
031502040205,24,181.39019775390625,1.5593710012859598,10.0,0.634023273455236,10,2020-09-16 22:00:00+00:00,10,3,2,0,0,0
031502040205,72,287.1496276855469,2.0007510370724146,25.0,0.8186966233076712,12,2017-01-03 23:00:00+00:00,12,4,2,1,0,0
031502040206,1,64.6517105102539,1.2447407775323402,5.0,0.6211833508051567,1,2004-09-16 13:00:00+00:00,1,1,0,0,0,0
031502040206,3,93.26171875,1.3076473278699157,5.0,0.5964968267525206,6,2007-04-14 21:00:00+00:00,6,1,0,0,0,0
031502040206,6,127.42252349853516,1.4952079106848961,10.0,0.641393389100161,5,2005-07-11 01:00:00+00:00,5,2,1,0,0,0
031502040206,24,185.17889404296875,1.5538319618391716,10.0,0.6356628650794662,8,2009-12-15 18:00:00+00:00,8,3,2,0,0,0
031502040206,72,295.3992614746094,2.021051859287647,25.0,0.8384033701833948,10,2017-01-03 23:00:00+00:00,10,6,2,1,0,0
031502040301,1,63.322174072265625,1.2407040240048341,5.0,0.618957480497795,1,2021-04-24 10:00:00+00:00,1,1,0,0,0,0
031502040301,3,84.72726440429688,1.207448232877566,5.0,0.5528296090813071,1,2021-04-24 10:00:00+00:00,1,1,0,0,0,0
031502040301,6,108.0046615600586,1.2914243169206097,5.0,0.5523408780875237,5,2024-03-09 04:00:00+00:00,5,3,0,0,0,0
031502040301,24,188.55087280273438,1.6196872785608767,10.0,0.6357529661851434,10,2021-04-25 00:00:00+00:00,10,5,2,0,0,0
031502040301,72,299.0375671386719,2.0714826143287377,25.0,0.8130894590718614,13,2017-01-03 23:00:00+00:00,13,7,4,1,0,0
031502040302,3,83.56680297851562,1.1626836892079542,2.0,0.5253583476577839,2,2023-03-27 16:00:00+00:00,2,0,0,0,0,0
031502040302,6,129.5025177001953,1.5113541512757176,10.0,0.6378556342636513,4,2024-03-09 05:00:00+00:00,4,1,1,0,0,0
031502040302,24,196.65679931640625,1.6398218953617856,10.0,0.6368136393114135,9,2020-09-16 21:00:00+00:00,9,5,2,0,0,0
031502040302,72,287.5295715332031,1.9338065585565793,25.0,0.7460713840837851,11,2017-01-03 23:00:00+00:00,11,7,3,1,0,0
031502040303,1,59.455501556396484,1.1315965547514493,2.0,0.5614916728874961,2,2021-04-24 10:00:00+00:00,2,0,0,0,0,0
031502040303,3,112.65057373046875,1.5641044922887022,10.0,0.705310014439832,3,2021-04-24 12:00:00+00:00,3,1,1,0,0,0
031502040303,6,152.20423889160156,1.7728885931868956,25.0,0.7486823341902868,5,2025-06-09 12:00:00+00:00,5,1,1,1,0,0
031502040303,24,192.1614227294922,1.5973975841444155,10.0,0.6303608052329365,7,2025-06-10 05:00:00+00:00,7,4,2,0,0,0
031502040303,72,272.9295654296875,1.8390540625216913,10.0,0.7230562227369628,13,2017-01-03 23:00:00+00:00,13,8,2,0,0,0
031502040304,1,71.73414611816406,1.3696743285620063,5.0,0.6806001874607683,3,2021-04-24 10:00:00+00:00,3,1,0,0,0,0
031502040304,3,107.42552185058594,1.4951665591848384,10.0,0.6766007708251157,4,2021-04-24 10:00:00+00:00,4,1,1,0,0,0
031502040304,6,142.89022827148438,1.667013245732152,10.0,0.7074692553377591,7,2024-03-09 04:00:00+00:00,7,2,1,0,0,0
031502040304,24,184.4929962158203,1.5388413011757838,10.0,0.6152664807723435,7,2021-04-24 23:00:00+00:00,7,3,2,0,0,0
031502040304,72,285.38226318359375,1.936526644242724,25.0,0.7768483145545125,13,2017-01-03 23:00:00+00:00,13,7,2,1,0,0
031502040401,3,91.5736083984375,1.257459113925533,5.0,0.566405343050255,4,2024-01-09 09:00:00+00:00,4,1,0,0,0,0
031502040401,6,124.57439422607422,1.4283570796377991,10.0,0.6082595860017617,4,2024-01-09 11:00:00+00:00,4,2,1,0,0,0
031502040401,24,205.0108642578125,1.6733784234871933,10.0,0.6907218794697022,13,2024-01-09 15:00:00+00:00,13,3,1,0,0,0
031502040401,72,317.4728088378906,2.1078630191959182,50.0,0.8821584079184379,11,2017-01-03 23:00:00+00:00,11,6,1,1,1,0
031502040402,1,58.251708984375,1.0935164055400037,2.0,0.5316671347883405,1,2005-07-11 00:00:00+00:00,1,0,0,0,0,0
031502040402,3,95.47731018066406,1.3007416875387936,5.0,0.5785184090358632,3,2005-07-11 00:00:00+00:00,3,2,0,0,0,0
031502040402,6,121.32168579101562,1.3788326702387776,5.0,0.5806909430773008,4,2024-01-09 11:00:00+00:00,4,3,0,0,0,0
031502040402,24,188.4495849609375,1.5231396818904885,10.0,0.6201849643865093,11,2013-12-23 04:00:00+00:00,11,3,1,0,0,0
031502040402,72,305.6845703125,2.0084648802833303,25.0,0.8224616492094814,15,2018-09-07 01:00:00+00:00,15,6,1,1,0,0
031502040403,1,67.08434295654297,1.255377272472181,5.0,0.618166436960235,1,2004-09-16 12:00:00+00:00,1,1,0,0,0,0
031502040403,3,107.59423828125,1.4671977445820898,10.0,0.6554994867230242,3,2004-09-16 12:00:00+00:00,3,1,1,0,0,0
031502040403,6,151.60498046875,1.7298182682157552,10.0,0.721935149291511,6,2025-06-09 12:00:00+00:00,6,1,1,0,0,0
031502040403,24,192.43402099609375,1.5583872578822149,10.0,0.6079911581282902,7,2025-06-10 05:00:00+00:00,7,3,1,0,0,0
031502040403,72,257.193115234375,1.6902464793081107,10.0,0.6581402315511525,11,2017-01-03 23:00:00+00:00,11,6,1,0,0,0
031502040404,3,103.92559814453125,1.3959275684649886,10.0,0.6201537514896996,4,2025-06-09 11:00:00+00:00,4,2,1,0,0,0
031502040404,6,155.67800903320312,1.7458719152556124,10.0,0.7224549311472421,6,2025-06-09 12:00:00+00:00,6,2,1,0,0,0
031502040404,24,188.53221130371094,1.4943653368904481,10.0,0.5712329019108987,8,2022-02-04 19:00:00+00:00,8,3,1,0,0,0
031502040404,72,248.7774658203125,1.5960551660339657,10.0,0.606436896781872,11,2017-01-03 23:00:00+00:00,11,5,1,0,0,0
031502040405,1,76.09858703613281,1.4301883687687573,10.0,0.7041379626045119,2,2021-04-24 10:00:00+00:00,2,1,1,0,0,0
031502040405,3,108.65557098388672,1.4855515929649479,10.0,0.6661842538958728,3,2005-07-11 00:00:00+00:00,3,3,1,0,0,0
031502040405,6,137.52932739257812,1.5710763889498272,10.0,0.6619478538749317,4,2021-04-24 12:00:00+00:00,4,2,2,0,0,0
031502040405,24,181.6966552734375,1.4787506811432054,10.0,0.5944507781767223,8,2005-07-11 01:00:00+00:00,8,3,1,0,0,0
031502040405,72,297.1636657714844,1.9741204492110493,25.0,0.8009033662060938,13,2025-05-12 09:00:00+00:00,13,5,2,1,0,0
031502040501,1,57.108943939208984,1.0256884281201175,2.0,0.49694964604939706,1,2014-03-16 13:00:00+00:00,1,0,0,0,0,0
031502040501,3,111.49453735351562,1.435610131805086,10.0,0.6412453846564826,4,2005-07-10 23:00:00+00:00,4,2,1,0,0,0
031502040501,6,183.5101318359375,1.9580077457233946,25.0,0.811907215181624,8,2025-04-07 03:00:00+00:00,8,1,1,1,0,0
031502040501,24,246.1121368408203,1.8513241603516501,10.0,0.6887237861614204,10,2017-01-02 03:00:00+00:00,10,3,1,0,0,0
031502040501,72,326.494140625,1.9828880729845142,25.0,0.7313436314833844,16,2024-12-11 08:00:00+00:00,16,7,1,1,0,0
031502040502,1,70.87220001220703,1.286054242887117,5.0,0.6265477797195035,1,2004-09-16 11:00:00+00:00,1,1,0,0,0,0
031502040502,3,125.02587890625,1.641988953844622,10.0,0.7301481660714271,3,2024-04-10 20:00:00+00:00,3,1,1,0,0,0
031502040502,6,180.1571044921875,1.9697692314118178,25.0,0.8114231922084039,5,2024-04-10 23:00:00+00:00,5,1,1,1,0,0
031502040502,24,226.466552734375,1.7423040396225935,10.0,0.6492365870919682,10,2017-01-02 03:00:00+00:00,10,4,1,0,0,0
031502040502,72,282.18475341796875,1.7565800167668657,10.0,0.6488037035300258,14,2017-01-03 23:00:00+00:00,14,7,1,0,0,0
031502040503,1,58.53636932373047,1.0668494966182573,2.0,0.5139928674921382,1,2005-07-10 23:00:00+00:00,1,0,0,0,0,0
031502040503,3,92.93670654296875,1.2164291336894502,5.0,0.5396143934766611,2,2005-07-11 00:00:00+00:00,2,1,0,0,0,0
031502040503,6,158.3627166748047,1.7196227477586374,10.0,0.7139311925915716,4,2024-04-10 23:00:00+00:00,4,1,1,0,0,0
031502040503,24,217.1259002685547,1.6671785740879466,10.0,0.6357213741850434,9,2017-01-02 03:00:00+00:00,9,3,1,0,0,0
031502040503,72,303.3681335449219,1.8803042364753166,10.0,0.7126377546466054,12,2017-01-03 23:00:00+00:00,12,7,1,0,0,0
031502040601,1,60.47177505493164,1.1193446265250497,2.0,0.5400008163262402,1,2005-07-11 00:00:00+00:00,1,0,0,0,0,0
031502040601,3,135.39549255371094,1.8096001779234843,25.0,0.8005084614583494,3,2005-07-11 00:00:00+00:00,3,1,1,1,0,0
031502040601,6,158.06809997558594,1.7578166617802884,10.0,0.7305838277966705,3,2005-07-11 00:00:00+00:00,3,2,2,0,0,0
031502040601,24,192.69277954101562,1.5174803922219398,10.0,0.590019152007597,8,2017-01-02 02:00:00+00:00,8,4,1,0,0,0
031502040601,72,283.0079650878906,1.8031725961660516,10.0,0.6984392853432354,14,2021-09-02 02:00:00+00:00,14,5,1,0,0,0
031502040602,1,64.49900817871094,1.2025478685624558,5.0,0.5828338503945081,1,2005-07-11 00:00:00+00:00,1,1,0,0,0,0
031502040602,3,123.8370361328125,1.6725810634931906,10.0,0.7413337744038755,3,2005-07-11 00:00:00+00:00,3,1,1,0,0,0
031502040602,6,147.07530212402344,1.6558304670050237,10.0,0.6903815334833588,3,2005-07-11 00:00:00+00:00,3,2,2,0,0,0
031502040602,24,187.63340759277344,1.4985097641301988,10.0,0.5903461903417803,7,2005-07-11 01:00:00+00:00,7,4,1,0,0,0
031502040602,72,284.447265625,1.8424435847011205,10.0,0.7252457692299683,12,2017-01-03 23:00:00+00:00,12,6,1,0,0,0
031502040603,3,93.30083465576172,1.260518939459848,5.0,0.5546693030050807,6,2024-01-25 04:00:00+00:00,6,1,0,0,0,0
031502040603,6,114.86190795898438,1.2920302976932203,5.0,0.540980347617011,8,2024-01-25 06:00:00+00:00,8,2,0,0,0,0
031502040603,24,169.2677001953125,1.3529527044733949,5.0,0.5479524423265791,14,2024-01-25 23:00:00+00:00,14,2,0,0,0,0
031502040603,72,285.83148193359375,1.8528146082525379,25.0,0.750299961895397,15,2024-01-27 19:00:00+00:00,15,7,1,1,0,0
031502040604,3,89.63417053222656,1.1963557939155862,2.0,0.5259535394759767,2,2005-07-11 00:00:00+00:00,2,0,0,0,0,0
031502040604,6,122.60884094238281,1.360091176271862,5.0,0.5668242208698896,7,2024-01-25 06:00:00+00:00,7,2,0,0,0,0
031502040604,24,167.84710693359375,1.3213533850395096,5.0,0.5246181496518526,13,2024-01-25 23:00:00+00:00,13,3,0,0,0,0
031502040604,72,288.3031921386719,1.8359509871824062,10.0,0.7273887996306513,14,2022-05-26 03:00:00+00:00,14,5,1,0,0,0
031502040701,3,98.88115692138672,1.2868565429576482,5.0,0.5697211512341169,1,2004-09-16 10:00:00+00:00,1,1,0,0,0,0
031502040701,6,152.8887176513672,1.647933858895917,10.0,0.6862325887748216,6,2024-04-10 22:00:00+00:00,6,1,1,0,0,0
031502040701,24,208.77215576171875,1.5957330512136276,10.0,0.615237899342822,11,2018-09-05 20:00:00+00:00,11,3,1,0,0,0
031502040701,72,318.6914978027344,1.9621353137845816,25.0,0.7530033772784394,17,2024-12-11 08:00:00+00:00,17,5,1,1,0,0
031502040702,3,104.54396057128906,1.3550598998424142,5.0,0.5974326528863229,4,2018-09-05 08:00:00+00:00,4,2,0,0,0,0
031502040702,6,155.89559936523438,1.672469624035752,10.0,0.6966250119180354,6,2018-09-05 10:00:00+00:00,6,1,1,0,0,0
031502040702,24,206.0355987548828,1.5688053863824005,10.0,0.611849890622442,13,2021-08-30 20:00:00+00:00,13,3,1,0,0,0
031502040702,72,333.4268798828125,2.0421508776846804,25.0,0.7949042594723212,16,2024-12-11 08:00:00+00:00,16,6,1,1,0,0
031502040703,3,102.35107421875,1.3046698335839846,5.0,0.5800243567173426,2,2004-09-16 09:00:00+00:00,2,1,0,0,0,0
031502040703,6,165.97509765625,1.7475950496797807,10.0,0.7298547389560548,4,2018-09-05 10:00:00+00:00,4,1,1,0,0,0
031502040703,24,228.89625549316406,1.7122236661701795,10.0,0.6555552494203103,13,2021-08-30 20:00:00+00:00,13,3,1,0,0,0
031502040703,72,336.35784912109375,2.02112211371243,25.0,0.7700881511512572,18,2024-12-11 08:00:00+00:00,18,6,1,1,0,0
031502040704,1,64.06897735595703,1.134564101352493,2.0,0.5451071996842474,1,2003-05-02 23:00:00+00:00,1,0,0,0,0,0
031502040704,3,101.87409973144531,1.276597878632312,5.0,0.5708669798679382,5,2025-04-06 23:00:00+00:00,5,1,0,0,0,0
031502040704,6,160.2565460205078,1.6556129712427718,10.0,0.6947484565320524,8,2025-04-07 02:00:00+00:00,8,3,1,0,0,0
031502040704,24,231.63824462890625,1.704726260500636,10.0,0.6496222485450724,15,2025-04-07 12:00:00+00:00,15,5,2,0,0,0
031502040704,72,324.7938232421875,1.916468810943403,25.0,0.7259537802972272,17,2024-12-11 08:00:00+00:00,17,9,1,1,0,0
031502040705,3,93.12339782714844,1.2057436559490187,2.0,0.527959073894895,2,2004-09-16 09:00:00+00:00,2,0,0,0,0,0
031502040705,6,140.48670959472656,1.5059042533419165,10.0,0.6260875831247817,5,2022-02-04 03:00:00+00:00,5,1,1,0,0,0
031502040705,24,204.02047729492188,1.5515297982259266,10.0,0.6146661198880277,13,2024-01-25 23:00:00+00:00,13,3,1,0,0,0
031502040705,72,338.9188232421875,2.071898400968346,25.0,0.8231368474052988,16,2024-12-11 07:00:00+00:00,16,5,1,1,0,0
031601010501,1,58.01036834716797,1.3650597049945266,5.0,0.6594555548591384,3,2020-08-26 12:00:00+00:00,3,1,0,0,0,0
031601010501,3,117.31747436523438,1.933948675359191,50.0,0.9891199327708954,11,2020-08-26 13:00:00+00:00,11,4,2,2,1,0
031601010501,6,143.58001708984375,1.9257732555403044,50.0,0.9867453118103989,12,2020-08-26 13:00:00+00:00,12,4,3,3,2,0
031601010501,24,169.39010620117188,1.5854242234525762,10.0,0.744397874224553,12,2020-08-26 14:00:00+00:00,12,5,4,0,0,0
031601010501,72,237.3433837890625,1.7127556779816493,25.0,0.8231365644933262,18,2024-09-15 15:00:00+00:00,18,9,4,1,0,0
031601010502,1,46.112247467041016,1.0838174233033884,2.0,0.5199253778254803,2,2019-04-14 06:00:00+00:00,2,0,0,0,0,0
031601010502,3,85.51663208007812,1.409925335112972,10.0,0.7138593472776259,11,2025-03-16 00:00:00+00:00,11,6,1,0,0,0
031601010502,6,126.12640380859375,1.69251221078932,25.0,0.8586082325163388,10,2025-03-16 00:00:00+00:00,10,4,1,1,0,0
031601010502,24,154.16424560546875,1.4425194595292035,10.0,0.6712444295922172,15,2025-03-16 02:00:00+00:00,15,6,1,0,0,0
031601010502,72,230.53855895996094,1.6656507971139074,10.0,0.7917563304095894,23,2025-03-16 02:00:00+00:00,23,5,4,0,0,0
031601010503,1,52.84136199951172,1.24166085591292,5.0,0.5951898238711191,2,2019-04-14 06:00:00+00:00,2,2,0,0,0,0
031601010503,3,93.96405029296875,1.5501211548906293,10.0,0.7836074013295697,8,2020-08-26 13:00:00+00:00,8,3,2,0,0,0
031601010503,6,109.97408294677734,1.4772939858097522,10.0,0.7491720067888905,12,2025-03-16 00:00:00+00:00,12,4,2,0,0,0
031601010503,24,154.87733459472656,1.4520006821937912,10.0,0.6763436318234506,18,2025-03-16 02:00:00+00:00,18,6,1,0,0,0
031601010503,72,237.35842895507812,1.7195417301027507,25.0,0.8152841126735523,22,2025-03-16 02:00:00+00:00,22,10,5,2,0,0
031601010504,3,80.5670166015625,1.32730536168199,5.0,0.6650205454672252,5,2020-01-11 17:00:00+00:00,5,2,0,0,0,0
031601010504,6,104.59843444824219,1.4026067711691799,10.0,0.7047022704803041,10,2025-03-16 00:00:00+00:00,10,3,1,0,0,0
031601010504,24,148.77969360351562,1.3887907821644696,5.0,0.6424016682042927,15,2025-03-16 01:00:00+00:00,15,5,0,0,0,0
031601010504,72,232.49203491210938,1.6805581930634685,10.0,0.7914099541687275,23,2025-03-16 01:00:00+00:00,23,9,3,0,0,0
031601010505,1,45.24358367919922,1.062178883641056,2.0,0.5047472454916513,2,2010-12-12 01:00:00+00:00,2,0,0,0,0,0
031601010505,3,73.2663803100586,1.2093384547187762,5.0,0.6037931453649594,6,2020-01-11 17:00:00+00:00,6,2,0,0,0,0
031601010505,6,131.98092651367188,1.7722258801512332,25.0,0.8862332022376809,8,2025-03-16 00:00:00+00:00,8,2,1,1,0,0
031601010505,24,158.82623291015625,1.4799890291479734,10.0,0.6814345028068939,14,2025-03-16 01:00:00+00:00,14,3,2,0,0,0
031601010505,72,228.76727294921875,1.6504164089166187,10.0,0.7771665288544229,18,2024-01-27 13:00:00+00:00,18,7,2,0,0,0
031601010601,3,74.68060302734375,1.2304172267306381,5.0,0.6181697796851321,8,2025-03-15 21:00:00+00:00,8,1,0,0,0,0
031601010601,6,120.65580749511719,1.6205573332103431,25.0,0.8167662718002268,10,2025-03-16 00:00:00+00:00,10,4,1,1,0,0
031601010601,24,161.5189971923828,1.5161766670306347,10.0,0.7036506644969887,17,2025-03-16 02:00:00+00:00,17,6,2,0,0,0
031601010601,72,258.74981689453125,1.8802573826876523,25.0,0.8850425457476091,24,2025-03-16 02:00:00+00:00,24,11,4,1,0,0
031601030101,1,49.24104690551758,1.142178884772015,2.0,0.5497605014095965,2,2025-04-06 06:00:00+00:00,2,0,0,0,0,0
031601030101,3,77.34309387207031,1.2615205489241224,5.0,0.6310346557640854,8,2025-04-06 08:00:00+00:00,8,4,0,0,0,0
031601030101,6,136.1623077392578,1.799360015415451,25.0,0.9014699788297533,14,2025-04-06 11:00:00+00:00,14,6,2,1,0,0
031601030101,24,203.7017822265625,1.8461854439114762,25.0,0.8742876201661843,12,2020-04-13 06:00:00+00:00,12,2,1,1,0,0
031601030101,72,235.91046142578125,1.66146707335594,25.0,0.8106577492105542,12,2020-02-13 10:00:00+00:00,12,4,3,1,0,0
031601030102,1,45.7664909362793,1.059410976552916,2.0,0.5076755742011275,1,2022-02-23 06:00:00+00:00,1,0,0,0,0,0
031601030102,3,75.4529800415039,1.2302528829435784,5.0,0.6084811228442036,9,2025-04-06 08:00:00+00:00,9,1,0,0,0,0
031601030102,6,107.95279693603516,1.4275257919788136,10.0,0.7072848524443777,17,2025-04-06 11:00:00+00:00,17,4,2,0,0,0
031601030102,24,172.45217895507812,1.5629973619969795,10.0,0.7390529374809292,11,2019-10-26 10:00:00+00:00,11,3,1,0,0,0
031601030102,72,228.61729431152344,1.6131777378905268,10.0,0.7853143728235987,14,2020-02-13 10:00:00+00:00,14,4,2,0,0,0
031601030103,1,57.279666900634766,1.3331870199733062,5.0,0.6428182307744843,3,2025-04-06 06:00:00+00:00,3,1,0,0,0,0
031601030103,3,103.33843231201172,1.6886298523388097,25.0,0.8494085756612163,8,2018-05-29 20:00:00+00:00,8,4,1,1,0,0
031601030103,6,136.8291473388672,1.8134638758520722,50.0,0.9119194909251418,14,2020-04-13 02:00:00+00:00,14,8,2,2,1,0
031601030103,24,184.1068878173828,1.680672601030349,10.0,0.7915030595289692,14,2020-04-13 05:00:00+00:00,14,4,2,0,0,0
031601030103,72,220.74745178222656,1.5614022942923629,10.0,0.7584432933041728,12,2020-02-13 10:00:00+00:00,12,5,3,0,0,0
031601030104,1,64.27672576904297,1.4997678279660742,10.0,0.7235504772088456,3,2005-09-26 01:00:00+00:00,3,2,1,0,0,0
031601030104,3,113.14640808105469,1.8520596709810546,50.0,0.9349429660030284,5,2015-12-25 17:00:00+00:00,5,4,2,1,1,0
031601030104,6,145.4096221923828,1.9320710828116137,50.0,0.974316533314949,11,2020-04-13 02:00:00+00:00,11,7,2,2,1,0
031601030104,24,183.2593231201172,1.6823241553068315,10.0,0.789728370884827,13,2020-04-13 05:00:00+00:00,13,4,3,0,0,0
031601030104,72,220.3715362548828,1.5651716837874223,10.0,0.7580358624465424,15,2020-02-13 10:00:00+00:00,15,6,3,0,0,0
031601030105,1,68.39828491210938,1.601321217096579,10.0,0.773782286297965,3,2015-12-25 15:00:00+00:00,3,1,1,0,0,0
031601030105,3,123.86290740966797,2.03201039313027,100.0,1.03329296435657,7,2020-08-26 12:00:00+00:00,7,5,2,1,1,1
031601030105,6,152.95736694335938,2.038801481165678,100.0,1.036110924444779,15,2020-08-26 13:00:00+00:00,15,4,2,2,2,1
031601030105,24,187.72760009765625,1.7365743849078326,25.0,0.8148074228271799,13,2020-04-13 05:00:00+00:00,13,3,3,1,0,0
031601030105,72,226.3964080810547,1.6175036209591347,10.0,0.7816117146362139,14,2020-02-13 10:00:00+00:00,14,6,4,0,0,0
031601030106,1,60.989784240722656,1.4308211395556225,10.0,0.6892301181203524,3,2020-08-26 11:00:00+00:00,3,1,1,0,0,0
031601030106,3,114.98441314697266,1.8899019249577884,50.0,0.9591629126494806,8,2020-08-26 12:00:00+00:00,8,4,1,1,1,0
031601030106,6,141.01953125,1.885331027133012,50.0,0.9555954936659986,11,2015-12-25 20:00:00+00:00,11,4,2,2,2,0
031601030106,24,185.59466552734375,1.72671304352921,25.0,0.8040837384373047,14,2021-08-31 14:00:00+00:00,14,3,3,1,0,0
031601030106,72,222.05682373046875,1.5937120530038618,10.0,0.7642945915079089,16,2024-09-15 15:00:00+00:00,16,7,5,0,0,0
031601030107,1,56.62028884887695,1.3196672275915962,5.0,0.6315771395552735,2,2005-09-26 01:00:00+00:00,2,1,0,0,0,0
031601030107,3,92.28131103515625,1.511944493475207,10.0,0.7506695835744979,6,2025-04-06 08:00:00+00:00,6,1,1,0,0,0
031601030107,6,125.90065002441406,1.6764932780601058,25.0,0.8305972413158053,13,2021-03-31 12:00:00+00:00,13,4,2,1,0,0
031601030107,24,168.9031982421875,1.5523457272488184,10.0,0.7225385033249757,12,2020-04-13 05:00:00+00:00,12,3,1,0,0,0
031601030107,72,223.6031494140625,1.5916853367549861,10.0,0.765839796403316,12,2020-02-13 10:00:00+00:00,12,5,2,0,0,0
031601030201,1,47.381473541259766,1.1070138413781203,2.0,0.5214241717558068,3,2022-02-23 06:00:00+00:00,3,0,0,0,0,0
031601030201,3,94.05998992919922,1.550927758458969,10.0,0.7499237526495405,8,2025-04-06 08:00:00+00:00,8,3,2,0,0,0
031601030201,6,139.1494140625,1.8705428513855031,50.0,0.8999649518115893,13,2025-04-06 10:00:00+00:00,13,5,2,1,1,0
031601030201,24,151.39968872070312,1.4066537392944738,5.0,0.6406640528647419,15,2025-04-07 02:00:00+00:00,15,4,0,0,0,0
031601030201,72,224.19058227539062,1.6099054364813097,10.0,0.7632826286932464,13,2021-03-31 16:00:00+00:00,13,4,2,0,0,0
031601030202,1,47.813995361328125,1.12348892697208,2.0,0.5245754798833084,2,2022-02-23 06:00:00+00:00,2,0,0,0,0,0
031601030202,3,101.56349182128906,1.6920621146214094,25.0,0.8098369975548532,7,2025-04-06 08:00:00+00:00,7,3,2,2,0,0
031601030202,6,140.11558532714844,1.9026796422749845,50.0,0.9049988362672018,10,2025-04-06 10:00:00+00:00,10,3,2,2,1,0
031601030202,24,154.18675231933594,1.4373383143894396,10.0,0.6467965925868352,10,2025-04-06 17:00:00+00:00,10,4,1,0,0,0
031601030202,72,211.065185546875,1.513930253863464,10.0,0.7148281551577057,16,2021-03-31 16:00:00+00:00,16,4,2,0,0,0
031601030301,1,56.603824615478516,1.322644654725132,5.0,0.6306642202466016,2,2005-09-26 01:00:00+00:00,2,2,0,0,0,0
031601030301,3,97.99986267089844,1.6101442120630625,10.0,0.7965029009505861,4,2005-09-26 02:00:00+00:00,4,2,1,0,0,0
031601030301,6,130.23402404785156,1.7409084109352393,25.0,0.8579851679086926,12,2021-03-31 12:00:00+00:00,12,5,2,1,0,0
031601030301,24,160.80018615722656,1.48616018662395,10.0,0.6855986571643405,13,2020-04-13 05:00:00+00:00,13,4,1,0,0,0
031601030301,72,228.56280517578125,1.6337707939475985,10.0,0.7811469071654937,13,2020-02-13 10:00:00+00:00,13,6,3,0,0,0
031601030302,1,48.3992805480957,1.1350632119054986,2.0,0.543496431633776,2,2005-09-26 01:00:00+00:00,2,0,0,0,0,0
031601030302,3,113.18770599365234,1.862901873413857,50.0,0.9344803889323666,5,2015-12-25 17:00:00+00:00,5,2,1,1,1,0
031601030302,6,138.7397918701172,1.8577319549130742,50.0,0.928673909215954,11,2020-04-13 01:00:00+00:00,11,4,2,2,1,0
031601030302,24,187.51983642578125,1.7415493102717883,25.0,0.8032718207487286,13,2020-02-11 08:00:00+00:00,13,3,2,1,0,0
031601030302,72,212.8748321533203,1.5261103353347956,10.0,0.7281584318588828,16,2024-09-15 15:00:00+00:00,16,6,4,0,0,0
031601030303,1,55.954307556152344,1.3117918875843864,5.0,0.6224190769989117,3,2023-03-25 05:00:00+00:00,3,2,0,0,0,0
031601030303,3,101.27853393554688,1.671385702566217,25.0,0.8236063932070226,6,2021-03-31 10:00:00+00:00,6,1,1,1,0,0
031601030303,6,130.26329040527344,1.750001232873212,25.0,0.8580587519377222,11,2021-03-31 12:00:00+00:00,11,5,3,1,0,0
031601030303,24,157.12673950195312,1.4588691359863004,10.0,0.6663671518681045,13,2021-03-31 16:00:00+00:00,13,5,1,0,0,0
031601030303,72,222.91400146484375,1.5977227755731351,10.0,0.7588834082878879,16,2024-09-15 15:00:00+00:00,16,8,3,0,0,0
031601030304,1,62.48870086669922,1.4693078591867292,10.0,0.6902557800779237,4,2023-03-25 05:00:00+00:00,4,3,1,0,0,0
031601030304,3,98.53349304199219,1.6383363723936437,25.0,0.7957290428845083,8,2023-03-25 07:00:00+00:00,8,2,2,1,0,0
031601030304,6,124.00428771972656,1.6789420678986804,25.0,0.8106892496607593,8,2021-03-31 12:00:00+00:00,8,3,2,1,0,0
031601030304,24,143.1347198486328,1.3321400149940228,5.0,0.6016352362761276,14,2021-03-31 16:00:00+00:00,14,4,0,0,0,0
031601030304,72,215.75491333007812,1.5465243983373045,10.0,0.7311997195987692,16,2020-02-13 10:00:00+00:00,16,5,2,0,0,0
031601030305,1,47.836910247802734,1.1289776280459496,2.0,0.5232624229983646,3,2022-02-23 06:00:00+00:00,3,0,0,0,0,0
031601030305,3,90.1861572265625,1.516969308420892,10.0,0.7186692003000098,7,2025-04-06 08:00:00+00:00,7,2,1,0,0,0
031601030305,6,111.38480377197266,1.5270525432048883,10.0,0.7189166720673605,10,2025-04-06 11:00:00+00:00,10,3,2,0,0,0
031601030305,24,139.3756561279297,1.3038682382560924,5.0,0.5823155972868422,13,2021-03-31 16:00:00+00:00,13,2,0,0,0,0
031601030305,72,198.7353973388672,1.4260563296420252,10.0,0.6724059417691916,15,2020-02-13 10:00:00+00:00,15,3,1,0,0,0
031601030306,1,52.05108642578125,1.2299023884700797,5.0,0.5715308719881755,3,2023-03-25 05:00:00+00:00,3,1,0,0,0,0
031601030306,3,97.20407104492188,1.6348447051554595,10.0,0.7825436977770804,6,2023-03-25 07:00:00+00:00,6,2,2,0,0,0
031601030306,6,121.1168212890625,1.659863655678573,25.0,0.7904081819261191,6,2021-03-31 12:00:00+00:00,6,2,2,2,0,0
031601030306,24,140.1836395263672,1.313039940367923,5.0,0.5873206244668439,14,2021-03-31 16:00:00+00:00,14,4,0,0,0,0
031601030306,72,202.63465881347656,1.457416227557325,10.0,0.6872918010150011,17,2021-03-31 16:00:00+00:00,17,3,1,0,0,0
031601030401,1,42.94682693481445,1.0090139053553704,2.0,0.48271583111616756,1,2005-09-26 00:00:00+00:00,1,0,0,0,0,0
031601030401,3,86.93064880371094,1.4332363742414278,10.0,0.7217726207925379,7,2020-01-11 18:00:00+00:00,7,2,1,0,0,0
031601030401,6,144.67654418945312,1.9406105625359311,50.0,0.9764914106003835,8,2015-12-25 19:00:00+00:00,8,3,2,2,1,0
031601030401,24,196.03089904785156,1.827157690258157,25.0,0.8439539005913826,15,2020-02-11 08:00:00+00:00,15,3,2,1,0,0
031601030401,72,223.64794921875,1.6095083958416077,10.0,0.7644998005465913,20,2024-09-15 15:00:00+00:00,20,7,3,0,0,0
031601030402,3,79.4832763671875,1.3148336444624513,5.0,0.6537487801085013,3,2005-09-26 01:00:00+00:00,3,2,0,0,0,0
031601030402,6,116.50851440429688,1.5680379541489828,10.0,0.7772796216812954,7,2015-12-25 20:00:00+00:00,7,4,2,0,0,0
031601030402,24,186.35572814941406,1.7342427973581647,25.0,0.7929717181153353,11,2020-02-11 08:00:00+00:00,11,3,1,1,0,0
031601030402,72,213.2342071533203,1.5323632463148833,10.0,0.7254046200373692,14,2020-02-13 09:00:00+00:00,14,6,4,0,0,0
031601030501,1,54.49768829345703,1.2831772240838077,5.0,0.6043513256567644,2,2005-09-26 01:00:00+00:00,2,1,0,0,0,0
031601030501,3,72.85414123535156,1.2116049351593727,5.0,0.5936045588165729,6,2021-03-31 10:00:00+00:00,6,1,0,0,0,0
031601030501,6,100.574951171875,1.3614537929345623,5.0,0.6639132398926374,8,2021-03-31 12:00:00+00:00,8,4,0,0,0,0
031601030501,24,155.60694885253906,1.4494778484936406,10.0,0.6561033229309429,12,2021-03-31 16:00:00+00:00,12,3,1,0,0,0
031601030501,72,201.2777099609375,1.4457964453933494,10.0,0.6828008109931624,16,2020-02-13 09:00:00+00:00,16,6,2,0,0,0
031601030502,1,47.57337188720703,1.122057728969841,2.0,0.5282853560363264,2,2019-04-14 06:00:00+00:00,2,0,0,0,0,0
031601030502,3,83.07508850097656,1.383201884146244,10.0,0.6812222901867652,4,2019-04-14 07:00:00+00:00,4,2,1,0,0,0
031601030502,6,111.06647491455078,1.5053625241507693,10.0,0.740760616957707,5,2019-04-14 08:00:00+00:00,5,2,1,0,0,0
031601030502,24,194.13296508789062,1.815841461777034,25.0,0.8255102975168066,9,2020-02-11 08:00:00+00:00,9,3,2,1,0,0
031601030502,72,218.61447143554688,1.580989403126091,10.0,0.7435087469490528,15,2024-01-27 13:00:00+00:00,15,6,3,0,0,0
031601030503,1,45.505985260009766,1.0737529282770046,2.0,0.5041904700238026,2,2010-12-12 01:00:00+00:00,2,0,0,0,0,0
031601030503,3,79.19900512695312,1.3217140000806038,5.0,0.6464153399136782,4,2019-04-14 07:00:00+00:00,4,2,0,0,0,0
031601030503,6,95.9847412109375,1.3042454656575828,5.0,0.635828964679552,7,2021-03-31 12:00:00+00:00,7,2,0,0,0,0
031601030503,24,150.06060791015625,1.4028654087648766,5.0,0.6342381185519995,9,2020-02-11 08:00:00+00:00,9,3,0,0,0,0
031601030503,72,205.67605590820312,1.483299512199727,10.0,0.6989534186951194,14,2020-02-13 09:00:00+00:00,14,5,2,0,0,0
031601030601,1,53.26639175415039,1.2607077259763335,5.0,0.5865673056278751,3,2023-03-25 05:00:00+00:00,3,1,0,0,0,0
031601030601,3,89.9007339477539,1.5127032662190174,10.0,0.7298188144044649,8,2021-03-31 10:00:00+00:00,8,2,1,0,0,0
031601030601,6,106.73136901855469,1.4646610293046165,10.0,0.7042414112915206,8,2021-03-31 12:00:00+00:00,8,4,2,0,0,0
031601030601,24,139.46290588378906,1.3136671896579946,5.0,0.588411456370137,14,2021-03-31 16:00:00+00:00,14,4,0,0,0,0
031601030601,72,199.39332580566406,1.445603962145443,10.0,0.679992169007332,14,2020-02-13 09:00:00+00:00,14,5,2,0,0,0
031601050101,1,49.91014862060547,1.1607759132306448,2.0,0.5469535628574609,1,2021-03-31 10:00:00+00:00,1,0,0,0,0,0
031601050101,3,98.79285430908203,1.6219510813189382,10.0,0.7806804297674249,6,2025-04-06 08:00:00+00:00,6,3,1,0,0,0
031601050101,6,139.15896606445312,1.8645231081281615,25.0,0.8942389925369292,12,2025-04-06 11:00:00+00:00,12,4,2,1,0,0
031601050101,24,151.65982055664062,1.4078366328573904,5.0,0.6449501486423712,16,2025-04-07 02:00:00+00:00,16,3,0,0,0,0
031601050101,72,216.43003845214844,1.558226837232607,10.0,0.7396528391614384,10,2021-03-31 16:00:00+00:00,10,4,1,0,0,0
031601050102,3,81.66342163085938,1.3463898717641578,5.0,0.6395705940853547,4,2025-04-06 09:00:00+00:00,4,2,0,0,0,0
031601050102,6,107.71900177001953,1.453819534040326,10.0,0.6866549053762668,9,2025-04-06 11:00:00+00:00,9,3,2,0,0,0
031601050102,24,142.45343017578125,1.3367153903057245,5.0,0.6041857385155175,16,2025-04-07 04:00:00+00:00,16,3,0,0,0,0
031601050102,72,195.4678497314453,1.4223107348052437,10.0,0.6674278126487455,15,2024-09-15 16:00:00+00:00,15,4,1,0,0,0
031601050103,3,97.23220825195312,1.6059935266364969,10.0,0.7611368895358546,4,2025-04-06 09:00:00+00:00,4,1,1,0,0,0
031601050103,6,122.18826293945312,1.6561849319044182,10.0,0.7776600335427846,7,2025-04-06 12:00:00+00:00,7,4,1,0,0,0
031601050103,24,144.87911987304688,1.3697148234308671,5.0,0.6127638299723517,16,2025-04-06 17:00:00+00:00,16,2,0,0,0,0
031601050103,72,182.66062927246094,1.341043974794018,5.0,0.6229672605773791,14,2025-04-07 05:00:00+00:00,14,2,0,0,0,0
031601050201,3,96.93875122070312,1.6034173257608075,10.0,0.7626314056127534,4,2025-04-06 10:00:00+00:00,4,1,1,0,0,0
031601050201,6,126.24771118164062,1.7166973076685113,25.0,0.8036800911508234,8,2025-04-06 12:00:00+00:00,8,1,1,1,0,0
031601050201,24,140.98175048828125,1.337920081047613,5.0,0.5907839167534457,17,2025-04-07 05:00:00+00:00,17,6,0,0,0,0
031601050201,72,193.0147247314453,1.4245763967775362,10.0,0.6546461010005553,15,2025-04-07 05:00:00+00:00,15,3,1,0,0,0
031601050202,3,101.47831726074219,1.6833575802695004,25.0,0.8006722282641839,3,2025-04-06 10:00:00+00:00,3,1,1,1,0,0
031601050202,6,131.26596069335938,1.7902558992543047,25.0,0.8356876610411696,8,2025-04-06 12:00:00+00:00,8,3,1,1,0,0
031601050202,24,144.7047576904297,1.3737715444548715,5.0,0.6025769852600058,15,2025-04-07 05:00:00+00:00,15,7,0,0,0,0
031601050202,72,194.1118927001953,1.4310882567641368,10.0,0.6563113126389081,16,2025-04-07 05:00:00+00:00,16,4,1,0,0,0
031601050203,3,101.33837127685547,1.6791853029758628,25.0,0.8011453535207278,4,2025-06-15 02:00:00+00:00,4,2,1,1,0,0
031601050203,6,131.77978515625,1.7970026011140399,25.0,0.838758639664682,7,2025-04-06 12:00:00+00:00,7,3,1,1,0,0
031601050203,24,160.7173614501953,1.5281902062415176,10.0,0.6660934614375608,16,2025-04-07 04:00:00+00:00,16,6,2,0,0,0
031601050203,72,213.12405395507812,1.5740006779035651,10.0,0.7196479875945249,15,2025-04-07 05:00:00+00:00,15,4,1,0,0,0
031601050204,1,49.37660217285156,1.1484241904169128,2.0,0.5414986879780559,2,2005-09-26 01:00:00+00:00,2,0,0,0,0,0
031601050204,3,90.60215759277344,1.5073242068197141,10.0,0.7149916420147919,4,2025-06-15 02:00:00+00:00,4,3,3,0,0,0
031601050204,6,119.82665252685547,1.64089544628449,10.0,0.7639637289244788,8,2025-06-15 02:00:00+00:00,8,4,2,0,0,0
031601050204,24,165.2962646484375,1.5796006812742875,10.0,0.6868011236397338,15,2025-04-06 17:00:00+00:00,15,5,2,0,0,0
031601050204,72,225.0002899169922,1.6621634560600638,10.0,0.7620939356336024,15,2025-04-07 05:00:00+00:00,15,4,1,0,0,0
031601050205,1,52.30021286010742,1.2218911387482791,5.0,0.5707414273714881,1,1984-11-27 12:00:00+00:00,1,1,0,0,0,0
031601050205,3,89.46660614013672,1.4953741776326417,10.0,0.7044992011371192,5,2025-06-15 02:00:00+00:00,5,2,1,0,0,0
031601050205,6,114.88272094726562,1.5794831538020964,10.0,0.7336497433170353,6,2025-04-06 11:00:00+00:00,6,4,2,0,0,0
031601050205,24,161.23648071289062,1.544535832276557,10.0,0.6729319152226722,13,2025-04-06 16:00:00+00:00,13,5,3,0,0,0
031601050205,72,219.94090270996094,1.6228847778713908,10.0,0.7458736824701919,15,2013-01-16 19:00:00+00:00,15,6,1,0,0,0
031601050301,1,49.19097900390625,1.1549414812678087,2.0,0.5369109587195926,3,2021-03-17 23:00:00+00:00,3,0,0,0,0,0
031601050301,3,81.98639678955078,1.36853566561368,5.0,0.6466849273673486,6,2025-04-06 08:00:00+00:00,6,3,0,0,0,0
031601050301,6,109.22098541259766,1.4887879542161846,10.0,0.6989146457341044,12,2025-04-06 11:00:00+00:00,12,3,2,0,0,0
031601050301,24,138.37347412109375,1.2969952246844694,5.0,0.5813276870969076,18,2025-04-07 02:00:00+00:00,18,3,0,0,0,0
031601050301,72,202.3140411376953,1.459951392394598,10.0,0.6860978494962905,16,2020-02-13 10:00:00+00:00,16,4,1,0,0,0
031601050302,3,94.54890441894531,1.577506365584948,10.0,0.7426372098149395,3,2025-04-06 09:00:00+00:00,3,1,1,0,0,0
031601050302,6,118.82344818115234,1.624410106002906,10.0,0.7568786247352842,5,2025-04-06 11:00:00+00:00,5,2,1,0,0,0
031601050302,24,137.48828125,1.2993787890782318,5.0,0.5770254559412112,14,2025-04-07 05:00:00+00:00,14,4,0,0,0,0
031601050302,72,191.27792358398438,1.3956896812458037,5.0,0.6494572055643385,15,2025-04-07 05:00:00+00:00,15,3,0,0,0,0
031601050303,3,76.67699432373047,1.2881194564769685,5.0,0.6035053961067246,3,2025-04-06 09:00:00+00:00,3,1,0,0,0,0
031601050303,6,106.12408447265625,1.459233797743196,10.0,0.6769597890368836,7,2025-04-06 11:00:00+00:00,7,1,1,0,0,0
031601050303,24,146.31369018554688,1.3826739278459774,5.0,0.6116125017176,20,2025-04-07 02:00:00+00:00,20,3,0,0,0,0
031601050303,72,227.05540466308594,1.6502901268101975,10.0,0.7702499409705565,14,2020-02-13 10:00:00+00:00,14,5,2,0,0,0
031601050304,1,57.42539978027344,1.3537842310678756,5.0,0.6260962681514355,1,2021-03-17 23:00:00+00:00,1,1,0,0,0,0
031601050304,3,79.92996215820312,1.3457572518876673,5.0,0.6320377523624452,6,2025-04-06 08:00:00+00:00,6,2,0,0,0,0
031601050304,6,111.6276626586914,1.5346305430788258,10.0,0.7155206751358739,12,2025-04-06 11:00:00+00:00,12,2,1,0,0,0
031601050304,24,139.8290557861328,1.314639356795276,5.0,0.5846459711638091,18,2025-04-07 02:00:00+00:00,18,4,0,0,0,0
031601050304,72,209.55322265625,1.5119524615503137,10.0,0.7101405636324369,17,2020-02-13 10:00:00+00:00,17,3,2,0,0,0
031601050401,1,50.41884231567383,1.1907534286816053,2.0,0.5489332055721763,2,2005-08-30 03:00:00+00:00,2,0,0,0,0,0
031601050401,3,95.47216796875,1.6127957519904326,10.0,0.759670455309114,5,2024-07-28 03:00:00+00:00,5,1,1,0,0,0
031601050401,6,121.37356567382812,1.675811109697106,25.0,0.7847187096783926,5,2025-04-06 11:00:00+00:00,5,1,1,1,0,0
031601050401,24,140.3587646484375,1.3277219061494883,5.0,0.5875844553787803,9,2009-02-28 10:00:00+00:00,9,3,0,0,0,0
031601050401,72,209.96380615234375,1.5229125186298778,10.0,0.7145919751276026,17,2022-02-23 22:00:00+00:00,17,4,1,0,0,0
031601050402,1,57.434329986572266,1.355823029756696,5.0,0.625228253248174,3,2009-10-23 09:00:00+00:00,3,1,0,0,0,0
031601050402,3,97.80074310302734,1.6519434883379132,10.0,0.7757442167755545,5,2025-04-06 08:00:00+00:00,5,2,1,0,0,0
031601050402,6,125.19857025146484,1.7281279931834235,25.0,0.8059774600154336,9,2025-04-06 11:00:00+00:00,9,2,1,1,0,0
031601050402,24,143.56283569335938,1.3559070103318422,5.0,0.5999468868922648,15,2025-04-06 16:00:00+00:00,15,3,0,0,0,0
031601050402,72,218.06924438476562,1.5787530910171264,10.0,0.7408355080791824,19,2022-02-23 22:00:00+00:00,19,5,1,0,0,0
031601050403,1,49.20100021362305,1.15218396884671,2.0,0.5367787496456659,2,2005-09-26 01:00:00+00:00,2,0,0,0,0,0
031601050403,3,85.65849304199219,1.4364580163017924,10.0,0.6747447681338942,2,2025-04-06 09:00:00+00:00,2,1,1,0,0,0
031601050403,6,115.74098205566406,1.5930584583537064,10.0,0.7381916920341023,6,2025-04-06 11:00:00+00:00,6,2,1,0,0,0
031601050403,24,148.6921844482422,1.4149934238530393,5.0,0.6194342821935049,12,2025-04-06 16:00:00+00:00,12,5,0,0,0,0
031601050403,72,210.57119750976562,1.5425392651843366,10.0,0.714252205133955,15,2020-02-13 10:00:00+00:00,15,6,1,0,0,0
031601050404,1,55.23336410522461,1.2998017846520578,5.0,0.6006260915328187,4,2024-07-28 02:00:00+00:00,4,1,0,0,0,0
031601050404,3,80.61236572265625,1.358813219944168,5.0,0.635778116170908,6,2025-06-08 08:00:00+00:00,6,3,0,0,0,0
031601050404,6,117.62664031982422,1.624305080768113,10.0,0.7528585767907386,11,2025-06-08 11:00:00+00:00,11,3,1,0,0,0
031601050404,24,150.46109008789062,1.4293675427465864,5.0,0.6283881835209841,17,2025-04-06 16:00:00+00:00,17,4,0,0,0,0
031601050404,72,230.79965209960938,1.6825208260610351,25.0,0.7842787272434475,15,2025-04-06 22:00:00+00:00,15,7,2,1,0,0
031601050405,1,51.4525146484375,1.2095702903623307,2.0,0.5586292692795644,2,2005-08-30 03:00:00+00:00,2,0,0,0,0,0
031601050405,3,72.45355224609375,1.2185499875376502,5.0,0.5714974520648308,4,2025-06-08 08:00:00+00:00,4,1,0,0,0,0
031601050405,6,95.89199829101562,1.323955781044048,5.0,0.6158283070597214,8,2025-06-08 11:00:00+00:00,8,2,0,0,0,0
031601050405,24,151.1142120361328,1.446334741076499,10.0,0.6338847018947913,14,2025-04-06 16:00:00+00:00,14,4,1,0,0,0
031601050405,72,198.07949829101562,1.4552070243061417,10.0,0.6739002209305718,16,2021-06-10 15:00:00+00:00,16,6,1,0,0,0
031601050502,1,47.2064208984375,1.09378704640586,2.0,0.5191029762153611,2,2004-03-06 05:00:00+00:00,2,0,0,0,0,0
031601050502,3,102.34371948242188,1.6936766201160374,25.0,0.8082231227851174,5,2025-05-26 03:00:00+00:00,5,2,2,1,0,0
031601050502,6,119.03550720214844,1.6248712621637547,10.0,0.7598297904006514,7,2025-06-08 12:00:00+00:00,7,3,2,0,0,0
031601050502,24,185.4882049560547,1.7806677647695814,25.0,0.7721662290140648,17,2025-04-06 17:00:00+00:00,17,5,3,1,0,0
031601050502,72,251.5481719970703,1.8724929493171052,25.0,0.8527089402411477,15,2025-04-07 05:00:00+00:00,15,7,1,1,0,0
031601050503,1,52.593441009521484,1.2208091762477256,2.0,0.5728203858134813,3,2013-07-11 11:00:00+00:00,3,0,0,0,0,0
031601050503,3,107.55455017089844,1.7818056974551,25.0,0.8409703321717739,7,2025-04-06 09:00:00+00:00,7,2,1,1,0,0
031601050503,6,125.1827621459961,1.7118000478277133,25.0,0.7961400812569758,11,2025-06-08 12:00:00+00:00,11,4,2,1,0,0
031601050503,24,190.7509002685547,1.8394664019229578,25.0,0.7997509520278485,17,2025-04-06 17:00:00+00:00,17,6,3,1,0,0
031601050503,72,261.0545349121094,1.9481808015235815,25.0,0.8816066343044743,14,2013-07-06 08:00:00+00:00,14,8,2,1,0,0
031601060201,1,45.71928787231445,1.053150679460572,2.0,0.5082879380861576,2,2016-09-17 21:00:00+00:00,2,0,0,0,0,0
031601060201,3,86.85677337646484,1.4286636574819034,10.0,0.689988822243665,5,2025-06-15 02:00:00+00:00,5,3,1,0,0,0
031601060201,6,107.41716003417969,1.4569342762992399,10.0,0.6845656231187544,11,2025-06-15 04:00:00+00:00,11,5,2,0,0,0
031601060201,24,179.67205810546875,1.7100177010826616,10.0,0.7431926003924686,17,2025-04-07 05:00:00+00:00,17,6,2,0,0,0
031601060201,72,236.08926391601562,1.7577485623346856,25.0,0.7947888765626591,19,2020-02-13 11:00:00+00:00,19,4,1,1,0,0
031601060202,1,50.08445358276367,1.1501720302657537,2.0,0.5586975833827333,3,2020-04-12 22:00:00+00:00,3,0,0,0,0,0
031601060202,3,96.78038024902344,1.5868524504891364,10.0,0.7705378529781017,7,2025-04-06 10:00:00+00:00,7,2,1,0,0,0
031601060202,6,126.44873046875,1.712787066425561,25.0,0.8067243643968742,9,2025-04-06 13:00:00+00:00,9,4,2,1,0,0
031601060202,24,210.57054138183594,2.0125697859573477,25.0,0.8694430822019402,20,2025-04-07 05:00:00+00:00,20,5,3,1,0,0
031601060202,72,277.5041809082031,2.0771392987869493,50.0,0.9370064948820211,17,2020-02-13 10:00:00+00:00,17,5,1,1,1,0
031601060203,1,53.660526275634766,1.2243996780011905,5.0,0.6020210317364366,1,2020-04-12 22:00:00+00:00,1,1,0,0,0,0
031601060203,3,100.82633972167969,1.6405055699321462,25.0,0.8046593666465627,5,2025-04-06 10:00:00+00:00,5,1,1,1,0,0
031601060203,6,131.7339324951172,1.775299029062748,25.0,0.8433230825245085,9,2025-04-06 13:00:00+00:00,9,4,1,1,0,0
031601060203,24,216.96026611328125,2.0818614795246715,50.0,0.8998392207114098,18,2020-04-20 08:00:00+00:00,18,5,2,1,1,0
031601060203,72,285.8954772949219,2.157670645777088,50.0,0.9702402310053662,16,2020-02-13 10:00:00+00:00,16,4,2,1,1,0
031601060301,1,59.03966522216797,1.362519620965633,5.0,0.6495297540519668,5,2020-07-30 00:00:00+00:00,5,1,0,0,0,0
031601060301,3,110.9658203125,1.826571451358877,25.0,0.8740372122134547,9,2025-05-26 03:00:00+00:00,9,3,2,2,0,0
031601060301,6,127.92781829833984,1.7406739832511906,25.0,0.8160553683120635,14,2025-06-08 12:00:00+00:00,14,5,3,1,0,0
031601060301,24,198.8134307861328,1.9167079121379735,25.0,0.8308441796384243,18,2025-04-06 17:00:00+00:00,18,6,3,1,0,0
031601060301,72,270.4537048339844,2.028329881565693,50.0,0.9163614744355504,15,2020-07-30 05:00:00+00:00,15,7,1,1,1,0
031601060304,1,56.2362060546875,1.2927321319834073,5.0,0.6223779271024596,5,2020-07-30 01:00:00+00:00,5,1,0,0,0,0
031601060304,3,112.82664489746094,1.849277498791708,25.0,0.89231364735995,8,2025-05-26 03:00:00+00:00,8,3,2,2,0,0
031601060304,6,129.53915405273438,1.756723264173288,25.0,0.8277368655499634,12,2025-06-08 13:00:00+00:00,12,4,3,1,0,0
031601060304,24,204.02847290039062,1.9661142884532878,25.0,0.8514560468666174,19,2025-04-06 17:00:00+00:00,19,4,3,1,0,0
031601060304,72,277.25347900390625,2.0853320496270125,50.0,0.9406801708124216,15,2014-04-07 09:00:00+00:00,15,5,1,1,1,0
031601060305,1,51.95282745361328,1.1916059581993332,2.0,0.5780017289903081,2,2019-06-07 04:00:00+00:00,2,0,0,0,0,0
031601060305,3,112.8130111694336,1.8450645367197125,25.0,0.8960326578498969,9,2025-05-26 03:00:00+00:00,9,4,1,1,0,0
031601060305,6,129.6552276611328,1.7547805620369732,25.0,0.8293539030411423,11,2025-05-26 05:00:00+00:00,11,5,1,1,0,0
031601060305,24,206.5164337158203,1.9861209386253185,25.0,0.8590316667218334,19,2025-04-07 05:00:00+00:00,19,4,3,1,0,0
031601060305,72,279.3343811035156,2.1018271495510534,50.0,0.948140516491026,15,2020-02-13 10:00:00+00:00,15,4,1,1,1,0
031601060308,1,46.207916259765625,1.056970991355286,2.0,0.5096587470708607,2,2019-06-07 04:00:00+00:00,2,0,0,0,0,0
031601060308,3,109.81144714355469,1.7902805479345647,25.0,0.8622374526296164,6,2025-04-06 10:00:00+00:00,6,1,1,1,0,0
031601060308,6,126.30043029785156,1.7063990504198878,25.0,0.8023574726310688,10,2025-04-06 11:00:00+00:00,10,3,1,1,0,0
031601060308,24,205.4993896484375,1.9806061721255617,25.0,0.8583925028878486,17,2025-04-06 17:00:00+00:00,17,3,2,1,0,0
031601060308,72,278.3325500488281,2.0981462451185258,50.0,0.9405788781917234,18,2021-09-01 22:00:00+00:00,18,4,1,1,1,0
031601060401,1,52.976219177246094,1.2167451429223815,5.0,0.5949087284668358,2,2020-04-12 22:00:00+00:00,2,1,0,0,0,0
031601060401,3,102.07992553710938,1.6745853327544777,25.0,0.8151815442395164,7,2020-04-12 23:00:00+00:00,7,2,2,1,0,0
031601060401,6,121.48905944824219,1.6458682597327514,10.0,0.7753278578901234,11,2025-04-06 13:00:00+00:00,11,3,2,0,0,0
031601060401,24,209.1746063232422,1.9942120673231372,25.0,0.86362822729447,20,2020-04-20 08:00:00+00:00,20,5,2,1,0,0
031601060401,72,268.6493835449219,2.016681316041107,50.0,0.9014556850503447,16,2020-02-13 10:00:00+00:00,16,4,1,1,1,0
031601060402,1,62.26516342163086,1.4224730645911683,10.0,0.7038280753879184,2,2020-04-12 22:00:00+00:00,2,2,2,0,0,0
031601060402,3,113.74095153808594,1.8562966459919132,50.0,0.9105343120801509,9,2025-05-26 03:00:00+00:00,9,4,3,2,1,0
031601060402,6,133.9588623046875,1.8089705607333941,25.0,0.8551030250550653,13,2025-05-26 06:00:00+00:00,13,5,3,1,0,0
031601060402,24,239.7538299560547,2.290489767198598,50.0,0.9881968587024124,21,2020-10-29 05:00:00+00:00,21,8,3,1,1,0
031601060402,72,305.8859558105469,2.309404287009776,100.0,1.0290837265444903,22,2020-04-20 08:00:00+00:00,22,4,3,1,1,1
031601060403,1,53.50933837890625,1.2182502877992512,5.0,0.6092042234925156,1,2020-04-12 22:00:00+00:00,1,1,0,0,0,0
031601060403,3,95.35282897949219,1.5522338146961123,10.0,0.7638156189739406,6,2020-04-12 23:00:00+00:00,6,1,1,0,0,0
031601060403,6,121.71345520019531,1.640932124126419,10.0,0.7762936730539971,9,2020-04-13 02:00:00+00:00,9,3,1,0,0,0
031601060403,24,228.73101806640625,2.1832783703445435,50.0,0.9445587225920733,20,2020-04-20 08:00:00+00:00,20,6,1,1,1,0
031601060403,72,283.9156799316406,2.153220591374185,50.0,0.9553395483104317,21,2021-06-12 19:00:00+00:00,21,4,2,1,1,0
031601060404,1,54.05744552612305,1.226546082979663,5.0,0.614268779373186,2,2020-04-12 22:00:00+00:00,2,1,0,0,0,0
031601060404,3,97.41731262207031,1.5781923850641615,10.0,0.7808894252544534,5,2020-04-12 23:00:00+00:00,5,3,2,0,0,0
031601060404,6,124.62217712402344,1.6733934839878715,25.0,0.7966997035346159,8,2020-04-13 02:00:00+00:00,8,3,2,1,0,0
031601060404,24,227.47698974609375,2.1732950174740693,50.0,0.9406143000077136,19,2020-10-29 05:00:00+00:00,19,6,1,1,1,0
031601060404,72,280.7499694824219,2.128381226612051,50.0,0.9500926308041882,21,2021-06-13 01:00:00+00:00,21,4,2,1,1,0
031601060405,1,65.3128890991211,1.4995982949331517,10.0,0.7410300836834274,3,2020-04-12 22:00:00+00:00,3,2,1,0,0,0
031601060405,3,113.56141662597656,1.866322485241073,50.0,0.9091371655166416,5,2020-04-12 23:00:00+00:00,5,3,2,2,1,0
031601060405,6,134.59860229492188,1.8280999804975462,25.0,0.8581585057155078,12,2022-03-23 03:00:00+00:00,12,4,2,1,0,0
031601060405,24,221.7640380859375,2.1154811407046497,50.0,0.9146874372241702,17,2020-04-20 08:00:00+00:00,17,6,4,1,1,0
031601060405,72,280.072021484375,2.11856375685167,50.0,0.9352620114819771,17,2020-04-20 08:00:00+00:00,17,7,1,1,1,0
031601060406,1,44.98130416870117,1.0291877298004326,2.0,0.5143108314261362,1,2009-09-21 01:00:00+00:00,1,0,0,0,0,0
031601060406,3,77.22846221923828,1.2667509159409958,5.0,0.617944901186387,6,2016-06-15 12:00:00+00:00,6,4,0,0,0,0
031601060406,6,104.20535278320312,1.414312562170684,10.0,0.663458747976145,9,2022-03-23 03:00:00+00:00,9,4,1,0,0,0
031601060406,24,214.32151794433594,2.0444470881409713,50.0,0.8875692172686642,17,2020-04-20 08:00:00+00:00,17,7,1,1,1,0
031601060406,72,261.4358215332031,1.9885970637834018,25.0,0.8747086016517959,18,2020-04-20 08:00:00+00:00,18,4,1,1,0,0
031601060407,3,86.14562225341797,1.4061309871689036,10.0,0.6897070849970148,4,2012-09-04 04:00:00+00:00,4,2,1,0,0,0
031601060407,6,114.1879653930664,1.5432305215313058,10.0,0.727646673061848,7,2022-03-23 03:00:00+00:00,7,3,1,0,0,0
031601060407,24,221.5650634765625,2.114161860604219,50.0,0.9165419565460868,16,2020-04-20 08:00:00+00:00,16,7,1,1,1,0
031601060407,72,270.2053527832031,2.052734468918694,50.0,0.9074228960719077,17,2020-04-20 08:00:00+00:00,17,3,1,1,1,0
031601060408,3,77.36299133300781,1.2451989811097777,5.0,0.6198610274983501,2,2004-02-06 02:00:00+00:00,2,1,0,0,0,0
031601060408,6,108.8613052368164,1.4544905510144166,10.0,0.6965580341508543,6,2025-06-08 14:00:00+00:00,6,1,1,0,0,0
031601060408,24,206.71165466308594,1.9737911929879655,25.0,0.8635389081663006,14,2020-04-20 07:00:00+00:00,14,4,1,1,0,0
031601060408,72,242.6444091796875,1.8497524090850574,25.0,0.829245549488009,18,2020-04-20 08:00:00+00:00,18,3,1,1,0,0
031601060501,1,55.25828170776367,1.2516371009599148,5.0,0.6242822893919063,3,2020-04-12 22:00:00+00:00,3,2,0,0,0,0
031601060501,3,112.52070617675781,1.816719867230953,25.0,0.899904739564763,5,2020-04-12 23:00:00+00:00,5,3,3,1,0,0
031601060501,6,126.99240112304688,1.7010374756658784,25.0,0.813633831507702,8,2022-03-23 02:00:00+00:00,8,4,3,1,0,0
031601060501,24,215.87728881835938,2.0688897998866604,50.0,0.8970199208115803,19,2020-10-29 05:00:00+00:00,19,6,2,1,1,0
031601060501,72,269.9767150878906,2.046473254305248,50.0,0.9191016282148967,18,2020-04-20 08:00:00+00:00,18,6,3,1,1,0
031601060502,1,51.35721969604492,1.154024667471719,2.0,0.575215810454256,1,2016-02-03 00:00:00+00:00,1,0,0,0,0,0
031601060502,3,90.71072387695312,1.4516213686989212,10.0,0.7172858941690617,5,2016-02-03 01:00:00+00:00,5,2,1,0,0,0
031601060502,6,121.6559829711914,1.618678971010027,10.0,0.7738082218327125,8,2025-06-08 14:00:00+00:00,8,1,1,0,0,0
031601060502,24,208.12799072265625,1.9943287945685428,25.0,0.8675541483149612,18,2021-08-31 11:00:00+00:00,18,5,2,2,0,0
031601060502,72,254.87255859375,1.9330113743429143,25.0,0.8684393399432911,20,2020-04-20 08:00:00+00:00,20,5,2,1,0,0
031601060503,1,58.43402862548828,1.3133029043655513,5.0,0.6632941193799571,1,2009-08-20 22:00:00+00:00,1,1,0,0,0,0
031601060503,3,94.59645080566406,1.5145992587183668,10.0,0.7563909922848325,5,2009-09-21 02:00:00+00:00,5,3,1,0,0,0
031601060503,6,113.92843627929688,1.5157300330341748,10.0,0.7296502563332291,8,2025-06-08 14:00:00+00:00,8,3,2,0,0,0
031601060503,24,205.1785888671875,1.9627172464607867,25.0,0.8564854698001518,17,2020-10-29 05:00:00+00:00,17,6,2,1,0,0
031601060503,72,247.3296356201172,1.8814686483028011,25.0,0.8462086895884066,17,2020-10-29 09:00:00+00:00,17,7,3,1,0,0
031601060504,3,85.76202392578125,1.357483009839624,5.0,0.6706558828086162,5,2025-06-08 13:00:00+00:00,5,1,0,0,0,0
031601060504,6,115.1016616821289,1.5174135297930311,10.0,0.7244545249686829,6,2025-06-08 14:00:00+00:00,6,4,2,0,0,0
031601060504,24,203.1036376953125,1.9382794068778466,25.0,0.8460716257746895,20,2025-06-08 16:00:00+00:00,20,6,1,1,0,0
031601060504,72,249.21934509277344,1.8882103323830388,25.0,0.8504109175489706,21,2025-06-09 16:00:00+00:00,21,6,1,1,0,0
031601060505,3,85.93246459960938,1.3653135197268573,5.0,0.6811386695015031,5,2025-06-08 13:00:00+00:00,5,2,0,0,0,0
031601060505,6,109.19981384277344,1.443738542316809,10.0,0.694934659753192,5,2025-06-08 14:00:00+00:00,5,4,2,0,0,0
031601060505,24,194.22018432617188,1.8552243386029597,25.0,0.8124687214106439,19,2025-06-08 16:00:00+00:00,19,4,2,1,0,0
031601060505,72,237.602783203125,1.806430597799755,25.0,0.8144670220800021,19,2025-06-09 16:00:00+00:00,19,5,3,1,0,0
031601060506,3,81.85860443115234,1.3117273029665213,5.0,0.6557519558806568,3,2009-08-20 23:00:00+00:00,3,1,0,0,0,0
031601060506,6,113.9015121459961,1.516125671939358,10.0,0.7297961267063718,5,2025-06-08 14:00:00+00:00,5,3,1,0,0,0
031601060506,24,208.07150268554688,1.9882905327056972,25.0,0.869200017146705,16,2020-10-29 05:00:00+00:00,16,5,1,1,0,0
031601060506,72,243.67799377441406,1.8555247687122152,25.0,0.8349071531529362,17,2020-10-29 10:00:00+00:00,17,3,2,1,0,0
031601060507,3,88.10562133789062,1.3960243054946335,10.0,0.7021098839666036,6,2025-06-08 14:00:00+00:00,6,1,1,0,0,0
031601060507,6,130.50489807128906,1.7202426824486647,25.0,0.8333036612184135,10,2025-11-25 15:00:00+00:00,10,2,1,1,0,0
031601060507,24,193.8029022216797,1.8465030045728166,25.0,0.8170412306649824,16,2025-06-08 16:00:00+00:00,16,5,1,1,0,0
031601060507,72,228.23422241210938,1.7396762081995645,25.0,0.7900091774524521,17,2025-06-10 01:00:00+00:00,17,6,2,1,0,0
031601060601,1,47.609619140625,1.0549563749955189,2.0,0.5408423160109781,1,2018-09-05 15:00:00+00:00,1,0,0,0,0,0
031601060601,3,98.35144805908203,1.5497151004805652,10.0,0.7794749284909602,5,2025-06-08 14:00:00+00:00,5,1,1,0,0,0
031601060601,6,130.05966186523438,1.7057228905781647,25.0,0.8268357006220631,8,2025-06-08 14:00:00+00:00,8,4,1,1,0,0
031601060601,24,191.14027404785156,1.8175699262587803,25.0,0.8068249793271722,15,2025-06-08 17:00:00+00:00,15,6,1,1,0,0
031601060601,72,228.6825714111328,1.7392452923829365,25.0,0.7935848591583851,19,2025-06-09 23:00:00+00:00,19,5,2,1,0,0
031601060602,1,50.33867645263672,1.1216046722796427,2.0,0.5775810287884812,2,2005-04-30 10:00:00+00:00,2,0,0,0,0,0
031601060602,3,84.41996765136719,1.3393607480177703,5.0,0.6742467655644114,7,2025-06-08 14:00:00+00:00,7,2,0,0,0,0
031601060602,6,111.21253204345703,1.4668841784345559,10.0,0.7109802501096241,10,2025-06-08 14:00:00+00:00,10,6,1,0,0,0
031601060602,24,192.01800537109375,1.82573570405777,25.0,0.813824514796037,16,2025-06-08 17:00:00+00:00,16,6,1,1,0,0
031601060602,72,226.69390869140625,1.7296902690061116,25.0,0.7865896526877445,13,2025-06-10 01:00:00+00:00,13,5,1,1,0,0
031601060603,1,50.56504440307617,1.1222954312987619,2.0,0.5786962932042481,2,2005-04-30 10:00:00+00:00,2,0,0,0,0,0
031601060603,3,89.83547973632812,1.4183411628248748,10.0,0.7158935029298288,5,2025-06-08 14:00:00+00:00,5,1,1,0,0,0
031601060603,6,115.16030883789062,1.5123116883720258,10.0,0.7353862727741175,11,2025-06-08 15:00:00+00:00,11,5,1,0,0,0
031601060603,24,195.23004150390625,1.854796637271451,25.0,0.8286872565684675,19,2025-06-08 17:00:00+00:00,19,5,2,1,0,0
031601060603,72,233.0962371826172,1.77551549071317,25.0,0.8124551998921651,15,2025-06-10 19:00:00+00:00,15,6,1,1,0,0
031601060604,1,48.79558181762695,1.0857110556635872,2.0,0.560910309125565,3,2005-05-29 10:00:00+00:00,3,0,0,0,0,0
031601060604,3,94.36373901367188,1.4944598104150741,10.0,0.7545832747692642,4,2025-06-08 15:00:00+00:00,4,2,1,0,0,0
031601060604,6,123.4512710571289,1.625493858280144,10.0,0.7903297934586673,9,2025-06-08 15:00:00+00:00,9,5,1,0,0,0
031601060604,24,188.78390502929688,1.793378542878243,25.0,0.8033309203129273,15,2025-06-08 17:00:00+00:00,15,5,1,1,0,0
031601060604,72,226.48623657226562,1.7274383775400102,25.0,0.7861461883388623,15,2025-06-09 16:00:00+00:00,15,5,2,1,0,0
031601060605,1,47.979942321777344,1.0788477097195472,2.0,0.5515633130882371,2,2021-06-20 00:00:00+00:00,2,0,0,0,0,0
031601060605,3,87.44012451171875,1.4042281319563643,10.0,0.6984851030232619,3,2021-06-20 01:00:00+00:00,3,2,1,0,0,0
031601060605,6,105.65374755859375,1.4082411899692255,10.0,0.673774166396294,8,2021-12-30 15:00:00+00:00,8,2,1,0,0,0
031601060605,24,179.41236877441406,1.7062572031355026,10.0,0.7565893872339075,15,2021-06-20 06:00:00+00:00,15,1,1,0,0,0
031601060605,72,210.52072143554688,1.60849552598912,10.0,0.7172699195451956,11,2020-02-13 11:00:00+00:00,11,3,1,0,0,0
031601060606,1,46.8258056640625,1.0430432796299156,2.0,0.5392680838495807,1,2005-05-29 10:00:00+00:00,1,0,0,0,0,0
031601060606,3,91.96630859375,1.4584257820230055,10.0,0.736467724638998,4,2025-06-08 15:00:00+00:00,4,3,1,0,0,0
031601060606,6,133.27804565429688,1.7568578128691719,25.0,0.854151700085773,10,2025-06-08 15:00:00+00:00,10,4,1,1,0,0
031601060606,24,181.95074462890625,1.7286064751612618,25.0,0.7754111514013675,13,2025-06-08 18:00:00+00:00,13,5,2,1,0,0
031601060606,72,218.56060791015625,1.6681812658935786,10.0,0.7562967117275211,17,2025-06-09 16:00:00+00:00,17,4,2,0,0,0
031601060607,3,76.96784210205078,1.225425619381033,5.0,0.6164991100858919,4,2025-06-08 15:00:00+00:00,4,1,0,0,0,0
031601060607,6,117.21256256103516,1.5504725623185422,10.0,0.7504350984367737,7,2025-06-08 15:00:00+00:00,7,3,1,0,0,0
031601060607,24,169.3419952392578,1.6090851379548556,10.0,0.720235483300692,14,2025-06-08 18:00:00+00:00,14,3,2,0,0,0
031601060607,72,201.22373962402344,1.5368317808786072,10.0,0.6904173210473954,17,2025-06-09 16:00:00+00:00,17,4,2,0,0,0
031601060608,1,48.00614547729492,1.0702814152747606,2.0,0.5543844067312284,2,2025-06-08 15:00:00+00:00,2,0,0,0,0,0
031601060608,3,85.67662048339844,1.3601008095608262,5.0,0.6881491772475121,4,2025-06-08 15:00:00+00:00,4,2,0,0,0,0
031601060608,6,106.33226013183594,1.403302180812814,10.0,0.6841962563111985,9,2025-06-08 15:00:00+00:00,9,3,1,0,0,0
031601060608,24,163.6608428955078,1.5566716981694086,10.0,0.7026566410145761,13,2025-06-08 18:00:00+00:00,13,4,2,0,0,0
031601060608,72,191.6701202392578,1.4627379343258637,10.0,0.662859370210156,17,2025-06-10 21:00:00+00:00,17,5,1,0,0,0
031601060609,1,52.11521530151367,1.1570321130005488,2.0,0.5988180488527197,4,2025-06-08 15:00:00+00:00,4,0,0,0,0,0
031601060609,3,104.68798065185547,1.6532355062677873,25.0,0.8372345543933807,4,2025-06-08 15:00:00+00:00,4,3,2,1,0,0
031601060609,6,128.08346557617188,1.6821280364047608,25.0,0.8216418830671348,11,2025-06-08 17:00:00+00:00,11,5,2,1,0,0
031601060609,24,181.31910705566406,1.7223002576764554,25.0,0.777423896940519,17,2025-06-08 18:00:00+00:00,17,7,3,1,0,0
031601060609,72,221.0961456298828,1.6831271427756527,10.0,0.77086956678091,18,2025-06-10 21:00:00+00:00,18,6,1,0,0,0
031601060701,1,56.518943786621094,1.252131752466756,5.0,0.6469354089747023,4,2025-06-08 15:00:00+00:00,4,1,0,0,0,0
031601060701,3,104.63780212402344,1.6479890366157595,25.0,0.8335680776400431,3,2025-06-08 15:00:00+00:00,3,3,2,2,0,0
031601060701,6,124.66549682617188,1.6328508948122047,10.0,0.797240227265348,8,2025-06-08 17:00:00+00:00,8,3,2,0,0,0
031601060701,24,180.9425506591797,1.7171986105177273,25.0,0.7759313456695647,15,2025-06-08 17:00:00+00:00,15,7,4,1,0,0
031601060701,72,220.80853271484375,1.6780048857088952,10.0,0.771714861061534,17,2025-06-10 21:00:00+00:00,17,7,1,0,0,0
031601060702,1,51.30134963989258,1.1341313078554427,2.0,0.5842901302848386,3,2025-06-08 15:00:00+00:00,3,0,0,0,0,0
031601060702,3,87.23008728027344,1.3699896823411737,5.0,0.6911277544166295,4,2025-06-08 15:00:00+00:00,4,2,0,0,0,0
031601060702,6,104.74923706054688,1.368023784592145,5.0,0.6667311066555811,7,2025-06-08 16:00:00+00:00,7,3,0,0,0,0
031601060702,24,188.33230590820312,1.7851935725658867,25.0,0.8072198897734039,15,2025-06-08 18:00:00+00:00,15,5,2,1,0,0
031601060702,72,206.1457061767578,1.5628502668653947,10.0,0.7211132568115047,15,2025-06-09 16:00:00+00:00,15,4,2,0,0,0
031601060703,1,89.56383514404297,1.9889908829654739,100.0,1.0269217800028942,2,2021-06-06 19:00:00+00:00,2,1,1,1,1,1
031601060703,3,129.36697387695312,2.044043546242011,100.0,1.032753130717724,5,2025-06-08 16:00:00+00:00,5,2,1,1,1,1
031601060703,6,154.9727783203125,2.035841912978062,50.0,0.9937134358138668,9,2025-06-08 16:00:00+00:00,9,3,2,1,1,0
031601060703,24,188.25772094726562,1.7882513056776843,25.0,0.8111149220040137,15,2019-10-26 07:00:00+00:00,15,6,5,1,0,0
031601060703,72,195.61029052734375,1.4847530433013905,10.0,0.6817619387099303,16,2025-06-09 16:00:00+00:00,16,5,1,0,0,0
031601060704,1,54.51194763183594,1.2176138878651754,5.0,0.6299402944456164,1,2005-05-29 10:00:00+00:00,1,1,0,0,0,0
031601060704,3,85.81526947021484,1.3657688615240138,5.0,0.6895041657313375,4,2025-06-08 16:00:00+00:00,4,1,0,0,0,0
031601060704,6,114.46104431152344,1.51444013752517,10.0,0.7371925443410714,8,2025-06-08 15:00:00+00:00,8,2,1,0,0,0
031601060704,24,158.70896911621094,1.5114407548851359,10.0,0.6834143743459764,11,2025-06-08 18:00:00+00:00,11,5,1,0,0,0
031601060704,72,174.79840087890625,1.3333023265712185,5.0,0.6039072789722448,14,2025-06-09 16:00:00+00:00,14,4,0,0,0,0
031601060705,1,86.10044860839844,1.9208367164197977,50.0,0.9934384336433303,2,2018-09-05 14:00:00+00:00,2,1,1,1,1,0
031601060705,3,125.5440673828125,1.9946124893252972,100.0,1.0085289984610637,4,2025-06-08 16:00:00+00:00,4,3,1,1,1,1
031601060705,6,149.73304748535156,1.9777357886211424,50.0,0.9657515269178064,10,2025-06-08 15:00:00+00:00,10,5,2,1,1,0
031601060705,24,187.45819091796875,1.7850429518924016,25.0,0.8101115716246365,12,2025-06-08 18:00:00+00:00,12,6,3,2,0,0
031601060705,72,206.15521240234375,1.5701182426209095,10.0,0.7163021771632373,17,2025-06-09 16:00:00+00:00,17,4,2,0,0,0
031601060706,1,106.42613220214844,2.379741633216396,500.0,1.2278962097341055,4,2022-07-22 02:00:00+00:00,4,1,1,1,1,1
031601060706,3,146.20399475097656,2.3308943763801997,200.0,1.1738392354363536,3,2019-10-26 00:00:00+00:00,3,2,2,1,1,1
031601060706,6,171.2456817626953,2.2695321393544967,100.0,1.104748266964595,7,2019-10-26 03:00:00+00:00,7,4,2,2,2,2
031601060706,24,228.70362854003906,2.1790812042272765,50.0,0.9909562872772546,11,2019-10-26 07:00:00+00:00,11,5,3,3,3,0
031601060706,72,229.86993408203125,1.74674763705163,25.0,0.7974188013771896,17,2025-06-11 01:00:00+00:00,17,3,3,2,0,0
031601060707,1,57.10435485839844,1.2802021799004435,5.0,0.6590582571144913,3,2022-07-22 02:00:00+00:00,3,2,0,0,0,0
031601060707,3,93.08872985839844,1.4902540883719824,10.0,0.7465247094366776,6,2022-07-22 03:00:00+00:00,6,3,2,0,0,0
031601060707,6,143.7514190673828,1.9128764018379265,50.0,0.9261907208640902,8,2022-07-22 06:00:00+00:00,8,3,2,1,1,0
031601060707,24,203.9242706298828,1.9446002609171988,25.0,0.8835689289625095,10,2020-04-20 08:00:00+00:00,10,4,3,2,0,0
031601060707,72,207.16664123535156,1.5725968324924262,10.0,0.7171825844510822,19,2025-06-11 02:00:00+00:00,19,3,2,0,0,0
031601060708,1,56.02238845825195,1.2549715144157696,5.0,0.6471898047997025,1,2005-05-29 10:00:00+00:00,1,1,0,0,0,0
031601060708,3,88.39239501953125,1.4130982680546345,10.0,0.7092275729463503,4,2025-06-08 16:00:00+00:00,4,2,1,0,0,0
031601060708,6,134.50314331054688,1.787720907461604,25.0,0.8656581788635315,4,2025-06-08 15:00:00+00:00,4,2,2,1,0,0
031601060708,24,183.28652954101562,1.7483770905025977,25.0,0.7910465023223863,10,2025-06-08 18:00:00+00:00,10,4,2,1,0,0
031601060708,72,184.478759765625,1.404361715730061,5.0,0.6372720719708259,15,2025-06-11 02:00:00+00:00,15,4,0,0,0,0
031601060709,3,90.38353729248047,1.4540818853066575,10.0,0.723391400630868,4,2022-07-22 03:00:00+00:00,4,2,1,0,0,0
031601060709,6,137.19125366210938,1.8349027896535766,25.0,0.8806736482034097,7,2022-07-22 05:00:00+00:00,7,3,2,2,0,0
031601060709,24,211.77410888671875,2.0225041681216704,50.0,0.9132773015519928,12,2021-04-10 14:00:00+00:00,12,3,3,1,1,0
031601060709,72,222.12278747558594,1.6858254945835887,10.0,0.7667446101437642,18,2025-06-11 02:00:00+00:00,18,4,1,0,0,0
031601070101,1,49.81355667114258,1.1483241863108764,2.0,0.5438329059532508,2,2021-03-31 10:00:00+00:00,2,0,0,0,0,0
031601070101,3,104.01045989990234,1.6953630744595989,25.0,0.8157577267421194,6,2025-04-06 09:00:00+00:00,6,4,1,1,0,0
031601070101,6,122.9651870727539,1.638746768949819,10.0,0.788550127713455,10,2025-04-06 12:00:00+00:00,10,3,2,0,0,0
031601070101,24,147.1437225341797,1.3617455281478923,5.0,0.6337820681606026,15,2025-04-07 05:00:00+00:00,15,5,0,0,0,0
031601070101,72,199.43687438964844,1.4440962250108984,10.0,0.68778048491381,11,2024-09-15 14:00:00+00:00,11,2,1,0,0,0
031601070102,1,44.8272590637207,1.03549963891727,2.0,0.49205664950614847,1,2025-04-06 07:00:00+00:00,1,0,0,0,0,0
031601070102,3,79.42172241210938,1.295282734420302,5.0,0.6286692305746187,7,2025-04-06 08:00:00+00:00,7,3,0,0,0,0
031601070102,6,114.82318878173828,1.5250923270545622,10.0,0.7412140569772125,11,2025-04-06 11:00:00+00:00,11,3,3,0,0,0
031601070102,24,166.2357177734375,1.5221936818149437,10.0,0.7141018722394684,11,2021-03-31 18:00:00+00:00,11,2,1,0,0,0
031601070102,72,219.3785400390625,1.567486950412735,10.0,0.7550249311027286,10,2020-02-13 10:00:00+00:00,10,3,1,0,0,0
031601070103,1,51.89769744873047,1.2025709495021426,2.0,0.5692407058213709,2,2021-03-31 10:00:00+00:00,2,0,0,0,0,0
031601070103,3,87.6640853881836,1.4336196272179742,10.0,0.692917952586543,9,2025-04-06 08:00:00+00:00,9,4,2,0,0,0
031601070103,6,122.60139465332031,1.6348102832853504,10.0,0.7893064084420541,13,2025-04-06 11:00:00+00:00,13,5,3,0,0,0
031601070103,24,159.3898162841797,1.4698348889901383,10.0,0.6817741891963376,13,2021-03-31 18:00:00+00:00,13,3,1,0,0,0
031601070103,72,213.7361602783203,1.533451991944652,10.0,0.7332351432885139,10,2020-02-13 10:00:00+00:00,10,3,1,0,0,0
031601070104,1,53.238731384277344,1.2320640207505096,5.0,0.579567396682627,3,2016-09-17 22:00:00+00:00,3,2,0,0,0,0
031601070104,3,94.60287475585938,1.5484181525108283,10.0,0.7388042181061454,6,2025-04-06 09:00:00+00:00,6,3,2,0,0,0
031601070104,6,133.97622680664062,1.7967139247689439,25.0,0.853810066463872,9,2025-04-06 12:00:00+00:00,9,6,1,1,0,0
031601070104,24,157.94049072265625,1.4787091850133012,10.0,0.6748969898383088,14,2025-04-07 04:00:00+00:00,14,2,1,0,0,0
031601070104,72,190.1356658935547,1.3871717560403791,5.0,0.6526441102862267,16,2024-09-15 16:00:00+00:00,16,4,0,0,0,0
031601070105,3,82.30857849121094,1.339337558558162,5.0,0.6431800124696067,7,2025-04-06 09:00:00+00:00,7,2,0,0,0,0
031601070105,6,115.77128601074219,1.5470933097858242,10.0,0.7393700635945318,10,2025-04-06 12:00:00+00:00,10,3,3,0,0,0
031601070105,24,137.0303192138672,1.2843709344164314,5.0,0.5877679808878392,15,2025-04-07 06:00:00+00:00,15,6,0,0,0,0
031601070105,72,180.82211303710938,1.3293814261552765,5.0,0.6215421570796847,16,2025-04-07 06:00:00+00:00,16,2,0,0,0,0
031601070106,1,49.361454010009766,1.1382023964012977,2.0,0.537625565843388,1,2008-10-08 11:00:00+00:00,1,0,0,0,0,0
031601070106,3,86.5521469116211,1.4116684802570942,10.0,0.6760672335861903,5,2025-04-06 09:00:00+00:00,5,3,2,0,0,0
031601070106,6,121.07160186767578,1.6188731047653726,10.0,0.772928748081443,14,2025-04-06 12:00:00+00:00,14,3,2,0,0,0
031601070106,24,143.793212890625,1.3437651853566586,5.0,0.6172116995152431,15,2025-04-07 05:00:00+00:00,15,3,0,0,0,0
031601070106,72,191.20437622070312,1.3973752364901146,5.0,0.6581439551974785,14,2024-09-15 16:00:00+00:00,14,1,0,0,0,0
031601070201,3,86.02639770507812,1.407009361337687,10.0,0.6733213656034339,5,2025-04-06 10:00:00+00:00,5,2,1,0,0,0
031601070201,6,116.13350677490234,1.5625215163796318,10.0,0.7395453263869685,6,2025-04-06 12:00:00+00:00,6,4,2,0,0,0
031601070201,24,144.77796936035156,1.3699812545768704,5.0,0.6143559541952827,15,2025-04-07 05:00:00+00:00,15,5,0,0,0,0
031601070201,72,175.68357849121094,1.3000572479379613,5.0,0.6000521335745511,16,2025-04-07 06:00:00+00:00,16,2,0,0,0,0
031601070202,1,45.335269927978516,1.0407085404890701,2.0,0.5018562907159659,1,2020-04-12 22:00:00+00:00,1,0,0,0,0,0
031601070202,3,70.79529571533203,1.154952576475767,2.0,0.560240751564831,6,2025-04-06 10:00:00+00:00,6,0,0,0,0,0
031601070202,6,113.1103744506836,1.5226325492477502,10.0,0.7230259942817867,11,2025-04-06 13:00:00+00:00,11,4,1,0,0,0
031601070202,24,175.21490478515625,1.6662381352822364,10.0,0.7350305610117632,15,2025-04-07 06:00:00+00:00,15,2,1,0,0,0
031601070202,72,195.11769104003906,1.4609851246499121,10.0,0.6593299925936562,18,2024-09-15 15:00:00+00:00,18,5,1,0,0,0
031601070203,1,46.51593017578125,1.0698525256357165,2.0,0.517618353348444,1,2020-04-12 22:00:00+00:00,1,0,0,0,0,0
031601070203,3,75.03312683105469,1.2301159417350345,5.0,0.5960166845779308,6,2022-02-18 00:00:00+00:00,6,1,0,0,0,0
031601070203,6,105.75261688232422,1.430207476110843,10.0,0.6750266420675223,9,2025-04-06 13:00:00+00:00,9,6,1,0,0,0
031601070203,24,166.5716552734375,1.5848292316786698,10.0,0.6925501074228613,19,2020-04-13 06:00:00+00:00,19,6,1,0,0,0
031601070203,72,219.2003631591797,1.6390336271161705,10.0,0.737866222261522,20,2020-02-13 11:00:00+00:00,20,5,1,0,0,0
031601070204,3,71.03555297851562,1.1631980920026683,2.0,0.5617977483646843,4,2025-04-06 10:00:00+00:00,4,0,0,0,0,0
031601070204,6,100.14097595214844,1.3521364321954463,5.0,0.6391093442895569,9,2025-04-06 13:00:00+00:00,9,2,0,0,0,0
031601070204,24,150.62452697753906,1.4326809255769595,10.0,0.6304252085349199,16,2025-04-07 06:00:00+00:00,16,4,1,0,0,0
031601070204,72,205.183837890625,1.5323767519882054,10.0,0.6937572480348748,14,2019-10-26 19:00:00+00:00,14,3,1,0,0,0
031601070205,1,66.47518920898438,1.5303747059234598,10.0,0.7522597939689848,3,2020-04-12 22:00:00+00:00,3,2,1,0,0,0
031601070205,3,92.38304138183594,1.5217824234098887,10.0,0.7392892843827377,7,2020-04-13 00:00:00+00:00,7,4,1,0,0,0
031601070205,6,118.29627227783203,1.6093421719627459,10.0,0.7552884232341798,11,2022-03-23 04:00:00+00:00,11,5,3,0,0,0
031601070205,24,209.32437133789062,1.996794732418173,25.0,0.8652711263639083,16,2020-04-20 08:00:00+00:00,16,6,4,1,0,0
031601070205,72,264.3929748535156,1.999136752851463,50.0,0.8822737934690158,16,2020-04-20 08:00:00+00:00,16,6,1,1,1,0
031601070206,1,56.16927719116211,1.2934944595506892,5.0,0.6334517884676336,2,2020-04-12 22:00:00+00:00,2,1,0,0,0,0
031601070206,3,81.39697265625,1.3396873738556279,5.0,0.6506771213658417,5,2020-04-13 00:00:00+00:00,5,3,0,0,0,0
031601070206,6,113.71961212158203,1.5458396700299382,10.0,0.7272932405012593,8,2022-03-23 04:00:00+00:00,8,4,1,0,0,0
031601070206,24,196.03079223632812,1.8708220681561119,25.0,0.8131972600732565,15,2020-04-20 08:00:00+00:00,15,5,2,1,0,0
031601070206,72,248.9894561767578,1.8824165461365991,25.0,0.8320493617948461,13,2019-10-26 19:00:00+00:00,13,4,1,1,0,0
031601070301,1,60.09423065185547,1.386845866417155,5.0,0.6849026795299551,1,2020-04-12 22:00:00+00:00,1,1,0,0,0,0
031601070301,3,74.82826232910156,1.2388665265863228,5.0,0.5992866691390307,7,2022-03-23 01:00:00+00:00,7,2,0,0,0,0
031601070301,6,114.40800476074219,1.565225589741024,10.0,0.7301468426147181,11,2022-03-23 04:00:00+00:00,11,2,1,0,0,0
031601070301,24,203.61973571777344,1.946176408018954,25.0,0.8429061575185914,16,2020-04-20 08:00:00+00:00,16,5,3,1,0,0
031601070301,72,258.97650146484375,1.9711149875888325,25.0,0.8622916001655873,15,2020-02-13 11:00:00+00:00,15,4,2,1,0,0
031601070302,1,53.79362106323242,1.2394156276422996,5.0,0.6160378344139894,1,2016-06-15 12:00:00+00:00,1,1,0,0,0,0
031601070302,3,84.38959503173828,1.396943251393467,5.0,0.6758340986771804,8,2019-10-26 04:00:00+00:00,8,1,0,0,0,0
031601070302,6,106.34593963623047,1.4554623063527174,10.0,0.6777136656164684,9,2019-10-26 04:00:00+00:00,9,4,1,0,0,0
031601070302,24,199.50685119628906,1.9058339277406513,25.0,0.8267265283222822,15,2020-04-20 08:00:00+00:00,15,6,3,1,0,0
031601070302,72,252.52427673339844,1.9258626561277716,25.0,0.8412629151979203,17,2020-04-20 08:00:00+00:00,17,5,1,1,0,0
031601070303,1,53.84889602661133,1.2340414329603782,5.0,0.6178843022092374,2,2016-06-15 12:00:00+00:00,2,1,0,0,0,0
031601070303,3,76.58009338378906,1.260211527636661,5.0,0.6126962789534065,4,2016-06-15 12:00:00+00:00,4,1,0,0,0,0
031601070303,6,97.98749542236328,1.3343170979932737,5.0,0.6240082517315675,7,2025-11-25 16:00:00+00:00,7,2,0,0,0,0
031601070303,24,200.56158447265625,1.9134449066267607,25.0,0.8342126590041915,13,2020-04-20 08:00:00+00:00,13,6,2,1,0,0
031601070303,72,240.23983764648438,1.832804478637953,25.0,0.8032339705495791,15,2020-04-20 08:00:00+00:00,15,3,2,1,0,0
031601070304,1,44.865142822265625,1.017348311465665,2.0,0.5151365563817473,1,2021-06-20 00:00:00+00:00,1,0,0,0,0,0
031601070304,3,72.54885864257812,1.1780135497637256,2.0,0.5794285713667979,3,2021-06-20 01:00:00+00:00,3,0,0,0,0,0
031601070304,6,99.77555084228516,1.3429905722774895,5.0,0.6355508383794034,5,2021-06-20 02:00:00+00:00,5,2,0,0,0,0
031601070304,24,184.1758575439453,1.7544379375515304,25.0,0.7721784066729578,14,2021-06-20 06:00:00+00:00,14,4,1,1,0,0
031601070304,72,215.9798126220703,1.6494840030590026,10.0,0.7299490970115543,12,2020-02-13 11:00:00+00:00,12,2,1,0,0,0
031601070305,3,75.6092300415039,1.2321405141945119,5.0,0.6044730771927098,4,2016-06-15 12:00:00+00:00,4,1,0,0,0,0
031601070305,6,99.29975891113281,1.3408757371050146,5.0,0.6328906508835641,5,2025-11-25 16:00:00+00:00,5,3,0,0,0,0
031601070305,24,202.14979553222656,1.9290975379032693,25.0,0.8443735432679238,12,2020-04-20 08:00:00+00:00,12,4,1,1,0,0
031601070305,72,236.92007446289062,1.8082495713445212,25.0,0.7999893990449823,19,2020-04-20 08:00:00+00:00,19,2,1,1,0,0
031601070306,3,73.6905517578125,1.181073597555589,2.0,0.5892005167699925,3,2025-06-08 14:00:00+00:00,3,0,0,0,0,0
031601070306,6,102.38533020019531,1.3628864058796442,5.0,0.6543411166638772,5,2025-11-25 15:00:00+00:00,5,4,0,0,0,0
031601070306,24,191.76321411132812,1.8279198080146026,25.0,0.8072361198420087,11,2025-06-08 17:00:00+00:00,11,6,1,1,0,0
031601070306,72,225.1532745361328,1.7197920270743865,25.0,0.7737813783688526,18,2025-06-10 01:00:00+00:00,18,3,1,1,0,0
031601080903,1,49.46002197265625,1.0916493657924478,2.0,0.5577299940274135,1,2022-08-21 00:00:00+00:00,1,0,0,0,0,0
031601080903,3,97.80203247070312,1.5341420539489181,10.0,0.7688437755152295,6,2025-06-08 14:00:00+00:00,6,2,1,0,0,0
031601080903,6,133.16285705566406,1.7394080703486394,25.0,0.8408253368109072,7,2025-06-08 14:00:00+00:00,7,3,1,1,0,0
031601080903,24,183.03268432617188,1.7379233030424446,25.0,0.7711715453046523,19,2025-06-08 17:00:00+00:00,19,5,1,1,0,0
031601080903,72,225.19850158691406,1.7076050915906873,25.0,0.7809273818421878,18,2025-06-09 16:00:00+00:00,18,5,1,1,0,0
031601081002,3,87.63502502441406,1.3494000204572487,5.0,0.6644053124064876,3,2005-05-29 10:00:00+00:00,3,1,0,0,0,0
031601081002,6,119.46517944335938,1.5275460898179838,10.0,0.7287088515705459,7,2023-07-13 17:00:00+00:00,7,2,1,0,0,0
031601081002,24,225.12960815429688,2.1127257761404157,50.0,0.9474310001943833,18,2023-07-13 19:00:00+00:00,18,5,2,1,1,0
031601081002,72,225.13027954101562,1.6800842064522332,25.0,0.79517944634082,16,2023-07-15 00:00:00+00:00,16,5,2,1,0,0
031601081003,3,75.04407501220703,1.16433302890891,2.0,0.5750868750648822,5,2025-06-08 15:00:00+00:00,5,0,0,0,0,0
031601081003,6,101.68151092529297,1.311778346438598,5.0,0.6279553697200054,11,2025-06-08 16:00:00+00:00,11,1,0,0,0,0
031601081003,24,180.82098388671875,1.705874335935317,10.0,0.7641422980452494,17,2021-08-31 05:00:00+00:00,17,7,3,0,0,0
031601081003,72,216.34397888183594,1.6252440210011299,10.0,0.7600412747542304,17,2025-06-10 21:00:00+00:00,17,6,1,0,0,0
031601081004,3,85.33804321289062,1.3201912727797516,5.0,0.6584533995397702,3,2004-02-06 02:00:00+00:00,3,2,0,0,0,0
031601081004,6,113.80655670166016,1.4633268619766022,10.0,0.7059245766572181,7,2012-12-10 15:00:00+00:00,7,4,1,0,0,0
031601081004,24,229.55372619628906,2.160597736606181,50.0,0.9719694272384872,14,2021-08-31 05:00:00+00:00,14,6,2,1,1,0
031601081004,72,229.6348876953125,1.7233863022234448,25.0,0.8069031383982548,14,2022-08-24 18:00:00+00:00,14,3,2,1,0,0
031601081005,3,87.60662841796875,1.3664182508435332,5.0,0.6841585952755521,6,2025-06-08 15:00:00+00:00,6,2,0,0,0,0
031601081005,6,102.52323913574219,1.3302742485078787,5.0,0.6439525884359093,7,2025-06-08 16:00:00+00:00,7,3,0,0,0,0
031601081005,24,180.1376953125,1.703301094497869,10.0,0.7649540396076616,16,2025-06-08 17:00:00+00:00,16,5,2,0,0,0
031601081005,72,221.45620727539062,1.6731661316027229,10.0,0.7765103832609233,15,2025-06-10 21:00:00+00:00,15,4,1,0,0,0
031601081101,3,102.29620361328125,1.5950496287501443,10.0,0.7934426515688278,3,2025-06-08 14:00:00+00:00,3,2,1,0,0,0
031601081101,6,138.74142456054688,1.8015051650004574,25.0,0.8661198830019616,8,2025-06-08 15:00:00+00:00,8,3,1,1,0,0
031601081101,24,181.78656005859375,1.7209295565681464,10.0,0.7653032405792628,18,2025-06-08 17:00:00+00:00,18,6,1,0,0,0
031601081101,72,221.76766967773438,1.6736502993853646,10.0,0.7711162268731085,19,2025-06-09 16:00:00+00:00,19,8,1,0,0,0
031601081102,1,48.27863693237305,1.0658183042603242,2.0,0.5484793023140178,1,2012-09-04 05:00:00+00:00,1,0,0,0,0,0
031601081102,3,90.74659729003906,1.4232778337143124,10.0,0.7171890539755367,6,2025-06-08 15:00:00+00:00,6,2,1,0,0,0
031601081102,6,113.5395278930664,1.4817619416674968,10.0,0.7203477505898539,10,2025-06-08 15:00:00+00:00,10,6,2,0,0,0
031601081102,24,189.2499237060547,1.7940497161027205,25.0,0.8039182186708068,18,2025-06-08 17:00:00+00:00,18,4,1,1,0,0
031601081102,72,232.01084899902344,1.760689031854681,25.0,0.8112472066693086,15,2025-06-10 19:00:00+00:00,15,5,1,1,0,0
031601090101,3,87.15483856201172,1.4637553426405108,10.0,0.7208070315607064,4,2021-10-07 02:00:00+00:00,4,1,1,0,0,0
031601090101,6,118.82232666015625,1.6331475926972248,25.0,0.8164459329974054,10,2021-10-07 03:00:00+00:00,10,3,2,1,0,0
031601090101,24,192.27133178710938,1.8568351048427834,25.0,0.8870408066282277,12,2021-10-07 03:00:00+00:00,12,5,1,1,0,0
031601090101,72,242.0272674560547,1.8369756826384247,50.0,0.9058808258366249,16,2021-10-07 07:00:00+00:00,16,3,2,1,1,0
031601090102,1,42.46245574951172,1.0070229264499806,2.0,0.4729828054931958,1,2010-05-03 04:00:00+00:00,1,0,0,0,0,0
031601090102,3,76.46565246582031,1.285555713177376,5.0,0.6347308504999941,6,2023-08-04 11:00:00+00:00,6,2,0,0,0,0
031601090102,6,105.31022644042969,1.4476642084185052,10.0,0.7264299811638834,10,2023-08-04 13:00:00+00:00,10,4,1,0,0,0
031601090102,24,192.30123901367188,1.8483890612578784,25.0,0.8892104972589853,13,2015-12-26 04:00:00+00:00,13,3,1,1,0,0
031601090102,72,229.50474548339844,1.730939142500119,25.0,0.8548115337186971,17,2021-03-18 13:00:00+00:00,17,6,1,1,0,0
031601090103,1,51.44894790649414,1.2175909976627992,5.0,0.5753508169694805,2,2005-09-26 05:00:00+00:00,2,1,0,0,0,0
031601090103,3,94.11304473876953,1.58456405713209,10.0,0.7803686406920958,5,2023-08-04 11:00:00+00:00,5,4,1,0,0,0
031601090103,6,117.53663635253906,1.6193770834847971,25.0,0.8085195277330782,12,2025-04-06 13:00:00+00:00,12,3,1,1,0,0
031601090103,24,171.8367919921875,1.6484506551509612,10.0,0.7891960020018438,13,2025-04-07 06:00:00+00:00,13,4,2,0,0,0
031601090103,72,227.4264373779297,1.7154329631378,25.0,0.8328446574865813,17,2023-08-04 19:00:00+00:00,17,6,1,1,0,0
031601090104,1,43.69425582885742,1.0401098775763478,2.0,0.49155444235954704,1,2010-05-03 04:00:00+00:00,1,0,0,0,0,0
031601090104,3,78.25395202636719,1.3205860281128639,5.0,0.6559529123254405,7,2023-08-04 11:00:00+00:00,7,2,0,0,0,0
031601090104,6,139.5602264404297,1.9232991280980467,50.0,0.9717082007822755,12,2023-08-04 13:00:00+00:00,12,2,1,1,1,0
031601090104,24,203.3654327392578,1.9534881833421591,50.0,0.9489896292991257,19,2023-08-04 18:00:00+00:00,19,4,1,1,1,0
031601090104,72,236.76751708984375,1.7856925754886122,25.0,0.8868899527075695,15,2021-03-18 08:00:00+00:00,15,7,2,1,0,0
031601090105,1,54.454471588134766,1.2934841722550585,5.0,0.610231089404267,2,2021-03-25 14:00:00+00:00,2,1,0,0,0,0
031601090105,3,84.14511108398438,1.41824024636448,10.0,0.7021623965802894,8,2023-08-04 11:00:00+00:00,8,3,1,0,0,0
031601090105,6,124.11637115478516,1.7094495518639086,25.0,0.8604657487901531,14,2023-08-04 13:00:00+00:00,14,4,2,1,0,0
031601090105,24,196.62094116210938,1.8881589760412674,50.0,0.9126824612862886,19,2023-08-04 18:00:00+00:00,19,4,2,1,1,0
031601090105,72,230.666259765625,1.738614028521212,25.0,0.8580412004622262,15,2021-03-18 08:00:00+00:00,15,7,2,1,0,0
031601090106,3,76.6718521118164,1.2939541199543312,5.0,0.6388576842259082,6,2015-12-25 22:00:00+00:00,6,1,0,0,0,0
031601090106,6,92.18582916259766,1.27300992231006,5.0,0.6371315835535531,11,2025-04-06 13:00:00+00:00,11,2,0,0,0,0
031601090106,24,160.60659790039062,1.5393023285292786,10.0,0.7392210577067573,13,2025-04-07 07:00:00+00:00,13,3,2,0,0,0
031601090106,72,208.88824462890625,1.5763027019414722,10.0,0.7615974968178804,14,2024-09-15 08:00:00+00:00,14,5,2,0,0,0
031601090107,1,45.151893615722656,1.0605156860152753,2.0,0.5026932535724693,1,2020-02-06 07:00:00+00:00,1,0,0,0,0,0
031601090107,3,72.88972473144531,1.2211067503045938,5.0,0.5978560795260341,8,2025-04-06 11:00:00+00:00,8,2,0,0,0,0
031601090107,6,98.61604309082031,1.356262598449388,5.0,0.6681668431469513,10,2025-04-06 13:00:00+00:00,10,4,0,0,0,0
031601090107,24,154.74468994140625,1.4838883301873316,10.0,0.6977458328711265,13,2025-04-07 06:00:00+00:00,13,3,1,0,0,0
031601090107,72,190.5849151611328,1.4396768050686983,10.0,0.6854327159041688,11,2021-06-22 10:00:00+00:00,11,6,2,0,0,0
031601090108,1,44.09503936767578,1.0407640921219399,2.0,0.49613892283763017,1,2019-06-09 23:00:00+00:00,1,0,0,0,0,0
031601090108,3,76.62661743164062,1.2922045453428794,5.0,0.6352839623097924,7,2025-04-06 11:00:00+00:00,7,1,0,0,0,0
031601090108,6,103.54454040527344,1.4330960297034787,10.0,0.71102812890802,10,2025-04-06 13:00:00+00:00,10,3,1,0,0,0
031601090108,24,165.97763061523438,1.5934122124314791,10.0,0.7555247448070567,14,2025-04-07 07:00:00+00:00,14,4,1,0,0,0
031601090108,72,215.4259796142578,1.6316691712165758,10.0,0.7712585523149176,12,2021-06-22 10:00:00+00:00,12,5,1,0,0,0
031601090109,1,45.644535064697266,1.07654754903217,2.0,0.5079408397277132,1,1997-05-03 05:00:00+00:00,1,0,0,0,0,0
031601090109,3,81.16817474365234,1.3621010226601695,5.0,0.6686970373527338,4,2023-08-04 11:00:00+00:00,4,2,0,0,0,0
031601090109,6,102.22785949707031,1.4057225219999665,10.0,0.6977571670309058,9,2025-04-06 13:00:00+00:00,9,3,1,0,0,0
031601090109,24,174.14239501953125,1.6713606884009666,25.0,0.7936244952334142,12,2025-04-07 06:00:00+00:00,12,3,1,1,0,0
031601090109,72,227.72706604003906,1.719523787407384,25.0,0.8308160897742535,14,2021-06-22 09:00:00+00:00,14,6,1,1,0,0
031601090201,1,56.10975646972656,1.321258995102044,5.0,0.6331944643181274,1,2020-04-13 03:00:00+00:00,1,1,0,0,0,0
031601090201,3,80.90709686279297,1.3632573704259479,5.0,0.671261833742958,6,2025-04-06 11:00:00+00:00,6,2,0,0,0,0
031601090201,6,124.5897445678711,1.726624682606143,25.0,0.8555590820440095,10,2025-04-06 13:00:00+00:00,10,4,1,1,0,0
031601090201,24,159.6880645751953,1.5345506633868051,10.0,0.7236011730123115,15,2025-04-07 07:00:00+00:00,15,4,1,0,0,0
031601090201,72,197.15005493164062,1.4991721800348183,10.0,0.698962429421188,14,2024-09-15 08:00:00+00:00,14,4,1,0,0,0
031601090202,1,47.2864875793457,1.1131505458249735,2.0,0.5340994406260116,1,2020-04-13 03:00:00+00:00,1,0,0,0,0,0
031601090202,3,77.96146392822266,1.3123289438028312,5.0,0.6476370916433744,6,2025-04-06 11:00:00+00:00,6,3,0,0,0,0
031601090202,6,114.93832397460938,1.5898400864461748,10.0,0.7902156402272652,9,2025-04-06 13:00:00+00:00,9,3,1,0,0,0
031601090202,24,146.0045623779297,1.399414277731149,10.0,0.6625656760604488,16,2025-04-07 07:00:00+00:00,16,4,1,0,0,0
031601090202,72,188.77249145507812,1.4329308848782822,10.0,0.6706375556167886,14,2024-09-15 08:00:00+00:00,14,5,1,0,0,0
031601090203,1,51.996883392333984,1.2203986030437477,5.0,0.5863249136082124,1,2020-04-13 03:00:00+00:00,1,1,0,0,0,0
031601090203,3,73.7782974243164,1.2410056038214319,5.0,0.6101311691883637,5,2025-04-06 11:00:00+00:00,5,1,0,0,0,0
031601090203,6,120.80198669433594,1.6754940186622453,25.0,0.8254561256727143,8,2025-04-06 14:00:00+00:00,8,4,2,1,0,0
031601090203,24,152.62869262695312,1.4700147044880614,10.0,0.685734941049404,15,2025-04-07 07:00:00+00:00,15,4,1,0,0,0
031601090203,72,183.4581298828125,1.3990466401889436,5.0,0.6436894474734176,14,2021-06-22 10:00:00+00:00,14,5,0,0,0,0
031601090204,1,45.04645919799805,1.0509921239283446,2.0,0.5072901512703895,1,2020-04-13 03:00:00+00:00,1,0,0,0,0,0
031601090204,3,83.52021789550781,1.3947585973643915,10.0,0.6871110838517839,7,2025-04-06 11:00:00+00:00,7,4,1,0,0,0
031601090204,6,111.1832275390625,1.5278011336116604,10.0,0.7537610758053225,10,2025-04-06 13:00:00+00:00,10,3,2,0,0,0
031601090204,24,132.76612854003906,1.2643662187877551,5.0,0.5920210498273388,17,2025-04-07 07:00:00+00:00,17,5,0,0,0,0
031601090204,72,198.43106079101562,1.5028900919987793,10.0,0.6913151205402674,14,2024-09-15 08:00:00+00:00,14,4,1,0,0,0
031601090205,1,54.0036735534668,1.2608307878120686,5.0,0.6090394327400227,1,2020-04-13 03:00:00+00:00,1,1,0,0,0,0
031601090205,3,77.1448974609375,1.2916633371582098,5.0,0.6350981687929732,6,2025-04-06 11:00:00+00:00,6,2,0,0,0,0
031601090205,6,139.49435424804688,1.9281662050322088,50.0,0.9470292262146875,8,2025-04-06 14:00:00+00:00,8,3,1,1,1,0
031601090205,24,156.1142578125,1.4978261723480089,10.0,0.6936558593388724,16,2025-04-07 07:00:00+00:00,16,5,2,0,0,0
031601090205,72,186.64410400390625,1.4233842845915654,10.0,0.6436925804106377,19,2024-09-15 08:00:00+00:00,19,5,1,0,0,0
031601090206,1,45.405975341796875,1.053409459273861,2.0,0.5083988855447078,1,2020-04-13 03:00:00+00:00,1,0,0,0,0,0
031601090206,3,78.1089096069336,1.300366461764312,5.0,0.6332115530680216,8,2025-04-06 11:00:00+00:00,8,3,0,0,0,0
031601090206,6,135.52639770507812,1.8634942327517856,50.0,0.9020615105025528,13,2025-04-06 14:00:00+00:00,13,5,2,1,1,0
031601090206,24,148.79403686523438,1.4207890567219585,10.0,0.6482566987910209,20,2025-04-07 07:00:00+00:00,20,6,2,0,0,0
031601090206,72,184.50563049316406,1.4010033670109068,5.0,0.6231287526492725,19,2024-09-15 08:00:00+00:00,19,6,0,0,0,0
031601090301,1,43.84605407714844,1.0106019846749255,2.0,0.48369994478408407,1,2025-04-06 07:00:00+00:00,1,0,0,0,0,0
031601090301,3,76.89225769042969,1.2511661177156956,5.0,0.6148025205379936,5,2025-04-06 08:00:00+00:00,5,1,0,0,0,0
031601090301,6,110.27543640136719,1.4570940038446751,10.0,0.7188762961506858,12,2025-04-22 15:00:00+00:00,12,3,1,0,0,0
031601090301,24,160.90484619140625,1.457341704638393,10.0,0.6936012373365688,9,2025-04-22 18:00:00+00:00,9,2,1,0,0,0
031601090301,72,228.4588165283203,1.6194951216341211,10.0,0.7888994644000931,12,2020-02-13 10:00:00+00:00,12,3,1,0,0,0
031601090302,3,73.24434661865234,1.1919174378060666,2.0,0.5804544392994925,6,2025-04-06 09:00:00+00:00,6,0,0,0,0,0
031601090302,6,97.02758026123047,1.2854459631223818,5.0,0.6282103264028129,11,2025-04-22 17:00:00+00:00,11,5,0,0,0,0
031601090302,24,149.13600158691406,1.359893491370746,5.0,0.6438922759236138,13,2025-04-22 19:00:00+00:00,13,3,0,0,0,0
031601090302,72,213.49024963378906,1.5255795925737807,10.0,0.7371786439629447,13,2024-09-15 15:00:00+00:00,13,1,1,0,0,0
031601090303,1,48.22288513183594,1.1100575508784623,2.0,0.5318081641938606,1,2017-10-23 07:00:00+00:00,1,0,0,0,0,0
031601090303,3,73.4163818359375,1.1950428346627757,2.0,0.5868145630134735,5,2025-04-06 09:00:00+00:00,5,0,0,0,0,0
031601090303,6,102.7398681640625,1.3598126288577645,5.0,0.6711462769278926,12,2025-04-22 16:00:00+00:00,12,2,0,0,0,0
031601090303,24,149.38006591796875,1.3576501534448375,5.0,0.6482312536675087,13,2025-04-22 19:00:00+00:00,13,3,0,0,0,0
031601090303,72,217.41806030273438,1.5530265177338434,10.0,0.7546900002087988,12,2024-09-15 14:00:00+00:00,12,2,1,0,0,0
031601090304,1,47.085174560546875,1.0824532576230663,2.0,0.5166393550874107,1,2012-07-31 07:00:00+00:00,1,0,0,0,0,0
031601090304,3,90.8384780883789,1.4791517476209823,10.0,0.7182157343193993,7,2021-03-31 11:00:00+00:00,7,2,1,0,0,0
031601090304,6,111.22977447509766,1.4787119202066388,10.0,0.7201712677272137,10,2025-04-06 12:00:00+00:00,10,3,3,0,0,0
031601090304,24,142.0227813720703,1.3053511500561388,5.0,0.6156146361157699,15,2025-04-22 20:00:00+00:00,15,4,0,0,0,0
031601090304,72,185.18052673339844,1.340902395074017,5.0,0.6389310546082375,15,2024-09-15 14:00:00+00:00,15,3,0,0,0,0
031601090305,1,46.09134292602539,1.0603807191681989,2.0,0.5078671006313031,1,2012-07-31 07:00:00+00:00,1,0,0,0,0,0
031601090305,3,83.36997985839844,1.35932848540428,5.0,0.6639819438506402,7,2021-03-31 11:00:00+00:00,7,3,0,0,0,0
031601090305,6,117.32196044921875,1.560085669009718,10.0,0.7652079206807891,12,2025-04-06 12:00:00+00:00,12,2,2,0,0,0
031601090305,24,150.03675842285156,1.3761478277563126,5.0,0.6534222444666191,13,2025-04-22 19:00:00+00:00,13,4,0,0,0,0
031601090305,72,210.44903564453125,1.5234387475768532,10.0,0.7297260425051249,13,2024-09-15 14:00:00+00:00,13,4,1,0,0,0
031601090306,1,54.78675842285156,1.2628241653829155,5.0,0.6066477552216888,2,2002-10-04 15:00:00+00:00,2,1,0,0,0,0
031601090306,3,82.624267578125,1.3537040460953127,5.0,0.6621398167344316,12,2025-04-06 10:00:00+00:00,12,4,0,0,0,0
031601090306,6,115.81586456298828,1.5501223671940698,10.0,0.7601869527990288,17,2025-04-06 13:00:00+00:00,17,5,1,0,0,0
031601090306,24,166.7183380126953,1.541108422691222,10.0,0.7284859195191093,17,2025-04-22 20:00:00+00:00,17,3,2,0,0,0
031601090306,72,202.7083740234375,1.4849887220511588,10.0,0.7023512648481229,13,2024-09-15 10:00:00+00:00,13,7,2,0,0,0
031601090307,1,51.777801513671875,1.192130941999513,2.0,0.570344619650493,2,2012-07-31 07:00:00+00:00,2,0,0,0,0,0
031601090307,3,80.60909271240234,1.3182299913915911,5.0,0.6402984467911403,9,2025-04-06 10:00:00+00:00,9,4,0,0,0,0
031601090307,6,108.41045379638672,1.4492835976667746,10.0,0.7051549587204572,15,2025-04-06 13:00:00+00:00,15,4,1,0,0,0
031601090307,24,170.11273193359375,1.5732464006858446,10.0,0.7383307240438994,20,2025-04-22 20:00:00+00:00,20,3,1,0,0,0
031601090307,72,213.62135314941406,1.5625325763005755,10.0,0.7346441442106946,13,2024-09-15 14:00:00+00:00,13,5,2,0,0,0
031601090308,1,57.82044982910156,1.3339530707480534,5.0,0.6380837345280197,3,2017-06-30 13:00:00+00:00,3,1,0,0,0,0
031601090308,3,92.52716827392578,1.5243735220245023,10.0,0.7340141458714542,8,2025-04-06 11:00:00+00:00,8,5,1,0,0,0
031601090308,6,115.46760559082031,1.561961435075892,10.0,0.7488071603602856,17,2025-04-06 13:00:00+00:00,17,8,1,0,0,0
031601090308,24,155.12106323242188,1.4555879421280942,10.0,0.6662444081578782,22,2025-04-22 21:00:00+00:00,22,4,1,0,0,0
031601090308,72,196.8855743408203,1.4665859314074736,10.0,0.663711275211151,15,2024-09-15 10:00:00+00:00,15,4,1,0,0,0
031601090309,3,88.58744812011719,1.4600794836723665,10.0,0.7082490766515341,8,2025-04-06 11:00:00+00:00,8,5,1,0,0,0
031601090309,6,112.51748657226562,1.5211645026220253,10.0,0.7362397924599405,14,2025-04-06 13:00:00+00:00,14,7,1,0,0,0
031601090309,24,159.98292541503906,1.4982194023321669,10.0,0.6932531206856555,18,2025-04-07 06:00:00+00:00,18,3,1,0,0,0
031601090309,72,191.21372985839844,1.422087591727387,10.0,0.6511929036255746,16,2024-09-15 10:00:00+00:00,16,5,1,0,0,0
031601090401,1,43.98690414428711,1.0118330860675426,2.0,0.481283408443984,1,2021-03-31 10:00:00+00:00,1,0,0,0,0,0
031601090401,3,97.41273498535156,1.585096800718913,10.0,0.7669280880329679,4,2025-04-06 09:00:00+00:00,4,2,1,0,0,0
031601090401,6,112.76084899902344,1.4983434370441895,10.0,0.7264095345346613,8,2025-04-06 12:00:00+00:00,8,3,2,0,0,0
031601090401,24,138.57325744628906,1.2746350699677829,5.0,0.5986168932615354,14,2025-04-22 20:00:00+00:00,14,4,0,0,0,0
031601090401,72,193.56190490722656,1.3975192866559214,10.0,0.6678760323137436,12,2024-09-15 14:00:00+00:00,12,2,1,0,0,0
031601090402,3,73.24543762207031,1.1911166553515915,2.0,0.5740991969960655,4,2025-04-06 09:00:00+00:00,4,0,0,0,0,0
031601090402,6,103.92514038085938,1.3844362384110893,5.0,0.6665969198340375,9,2025-04-06 12:00:00+00:00,9,4,0,0,0,0
031601090402,24,143.0657501220703,1.3281757938050662,5.0,0.6164495241061554,14,2025-04-07 06:00:00+00:00,14,3,0,0,0,0
031601090402,72,184.69476318359375,1.3473394385383513,5.0,0.6358309041307306,13,2024-09-15 16:00:00+00:00,13,3,0,0,0,0
031601090403,1,47.7353401184082,1.0964913140701522,2.0,0.5225595132891968,1,2012-07-31 07:00:00+00:00,1,0,0,0,0,0
031601090403,3,75.14767456054688,1.224356533204591,5.0,0.5909569816041707,7,2025-04-06 10:00:00+00:00,7,1,0,0,0,0
031601090403,6,114.58650207519531,1.5293794662347082,10.0,0.7374283394261315,9,2025-04-06 13:00:00+00:00,9,2,1,0,0,0
031601090403,24,140.37420654296875,1.303073133263899,5.0,0.6042062994795226,17,2025-04-22 20:00:00+00:00,17,3,0,0,0,0
031601090403,72,182.70692443847656,1.3380856589328682,5.0,0.62448442933397,12,2024-09-15 16:00:00+00:00,12,3,0,0,0,0
031601090404,3,76.9162368774414,1.257528893629911,5.0,0.6044869060029812,6,2025-04-06 11:00:00+00:00,6,1,0,0,0,0
031601090404,6,129.8680419921875,1.7484186589469362,25.0,0.8313057593455547,13,2025-04-06 13:00:00+00:00,13,2,2,1,0,0
031601090404,24,147.15643310546875,1.385732424503483,5.0,0.6212854430925727,13,2020-04-13 06:00:00+00:00,13,4,0,0,0,0
031601090404,72,171.99374389648438,1.2807151222806845,5.0,0.5732107275549919,14,2024-09-15 16:00:00+00:00,14,5,0,0,0,0
031601090405,3,75.0015869140625,1.230022159849045,5.0,0.5892767442394373,6,2025-04-06 11:00:00+00:00,6,1,0,0,0,0
031601090405,6,120.2010498046875,1.6223674298243647,10.0,0.7701142819581739,9,2025-04-06 13:00:00+00:00,9,3,2,0,0,0
031601090405,24,140.04566955566406,1.3182726708800427,5.0,0.592642652143585,16,2025-04-07 06:00:00+00:00,16,3,0,0,0,0
031601090405,72,182.7589874267578,1.3615870471800755,5.0,0.6084818247718905,15,2024-09-15 16:00:00+00:00,15,4,0,0,0,0
031601090501,1,44.10321807861328,1.0080649927771836,2.0,0.4860112830023778,1,2024-03-01 15:00:00+00:00,1,0,0,0,0,0
031601090501,3,81.4246826171875,1.325344042984154,5.0,0.6423600475543811,5,2025-04-06 11:00:00+00:00,5,2,0,0,0,0
031601090501,6,138.83851623535156,1.8651070747921452,25.0,0.8881158769510955,11,2025-04-06 14:00:00+00:00,11,2,1,1,0,0
031601090501,24,153.9239959716797,1.4550643204461615,10.0,0.644124446397385,14,2020-04-13 06:00:00+00:00,14,3,1,0,0,0
031601090501,72,171.10247802734375,1.2785488792625221,5.0,0.5675860858174803,16,2024-09-15 16:00:00+00:00,16,2,0,0,0,0
031601090502,1,51.07368087768555,1.1697429562764543,2.0,0.5596547499645631,1,2005-07-11 07:00:00+00:00,1,0,0,0,0,0
031601090502,3,93.31098937988281,1.5171486144246664,10.0,0.7328129380833097,5,2025-04-06 10:00:00+00:00,5,1,1,0,0,0
031601090502,6,128.3396759033203,1.71713324638489,25.0,0.8213974562141064,8,2025-04-06 13:00:00+00:00,8,2,2,1,0,0
031601090502,24,155.2857666015625,1.4581314820124793,10.0,0.6594047508300019,12,2021-08-31 14:00:00+00:00,12,4,1,0,0,0
031601090502,72,173.60458374023438,1.2863785793181735,5.0,0.5866349519374987,12,2024-09-15 16:00:00+00:00,12,3,0,0,0,0
031601090503,1,45.4139289855957,1.0390194655079603,2.0,0.500592998680965,1,2012-07-21 11:00:00+00:00,1,0,0,0,0,0
031601090503,3,75.63334655761719,1.2373382199364122,5.0,0.5957546135017348,9,2025-04-06 11:00:00+00:00,9,1,0,0,0,0
031601090503,6,105.5790786743164,1.4276293852807251,10.0,0.6739481184128221,11,2025-04-06 14:00:00+00:00,11,3,1,0,0,0
031601090503,24,140.18154907226562,1.330463697079394,5.0,0.5822474251588136,18,2020-04-13 06:00:00+00:00,18,4,0,0,0,0
031601090503,72,180.07489013671875,1.3518128967100385,5.0,0.5878799008918537,15,2024-09-15 15:00:00+00:00,15,7,0,0,0,0
031601090601,1,45.25022888183594,1.0426903754931838,2.0,0.49757370346809365,1,2010-05-03 04:00:00+00:00,1,0,0,0,0,0
031601090601,3,76.36344146728516,1.2557740761369096,5.0,0.6024417070368244,10,2025-04-06 11:00:00+00:00,10,3,0,0,0,0
031601090601,6,115.33413696289062,1.5579761703525703,10.0,0.743369546494848,16,2025-04-06 13:00:00+00:00,16,4,1,0,0,0
031601090601,24,157.29722595214844,1.476108061564695,10.0,0.6718669399544304,18,2025-04-07 06:00:00+00:00,18,3,1,0,0,0
031601090601,72,199.04354858398438,1.4806395851583156,10.0,0.6679921506019478,15,2024-09-15 14:00:00+00:00,15,4,1,0,0,0
031601090602,1,51.21993637084961,1.183829566774666,2.0,0.5682735437005443,1,2020-04-12 23:00:00+00:00,1,0,0,0,0,0
031601090602,3,79.37740325927734,1.3165204223973908,5.0,0.6329342342008911,8,2025-04-06 11:00:00+00:00,8,3,0,0,0,0
031601090602,6,127.1730728149414,1.741431988980648,25.0,0.8295191703806343,13,2025-04-06 14:00:00+00:00,13,6,3,1,0,0
031601090602,24,147.26649475097656,1.4015043361858475,5.0,0.6303814872402436,18,2025-04-07 07:00:00+00:00,18,6,0,0,0,0
031601090602,72,187.5252685546875,1.4180822997033322,5.0,0.6231791788315233,22,2024-09-15 10:00:00+00:00,22,6,0,0,0,0
031601090603,1,49.45182800292969,1.1389202090110802,2.0,0.5447346791484855,2,2020-04-12 23:00:00+00:00,2,0,0,0,0,0
031601090603,3,89.75200653076172,1.4843128865020776,10.0,0.706690267093728,10,2025-04-06 11:00:00+00:00,10,3,1,0,0,0
031601090603,6,111.12544250488281,1.5189736003741772,10.0,0.713712634534134,14,2025-04-06 14:00:00+00:00,14,8,2,0,0,0
031601090603,24,151.23675537109375,1.4399681081056472,10.0,0.6371623174607862,19,2024-09-14 19:00:00+00:00,19,4,1,0,0,0
031601090603,72,195.16639709472656,1.4739731931569102,10.0,0.6382744743560124,17,2024-09-15 10:00:00+00:00,17,4,2,0,0,0
031601090604,1,45.449859619140625,1.0420966136091223,2.0,0.4992832404057564,1,2020-04-12 23:00:00+00:00,1,0,0,0,0,0
031601090604,3,84.35272216796875,1.388266241956088,5.0,0.6605921997983352,6,2022-03-23 02:00:00+00:00,6,3,0,0,0,0
031601090604,6,106.28758239746094,1.447609339503376,10.0,0.6764962903512008,12,2025-04-06 14:00:00+00:00,12,5,2,0,0,0
031601090604,24,144.1337127685547,1.3732494417077536,5.0,0.5990654252478855,17,2017-06-30 16:00:00+00:00,17,5,0,0,0,0
031601090604,72,197.07009887695312,1.4859653585010375,10.0,0.6372856406477473,14,2024-09-15 15:00:00+00:00,14,7,1,0,0,0
031601100101,1,54.67706298828125,1.3198579144275147,5.0,0.6218640271132959,1,2015-12-25 16:00:00+00:00,1,1,0,0,0,0
031601100101,3,90.5824203491211,1.5539027011307212,10.0,0.774394040518746,6,2024-09-13 20:00:00+00:00,6,1,1,0,0,0
031601100101,6,154.435791015625,2.1331234198055955,100.0,1.0810734799574482,9,2020-04-13 02:00:00+00:00,9,5,1,1,1,1
031601100101,24,217.92340087890625,2.031706083959142,50.0,0.9767579387157377,12,2024-09-14 16:00:00+00:00,12,5,3,1,1,0
031601100101,72,260.3143310546875,1.9026872778438824,50.0,0.9423919664730489,14,2024-09-15 09:00:00+00:00,14,8,5,2,1,0
031601100102,1,49.30630111694336,1.1699012603018395,2.0,0.5565491660467942,2,2015-12-25 16:00:00+00:00,2,0,0,0,0,0
031601100102,3,100.2374038696289,1.6832962088929257,25.0,0.8435345707215653,8,2025-04-06 08:00:00+00:00,8,3,1,1,0,0
031601100102,6,153.7164306640625,2.0809964270011325,100.0,1.0553587282622212,11,2025-04-06 11:00:00+00:00,11,4,2,1,1,1
031601100102,24,217.72906494140625,1.9975903949183882,50.0,0.9581592290183916,11,2020-04-13 06:00:00+00:00,11,3,1,1,1,0
031601100102,72,244.774658203125,1.7554373201927962,25.0,0.8667769348294291,16,2024-09-15 09:00:00+00:00,16,6,4,1,0,0
031601100103,1,43.92210388183594,1.034755211588459,2.0,0.494784079577867,2,2020-04-13 02:00:00+00:00,2,0,0,0,0,0
031601100103,3,86.41694641113281,1.4437348512695136,10.0,0.7233182847935591,8,2025-04-06 08:00:00+00:00,8,3,1,0,0,0
031601100103,6,140.7783660888672,1.9014684116275198,50.0,0.9633404774341723,12,2025-04-06 11:00:00+00:00,12,5,3,1,1,0
031601100103,24,194.9811553955078,1.7905746327614793,25.0,0.8645338879829007,13,2024-09-14 16:00:00+00:00,13,4,1,1,0,0
031601100103,72,242.94224548339844,1.7546147473755396,25.0,0.8696523830923627,16,2024-09-15 09:00:00+00:00,16,5,4,1,0,0
031601100104,1,44.27573013305664,1.0324673141538814,2.0,0.4965819242604163,1,2015-12-25 19:00:00+00:00,1,0,0,0,0,0
031601100104,3,87.93959045410156,1.4546192662661719,10.0,0.7285014034399935,8,2025-04-06 09:00:00+00:00,8,2,1,0,0,0
031601100104,6,137.97679138183594,1.8514877661886389,50.0,0.9357394881155385,10,2025-04-06 12:00:00+00:00,10,4,1,1,1,0
031601100104,24,194.5966033935547,1.7853088520068885,25.0,0.864407415881793,11,2024-09-14 16:00:00+00:00,11,4,1,1,0,0
031601100104,72,245.85525512695312,1.7806735419730295,25.0,0.8812010876192907,12,2024-09-15 09:00:00+00:00,12,5,3,1,0,0
031601100105,1,46.851478576660156,1.0850413658672742,2.0,0.5236811500685958,1,2010-12-12 02:00:00+00:00,1,0,0,0,0,0
031601100105,3,89.96493530273438,1.4788084909337877,10.0,0.7380462230400844,5,2025-04-06 09:00:00+00:00,5,2,1,0,0,0
031601100105,6,126.07626342773438,1.6861395623471946,25.0,0.8476955805251195,10,2025-04-06 12:00:00+00:00,10,2,1,1,0,0
031601100105,24,187.48382568359375,1.722169797539712,25.0,0.8331222646280416,12,2024-09-14 16:00:00+00:00,12,2,1,1,0,0
031601100105,72,238.6726837158203,1.7368051420388455,25.0,0.8529631347791036,16,2024-09-15 09:00:00+00:00,16,4,3,1,0,0
031601100201,1,45.85304260253906,1.101454893466344,2.0,0.5221661986615246,2,2020-04-13 02:00:00+00:00,2,0,0,0,0,0
031601100201,3,84.12476348876953,1.4380088786137666,10.0,0.7186486675530307,6,2020-04-13 02:00:00+00:00,6,1,1,0,0,0
031601100201,6,138.1454620361328,1.9082365806429882,50.0,0.9688976667519947,12,2024-09-14 14:00:00+00:00,12,3,1,1,1,0
031601100201,24,197.0629119873047,1.847892226139892,25.0,0.8959475853033186,11,2024-09-14 16:00:00+00:00,11,5,2,2,0,0
031601100201,72,279.7798767089844,2.071062859353213,100.0,1.0328742852268,15,2024-09-15 09:00:00+00:00,15,8,4,1,1,1
031601100202,1,43.72820281982422,1.0462523016672953,2.0,0.4978930905122953,2,2020-04-13 02:00:00+00:00,2,0,0,0,0,0
031601100202,3,90.64847564697266,1.5431945558549753,10.0,0.772445362136732,8,2015-12-25 19:00:00+00:00,8,2,1,0,0,0
031601100202,6,148.6388702392578,2.0516958962008927,100.0,1.042722651569426,11,2024-09-14 13:00:00+00:00,11,6,2,1,1,1
031601100202,24,211.221435546875,1.9932084491457098,50.0,0.9720167367528385,14,2024-09-14 19:00:00+00:00,14,5,3,2,1,0
031601100202,72,269.2032775878906,2.0133971219337,100.0,1.0087348147356643,12,2024-09-15 09:00:00+00:00,12,7,4,2,1,1
031601100203,3,82.86048889160156,1.378791133946873,10.0,0.6923143302262272,5,2020-04-13 02:00:00+00:00,5,3,1,0,0,0
031601100203,6,149.44766235351562,2.0234331932622456,100.0,1.0259269353993612,8,2025-04-06 12:00:00+00:00,8,3,2,1,1,1
031601100203,24,215.04173278808594,1.9992613879221977,50.0,0.9730270503901107,16,2024-09-14 18:00:00+00:00,16,3,2,1,1,0
031601100203,72,269.07757568359375,1.9876998940878887,50.0,0.9841073110784577,15,2024-09-15 09:00:00+00:00,15,5,3,2,1,0
031601100301,1,43.45771789550781,1.0098837125937414,2.0,0.4849460883396429,1,1995-04-21 03:00:00+00:00,1,0,0,0,0,0
031601100301,3,95.28387451171875,1.5632513700149682,10.0,0.7816200393536689,7,2025-04-06 08:00:00+00:00,7,3,1,0,0,0
031601100301,6,132.65623474121094,1.760053620859131,25.0,0.885952411278877,11,2025-04-06 11:00:00+00:00,11,4,2,2,0,0
031601100301,24,197.0157012939453,1.7811823338619333,25.0,0.8543434432075381,12,2020-04-13 06:00:00+00:00,12,4,1,1,0,0
031601100301,72,228.2303466796875,1.6144947786955444,10.0,0.7954527966540651,17,2024-09-15 09:00:00+00:00,17,4,3,0,0,0
031601100302,3,73.7307357788086,1.2025378109078884,5.0,0.5985819417443417,7,2025-04-06 08:00:00+00:00,7,1,0,0,0,0
031601100302,6,107.27633666992188,1.4167096094933496,10.0,0.7085232818062656,12,2025-04-06 11:00:00+00:00,12,4,2,0,0,0
031601100302,24,175.97779846191406,1.5871347327416396,10.0,0.7585712906132328,12,2019-10-26 10:00:00+00:00,12,4,1,0,0,0
031601100302,72,228.07777404785156,1.6076240733297515,10.0,0.7890109687530262,12,2020-02-13 06:00:00+00:00,12,4,2,0,0,0
031601100303,1,50.709468841552734,1.1759915306085007,2.0,0.5650329590954903,3,2022-11-30 00:00:00+00:00,3,0,0,0,0,0
031601100303,3,86.30545806884766,1.4155610041443951,10.0,0.7058634920827699,8,2025-04-06 08:00:00+00:00,8,4,1,0,0,0
031601100303,6,114.44996643066406,1.520859069203021,10.0,0.763869231509514,11,2025-04-06 11:00:00+00:00,11,4,3,0,0,0
031601100303,24,171.3064422607422,1.554147737558189,10.0,0.747867837331467,10,2024-09-14 16:00:00+00:00,10,3,2,0,0,0
031601100303,72,223.51451110839844,1.5925244997484864,10.0,0.7847594066323353,13,2024-09-15 09:00:00+00:00,13,5,2,0,0,0
031601100304,3,73.16836547851562,1.1944876446134431,2.0,0.5913046058606276,7,2025-04-22 14:00:00+00:00,7,0,0,0,0,0
031601100304,6,112.7225341796875,1.4953880608971823,10.0,0.7448839522783229,10,2025-04-22 16:00:00+00:00,10,1,1,0,0,0
031601100304,24,167.1000518798828,1.5203770630600406,10.0,0.7305954511230723,12,2025-04-22 19:00:00+00:00,12,2,1,0,0,0
031601100304,72,226.79000854492188,1.6255910367077089,10.0,0.7949107420253912,10,2024-09-15 09:00:00+00:00,10,4,2,0,0,0
031601100305,1,44.89020538330078,1.035204414720771,2.0,0.4988336113770102,1,2010-12-12 02:00:00+00:00,1,0,0,0,0,0
031601100305,3,89.05366516113281,1.4577101571871371,10.0,0.7202365183679386,6,2020-04-13 02:00:00+00:00,6,2,2,0,0,0
031601100305,6,122.87380981445312,1.6394508579576743,25.0,0.814269206468415,13,2025-04-06 13:00:00+00:00,13,2,1,1,0,0
031601100305,24,168.50479125976562,1.548509846555988,10.0,0.7422900265818512,13,2025-04-22 19:00:00+00:00,13,2,1,0,0,0
031601100305,72,218.84080505371094,1.5934278775632584,10.0,0.7698668443996055,14,2024-09-15 09:00:00+00:00,14,5,2,0,0,0
031601100306,1,47.51687240600586,1.099356576684706,2.0,0.5312540043584734,2,2002-10-04 15:00:00+00:00,2,0,0,0,0,0
031601100306,3,81.35070037841797,1.3396065314124939,5.0,0.6636433667858371,12,2025-04-06 10:00:00+00:00,12,5,0,0,0,0
031601100306,6,117.1192626953125,1.5752617795288166,10.0,0.7837703075708489,16,2025-04-06 13:00:00+00:00,16,4,1,0,0,0
031601100306,24,162.70204162597656,1.5097697014554003,10.0,0.7221138635568568,18,2024-09-14 19:00:00+00:00,18,4,1,0,0,0
031601100306,72,210.7421875,1.5547977450315342,10.0,0.7446445078123944,15,2024-09-15 08:00:00+00:00,15,5,3,0,0,0
031601100401,1,58.61030960083008,1.3933142052871688,10.0,0.6664963430494879,3,2020-04-13 02:00:00+00:00,3,1,1,0,0,0
031601100401,3,95.33758544921875,1.6108003576287748,25.0,0.8084537224718885,6,2020-04-13 03:00:00+00:00,6,3,1,1,0,0
031601100401,6,143.56973266601562,1.9758855743655044,100.0,1.005861725615956,9,2020-04-13 03:00:00+00:00,9,6,2,1,1,1
031601100401,24,201.36468505859375,1.9136822375689126,50.0,0.9377512957480859,16,2024-09-14 20:00:00+00:00,16,5,1,1,1,0
031601100401,72,216.94029235839844,1.6365029925346162,25.0,0.8199704585320464,15,2024-09-15 09:00:00+00:00,15,5,4,1,0,0
031601100402,1,54.50715255737305,1.2967623099497265,5.0,0.620139282583825,4,2020-04-13 02:00:00+00:00,4,1,0,0,0,0
031601100402,3,99.85301971435547,1.6899795924439915,25.0,0.8482898657538379,7,2020-04-13 03:00:00+00:00,7,3,2,1,0,0
031601100402,6,159.7412567138672,2.197881824571005,200.0,1.1188894024919707,10,2024-09-14 13:00:00+00:00,10,5,4,2,2,1
031601100402,24,224.98678588867188,2.126984969107592,100.0,1.0406186217538103,15,2024-09-14 19:00:00+00:00,15,6,3,1,1,1
031601100402,72,242.27207946777344,1.8190318363310367,50.0,0.911384969391223,20,2024-09-15 09:00:00+00:00,20,7,5,2,1,0
031601100403,1,43.919612884521484,1.0288727098884423,2.0,0.49699466094548655,1,2020-04-13 02:00:00+00:00,1,0,0,0,0,0
031601100403,3,87.7623519897461,1.4635034481251952,10.0,0.736271031394588,7,2020-04-13 02:00:00+00:00,7,5,2,0,0,0
031601100403,6,147.50897216796875,2.004937021732126,100.0,1.0188055956391955,12,2024-09-14 13:00:00+00:00,12,5,3,1,1,1
031601100403,24,208.24783325195312,1.949284828038204,50.0,0.9512150194577484,20,2024-09-14 19:00:00+00:00,20,5,2,1,1,0
031601100403,72,253.9665985107422,1.8924313534709314,50.0,0.9370429623544525,14,2024-09-15 09:00:00+00:00,14,6,3,2,1,0
031601100404,3,80.1545181274414,1.3269272951461755,5.0,0.6646813918418647,6,2022-04-16 10:00:00+00:00,6,2,0,0,0,0
031601100404,6,122.92376708984375,1.6606867715770568,25.0,0.8378740018557298,10,2025-04-06 13:00:00+00:00,10,3,1,1,0,0
031601100404,24,190.6308135986328,1.7751823416688646,25.0,0.8602666857701319,17,2024-09-14 19:00:00+00:00,17,3,2,1,0,0
031601100404,72,240.89794921875,1.7865497322319708,25.0,0.8725597759283166,14,2024-09-15 09:00:00+00:00,14,5,2,1,0,0
031601100405,1,54.96639633178711,1.3085419139201797,5.0,0.6244204652927445,1,2004-10-19 13:00:00+00:00,1,1,0,0,0,0
031601100405,3,82.9176025390625,1.4009233801419472,10.0,0.7018826593446704,8,2020-04-13 03:00:00+00:00,8,2,1,0,0,0
031601100405,6,137.231689453125,1.8908407497962625,50.0,0.9618417609120768,11,2025-05-03 01:00:00+00:00,11,5,3,1,1,0
031601100405,24,184.24444580078125,1.7605846107237508,25.0,0.8628087934182517,17,2024-09-14 20:00:00+00:00,17,3,1,1,0,0
031601100405,72,210.69468688964844,1.59332106630897,10.0,0.7975346112615701,14,2024-09-15 09:00:00+00:00,14,6,1,0,0,0
031601100406,3,72.30074310302734,1.2122851404483082,5.0,0.6088905539126476,6,2021-03-17 23:00:00+00:00,6,1,0,0,0,0
031601100406,6,135.92713928222656,1.8610978409823882,50.0,0.9456461938765631,9,2025-04-06 13:00:00+00:00,9,5,1,1,1,0
031601100406,24,189.47998046875,1.793158427501957,25.0,0.8753613233602607,16,2024-09-14 20:00:00+00:00,16,3,2,1,0,0
031601100406,72,220.734619140625,1.6599568828417373,25.0,0.8185467755207075,13,2024-09-15 09:00:00+00:00,13,8,2,1,0,0
031601100407,1,44.05957794189453,1.030798134168781,2.0,0.49866753024762794,1,2020-04-13 02:00:00+00:00,1,0,0,0,0,0
031601100407,3,73.36114501953125,1.2227205349602064,5.0,0.6139451510032468,5,2021-03-17 23:00:00+00:00,5,1,0,0,0,0
031601100407,6,132.15798950195312,1.7986145520585564,50.0,0.9113143131415056,9,2025-04-06 13:00:00+00:00,9,4,1,1,1,0
031601100407,24,192.01263427734375,1.8033343534765667,25.0,0.8772321785955195,16,2024-09-14 19:00:00+00:00,16,2,2,1,0,0
031601100407,72,232.03192138671875,1.7353169606763474,25.0,0.8513068288912455,12,2024-09-15 09:00:00+00:00,12,7,2,2,0,0
031601100408,1,51.20794677734375,1.1903540999603388,2.0,0.5761234173521119,3,2020-04-13 02:00:00+00:00,3,0,0,0,0,0
031601100408,3,81.76516723632812,1.3554801502721001,5.0,0.6739305079792229,8,2025-04-06 10:00:00+00:00,8,1,0,0,0,0
031601100408,6,99.51342010498047,1.3496734110230433,5.0,0.6743153412245267,10,2025-04-06 13:00:00+00:00,10,4,0,0,0,0
031601100408,24,140.92440795898438,1.3199376704248917,5.0,0.6319953754818506,17,2025-04-07 06:00:00+00:00,17,3,0,0,0,0
031601100408,72,212.58265686035156,1.5848486689912007,10.0,0.7572494771551052,11,2024-09-15 08:00:00+00:00,11,5,1,0,0,0
031601100501,3,81.10032653808594,1.3689605396213094,5.0,0.6828724025396263,6,2020-04-13 03:00:00+00:00,6,1,0,0,0,0
031601100501,6,129.05563354492188,1.77861307341845,25.0,0.9009413072230368,9,2025-04-06 12:00:00+00:00,9,1,1,1,0,0
031601100501,24,182.8780517578125,1.748910187287834,25.0,0.8521585795521831,17,2025-04-07 06:00:00+00:00,17,2,1,1,0,0
031601100501,72,218.9684295654297,1.6523450702480114,25.0,0.8153831498211083,16,2024-09-15 09:00:00+00:00,16,7,1,1,0,0
031601100502,3,73.26054382324219,1.2344928855911494,5.0,0.6133027983447357,7,2025-04-06 10:00:00+00:00,7,2,0,0,0,0
031601100502,6,94.50422668457031,1.3027377369288855,5.0,0.6554587195329362,9,2025-04-06 13:00:00+00:00,9,4,0,0,0,0
031601100502,24,156.91488647460938,1.497305455454485,10.0,0.7227412648277717,18,2025-04-07 06:00:00+00:00,18,2,1,0,0,0
031601100502,72,194.87608337402344,1.4697166396713341,10.0,0.7098535788424265,14,2024-09-15 10:00:00+00:00,14,6,1,0,0,0
031601100503,1,46.64328384399414,1.1026530882248589,2.0,0.5294349642413112,1,2002-05-03 17:00:00+00:00,1,0,0,0,0,0
031601100503,3,73.417724609375,1.2350745871052757,5.0,0.618292073385737,6,2025-04-06 10:00:00+00:00,6,1,0,0,0,0
031601100503,6,123.31558990478516,1.6944498991929458,25.0,0.8594237589638286,10,2025-04-06 13:00:00+00:00,10,3,1,1,0,0
031601100503,24,177.87362670898438,1.6915914152043376,25.0,0.8244647741785124,18,2025-04-07 06:00:00+00:00,18,4,1,1,0,0
031601100503,72,213.61163330078125,1.6096423514443683,10.0,0.7908924989270657,14,2024-09-15 09:00:00+00:00,14,8,2,0,0,0
031601100504,3,69.48577117919922,1.1643831389207973,2.0,0.5794186925319992,6,2025-04-06 10:00:00+00:00,6,0,0,0,0,0
031601100504,6,91.54774475097656,1.2565111911143259,5.0,0.6307453174035362,8,2025-04-06 13:00:00+00:00,8,3,0,0,0,0
031601100504,24,143.17860412597656,1.3587899896590212,5.0,0.6528361102506564,14,2025-04-07 07:00:00+00:00,14,3,0,0,0,0
031601100504,72,202.50503540039062,1.5252449771699537,10.0,0.7296985701088518,14,2024-09-15 09:00:00+00:00,14,3,1,0,0,0
031601100505,3,73.98056030273438,1.2312662430787427,5.0,0.6092465909166134,8,2025-04-06 10:00:00+00:00,8,2,0,0,0,0
031601100505,6,101.67371368408203,1.3878794642461922,10.0,0.6892142925080345,13,2025-04-06 13:00:00+00:00,13,3,1,0,0,0
031601100505,24,132.2450408935547,1.2485728996334369,5.0,0.592010686090946,18,2025-04-07 06:00:00+00:00,18,2,0,0,0,0
031601100505,72,201.0275421142578,1.509364834377268,10.0,0.7089451070418459,13,2024-09-15 08:00:00+00:00,13,4,1,0,0,0
031601100506,1,55.545326232910156,1.284962930005745,5.0,0.6190777179447821,4,2021-09-18 13:00:00+00:00,4,1,0,0,0,0
031601100506,3,83.72484588623047,1.3818696649552218,10.0,0.6766240555539702,15,2025-04-06 10:00:00+00:00,15,6,1,0,0,0
031601100506,6,115.79204559326172,1.5659722079159155,10.0,0.7670568903178376,20,2025-04-06 13:00:00+00:00,20,9,2,0,0,0
031601100506,24,155.74720764160156,1.4570097879511514,10.0,0.6830572038556401,18,2025-04-07 06:00:00+00:00,18,4,1,0,0,0
031601100506,72,202.25718688964844,1.5038395991178233,10.0,0.698893273766701,17,2024-09-15 10:00:00+00:00,17,5,1,0,0,0
031601100507,1,52.19960403442383,1.2101292205444167,5.0,0.5833001285887964,1,2017-06-30 14:00:00+00:00,1,1,0,0,0,0
031601100507,3,85.8362045288086,1.4235309105180505,10.0,0.6954374356751518,7,2025-04-06 11:00:00+00:00,7,2,1,0,0,0
031601100507,6,108.10635375976562,1.4736393663464753,10.0,0.7185541247872426,14,2025-04-06 13:00:00+00:00,14,6,2,0,0,0
031601100507,24,130.920654296875,1.2364837881029327,5.0,0.5735857990496906,20,2025-04-07 06:00:00+00:00,20,4,0,0,0,0
031601100507,72,185.63174438476562,1.3943473779507125,5.0,0.6367607944066558,16,2024-09-15 08:00:00+00:00,16,4,0,0,0,0
031601110101,1,42.61983871459961,1.0083648727284844,2.0,0.4673756806881739,1,1997-05-03 06:00:00+00:00,1,0,0,0,0,0
031601110101,3,84.78657531738281,1.4406409393348452,10.0,0.679787624524406,7,2020-02-06 09:00:00+00:00,7,2,1,0,0,0
031601110101,6,108.58427429199219,1.5181703356445413,10.0,0.7210008445994827,10,2020-04-13 04:00:00+00:00,10,8,1,0,0,0
031601110101,24,185.31494140625,1.801148630867102,25.0,0.8437325668278207,10,2020-04-13 05:00:00+00:00,10,5,3,1,0,0
031601110101,72,227.7660369873047,1.7386059806061624,25.0,0.8421908786468191,11,2020-02-07 08:00:00+00:00,11,5,3,2,0,0
031601110102,3,76.05319213867188,1.2787313817118562,5.0,0.6141929943577453,6,2020-02-06 09:00:00+00:00,6,3,0,0,0,0
031601110102,6,118.14352416992188,1.6338663844344261,10.0,0.7823656269672691,9,2020-04-13 04:00:00+00:00,9,6,4,0,0,0
031601110102,24,188.066650390625,1.8110999984066496,25.0,0.8382018196768288,13,2021-03-26 06:00:00+00:00,13,6,2,2,0,0
031601110102,72,237.4132080078125,1.7966649971893975,25.0,0.8542812151786254,11,2020-02-07 08:00:00+00:00,11,4,3,2,0,0
031601110103,1,50.215492248535156,1.1907982458993187,2.0,0.5516026616985886,1,2020-04-13 00:00:00+00:00,1,0,0,0,0,0
031601110103,3,83.65511322021484,1.421001889286325,10.0,0.6756585989064688,8,2020-04-13 02:00:00+00:00,8,1,1,0,0,0
031601110103,6,102.994384765625,1.4386422652147983,10.0,0.6905496864526274,11,2020-04-13 04:00:00+00:00,11,7,4,0,0,0
031601110103,24,177.21542358398438,1.7253412855932233,25.0,0.8122439548920318,13,2020-04-13 07:00:00+00:00,13,5,2,1,0,0
031601110103,72,227.27536010742188,1.7392302179525998,25.0,0.8473823118160416,12,2021-06-22 09:00:00+00:00,12,5,2,2,0,0
031601110104,1,45.122657775878906,1.067009978493234,2.0,0.49829289416863,1,2020-04-13 00:00:00+00:00,1,0,0,0,0,0
031601110104,3,65.19775390625,1.0984143654976886,2.0,0.5307718911215686,4,2008-12-10 11:00:00+00:00,4,0,0,0,0,0
031601110104,6,101.22051239013672,1.4000097278028587,10.0,0.6824038677518971,8,2020-04-13 04:00:00+00:00,8,4,1,0,0,0
031601110104,24,176.1395721435547,1.70562939600902,25.0,0.8037310908051382,9,2020-04-13 07:00:00+00:00,9,5,2,1,0,0
031601110104,72,225.49147033691406,1.719757385695247,25.0,0.8365439025357997,11,2015-12-26 10:00:00+00:00,11,5,2,2,0,0
031601110105,1,45.45799255371094,1.082777006424676,2.0,0.5012502338910612,1,2024-05-27 10:00:00+00:00,1,0,0,0,0,0
031601110105,3,65.07915496826172,1.1054408651527885,2.0,0.5310414491039439,2,2024-05-27 12:00:00+00:00,2,0,0,0,0,0
031601110105,6,99.58414459228516,1.388970199456275,10.0,0.6762361106365578,13,2025-04-06 13:00:00+00:00,13,4,1,0,0,0
031601110105,24,150.0043182373047,1.4640757414517946,10.0,0.694012661608596,15,2025-04-07 06:00:00+00:00,15,5,2,0,0,0
031601110105,72,226.3507080078125,1.7375079477194817,25.0,0.853620698019344,15,2021-06-22 11:00:00+00:00,15,4,3,1,0,0
031601110106,3,64.94825744628906,1.0912942747917285,2.0,0.5320750520016253,3,2012-09-03 06:00:00+00:00,3,0,0,0,0,0
031601110106,6,98.44609069824219,1.3565587863009263,5.0,0.6682406978847216,7,2020-04-13 04:00:00+00:00,7,3,0,0,0,0
031601110106,24,152.44395446777344,1.4745726102942096,10.0,0.6971474376548357,11,2020-04-13 07:00:00+00:00,11,5,2,0,0,0
031601110106,72,223.52061462402344,1.703368114806486,25.0,0.830883720538598,11,2015-12-26 11:00:00+00:00,11,4,2,1,0,0
031601110107,3,72.18093872070312,1.2129938766299324,5.0,0.5854830143321845,6,2015-12-25 23:00:00+00:00,6,1,0,0,0,0
031601110107,6,108.0932388305664,1.4920788394861741,10.0,0.7235769197647163,9,2020-04-13 04:00:00+00:00,9,4,1,0,0,0
031601110107,24,183.37648010253906,1.768663801297782,25.0,0.8285032891466508,7,2020-02-06 18:00:00+00:00,7,5,3,1,0,0
031601110107,72,230.2729034423828,1.7488990289452089,25.0,0.8439443335632514,11,2015-12-26 10:00:00+00:00,11,4,2,2,0,0
031601110201,1,43.71540451049805,1.0237963729438417,2.0,0.48480481053017266,1,2015-12-25 22:00:00+00:00,1,0,0,0,0,0
031601110201,3,89.16580200195312,1.4903599981137963,10.0,0.7252536765749982,4,2015-12-25 23:00:00+00:00,4,1,1,0,0,0
031601110201,6,120.30083465576172,1.651652294376166,25.0,0.8039498618763934,9,2020-04-13 04:00:00+00:00,9,4,2,1,0,0
031601110201,24,177.63650512695312,1.7041112648707883,25.0,0.7936572133374643,8,2020-02-06 18:00:00+00:00,8,5,3,1,0,0
031601110201,72,233.707275390625,1.7654795575184818,25.0,0.8439419868749131,11,2015-12-26 09:00:00+00:00,11,5,2,2,0,0
031601110202,1,43.106544494628906,1.0101745382308613,2.0,0.47843395149254164,1,2020-04-13 03:00:00+00:00,1,0,0,0,0,0
031601110202,3,69.009521484375,1.1522186939538441,2.0,0.5641399040144084,3,2023-08-04 11:00:00+00:00,3,0,0,0,0,0
031601110202,6,112.01390075683594,1.535482753347535,10.0,0.754579689531854,9,2025-04-06 13:00:00+00:00,9,4,1,0,0,0
031601110202,24,146.1479949951172,1.4008516493620555,5.0,0.65593134173078,16,2025-04-07 07:00:00+00:00,16,4,0,0,0,0
031601110202,72,213.47972106933594,1.6115157562854332,10.0,0.7708621989508996,13,2021-06-22 09:00:00+00:00,13,4,1,0,0,0
031601110203,1,44.05292510986328,1.0271104704735035,2.0,0.49079203492740964,1,2020-02-06 07:00:00+00:00,1,0,0,0,0,0
031601110203,3,79.1484375,1.3205481003484252,5.0,0.645447959012441,5,2025-04-06 12:00:00+00:00,5,2,0,0,0,0
031601110203,6,119.12287139892578,1.6354995195537458,10.0,0.7973432697514591,8,2025-04-06 14:00:00+00:00,8,5,3,0,0,0
031601110203,24,149.37130737304688,1.42906504837628,10.0,0.6621743129567629,15,2025-04-07 07:00:00+00:00,15,4,1,0,0,0
031601110203,72,223.7693328857422,1.6863187204497558,25.0,0.7910067421359283,13,2021-06-22 10:00:00+00:00,13,6,1,1,0,0
031601110204,3,98.31881713867188,1.6402248328366553,25.0,0.799997276204193,5,2023-08-04 11:00:00+00:00,5,1,1,1,0,0
031601110204,6,123.51409912109375,1.6984462712936728,25.0,0.8178436201603994,8,2024-03-01 18:00:00+00:00,8,5,2,1,0,0
031601110204,24,176.2913360595703,1.6873838406106614,10.0,0.7702773260677929,17,2023-08-04 19:00:00+00:00,17,6,1,0,0,0
031601110204,72,267.0937194824219,2.0044125677006472,50.0,0.9270240089789902,16,2021-06-22 10:00:00+00:00,16,11,2,1,1,0
031601110205,1,47.33935546875,1.1038118633756715,2.0,0.5272694976751732,1,2015-12-25 22:00:00+00:00,1,0,0,0,0,0
031601110205,3,98.24163055419922,1.6387155488598268,25.0,0.7998966879309245,4,2023-08-04 11:00:00+00:00,4,2,2,1,0,0
031601110205,6,129.49986267089844,1.7761592482036395,25.0,0.8625811687684379,12,2025-04-06 15:00:00+00:00,12,6,2,1,0,0
031601110205,24,176.2393035888672,1.6859157406116014,10.0,0.7789668444407569,14,2023-08-04 19:00:00+00:00,14,5,2,0,0,0
031601110205,72,246.43988037109375,1.8546024155508805,25.0,0.8750202984284007,13,2020-02-07 05:00:00+00:00,13,7,2,1,0,0
031601110206,3,88.77249145507812,1.4793536440826611,10.0,0.7235077123883239,6,2023-08-04 11:00:00+00:00,6,2,2,0,0,0
031601110206,6,117.10636901855469,1.6079143036265915,10.0,0.78005319370114,10,2025-04-06 15:00:00+00:00,10,7,3,0,0,0
031601110206,24,162.53607177734375,1.5537008539882415,10.0,0.7142331014885368,15,2023-08-04 19:00:00+00:00,15,7,1,0,0,0
031601110206,72,251.7482452392578,1.8924962626442483,25.0,0.8797998551626823,15,2021-06-22 10:00:00+00:00,15,8,2,1,0,0
031601110207,3,77.78631591796875,1.295910843589095,5.0,0.6353793775459116,5,2024-03-01 17:00:00+00:00,5,3,0,0,0,0
031601110207,6,113.72754669189453,1.5646221110979432,10.0,0.759179763142998,9,2024-03-01 18:00:00+00:00,9,7,3,0,0,0
031601110207,24,158.55007934570312,1.5169763560610432,10.0,0.6943696815144421,14,2021-03-26 06:00:00+00:00,14,7,1,0,0,0
031601110207,72,250.08209228515625,1.8804047945952853,25.0,0.8627185802529996,15,2021-06-22 10:00:00+00:00,15,8,2,1,0,0
031601110208,1,50.802757263183594,1.1882455216788486,2.0,0.5674371240299007,2,2020-04-13 03:00:00+00:00,2,0,0,0,0,0
031601110208,3,81.23566436767578,1.359832466224894,5.0,0.6650123263281975,5,2025-04-06 11:00:00+00:00,5,1,0,0,0,0
031601110208,6,119.11300659179688,1.640908451741799,25.0,0.8026906420074558,9,2025-04-06 14:00:00+00:00,9,3,2,1,0,0
031601110208,24,145.2103271484375,1.3926017440530685,5.0,0.6478667463709765,13,2025-04-07 07:00:00+00:00,13,5,0,0,0,0
031601110208,72,204.6798858642578,1.548190115571327,10.0,0.7242747603754829,14,2021-06-22 10:00:00+00:00,14,6,1,0,0,0
031601110301,1,47.735443115234375,1.1180196926760375,2.0,0.5362747866316174,2,2020-04-13 03:00:00+00:00,2,0,0,0,0,0
031601110301,3,84.08003234863281,1.4114327299348657,10.0,0.6920702783040089,6,2025-04-06 11:00:00+00:00,6,1,1,0,0,0
031601110301,6,122.0468521118164,1.6890454744145713,25.0,0.827966557954095,10,2025-04-06 14:00:00+00:00,10,2,2,2,0,0
031601110301,24,149.51661682128906,1.4387719826617698,10.0,0.6685246258103174,15,2025-04-07 07:00:00+00:00,15,4,1,0,0,0
031601110301,72,202.29307556152344,1.5384540092324939,10.0,0.7113921427460954,15,2021-06-22 10:00:00+00:00,15,6,1,0,0,0
031601110302,1,55.95408248901367,1.298678872207897,5.0,0.6323504655860089,1,2024-03-01 15:00:00+00:00,1,1,0,0,0,0
031601110302,3,92.71592712402344,1.549027785828064,10.0,0.7642895411166243,9,2024-03-01 17:00:00+00:00,9,3,3,0,0,0
031601110302,6,119.62635803222656,1.6564418645527785,25.0,0.8092344884957324,12,2024-03-01 17:00:00+00:00,12,5,3,2,0,0
031601110302,24,159.1846160888672,1.5320294043549245,10.0,0.6998430074174524,18,2024-03-01 19:00:00+00:00,18,5,1,0,0,0
031601110302,72,235.890380859375,1.7864568912919185,25.0,0.8042170853669529,18,2024-03-01 19:00:00+00:00,18,8,4,1,0,0
031601110303,1,56.44229507446289,1.3069751435168344,5.0,0.6386008725531404,2,2024-03-01 15:00:00+00:00,2,1,0,0,0,0
031601110303,3,111.12271881103516,1.8535763062826918,50.0,0.9154608308599392,7,2024-03-01 16:00:00+00:00,7,4,2,2,1,0
031601110303,6,149.4937744140625,2.0673538342963163,100.0,1.0081864347411438,9,2024-03-01 17:00:00+00:00,9,7,4,2,2,1
031601110303,24,173.54962158203125,1.6674538249110782,10.0,0.7578543339839823,21,2024-03-01 19:00:00+00:00,21,6,3,0,0,0
031601110303,72,248.51902770996094,1.8749685919837973,25.0,0.8392038085216734,20,2024-03-01 19:00:00+00:00,20,11,3,2,0,0
031601110304,1,51.34882354736328,1.1894788686197613,2.0,0.581905298255992,2,2024-03-01 15:00:00+00:00,2,0,0,0,0,0
031601110304,3,100.79720306396484,1.682942487380854,25.0,0.831624412361637,10,2024-03-01 16:00:00+00:00,10,3,2,2,0,0
031601110304,6,134.7447052001953,1.8676911180255074,50.0,0.9112185874801352,12,2024-03-01 17:00:00+00:00,12,6,4,2,2,0
031601110304,24,171.9743194580078,1.655532629028135,10.0,0.7498714582947205,20,2024-03-01 19:00:00+00:00,20,5,2,0,0,0
031601110304,72,239.01998901367188,1.808485610562893,25.0,0.8005725205932639,18,2024-03-01 19:00:00+00:00,18,9,3,2,0,0
031601110305,1,44.215450286865234,1.0305026561171773,2.0,0.49886456148387887,1,2013-07-23 18:00:00+00:00,1,0,0,0,0,0
031601110305,3,76.02778625488281,1.2736035229219558,5.0,0.6267961388066577,4,2022-02-18 02:00:00+00:00,4,2,0,0,0,0
031601110305,6,110.97684478759766,1.5384783509948068,10.0,0.7528757743263618,9,2022-02-18 03:00:00+00:00,9,4,2,0,0,0
031601110305,24,140.32557678222656,1.3523198373064298,5.0,0.6219143902788837,15,2021-03-26 06:00:00+00:00,15,5,0,0,0,0
031601110305,72,218.62506103515625,1.663922787976531,10.0,0.7544334971630551,18,2021-06-22 10:00:00+00:00,18,6,1,0,0,0
031601110306,1,56.51740646362305,1.3056261674830123,5.0,0.6389323183090051,1,2003-05-07 19:00:00+00:00,1,1,0,0,0,0
031601110306,3,105.98617553710938,1.76597966277115,25.0,0.8689645066967,6,2022-02-18 02:00:00+00:00,6,3,1,1,0,0
031601110306,6,147.9266357421875,2.0457749419964992,50.0,0.9914227744127483,11,2022-11-30 08:00:00+00:00,11,5,4,1,1,0
031601110306,24,168.5096893310547,1.6171514830077485,10.0,0.7270536631986831,21,2022-06-09 03:00:00+00:00,21,5,3,0,0,0
031601110306,72,237.5538787841797,1.7889910573401204,25.0,0.7857545151618845,18,2022-06-09 03:00:00+00:00,18,8,3,1,0,0
031601110307,1,77.88904571533203,1.8022189740262369,25.0,0.8779464749713674,2,2020-04-13 03:00:00+00:00,2,1,1,1,0,0
031601110307,3,102.32625579833984,1.7082821041221319,25.0,0.834092230464521,8,2022-06-08 12:00:00+00:00,8,4,2,1,0,0
031601110307,6,126.63541412353516,1.7564800241583762,25.0,0.8450338124436009,11,2024-03-01 17:00:00+00:00,11,6,5,2,0,0
031601110307,24,172.1695098876953,1.6573608364298336,10.0,0.7398085407924659,19,2022-06-09 05:00:00+00:00,19,6,4,0,0,0
031601110307,72,225.06129455566406,1.703309627843423,10.0,0.7374689803898842,20,2022-06-09 05:00:00+00:00,20,6,2,0,0,0
031601110308,1,56.184226989746094,1.3089277842174594,5.0,0.6359677984554141,1,2020-04-12 23:00:00+00:00,1,1,0,0,0,0
031601110308,3,80.36198425292969,1.3469560132843874,5.0,0.6634675015592283,7,2024-03-01 17:00:00+00:00,7,5,0,0,0,0
031601110308,6,120.10765075683594,1.6696563574090364,25.0,0.816781589206207,11,2024-03-01 17:00:00+00:00,11,6,1,1,0,0
031601110308,24,143.05099487304688,1.3814461490373107,5.0,0.6308599593835758,18,2024-03-01 18:00:00+00:00,18,5,0,0,0,0
031601110308,72,212.3946075439453,1.6213119221944412,10.0,0.7203627616958653,20,2021-06-22 09:00:00+00:00,20,7,2,0,0,0
031601110401,1,74.251953125,1.7193466108559103,25.0,0.83473377453391,3,2024-03-01 15:00:00+00:00,3,1,1,1,0,0
031601110401,3,98.1058349609375,1.6377712325396216,10.0,0.7963261470157365,10,2024-03-01 15:00:00+00:00,10,6,3,0,0,0
031601110401,6,124.11793518066406,1.7218429139945448,25.0,0.8256228510758495,14,2024-03-01 16:00:00+00:00,14,7,6,2,0,0
031601110401,24,184.10446166992188,1.7747839599121742,25.0,0.7910099002734083,20,2024-03-01 18:00:00+00:00,20,6,2,1,0,0
031601110401,72,221.42303466796875,1.683792117075991,10.0,0.7259313922474921,24,2024-09-15 07:00:00+00:00,24,7,2,0,0,0
031601110402,1,64.413330078125,1.49765490495359,10.0,0.7269425371407502,3,2020-04-12 23:00:00+00:00,3,2,2,0,0,0
031601110402,3,90.28291320800781,1.5102833349208291,10.0,0.7402393867835912,8,2024-03-01 17:00:00+00:00,8,4,2,0,0,0
031601110402,6,120.51873016357422,1.6724494032961883,25.0,0.8128654624041367,11,2024-03-01 17:00:00+00:00,11,7,3,1,0,0
031601110402,24,156.9940948486328,1.5137195349109154,10.0,0.6863195534219825,20,2024-09-15 07:00:00+00:00,20,8,1,0,0,0
031601110402,72,214.21974182128906,1.634945447988594,10.0,0.7183889714781365,22,2024-09-15 08:00:00+00:00,22,10,2,0,0,0
031601110403,1,65.80655670166016,1.5181229679878456,10.0,0.7327662808328462,6,2024-03-01 15:00:00+00:00,6,1,1,0,0,0
031601110403,3,87.06785583496094,1.4479826933517068,10.0,0.6956586490090948,11,2024-03-01 15:00:00+00:00,11,6,4,0,0,0
031601110403,6,127.1045913696289,1.7561515018463452,25.0,0.8306756379223612,14,2024-03-01 16:00:00+00:00,14,11,4,1,0,0
031601110403,24,187.4316864013672,1.8022062551935276,25.0,0.7951930701503127,23,2024-03-01 18:00:00+00:00,23,5,2,1,0,0
031601110403,72,223.91664123535156,1.700892074364879,10.0,0.726664482290654,22,2024-09-15 10:00:00+00:00,22,6,2,0,0,0
031601110404,1,62.68054962158203,1.449222834940295,10.0,0.699532190697733,2,2020-04-12 23:00:00+00:00,2,2,1,0,0,0
031601110404,3,88.91400146484375,1.4795086227492493,10.0,0.714403293984971,8,2024-03-01 16:00:00+00:00,8,5,2,0,0,0
031601110404,6,115.02642822265625,1.5873742744455226,10.0,0.7572132222548691,13,2024-03-01 16:00:00+00:00,13,8,5,0,0,0
031601110404,24,161.31838989257812,1.5486119261617626,10.0,0.6911839713447823,23,2024-09-14 19:00:00+00:00,23,5,1,0,0,0
031601110404,72,214.34005737304688,1.6309213140342869,10.0,0.705746980800209,26,2024-09-15 10:00:00+00:00,26,7,1,0,0,0
031601110405,1,86.84456634521484,2.005287019994875,50.0,0.9703407319798871,1,2003-05-07 19:00:00+00:00,1,1,1,1,1,0
031601110405,3,109.66496276855469,1.8274491935299106,25.0,0.8800007884162312,9,2022-06-08 12:00:00+00:00,9,4,2,1,0,0
031601110405,6,137.96774291992188,1.9111089059773285,50.0,0.905068906029481,14,2022-06-08 12:00:00+00:00,14,5,5,3,1,0
031601110405,24,190.44802856445312,1.8332856704373337,25.0,0.8077089252362889,24,2022-06-09 05:00:00+00:00,24,6,3,1,0,0
031601110405,72,222.17298889160156,1.6827324849866114,10.0,0.7176932696854864,18,2024-09-15 10:00:00+00:00,18,6,3,0,0,0
031601110406,1,60.66412353515625,1.3985446954806944,10.0,0.6775050470129429,3,2015-12-26 00:00:00+00:00,3,1,1,0,0,0
031601110406,3,90.53360748291016,1.5069607010844792,10.0,0.7253608403024583,8,2022-06-08 12:00:00+00:00,8,4,1,0,0,0
031601110406,6,132.70289611816406,1.8341626237565196,25.0,0.8671038544442244,13,2022-06-08 13:00:00+00:00,13,5,5,2,0,0
031601110406,24,202.3898162841797,1.9404553422925364,25.0,0.8539426663630836,21,2022-06-09 05:00:00+00:00,21,6,3,1,0,0
031601110406,72,230.17759704589844,1.7287587456788778,10.0,0.7399059630414462,17,2022-06-09 05:00:00+00:00,17,7,4,0,0,0
031601110407,1,75.36473846435547,1.7344935663305188,25.0,0.8338616117434866,5,2022-06-08 10:00:00+00:00,5,2,2,1,0,0
031601110407,3,96.99603271484375,1.61023416192304,10.0,0.7662059076476707,8,2022-06-08 12:00:00+00:00,8,6,2,0,0,0
031601110407,6,138.5413360595703,1.9114886943442735,50.0,0.8934843331021979,12,2022-06-08 12:00:00+00:00,12,5,4,2,1,0
031601110407,24,203.2374725341797,1.9533124994862647,25.0,0.852386523118997,19,2022-06-09 05:00:00+00:00,19,6,1,1,0,0
031601110407,72,230.2736358642578,1.7443592607450922,10.0,0.7379739690509414,19,2024-09-15 10:00:00+00:00,19,6,2,0,0,0
031601110408,3,77.99715423583984,1.2966135163219683,5.0,0.6142446049592648,6,2022-06-08 12:00:00+00:00,6,2,0,0,0,0
031601110408,6,148.13780212402344,2.045555656875205,50.0,0.9495662257857276,13,2022-06-08 12:00:00+00:00,13,6,2,1,1,0
031601110408,24,219.89849853515625,2.1106695337820582,50.0,0.914872929079641,16,2024-09-15 06:00:00+00:00,16,4,1,1,1,0
031601110408,72,228.73477172851562,1.7163365055316562,10.0,0.7246369989907058,18,2024-09-15 10:00:00+00:00,18,6,2,0,0,0
031601110409,1,52.74712371826172,1.2117525191230287,2.0,0.5804051994058164,3,2018-07-16 00:00:00+00:00,3,0,0,0,0,0
031601110409,3,82.0702896118164,1.3598864029984754,5.0,0.6419819158615202,6,2022-02-18 01:00:00+00:00,6,3,0,0,0,0
031601110409,6,145.39617919921875,2.0025941831784166,50.0,0.9268573191092327,12,2022-06-08 12:00:00+00:00,12,4,3,1,1,0
031601110409,24,206.07421875,1.9810709768611183,25.0,0.8561215084913163,18,2022-06-09 05:00:00+00:00,18,4,1,1,0,0
031601110409,72,229.385986328125,1.7351221776661672,10.0,0.7289207238717539,18,2024-09-15 10:00:00+00:00,18,4,2,0,0,0
031601110410,1,60.429351806640625,1.3902668642400078,5.0,0.6663099726047393,5,2022-03-23 02:00:00+00:00,5,2,0,0,0,0
031601110410,3,94.54914855957031,1.566646778581869,10.0,0.7438273081356116,12,2024-03-01 15:00:00+00:00,12,5,3,0,0,0
031601110410,6,125.48527526855469,1.7249179952453861,25.0,0.8054475941624804,16,2024-03-01 16:00:00+00:00,16,8,4,1,0,0
031601110410,24,175.4744110107422,1.681871514434399,10.0,0.7353805981483208,21,2022-06-09 05:00:00+00:00,21,6,2,0,0,0
031601110410,72,219.75653076171875,1.6662959041048333,10.0,0.708786994831263,20,2024-09-15 10:00:00+00:00,20,4,2,0,0,0
031601110411,3,79.61553192138672,1.3158824221405931,5.0,0.6195324719962156,6,2022-03-23 03:00:00+00:00,6,1,0,0,0,0
031601110411,6,144.92149353027344,1.9923656806133274,50.0,0.9167558365340072,8,2022-06-08 11:00:00+00:00,8,3,1,1,1,0
031601110411,24,202.11740112304688,1.945715335656893,25.0,0.8327250558328401,13,2018-12-28 13:00:00+00:00,13,3,1,1,0,0
031601110411,72,229.4875030517578,1.7339196338870506,10.0,0.7238344264315191,15,2024-09-15 15:00:00+00:00,15,5,2,0,0,0
031601110412,1,45.481117248535156,1.0434083370374008,2.0,0.49961504811071067,3,2022-03-23 02:00:00+00:00,3,0,0,0,0,0
031601110412,3,78.5481185913086,1.2981461552783071,5.0,0.6130603682179833,7,2022-03-23 03:00:00+00:00,7,2,0,0,0,0
031601110412,6,139.4470672607422,1.9139765466152268,50.0,0.8855276546735356,13,2022-06-08 12:00:00+00:00,13,4,2,1,1,0
031601110412,24,189.796630859375,1.8222058159801013,25.0,0.7859044627229105,20,2024-09-14 18:00:00+00:00,20,3,2,1,0,0
031601110412,72,222.7589569091797,1.6862127898749195,10.0,0.7094692627992947,16,2024-09-15 15:00:00+00:00,16,6,2,0,0,0
031601110413,1,47.115108489990234,1.078500052414502,2.0,0.5178549581645723,2,2022-03-23 02:00:00+00:00,2,0,0,0,0,0
031601110413,3,84.6399917602539,1.39434412384936,5.0,0.6607032898967179,7,2022-03-23 03:00:00+00:00,7,2,0,0,0,0
031601110413,6,136.40280151367188,1.865885024143276,25.0,0.8642116355252293,10,2022-03-23 04:00:00+00:00,10,3,2,1,0,0
031601110413,24,184.49696350097656,1.7697617924029294,25.0,0.760170634984584,14,2022-03-23 10:00:00+00:00,14,4,2,1,0,0
031601110413,72,216.32296752929688,1.6356604984334708,10.0,0.6879483858382206,14,2024-09-15 15:00:00+00:00,14,6,1,0,0,0
031601120101,1,48.30945587158203,1.1098172067697287,2.0,0.5308070244270366,1,2012-07-31 08:00:00+00:00,1,0,0,0,0,0
031601120101,3,83.13589477539062,1.3793321816931943,5.0,0.6460047079515207,7,2022-06-08 10:00:00+00:00,7,3,0,0,0,0
031601120101,6,139.3305206298828,1.9217359804252316,25.0,0.8787143380025331,12,2022-06-08 12:00:00+00:00,12,6,1,1,0,0
031601120101,24,205.2016143798828,1.9736189210698158,25.0,0.843463761357272,12,2022-06-09 03:00:00+00:00,12,4,1,1,0,0
031601120101,72,230.16339111328125,1.7250254841146513,10.0,0.7212512848493468,18,2024-09-15 10:00:00+00:00,18,5,2,0,0,0
031601120102,1,60.40267562866211,1.3740649251845698,5.0,0.6646153088927977,1,2012-07-31 08:00:00+00:00,1,1,0,0,0,0
031601120102,3,87.39794921875,1.4356182110132059,10.0,0.6748677724388784,6,2025-04-06 14:00:00+00:00,6,3,1,0,0,0
031601120102,6,118.01449584960938,1.6148589016185848,10.0,0.7341982824272907,11,2021-05-04 23:00:00+00:00,11,6,2,0,0,0
031601120102,24,172.21563720703125,1.6543305224852127,10.0,0.696971749329016,11,2020-02-11 13:00:00+00:00,11,4,1,0,0,0
031601120102,72,249.16757202148438,1.8618252726455868,25.0,0.7722317782314461,15,2024-09-15 15:00:00+00:00,15,5,1,1,0,0
031601120103,1,50.33099365234375,1.1520658210858488,2.0,0.5525423014713925,2,2020-04-13 03:00:00+00:00,2,0,0,0,0,0
031601120103,3,80.1129150390625,1.3231248844137053,5.0,0.6218426090825555,5,2020-04-13 04:00:00+00:00,5,1,0,0,0,0
031601120103,6,134.4442138671875,1.8483454099138752,25.0,0.8470831990231178,7,2020-04-13 04:00:00+00:00,7,4,1,1,0,0
031601120103,24,195.47415161132812,1.8833555870427856,25.0,0.8016592719952753,14,2018-12-28 13:00:00+00:00,14,4,1,1,0,0
031601120103,72,234.4213104248047,1.7662244516018044,10.0,0.7345220256195871,17,2024-09-15 15:00:00+00:00,17,6,2,0,0,0
031601120104,1,53.5308837890625,1.2166230252146697,5.0,0.5909192279909046,1,2012-07-31 08:00:00+00:00,1,1,0,0,0,0
031601120104,3,76.16908264160156,1.2494394394555004,5.0,0.5915857121997717,7,2020-04-13 04:00:00+00:00,7,1,0,0,0,0
031601120104,6,128.54632568359375,1.7572989946215525,25.0,0.80464747450629,8,2018-09-26 20:00:00+00:00,8,5,1,1,0,0
031601120104,24,184.63421630859375,1.7748677667138777,25.0,0.7484084939391836,13,2020-02-11 13:00:00+00:00,13,4,1,1,0,0
031601120104,72,236.7156219482422,1.774866924970162,10.0,0.7353999406539838,14,2024-09-15 15:00:00+00:00,14,6,1,0,0,0
031601120105,3,86.29833984375,1.4105108470932683,10.0,0.6759765593331385,4,2022-03-23 03:00:00+00:00,4,1,1,0,0,0
031601120105,6,126.14105987548828,1.7176270558116713,25.0,0.7930784443043069,6,2022-03-23 04:00:00+00:00,6,3,2,1,0,0
031601120105,24,171.14202880859375,1.6419431658106385,10.0,0.6911035483339988,12,2018-12-28 13:00:00+00:00,12,4,1,0,0,0
031601120105,72,206.7086639404297,1.5516652952109846,10.0,0.643574046799762,14,2017-06-24 10:00:00+00:00,14,6,1,0,0,0
031601120106,3,80.64018249511719,1.3238755540444682,5.0,0.6302298524563424,4,2022-03-23 03:00:00+00:00,4,2,0,0,0,0
031601120106,6,125.46023559570312,1.7134612606477473,25.0,0.792478282352793,5,2022-03-23 04:00:00+00:00,5,4,1,1,0,0
031601120106,24,173.26344299316406,1.664831542249313,10.0,0.7070011678348347,14,2018-12-28 13:00:00+00:00,14,4,1,0,0,0
031601120106,72,209.96343994140625,1.5840583729237365,10.0,0.6603824770019906,16,2024-09-15 15:00:00+00:00,16,8,1,0,0,0
031601120201,1,47.252227783203125,1.0777740333723438,2.0,0.5239494347567253,1,2017-06-30 13:00:00+00:00,1,0,0,0,0,0
031601120201,3,76.06163024902344,1.2377351185004386,5.0,0.6026937048859018,8,2025-04-06 11:00:00+00:00,8,1,0,0,0,0
031601120201,6,105.56510925292969,1.4209078713578391,10.0,0.6749442540836192,11,2025-04-06 14:00:00+00:00,11,3,1,0,0,0
031601120201,24,136.98521423339844,1.3008137200926988,5.0,0.5669139433616994,17,2020-04-13 06:00:00+00:00,17,3,0,0,0,0
031601120201,72,181.07957458496094,1.3597222866527023,5.0,0.5934185429486243,15,2024-09-15 15:00:00+00:00,15,4,0,0,0,0
031601120202,1,59.69091796875,1.3606068555082453,5.0,0.6645730025740529,2,2017-06-30 12:00:00+00:00,2,1,0,0,0,0
031601120202,3,97.22643280029297,1.5871844800511186,10.0,0.7709614975367312,7,2022-03-23 02:00:00+00:00,7,3,1,0,0,0
031601120202,6,117.19625091552734,1.5859264148723176,10.0,0.7475248847583803,9,2022-03-23 04:00:00+00:00,9,7,1,0,0,0
031601120202,24,164.48220825195312,1.5688050845611776,10.0,0.6732403742402412,18,2019-10-26 08:00:00+00:00,18,6,2,0,0,0
031601120202,72,200.96607971191406,1.5145335686996468,10.0,0.6466912532943813,19,2024-09-15 15:00:00+00:00,19,9,1,0,0,0
031601120203,3,76.2702407836914,1.2479491597484873,5.0,0.6008405889274979,6,2022-03-23 02:00:00+00:00,6,2,0,0,0,0
031601120203,6,119.17072296142578,1.618974497220342,10.0,0.7562712326707155,9,2022-03-23 04:00:00+00:00,9,4,1,0,0,0
031601120203,24,162.48204040527344,1.5539237543844098,10.0,0.6627700668143678,15,2018-12-28 13:00:00+00:00,15,6,1,0,0,0
031601120203,72,194.7554168701172,1.4683001382946812,10.0,0.6188808329636263,17,2024-09-15 15:00:00+00:00,17,8,2,0,0,0
031601120301,1,62.761253356933594,1.4312807862748533,10.0,0.7039176586746093,2,2017-06-30 12:00:00+00:00,2,1,1,0,0,0
031601120301,3,102.36221313476562,1.6700351793727726,25.0,0.8165120771140172,9,2022-03-23 02:00:00+00:00,9,2,1,1,0,0
031601120301,6,112.32715606689453,1.5191769247015967,10.0,0.718204537466951,11,2022-03-23 04:00:00+00:00,11,5,2,0,0,0
031601120301,24,158.74481201171875,1.5157427455103056,10.0,0.6502894702357869,16,2019-10-26 08:00:00+00:00,16,4,2,0,0,0
031601120301,72,207.81480407714844,1.5693217684624257,10.0,0.6739527985417025,17,2024-09-15 11:00:00+00:00,17,6,1,0,0,0
031601120302,3,91.15530395507812,1.4844063786950368,10.0,0.7161019372217681,8,2025-04-06 14:00:00+00:00,8,2,1,0,0,0
031601120302,6,125.7524185180664,1.706939242975236,25.0,0.7858084084843184,12,2025-04-06 16:00:00+00:00,12,4,3,1,0,0
031601120302,24,170.21185302734375,1.6264806106363934,10.0,0.6814761617307842,15,2020-02-11 13:00:00+00:00,15,5,1,0,0,0
031601120302,72,231.7919464111328,1.7273314351784124,10.0,0.7176885365460116,13,2021-06-22 09:00:00+00:00,13,6,3,0,0,0
031601120303,3,84.72566986083984,1.3812491924011752,5.0,0.671347843653752,4,2022-03-23 03:00:00+00:00,4,2,0,0,0,0
031601120303,6,122.74005126953125,1.6659984458658823,10.0,0.7740564353323054,5,2022-03-23 04:00:00+00:00,5,3,2,0,0,0
031601120303,24,152.23187255859375,1.455888426448666,10.0,0.6115671324425777,15,2020-02-11 13:00:00+00:00,15,5,1,0,0,0
031601120303,72,201.7688751220703,1.5134912959946492,10.0,0.631497437432429,14,2020-02-13 12:00:00+00:00,14,7,2,0,0,0
031601120304,3,87.42684936523438,1.4291522841568678,10.0,0.698145468149677,3,2022-03-23 02:00:00+00:00,3,3,1,0,0,0
031601120304,6,108.9750747680664,1.4811678729375382,10.0,0.6927926528595901,7,2022-03-23 04:00:00+00:00,7,4,2,0,0,0
031601120304,24,162.55657958984375,1.558190932994182,10.0,0.6570910553762662,15,2021-06-20 11:00:00+00:00,15,5,2,0,0,0
031601120304,72,211.4217071533203,1.5981826211808816,10.0,0.6723171813643664,17,2024-09-15 11:00:00+00:00,17,7,1,0,0,0
031601120305,1,44.17253875732422,1.0018453603897104,2.0,0.5037051026953226,1,2020-02-10 18:00:00+00:00,1,0,0,0,0,0
031601120305,3,106.1793212890625,1.7355869676547033,25.0,0.849662441639674,6,2025-04-06 13:00:00+00:00,6,4,1,1,0,0
031601120305,6,147.7025146484375,2.008998136357554,50.0,0.9364845474624943,11,2025-04-06 15:00:00+00:00,11,4,2,1,1,0
031601120305,24,164.2091827392578,1.5726431509331886,10.0,0.6607076477407412,15,2021-06-20 11:00:00+00:00,15,5,4,0,0,0
031601120305,72,204.71363830566406,1.5433874116283746,10.0,0.6482461193334779,15,2021-06-22 11:00:00+00:00,15,9,2,0,0,0
031601120306,3,81.11995697021484,1.3289037828328643,5.0,0.6502893080357729,4,2025-04-06 13:00:00+00:00,4,3,0,0,0,0
031601120306,6,113.09046936035156,1.5395954153680103,10.0,0.7209450132649893,6,2022-03-23 04:00:00+00:00,6,3,2,0,0,0
031601120306,24,165.37379455566406,1.5864154046620618,10.0,0.6708841530021056,14,2021-06-20 11:00:00+00:00,14,4,2,0,0,0
031601120306,72,213.4259033203125,1.6173449001166111,10.0,0.6848610211916689,17,2024-09-15 11:00:00+00:00,17,5,1,0,0,0
031601120401,3,82.45777130126953,1.3416146276846599,5.0,0.6476109492198311,3,2025-04-06 10:00:00+00:00,3,1,0,0,0,0
031601120401,6,107.17667388916016,1.4367564050125858,10.0,0.6842558198327379,9,2025-04-06 13:00:00+00:00,9,2,1,0,0,0
031601120401,24,159.96841430664062,1.5135448783485612,10.0,0.6780296896828824,14,2025-04-07 06:00:00+00:00,14,3,1,0,0,0
031601120401,72,176.1719512939453,1.310008648219655,5.0,0.5995145039991261,16,2024-09-15 15:00:00+00:00,16,4,0,0,0,0
031601120402,3,78.8515396118164,1.2808740646038557,5.0,0.6190786380352628,4,2025-04-06 10:00:00+00:00,4,1,0,0,0,0
031601120402,6,103.91725158691406,1.3899702523488677,5.0,0.664332620868268,10,2025-04-06 13:00:00+00:00,10,2,0,0,0,0
031601120402,24,142.82815551757812,1.3457290642683606,5.0,0.607039972380078,13,2025-04-07 06:00:00+00:00,13,2,0,0,0,0
031601120402,72,170.15362548828125,1.2621545880131857,5.0,0.5788395937998904,13,2024-09-15 16:00:00+00:00,13,2,0,0,0,0
031601120403,1,47.182769775390625,1.0791063195580775,2.0,0.5217763791534361,2,2024-03-01 15:00:00+00:00,2,0,0,0,0,0
031601120403,3,74.98360443115234,1.2183939018841188,5.0,0.5934499884298856,3,2024-03-01 15:00:00+00:00,3,1,0,0,0,0
031601120403,6,124.14486694335938,1.6653032882925327,25.0,0.7947998480554141,10,2025-04-06 13:00:00+00:00,10,2,1,1,0,0
031601120403,24,159.111328125,1.5090838828798168,10.0,0.6676022761754772,11,2020-04-13 06:00:00+00:00,11,2,1,0,0,0
031601120403,72,173.04019165039062,1.295463325303864,5.0,0.5816130676277768,14,2024-09-15 15:00:00+00:00,14,3,0,0,0,0
031601120404,3,75.66331481933594,1.2287852006891282,5.0,0.6001707506559965,2,2022-02-18 01:00:00+00:00,2,1,0,0,0,0
031601120404,6,121.2589111328125,1.6273820738376947,10.0,0.7764433838260065,8,2025-04-06 13:00:00+00:00,8,1,1,0,0,0
031601120404,24,139.3107452392578,1.322187791214873,5.0,0.5809133110968392,13,2020-04-13 06:00:00+00:00,13,4,0,0,0,0
031601120404,72,177.60243225097656,1.3325843575245435,5.0,0.5914523259736783,13,2024-09-15 15:00:00+00:00,13,3,0,0,0,0
031601120405,3,73.96366119384766,1.2053824869809993,2.0,0.5883912273268599,3,2022-02-18 00:00:00+00:00,3,0,0,0,0,0
031601120405,6,106.30615997314453,1.4314493259522023,10.0,0.6811779254169908,9,2025-04-06 13:00:00+00:00,9,3,1,0,0,0
031601120405,24,162.61605834960938,1.5481641808035573,10.0,0.6786511024199762,13,2020-04-13 06:00:00+00:00,13,3,1,0,0,0
031601120405,72,196.45278930664062,1.478107149371249,10.0,0.65810086974266,12,2024-09-15 15:00:00+00:00,12,4,1,0,0,0
031601120406,1,43.99217224121094,1.0035819406457727,2.0,0.4900959296043161,1,2009-08-20 22:00:00+00:00,1,0,0,0,0,0
031601120406,3,78.87956237792969,1.2823641654659774,5.0,0.6275198711352816,5,2022-02-18 01:00:00+00:00,5,1,0,0,0,0
031601120406,6,95.66831970214844,1.2867048663800205,5.0,0.6125868116137942,10,2022-03-23 04:00:00+00:00,10,1,0,0,0,0
031601120406,24,142.10696411132812,1.3516388195756723,5.0,0.5887098555989261,15,2020-04-13 06:00:00+00:00,15,2,0,0,0,0
031601120406,72,189.1580810546875,1.4235923775172272,5.0,0.6246486426272242,12,2024-09-15 15:00:00+00:00,12,5,0,0,0,0
031601120407,1,49.352394104003906,1.1276438935974786,2.0,0.5535056179060382,2,2020-04-12 22:00:00+00:00,2,0,0,0,0,0
031601120407,3,78.87890625,1.2867922108070482,5.0,0.6299080532509606,7,2022-02-18 01:00:00+00:00,7,1,0,0,0,0
031601120407,6,93.09356689453125,1.2573875182159138,5.0,0.5964109966891479,10,2022-03-23 04:00:00+00:00,10,4,0,0,0,0
031601120407,24,162.6340789794922,1.5514552557179095,10.0,0.6709786255596715,12,2019-10-26 08:00:00+00:00,12,4,1,0,0,0
031601120407,72,214.27804565429688,1.6185650817210244,10.0,0.7045775579436437,13,2024-09-15 11:00:00+00:00,13,5,1,0,0,0
031601120408,1,44.76880645751953,1.0247511365107707,2.0,0.5017888890037772,1,2020-04-12 22:00:00+00:00,1,0,0,0,0,0
031601120408,3,68.29779052734375,1.1150433926901642,2.0,0.5453186445093173,4,2022-02-18 01:00:00+00:00,4,0,0,0,0,0
031601120408,6,96.41574096679688,1.3021426381780026,5.0,0.6181421105184308,8,2022-03-23 04:00:00+00:00,8,2,0,0,0,0
031601120408,24,161.9041290283203,1.544132256341808,10.0,0.6712496313992737,12,2019-10-26 08:00:00+00:00,12,4,1,0,0,0
031601120408,72,214.19744873046875,1.6177074491860046,10.0,0.710359295704011,14,2019-10-26 20:00:00+00:00,14,4,1,0,0,0
031601120409,1,44.49827575683594,1.022024994564735,2.0,0.500031512299586,1,2020-04-12 22:00:00+00:00,1,0,0,0,0,0
031601120409,3,74.41924285888672,1.2196904718386832,5.0,0.5947343677428633,3,2022-02-18 01:00:00+00:00,3,1,0,0,0,0
031601120409,6,100.10797119140625,1.3562997284649616,5.0,0.6419381904386362,10,2022-03-23 04:00:00+00:00,10,3,0,0,0,0
031601120409,24,171.21334838867188,1.634699515944815,10.0,0.7116128138911717,13,2019-10-26 08:00:00+00:00,13,4,2,0,0,0
031601120409,72,223.35287475585938,1.6892326612677757,10.0,0.7444126665721057,13,2024-09-15 11:00:00+00:00,13,3,1,0,0,0
031601120410,1,58.54533386230469,1.348380489335147,5.0,0.6611226480382347,1,2020-04-12 22:00:00+00:00,1,1,0,0,0,0
031601120410,3,76.78717041015625,1.264258993921228,5.0,0.6145110600619926,5,2020-04-13 00:00:00+00:00,5,1,0,0,0,0
031601120410,6,103.1547622680664,1.4039830722676632,5.0,0.661045695529442,9,2022-03-23 04:00:00+00:00,9,2,0,0,0,0
031601120410,24,184.58761596679688,1.7651937019627968,25.0,0.7664772570488598,13,2020-04-20 08:00:00+00:00,13,5,1,1,0,0
031601120410,72,237.36558532714844,1.8004897577682342,25.0,0.7907991728373988,12,2019-10-26 20:00:00+00:00,12,3,1,1,0,0
031601120411,1,47.31154251098633,1.0845254972427205,2.0,0.5348937683006363,2,2020-04-12 22:00:00+00:00,2,0,0,0,0,0
031601120411,3,85.50587463378906,1.4026798468981683,10.0,0.6851442839703206,8,2022-03-23 02:00:00+00:00,8,2,1,0,0,0
031601120411,6,97.80280303955078,1.3290182637939765,5.0,0.6266701187398652,10,2022-03-23 04:00:00+00:00,10,4,0,0,0,0
031601120411,24,179.9573211669922,1.7225347290900115,10.0,0.7412059401960347,14,2020-04-13 06:00:00+00:00,14,4,2,0,0,0
031601120411,72,233.26248168945312,1.770115128696641,25.0,0.7666262137288065,16,2019-10-26 21:00:00+00:00,16,3,1,1,0,0
031601120412,1,48.810848236083984,1.1264274182470457,2.0,0.5576301754176874,2,2017-06-30 11:00:00+00:00,2,0,0,0,0,0
031601120412,3,82.303955078125,1.3632064857070858,5.0,0.6611550759521971,9,2022-03-23 01:00:00+00:00,9,3,0,0,0,0
031601120412,6,109.67231750488281,1.5039820652107525,10.0,0.7023458426163728,11,2022-03-23 04:00:00+00:00,11,2,1,0,0,0
031601120412,24,189.05447387695312,1.815406577562086,25.0,0.7821232181456126,13,2020-04-20 08:00:00+00:00,13,5,1,1,0,0
031601120412,72,238.14404296875,1.8201364962690714,25.0,0.7902164545947049,15,2021-06-12 23:00:00+00:00,15,5,1,1,0,0
031601120413,1,45.332763671875,1.0416496548928202,2.0,0.5175535023955838,1,2009-08-20 23:00:00+00:00,1,0,0,0,0,0
031601120413,3,83.39558410644531,1.3752186671552247,5.0,0.6704264873569361,7,2022-03-23 02:00:00+00:00,7,3,0,0,0,0
031601120413,6,110.65479278564453,1.5128545899148251,10.0,0.7085709142970851,11,2022-03-23 04:00:00+00:00,11,1,1,0,0,0
031601120413,24,184.5321044921875,1.7722655177896582,25.0,0.758991932351354,12,2021-06-20 11:00:00+00:00,12,5,1,1,0,0
031601120413,72,232.90345764160156,1.7768288999930313,25.0,0.7664640651781361,16,2021-06-22 11:00:00+00:00,16,5,1,1,0,0
031601120501,3,80.9688949584961,1.3294443564347682,5.0,0.650609651069011,8,2022-03-23 02:00:00+00:00,8,2,0,0,0,0
031601120501,6,103.78936004638672,1.4148723713375442,10.0,0.663607311195451,10,2022-03-23 04:00:00+00:00,10,4,1,0,0,0
031601120501,24,176.26153564453125,1.6923646175562894,10.0,0.719369517801824,14,2021-06-20 11:00:00+00:00,14,5,2,0,0,0
031601120501,72,224.33567810058594,1.7062299152381724,10.0,0.7286471146552039,17,2021-06-22 11:00:00+00:00,17,5,1,0,0,0
031601120502,1,48.41835403442383,1.0939284225605033,2.0,0.5559381574978728,2,2020-11-11 12:00:00+00:00,2,0,0,0,0,0
031601120502,3,96.7533950805664,1.5803378401288382,10.0,0.776495413223174,8,2025-04-06 14:00:00+00:00,8,5,1,0,0,0
031601120502,6,126.69976043701172,1.722926100122389,25.0,0.8009780066560231,13,2025-04-06 16:00:00+00:00,13,6,3,1,0,0
031601120502,24,163.1844024658203,1.5573364546757336,10.0,0.6535511617893858,16,2020-04-20 08:00:00+00:00,16,7,2,0,0,0
031601120502,72,217.4367218017578,1.6255293277521492,10.0,0.6847053883050257,14,2020-02-13 12:00:00+00:00,14,7,3,0,0,0
031601120503,1,45.51651382446289,1.0407288900444136,2.0,0.5284488285583421,2,2025-04-06 12:00:00+00:00,2,0,0,0,0,0
031601120503,3,104.27509307861328,1.7203942913793204,25.0,0.8463156177807762,8,2025-04-06 13:00:00+00:00,8,3,1,1,0,0
031601120503,6,144.55184936523438,1.982099441839877,50.0,0.9251688299461783,12,2025-04-06 16:00:00+00:00,12,3,2,1,1,0
031601120503,24,167.56814575195312,1.6109447259578862,10.0,0.682600537414426,13,2021-06-20 11:00:00+00:00,13,6,3,0,0,0
031601120503,72,213.92620849609375,1.6271445692466349,10.0,0.6994500463455356,13,2021-06-22 11:00:00+00:00,13,8,2,0,0,0
031601120504,1,51.11979675292969,1.1648989720497858,2.0,0.5904130265467836,2,2010-07-27 03:00:00+00:00,2,0,0,0,0,0
031601120504,3,104.65369415283203,1.7208720811407736,25.0,0.8459401030307084,8,2025-04-06 13:00:00+00:00,8,4,1,1,0,0
031601120504,6,147.6953582763672,2.0196673397853893,50.0,0.9420036688540651,13,2025-04-06 16:00:00+00:00,13,3,2,1,1,0
031601120504,24,163.59178161621094,1.5704553440977833,10.0,0.6622521912971333,13,2021-06-20 11:00:00+00:00,13,5,4,0,0,0
031601120504,72,208.24562072753906,1.5770168833349416,10.0,0.6709677968726906,11,2021-06-22 11:00:00+00:00,11,8,3,0,0,0
031601120505,1,50.84284591674805,1.169022246013049,2.0,0.5857148219678363,2,2021-09-18 18:00:00+00:00,2,0,0,0,0,0
031601120505,3,110.6519775390625,1.8302349271464087,25.0,0.8929347025977584,8,2025-04-06 13:00:00+00:00,8,4,1,1,0,0
031601120505,6,141.08917236328125,1.9364228128376533,50.0,0.9035681305325228,10,2025-04-06 15:00:00+00:00,10,3,2,1,1,0
031601120505,24,190.11082458496094,1.8295021140575582,25.0,0.781741145003511,12,2021-06-20 11:00:00+00:00,12,8,2,2,0,0
031601120505,72,235.7357940673828,1.8039812197873295,25.0,0.7783747609705065,14,2021-06-22 11:00:00+00:00,14,7,2,1,0,0
031601130101,3,105.47579956054688,1.734410424520329,25.0,0.8575990752903506,7,2025-04-06 14:00:00+00:00,7,4,1,1,0,0
031601130101,6,131.5366668701172,1.7984172883689333,25.0,0.8398743122696398,11,2025-11-25 16:00:00+00:00,11,5,1,1,0,0
031601130101,24,153.48336791992188,1.4689444494291108,10.0,0.6204131011300257,16,2020-04-20 08:00:00+00:00,16,6,2,0,0,0
031601130101,72,230.60540771484375,1.736844322527063,10.0,0.7454890064388416,14,2020-02-13 12:00:00+00:00,14,5,2,0,0,0
031601130102,1,62.358787536621094,1.41352513997774,10.0,0.7288252962127931,1,2009-09-21 04:00:00+00:00,1,1,1,0,0,0
031601130102,3,109.35408782958984,1.794670709144782,25.0,0.8937511787987196,8,2025-04-06 14:00:00+00:00,8,4,2,1,0,0
031601130102,6,132.48443603515625,1.8069272780482295,25.0,0.8471218055256677,12,2025-11-25 16:00:00+00:00,12,6,2,1,0,0
031601130102,24,218.67926025390625,2.082789435704288,50.0,0.8828798788833662,18,2020-04-20 08:00:00+00:00,18,5,2,1,1,0
031601130102,72,256.9061279296875,1.922049705282266,25.0,0.8345350786168751,13,2020-02-13 12:00:00+00:00,13,7,2,1,0,0
031601130103,1,53.965187072753906,1.2229184622471914,5.0,0.6304090569326891,1,2009-09-21 04:00:00+00:00,1,1,0,0,0,0
031601130103,3,112.52650451660156,1.8450231810528739,50.0,0.9190449833104839,6,2025-04-06 14:00:00+00:00,6,2,1,1,1,0
031601130103,6,145.2293243408203,1.9781267832535883,50.0,0.9290708857191136,9,2025-04-06 16:00:00+00:00,9,4,1,1,1,0
031601130103,24,209.9832305908203,1.9982742346666074,25.0,0.8519447224274288,18,2020-04-20 08:00:00+00:00,18,3,1,1,0,0
031601130103,72,252.4175567626953,1.8951384499590644,25.0,0.830630795233058,12,2020-03-05 12:00:00+00:00,12,6,2,2,0,0
031601130104,3,90.59651947021484,1.4884725831641552,10.0,0.737041412877498,5,2025-04-06 14:00:00+00:00,5,2,1,0,0,0
031601130104,6,115.2204360961914,1.5734167132238845,10.0,0.7357048441442093,11,2025-11-25 16:00:00+00:00,11,5,1,0,0,0
031601130104,24,184.40806579589844,1.761397784234517,10.0,0.7466379602117791,18,2020-04-20 08:00:00+00:00,18,6,1,0,0,0
031601130104,72,244.6652069091797,1.8403519251243972,25.0,0.7949658630282445,13,2020-02-13 12:00:00+00:00,13,5,3,1,0,0
031601130105,1,52.08369827270508,1.1878901772111647,2.0,0.6051401386155556,1,2009-09-21 14:00:00+00:00,1,0,0,0,0,0
031601130105,3,88.16905212402344,1.4496692406960923,10.0,0.7141660768496393,7,2025-04-06 13:00:00+00:00,7,3,1,0,0,0
031601130105,6,115.8987808227539,1.5814470707505246,10.0,0.7408854268502965,10,2025-11-25 16:00:00+00:00,10,4,2,0,0,0
031601130105,24,173.10850524902344,1.6545822476939476,10.0,0.7118342791611909,17,2020-04-20 08:00:00+00:00,17,6,3,0,0,0
031601130105,72,237.91798400878906,1.8099218943921331,25.0,0.7929767809709247,18,2020-02-13 11:00:00+00:00,18,6,3,1,0,0
031601130201,1,55.71089172363281,1.2866017507142553,5.0,0.639580816745981,2,2009-08-20 23:00:00+00:00,2,1,0,0,0,0
031601130201,3,78.87887573242188,1.3091465425241358,5.0,0.6346290083660171,10,2025-04-06 13:00:00+00:00,10,2,0,0,0,0
031601130201,6,105.41045379638672,1.449102621407675,10.0,0.6750293047765079,10,2025-04-06 15:00:00+00:00,10,2,1,0,0,0
031601130201,24,189.2778778076172,1.819622951223685,25.0,0.7837334674467352,12,2021-06-20 11:00:00+00:00,12,6,1,1,0,0
031601130201,72,235.7859649658203,1.8067096011873458,25.0,0.7844343579929063,17,2021-06-22 11:00:00+00:00,17,6,2,1,0,0
031601130202,1,50.99687576293945,1.1788959172363358,2.0,0.5853174211254187,1,2005-05-20 23:00:00+00:00,1,0,0,0,0,0
031601130202,3,74.24620056152344,1.2336829005375627,5.0,0.5964773514089292,5,2025-04-06 13:00:00+00:00,5,1,0,0,0,0
031601130202,6,104.72535705566406,1.4400849635719266,10.0,0.6698180330429806,10,2025-04-06 15:00:00+00:00,10,1,1,0,0,0
031601130202,24,190.15953063964844,1.82503827321407,25.0,0.7890321632856838,14,2021-06-20 11:00:00+00:00,14,5,1,1,0,0
031601130202,72,238.8520050048828,1.8292206298541855,25.0,0.7963601755029385,15,2021-06-22 11:00:00+00:00,15,6,1,1,0,0
031601130203,1,45.363372802734375,1.042118614617293,2.0,0.5253617150642971,1,2005-05-20 23:00:00+00:00,1,0,0,0,0,0
031601130203,3,95.84273529052734,1.585961239860006,10.0,0.7751467088044417,7,2025-04-06 13:00:00+00:00,7,4,1,0,0,0
031601130203,6,118.32217407226562,1.6246502806698613,10.0,0.7577106903093151,8,2025-04-06 15:00:00+00:00,8,5,3,0,0,0
031601130203,24,188.90921020507812,1.815936298064587,25.0,0.7781545609800756,13,2021-06-20 11:00:00+00:00,13,9,4,1,0,0
031601130203,72,232.3495330810547,1.7779556920495745,25.0,0.7717463368469647,17,2021-06-22 11:00:00+00:00,17,8,2,1,0,0
031601130204,1,48.35264587402344,1.11364354709477,2.0,0.5579667458761713,3,2021-06-20 00:00:00+00:00,3,0,0,0,0,0
031601130204,3,95.34847259521484,1.5803155545554266,10.0,0.7674893854920799,9,2025-04-06 13:00:00+00:00,9,2,1,0,0,0
031601130204,6,121.13897705078125,1.6629982197129625,10.0,0.7744996688231914,8,2025-04-06 15:00:00+00:00,8,3,2,0,0,0
031601130204,24,183.60450744628906,1.7604337083684245,25.0,0.761942581579845,13,2021-06-20 08:00:00+00:00,13,7,4,1,0,0
031601130204,72,227.2705078125,1.7407171899120346,10.0,0.7592765363404438,18,2021-06-22 11:00:00+00:00,18,7,3,0,0,0
031601130205,1,44.62264633178711,1.0212469396652766,2.0,0.5179907276582556,1,2005-07-11 05:00:00+00:00,1,0,0,0,0,0
031601130205,3,94.68629455566406,1.5618356126412716,10.0,0.7665883026757256,7,2025-04-06 13:00:00+00:00,7,2,1,0,0,0
031601130205,6,123.52729797363281,1.6909789948581369,25.0,0.7902617716774563,12,2025-11-25 16:00:00+00:00,12,3,1,1,0,0
031601130205,24,171.22129821777344,1.6411051845862255,10.0,0.704494128263697,14,2021-06-20 08:00:00+00:00,14,7,2,0,0,0
031601130205,72,228.99295043945312,1.7469823482179108,25.0,0.7618184820309545,17,2020-02-13 11:00:00+00:00,17,6,2,1,0,0
031601130301,1,54.841270446777344,1.2432661785775074,5.0,0.6364433542662008,2,2017-06-24 07:00:00+00:00,2,1,0,0,0,0
031601130301,3,79.24549102783203,1.293340227666303,5.0,0.6404117946752563,7,2025-04-06 14:00:00+00:00,7,1,0,0,0,0
031601130301,6,97.77349853515625,1.3244045190051215,5.0,0.6240326745331322,12,2025-04-06 16:00:00+00:00,12,4,0,0,0,0
031601130301,24,159.3450164794922,1.5176352551252086,10.0,0.6579576719228587,15,2020-02-11 14:00:00+00:00,15,4,2,0,0,0
031601130301,72,216.44369506835938,1.6423554566554022,10.0,0.7238518907491186,15,2020-03-05 10:00:00+00:00,15,6,3,0,0,0
031601130302,3,73.30783081054688,1.199494898656334,2.0,0.5941861164230338,4,2025-04-06 14:00:00+00:00,4,0,0,0,0,0
031601130302,6,96.68460845947266,1.3132058203348083,5.0,0.6174879801839915,9,2025-04-06 16:00:00+00:00,9,3,0,0,0,0
031601130302,24,177.7680206298828,1.6930880937644897,10.0,0.7300133023508938,16,2020-04-20 08:00:00+00:00,16,3,2,0,0,0
031601130302,72,224.3562469482422,1.6984023874750682,10.0,0.7475531444467224,13,2020-03-05 10:00:00+00:00,13,5,3,0,0,0
031601130401,1,47.16692352294922,1.0643716721751721,2.0,0.5489357067032954,1,2009-07-29 09:00:00+00:00,1,0,0,0,0,0
031601130401,3,93.97941589355469,1.5325819466595183,10.0,0.7628529065878583,3,2009-09-21 07:00:00+00:00,3,1,1,0,0,0
031601130401,6,121.4459228515625,1.6454977762634926,10.0,0.7742539835334626,7,2020-02-11 00:00:00+00:00,7,1,1,0,0,0
031601130401,24,174.05230712890625,1.652410886222254,10.0,0.7112505372078343,11,2020-04-20 08:00:00+00:00,11,1,1,0,0,0
031601130401,72,259.3143310546875,1.9485149501533312,25.0,0.8624518434735245,14,2020-02-13 12:00:00+00:00,14,4,2,1,0,0
031601130402,1,55.207881927490234,1.2448064207490175,5.0,0.6399367965865388,1,2019-10-26 04:00:00+00:00,1,1,0,0,0,0
031601130402,3,84.6876220703125,1.3716839004443213,5.0,0.682225338324611,2,2019-10-26 04:00:00+00:00,2,2,0,0,0,0
031601130402,6,118.02009582519531,1.5878886624694089,10.0,0.7525698558465609,5,2020-02-11 00:00:00+00:00,5,2,2,0,0,0
031601130402,24,150.10765075683594,1.4289448084591012,5.0,0.624817443976043,13,2020-02-11 06:00:00+00:00,13,3,0,0,0,0
031601130402,72,210.2511444091797,1.5945424407874687,10.0,0.7065771068030342,15,2020-03-05 10:00:00+00:00,15,6,1,0,0,0
031601130501,3,88.55833435058594,1.447125922952796,10.0,0.7172739454795046,7,2025-03-16 02:00:00+00:00,7,1,1,0,0,0
031601130501,6,97.36439514160156,1.3224935258049617,5.0,0.6192684225336181,9,2025-05-03 05:00:00+00:00,9,3,0,0,0,0
031601130501,24,150.87062072753906,1.4311866907313897,5.0,0.6171132209368111,17,2025-05-03 22:00:00+00:00,17,2,0,0,0,0
031601130501,72,228.85902404785156,1.714929864437738,10.0,0.7632789887873187,16,2018-05-31 05:00:00+00:00,16,4,3,0,0,0
031601130502,1,49.3372688293457,1.1123335070192606,2.0,0.5731383631268876,3,2021-06-06 21:00:00+00:00,3,0,0,0,0,0
031601130502,3,96.2513656616211,1.5678669203477849,10.0,0.7781632017691039,9,2021-06-06 23:00:00+00:00,9,2,1,0,0,0
031601130502,6,120.80743408203125,1.6356851502804406,10.0,0.7685664160181527,8,2025-05-03 04:00:00+00:00,8,2,1,0,0,0
031601130502,24,161.75978088378906,1.5366480588996438,10.0,0.6645064471380373,16,2025-05-03 22:00:00+00:00,16,3,1,0,0,0
031601130502,72,244.7152862548828,1.8400311465998649,25.0,0.8183675929882196,17,2020-03-05 10:00:00+00:00,17,5,3,1,0,0
031601130503,1,48.2275390625,1.0901596652767873,2.0,0.5592459909147587,2,2021-06-06 21:00:00+00:00,2,0,0,0,0,0
031601130503,3,116.27740478515625,1.901591694745633,50.0,0.936227076832074,7,2025-03-16 02:00:00+00:00,7,3,2,1,1,0
031601130503,6,155.17779541015625,2.1096185155085903,50.0,0.9858786000255886,10,2018-05-30 16:00:00+00:00,10,3,2,2,1,0
031601130503,24,189.43724060058594,1.8038818804233119,25.0,0.7841862210165983,14,2020-04-20 08:00:00+00:00,14,3,1,1,0,0
031601130503,72,234.3282012939453,1.7658079426426345,25.0,0.7892303517878975,14,2018-05-31 05:00:00+00:00,14,5,3,1,0,0
031601130504,1,51.64148712158203,1.1640238150915003,2.0,0.5996828243429645,2,2021-06-06 21:00:00+00:00,2,0,0,0,0,0
031601130504,3,88.60995483398438,1.4447421904124655,10.0,0.7160688863175302,8,2018-05-30 13:00:00+00:00,8,3,2,0,0,0
031601130504,6,114.90936279296875,1.5574316996631314,10.0,0.7303184822945183,8,2025-05-03 05:00:00+00:00,8,3,1,0,0,0
031601130504,24,151.79029846191406,1.4410120939049944,5.0,0.6228145928630914,17,2025-05-03 22:00:00+00:00,17,3,0,0,0,0
031601130504,72,240.4680633544922,1.8055259006120639,25.0,0.804013741921495,14,2020-03-05 17:00:00+00:00,14,5,2,1,0,0
031601130505,1,56.139408111572266,1.26667540965094,5.0,0.6508415707599856,1,2012-09-04 01:00:00+00:00,1,1,0,0,0,0
031601130505,3,84.15779876708984,1.36636446400797,5.0,0.6767760083126793,4,2018-05-30 15:00:00+00:00,4,2,0,0,0,0
031601130505,6,117.0135498046875,1.5794419502891002,10.0,0.745587976190071,5,2025-05-03 04:00:00+00:00,5,3,2,0,0,0
031601130505,24,136.8756866455078,1.3066626855600394,5.0,0.5725864609919836,15,2020-04-20 08:00:00+00:00,15,2,0,0,0,0
031601130505,72,213.5769500732422,1.6180593828506051,10.0,0.7222665369229936,13,2020-03-05 10:00:00+00:00,13,4,2,0,0,0
031601130506,1,50.06453323364258,1.1291613051317932,2.0,0.5810027532314747,1,2012-09-04 01:00:00+00:00,1,0,0,0,0,0
031601130506,3,103.91654968261719,1.6879928069876604,25.0,0.8376260224958694,2,2019-10-26 05:00:00+00:00,2,1,1,1,0,0
031601130506,6,132.48348999023438,1.7889014906367748,25.0,0.8438926142987264,5,2025-05-03 04:00:00+00:00,5,2,1,1,0,0
031601130506,24,161.05221557617188,1.534719316459547,10.0,0.6690582846792622,16,2020-04-20 08:00:00+00:00,16,1,1,0,0,0
031601130506,72,226.83131408691406,1.714595479826903,10.0,0.7635367975175745,14,2020-03-05 10:00:00+00:00,14,5,2,0,0,0
031601130507,1,55.22355651855469,1.2418179518716292,5.0,0.639301171391108,1,2019-10-26 04:00:00+00:00,1,1,0,0,0,0
031601130507,3,101.13778686523438,1.6301116664554602,25.0,0.812750473296413,2,2019-10-26 04:00:00+00:00,2,1,1,1,0,0
031601130507,6,120.78211212158203,1.6177798227297648,10.0,0.770945300436537,5,2025-06-08 15:00:00+00:00,5,1,1,0,0,0
031601130507,24,163.71041870117188,1.559566144623815,10.0,0.6878940566337258,14,2019-10-26 07:00:00+00:00,14,4,1,0,0,0
031601130507,72,191.99400329589844,1.458722608679362,10.0,0.6488939499222135,15,2020-03-05 10:00:00+00:00,15,5,1,0,0,0
031601130601,1,49.003177642822266,1.1237226337732558,2.0,0.5652163739949211,1,2019-10-26 04:00:00+00:00,1,0,0,0,0,0
031601130601,3,80.54541015625,1.3284035600843374,5.0,0.6470535862023098,6,2025-04-06 13:00:00+00:00,6,1,0,0,0,0
031601130601,6,105.34368133544922,1.4389725242156148,10.0,0.6722910563926677,9,2025-11-25 16:00:00+00:00,9,3,2,0,0,0
031601130601,24,175.0645751953125,1.672992441485283,10.0,0.7277968403726134,13,2021-06-20 07:00:00+00:00,13,7,2,0,0,0
031601130601,72,215.9473419189453,1.6506232538098364,10.0,0.722255727534682,16,2021-06-22 11:00:00+00:00,16,7,2,0,0,0
031601130602,1,50.71480941772461,1.155549877290337,2.0,0.5868736692557563,1,2019-10-26 04:00:00+00:00,1,0,0,0,0,0
031601130602,3,78.45209503173828,1.2857385934446617,5.0,0.6319196157891778,6,2025-04-06 13:00:00+00:00,6,2,0,0,0,0
031601130602,6,104.52015686035156,1.420447909033216,10.0,0.6670333492693511,12,2025-11-25 16:00:00+00:00,12,3,1,0,0,0
031601130602,24,167.55166625976562,1.5985852738474857,10.0,0.694758520984159,16,2020-04-20 08:00:00+00:00,16,5,4,0,0,0
031601130602,72,209.89378356933594,1.6002015069738127,10.0,0.702581446788958,16,2020-02-13 11:00:00+00:00,16,7,3,0,0,0
031601130603,3,69.89041900634766,1.1438283194986085,2.0,0.5599324516486232,7,2025-04-06 13:00:00+00:00,7,0,0,0,0,0
031601130603,6,96.33503723144531,1.3061901695378522,5.0,0.613867361742043,9,2025-04-06 15:00:00+00:00,9,1,0,0,0,0
031601130603,24,169.62503051757812,1.6162765335286264,10.0,0.7075533596582524,13,2020-04-20 08:00:00+00:00,13,5,1,0,0,0
031601130603,72,207.57496643066406,1.5843270008283936,10.0,0.6955986474158236,14,2020-02-13 11:00:00+00:00,14,5,1,0,0,0
031601130604,1,48.5477294921875,1.0984324100621385,2.0,0.5623840484261399,2,2019-10-26 04:00:00+00:00,2,0,0,0,0,0
031601130604,3,72.89920043945312,1.1853352967314075,2.0,0.5874307908129165,6,2020-02-10 21:00:00+00:00,6,0,0,0,0,0
031601130604,6,100.33624267578125,1.3540858004186016,5.0,0.6399635524222675,7,2020-02-10 23:00:00+00:00,7,4,0,0,0,0
031601130604,24,154.21261596679688,1.467961256992098,10.0,0.6401344100198781,14,2020-02-11 12:00:00+00:00,14,3,2,0,0,0
031601130604,72,209.30780029296875,1.5900529621483916,10.0,0.7016152678265277,16,2020-03-05 10:00:00+00:00,16,7,2,0,0,0
031601130605,3,71.5877914428711,1.1587310359592893,2.0,0.5736133676665995,3,2019-10-26 04:00:00+00:00,3,0,0,0,0,0
031601130605,6,103.31661987304688,1.387234327108388,5.0,0.658545826257934,6,2020-02-10 23:00:00+00:00,6,4,0,0,0,0
031601130605,24,159.75563049316406,1.5194496028189544,10.0,0.6691489250931875,13,2020-02-11 11:00:00+00:00,13,4,3,0,0,0
031601130605,72,197.44296264648438,1.5053496038222176,10.0,0.6642984577349162,16,2020-02-13 11:00:00+00:00,16,7,2,0,0,0
031601130606,1,51.46892547607422,1.15591084320556,2.0,0.5931504624470056,1,2012-09-04 21:00:00+00:00,1,0,0,0,0,0
031601130606,3,74.18547821044922,1.1902816818065596,2.0,0.5938100416346482,3,2022-03-23 02:00:00+00:00,3,0,0,0,0,0
031601130606,6,93.88404846191406,1.2505232482798359,5.0,0.5992869090395384,9,2025-06-08 15:00:00+00:00,9,1,0,0,0,0
031601130606,24,159.99490356445312,1.520557468408731,10.0,0.6753839696946816,14,2020-02-11 11:00:00+00:00,14,5,1,0,0,0
031601130606,72,196.01974487304688,1.4960505796168153,10.0,0.6645823510657739,16,2020-03-05 15:00:00+00:00,16,5,2,0,0,0
031601130607,1,54.625003814697266,1.2264807001990123,5.0,0.6310152493443605,2,2019-10-26 04:00:00+00:00,2,1,0,0,0,0
031601130607,3,97.698974609375,1.5686048036148301,10.0,0.7837192943539739,5,2025-06-08 15:00:00+00:00,5,1,1,0,0,0
031601130607,6,129.1661376953125,1.7224944894526764,25.0,0.8250924428217331,8,2025-06-08 15:00:00+00:00,8,2,1,1,0,0
031601130607,24,184.8428955078125,1.7580034569726384,25.0,0.779782359718144,13,2020-02-11 06:00:00+00:00,13,5,1,1,0,0
031601130607,72,194.4963836669922,1.4816551834814031,10.0,0.6582722285757666,18,2020-03-05 10:00:00+00:00,18,7,1,0,0,0
031601130701,1,44.42575454711914,1.0082627564699147,2.0,0.514557354216344,1,2018-05-30 14:00:00+00:00,1,0,0,0,0,0
031601130701,3,103.07755279541016,1.6897951708907186,25.0,0.8260293158281312,5,2025-03-16 02:00:00+00:00,5,1,1,1,0,0
031601130701,6,117.95987701416016,1.6077493663933138,10.0,0.7500613098815084,11,2025-03-16 03:00:00+00:00,11,3,1,0,0,0
031601130701,24,152.07969665527344,1.456537035299318,10.0,0.6386189277744349,12,2020-04-20 08:00:00+00:00,12,3,1,0,0,0
031601130701,72,253.0962371826172,1.918463525739681,25.0,0.8601282777347199,13,2021-06-08 23:00:00+00:00,13,2,2,1,0,0
031601130702,1,49.75563049316406,1.1325099292767236,2.0,0.5748305559629344,1,2021-06-06 21:00:00+00:00,1,0,0,0,0,0
031601130702,3,82.6806640625,1.3625754273798267,5.0,0.6589047920202443,7,2025-03-16 02:00:00+00:00,7,3,0,0,0,0
031601130702,6,104.32452392578125,1.4286460700794372,10.0,0.6605568484422637,8,2022-03-23 06:00:00+00:00,8,4,1,0,0,0
031601130702,24,163.51499938964844,1.564801069173176,10.0,0.6878260789598409,12,2018-05-30 17:00:00+00:00,12,2,1,0,0,0
031601130702,72,222.20843505859375,1.6838707464766332,10.0,0.7558575538577382,12,2021-06-08 23:00:00+00:00,12,4,1,0,0,0
031601130703,1,49.2459602355957,1.1177874517572695,2.0,0.5699916213808528,2,2025-03-16 01:00:00+00:00,2,0,0,0,0,0
031601130703,3,102.22647094726562,1.6790194860427932,25.0,0.8187545008094095,7,2025-03-16 02:00:00+00:00,7,2,1,1,0,0
031601130703,6,127.46273803710938,1.7401823715189555,25.0,0.8090233293148211,11,2025-03-16 03:00:00+00:00,11,4,1,1,0,0
031601130703,24,143.01487731933594,1.3671028116555135,5.0,0.5982925958700306,13,2023-09-02 12:00:00+00:00,13,4,0,0,0,0
031601130703,72,231.13818359375,1.748816633370582,25.0,0.7840518473683608,12,2021-06-09 00:00:00+00:00,12,3,2,1,0,0
031601130704,1,44.07801818847656,1.0009353381469615,2.0,0.506698852885726,1,2020-10-29 05:00:00+00:00,1,0,0,0,0,0
031601130704,3,84.92279815673828,1.3945779499728947,10.0,0.6700883698583036,7,2022-03-23 04:00:00+00:00,7,1,1,0,0,0
031601130704,6,111.34144592285156,1.518965412081655,10.0,0.7001108680964745,8,2022-03-23 06:00:00+00:00,8,3,1,0,0,0
031601130704,24,170.02366638183594,1.623355635869053,10.0,0.7171816291841485,10,2017-06-23 09:00:00+00:00,10,3,1,0,0,0
031601130704,72,238.22645568847656,1.8023702418543317,25.0,0.8098463505788225,14,2021-06-08 23:00:00+00:00,14,3,1,1,0,0
031601130705,1,49.68221664428711,1.129326875908138,2.0,0.5740705262804959,2,2019-10-26 04:00:00+00:00,2,0,0,0,0,0
031601130705,3,81.35502624511719,1.3351571553870394,5.0,0.6484542665210985,6,2025-03-16 01:00:00+00:00,6,2,0,0,0,0
031601130705,6,91.36735534667969,1.246650815666127,5.0,0.5801292259108184,12,2025-03-16 01:00:00+00:00,12,1,0,0,0,0
031601130705,24,150.8826141357422,1.4478876880860083,10.0,0.6390071344666347,12,2019-10-26 05:00:00+00:00,12,3,1,0,0,0
031601130705,72,258.7947692871094,1.9652371010566418,50.0,0.883635476269155,11,2021-06-08 23:00:00+00:00,11,2,1,1,1,0
031601130706,3,89.48603820800781,1.4614821982501998,10.0,0.716831928477635,4,2025-03-16 01:00:00+00:00,4,1,1,0,0,0
031601130706,6,103.86609649658203,1.4105568382652054,10.0,0.6616206826348057,7,2022-03-23 05:00:00+00:00,7,2,1,0,0,0
031601130706,24,131.7014923095703,1.2626998282309168,5.0,0.55616575979875,12,2019-10-26 07:00:00+00:00,12,1,0,0,0,0
031601130706,72,222.6999969482422,1.6909328178111953,10.0,0.7590707725408246,13,2018-12-30 20:00:00+00:00,13,2,2,0,0,0
031601130707,3,81.33673858642578,1.3218227730926828,5.0,0.6521187362750374,2,2019-10-26 05:00:00+00:00,2,1,0,0,0,0
031601130707,6,104.82505798339844,1.4165637061124812,10.0,0.6687242635371938,5,2019-10-26 05:00:00+00:00,5,3,1,0,0,0
031601130707,24,128.4943084716797,1.2307854970537604,5.0,0.5435272923436253,15,2025-05-03 22:00:00+00:00,15,1,0,0,0,0
031601130707,72,198.16404724121094,1.5055129165775223,10.0,0.6754841651022151,14,2025-06-11 02:00:00+00:00,14,2,2,0,0,0
031601130708,1,53.164710998535156,1.2059223697910477,2.0,0.6137226807511664,3,2019-10-26 04:00:00+00:00,3,0,0,0,0,0
031601130708,3,90.19157409667969,1.4744136486430595,10.0,0.7187162602465516,5,2025-03-16 01:00:00+00:00,5,3,1,0,0,0
031601130708,6,112.16194915771484,1.5245516824042613,10.0,0.7137683659008871,8,2022-03-23 05:00:00+00:00,8,4,1,0,0,0
031601130708,24,139.05511474609375,1.3342650575430455,5.0,0.5924755546885166,10,2019-10-26 07:00:00+00:00,10,1,0,0,0,0
031601130708,72,200.8892822265625,1.525108584423614,10.0,0.6888213916129898,11,2019-10-26 19:00:00+00:00,11,2,1,0,0,0
031601130801,1,58.178165435791016,1.3022579705691446,5.0,0.6722779157854751,1,2005-05-29 10:00:00+00:00,1,1,0,0,0,0
031601130801,3,79.52140045166016,1.2703787782571807,5.0,0.6380363519230021,3,2025-06-08 16:00:00+00:00,3,3,0,0,0,0
031601130801,6,109.82101440429688,1.4584924714695344,10.0,0.7053513969385111,7,2025-06-08 15:00:00+00:00,7,2,1,0,0,0
031601130801,24,157.94189453125,1.5052758234084795,10.0,0.6776382968039139,10,2025-06-08 18:00:00+00:00,10,5,2,0,0,0
031601130801,72,190.3716583251953,1.4504011955809955,10.0,0.6542553882541495,16,2025-06-09 16:00:00+00:00,16,4,1,0,0,0
031601130802,1,53.18477249145508,1.1964681842674543,2.0,0.6155702185608033,2,2019-10-26 04:00:00+00:00,2,0,0,0,0,0
031601130802,3,94.36711120605469,1.5213991315917426,10.0,0.757377559292019,4,2019-10-26 04:00:00+00:00,4,3,1,0,0,0
031601130802,6,115.98429870605469,1.55468398164849,10.0,0.7412942135400183,6,2025-06-08 15:00:00+00:00,6,3,2,0,0,0
031601130802,24,155.7079620361328,1.4870199911394462,10.0,0.6595760379203797,12,2020-04-20 08:00:00+00:00,12,4,1,0,0,0
031601130802,72,181.4844970703125,1.3795586067360055,5.0,0.6176776078751568,13,2019-10-26 19:00:00+00:00,13,5,0,0,0,0
031601130803,3,86.56916046142578,1.3849976794004155,5.0,0.6944929791861237,4,2025-06-08 16:00:00+00:00,4,2,0,0,0,0
031601130803,6,116.44328308105469,1.548503150838941,10.0,0.7459138896119841,7,2025-06-08 15:00:00+00:00,7,3,1,0,0,0
031601130803,24,176.6919403076172,1.6827638513456724,10.0,0.7524832034264594,13,2025-06-08 18:00:00+00:00,13,4,1,0,0,0
031601130803,72,191.15711975097656,1.4562592818706586,10.0,0.6528370683893284,18,2025-06-09 16:00:00+00:00,18,6,1,0,0,0
031601130804,3,82.35220336914062,1.3300379730571006,5.0,0.6598162975910183,2,2019-10-26 04:00:00+00:00,2,2,0,0,0,0
031601130804,6,118.92770385742188,1.5972007972133522,10.0,0.7610036185669972,5,2025-06-08 15:00:00+00:00,5,2,2,0,0,0
031601130804,24,160.13731384277344,1.5323075505082775,10.0,0.683541203960221,14,2025-06-08 18:00:00+00:00,14,2,1,0,0,0
031601130804,72,178.49668884277344,1.357244609091843,5.0,0.6116146216059051,13,2025-06-11 02:00:00+00:00,13,4,0,0,0,0
031601130805,1,52.239768981933594,1.1828848463372725,2.0,0.6025851337743124,3,2013-12-09 04:00:00+00:00,3,0,0,0,0,0
031601130805,3,83.85948181152344,1.3670171205367172,5.0,0.6682263441453361,4,2022-03-23 03:00:00+00:00,4,2,0,0,0,0
031601130805,6,107.7642593383789,1.460590985741579,10.0,0.6868129978416176,7,2022-03-23 05:00:00+00:00,7,3,2,0,0,0
031601130805,24,140.45631408691406,1.3461648233833814,5.0,0.6006273428608341,12,2019-10-26 07:00:00+00:00,12,3,0,0,0,0
031601130805,72,180.2376251220703,1.3665503188341086,5.0,0.6197293457056926,12,2019-10-26 19:00:00+00:00,12,2,0,0,0,0
031601130806,1,47.82933807373047,1.0804752011992014,2.0,0.5516512494591503,1,2012-09-04 22:00:00+00:00,1,0,0,0,0,0
031601130806,3,81.22966003417969,1.3187237140290653,5.0,0.6479092282609699,3,2022-03-23 03:00:00+00:00,3,1,0,0,0,0
031601130806,6,116.58934020996094,1.5736266109764914,10.0,0.7445357128399684,6,2019-10-26 06:00:00+00:00,6,3,2,0,0,0
031601130806,24,160.76930236816406,1.5386226983765547,10.0,0.689442462274964,10,2019-10-26 07:00:00+00:00,10,3,1,0,0,0
031601130806,72,183.44601440429688,1.390224943435376,5.0,0.6317432991308527,15,2019-10-26 19:00:00+00:00,15,3,0,0,0,0
031602010101,1,68.3790054321289,1.4994947541101469,10.0,0.758764107442225,1,2021-03-16 10:00:00+00:00,1,1,1,0,0,0
031602010101,3,95.44913482666016,1.5153394615221671,10.0,0.7170500786277624,5,2021-03-16 11:00:00+00:00,5,3,2,0,0,0
031602010101,6,126.22830200195312,1.664829671320125,10.0,0.7538828114333277,8,2021-03-16 12:00:00+00:00,8,4,2,0,0,0
031602010101,24,175.12037658691406,1.6139074327025253,10.0,0.7096591321338923,15,2021-03-17 05:00:00+00:00,15,8,2,0,0,0
031602010101,72,224.9163055419922,1.6481524123442917,10.0,0.7357260417555391,14,2021-03-18 07:00:00+00:00,14,8,3,0,0,0
031602010102,3,82.34162902832031,1.3355425044574076,5.0,0.6361128101021943,7,2020-10-29 05:00:00+00:00,7,2,0,0,0,0
031602010102,6,118.41564178466797,1.5948471769695431,10.0,0.7286951110167131,11,2022-10-12 18:00:00+00:00,11,4,2,0,0,0
031602010102,24,167.02032470703125,1.5716882095833313,10.0,0.6943087575915656,15,2023-06-15 19:00:00+00:00,15,3,2,0,0,0
031602010102,72,219.41543579101562,1.6402954429883623,10.0,0.7354804919717619,16,2023-06-17 05:00:00+00:00,16,5,1,0,0,0
031602010103,1,59.73247146606445,1.3194068771352923,5.0,0.6678886712067859,1,2021-03-16 10:00:00+00:00,1,1,0,0,0,0
031602010103,3,83.84075927734375,1.339300666745461,5.0,0.6342913006410906,6,2024-05-10 07:00:00+00:00,6,4,0,0,0,0
031602010103,6,120.5522232055664,1.5986511969533772,10.0,0.7249961584268216,10,2024-05-10 09:00:00+00:00,10,5,2,0,0,0
031602010103,24,167.19305419921875,1.5470983457627792,10.0,0.6817983648378317,16,2021-03-17 05:00:00+00:00,16,7,2,0,0,0
031602010103,72,223.8203582763672,1.6486088465552966,10.0,0.7360394894767316,15,2021-03-18 08:00:00+00:00,15,8,3,0,0,0
031602010104,1,53.9112434387207,1.2145692553300527,5.0,0.6140993975406434,2,2021-06-06 20:00:00+00:00,2,1,0,0,0,0
031602010104,3,78.13330841064453,1.273163608914458,5.0,0.6087308137999937,7,2021-06-06 22:00:00+00:00,7,3,0,0,0,0
031602010104,6,113.57369232177734,1.5373831693433988,10.0,0.7058732818940218,11,2023-06-15 18:00:00+00:00,11,4,1,0,0,0
031602010104,24,157.31773376464844,1.4908671632511277,10.0,0.6597396505973256,12,2023-06-15 19:00:00+00:00,12,3,1,0,0,0
031602010104,72,229.90745544433594,1.727659925709493,25.0,0.7774976072220677,15,2023-06-17 05:00:00+00:00,15,5,1,1,0,0
031602010105,1,59.07392501831055,1.3353111340657597,5.0,0.6764337957138212,2,2019-10-26 04:00:00+00:00,2,1,0,0,0,0
031602010105,3,94.46987915039062,1.5426419403127178,10.0,0.7430778344285401,6,2022-03-23 03:00:00+00:00,6,1,1,0,0,0
031602010105,6,115.18426513671875,1.5631703659691993,10.0,0.7237955179373916,11,2022-10-12 18:00:00+00:00,11,3,1,0,0,0
031602010105,24,137.7292022705078,1.31275954320765,5.0,0.5830864134058646,11,2023-06-15 19:00:00+00:00,11,2,0,0,0,0
031602010105,72,212.3311004638672,1.6014331840049942,10.0,0.7247513608907187,13,2019-10-26 19:00:00+00:00,13,3,1,0,0,0
031602010106,1,57.2714958190918,1.2667695237864178,5.0,0.6414923480827607,1,2021-03-16 09:00:00+00:00,1,1,0,0,0,0
031602010106,3,93.79054260253906,1.5013058369773178,10.0,0.7160078832588158,8,2024-05-10 08:00:00+00:00,8,5,2,0,0,0
031602010106,6,111.63488006591797,1.485227016520343,10.0,0.6791373216282293,13,2022-04-05 15:00:00+00:00,13,4,1,0,0,0
031602010106,24,155.1952667236328,1.4473899289589685,10.0,0.6397133682046485,13,2021-03-17 05:00:00+00:00,13,5,2,0,0,0
031602010106,72,205.70802307128906,1.5215288338542892,10.0,0.6854776549460068,14,2021-03-18 07:00:00+00:00,14,6,2,0,0,0
031602010107,1,49.4560661315918,1.1124390774056914,2.0,0.5654544305240847,2,2022-03-23 02:00:00+00:00,2,0,0,0,0,0
031602010107,3,91.01565551757812,1.4757553654188156,10.0,0.7159846518685575,7,2023-03-27 02:00:00+00:00,7,1,1,0,0,0
031602010107,6,107.13063049316406,1.4435466707722089,10.0,0.6744821864737702,10,2023-06-15 18:00:00+00:00,10,3,2,0,0,0
031602010107,24,150.89239501953125,1.432824505751886,10.0,0.6422832759679851,13,2023-06-15 19:00:00+00:00,13,2,1,0,0,0
031602010107,72,172.57273864746094,1.2950521918745266,5.0,0.592626227134016,16,2023-06-17 03:00:00+00:00,16,3,0,0,0,0
031602010108,3,76.22852325439453,1.2281664977928264,5.0,0.5914100583537901,5,2019-10-26 04:00:00+00:00,5,1,0,0,0,0
031602010108,6,95.05943298339844,1.272942527150564,5.0,0.5890368035663391,9,2022-10-12 18:00:00+00:00,9,3,0,0,0,0
031602010108,24,135.0998077392578,1.2720670421189741,5.0,0.5668205607721751,11,2022-10-13 11:00:00+00:00,11,3,0,0,0,0
031602010108,72,176.11380004882812,1.3123751046962102,5.0,0.5975151596343107,17,2023-06-17 21:00:00+00:00,17,4,0,0,0,0
031602010109,1,47.490089416503906,1.050994404116879,2.0,0.5357727040919394,1,2019-10-26 03:00:00+00:00,1,0,0,0,0,0
031602010109,3,79.653076171875,1.27126224303004,5.0,0.6156648164829185,5,2022-03-23 03:00:00+00:00,5,1,0,0,0,0
031602010109,6,108.75379943847656,1.442571146184184,10.0,0.6712816148090692,7,2022-10-12 18:00:00+00:00,7,2,1,0,0,0
031602010109,24,148.0103759765625,1.3838433116882596,5.0,0.6197008054321004,11,2019-10-26 06:00:00+00:00,11,4,0,0,0,0
031602010109,72,174.55465698242188,1.2917070147130068,5.0,0.5920623305241914,16,2021-03-18 04:00:00+00:00,16,2,0,0,0,0
031602010201,1,64.40100860595703,1.3817151311600948,10.0,0.72462521343842,3,2023-07-13 12:00:00+00:00,3,2,1,0,0,0
031602010201,3,119.35240173339844,1.8256884545997185,50.0,0.9352068064444717,7,2023-07-13 12:00:00+00:00,7,3,2,2,1,0
031602010201,6,135.11611938476562,1.7205510121925414,25.0,0.8399568318398969,8,2023-07-13 15:00:00+00:00,8,5,3,1,0,0
031602010201,24,195.87965393066406,1.8004734237532833,25.0,0.8033691523815143,9,2023-07-13 20:00:00+00:00,9,5,4,2,0,0
031602010201,72,208.00901794433594,1.513440577259754,10.0,0.7048005191460686,9,2023-07-15 00:00:00+00:00,9,4,3,0,0,0
031602010202,1,51.85775375366211,1.1122631545573987,2.0,0.582321820508672,2,2023-07-13 12:00:00+00:00,2,0,0,0,0,0
031602010202,3,104.881591796875,1.605620142668916,25.0,0.8193756807820243,4,2023-07-13 12:00:00+00:00,4,3,2,1,0,0
031602010202,6,119.33313751220703,1.5205096108559022,10.0,0.7401104429831226,6,2023-07-13 15:00:00+00:00,6,4,3,0,0,0
031602010202,24,186.89820861816406,1.7132061161928074,10.0,0.7656948288860713,9,2023-07-13 20:00:00+00:00,9,4,2,0,0,0
031602010202,72,202.828857421875,1.4701580789551698,10.0,0.6850947342478245,9,2023-07-15 00:00:00+00:00,9,4,2,0,0,0
031602010203,3,82.45677947998047,1.2822012808575973,5.0,0.6386601942311237,5,2022-10-12 18:00:00+00:00,5,1,0,0,0,0
031602010203,6,100.2213363647461,1.2956450073483554,5.0,0.6193795605441229,5,2022-10-12 21:00:00+00:00,5,3,0,0,0,0
031602010203,24,174.8942413330078,1.6106041068884693,10.0,0.7271855611045795,9,2019-10-26 07:00:00+00:00,9,4,2,0,0,0
031602010203,72,190.2451934814453,1.3854601891944973,5.0,0.6441088983682384,11,2023-06-17 11:00:00+00:00,11,3,0,0,0,0
031602010301,1,52.45286178588867,1.1342861678340497,2.0,0.5760421543552998,3,2021-03-16 10:00:00+00:00,3,0,0,0,0,0
031602010301,3,118.00534057617188,1.8473434552785526,25.0,0.8824749378126387,6,2024-05-17 16:00:00+00:00,6,2,2,1,0,0
031602010301,6,123.28750610351562,1.6055970151667935,10.0,0.7340078759088141,5,2021-03-16 12:00:00+00:00,5,3,2,0,0,0
031602010301,24,169.19998168945312,1.5493662553441767,10.0,0.6841705926713623,12,2021-03-17 04:00:00+00:00,12,7,2,0,0,0
031602010301,72,225.39212036132812,1.6361863705776782,10.0,0.7388503443555247,13,2025-05-27 19:00:00+00:00,13,9,2,0,0,0
031602010302,1,81.50554656982422,1.770576739657217,25.0,0.9054092037839145,2,2021-03-16 09:00:00+00:00,2,1,1,1,0,0
031602010302,3,106.43148040771484,1.666784668144668,25.0,0.8085631686872019,5,2021-03-16 10:00:00+00:00,5,3,1,1,0,0
031602010302,6,112.09492492675781,1.4595858629537164,10.0,0.6790071694533536,7,2021-03-16 13:00:00+00:00,7,4,2,0,0,0
031602010302,24,154.6763916015625,1.4224707667614855,5.0,0.6364865290821969,14,2021-03-17 04:00:00+00:00,14,6,0,0,0,0
031602010302,72,210.70065307617188,1.5348940002109788,10.0,0.7048784440237275,16,2021-03-18 07:00:00+00:00,16,3,1,0,0,0
031602010401,1,54.47085189819336,1.2262156539210187,5.0,0.6278011551634878,2,2022-07-22 02:00:00+00:00,2,1,0,0,0,0
031602010401,3,118.49267578125,1.9117053711120742,50.0,0.9466078956255852,6,2022-07-22 03:00:00+00:00,6,5,1,1,1,0
031602010401,6,134.05624389648438,1.797525482460785,25.0,0.8598437089852927,11,2022-07-22 05:00:00+00:00,11,4,3,2,0,0
031602010401,24,204.9713134765625,1.9557542921741458,50.0,0.885626494083112,11,2022-08-24 19:00:00+00:00,11,5,3,1,1,0
031602010401,72,215.56280517578125,1.6300144395662888,10.0,0.7453653197309154,18,2025-05-27 19:00:00+00:00,18,3,1,0,0,0
031602010402,1,62.63370895385742,1.4070714189174789,10.0,0.7205090489693418,4,2022-07-22 02:00:00+00:00,4,2,1,0,0,0
031602010402,3,108.27232360839844,1.7432837567863746,25.0,0.8631643411166927,9,2022-07-22 03:00:00+00:00,9,4,4,1,0,0
031602010402,6,124.48126983642578,1.6653791171089096,25.0,0.7969522935388166,11,2023-06-15 17:00:00+00:00,11,6,6,2,0,0
031602010402,24,214.02223205566406,2.0356104972267266,50.0,0.9243753451472021,13,2023-06-15 20:00:00+00:00,13,6,4,1,1,0
031602010402,72,224.7791290283203,1.6923328595816145,10.0,0.7769031444550532,18,2023-06-17 05:00:00+00:00,18,5,2,0,0,0
031602010403,3,88.685302734375,1.3941383724899268,10.0,0.6949862132149409,5,2018-12-28 09:00:00+00:00,5,2,1,0,0,0
031602010403,6,112.55744171142578,1.4707491858971287,10.0,0.7049648868544552,6,2018-12-28 10:00:00+00:00,6,4,3,0,0,0
031602010403,24,184.5828094482422,1.7189988171274642,25.0,0.7777466886555521,10,2023-06-15 21:00:00+00:00,10,5,3,1,0,0
031602010403,72,199.50390625,1.4698273281740002,10.0,0.6807801061135852,11,2023-06-17 11:00:00+00:00,11,4,2,0,0,0
031602010404,1,75.0271987915039,1.6898587397470215,25.0,0.8613373247727515,4,2022-07-22 02:00:00+00:00,4,2,1,1,0,0
031602010404,3,89.60944366455078,1.4516502320974303,10.0,0.7101458235706254,7,2022-07-22 03:00:00+00:00,7,3,2,0,0,0
031602010404,6,114.64166259765625,1.5432604228975597,10.0,0.7282140319974832,9,2022-07-22 06:00:00+00:00,9,5,2,0,0,0
031602010404,24,171.45704650878906,1.6318107900590497,10.0,0.7354673656059462,12,2023-06-15 19:00:00+00:00,12,3,1,0,0,0
031602010404,72,181.37965393066406,1.3642401267972024,5.0,0.6257455454362356,13,2023-06-17 03:00:00+00:00,13,2,0,0,0,0
031602010405,1,48.4643440246582,1.0817095701319588,2.0,0.5542203290762554,1,2003-05-18 01:00:00+00:00,1,0,0,0,0,0
031602010405,3,91.94597625732422,1.4723658595868843,10.0,0.726345199476096,7,2022-03-23 02:00:00+00:00,7,3,2,0,0,0
031602010405,6,119.34898376464844,1.587932797140762,10.0,0.7559031764469964,10,2023-06-15 17:00:00+00:00,10,6,3,0,0,0
031602010405,24,191.04364013671875,1.8031621439654053,25.0,0.8182926533114275,12,2023-06-15 19:00:00+00:00,12,6,4,2,0,0
031602010405,72,208.46099853515625,1.5555330277089745,10.0,0.7180602685039996,13,2023-06-17 05:00:00+00:00,13,5,2,0,0,0
031602010406,3,73.29843139648438,1.1751770128244912,2.0,0.5755681164879738,7,2022-03-23 03:00:00+00:00,7,0,0,0,0,0
031602010406,6,108.05830383300781,1.4395102690201385,10.0,0.6794940108808418,10,2022-10-12 18:00:00+00:00,10,3,1,0,0,0
031602010406,24,176.6886749267578,1.6651977324267686,10.0,0.7526564560749686,13,2023-06-15 19:00:00+00:00,13,4,3,0,0,0
031602010406,72,187.50375366210938,1.3968016587567662,5.0,0.6444512506254901,14,2023-06-17 21:00:00+00:00,14,4,0,0,0,0
031602010407,1,53.89608383178711,1.1941915369400682,2.0,0.6138701253414457,1,2003-05-18 01:00:00+00:00,1,0,0,0,0,0
031602010407,3,102.9769287109375,1.6358082958241427,25.0,0.810251775578842,7,2022-03-23 02:00:00+00:00,7,3,2,1,0,0
031602010407,6,128.92947387695312,1.7018418889011386,25.0,0.8122804131524373,7,2019-10-26 06:00:00+00:00,7,5,3,1,0,0
031602010407,24,196.9200897216797,1.8472945551145616,25.0,0.8375980518739913,11,2023-06-15 21:00:00+00:00,11,5,4,2,0,0
031602010407,72,208.78439331054688,1.5491646263998937,10.0,0.7159142631847101,12,2023-06-17 05:00:00+00:00,12,4,2,0,0,0
031602010408,3,80.59625244140625,1.2682408169562553,5.0,0.621993108747609,4,2022-03-23 03:00:00+00:00,4,1,0,0,0,0
031602010408,6,94.5134048461914,1.2360501596825018,5.0,0.5824849248172231,6,2022-10-12 18:00:00+00:00,6,3,0,0,0,0
031602010408,24,155.21295166015625,1.4377520476555843,10.0,0.648602267246488,13,2022-10-13 10:00:00+00:00,13,3,1,0,0,0
031602010408,72,175.9948272705078,1.2900716408896011,5.0,0.5972341719282117,14,2021-03-18 07:00:00+00:00,14,3,0,0,0,0
031602010501,1,49.24302291870117,1.0358874726104599,2.0,0.5369791211428465,1,2025-05-26 04:00:00+00:00,1,0,0,0,0,0
031602010501,3,78.73287963867188,1.1845030074493719,2.0,0.6004394601012308,5,2025-05-26 05:00:00+00:00,5,0,0,0,0,0
031602010501,6,117.28380584716797,1.4685761679423668,10.0,0.7120973950810895,7,2025-05-26 08:00:00+00:00,7,3,2,0,0,0
031602010501,24,193.9752197265625,1.739949512653611,25.0,0.7772948422789452,4,2024-09-07 04:00:00+00:00,4,3,2,1,0,0
031602010501,72,205.3216552734375,1.4488894314076606,10.0,0.6795855212390035,9,2025-05-27 18:00:00+00:00,9,1,1,0,0,0
031602010502,3,84.15061950683594,1.2680106886719944,5.0,0.6479306386075016,4,2025-03-16 00:00:00+00:00,4,1,0,0,0,0
031602010502,6,107.1787338256836,1.344658188140984,5.0,0.6547303263967573,4,2025-03-16 01:00:00+00:00,4,2,0,0,0,0
031602010502,24,187.22085571289062,1.686901715929461,10.0,0.7515796952317858,6,2024-09-07 05:00:00+00:00,6,2,1,0,0,0
031602010502,72,202.3831787109375,1.436772881702726,10.0,0.6742170637932505,6,2024-09-06 21:00:00+00:00,6,1,1,0,0,0
031602010503,3,98.06228637695312,1.4818538150743807,10.0,0.75767517362835,4,2025-03-16 00:00:00+00:00,4,1,1,0,0,0
031602010503,6,103.70225524902344,1.3047452155167636,5.0,0.6351786465401367,4,2022-10-12 20:00:00+00:00,4,2,0,0,0,0
031602010503,24,185.65921020507812,1.6788597999184718,10.0,0.7478016471885737,7,2019-10-26 07:00:00+00:00,7,2,1,0,0,0
031602010503,72,202.065673828125,1.4416909388252066,10.0,0.6755848830145597,5,2018-12-30 14:00:00+00:00,5,1,1,0,0,0
031602010504,3,95.08055114746094,1.450157588214666,10.0,0.7317970482477806,4,2025-03-16 01:00:00+00:00,4,1,1,0,0,0
031602010504,6,105.0233154296875,1.3328715792006196,5.0,0.642691627760322,4,2022-10-12 20:00:00+00:00,4,2,0,0,0,0
031602010504,24,177.66592407226562,1.6142965835930938,10.0,0.7227839604548424,6,2019-10-26 07:00:00+00:00,6,3,1,0,0,0
031602010504,72,192.6063232421875,1.3819363834187306,5.0,0.6450529854534602,7,2019-10-26 17:00:00+00:00,7,2,0,0,0,0
031602010505,1,47.834693908691406,1.0123732390151197,2.0,0.5226520913382101,1,2005-04-30 10:00:00+00:00,1,0,0,0,0,0
031602010505,3,75.51414489746094,1.1442242198949037,2.0,0.5710039689037539,3,2024-05-17 15:00:00+00:00,3,0,0,0,0,0
031602010505,6,97.51725769042969,1.229267912216594,5.0,0.5877808285239845,5,2024-09-06 14:00:00+00:00,5,1,0,0,0,0
031602010505,24,163.18316650390625,1.4680976036595879,10.0,0.658345141576954,8,2024-09-07 03:00:00+00:00,8,2,1,0,0,0
031602010505,72,174.50184631347656,1.2392090252060854,5.0,0.5783637655730233,9,2021-03-18 07:00:00+00:00,9,2,0,0,0,0
031602010506,1,47.13203430175781,1.0106400594958875,2.0,0.5206650248199355,1,2005-04-30 10:00:00+00:00,1,0,0,0,0,0
031602010506,3,81.93296813964844,1.260724402130903,5.0,0.6222805467455054,2,2021-03-16 10:00:00+00:00,2,2,0,0,0,0
031602010506,6,92.14971923828125,1.179051985443313,2.0,0.5582362251764909,3,2021-03-16 13:00:00+00:00,3,0,0,0,0,0
031602010506,24,157.3367156982422,1.4312287168403377,10.0,0.6444702513076581,9,2021-03-17 05:00:00+00:00,9,3,1,0,0,0
031602010506,72,196.1400604248047,1.411665567879341,10.0,0.6561518200190027,10,2021-03-18 07:00:00+00:00,10,3,1,0,0,0
031602010601,1,48.78195571899414,1.0252650193746273,2.0,0.5183836224097887,1,2003-06-20 01:00:00+00:00,1,0,0,0,0,0
031602010601,3,84.562255859375,1.2910721032665153,5.0,0.6110749194027087,2,2004-09-16 13:00:00+00:00,2,1,0,0,0,0
031602010601,6,134.4939727783203,1.7112507022740295,25.0,0.7739191105706625,4,2009-03-27 10:00:00+00:00,4,2,1,1,0,0
031602010601,24,182.8987579345703,1.6380087916075101,10.0,0.716548905725291,14,2023-03-27 12:00:00+00:00,14,7,3,0,0,0
031602010601,72,239.7811737060547,1.6999039220468297,10.0,0.760020822169427,16,2024-07-21 23:00:00+00:00,16,8,2,0,0,0
031602010602,1,66.52613830566406,1.4138863268619728,10.0,0.7186169401417969,2,2021-03-16 10:00:00+00:00,2,1,1,0,0,0
031602010602,3,97.07025146484375,1.493211762418617,10.0,0.7145764272010559,4,2021-03-16 11:00:00+00:00,4,3,1,0,0,0
031602010602,6,122.1484375,1.5642164544521142,10.0,0.716308153235978,7,2021-03-16 13:00:00+00:00,7,3,1,0,0,0
031602010602,24,169.06822204589844,1.5271020780967404,10.0,0.6748857579663664,14,2021-03-17 02:00:00+00:00,14,7,2,0,0,0
031602010602,72,215.39405822753906,1.5416316202744664,10.0,0.6980403447085135,17,2025-05-27 19:00:00+00:00,17,8,2,0,0,0
031602010603,1,57.29180908203125,1.1913388239472082,2.0,0.6012484356029535,2,2003-06-20 01:00:00+00:00,2,0,0,0,0,0
031602010603,3,70.67076873779297,1.0675798062460686,2.0,0.5047924552160762,3,2004-09-16 13:00:00+00:00,3,0,0,0,0,0
031602010603,6,118.73271942138672,1.4954195725577293,10.0,0.6759418229909289,3,2004-09-16 14:00:00+00:00,3,2,1,0,0,0
031602010603,24,178.54876708984375,1.5855601719009929,10.0,0.6931675895613907,11,2018-12-28 14:00:00+00:00,11,7,2,0,0,0
031602010603,72,245.596923828125,1.7261596418593264,25.0,0.7715061139086675,16,2018-12-30 10:00:00+00:00,16,8,2,1,0,0
031602010604,1,65.8356704711914,1.384874521222866,10.0,0.704055611890489,2,2021-03-16 10:00:00+00:00,2,1,1,0,0,0
031602010604,3,85.16563415527344,1.292229320992051,5.0,0.6228459838595374,4,2021-03-16 11:00:00+00:00,4,2,0,0,0,0
031602010604,6,110.84937286376953,1.3998067726045325,10.0,0.6471801824330355,5,2021-03-16 12:00:00+00:00,5,1,1,0,0,0
031602010604,24,159.11463928222656,1.4237319293419066,5.0,0.6336917742073714,10,2021-03-17 02:00:00+00:00,10,5,0,0,0,0
031602010604,72,209.99606323242188,1.4896274742408402,10.0,0.6808747494637715,15,2021-03-18 07:00:00+00:00,15,4,1,0,0,0
031602010701,1,61.21757888793945,1.2727074527308764,5.0,0.6417255698499322,1,2003-06-20 01:00:00+00:00,1,1,0,0,0,0
031602010701,3,90.46450805664062,1.3611028905087272,5.0,0.6475308237664865,3,2019-10-26 03:00:00+00:00,3,1,0,0,0,0
031602010701,6,109.36688232421875,1.3707230498798475,5.0,0.6252456697036042,7,2019-10-26 04:00:00+00:00,7,2,0,0,0,0
031602010701,24,187.55450439453125,1.6624667851201447,10.0,0.732884403246349,12,2019-10-26 08:00:00+00:00,12,8,2,0,0,0
031602010701,72,254.10484313964844,1.785673637626099,25.0,0.8055853210347695,16,2019-10-26 17:00:00+00:00,16,7,2,1,0,0
031602010702,3,67.62549591064453,1.0015122015729436,2.0,0.46918450037228554,1,2016-09-18 00:00:00+00:00,1,0,0,0,0,0
031602010702,6,95.48955535888672,1.1786747504716817,2.0,0.5302717207735868,7,2018-09-05 14:00:00+00:00,7,0,0,0,0,0
031602010702,24,201.63775634765625,1.7597750657376034,25.0,0.7689614727042349,12,2018-12-28 14:00:00+00:00,12,7,2,1,0,0
031602010702,72,269.3090515136719,1.8662641538379383,25.0,0.8308477640063435,15,2021-03-18 07:00:00+00:00,15,6,2,1,0,0
031602010703,3,67.9488296508789,1.0149590624241152,2.0,0.4782519151184912,1,2004-09-16 13:00:00+00:00,1,0,0,0,0,0
031602010703,6,109.18041229248047,1.3597112411518635,5.0,0.6136771835326085,5,2018-04-15 00:00:00+00:00,5,1,0,0,0,0
031602010703,24,192.4578399658203,1.6927727397595456,10.0,0.7399348653255597,12,2018-12-28 14:00:00+00:00,12,7,2,0,0,0
031602010703,72,259.34759521484375,1.8075317914563798,25.0,0.806816348880513,15,2018-09-07 02:00:00+00:00,15,7,2,1,0,0
031602010704,1,52.1886100769043,1.0826604310215233,2.0,0.5413873704968329,1,2016-09-17 22:00:00+00:00,1,0,0,0,0,0
031602010704,3,77.30480194091797,1.1573209382618643,2.0,0.5497622093666983,3,2019-10-26 04:00:00+00:00,3,0,0,0,0,0
031602010704,6,98.51551055908203,1.22747383593312,5.0,0.5616211217255238,8,2019-10-26 04:00:00+00:00,8,1,0,0,0,0
031602010704,24,189.77194213867188,1.6755629228882665,10.0,0.7418373902553548,11,2019-10-26 08:00:00+00:00,11,5,1,0,0,0
031602010704,72,252.03390502929688,1.7675214327673592,25.0,0.7993226922385943,16,2019-10-26 16:00:00+00:00,16,4,2,1,0,0
031602010801,1,54.05757141113281,1.1365956981524834,2.0,0.5845876996218217,2,2025-05-26 04:00:00+00:00,2,0,0,0,0,0
031602010801,3,90.4478530883789,1.361522685731973,10.0,0.686808189615731,7,2025-05-26 05:00:00+00:00,7,2,1,0,0,0
031602010801,6,136.8304443359375,1.7135303960171173,25.0,0.8305829954191466,8,2025-05-26 08:00:00+00:00,8,5,2,1,0,0
031602010801,24,209.98716735839844,1.8808278029260734,25.0,0.8440817012997638,10,2025-05-27 00:00:00+00:00,10,2,1,1,0,0
031602010801,72,219.97784423828125,1.5484739597085324,10.0,0.7259240692297764,13,2025-05-27 18:00:00+00:00,13,4,1,0,0,0
031602010802,3,73.42498779296875,1.1064397799216987,2.0,0.5451784156135785,2,2021-03-16 09:00:00+00:00,2,0,0,0,0,0
031602010802,6,104.36888122558594,1.306705285336682,5.0,0.6251834656939669,4,2018-12-28 09:00:00+00:00,4,1,0,0,0,0
031602010802,24,183.36605834960938,1.6353129435883649,10.0,0.7393621061646916,11,2021-03-17 01:00:00+00:00,11,4,1,0,0,0
031602010802,72,228.27000427246094,1.6049166740617522,10.0,0.7459417162680085,13,2021-03-18 06:00:00+00:00,13,5,3,0,0,0
031602010803,1,71.1173324584961,1.4775868067749491,10.0,0.7257215799415867,2,2020-08-25 13:00:00+00:00,2,2,1,0,0,0
031602010803,3,156.345947265625,2.3303593375588614,200.0,1.1217011499801255,2,2020-08-25 14:00:00+00:00,2,1,1,1,1,1
031602010803,6,176.62686157226562,2.1846043191904077,100.0,1.0307899987642746,4,2020-08-25 17:00:00+00:00,4,2,1,1,1,1
031602010803,24,185.75692749023438,1.6349265867200502,10.0,0.7427252804289435,10,2020-08-25 19:00:00+00:00,10,5,1,0,0,0
031602010803,72,203.53334045410156,1.4214502723644054,10.0,0.6550605503383106,15,2021-03-18 06:00:00+00:00,15,5,1,0,0,0
031602010804,3,68.13652038574219,1.0261707742610502,2.0,0.503667362404002,2,2021-03-16 09:00:00+00:00,2,0,0,0,0,0
031602010804,6,104.0600357055664,1.302520484021091,5.0,0.6194455108527499,2,2003-11-27 17:00:00+00:00,2,1,0,0,0,0
031602010804,24,145.38148498535156,1.2956024966557285,5.0,0.583473626365345,9,2021-03-17 01:00:00+00:00,9,3,0,0,0,0
031602010804,72,225.58016967773438,1.5868820855460926,10.0,0.735535489138584,14,2021-03-18 07:00:00+00:00,14,4,1,0,0,0
031602010805,3,71.93592071533203,1.0839190893741453,2.0,0.522032016639734,2,2012-10-18 10:00:00+00:00,2,0,0,0,0,0
031602010805,6,96.16145324707031,1.2039184617789307,5.0,0.5632186067476278,1,1979-09-13 11:00:00+00:00,1,1,0,0,0,0
031602010805,24,145.666259765625,1.2953799847834178,5.0,0.5818754371209175,10,2019-10-26 06:00:00+00:00,10,3,0,0,0,0
031602010805,72,198.20530700683594,1.3971166709999028,5.0,0.6409452992311633,16,2021-03-18 07:00:00+00:00,16,2,0,0,0,0
031602010806,1,48.704803466796875,1.0200685811202006,2.0,0.5028273844390933,1,2009-04-13 04:00:00+00:00,1,0,0,0,0,0
031602010806,3,76.55171203613281,1.1510923532859192,2.0,0.5522148532037079,3,2020-08-25 14:00:00+00:00,3,0,0,0,0,0
031602010806,6,100.966064453125,1.2606741397460872,5.0,0.5902415354771887,2,2009-05-08 04:00:00+00:00,2,2,0,0,0,0
031602010806,24,148.5230712890625,1.3171767522084443,5.0,0.594192174059566,11,2019-10-26 06:00:00+00:00,11,1,0,0,0,0
031602010806,72,195.0379638671875,1.3720247318117353,5.0,0.6293008816255294,15,2021-03-18 07:00:00+00:00,15,3,0,0,0,0
031602010807,1,57.67304229736328,1.1984929152161383,5.0,0.5837497902334767,2,2012-10-18 09:00:00+00:00,2,1,0,0,0,0
031602010807,3,93.51835632324219,1.39546993764784,10.0,0.6612032975678435,6,2020-08-25 14:00:00+00:00,6,3,1,0,0,0
031602010807,6,124.55204772949219,1.542561286768202,10.0,0.7160478567215296,7,2020-08-25 16:00:00+00:00,7,3,1,0,0,0
031602010807,24,151.9190673828125,1.3362556387815576,5.0,0.6030375827800559,14,2019-10-26 06:00:00+00:00,14,4,0,0,0,0
031602010807,72,194.98141479492188,1.3643731308490248,5.0,0.6232546394926417,16,2021-03-18 07:00:00+00:00,16,5,0,0,0,0
031602010901,1,70.3171157836914,1.5001541292953617,10.0,0.7675243225602344,1,2021-03-16 09:00:00+00:00,1,1,1,0,0,0
031602010901,3,116.93016815185547,1.7965102524555017,25.0,0.8733548075332856,2,2021-03-16 10:00:00+00:00,2,1,1,1,0,0
031602010901,6,126.92431640625,1.6220354638381265,10.0,0.7561041881810503,4,2021-03-16 13:00:00+00:00,4,2,1,0,0,0
031602010901,24,162.62265014648438,1.4724941990424134,10.0,0.6591443444035799,10,2021-03-17 04:00:00+00:00,10,5,1,0,0,0
031602010901,72,228.16986083984375,1.636962108334139,10.0,0.7538097496265569,16,2021-03-18 07:00:00+00:00,16,4,2,0,0,0
031602010902,1,57.12196350097656,1.2065129708333973,5.0,0.618506833086778,2,2021-03-16 08:00:00+00:00,2,1,0,0,0,0
031602010902,3,103.64627838134766,1.5712742694828528,10.0,0.7726587511581756,3,2021-03-16 10:00:00+00:00,3,2,1,0,0,0
031602010902,6,109.99060821533203,1.3870283763683127,5.0,0.6547175646307652,3,2024-05-17 18:00:00+00:00,3,2,0,0,0,0
031602010902,24,158.79022216796875,1.424976217934445,5.0,0.6394859499359608,13,2024-09-07 03:00:00+00:00,13,4,0,0,0,0
031602010902,72,230.35308837890625,1.6353607229554383,10.0,0.7589020117313034,14,2021-03-18 07:00:00+00:00,14,3,2,0,0,0
031602010903,1,70.34842681884766,1.4770730397033787,10.0,0.7525120244034527,1,2003-06-20 01:00:00+00:00,1,1,1,0,0,0
031602010903,3,106.95901489257812,1.6123895919566034,10.0,0.7890390349086516,3,2021-03-16 10:00:00+00:00,3,1,1,0,0,0
031602010903,6,107.5634765625,1.3487695765302354,5.0,0.6348096636758942,4,2021-03-16 12:00:00+00:00,4,2,0,0,0,0
031602010903,24,161.92034912109375,1.4447639920392512,10.0,0.6474994169849451,13,2024-09-07 03:00:00+00:00,13,3,1,0,0,0
031602010903,72,211.4212646484375,1.4927697588760722,10.0,0.6906691062006779,14,2021-03-18 07:00:00+00:00,14,4,2,0,0,0
031602010904,3,77.7421875,1.1696067258668135,2.0,0.5765728486660403,2,2021-03-16 10:00:00+00:00,2,0,0,0,0,0
031602010904,6,94.43816375732422,1.1816799344349496,2.0,0.5607884012807471,3,2021-03-16 11:00:00+00:00,3,0,0,0,0,0
031602010904,24,144.4058074951172,1.2874563654381321,5.0,0.5770651791305587,9,2021-03-17 01:00:00+00:00,9,2,0,0,0,0
031602010904,72,210.75772094726562,1.4840099768007218,10.0,0.6888470863799191,12,2021-03-18 07:00:00+00:00,12,3,1,0,0,0
031602010905,1,50.62001419067383,1.0571924709159746,2.0,0.5328190454648047,1,2003-06-20 01:00:00+00:00,1,0,0,0,0,0
031602010905,3,82.8874740600586,1.246567380867729,5.0,0.5994010821490172,1,2003-06-20 02:00:00+00:00,1,1,0,0,0,0
031602010905,6,86.60160064697266,1.083610184744939,2.0,0.5017459887037556,4,2019-10-26 05:00:00+00:00,4,0,0,0,0,0
031602010905,24,164.71893310546875,1.462752964470323,10.0,0.6518287913941179,12,2019-10-26 08:00:00+00:00,12,5,1,0,0,0
031602010905,72,220.6465301513672,1.5542085942712047,10.0,0.7100318044572496,15,2021-03-18 07:00:00+00:00,15,4,1,0,0,0
031602010906,3,67.5843734741211,1.0174509887712369,2.0,0.4895060678702222,1,2003-06-20 03:00:00+00:00,1,0,0,0,0,0
031602010906,6,86.90756225585938,1.0874812852763613,2.0,0.506930579874041,1,1979-09-13 12:00:00+00:00,1,0,0,0,0,0
031602010906,24,148.860595703125,1.322899226244143,5.0,0.5925019479804075,12,2019-10-26 06:00:00+00:00,12,3,0,0,0,0
031602010906,72,199.1927947998047,1.4036995074954592,5.0,0.642926929384276,14,2021-03-18 07:00:00+00:00,14,3,0,0,0,0
031602010907,3,74.55890655517578,1.1178031688773056,2.0,0.5299869563304904,4,2022-03-18 14:00:00+00:00,4,0,0,0,0,0
031602010907,6,89.31875610351562,1.113506214931567,2.0,0.5108312065742852,4,2019-10-26 02:00:00+00:00,4,0,0,0,0,0
031602010907,24,186.42657470703125,1.6478144859333002,10.0,0.7324533165541249,12,2019-10-26 08:00:00+00:00,12,5,1,0,0,0
031602010907,72,243.0616455078125,1.7079509606566898,10.0,0.7735992459284324,15,2019-10-26 16:00:00+00:00,15,5,1,0,0,0
031602010908,3,92.17460632324219,1.3641353392732538,5.0,0.6374439564979205,8,2022-03-18 14:00:00+00:00,8,2,0,0,0,0
031602010908,6,133.2747039794922,1.6367323614693152,10.0,0.750631832580101,11,2020-10-29 04:00:00+00:00,11,2,1,0,0,0
031602010908,24,180.72325134277344,1.5758545106800197,10.0,0.7088590227972876,13,2019-10-26 06:00:00+00:00,13,7,1,0,0,0
031602010908,72,232.7226104736328,1.618114755426738,10.0,0.7349354917172614,17,2021-03-18 07:00:00+00:00,17,7,2,0,0,0
031602010909,1,63.81538009643555,1.3229582379203946,5.0,0.6427577373292881,3,2019-10-26 02:00:00+00:00,3,1,0,0,0,0
031602010909,3,112.38905334472656,1.6768896731204361,25.0,0.782634152969325,12,2022-03-18 14:00:00+00:00,12,4,2,1,0,0
031602010909,6,150.02178955078125,1.8591407283894525,25.0,0.8457347928036436,9,2020-08-25 15:00:00+00:00,9,5,3,1,0,0
031602010909,24,200.541748046875,1.761754716412079,25.0,0.784183302543036,16,2019-10-26 06:00:00+00:00,16,8,3,1,0,0
031602010909,72,257.4698791503906,1.8044722259892578,25.0,0.8129469026451998,20,2021-03-18 07:00:00+00:00,20,7,3,1,0,0
031602020305,1,72.77561950683594,1.5667206175028252,10.0,0.814437063841318,3,2023-07-13 12:00:00+00:00,3,2,1,0,0,0
031602020305,3,125.26329040527344,1.9083129606722038,50.0,0.9750244222888519,6,2024-07-20 14:00:00+00:00,6,4,3,1,1,0
031602020305,6,172.91665649414062,2.190817847790393,100.0,1.0710314287704585,10,2024-07-20 14:00:00+00:00,10,5,4,2,1,1
031602020305,24,260.9350280761719,2.4258093715417237,100.0,1.0838442690639976,16,2024-07-20 20:00:00+00:00,16,5,4,2,2,1
031602020305,72,260.99884033203125,1.9308324705241229,50.0,0.9088823680537259,14,2024-07-20 14:00:00+00:00,14,6,4,2,1,0
031602020401,1,61.05137252807617,1.3271835217094967,5.0,0.6838390668938945,3,2023-07-13 12:00:00+00:00,3,1,0,0,0,0
031602020401,3,108.69969940185547,1.6736202303759957,25.0,0.8454543247924937,6,2024-07-20 14:00:00+00:00,6,4,1,1,0,0
031602020401,6,148.51109313964844,1.90081671920294,50.0,0.9235891397760928,10,2024-07-20 14:00:00+00:00,10,5,4,1,1,0
031602020401,24,244.80067443847656,2.292176930622982,100.0,1.029139899386438,17,2024-07-20 21:00:00+00:00,17,5,4,2,1,1
031602020401,72,245.36427307128906,1.8293037892818145,25.0,0.8558410229624966,15,2024-07-20 14:00:00+00:00,15,5,5,1,0,0
031602020402,1,58.9804573059082,1.290288900619085,5.0,0.6622290874090907,1,2003-05-18 00:00:00+00:00,1,1,0,0,0,0
031602020402,3,89.02830505371094,1.380443983125623,5.0,0.694083608954949,4,2004-02-06 02:00:00+00:00,4,2,0,0,0,0
031602020402,6,120.63261413574219,1.554911085659395,10.0,0.7544599133487762,6,2023-07-13 15:00:00+00:00,6,3,2,0,0,0
031602020402,24,237.10780334472656,2.231486182539769,100.0,1.0055856854897134,16,2023-07-13 19:00:00+00:00,16,4,2,1,1,1
031602020402,72,238.4984130859375,1.7898349200277528,25.0,0.8335934520268587,15,2023-07-15 00:00:00+00:00,15,3,1,1,0,0
031602020403,1,52.717159271240234,1.160171183484414,2.0,0.5965532736632866,1,2003-05-18 00:00:00+00:00,1,0,0,0,0,0
031602020403,3,83.9253158569336,1.311049516666919,5.0,0.660232235728387,4,2020-08-25 18:00:00+00:00,4,2,0,0,0,0
031602020403,6,112.3499755859375,1.4591609691053613,10.0,0.7097624079975339,6,2020-08-25 18:00:00+00:00,6,3,2,0,0,0
031602020403,24,222.11351013183594,2.098796099947916,50.0,0.9484939572580466,13,2021-08-31 05:00:00+00:00,13,3,2,1,1,0
031602020403,72,225.37857055664062,1.7002988166718922,25.0,0.7876050647074075,16,2023-07-15 00:00:00+00:00,16,3,1,1,0,0
031602020404,1,54.47037124633789,1.2040816245458248,2.0,0.6212443122544999,4,2021-06-06 19:00:00+00:00,4,0,0,0,0,0
031602020404,3,103.89244079589844,1.6335974191680478,25.0,0.8244782054870844,7,2023-07-13 12:00:00+00:00,7,5,4,1,0,0
031602020404,6,157.2878875732422,2.0562037021022213,100.0,1.0016200664989345,13,2023-07-13 16:00:00+00:00,13,5,4,2,1,1
031602020404,24,230.92486572265625,2.185329720685178,50.0,0.9896876812745042,16,2023-07-13 19:00:00+00:00,16,7,2,2,2,0
031602020404,72,233.128173828125,1.7590776280008686,25.0,0.8102530695926777,19,2023-07-15 00:00:00+00:00,19,3,2,1,0,0
031602020405,1,76.61439514160156,1.7027528777502388,25.0,0.8784906169946074,5,2022-07-22 02:00:00+00:00,5,2,1,1,0,0
031602020405,3,149.29315185546875,2.3656723014439627,200.0,1.1910932966927679,10,2024-07-20 14:00:00+00:00,10,6,4,2,1,1
031602020405,6,173.18978881835938,2.281255732393948,200.0,1.1090141399783635,15,2024-07-20 14:00:00+00:00,15,7,5,3,3,2
031602020405,24,258.0152893066406,2.4452564546137308,100.0,1.1100909264949312,17,2024-07-20 20:00:00+00:00,17,7,5,3,2,1
031602020405,72,260.44293212890625,1.9636764905244968,50.0,0.9009813283104008,19,2023-07-15 01:00:00+00:00,19,8,3,1,1,0
031602020502,1,67.00308990478516,1.4440572022892977,10.0,0.7551151549387695,4,2024-07-20 12:00:00+00:00,4,3,1,0,0,0
031602020502,3,126.81867980957031,1.9410155036188972,50.0,0.9955786632727835,7,2024-07-20 13:00:00+00:00,7,6,4,3,1,0
031602020502,6,171.23780822753906,2.181059885862968,100.0,1.0683131180081638,12,2024-07-20 14:00:00+00:00,12,7,5,3,2,1
031602020502,24,248.53294372558594,2.307314962343896,100.0,1.0307295186921577,13,2024-07-20 19:00:00+00:00,13,7,3,3,1,1
031602020502,72,253.1808624267578,1.8681735926230707,25.0,0.8720377739303538,14,2024-07-22 00:00:00+00:00,14,6,4,2,0,0
031602020602,1,68.43174743652344,1.4464419296280862,10.0,0.76920831837411,1,2003-04-25 06:00:00+00:00,1,1,1,0,0,0
031602020602,3,109.77982330322266,1.6505807171558502,25.0,0.8644790384600246,3,2022-03-23 01:00:00+00:00,3,1,1,1,0,0
031602020602,6,136.99078369140625,1.7160941883175531,25.0,0.850813845059861,6,2024-03-08 23:00:00+00:00,6,2,1,1,0,0
031602020602,24,201.4434051513672,1.8365796169251323,25.0,0.8145016821782832,10,2023-07-13 20:00:00+00:00,10,5,2,1,0,0
031602020602,72,203.14512634277344,1.468850465485793,10.0,0.6908492513147815,12,2024-07-22 00:00:00+00:00,12,2,1,0,0,0
031602020603,1,57.727088928222656,1.2401688239175692,5.0,0.6510821979387713,3,2023-07-13 12:00:00+00:00,3,1,0,0,0,0
031602020603,3,116.59880828857422,1.7827851392872356,50.0,0.916853237430373,6,2024-07-20 12:00:00+00:00,6,2,2,2,1,0
031602020603,6,161.31918334960938,2.05331114355875,100.0,1.006340787200404,7,2024-07-20 14:00:00+00:00,7,4,3,1,1,1
031602020603,24,234.634521484375,2.166531986540366,50.0,0.966559775894391,9,2023-07-13 19:00:00+00:00,9,6,4,1,1,0
031602020603,72,236.82196044921875,1.7346219293339833,25.0,0.8085129991970487,12,2024-07-22 00:00:00+00:00,12,5,2,1,0,0
031602020604,1,77.19617462158203,1.694778306331907,25.0,0.8781078358324271,6,2024-07-20 12:00:00+00:00,6,2,2,1,0,0
031602020604,3,126.5447769165039,1.9785320495667043,100.0,1.0013222148716099,10,2024-07-20 14:00:00+00:00,10,6,5,3,2,1
031602020604,6,190.2003173828125,2.4729714014938082,200.0,1.203328022146316,16,2024-07-20 14:00:00+00:00,16,8,7,3,1,1
031602020604,24,259.7359313964844,2.4400207381122536,100.0,1.1004013149259433,15,2024-07-20 19:00:00+00:00,15,9,5,3,2,1
031602020604,72,260.8857116699219,1.9473840866632863,50.0,0.898653039545843,16,2024-07-21 19:00:00+00:00,16,8,5,1,1,0
031602020701,1,97.79621887207031,2.1820625598717966,200.0,1.124119711152374,7,2022-07-22 02:00:00+00:00,7,4,2,1,1,1
031602020701,3,169.2960205078125,2.696751824957988,1000.0,1.3534216846639318,9,2023-07-13 13:00:00+00:00,9,6,5,2,1,1
031602020701,6,196.00999450683594,2.5949812428928483,500.0,1.2584988223552356,12,2023-07-13 16:00:00+00:00,12,8,5,3,2,2
031602020701,24,249.575439453125,2.369148385708152,100.0,1.077406717262082,16,2024-07-20 20:00:00+00:00,16,7,5,4,2,2
031602020701,72,252.97743225097656,1.9082034604212055,25.0,0.8745019100881445,16,2023-07-15 01:00:00+00:00,16,8,4,2,0,0
031602020702,1,46.9472541809082,1.0350000164886668,2.0,0.5354346175891328,3,2003-05-18 01:00:00+00:00,3,0,0,0,0,0
031602020702,3,103.21415710449219,1.6246418271699743,25.0,0.8179781507429524,8,2023-07-13 13:00:00+00:00,8,8,4,2,0,0
031602020702,6,164.95907592773438,2.158796450230262,100.0,1.0458184403829536,12,2023-07-13 15:00:00+00:00,12,8,4,3,2,1
031602020702,24,239.82174682617188,2.252022112140722,100.0,1.0182281697969662,17,2023-07-13 20:00:00+00:00,17,8,5,2,1,1
031602020702,72,248.28176879882812,1.8483004474924527,25.0,0.8512983306712207,18,2023-07-15 01:00:00+00:00,18,6,3,1,0,0
031602020703,1,73.59168243408203,1.6383065698431902,25.0,0.8433944381798408,3,2022-07-22 02:00:00+00:00,3,2,1,1,0,0
031602020703,3,137.50973510742188,2.1893875331426003,100.0,1.0938374408645082,7,2023-07-13 13:00:00+00:00,7,5,5,1,1,1
031602020703,6,162.172607421875,2.1457819040612476,100.0,1.034723993006537,11,2023-07-13 15:00:00+00:00,11,6,5,3,2,1
031602020703,24,213.0245819091797,2.012597121314636,50.0,0.9143286455513386,14,2023-07-13 20:00:00+00:00,14,5,5,3,2,0
031602020703,72,224.20680236816406,1.6784828991685181,10.0,0.7716888600496262,15,2023-07-15 01:00:00+00:00,15,6,3,0,0,0
031602030101,1,57.25870132446289,1.1417332814059244,2.0,0.5404035805999742,2,2022-03-18 13:00:00+00:00,2,0,0,0,0,0
031602030101,3,103.71343994140625,1.4825882397348333,10.0,0.6831279538665229,7,2022-03-18 14:00:00+00:00,7,4,1,0,0,0
031602030101,6,110.95062255859375,1.3152193298430968,5.0,0.5994423894300163,7,2020-10-29 04:00:00+00:00,7,5,0,0,0,0
031602030101,24,174.27244567871094,1.4714478805288487,10.0,0.6661748377157156,13,2020-10-29 05:00:00+00:00,13,5,1,0,0,0
031602030101,72,228.68035888671875,1.5422041429144975,10.0,0.7027563942485453,16,2018-12-30 05:00:00+00:00,16,3,2,0,0,0
031602030102,1,65.74374389648438,1.2740150862889619,5.0,0.5922842038036131,3,2020-10-29 03:00:00+00:00,3,1,0,0,0,0
031602030102,3,117.69734191894531,1.6324483104906558,10.0,0.7378665255681545,9,2021-04-24 10:00:00+00:00,9,3,2,0,0,0
031602030102,6,142.79437255859375,1.641383778662914,10.0,0.7381435305452878,10,2021-04-24 10:00:00+00:00,10,4,3,0,0,0
031602030102,24,183.710693359375,1.5042493733388964,10.0,0.6828206500662282,15,2021-04-24 22:00:00+00:00,15,6,1,0,0,0
031602030102,72,245.23348999023438,1.5985094896971268,10.0,0.727351612594925,15,2020-10-29 06:00:00+00:00,15,6,2,0,0,0
031602030103,1,60.273197174072266,1.1913890488938998,2.0,0.5592069245838018,5,2020-08-25 11:00:00+00:00,5,0,0,0,0,0
031602030103,3,117.32575988769531,1.6639770300084902,10.0,0.7554448522077147,7,2020-10-29 04:00:00+00:00,7,5,1,0,0,0
031602030103,6,140.33934020996094,1.6507687990265854,10.0,0.7411553432286407,12,2021-04-24 11:00:00+00:00,12,6,2,0,0,0
031602030103,24,195.8700714111328,1.6366750618788328,10.0,0.7359562214093881,14,2020-10-29 06:00:00+00:00,14,5,3,0,0,0
031602030103,72,256.9231262207031,1.7068797297732279,10.0,0.769924058250911,15,2019-10-26 16:00:00+00:00,15,4,2,0,0,0
031602030104,1,73.98192596435547,1.4911251797318665,10.0,0.709356433979241,4,2020-08-25 11:00:00+00:00,4,1,1,0,0,0
031602030104,3,135.63504028320312,1.9656044250771798,50.0,0.8995364306512502,10,2020-10-29 04:00:00+00:00,10,6,2,1,1,0
031602030104,6,145.6902618408203,1.7523953636978695,25.0,0.7871581064935549,12,2020-10-29 04:00:00+00:00,12,4,3,1,0,0
031602030104,24,194.028564453125,1.6570001645814918,10.0,0.7381267512860147,12,2020-08-25 19:00:00+00:00,12,8,2,0,0,0
031602030104,72,252.85671997070312,1.7266731030787605,25.0,0.7739709418431826,17,2020-08-28 09:00:00+00:00,17,7,1,1,0,0
031602030201,1,52.032344818115234,1.0465908182025287,2.0,0.5156432127304312,1,2003-06-20 03:00:00+00:00,1,0,0,0,0,0
031602030201,3,101.88400268554688,1.4857337410977913,10.0,0.6878623817224837,7,2020-10-29 04:00:00+00:00,7,1,1,0,0,0
031602030201,6,116.9246597290039,1.421018637680504,10.0,0.6327893292900325,12,2020-10-29 04:00:00+00:00,12,3,1,0,0,0
031602030201,24,205.99888610839844,1.771415817912821,25.0,0.7699200419128838,14,2018-12-28 14:00:00+00:00,14,8,1,1,0,0
031602030201,72,280.31060791015625,1.9201174946344004,25.0,0.8474158371207161,17,2021-03-18 07:00:00+00:00,17,5,2,1,0,0
031602030202,1,52.16278076171875,1.0277972954993577,2.0,0.5047929026747692,1,2016-02-24 02:00:00+00:00,1,0,0,0,0,0
031602030202,3,90.97105407714844,1.3017237158037818,5.0,0.596418027782331,8,2020-10-29 04:00:00+00:00,8,2,0,0,0,0
031602030202,6,144.40138244628906,1.7233325098953292,25.0,0.7574427489832171,9,2020-10-29 05:00:00+00:00,9,4,2,1,0,0
031602030202,24,204.62106323242188,1.727801356670134,10.0,0.7428033909966177,13,2018-12-28 16:00:00+00:00,13,10,3,0,0,0
031602030202,72,290.2456359863281,1.956661007749665,25.0,0.8526873509951131,17,2018-12-30 08:00:00+00:00,17,6,3,1,0,0
031602030203,1,50.064666748046875,1.0239519586388397,2.0,0.5033040973754165,1,2003-06-20 03:00:00+00:00,1,0,0,0,0,0
031602030203,3,96.70806884765625,1.4289405257470946,10.0,0.6657845054249412,6,2019-01-23 21:00:00+00:00,6,1,1,0,0,0
031602030203,6,101.48021697998047,1.2478353349486833,5.0,0.5616894876018154,6,2019-01-23 22:00:00+00:00,6,1,0,0,0,0
031602030203,24,209.4273223876953,1.823958765909957,25.0,0.8012451632744084,10,2018-12-28 14:00:00+00:00,10,5,1,1,0,0
031602030203,72,278.2008056640625,1.9315584011574092,25.0,0.861494512210984,14,2021-03-18 05:00:00+00:00,14,6,2,1,0,0
031602030204,1,59.93183898925781,1.2121391798185785,5.0,0.5839842549951635,2,2018-12-28 00:00:00+00:00,2,1,0,0,0,0
031602030204,3,94.77433013916016,1.3817513274682522,5.0,0.6340399817159441,5,2020-10-29 04:00:00+00:00,5,3,0,0,0,0
031602030204,6,127.08991241455078,1.539869763579974,10.0,0.6876125968143858,9,2020-10-29 04:00:00+00:00,9,3,1,0,0,0
031602030204,24,213.67575073242188,1.8364526061683806,25.0,0.8081280955776774,13,2019-10-26 16:00:00+00:00,13,6,2,1,0,0
031602030204,72,279.111328125,1.9220587084250214,25.0,0.8537991838714152,16,2018-12-30 05:00:00+00:00,16,6,3,1,0,0
031602030205,1,53.44770431518555,1.0606984368483303,2.0,0.5092328968569818,1,2018-12-28 00:00:00+00:00,1,0,0,0,0,0
031602030205,3,105.07970428466797,1.5042181422721368,10.0,0.684337634435057,8,2020-10-29 04:00:00+00:00,8,3,1,0,0,0
031602030205,6,131.3214569091797,1.5630589729760138,10.0,0.691069800331912,8,2020-10-29 04:00:00+00:00,8,4,1,0,0,0
031602030205,24,217.4779052734375,1.837647961541479,25.0,0.8030218049359173,13,2019-01-24 02:00:00+00:00,13,6,2,1,0,0
031602030205,72,287.0831604003906,1.948772655179239,25.0,0.8585975200250333,16,2018-12-30 05:00:00+00:00,16,7,2,1,0,0
031602030301,1,70.61043548583984,1.4454289837660876,10.0,0.6940361355062425,4,2022-03-18 13:00:00+00:00,4,2,1,0,0,0
031602030301,3,126.60852813720703,1.864476339433344,25.0,0.8608820743051527,12,2022-03-18 14:00:00+00:00,12,5,3,1,0,0
031602030301,6,142.67153930664062,1.7442881455327197,25.0,0.7880127597584335,9,2020-10-29 04:00:00+00:00,9,6,5,1,0,0
031602030301,24,193.6338653564453,1.6794087252502552,10.0,0.7476947115895374,17,2020-08-25 19:00:00+00:00,17,8,3,0,0,0
031602030301,72,249.4402313232422,1.7292141635956657,25.0,0.7765814350267939,18,2020-08-28 09:00:00+00:00,18,8,1,1,0,0
031602030302,1,68.95841217041016,1.4183909717240295,10.0,0.6906912000255638,1,2003-06-20 03:00:00+00:00,1,1,1,0,0,0
031602030302,3,108.82366180419922,1.6132574116496283,10.0,0.7501017518074137,8,2020-10-29 04:00:00+00:00,8,3,1,0,0,0
031602030302,6,124.6816177368164,1.5362250089137839,10.0,0.6939341877446196,8,2019-10-26 03:00:00+00:00,8,3,1,0,0,0
031602030302,24,207.1085205078125,1.808672243556308,25.0,0.7998488323636374,14,2019-10-26 06:00:00+00:00,14,6,2,1,0,0
031602030302,72,271.21820068359375,1.8910759095711287,25.0,0.8469552425859632,15,2021-03-18 06:00:00+00:00,15,6,2,1,0,0
031602030401,1,59.20237731933594,1.1467796787131903,2.0,0.5507290273963256,1,2013-02-11 03:00:00+00:00,1,0,0,0,0,0
031602030401,3,90.47502899169922,1.2664179163691676,5.0,0.5710107139137349,9,2020-10-29 04:00:00+00:00,9,2,0,0,0,0
031602030401,6,138.83216857910156,1.6174977389786072,10.0,0.7056675120650582,11,2020-10-29 04:00:00+00:00,11,3,1,0,0,0
031602030401,24,210.9694366455078,1.7456782213907953,10.0,0.7533572802335133,13,2018-12-28 16:00:00+00:00,13,6,2,0,0,0
031602030401,72,288.2618408203125,1.921865386574697,25.0,0.8355851198408473,17,2018-12-30 05:00:00+00:00,17,6,2,1,0,0
031602030402,1,52.609092712402344,1.001056798181646,2.0,0.4803911153383755,1,2025-08-14 02:00:00+00:00,1,0,0,0,0,0
031602030402,3,105.33494567871094,1.4498238884134913,10.0,0.6483996483575689,7,2020-10-29 04:00:00+00:00,7,2,1,0,0,0
031602030402,6,158.2581024169922,1.8140830093831357,25.0,0.7825089836516237,8,2020-10-29 04:00:00+00:00,8,3,2,1,0,0
031602030402,24,204.4261932373047,1.66487775917354,10.0,0.7109913960590838,14,2018-12-28 16:00:00+00:00,14,4,3,0,0,0
031602030402,72,289.3292541503906,1.903984470995482,25.0,0.817962165102276,15,2018-12-30 04:00:00+00:00,15,6,2,1,0,0
031602030403,3,99.72506713867188,1.363026202643679,5.0,0.6050773590932863,5,2021-04-24 11:00:00+00:00,5,2,0,0,0,0
031602030403,6,111.1473388671875,1.2625713703125616,5.0,0.5464516520890447,8,2021-04-24 11:00:00+00:00,8,4,0,0,0,0
031602030403,24,200.7493896484375,1.624375641902953,10.0,0.7030181751761467,13,2021-08-31 05:00:00+00:00,13,1,1,0,0,0
031602030403,72,273.2937316894531,1.7921667008202327,25.0,0.777533558894741,14,2021-08-31 09:00:00+00:00,14,7,1,1,0,0
031602030501,1,55.247108459472656,1.0737919095667137,2.0,0.502748092988867,1,2019-01-23 21:00:00+00:00,1,0,0,0,0,0
031602030501,3,109.75829315185547,1.532802531952695,10.0,0.6871862415177905,9,2021-04-24 10:00:00+00:00,9,3,2,0,0,0
031602030501,6,143.23695373535156,1.6601190223605948,10.0,0.7327007882192611,11,2021-04-24 11:00:00+00:00,11,6,1,0,0,0
031602030501,24,201.56747436523438,1.6598371826827907,10.0,0.73536908691533,16,2021-08-31 02:00:00+00:00,16,4,1,0,0,0
031602030501,72,271.732177734375,1.7881960898808866,25.0,0.7936474907952702,13,2021-08-31 05:00:00+00:00,13,7,1,1,0,0
031602030502,3,100.55390930175781,1.396508411754064,5.0,0.6243431479922561,10,2021-04-24 10:00:00+00:00,10,3,0,0,0,0
031602030502,6,117.12517547607422,1.3510912571780997,5.0,0.5909804056464854,10,2021-04-24 11:00:00+00:00,10,3,0,0,0,0
031602030502,24,207.6973876953125,1.704488396861625,10.0,0.7454419455741897,13,2021-08-31 02:00:00+00:00,13,2,1,0,0,0
031602030502,72,278.75201416015625,1.8440317849404497,25.0,0.8088655656571492,13,2021-08-31 09:00:00+00:00,13,7,1,1,0,0
031602030601,3,95.59188842773438,1.3741542952944894,5.0,0.6317499649096197,6,2018-04-15 01:00:00+00:00,6,1,0,0,0,0
031602030601,6,141.2810516357422,1.696319002631387,10.0,0.7411180327283302,8,2018-12-28 05:00:00+00:00,8,3,2,0,0,0
031602030601,24,189.767822265625,1.6100961262752065,10.0,0.6833739213236942,14,2018-12-28 16:00:00+00:00,14,10,3,0,0,0
031602030601,72,284.27691650390625,1.9258087599665896,25.0,0.8321075125972733,15,2018-12-30 08:00:00+00:00,15,7,2,1,0,0
031602030602,1,52.674949645996094,1.0495926634921322,2.0,0.522761318708825,1,2016-02-24 02:00:00+00:00,1,0,0,0,0,0
031602030602,3,96.35152435302734,1.3996688651398859,10.0,0.6464401155485044,5,2018-04-15 01:00:00+00:00,5,3,1,0,0,0
031602030602,6,159.87188720703125,1.9395172077942904,25.0,0.8540774450531572,8,2018-12-28 05:00:00+00:00,8,4,2,1,0,0
031602030602,24,189.44515991210938,1.6219802468598323,10.0,0.6943252822609293,13,2018-12-28 16:00:00+00:00,13,10,5,0,0,0
031602030602,72,272.3001403808594,1.852681918901795,25.0,0.8071875630619868,18,2018-12-30 08:00:00+00:00,18,8,3,1,0,0
031602030603,1,52.790042877197266,1.0147596788010527,2.0,0.5007438232187219,1,2007-04-14 19:00:00+00:00,1,0,0,0,0,0
031602030603,3,93.35694885253906,1.3057114221745532,5.0,0.5931981192124212,6,2018-04-15 01:00:00+00:00,6,3,0,0,0,0
031602030603,6,137.2292938232422,1.602296286838067,10.0,0.6927170257315218,7,2018-04-15 02:00:00+00:00,7,4,3,0,0,0
031602030603,24,207.94793701171875,1.720350701709065,10.0,0.7259694850225479,14,2018-12-28 16:00:00+00:00,14,6,3,0,0,0
031602030603,72,316.9696960449219,2.1071088991253943,50.0,0.9020050583776923,14,2023-06-17 21:00:00+00:00,14,6,2,1,1,0
031602030604,1,63.659420013427734,1.2039906824673823,5.0,0.5883070312712417,1,2007-04-14 19:00:00+00:00,1,1,0,0,0,0
031602030604,3,93.86477661132812,1.289576117435629,5.0,0.5786819495195178,5,2022-03-18 15:00:00+00:00,5,2,0,0,0,0
031602030604,6,132.50965881347656,1.519008746704374,10.0,0.6492469504797169,5,2018-04-15 03:00:00+00:00,5,1,1,0,0,0
031602030604,24,214.71958923339844,1.7469175127071304,10.0,0.7311783657472112,12,2018-04-15 08:00:00+00:00,12,3,2,0,0,0
031602030604,72,326.3652648925781,2.14498733416287,50.0,0.9063587139682338,13,2013-02-13 19:00:00+00:00,13,4,1,1,1,0
031602030605,1,55.21799850463867,1.0374289879555487,2.0,0.4963336307422519,1,2007-04-14 19:00:00+00:00,1,0,0,0,0,0
031602030605,3,132.2605743408203,1.7978718134338605,25.0,0.7965282420934512,5,2025-08-14 03:00:00+00:00,5,3,1,1,0,0
031602030605,6,177.1064453125,2.005431719466661,25.0,0.8545538300931268,5,2018-09-05 13:00:00+00:00,5,3,1,1,0,0
031602030605,24,196.51275634765625,1.5818847868355552,10.0,0.6672493153506182,12,2018-09-05 18:00:00+00:00,12,3,2,0,0,0
031602030605,72,283.0445251464844,1.8468117115723783,25.0,0.7815649636392403,16,2018-09-07 02:00:00+00:00,16,6,1,1,0,0
031602030606,3,97.87683868408203,1.329241919435144,5.0,0.5876946653489381,5,2024-01-09 08:00:00+00:00,5,1,0,0,0,0
031602030606,6,116.69828796386719,1.3207717182578576,5.0,0.5583185297259191,6,2024-01-09 11:00:00+00:00,6,2,0,0,0,0
031602030606,24,186.044921875,1.4964032208224842,10.0,0.621136925048904,12,2024-01-09 15:00:00+00:00,12,3,1,0,0,0
031602030606,72,292.71929931640625,1.908919277148267,25.0,0.7945407907764137,14,2018-09-07 01:00:00+00:00,14,5,1,1,0,0
031602030607,3,118.04882049560547,1.5851640051489233,10.0,0.6933504906192451,6,2022-03-18 15:00:00+00:00,6,2,1,0,0,0
031602030607,6,155.12242126464844,1.7330730821942546,10.0,0.7313011801883239,8,2022-03-18 17:00:00+00:00,8,2,1,0,0,0
031602030607,24,173.6358184814453,1.3824235282147628,5.0,0.5791023538805179,15,2018-09-05 18:00:00+00:00,15,2,0,0,0,0
031602030607,72,260.282958984375,1.6883946149098368,10.0,0.7071987882068769,16,2022-05-26 03:00:00+00:00,16,5,1,0,0,0
031602030701,1,68.10975646972656,1.3144962931648558,5.0,0.6074680620772361,5,2020-10-29 03:00:00+00:00,5,2,0,0,0,0
031602030701,3,127.07460021972656,1.756941118302881,25.0,0.7845523810107738,11,2021-04-24 10:00:00+00:00,11,3,3,1,0,0
031602030701,6,154.34384155273438,1.7686497514526325,25.0,0.7847666711896794,11,2021-04-24 10:00:00+00:00,11,5,4,1,0,0
031602030701,24,215.49905395507812,1.7518916887881832,25.0,0.7885909079078616,17,2021-08-30 17:00:00+00:00,17,6,2,1,0,0
031602030701,72,286.9880676269531,1.840721315857368,25.0,0.8275972031024973,16,2021-08-31 05:00:00+00:00,16,3,1,1,0,0
031602030702,1,71.53541564941406,1.363148256817665,5.0,0.6282959944919182,5,2021-04-24 09:00:00+00:00,5,2,0,0,0,0
031602030702,3,121.91014099121094,1.663119007791331,10.0,0.738436842197688,10,2021-04-24 10:00:00+00:00,10,5,2,0,0,0
031602030702,6,146.515869140625,1.6560765994276267,10.0,0.7299670121164085,10,2021-04-24 10:00:00+00:00,10,5,3,0,0,0
031602030702,24,217.83860778808594,1.747537860469383,25.0,0.7828565323835378,17,2021-08-30 18:00:00+00:00,17,6,1,1,0,0
031602030702,72,284.47186279296875,1.799925540260241,25.0,0.8045997075798256,16,2021-08-31 06:00:00+00:00,16,3,1,1,0,0
031602030703,1,56.457557678222656,1.0668929146142576,2.0,0.4930081493034249,1,2014-04-29 06:00:00+00:00,1,0,0,0,0,0
031602030703,3,99.53575897216797,1.3503750951099731,5.0,0.5926118141805251,6,2021-08-30 18:00:00+00:00,6,2,0,0,0,0
031602030703,6,131.64559936523438,1.4815407980347672,10.0,0.6383905499318938,11,2024-05-13 16:00:00+00:00,11,3,1,0,0,0
031602030703,24,216.05331420898438,1.727183380430578,10.0,0.7507747543027455,9,2021-08-31 02:00:00+00:00,9,2,1,0,0,0
031602030703,72,297.30438232421875,1.899729958225897,25.0,0.8260924592825318,10,2021-08-31 09:00:00+00:00,10,7,3,1,0,0
031602030704,3,101.50405883789062,1.3795684398041703,5.0,0.6073406930642647,6,2021-04-24 10:00:00+00:00,6,1,0,0,0,0
031602030704,6,130.36993408203125,1.4706581277277764,10.0,0.6353831199481809,8,2021-04-24 11:00:00+00:00,8,3,1,0,0,0
031602030704,24,206.5164031982422,1.656695441647272,10.0,0.7213675925953279,10,2021-08-31 02:00:00+00:00,10,2,1,0,0,0
031602030704,72,284.8272705078125,1.8347546895995541,25.0,0.7988619968892713,11,2021-08-31 09:00:00+00:00,11,7,1,1,0,0
031602030705,1,57.724857330322266,1.074288390420438,2.0,0.5007245136147553,1,2014-04-29 06:00:00+00:00,1,0,0,0,0,0
031602030705,3,90.79843139648438,1.2159966467461802,5.0,0.5295767781361219,9,2024-05-13 14:00:00+00:00,9,1,0,0,0,0
031602030705,6,117.91249084472656,1.3120114876785771,5.0,0.5541521132445945,8,2021-04-24 11:00:00+00:00,8,2,0,0,0,0
031602030705,24,184.81918334960938,1.4649216089494135,10.0,0.6175347477505626,13,2021-08-31 06:00:00+00:00,13,1,1,0,0,0
031602030705,72,281.09228515625,1.8093660696413247,25.0,0.7630596640627876,13,2021-08-31 09:00:00+00:00,13,5,2,1,0,0
031602030801,1,57.07980728149414,1.0737051487093505,2.0,0.4962603082550393,2,2014-04-29 06:00:00+00:00,2,0,0,0,0,0
031602030801,3,95.6430892944336,1.290267419825815,5.0,0.5669510606130143,9,2021-08-30 18:00:00+00:00,9,1,0,0,0,0
031602030801,6,120.8260498046875,1.3511743860574172,5.0,0.5827841039603969,9,2021-08-30 18:00:00+00:00,9,2,0,0,0,0
031602030801,24,211.31007385253906,1.677656470539294,10.0,0.7285763976482517,13,2021-08-31 05:00:00+00:00,13,2,1,0,0,0
031602030801,72,298.13055419921875,1.8830152113024425,25.0,0.8195266701888062,10,2021-08-31 08:00:00+00:00,10,6,2,1,0,0
031602030802,3,98.71250915527344,1.3178080359693178,5.0,0.5737615744282327,4,2024-05-13 14:00:00+00:00,4,1,0,0,0,0
031602030802,6,108.06781005859375,1.197017816253011,2.0,0.5049223340133443,6,2014-03-28 17:00:00+00:00,6,0,0,0,0,0
031602030802,24,215.1207275390625,1.6923101020476978,10.0,0.7095381976558476,10,2021-08-31 06:00:00+00:00,10,2,1,0,0,0
031602030802,72,324.2013244628906,2.050468738583492,25.0,0.8631267686454115,11,2021-08-31 08:00:00+00:00,11,4,1,1,0,0
031602030901,3,94.30758666992188,1.2701121903666965,5.0,0.5582481882105232,6,2021-04-24 11:00:00+00:00,6,1,0,0,0,0
031602030901,6,126.72059631347656,1.4191398873652632,10.0,0.6054904024100582,9,2021-04-24 11:00:00+00:00,9,3,1,0,0,0
031602030901,24,178.72438049316406,1.4268547116953494,5.0,0.6082858647803334,14,2021-08-31 06:00:00+00:00,14,1,0,0,0,0
031602030901,72,256.7275695800781,1.6683126480561163,10.0,0.7118718143901374,13,2021-08-31 09:00:00+00:00,13,6,1,0,0,0
031602030902,3,96.98836517333984,1.3006287184473115,5.0,0.5671780527966296,7,2024-05-13 14:00:00+00:00,7,1,0,0,0,0
031602030902,6,113.1469497680664,1.2618628673742414,5.0,0.529576268855179,11,2024-05-13 17:00:00+00:00,11,1,0,0,0,0
031602030902,24,174.64109802246094,1.3872270475006434,5.0,0.5747114672394469,14,2021-08-31 06:00:00+00:00,14,1,0,0,0,0
031602030902,72,277.1556396484375,1.7910394126749074,10.0,0.7416564513602701,15,2022-05-26 03:00:00+00:00,15,5,1,0,0,0
031602030903,1,59.0477294921875,1.0960475092200295,2.0,0.5137249663753785,1,2008-04-19 04:00:00+00:00,1,0,0,0,0,0
031602030903,3,87.19608306884766,1.1646600146307127,2.0,0.5067637443025614,6,2024-05-13 14:00:00+00:00,6,0,0,0,0,0
031602030903,6,118.77913665771484,1.3179883358822169,5.0,0.5515052554527143,7,2024-01-25 06:00:00+00:00,7,2,0,0,0,0
031602030903,24,192.74143981933594,1.5209413273107337,10.0,0.6261709307173198,13,2024-01-25 23:00:00+00:00,13,1,1,0,0,0
031602030903,72,306.42913818359375,1.9583852474864532,25.0,0.8070691248561206,16,2024-01-27 18:00:00+00:00,16,3,1,1,0,0
031602031001,1,70.2476577758789,1.2547597593845596,5.0,0.5874817343720833,2,2009-05-04 10:00:00+00:00,2,1,0,0,0,0
031602031001,3,127.02351379394531,1.6236965272119113,10.0,0.7121191391120514,5,2012-06-10 15:00:00+00:00,5,1,1,0,0,0
031602031001,6,151.49609375,1.6030599308523594,10.0,0.6806811225745751,6,2017-10-08 09:00:00+00:00,6,3,1,0,0,0
031602031001,24,227.5209503173828,1.7100406067104288,10.0,0.719063318463295,10,2021-08-30 18:00:00+00:00,10,3,1,0,0,0
031602031001,72,324.1828918457031,1.952100988291945,25.0,0.8259273422961162,12,2021-08-31 07:00:00+00:00,12,3,2,1,0,0
031602031002,1,56.914920806884766,1.0473356260059195,2.0,0.4873158456331466,1,2005-07-06 11:00:00+00:00,1,0,0,0,0,0
031602031002,3,100.74295806884766,1.3288539359769453,5.0,0.5820955582187411,4,2009-05-04 11:00:00+00:00,4,1,0,0,0,0
031602031002,6,120.25007629394531,1.3143545016135996,5.0,0.5598337453100815,8,2017-10-08 09:00:00+00:00,8,1,0,0,0,0
031602031002,24,215.58004760742188,1.6733544612706968,10.0,0.7097208850848616,7,2021-08-30 18:00:00+00:00,7,2,1,0,0,0
031602031002,72,315.1077880859375,1.9546873437061687,25.0,0.8335151536485752,11,2021-08-31 07:00:00+00:00,11,4,1,1,0,0
031602031101,1,59.77503204345703,1.100846631700309,2.0,0.5184916958709189,1,2003-06-14 03:00:00+00:00,1,0,0,0,0,0
031602031101,3,82.92469024658203,1.0968880660764246,2.0,0.4783122002010298,5,2024-01-25 04:00:00+00:00,5,0,0,0,0,0
031602031101,6,129.18443298339844,1.4178745770424381,5.0,0.590674108717247,6,2024-01-25 06:00:00+00:00,6,4,0,0,0,0
031602031101,24,197.46163940429688,1.5382325446780984,10.0,0.6210274729332079,14,2024-01-25 23:00:00+00:00,14,3,1,0,0,0
031602031101,72,325.4466857910156,2.044023583809308,25.0,0.826905234010356,17,2024-01-27 19:00:00+00:00,17,3,1,1,0,0
031602031102,1,69.37165069580078,1.2272298227197214,5.0,0.5758771241938078,1,2005-07-06 11:00:00+00:00,1,1,0,0,0,0
031602031102,3,102.77619934082031,1.3005855617458282,5.0,0.5663500123415329,5,2012-06-10 15:00:00+00:00,5,2,0,0,0,0
031602031102,6,133.797119140625,1.400062113210497,5.0,0.58461331191479,8,2022-02-04 03:00:00+00:00,8,3,0,0,0,0
031602031102,24,236.58499145507812,1.7530987673784006,10.0,0.7167636473396659,9,2021-08-30 19:00:00+00:00,9,3,1,0,0,0
031602031102,72,345.3299255371094,2.050681832365744,25.0,0.847615014572365,8,2021-08-31 10:00:00+00:00,8,5,2,1,0,0
031602031103,3,84.56048583984375,1.0944166903725627,2.0,0.47635869095714506,4,2024-01-25 03:00:00+00:00,4,0,0,0,0,0
031602031103,6,126.71044158935547,1.3578460545177993,5.0,0.5638520253596607,6,2024-01-25 06:00:00+00:00,6,4,0,0,0,0
031602031103,24,228.45849609375,1.735267769122931,10.0,0.6971608621142598,12,2024-01-25 23:00:00+00:00,12,3,1,0,0,0
031602031103,72,360.98968505859375,2.2016309659425994,50.0,0.8908469854317022,17,2024-12-11 07:00:00+00:00,17,3,1,1,1,0
031602040101,1,73.05990600585938,1.2477544298448753,5.0,0.5900616264082769,1,2003-06-18 08:00:00+00:00,1,1,0,0,0,0
031602040101,3,104.5226821899414,1.2738784638697405,5.0,0.5607255296631292,5,2017-01-01 19:00:00+00:00,5,1,0,0,0,0
031602040101,6,145.2381134033203,1.4614230028872284,10.0,0.6177618767257005,6,2017-01-01 21:00:00+00:00,6,3,1,0,0,0
031602040101,24,196.67022705078125,1.4013634481728585,5.0,0.5786374416666641,11,2021-08-30 18:00:00+00:00,11,3,0,0,0,0
031602040101,72,286.6184997558594,1.6353365825363793,10.0,0.68041986053149,13,2021-08-31 10:00:00+00:00,13,4,3,0,0,0
031602040102,1,59.550941467285156,1.02679935420092,2.0,0.48522800466391813,1,2003-06-18 08:00:00+00:00,1,0,0,0,0,0
031602040102,3,106.10015106201172,1.3061608039865515,5.0,0.5711878495883874,3,2024-04-10 19:00:00+00:00,3,1,0,0,0,0
031602040102,6,136.97373962402344,1.3920855147641378,5.0,0.5799060015215806,5,2020-06-08 06:00:00+00:00,5,1,0,0,0,0
031602040102,24,190.989501953125,1.3727597120757904,5.0,0.5527981879333518,9,2021-08-30 18:00:00+00:00,9,3,0,0,0,0
031602040102,72,286.3299255371094,1.6463568622869023,10.0,0.6717325588572752,13,2021-08-31 10:00:00+00:00,13,5,1,0,0,0
031602040103,3,88.755615234375,1.1162554376505165,2.0,0.4889661886673884,2,2009-04-13 11:00:00+00:00,2,0,0,0,0,0
031602040103,6,127.9368896484375,1.3284655337948288,5.0,0.5517243138448711,4,2012-06-10 15:00:00+00:00,4,1,0,0,0,0
031602040103,24,187.3797607421875,1.3800919110319472,5.0,0.5444409242008716,11,2021-08-30 19:00:00+00:00,11,4,0,0,0,0
031602040103,72,322.2972717285156,1.9020412873793386,25.0,0.7561153675820271,14,2024-12-11 08:00:00+00:00,14,4,1,1,0,0
031602040104,3,113.78752899169922,1.3982862282283661,5.0,0.6272818655149096,4,2009-04-13 12:00:00+00:00,4,1,0,0,0,0
031602040104,6,160.14944458007812,1.6197473614801483,10.0,0.6827145641471335,9,2012-06-10 15:00:00+00:00,9,3,1,0,0,0
031602040104,24,233.92901611328125,1.6888332208637493,10.0,0.6456674072072011,12,2021-08-30 19:00:00+00:00,12,3,2,0,0,0
031602040104,72,315.27484130859375,1.8220070517934106,10.0,0.6931225042560314,15,2021-08-31 11:00:00+00:00,15,9,1,0,0,0
031602040105,3,93.23770141601562,1.133705534892577,2.0,0.5007003218469457,2,2024-04-10 19:00:00+00:00,2,0,0,0,0,0
031602040105,6,117.65740203857422,1.1808429604244608,2.0,0.4936335593581916,9,2020-06-08 05:00:00+00:00,9,0,0,0,0,0
031602040105,24,200.13206481933594,1.4238723417584929,5.0,0.5640414464890633,13,2021-08-30 18:00:00+00:00,13,1,0,0,0,0
031602040105,72,246.49298095703125,1.400869795198809,5.0,0.5621745043073085,19,2025-06-12 02:00:00+00:00,19,5,0,0,0,0
031602040106,3,93.00570678710938,1.142866967133591,2.0,0.5052228770901428,2,2014-03-16 15:00:00+00:00,2,0,0,0,0,0
031602040106,6,126.794677734375,1.2841863972841907,5.0,0.5362202906124656,7,2019-10-30 21:00:00+00:00,7,1,0,0,0,0
031602040106,24,189.7720489501953,1.3661403407832327,5.0,0.5337118589533277,13,2021-08-30 18:00:00+00:00,13,3,0,0,0,0
031602040106,72,276.73193359375,1.5936442575319094,10.0,0.6270536393310104,19,2024-12-11 08:00:00+00:00,19,6,1,0,0,0
031602040201,1,60.588741302490234,1.0318590853512666,2.0,0.4986182027678594,2,2012-02-18 22:00:00+00:00,2,0,0,0,0,0
031602040201,3,123.80055236816406,1.4778170631924634,10.0,0.670474170276262,3,2009-12-15 01:00:00+00:00,3,2,1,0,0,0
031602040201,6,170.5974578857422,1.672740824055118,10.0,0.7125001743169002,7,2025-04-07 02:00:00+00:00,7,3,3,0,0,0
031602040201,24,243.8726348876953,1.7129920602659956,10.0,0.65338223946095,16,2025-04-07 19:00:00+00:00,16,4,2,0,0,0
031602040201,72,322.36749267578125,1.8098985689674734,10.0,0.6853741913171788,18,2021-08-31 11:00:00+00:00,18,11,1,0,0,0
031602040202,1,59.046836853027344,1.0024431135410865,2.0,0.4814865000257004,1,2004-09-16 07:00:00+00:00,1,0,0,0,0,0
031602040202,3,113.03657531738281,1.3542670507291554,5.0,0.6088179544592177,5,2017-05-21 02:00:00+00:00,5,1,0,0,0,0
031602040202,6,155.15284729003906,1.5302475885221494,10.0,0.6477628868427929,9,2017-05-21 02:00:00+00:00,9,3,1,0,0,0
031602040202,24,215.99571228027344,1.521162912972199,10.0,0.5894641912551587,19,2021-12-19 00:00:00+00:00,19,4,1,0,0,0
031602040202,72,300.14654541015625,1.689634864008239,10.0,0.6565323836680242,18,2021-08-31 11:00:00+00:00,18,9,1,0,0,0
031602040203,1,60.44804000854492,1.0064052413198958,2.0,0.4894675402903481,2,2012-02-18 22:00:00+00:00,2,0,0,0,0,0
031602040203,3,111.23008728027344,1.2963164255984247,5.0,0.596867593413956,3,2025-04-07 00:00:00+00:00,3,1,0,0,0,0
031602040203,6,169.78594970703125,1.6261566335329072,10.0,0.7022640607175935,9,2025-04-07 02:00:00+00:00,9,4,2,0,0,0
031602040203,24,261.9791564941406,1.8047472871614711,10.0,0.6903794356874148,17,2025-04-07 12:00:00+00:00,17,4,1,0,0,0
031602040203,72,323.55224609375,1.7801021929825063,10.0,0.6761535975419583,19,2021-08-31 12:00:00+00:00,19,9,3,0,0,0
031602040301,1,81.05419158935547,1.3738857515567233,5.0,0.6555561494268113,2,2009-03-27 08:00:00+00:00,2,1,0,0,0,0
031602040301,3,120.24493408203125,1.4545461746318082,10.0,0.6461919548615168,3,2024-04-10 19:00:00+00:00,3,1,1,0,0,0
031602040301,6,138.6717071533203,1.3843678905301777,5.0,0.5844825568587967,8,2012-06-10 17:00:00+00:00,8,1,0,0,0,0
031602040301,24,207.09979248046875,1.4644210414605254,5.0,0.5895571301689491,14,2021-08-30 18:00:00+00:00,14,1,0,0,0,0
031602040301,72,261.883544921875,1.4793563360455082,5.0,0.6020799279000062,19,2024-12-11 07:00:00+00:00,19,4,0,0,0,0
031602040302,1,106.10099792480469,1.7925972477070955,25.0,0.8587289893662798,2,2017-10-22 18:00:00+00:00,2,1,1,1,0,0
031602040302,3,126.14236450195312,1.5211069675389042,10.0,0.6808070778431521,2,2009-03-27 09:00:00+00:00,2,2,1,0,0,0
031602040302,6,143.3314208984375,1.4267930611758568,5.0,0.6075606815898443,10,2025-06-10 03:00:00+00:00,10,2,0,0,0,0
031602040302,24,207.36495971679688,1.464534074611299,5.0,0.5933771425150812,12,2021-08-30 18:00:00+00:00,12,3,0,0,0,0
031602040302,72,260.84521484375,1.4726718458078423,5.0,0.6018731849999558,18,2021-08-31 11:00:00+00:00,18,5,0,0,0,0
031602040303,1,96.91808319091797,1.6260811204380299,10.0,0.7841863296589492,2,2017-10-22 18:00:00+00:00,2,1,1,0,0,0
031602040303,3,129.39779663085938,1.5473769234731194,10.0,0.7017440328072668,3,2017-10-22 20:00:00+00:00,3,1,1,0,0,0
031602040303,6,143.77386474609375,1.4144982928291272,5.0,0.6049426651873158,9,2017-10-22 23:00:00+00:00,9,3,0,0,0,0
031602040303,24,203.53732299804688,1.4184862626923258,5.0,0.5620022799695276,13,2021-08-30 17:00:00+00:00,13,3,0,0,0,0
031602040303,72,277.95526123046875,1.5440024693396952,10.0,0.6197190225434219,21,2021-08-31 11:00:00+00:00,21,6,1,0,0,0
031602040304,1,73.05428314208984,1.216396236705934,5.0,0.58854703819847,2,2015-09-28 00:00:00+00:00,2,1,0,0,0,0
031602040304,3,133.39291381835938,1.5786772242397122,10.0,0.7218950105812914,10,2025-04-06 23:00:00+00:00,10,6,2,0,0,0
031602040304,6,170.8425750732422,1.6564029691498974,10.0,0.7101441446663467,12,2025-04-07 02:00:00+00:00,12,6,3,0,0,0
031602040304,24,230.98983764648438,1.5840424208704633,10.0,0.617599985921212,17,2025-04-07 11:00:00+00:00,17,5,1,0,0,0
031602040304,72,313.3497314453125,1.7111319888497658,10.0,0.6774816544838808,24,2021-08-31 11:00:00+00:00,24,7,1,0,0,0
031602040305,3,119.71817016601562,1.4193330698432232,10.0,0.6469531858696913,10,2025-04-06 23:00:00+00:00,10,3,1,0,0,0
031602040305,6,161.92742919921875,1.581111170658747,10.0,0.6760776219643627,14,2025-04-07 02:00:00+00:00,14,5,1,0,0,0
031602040305,24,237.47515869140625,1.6537407921766076,10.0,0.6409007882056248,17,2025-04-07 11:00:00+00:00,17,4,1,0,0,0
031602040305,72,326.68743896484375,1.7968612066709495,10.0,0.7009064638912518,21,2021-08-31 12:00:00+00:00,21,6,2,0,0,0
031602040401,3,93.61424255371094,1.1222809900925623,2.0,0.5028427273801,2,2017-05-21 02:00:00+00:00,2,0,0,0,0,0
031602040401,6,123.64680480957031,1.2229357821649331,2.0,0.5164507495418953,10,2025-06-10 03:00:00+00:00,10,0,0,0,0,0
031602040401,24,192.3273162841797,1.3528327790715755,5.0,0.5304473778736829,14,2025-06-10 22:00:00+00:00,14,3,0,0,0,0
031602040401,72,266.80450439453125,1.495261455961329,10.0,0.5925197282052742,17,2021-08-31 11:00:00+00:00,17,7,1,0,0,0
031602040402,1,72.59652709960938,1.21799681204996,5.0,0.5859087439303182,1,2005-07-06 10:00:00+00:00,1,1,0,0,0,0
031602040402,3,94.048583984375,1.1211886940695772,2.0,0.5065298065367851,4,2017-05-21 02:00:00+00:00,4,0,0,0,0,0
031602040402,6,140.43881225585938,1.380147326325206,5.0,0.5867735673513281,10,2017-10-22 23:00:00+00:00,10,3,0,0,0,0
031602040402,24,211.18106079101562,1.4767541316285644,5.0,0.5777312379040586,16,2021-08-30 18:00:00+00:00,16,4,0,0,0,0
031602040402,72,284.03900146484375,1.5778549846983692,10.0,0.6231886144140181,22,2021-08-31 11:00:00+00:00,22,4,1,0,0,0
031602040403,3,110.90362548828125,1.2992956878643058,5.0,0.5988750543613828,3,2025-04-06 23:00:00+00:00,3,1,0,0,0,0
031602040403,6,154.13491821289062,1.4872985504129645,10.0,0.64247906428109,9,2025-04-07 02:00:00+00:00,9,3,2,0,0,0
031602040403,24,208.0863037109375,1.4424605166517954,5.0,0.5549604724297253,16,2025-04-07 12:00:00+00:00,16,5,0,0,0,0
031602040403,72,322.5449523925781,1.7765028118724557,10.0,0.6823491727943015,21,2025-04-07 19:00:00+00:00,21,5,2,0,0,0
031602040501,1,76.45161437988281,1.2683581019762553,5.0,0.6231825593777459,1,2025-04-06 23:00:00+00:00,1,1,0,0,0,0
031602040501,3,192.3013153076172,2.2200117887378146,100.0,1.0433384250084774,5,2025-04-07 00:00:00+00:00,5,3,2,1,1,1
031602040501,6,267.9815673828125,2.5393675724446543,100.0,1.1136815074786357,9,2025-04-07 03:00:00+00:00,9,2,2,2,1,1
031602040501,24,299.1396484375,2.050908263728883,25.0,0.7738897664050075,19,2025-04-07 20:00:00+00:00,19,6,2,1,0,0
031602040501,72,312.32489013671875,1.7047739212189987,10.0,0.6362686177363925,18,2025-04-07 20:00:00+00:00,18,9,3,0,0,0
031602040502,1,67.40592956542969,1.1151575120526458,2.0,0.5473928281608745,1,2025-04-06 23:00:00+00:00,1,0,0,0,0,0
031602040502,3,178.79928588867188,2.0613969093877853,50.0,0.9667065335072563,8,2025-04-07 00:00:00+00:00,8,2,1,1,1,0
031602040502,6,228.31951904296875,2.1619492572359986,50.0,0.9473864628871091,11,2025-04-07 03:00:00+00:00,11,4,2,2,1,0
031602040502,24,255.5339813232422,1.7495794886537688,10.0,0.6629782209542766,20,2025-04-07 18:00:00+00:00,20,4,3,0,0,0
031602040502,72,306.5718078613281,1.6727275925483471,10.0,0.6265844127918496,19,2025-04-07 20:00:00+00:00,19,9,3,0,0,0
031602040503,1,80.2649154663086,1.3273334346870094,5.0,0.653724333986953,3,2025-04-06 23:00:00+00:00,3,1,0,0,0,0
031602040503,3,211.03390502929688,2.4294495626663104,200.0,1.1506965957088677,5,2025-04-07 01:00:00+00:00,5,5,1,1,1,1
031602040503,6,258.03192138671875,2.4380617100981885,100.0,1.0759613071507292,9,2025-04-07 03:00:00+00:00,9,5,3,2,1,1
031602040503,24,294.2801513671875,2.010805201264287,25.0,0.7597554755986557,18,2025-04-07 20:00:00+00:00,18,4,4,2,0,0
031602040503,72,335.6267395019531,1.8196306891184861,10.0,0.6821389522560636,20,2025-04-07 20:00:00+00:00,20,8,3,0,0,0
031602040504,1,72.67659759521484,1.2095614264863768,2.0,0.5853641517693302,2,2014-04-29 08:00:00+00:00,2,0,0,0,0,0
031602040504,3,141.6192626953125,1.6704908305165658,10.0,0.7660332884737255,11,2025-04-06 23:00:00+00:00,11,5,2,0,0,0
031602040504,6,168.95433044433594,1.6365830610714318,10.0,0.7022586723816586,16,2025-04-07 02:00:00+00:00,16,6,3,0,0,0
031602040504,24,250.18699645996094,1.7251466080471167,10.0,0.6661248197748427,21,2025-04-07 11:00:00+00:00,21,5,2,0,0,0
031602040504,72,330.45880126953125,1.805947162999596,10.0,0.7041040937323787,26,2025-04-07 19:00:00+00:00,26,6,1,0,0,0
031602040505,1,67.85503387451172,1.1242552187236623,2.0,0.5491051440976115,1,2025-04-06 23:00:00+00:00,1,0,0,0,0,0
031602040505,3,143.13992309570312,1.65870669687117,10.0,0.7750771037183213,5,2025-04-07 00:00:00+00:00,5,3,1,0,0,0
031602040505,6,205.00132751464844,1.9537405199070528,25.0,0.8527586566250188,8,2025-04-07 02:00:00+00:00,8,4,2,1,0,0
031602040505,24,285.0474853515625,1.960896423248762,25.0,0.7460471890217891,15,2025-04-07 19:00:00+00:00,15,4,4,1,0,0
031602040505,72,338.2213439941406,1.8362109232603345,10.0,0.6944910626617109,20,2025-04-07 20:00:00+00:00,20,7,2,0,0,0
031602050101,1,77.89456176757812,1.2886474588746386,5.0,0.6274418530069868,3,2025-04-06 23:00:00+00:00,3,2,0,0,0,0
031602050101,3,133.50936889648438,1.5630721000715573,10.0,0.7249760897677557,7,2025-04-07 00:00:00+00:00,7,5,3,0,0,0
031602050101,6,173.18310546875,1.667335280135878,10.0,0.7214585651519156,16,2025-04-07 02:00:00+00:00,16,5,3,0,0,0
031602050101,24,284.9530334472656,1.9635910898937075,25.0,0.7547241255074438,18,2025-05-10 11:00:00+00:00,18,5,2,1,0,0
031602050101,72,318.4601135253906,1.743581235155372,10.0,0.6766167401882073,22,2025-04-07 19:00:00+00:00,22,6,4,0,0,0
031602050102,1,89.04832458496094,1.4650959993824293,10.0,0.7190581340394714,4,2025-04-06 23:00:00+00:00,4,2,2,0,0,0
031602050102,3,170.23043823242188,1.9852563371346317,50.0,0.9322396281632804,10,2025-04-06 23:00:00+00:00,10,10,4,1,1,0
031602050102,6,209.1717071533203,1.9941596525428567,25.0,0.8705390120323397,14,2025-04-07 02:00:00+00:00,14,10,4,2,0,0
031602050102,24,270.0067138671875,1.827029278184488,10.0,0.7036922574909198,20,2025-04-07 11:00:00+00:00,20,7,4,0,0,0
031602050102,72,354.9822692871094,1.9246230851272876,25.0,0.7564391422112415,25,2025-04-07 19:00:00+00:00,25,8,4,1,0,0
031602050103,1,74.80303955078125,1.2241365099591348,5.0,0.6032385662089655,2,2025-04-06 23:00:00+00:00,2,1,0,0,0,0
031602050103,3,128.96902465820312,1.49044382371672,10.0,0.7050988150484454,8,2025-04-07 00:00:00+00:00,8,5,2,0,0,0
031602050103,6,168.19241333007812,1.5977004711624399,10.0,0.7019666182008204,16,2025-04-07 02:00:00+00:00,16,4,1,0,0,0
031602050103,24,296.3410949707031,2.0191349778112304,25.0,0.7744921868118432,16,2025-04-07 11:00:00+00:00,16,4,3,2,0,0
031602050103,72,357.979736328125,1.9485801930968336,25.0,0.7586125713602256,19,2025-04-07 19:00:00+00:00,19,9,4,1,0,0
031602050104,1,69.72083282470703,1.1287493638386925,2.0,0.5562780026490874,1,2005-07-06 09:00:00+00:00,1,0,0,0,0,0
031602050104,3,139.7742919921875,1.5950789589810155,10.0,0.7523109179774967,10,2025-04-07 01:00:00+00:00,10,2,1,0,0,0
031602050104,6,204.41497802734375,1.9180775534309267,25.0,0.8405040802532756,16,2025-04-07 02:00:00+00:00,16,5,2,1,0,0
031602050104,24,295.0543212890625,1.9850311935229807,25.0,0.7619464777645334,20,2025-05-10 13:00:00+00:00,20,4,3,1,0,0
031602050104,72,336.2676086425781,1.811658579011184,10.0,0.7076570073359963,23,2024-12-29 09:00:00+00:00,23,10,4,0,0,0
031602050105,3,117.29219055175781,1.3451136611472074,5.0,0.6295294790909521,9,2025-04-07 01:00:00+00:00,9,3,0,0,0,0
031602050105,6,153.55477905273438,1.4494366616783028,10.0,0.6315029025420276,11,2025-04-07 03:00:00+00:00,11,5,1,0,0,0
031602050105,24,300.6061096191406,2.0423672926626595,25.0,0.7792979436125067,15,2025-05-10 13:00:00+00:00,15,5,2,2,0,0
031602050105,72,336.17022705078125,1.8212099922323797,10.0,0.7005001892948055,19,2025-04-07 19:00:00+00:00,19,6,4,0,0,0
031602050201,1,98.6051025390625,1.614603546801253,10.0,0.791876246272063,2,2014-04-30 03:00:00+00:00,2,1,1,0,0,0
031602050201,3,149.63800048828125,1.6931225813002515,25.0,0.7963277011527542,8,2025-04-07 02:00:00+00:00,8,4,2,1,0,0
031602050201,6,233.53341674804688,2.158644727915461,50.0,0.9447865713140482,9,2025-04-07 04:00:00+00:00,9,5,4,1,1,0
031602050201,24,364.1667785644531,2.431218314238098,50.0,0.9088240175272536,15,2025-04-07 20:00:00+00:00,15,5,4,1,1,0
031602050201,72,394.7118835449219,2.099347774537429,25.0,0.7825910950587998,16,2020-09-16 20:00:00+00:00,16,7,5,2,0,0
031602050202,1,88.66250610351562,1.4393105889045132,10.0,0.7036551335324646,3,2020-09-16 10:00:00+00:00,3,2,1,0,0,0
031602050202,3,164.46926879882812,1.8360880938246258,25.0,0.8593773880955985,4,2020-09-16 11:00:00+00:00,4,3,3,2,0,0
031602050202,6,227.30194091796875,2.067336055744253,50.0,0.8984276552943754,7,2020-09-16 11:00:00+00:00,7,4,4,2,2,0
031602050202,24,377.6083679199219,2.4813314713568086,50.0,0.9191225081508039,9,2020-09-16 13:00:00+00:00,9,7,4,2,2,0
031602050202,72,418.6417236328125,2.1982105267690266,25.0,0.817579194157761,15,2020-09-16 19:00:00+00:00,15,6,4,3,0,0
031602050203,1,65.21614074707031,1.0582930985587058,2.0,0.5186881625953887,2,2020-09-16 09:00:00+00:00,2,0,0,0,0,0
031602050203,3,148.79701232910156,1.6624418008316904,10.0,0.7800887867698754,6,2020-09-16 10:00:00+00:00,6,2,1,0,0,0
031602050203,6,228.631591796875,2.0853426410658673,50.0,0.9032248835508744,7,2020-09-16 10:00:00+00:00,7,4,2,2,1,0
031602050203,24,414.7286376953125,2.7433268546406926,100.0,1.0034424634530317,12,2020-09-16 10:00:00+00:00,12,6,3,2,1,1
031602050203,72,451.6188049316406,2.39272917590411,50.0,0.8851511128576781,17,2020-09-16 20:00:00+00:00,17,5,4,2,1,0
031602050204,1,66.45563507080078,1.0804863765057011,2.0,0.5285780984085311,1,2014-04-30 03:00:00+00:00,1,0,0,0,0,0
031602050204,3,130.84234619140625,1.4670349519426467,10.0,0.6876828709699081,7,2023-06-19 20:00:00+00:00,7,3,2,0,0,0
031602050204,6,187.25149536132812,1.7150298521546792,10.0,0.7460469670727198,9,2023-06-19 21:00:00+00:00,9,5,4,0,0,0
031602050204,24,337.5636901855469,2.239569149447639,25.0,0.826968517435005,12,2021-10-05 08:00:00+00:00,12,7,5,2,0,0
031602050204,72,435.3246154785156,2.3083665187588993,50.0,0.854230463694837,19,2023-06-20 00:00:00+00:00,19,6,4,2,1,0
031602050205,1,71.61881256103516,1.161202387040547,2.0,0.5685935581395056,2,2014-04-30 03:00:00+00:00,2,0,0,0,0,0
031602050205,3,151.58078002929688,1.7002026308518146,25.0,0.7990707171645453,8,2025-08-13 10:00:00+00:00,8,3,2,1,0,0
031602050205,6,192.67428588867188,1.769022777071194,25.0,0.7743454774439253,12,2025-08-13 11:00:00+00:00,12,5,3,1,0,0
031602050205,24,341.5776062011719,2.2714187751145705,25.0,0.847851538929234,13,2020-09-16 13:00:00+00:00,13,6,5,1,0,0
031602050205,72,436.7891540527344,2.318046799403119,50.0,0.8611717143607098,15,2020-09-16 20:00:00+00:00,15,6,5,2,1,0
031602050206,1,72.19068908691406,1.1728246869331531,2.0,0.5769360388817939,3,2020-09-16 08:00:00+00:00,3,0,0,0,0,0
031602050206,3,164.51251220703125,1.8409797083489499,25.0,0.868033220669671,5,2020-09-16 09:00:00+00:00,5,1,1,1,0,0
031602050206,6,266.96734619140625,2.442769173126243,100.0,1.0570069292416668,9,2020-09-16 09:00:00+00:00,9,4,2,2,1,1
031602050206,24,484.6241455078125,3.2238753818334427,200.0,1.1670871060767596,13,2020-09-16 09:00:00+00:00,13,6,4,2,1,1
031602050206,72,526.470703125,2.8145618771882512,100.0,1.037331177928767,15,2020-09-16 17:00:00+00:00,15,7,5,2,1,1
031602050207,1,83.74303436279297,1.360979908795519,5.0,0.6688252228766731,3,2020-09-16 08:00:00+00:00,3,2,0,0,0,0
031602050207,3,176.99282836914062,1.9854407770758404,50.0,0.9351186864216653,6,2022-08-25 14:00:00+00:00,6,1,1,1,1,0
031602050207,6,274.0473327636719,2.5138880772464374,100.0,1.0879704669365677,9,2020-09-16 09:00:00+00:00,9,3,2,1,1,1
031602050207,24,469.2528991699219,3.126166568595325,100.0,1.1340616360917413,14,2022-08-25 17:00:00+00:00,14,6,4,1,1,1
031602050207,72,506.9386901855469,2.7101505107259323,50.0,0.9985496715962326,16,2022-08-26 05:00:00+00:00,16,6,4,2,1,0
031602050208,1,67.58525848388672,1.0956124052191218,2.0,0.5386380363809498,1,2020-09-16 07:00:00+00:00,1,0,0,0,0,0
031602050208,3,168.934326171875,1.8907812964742141,50.0,0.8907497559069985,2,2020-09-16 08:00:00+00:00,2,1,1,1,1,0
031602050208,6,262.49725341796875,2.404161658225455,100.0,1.039664647824219,8,2021-04-15 15:00:00+00:00,8,2,2,1,1,1
031602050208,24,460.56634521484375,3.061396265752993,100.0,1.1075046007186324,9,2020-09-16 09:00:00+00:00,9,6,3,1,1,1
031602050208,72,510.06365966796875,2.7338745848362604,100.0,1.0024125695335881,17,2021-08-31 13:00:00+00:00,17,6,2,2,1,1
031602050300,6,125.73820495605469,1.1636380310693164,2.0,0.5056311093198822,4,2023-06-19 21:00:00+00:00,4,0,0,0,0,0
031602050300,24,260.8456115722656,1.7441548477801412,10.0,0.6496979851691841,8,2020-09-16 11:00:00+00:00,8,3,2,0,0,0
031602050300,72,336.33062744140625,1.8014476898750291,10.0,0.6709867614613001,10,2023-06-20 03:00:00+00:00,10,4,1,0,0,0
031700020504,3,91.70748901367188,1.3821528756144748,10.0,0.6899272809700963,5,2024-05-17 15:00:00+00:00,5,2,1,0,0,0
031700020504,6,123.0402603149414,1.541159314851936,10.0,0.7446751448049029,7,2024-05-17 17:00:00+00:00,7,3,3,0,0,0
031700020504,24,190.80184936523438,1.7055897588195492,10.0,0.7711370492979922,11,2024-05-18 02:00:00+00:00,11,5,1,0,0,0
031700020504,72,244.6427764892578,1.7207173433901128,25.0,0.8039563543441103,17,2025-05-29 02:00:00+00:00,17,5,3,1,0,0
031700020505,3,73.85581970214844,1.11027560536261,2.0,0.5493195702408442,4,2021-03-16 09:00:00+00:00,4,0,0,0,0,0
031700020505,6,104.89607238769531,1.3092674888446898,5.0,0.6304182310000066,5,2024-05-17 17:00:00+00:00,5,1,0,0,0,0
031700020505,24,176.40664672851562,1.5696248862206674,10.0,0.7129530177936527,11,2021-03-17 00:00:00+00:00,11,5,2,0,0,0
031700020505,72,256.9266052246094,1.8038759452556414,25.0,0.8398475349581248,15,2021-03-18 06:00:00+00:00,15,5,3,1,0,0
031700020507,3,86.63729858398438,1.2897267550977944,5.0,0.6271271344817602,5,2020-10-29 04:00:00+00:00,5,2,0,0,0,0
031700020507,6,106.86447143554688,1.3193139884170466,5.0,0.6288186976433945,6,2020-08-25 17:00:00+00:00,6,4,0,0,0,0
031700020507,24,179.4629364013672,1.5783952039345375,10.0,0.7194483442028683,9,2020-10-29 04:00:00+00:00,9,5,2,0,0,0
031700020507,72,211.32046508789062,1.474001830193098,10.0,0.6821694381622232,14,2021-03-18 06:00:00+00:00,14,8,1,0,0,0
031700020602,1,66.074462890625,1.3425809664454764,5.0,0.6470042488959816,3,2018-12-27 23:00:00+00:00,3,2,0,0,0,0
031700020602,3,103.31234741210938,1.5045324977859351,10.0,0.7106942585725564,6,2020-08-25 14:00:00+00:00,6,3,1,0,0,0
031700020602,6,117.97848510742188,1.4245280659477377,10.0,0.6638909309333071,7,2020-08-25 16:00:00+00:00,7,4,1,0,0,0
031700020602,24,167.48260498046875,1.4424228524193694,10.0,0.6568320058963927,13,2020-10-29 04:00:00+00:00,13,5,1,0,0,0
031700020602,72,210.43331909179688,1.4471048337326167,10.0,0.664898273906573,19,2021-03-18 06:00:00+00:00,19,4,1,0,0,0
031700020603,1,64.44464111328125,1.3181547880514661,5.0,0.642262590176507,2,2009-04-13 04:00:00+00:00,2,1,0,0,0,0
031700020603,3,100.20893859863281,1.469158778996084,10.0,0.7038900331155762,6,2020-10-29 03:00:00+00:00,6,2,1,0,0,0
031700020603,6,125.33599090576172,1.5229099855811066,10.0,0.7186641731401783,6,2018-12-28 03:00:00+00:00,6,5,2,0,0,0
031700020603,24,206.18865966796875,1.7882917795271356,25.0,0.8166943932668779,11,2020-10-29 04:00:00+00:00,11,7,3,1,0,0
031700020603,72,241.5886688232422,1.6700273917103001,10.0,0.7704885257046644,16,2021-03-18 06:00:00+00:00,16,4,2,0,0,0
031700020604,1,53.7347297668457,1.0585424001109762,2.0,0.4996199160404631,2,2014-04-29 05:00:00+00:00,2,0,0,0,0,0
031700020604,3,103.34059143066406,1.457396593073958,10.0,0.6714533936352872,7,2020-02-11 02:00:00+00:00,7,4,1,0,0,0
031700020604,6,112.4659423828125,1.3148648216700352,5.0,0.6005318274147846,9,2020-02-11 03:00:00+00:00,9,4,0,0,0,0
031700020604,24,178.18313598632812,1.488464846445177,10.0,0.676478224890787,10,2018-12-28 13:00:00+00:00,10,7,2,0,0,0
031700020604,72,224.00656127929688,1.501121842284859,10.0,0.6870501896565174,17,2018-12-30 05:00:00+00:00,17,4,1,0,0,0
031700020605,1,52.750431060791016,1.0321039957667975,2.0,0.48695993240751817,2,2014-04-29 05:00:00+00:00,2,0,0,0,0,0
031700020605,3,107.27703857421875,1.5017486290006852,10.0,0.6918962730551692,8,2020-02-11 02:00:00+00:00,8,3,2,0,0,0
031700020605,6,133.60836791992188,1.5503611417134784,10.0,0.708540626507464,9,2018-12-28 03:00:00+00:00,9,5,1,0,0,0
031700020605,24,240.41696166992188,1.9972428776495736,50.0,0.9089775267668548,12,2020-10-29 04:00:00+00:00,12,7,2,1,1,0
031700020605,72,273.3144226074219,1.826208700452277,25.0,0.8368492028707927,17,2018-12-30 05:00:00+00:00,17,5,2,1,0,0
031700020607,1,54.62943649291992,1.0345389134268481,2.0,0.4820409616173669,2,2020-02-11 01:00:00+00:00,2,0,0,0,0,0
031700020607,3,110.06109619140625,1.48927050009712,10.0,0.6733276292157668,7,2018-12-28 01:00:00+00:00,7,3,1,0,0,0
031700020607,6,133.916015625,1.5022529452831856,10.0,0.675578558688044,11,2021-04-24 10:00:00+00:00,11,3,2,0,0,0
031700020607,24,257.90057373046875,2.076511763977836,50.0,0.9443511601987785,13,2020-10-29 04:00:00+00:00,13,6,1,1,1,0
031700020607,72,298.02587890625,1.9395744557886194,25.0,0.8844307347174312,20,2020-10-29 04:00:00+00:00,20,7,1,1,0,0
031700030204,3,112.87059020996094,1.4523403818045737,10.0,0.6517989143833812,6,2021-04-24 10:00:00+00:00,6,2,1,0,0,0
031700030204,6,146.64935302734375,1.5725888588499113,10.0,0.6972703085354311,9,2021-04-24 11:00:00+00:00,9,5,3,0,0,0
031700030204,24,249.59188842773438,1.9347382827348314,25.0,0.8718025714595278,12,2021-04-24 23:00:00+00:00,12,4,1,1,0,0
031700030204,72,312.4811096191406,1.9580218342071714,25.0,0.8704726997381813,16,2017-06-23 07:00:00+00:00,16,4,1,1,0,0
031700030402,1,69.50659942626953,1.179696068533053,2.0,0.5698547900552267,3,2009-05-04 11:00:00+00:00,3,0,0,0,0,0
031700030402,3,126.36007690429688,1.5401288649790414,10.0,0.6979913629734369,5,2018-04-15 00:00:00+00:00,5,2,1,0,0,0
031700030402,6,184.86770629882812,1.888313489761232,25.0,0.8359761306043219,10,2018-04-15 00:00:00+00:00,10,4,3,1,0,0
031700030402,24,257.85333251953125,1.9278761741885357,25.0,0.8538361725174809,16,2018-04-15 08:00:00+00:00,16,6,2,1,0,0
031700030402,72,337.5989074707031,2.051740995831484,50.0,0.8908333665946773,20,2018-04-15 08:00:00+00:00,20,9,3,1,1,0
031700080101,1,60.383544921875,1.1500728578711366,2.0,0.5320124751768047,1,2007-04-14 18:00:00+00:00,1,0,0,0,0,0
031700080101,3,101.96696472167969,1.3882949340945752,5.0,0.6234907085806289,9,2022-02-03 22:00:00+00:00,9,1,0,0,0,0
031700080101,6,133.75128173828125,1.5089906755272795,10.0,0.6754189736143611,11,2021-04-24 10:00:00+00:00,11,3,1,0,0,0
031700080101,24,181.2801971435547,1.460367101509712,10.0,0.6638448617103747,12,2022-02-04 14:00:00+00:00,12,3,1,0,0,0
031700080101,72,235.03099060058594,1.513492599277735,10.0,0.6883860233426141,15,2017-06-24 00:00:00+00:00,15,5,1,0,0,0
031700080102,1,56.01331329345703,1.0519229513718602,2.0,0.48751049769177157,1,2014-04-29 06:00:00+00:00,1,0,0,0,0,0
031700080102,3,106.14874267578125,1.4255772956428376,10.0,0.6370586181427742,8,2021-04-24 10:00:00+00:00,8,3,1,0,0,0
031700080102,6,152.95582580566406,1.7032760853133457,10.0,0.7568849131235007,8,2021-04-24 10:00:00+00:00,8,4,3,0,0,0
031700080102,24,190.26992797851562,1.5133740618903408,10.0,0.6845274840611284,11,2021-04-24 23:00:00+00:00,11,4,1,0,0,0
031700080102,72,244.33580017089844,1.5517767694603775,10.0,0.6989145412531986,13,2018-04-15 07:00:00+00:00,13,6,1,0,0,0
031700080103,1,56.780113220214844,1.0533766753187268,2.0,0.49098343667497335,1,2014-04-29 06:00:00+00:00,1,0,0,0,0,0
031700080103,3,109.69855499267578,1.4555937566653576,10.0,0.6518136682410558,8,2021-04-24 10:00:00+00:00,8,2,1,0,0,0
031700080103,6,133.72079467773438,1.4730097109507743,10.0,0.6548634888137904,9,2021-04-24 11:00:00+00:00,9,4,1,0,0,0
031700080103,24,207.85946655273438,1.6422268293001916,10.0,0.7430248986340728,12,2021-04-24 23:00:00+00:00,12,2,1,0,0,0
031700080103,72,259.0553894042969,1.6460048241640286,10.0,0.7399222233088798,12,2017-06-23 07:00:00+00:00,12,6,1,0,0,0
031700080104,1,55.553226470947266,1.029493874684062,2.0,0.4788470202838943,1,2014-04-29 06:00:00+00:00,1,0,0,0,0,0
031700080104,3,112.92798614501953,1.4978036929415388,10.0,0.666058822930243,3,2018-04-15 00:00:00+00:00,3,1,1,0,0,0
031700080104,6,169.1445770263672,1.8601854425246958,25.0,0.816782236225004,7,2021-04-24 11:00:00+00:00,7,3,1,1,0,0
031700080104,24,196.40777587890625,1.5404659049625775,10.0,0.6841782663755238,14,2024-01-09 15:00:00+00:00,14,3,2,0,0,0
031700080104,72,262.0973815917969,1.637981855502118,10.0,0.7249003259414827,15,2021-08-31 06:00:00+00:00,15,6,2,0,0,0
031700080105,1,55.283756256103516,1.0035312116607256,2.0,0.4709493995493376,1,2005-07-06 14:00:00+00:00,1,0,0,0,0,0
031700080105,3,114.41383361816406,1.4870905603666171,10.0,0.664599389537031,4,2018-04-14 23:00:00+00:00,4,3,2,0,0,0
031700080105,6,190.79055786132812,2.0610253667588534,50.0,0.9086707969146751,7,2021-04-24 11:00:00+00:00,7,3,2,1,1,0
031700080105,24,213.90170288085938,1.6592511913007952,10.0,0.7403652496491049,9,2018-04-15 07:00:00+00:00,9,2,1,0,0,0
031700080105,72,239.46209716796875,1.493158708113644,10.0,0.6605296177366609,15,2018-04-15 07:00:00+00:00,15,6,1,0,0,0
031700080201,1,61.972084045410156,1.0889566698035333,2.0,0.5159161877945032,2,2009-05-04 10:00:00+00:00,2,0,0,0,0,0
031700080201,3,149.9910888671875,1.8883589616017604,25.0,0.8449748534372278,5,2018-04-14 23:00:00+00:00,5,2,2,1,0,0
031700080201,6,189.8562469482422,1.9905820462094244,25.0,0.8733207873706847,5,2018-04-15 01:00:00+00:00,5,3,3,2,0,0
031700080201,24,214.24185180664062,1.620803326817927,10.0,0.7150933617035103,9,2018-04-15 08:00:00+00:00,9,5,3,0,0,0
031700080201,72,259.8529357910156,1.5872079791884661,10.0,0.6928495331594938,15,2018-04-15 08:00:00+00:00,15,6,3,0,0,0
031700080202,3,131.17041015625,1.6532605580900954,10.0,0.7347070013434778,5,2021-06-19 12:00:00+00:00,5,1,1,0,0,0
031700080202,6,161.2355194091797,1.6858805617902302,10.0,0.7310405180218434,6,2021-06-19 12:00:00+00:00,6,3,2,0,0,0
031700080202,24,193.57870483398438,1.4478208993459467,10.0,0.6267875557296947,15,2024-01-09 15:00:00+00:00,15,3,1,0,0,0
031700080202,72,270.0420837402344,1.622927661856564,10.0,0.7003991888819433,14,2021-08-31 06:00:00+00:00,14,3,2,0,0,0
031700080203,1,77.54808807373047,1.3218911876909551,5.0,0.6278842097484311,1,2005-07-06 10:00:00+00:00,1,1,0,0,0,0
031700080203,3,120.6365966796875,1.4688590789222467,10.0,0.6527933946173801,4,2021-06-19 12:00:00+00:00,4,3,2,0,0,0
031700080203,6,151.9491424560547,1.532083301015586,10.0,0.658482038184116,6,2021-06-19 12:00:00+00:00,6,4,1,0,0,0
031700080203,24,177.95901489257812,1.2798370876694711,5.0,0.5418092150743165,14,2021-08-30 18:00:00+00:00,14,1,0,0,0,0
031700080203,72,270.09991455078125,1.561032777133011,10.0,0.6605817059722011,17,2021-08-31 06:00:00+00:00,17,5,2,0,0,0
031700080204,1,87.68673706054688,1.4979644596063764,10.0,0.7162086657036811,1,2005-07-06 10:00:00+00:00,1,1,1,0,0,0
031700080204,3,126.44049835205078,1.5469376093013936,10.0,0.6939062822370586,4,2021-06-19 11:00:00+00:00,4,2,2,0,0,0
031700080204,6,172.2124786376953,1.7538955672008274,25.0,0.7643444396715647,10,2021-06-19 12:00:00+00:00,10,4,3,1,0,0
031700080204,24,215.7129669189453,1.5844317552020408,10.0,0.6841357286175502,16,2018-04-15 08:00:00+00:00,16,3,1,0,0,0
031700080204,72,278.810302734375,1.653620556749692,10.0,0.7078975625453624,16,2021-08-31 06:00:00+00:00,16,5,2,0,0,0
031700080205,1,115.2643814086914,1.9485049640237773,50.0,0.9339870832597174,1,2005-07-06 10:00:00+00:00,1,1,1,1,1,0
031700080205,3,146.080810546875,1.7640178545519614,25.0,0.7908105588439858,4,2021-06-19 12:00:00+00:00,4,3,2,1,0,0
031700080205,6,170.00271606445312,1.6994957494564618,10.0,0.731549165776766,11,2021-06-19 12:00:00+00:00,11,4,1,0,0,0
031700080205,24,215.9862060546875,1.539990323407577,10.0,0.6423548477746953,17,2021-08-30 18:00:00+00:00,17,3,1,0,0,0
031700080205,72,288.1424255371094,1.649432370470452,10.0,0.6888430185663189,19,2021-08-31 10:00:00+00:00,19,5,3,0,0,0
031700080206,1,111.69392395019531,1.8963750365358982,50.0,0.9140416435163263,2,2017-10-22 17:00:00+00:00,2,1,1,1,1,0
031700080206,3,139.7755889892578,1.7002967327173362,10.0,0.7685276676281005,6,2021-06-19 11:00:00+00:00,6,2,1,0,0,0
031700080206,6,187.6929473876953,1.9024412132346844,25.0,0.8317778946382755,11,2018-04-15 01:00:00+00:00,11,7,1,1,0,0
031700080206,24,254.36068725585938,1.863524218674869,25.0,0.7991040378623147,17,2018-04-15 08:00:00+00:00,17,4,1,1,0,0
031700080206,72,330.73529052734375,1.9573643296736458,25.0,0.8319355219631257,16,2021-08-31 09:00:00+00:00,16,6,2,1,0,0
031700080302,1,89.9915771484375,1.5220549694334669,10.0,0.7443290277548784,1,2005-07-06 10:00:00+00:00,1,1,1,0,0,0
031700080302,3,138.2815704345703,1.67263986633726,10.0,0.7701249979557814,4,2019-10-30 17:00:00+00:00,4,1,1,0,0,0
031700080302,6,174.78689575195312,1.7589320198401814,25.0,0.7766819286858592,10,2021-06-19 11:00:00+00:00,10,7,1,1,0,0
031700080302,24,277.4417724609375,2.016686773799321,25.0,0.8524923388275086,19,2021-08-31 06:00:00+00:00,19,8,2,1,0,0
031700080302,72,386.21575927734375,2.265175279710394,50.0,0.9517349324554271,20,2021-08-31 11:00:00+00:00,20,6,4,1,1,0
031700080303,1,96.2647476196289,1.624763441487926,10.0,0.7902579341535239,2,2019-10-30 17:00:00+00:00,2,2,1,0,0,0
031700080303,3,156.612060546875,1.8891958874200634,25.0,0.8645116104231599,6,2024-04-10 18:00:00+00:00,6,4,2,2,0,0
031700080303,6,190.1636505126953,1.9009919015578594,25.0,0.8301320916491907,13,2024-04-10 21:00:00+00:00,13,5,2,1,0,0
031700080303,24,245.20477294921875,1.7559554133753792,10.0,0.7275185324962393,19,2021-06-19 20:00:00+00:00,19,5,3,0,0,0
031700080303,72,351.3562927246094,2.020956030468506,25.0,0.8381970929768369,22,2021-08-31 11:00:00+00:00,22,7,6,1,0,0
031700080402,1,84.62127685546875,1.4195144884598259,10.0,0.6966390512186595,5,2024-04-10 17:00:00+00:00,5,2,1,0,0,0
031700080402,3,140.81436157226562,1.6845216737812416,10.0,0.7809371215921714,7,2024-04-10 18:00:00+00:00,7,5,2,0,0,0
031700080402,6,208.85092163085938,2.067455682571206,50.0,0.9100401023571362,14,2024-04-10 21:00:00+00:00,14,7,2,1,1,0
031700080402,24,282.8205261230469,2.006565182916932,25.0,0.8255726546737086,20,2021-08-30 17:00:00+00:00,20,7,2,2,0,0
031700080402,72,403.3486328125,2.2972776947882605,50.0,0.9473332648830479,24,2021-08-31 11:00:00+00:00,24,7,5,1,1,0
031700080403,1,98.99990844726562,1.650061068769007,25.0,0.8122008819322835,3,2024-04-10 17:00:00+00:00,3,1,1,1,0,0
031700080403,3,137.65496826171875,1.6325541716568868,10.0,0.7605723461202244,5,2024-04-10 18:00:00+00:00,5,3,2,0,0,0
031700080403,6,155.07025146484375,1.5184218139224575,10.0,0.6689603774774826,10,2024-04-10 21:00:00+00:00,10,4,2,0,0,0
031700080403,24,287.0350341796875,2.011555149000788,25.0,0.8202463023669504,21,2021-08-30 17:00:00+00:00,21,4,1,1,0,0
031700080403,72,429.55810546875,2.4134911446230225,50.0,0.9886815051832194,24,2021-08-31 11:00:00+00:00,24,8,3,1,1,0
031700080404,1,91.69699096679688,1.525980563731983,10.0,0.7478520783070747,3,2021-06-19 11:00:00+00:00,3,1,1,0,0,0
031700080404,3,138.39666748046875,1.6388679902745655,10.0,0.7603337167593649,9,2024-04-10 18:00:00+00:00,9,4,2,0,0,0
031700080404,6,164.08596801757812,1.5988068882787305,10.0,0.6995954992582125,14,2024-04-10 21:00:00+00:00,14,5,2,0,0,0
031700080404,24,239.6125030517578,1.661607550176964,10.0,0.6694699804861531,19,2021-08-31 08:00:00+00:00,19,6,1,0,0,0
031700080404,72,399.04949951171875,2.2133215504886565,50.0,0.9002068849711988,24,2021-08-31 11:00:00+00:00,24,8,2,1,1,0
031700080405,1,74.89551544189453,1.233435582771558,5.0,0.6084525152850317,3,2021-06-19 10:00:00+00:00,3,1,0,0,0,0
031700080405,3,138.5025634765625,1.6171077692415032,10.0,0.7568188728246174,7,2024-04-10 18:00:00+00:00,7,2,1,0,0,0
031700080405,6,175.61959838867188,1.687834078860369,10.0,0.7423091076296554,13,2025-03-30 21:00:00+00:00,13,4,1,0,0,0
031700080405,24,280.9385986328125,1.9303204534693397,25.0,0.7748279950201531,20,2024-05-14 08:00:00+00:00,20,5,1,1,0,0
031700080405,72,469.4361267089844,2.5821873751555136,100.0,1.0455088939316088,21,2021-08-31 11:00:00+00:00,21,10,2,1,1,1
031700080501,1,99.08094024658203,1.6698287841273654,25.0,0.8078507368177232,2,2019-10-30 17:00:00+00:00,2,1,1,1,0,0
031700080501,3,145.1158447265625,1.7466045204314125,25.0,0.7940211795516748,6,2024-04-10 18:00:00+00:00,6,3,2,1,0,0
031700080501,6,160.9124755859375,1.5990338237225747,10.0,0.6907153106752146,10,2024-04-10 21:00:00+00:00,10,5,1,0,0,0
031700080501,24,206.740966796875,1.4613723461634638,5.0,0.5947834994085827,18,2021-08-30 18:00:00+00:00,18,3,0,0,0,0
031700080501,72,290.451904296875,1.643327625695909,10.0,0.673702757258218,21,2021-08-31 11:00:00+00:00,21,7,4,0,0,0
031700080502,1,71.97484588623047,1.199892533536388,2.0,0.5841065098666571,2,2009-03-28 08:00:00+00:00,2,0,0,0,0,0
031700080502,3,135.82315063476562,1.6115652203771704,10.0,0.742161113899281,6,2021-08-30 17:00:00+00:00,6,3,2,0,0,0
031700080502,6,149.74667358398438,1.4550292372749647,10.0,0.6302753465220746,10,2021-06-19 11:00:00+00:00,10,4,1,0,0,0
031700080502,24,197.0897979736328,1.3531226214180185,5.0,0.5372669691420853,17,2021-08-31 08:00:00+00:00,17,3,0,0,0,0
031700080502,72,325.75006103515625,1.787587242885723,10.0,0.7208245219692591,23,2021-08-31 11:00:00+00:00,23,5,1,0,0,0
031700080601,1,70.58305358886719,1.1674538627209787,2.0,0.5716665927195929,1,2005-07-06 09:00:00+00:00,1,0,0,0,0,0
031700080601,3,127.28165435791016,1.4938845609811346,10.0,0.6949186349834356,10,2025-04-06 23:00:00+00:00,10,4,1,0,0,0
031700080601,6,166.03855895996094,1.5921237388973286,10.0,0.692884039957476,15,2025-04-07 02:00:00+00:00,15,5,1,0,0,0
031700080601,24,210.53179931640625,1.4277972349919972,5.0,0.5613219478060112,21,2024-05-14 08:00:00+00:00,21,5,0,0,0,0
031700080601,72,354.5459899902344,1.9250225253489228,25.0,0.7705884329240804,24,2021-08-31 11:00:00+00:00,24,9,2,1,0,0
031700080602,1,87.01057434082031,1.4322642256811973,10.0,0.7033195332756547,2,2014-04-29 08:00:00+00:00,2,2,1,0,0,0
031700080602,3,128.3352813720703,1.4965946526273481,10.0,0.7006927305203792,9,2025-04-06 23:00:00+00:00,9,6,2,0,0,0
031700080602,6,180.89434814453125,1.7241513525522019,10.0,0.7518862167046715,15,2025-04-07 02:00:00+00:00,15,7,2,0,0,0
031700080602,24,245.310546875,1.6579212584441316,10.0,0.6447816587424225,21,2025-04-07 11:00:00+00:00,21,7,3,0,0,0
031700080602,72,323.0128479003906,1.749626431156692,10.0,0.6951509858866955,23,2021-08-31 11:00:00+00:00,23,9,3,0,0,0
031700080603,1,76.81145477294922,1.2482594488189005,5.0,0.615848654939143,2,2021-08-30 16:00:00+00:00,2,2,0,0,0,0
031700080603,3,147.7244415283203,1.6952200610779138,25.0,0.7956585120409972,10,2025-04-06 23:00:00+00:00,10,8,3,1,0,0
031700080603,6,179.65223693847656,1.6968218436465294,10.0,0.7434150461927379,16,2025-04-07 02:00:00+00:00,16,5,3,0,0,0
031700080603,24,248.32601928710938,1.6840538799042222,10.0,0.662912870633049,24,2024-05-14 08:00:00+00:00,24,6,2,0,0,0
031700080603,72,444.91705322265625,2.4192805481086146,50.0,0.9643777280198232,21,2021-08-31 11:00:00+00:00,21,9,3,1,1,0
031700080701,1,71.41291046142578,1.1589702898166951,2.0,0.5717003466341951,2,2014-04-29 08:00:00+00:00,2,0,0,0,0,0
031700080701,3,124.38543701171875,1.4241760425370193,10.0,0.6702930134186506,9,2025-04-06 23:00:00+00:00,9,5,1,0,0,0
031700080701,6,186.19866943359375,1.752962869715917,25.0,0.7675653261270443,13,2025-04-07 02:00:00+00:00,13,5,4,1,0,0
031700080701,24,247.7759246826172,1.6738253379554238,10.0,0.6512718805272483,20,2021-08-30 18:00:00+00:00,20,6,3,0,0,0
031700080701,72,353.4643249511719,1.9144116524097108,25.0,0.759380973792873,23,2023-06-20 01:00:00+00:00,23,8,2,1,0,0
031700080702,3,142.37161254882812,1.6051755731179123,10.0,0.7561032265616695,8,2023-06-19 21:00:00+00:00,8,5,2,0,0,0
031700080702,6,213.14947509765625,1.9803727416085881,25.0,0.8671534538837845,14,2023-06-19 21:00:00+00:00,14,7,4,1,0,0
031700080702,24,247.803466796875,1.6647951743235976,10.0,0.6470535750359033,16,2023-06-20 01:00:00+00:00,16,7,5,0,0,0
031700080702,72,353.855224609375,1.90895818474036,25.0,0.7570164392218592,21,2023-06-20 01:00:00+00:00,21,8,3,1,0,0
031700090101,1,79.08171081542969,1.2551504960330342,5.0,0.6201604165305211,2,2014-04-29 09:00:00+00:00,2,1,0,0,0,0
031700090101,3,133.9593505859375,1.4869192011214434,10.0,0.7002752052868956,6,2023-06-19 22:00:00+00:00,6,4,2,0,0,0
031700090101,6,207.99203491210938,1.90455947722107,25.0,0.8333948884332907,11,2023-06-19 21:00:00+00:00,11,5,2,1,0,0
031700090101,24,244.2788848876953,1.6286769507858443,10.0,0.6316476385922897,16,2023-06-20 01:00:00+00:00,16,6,1,0,0,0
031700090101,72,358.7275390625,1.9248222833239037,25.0,0.7629307482398456,22,2023-06-20 01:00:00+00:00,22,7,1,1,0,0
031700090102,1,74.0467758178711,1.1918442112480014,2.0,0.5872440640892718,2,2014-04-29 09:00:00+00:00,2,0,0,0,0,0
031700090102,3,133.15777587890625,1.5087663340183695,10.0,0.7089044143899844,7,2023-06-19 21:00:00+00:00,7,5,1,0,0,0
031700090102,6,205.77145385742188,1.919363390981915,25.0,0.8379575969081524,13,2025-04-07 02:00:00+00:00,13,8,2,1,0,0
031700090102,24,286.3855285644531,1.9204914276550475,25.0,0.7411525831786385,18,2023-06-20 01:00:00+00:00,18,5,3,1,0,0
031700090102,72,328.3742370605469,1.7648986744372688,10.0,0.6973202913110726,19,2023-06-20 01:00:00+00:00,19,9,3,0,0,0
031700090103,1,103.96003723144531,1.6684481475445019,25.0,0.8177536899189833,2,2014-04-29 09:00:00+00:00,2,2,1,1,0,0
031700090103,3,248.68447875976562,2.8007588468941034,500.0,1.3056272625976268,8,2023-06-19 21:00:00+00:00,8,4,2,1,1,1
031700090103,6,252.07119750976562,2.3322405297382267,100.0,1.0113279523846417,13,2023-06-19 21:00:00+00:00,13,6,3,1,1,1
031700090103,24,283.1846923828125,1.8743835366862927,10.0,0.7150538027623264,17,2023-06-20 01:00:00+00:00,17,5,3,0,0,0
031700090103,72,304.1397705078125,1.6201507106626962,10.0,0.626878462483887,22,2024-12-29 09:00:00+00:00,22,5,2,0,0,0
031700090203,3,103.26332092285156,1.153095535989772,2.0,0.5372276275846404,3,2020-09-16 08:00:00+00:00,3,0,0,0,0,0
031700090203,6,149.787841796875,1.3719338102626701,5.0,0.59346943575964,7,2021-04-15 15:00:00+00:00,7,3,0,0,0,0
031700090203,24,338.7069396972656,2.2343808818341713,25.0,0.8242675524168055,12,2021-04-15 17:00:00+00:00,12,4,3,1,0,0
031700090203,72,466.3227844238281,2.4948361083018105,50.0,0.9103410025065461,14,2021-04-18 08:00:00+00:00,14,6,3,1,1,0
060200011101,1,56.52957534790039,1.4823911998649615,10.0,0.6709379257281309,3,2020-04-13 04:00:00+00:00,3,1,1,0,0,0
060200011101,3,68.27801513671875,1.3100077307769291,5.0,0.6048533155087071,10,2020-04-13 04:00:00+00:00,10,4,0,0,0,0
060200011101,6,103.50047302246094,1.6127642386897811,10.0,0.7537253768174558,16,2024-09-27 12:00:00+00:00,16,7,4,0,0,0
060200011101,24,196.47348022460938,1.9903312846925187,50.0,0.9185810713092357,15,2020-04-13 08:00:00+00:00,15,8,4,1,1,0
060200011101,72,214.08287048339844,1.674039979180525,10.0,0.7881302039498941,17,2021-03-18 16:00:00+00:00,17,5,3,0,0,0
060200011102,1,44.391361236572266,1.153755911403909,2.0,0.5232757886413097,1,2003-09-22 17:00:00+00:00,1,0,0,0,0,0
060200011102,3,69.96988677978516,1.3309981853600024,5.0,0.617394068375959,12,2024-09-27 12:00:00+00:00,12,1,0,0,0,0
060200011102,6,108.3047103881836,1.669745809211925,10.0,0.780737274933217,13,2024-09-27 12:00:00+00:00,13,8,3,0,0,0
060200011102,24,207.24790954589844,2.0542391750497324,50.0,0.9366196851204291,18,2024-09-27 16:00:00+00:00,18,6,3,1,1,0
060200011102,72,219.48060607910156,1.642611399816893,10.0,0.780063806950191,17,2024-09-27 16:00:00+00:00,17,7,3,0,0,0
060200011103,1,41.47761917114258,1.0843495036121837,2.0,0.4941169323944858,4,2025-05-21 02:00:00+00:00,4,0,0,0,0,0
060200011103,3,60.680259704589844,1.1620047210385305,2.0,0.5402510282712906,7,2024-05-27 10:00:00+00:00,7,0,0,0,0,0
060200011103,6,92.12798309326172,1.4349371843722631,10.0,0.6673436043579934,12,2024-09-27 12:00:00+00:00,12,3,1,0,0,0
060200011103,24,188.92660522460938,1.9086823780240887,25.0,0.8545795768578388,15,2024-09-27 16:00:00+00:00,15,4,2,1,0,0
060200011103,72,212.13204956054688,1.6466031484873704,10.0,0.7733982761168032,14,2024-09-28 09:00:00+00:00,14,7,2,0,0,0
060200011204,1,46.172725677490234,1.1987915296062779,2.0,0.551151397836522,1,2008-07-31 01:00:00+00:00,1,0,0,0,0,0
060200011204,3,56.28062438964844,1.0687368095958654,2.0,0.49907471768848144,5,2020-04-13 04:00:00+00:00,5,0,0,0,0,0
060200011204,6,84.80973815917969,1.3154618606680804,5.0,0.6078247237745578,11,2024-09-27 12:00:00+00:00,11,2,0,0,0,0
060200011204,24,159.33139038085938,1.6151896878488907,10.0,0.7071760396378841,9,2024-09-27 19:00:00+00:00,9,4,1,0,0,0
060200011204,72,183.5753631591797,1.423419318508703,5.0,0.6590920116872544,14,2024-09-27 17:00:00+00:00,14,5,0,0,0,0
060300010201,1,44.73348617553711,1.187330801579154,2.0,0.5376861954363401,1,2013-07-11 03:00:00+00:00,1,0,0,0,0,0
060300010201,3,87.6356201171875,1.689732576693995,10.0,0.7746866593401338,6,2020-04-13 04:00:00+00:00,6,1,1,0,0,0
060300010201,6,105.8653793334961,1.6761880832581542,10.0,0.7741536314386167,13,2025-08-13 16:00:00+00:00,13,4,2,0,0,0
060300010201,24,154.26365661621094,1.621501494197356,10.0,0.727477984737914,15,2024-09-27 19:00:00+00:00,15,3,1,0,0,0
060300010201,72,215.04989624023438,1.714491884487412,10.0,0.7927292964600926,16,2021-03-18 16:00:00+00:00,16,5,3,0,0,0
060300010202,1,40.48036575317383,1.0532935490256854,2.0,0.4781138443245323,3,2024-05-27 09:00:00+00:00,3,0,0,0,0,0
060300010202,3,59.048614501953125,1.1208623960102766,2.0,0.517804294502344,6,2024-05-27 10:00:00+00:00,6,0,0,0,0,0
060300010202,6,95.88314056396484,1.4833526589444972,10.0,0.68861299256286,9,2024-09-27 12:00:00+00:00,9,1,1,0,0,0
060300010202,24,183.0860595703125,1.8525480393992861,25.0,0.8321841080786845,14,2024-09-27 16:00:00+00:00,14,2,2,1,0,0
060300010202,72,205.20437622070312,1.5976730948955946,10.0,0.743174549795763,12,2015-12-26 05:00:00+00:00,12,6,1,0,0,0
060300010203,1,58.045738220214844,1.5126902387558738,10.0,0.6874539384415117,2,2013-07-11 03:00:00+00:00,2,1,1,0,0,0
060300010203,3,90.24087524414062,1.715062906066954,25.0,0.7917447364699808,9,2024-05-27 10:00:00+00:00,9,3,2,1,0,0
060300010203,6,103.64972686767578,1.6089334068972707,10.0,0.7442360768367312,14,2024-09-27 12:00:00+00:00,14,3,3,0,0,0
060300010203,24,173.55364990234375,1.7667987185844791,25.0,0.787003036276735,16,2024-09-27 19:00:00+00:00,16,3,2,1,0,0
060300010203,72,186.69088745117188,1.4555936415596715,10.0,0.6726872753156175,12,2016-11-30 18:00:00+00:00,12,6,2,0,0,0
060300010204,1,39.433101654052734,1.050864776935577,2.0,0.47188801740198505,1,2013-07-11 03:00:00+00:00,1,0,0,0,0,0
060300010204,3,67.99896240234375,1.313671471485331,5.0,0.5983844793238131,8,2020-04-13 03:00:00+00:00,8,1,0,0,0,0
060300010204,6,93.8956527709961,1.489156704488794,10.0,0.6901221638854806,19,2025-08-13 15:00:00+00:00,19,4,1,0,0,0
060300010204,24,173.3911590576172,1.822892555215957,25.0,0.82921599123279,16,2021-03-18 14:00:00+00:00,16,6,2,1,0,0
060300010204,72,232.88742065429688,1.84718575980035,25.0,0.8545359117790141,18,2021-03-18 15:00:00+00:00,18,5,3,1,0,0
060300010205,1,44.694725036621094,1.1621618612977835,2.0,0.525167426330194,5,2020-04-13 03:00:00+00:00,5,0,0,0,0,0
060300010205,3,76.88343811035156,1.449190576678565,10.0,0.6671158141333998,8,2024-05-27 10:00:00+00:00,8,1,1,0,0,0
060300010205,6,87.26346588134766,1.3465831756398707,5.0,0.6290699181141742,12,2022-02-23 10:00:00+00:00,12,4,0,0,0,0
060300010205,24,151.03805541992188,1.5478977752358978,10.0,0.70698015102957,11,2020-04-13 08:00:00+00:00,11,4,3,0,0,0
060300010205,72,198.374755859375,1.5611243205958163,10.0,0.7261560356579803,13,2021-03-18 12:00:00+00:00,13,5,1,0,0,0
060300010302,1,44.81195831298828,1.1646964124665884,2.0,0.5217549110087505,4,2017-08-11 06:00:00+00:00,4,0,0,0,0,0
060300010302,3,89.2808837890625,1.6774781017701257,10.0,0.7689952478847086,11,2025-08-13 13:00:00+00:00,11,3,2,0,0,0
060300010302,6,93.41537475585938,1.4407664068521098,10.0,0.6771813522706782,17,2025-08-13 15:00:00+00:00,17,9,4,0,0,0
060300010302,24,184.062744140625,1.8994257864366098,25.0,0.8809563367065115,23,2025-08-13 20:00:00+00:00,23,4,1,1,0,0
060300010302,72,243.85604858398438,1.9078189693849754,25.0,0.8998338424743478,18,2019-02-24 07:00:00+00:00,18,6,2,1,0,0
060300010303,1,50.50166320800781,1.2888424678246782,5.0,0.5775153654652696,1,2014-08-18 12:00:00+00:00,1,1,0,0,0,0
060300010303,3,108.59754943847656,1.99669194887517,50.0,0.9232994394375553,7,2014-08-18 14:00:00+00:00,7,3,1,1,1,0
060300010303,6,121.37207794189453,1.8271572427125127,25.0,0.8695976904991578,13,2025-08-13 16:00:00+00:00,13,6,3,1,0,0
060300010303,24,199.40255737304688,2.0212678638950954,50.0,0.9483543023723416,18,2015-12-26 10:00:00+00:00,18,4,2,1,1,0
060300010303,72,260.3125305175781,2.0224233288303526,50.0,0.9649823650758063,21,2020-02-07 12:00:00+00:00,21,6,2,1,1,0
060300010304,1,46.940711975097656,1.2156688987026323,2.0,0.547854604828641,1,2017-08-11 06:00:00+00:00,1,0,0,0,0,0
060300010304,3,90.27642822265625,1.6892877887349727,10.0,0.7815128215465001,7,2020-04-13 03:00:00+00:00,7,3,2,0,0,0
060300010304,6,101.71320343017578,1.5613043203788015,10.0,0.7394445551967473,14,2025-08-13 15:00:00+00:00,14,5,3,0,0,0
060300010304,24,170.60984802246094,1.7545199378731624,25.0,0.8136009579271539,19,2021-03-18 11:00:00+00:00,19,4,1,1,0,0
060300010304,72,229.7215118408203,1.8034325320428608,25.0,0.8477262428564302,17,2021-03-18 15:00:00+00:00,17,5,2,1,0,0
060300010305,1,48.154205322265625,1.1979869075724796,2.0,0.5425963733632632,1,2014-08-18 13:00:00+00:00,1,0,0,0,0,0
060300010305,3,97.85664367675781,1.7455043343511096,25.0,0.8250566068000371,8,2020-04-13 04:00:00+00:00,8,3,1,1,0,0
060300010305,6,106.65131378173828,1.552098866759425,10.0,0.7544971880920189,12,2020-04-13 04:00:00+00:00,12,5,1,0,0,0
060300010305,24,181.34349060058594,1.7817401261931578,25.0,0.8455091116920957,14,2020-04-13 07:00:00+00:00,14,3,1,1,0,0
060300010305,72,243.36001586914062,1.847255358573164,25.0,0.8986060965797936,17,2021-03-18 16:00:00+00:00,17,4,2,1,0,0
060300010306,1,40.75542449951172,1.0283023332282863,2.0,0.46366481149732247,1,2014-08-18 13:00:00+00:00,1,0,0,0,0,0
060300010306,3,96.42572021484375,1.7499952171789768,25.0,0.8183788799291024,7,2020-04-13 03:00:00+00:00,7,1,1,1,0,0
060300010306,6,103.15402221679688,1.5302184742103073,10.0,0.7359011950613613,12,2020-04-13 04:00:00+00:00,12,6,1,0,0,0
060300010306,24,182.86521911621094,1.8272788545779828,25.0,0.8604859008995379,16,2020-04-13 07:00:00+00:00,16,3,1,1,0,0
060300010306,72,243.5124969482422,1.873573275542208,25.0,0.8985164443713406,18,2021-03-18 11:00:00+00:00,18,5,2,1,0,0
060300010307,3,67.60527038574219,1.267033436467232,5.0,0.5876178919279489,7,2020-04-13 04:00:00+00:00,7,2,0,0,0,0
060300010307,6,97.08689880371094,1.4919393020352008,10.0,0.7045035163318727,12,2022-02-23 10:00:00+00:00,12,4,1,0,0,0
060300010307,24,155.21096801757812,1.5934758463021008,10.0,0.7344842541101649,11,2021-03-18 11:00:00+00:00,11,4,1,0,0,0
060300010307,72,212.5828094482422,1.6731281208769009,10.0,0.7848509607550904,14,2021-03-18 15:00:00+00:00,14,6,2,0,0,0
060300010401,1,39.355499267578125,1.0208392999893994,2.0,0.4621148222372418,1,2003-09-22 16:00:00+00:00,1,0,0,0,0,0
060300010401,3,56.954437255859375,1.0766277385229814,2.0,0.4965020362830047,7,2024-05-27 10:00:00+00:00,7,0,0,0,0,0
060300010401,6,98.80409240722656,1.5206092464042311,10.0,0.7096945568716603,10,2020-04-13 05:00:00+00:00,10,2,1,0,0,0
060300010401,24,178.66778564453125,1.8044299962025123,25.0,0.8252948563574801,13,2017-10-09 02:00:00+00:00,13,4,2,2,0,0
060300010401,72,220.08645629882812,1.7208409466090182,25.0,0.8082952643163308,13,2021-03-18 16:00:00+00:00,13,4,1,1,0,0
060300010402,1,44.930545806884766,1.162726764200389,2.0,0.5261441022250452,2,2024-05-27 09:00:00+00:00,2,0,0,0,0,0
060300010402,3,57.52937316894531,1.080945853966151,2.0,0.4984555119545242,3,2024-05-27 10:00:00+00:00,3,0,0,0,0,0
060300010402,6,95.95405578613281,1.4702212681573137,10.0,0.6869058807018851,9,2022-02-23 11:00:00+00:00,9,1,1,0,0,0
060300010402,24,171.3167266845703,1.7345171525936656,25.0,0.7932026929750348,12,2015-12-26 05:00:00+00:00,12,2,2,1,0,0
060300010402,72,202.41796875,1.5855847959889091,10.0,0.7412503503018523,15,2021-03-18 16:00:00+00:00,15,3,1,0,0,0
060300010403,1,39.841407775878906,1.0185330747215542,2.0,0.46255290305221397,1,2024-05-27 09:00:00+00:00,1,0,0,0,0,0
060300010403,3,63.55120849609375,1.1767733752490943,2.0,0.547241386484542,4,2024-05-27 10:00:00+00:00,4,0,0,0,0,0
060300010403,6,93.18739318847656,1.4097706861323518,10.0,0.666241702328046,8,2022-02-23 11:00:00+00:00,8,2,1,0,0,0
060300010403,24,164.56396484375,1.6588213483825984,10.0,0.7687883434998948,14,2017-01-23 07:00:00+00:00,14,2,2,0,0,0
060300010403,72,204.74871826171875,1.600702215609813,10.0,0.7588271247163287,13,2021-03-18 16:00:00+00:00,13,5,1,0,0,0
060300010404,1,52.16738510131836,1.274555320311765,5.0,0.5859416859134727,2,2002-11-06 06:00:00+00:00,2,1,0,0,0,0
060300010404,3,87.77014923095703,1.5347734485286137,10.0,0.7411039612252249,9,2020-04-13 04:00:00+00:00,9,4,2,0,0,0
060300010404,6,118.44717407226562,1.6938916179884413,25.0,0.8382055105665663,10,2020-04-13 04:00:00+00:00,10,6,2,1,0,0
060300010404,24,167.4568328857422,1.6274063353160968,10.0,0.7783562585694443,20,2021-09-19 22:00:00+00:00,20,4,1,0,0,0
060300010404,72,227.5225067138672,1.7151079200605996,25.0,0.8463551270969621,18,2021-09-21 08:00:00+00:00,18,8,2,1,0,0
060300010405,1,41.55206298828125,1.0363687807790947,2.0,0.4757420278150452,1,2002-11-06 06:00:00+00:00,1,0,0,0,0,0
060300010405,3,89.57530975341797,1.6084568532695276,10.0,0.7683655448763048,6,2020-04-13 04:00:00+00:00,6,2,2,0,0,0
060300010405,6,111.57059478759766,1.6419362054626268,25.0,0.8004901193404682,10,2022-02-23 10:00:00+00:00,10,6,2,1,0,0
060300010405,24,148.14488220214844,1.4751330647139893,10.0,0.6956455449183814,14,2021-03-18 14:00:00+00:00,14,4,1,0,0,0
060300010405,72,205.88523864746094,1.5913455914153447,10.0,0.7688593183592952,13,2021-03-18 15:00:00+00:00,13,6,1,0,0,0
060300010406,1,40.302059173583984,1.0228168545344964,2.0,0.46529494095432966,2,2010-08-17 13:00:00+00:00,2,0,0,0,0,0
060300010406,3,62.970401763916016,1.1614430809568936,2.0,0.5418001833289323,6,2020-04-13 04:00:00+00:00,6,0,0,0,0,0
060300010406,6,98.4912338256836,1.4847470484103613,10.0,0.7043350257824977,10,2020-04-13 04:00:00+00:00,10,4,1,0,0,0
060300010406,24,183.2056427001953,1.8389139164243569,25.0,0.8623805692356433,14,2017-01-23 07:00:00+00:00,14,5,2,1,0,0
060300010406,72,229.79534912109375,1.7919102318370885,25.0,0.8651427878795914,15,2021-03-18 16:00:00+00:00,15,5,1,1,0,0
060300010407,1,55.01774215698242,1.3712546462029005,5.0,0.6298091924107811,1,2010-08-17 13:00:00+00:00,1,1,0,0,0,0
060300010407,3,104.23396301269531,1.8803155389019504,25.0,0.8940678688922875,4,2020-04-13 04:00:00+00:00,4,2,1,1,0,0
060300010407,6,112.22423553466797,1.6605647952091176,25.0,0.804008844109347,11,2020-05-28 02:00:00+00:00,11,3,1,1,0,0
060300010407,24,186.09344482421875,1.8560950565940941,25.0,0.8795216632625822,14,2020-09-25 02:00:00+00:00,14,6,2,1,0,0
060300010407,72,228.202880859375,1.7699245086026494,25.0,0.8681537449543016,16,2021-03-18 15:00:00+00:00,16,6,1,1,0,0
060300010408,1,43.93357467651367,1.0984433146007027,2.0,0.5049753036124827,1,2010-08-17 13:00:00+00:00,1,0,0,0,0,0
060300010408,3,100.08068084716797,1.806517221899335,25.0,0.8607798537555471,6,2020-04-13 04:00:00+00:00,6,2,1,1,0,0
060300010408,6,115.1601333618164,1.705063169532048,25.0,0.8270544136840748,12,2022-02-23 11:00:00+00:00,12,4,1,1,0,0
060300010408,24,165.2104034423828,1.6510389161945664,10.0,0.7779285159254599,15,2020-09-25 02:00:00+00:00,15,4,2,0,0,0
060300010408,72,201.56028747558594,1.5658364563873919,10.0,0.7578806645731127,17,2021-03-18 15:00:00+00:00,17,5,1,0,0,0
060300010501,1,46.117042541503906,1.1390505631546937,2.0,0.521694825428617,2,2015-12-25 17:00:00+00:00,2,0,0,0,0,0
060300010501,3,77.0220947265625,1.386730465032185,5.0,0.6574190491189482,7,2020-04-13 04:00:00+00:00,7,2,0,0,0,0
060300010501,6,97.96485900878906,1.449410855475737,10.0,0.6990271296122557,12,2020-05-28 02:00:00+00:00,12,5,1,0,0,0
060300010501,24,198.06500244140625,1.973910715877734,50.0,0.9410144088477281,16,2020-04-13 08:00:00+00:00,16,5,3,1,1,0
060300010501,72,243.9546661376953,1.8926104668897459,50.0,0.9458277950443652,16,2021-03-18 15:00:00+00:00,16,6,2,1,1,0
060300010502,1,48.89528274536133,1.199924916812347,2.0,0.5531962513114966,2,2015-12-25 17:00:00+00:00,2,0,0,0,0,0
060300010502,3,79.21247863769531,1.4107208732031373,10.0,0.6775403224611684,9,2025-05-21 04:00:00+00:00,9,2,1,0,0,0
060300010502,6,103.96905517578125,1.5235543411285462,10.0,0.7452584418783584,13,2020-04-13 04:00:00+00:00,13,6,1,0,0,0
060300010502,24,206.80458068847656,2.0573362409064915,50.0,0.9849029636994013,15,2020-04-13 08:00:00+00:00,15,5,4,1,1,0
060300010502,72,251.21788024902344,1.9451480853364311,50.0,0.9755686225204048,16,2021-03-18 15:00:00+00:00,16,6,2,1,1,0
060300010503,3,69.07850646972656,1.2544380975224363,5.0,0.5883985348278378,9,2020-04-13 04:00:00+00:00,9,1,0,0,0,0
060300010503,6,96.57372283935547,1.439890849839216,10.0,0.6866858963730805,11,2020-05-28 02:00:00+00:00,11,5,1,0,0,0
060300010503,24,181.81109619140625,1.8163170922730485,25.0,0.8623915311568399,15,2020-04-13 08:00:00+00:00,15,6,3,1,0,0
060300010503,72,227.77452087402344,1.771552532191793,25.0,0.8802305696351447,15,2021-03-18 16:00:00+00:00,15,5,1,1,0,0
060300010504,1,55.96604919433594,1.3602954931170672,5.0,0.6281753282005614,3,2020-04-13 03:00:00+00:00,3,1,0,0,0,0
060300010504,3,96.52742004394531,1.6961698420299292,25.0,0.8207670446471522,7,2020-04-13 03:00:00+00:00,7,3,1,1,0,0
060300010504,6,126.4889907836914,1.8307508678867528,50.0,0.9027714335024696,11,2020-04-13 04:00:00+00:00,11,6,1,1,1,0
060300010504,24,219.92041015625,2.1848636953680862,100.0,1.0479011019431994,13,2020-04-13 07:00:00+00:00,13,4,3,1,1,1
060300010504,72,265.754150390625,2.0573027356464215,100.0,1.03691889154252,19,2021-03-18 15:00:00+00:00,19,6,3,1,1,1
060300010505,1,49.89128112792969,1.2124888841786006,2.0,0.5578138948854894,3,2024-07-09 03:00:00+00:00,3,0,0,0,0,0
060300010505,3,92.90985870361328,1.632113946234682,10.0,0.785557295090514,9,2024-07-09 04:00:00+00:00,9,2,2,0,0,0
060300010505,6,124.2606430053711,1.797599278236434,25.0,0.8815963557133201,11,2020-04-13 04:00:00+00:00,11,5,2,1,0,0
060300010505,24,208.0748748779297,2.0691946880824537,50.0,0.9904667154005556,14,2020-04-13 07:00:00+00:00,14,5,2,1,1,0
060300010505,72,254.212646484375,1.9712404401245347,50.0,0.99204335676729,17,2021-03-18 15:00:00+00:00,17,6,3,1,1,0
060300010601,1,51.89728546142578,1.2686541468583037,5.0,0.5899803051733902,3,2010-08-17 12:00:00+00:00,3,1,0,0,0,0
060300010601,3,119.29962158203125,2.0935069963554533,100.0,1.0276827575118128,10,2020-04-13 04:00:00+00:00,10,5,2,1,1,1
060300010601,6,148.667724609375,2.141377749873958,100.0,1.0749446166322916,13,2022-02-23 10:00:00+00:00,13,7,5,1,1,1
060300010601,24,165.83628845214844,1.624908144637935,10.0,0.7832087385104685,20,2021-09-19 22:00:00+00:00,20,9,4,0,0,0
060300010601,72,212.523193359375,1.6184099843479507,10.0,0.8082263756149521,19,2021-09-21 01:00:00+00:00,19,10,4,0,0,0
060300010602,1,55.57899856567383,1.3594576180745686,5.0,0.6340041271683068,3,2013-07-07 20:00:00+00:00,3,1,0,0,0,0
060300010602,3,139.86349487304688,2.464267170004426,200.0,1.2082027729825362,11,2020-09-25 01:00:00+00:00,11,3,1,1,1,1
060300010602,6,172.5972442626953,2.5037786650265224,500.0,1.2536662183062017,15,2020-09-25 02:00:00+00:00,15,6,1,1,1,1
060300010602,24,172.81285095214844,1.7093047957090322,25.0,0.8229277720483082,17,2020-09-25 02:00:00+00:00,17,7,5,3,0,0
060300010602,72,211.0279541015625,1.6245346693616745,10.0,0.8053109420262844,17,2021-03-18 15:00:00+00:00,17,9,5,0,0,0
060300010603,1,51.680171966552734,1.2597310529204346,5.0,0.5900274844373206,4,2010-08-17 12:00:00+00:00,4,1,0,0,0,0
060300010603,3,119.73824310302734,2.095758018927372,100.0,1.0391055868208539,10,2020-04-13 03:00:00+00:00,10,4,2,1,1,1
060300010603,6,147.41763305664062,2.1214424969914285,100.0,1.0742834574913942,14,2020-04-13 04:00:00+00:00,14,6,3,1,1,1
060300010603,24,175.1280517578125,1.720316431992344,25.0,0.8342279238508961,20,2021-09-19 23:00:00+00:00,20,7,5,1,0,0
060300010603,72,214.95970153808594,1.6414137674659233,25.0,0.8275824465465629,18,2021-09-21 00:00:00+00:00,18,9,4,1,0,0
060300010604,1,51.573360443115234,1.251770579757388,5.0,0.5891178542624848,2,2003-05-06 09:00:00+00:00,2,2,0,0,0,0
060300010604,3,91.84821319580078,1.5857232310637321,10.0,0.7933244682594597,11,2020-04-13 03:00:00+00:00,11,4,1,0,0,0
060300010604,6,105.19950866699219,1.4904669219078501,10.0,0.7577038970629275,13,2021-09-19 13:00:00+00:00,13,5,2,0,0,0
060300010604,24,180.2825469970703,1.7661449961022204,25.0,0.8546823503203278,20,2021-09-19 23:00:00+00:00,20,7,4,1,0,0
060300010604,72,213.88099670410156,1.6385705473264207,25.0,0.834058634086389,19,2021-09-21 12:00:00+00:00,19,9,4,1,0,0
060300010605,1,57.658748626708984,1.408845572918629,5.0,0.6600396885047111,4,2025-05-21 02:00:00+00:00,4,1,0,0,0,0
060300010605,3,89.77861022949219,1.5680160830668721,10.0,0.7784708017875082,9,2025-05-21 03:00:00+00:00,9,4,2,0,0,0
060300010605,6,112.27027130126953,1.6101296994619252,25.0,0.815298772682768,11,2020-04-13 04:00:00+00:00,11,6,3,1,0,0
060300010605,24,193.24423217773438,1.9101250294962435,50.0,0.924972049537562,19,2021-09-20 05:00:00+00:00,19,7,3,2,1,0
060300010605,72,231.1658477783203,1.7813710860489014,25.0,0.9020390950256957,17,2021-09-21 12:00:00+00:00,17,8,3,2,0,0
060300010606,1,47.1856575012207,1.15028715395307,2.0,0.5351891844596396,5,2020-04-13 03:00:00+00:00,5,0,0,0,0,0
060300010606,3,84.47370910644531,1.4799844449934436,10.0,0.7254414007638103,6,2020-04-13 04:00:00+00:00,6,3,1,0,0,0
060300010606,6,111.94581604003906,1.6128625881063683,10.0,0.8060646312377132,10,2020-04-13 04:00:00+00:00,10,6,2,0,0,0
060300010606,24,211.67498779296875,2.097243809601582,100.0,1.0104873805922547,15,2020-09-25 01:00:00+00:00,15,5,2,1,1,1
060300010606,72,250.59852600097656,1.9362323242257977,50.0,0.9765875358130269,17,2021-03-18 15:00:00+00:00,17,6,2,1,1,0
060300010701,1,45.55502700805664,1.1538064234012158,2.0,0.5231802067887624,2,2010-04-25 05:00:00+00:00,2,0,0,0,0,0
060300010701,3,70.20873260498047,1.3005150514355,5.0,0.6030578094710916,11,2025-05-21 04:00:00+00:00,11,2,0,0,0,0
060300010701,6,107.45845794677734,1.6275712803611335,10.0,0.7665771315413982,14,2020-04-13 04:00:00+00:00,14,5,1,0,0,0
060300010701,24,175.5564727783203,1.7622323004546534,25.0,0.8310583848349404,19,2020-04-13 08:00:00+00:00,19,8,3,1,0,0
060300010701,72,222.1185302734375,1.7347686968130256,25.0,0.8457790347541159,15,2015-12-26 12:00:00+00:00,15,9,1,1,0,0
060300010702,1,40.21574401855469,1.0336086055962606,2.0,0.4675427142280524,1,2008-12-10 09:00:00+00:00,1,0,0,0,0,0
060300010702,3,66.0074691772461,1.239889432856536,5.0,0.571738783924614,7,2020-04-13 04:00:00+00:00,7,1,0,0,0,0
060300010702,6,105.43260192871094,1.614787737091136,10.0,0.7556850921389823,19,2020-04-13 04:00:00+00:00,19,4,3,0,0,0
060300010702,24,182.53927612304688,1.8399562998971624,25.0,0.8583308645286787,16,2020-04-13 08:00:00+00:00,16,10,5,2,0,0
060300010702,72,218.7229766845703,1.711274516303726,25.0,0.8175714583536849,16,2021-03-18 16:00:00+00:00,16,6,3,1,0,0
060300010703,1,41.42082214355469,1.0201472717599993,2.0,0.4611082028091332,1,2003-05-06 16:00:00+00:00,1,0,0,0,0,0
060300010703,3,78.649658203125,1.4216662489931593,10.0,0.6594280862997495,10,2021-06-20 04:00:00+00:00,10,3,1,0,0,0
060300010703,6,119.69882202148438,1.7814524699375018,25.0,0.8402811647015134,14,2021-06-20 05:00:00+00:00,14,8,4,1,0,0
060300010703,24,153.0601348876953,1.5311357105308478,10.0,0.72695348669184,16,2021-06-20 11:00:00+00:00,16,8,4,0,0,0
060300010703,72,193.02438354492188,1.5039619339796726,10.0,0.7528655552160283,19,2021-06-22 11:00:00+00:00,19,5,3,0,0,0
060300010704,1,62.46333694458008,1.5200730819287271,10.0,0.6930218922500504,3,2024-07-09 03:00:00+00:00,3,2,1,0,0,0
060300010704,3,90.6224594116211,1.605213825508228,10.0,0.7595205900642394,11,2024-07-09 04:00:00+00:00,11,4,3,0,0,0
060300010704,6,111.70721435546875,1.6322924714554266,10.0,0.7866490693203172,14,2024-07-09 04:00:00+00:00,14,9,4,0,0,0
060300010704,24,170.61663818359375,1.7042563923478753,25.0,0.812117023548102,19,2021-06-20 11:00:00+00:00,19,6,4,1,0,0
060300010704,72,220.41766357421875,1.715012906458572,25.0,0.8606094896278543,21,2021-06-22 11:00:00+00:00,21,9,3,1,0,0
060300010705,1,46.072959899902344,1.1168738839844738,2.0,0.5121348994182854,2,2015-12-25 17:00:00+00:00,2,0,0,0,0,0
060300010705,3,92.49932861328125,1.6128824749228354,10.0,0.7737947973906665,5,2024-07-09 04:00:00+00:00,5,2,1,0,0,0
060300010705,6,128.3933563232422,1.8419581012450592,50.0,0.9009034744833546,11,2021-06-20 03:00:00+00:00,11,4,2,1,1,0
060300010705,24,198.57586669921875,1.9739727010591317,50.0,0.9432401506518573,14,2021-06-20 11:00:00+00:00,14,5,2,1,1,0
060300010705,72,244.3806610107422,1.8983740307588342,50.0,0.9515326143525843,21,2021-06-22 10:00:00+00:00,21,7,3,1,1,0
060300010801,1,49.5247688293457,1.1915807056412944,2.0,0.537460109769354,2,2020-04-13 00:00:00+00:00,2,0,0,0,0,0
060300010801,3,80.16776275634766,1.4039293983877545,5.0,0.645701401085256,6,2020-04-13 02:00:00+00:00,6,2,0,0,0,0
060300010801,6,117.12704467773438,1.695539688266518,25.0,0.7930220803678104,9,2021-06-20 05:00:00+00:00,9,5,3,1,0,0
060300010801,24,148.15516662597656,1.4750805066907173,10.0,0.6973946252679085,20,2021-06-20 12:00:00+00:00,20,6,2,0,0,0
060300010801,72,194.98989868164062,1.5133556110372939,10.0,0.749740553789108,17,2021-06-22 09:00:00+00:00,17,6,2,0,0,0
060300010802,1,54.35231399536133,1.3001959604304285,5.0,0.5901178099100314,2,2020-04-13 00:00:00+00:00,2,1,0,0,0,0
060300010802,3,82.63714599609375,1.4313133352210923,10.0,0.6604373638246603,4,2020-04-13 02:00:00+00:00,4,2,1,0,0,0
060300010802,6,119.70701599121094,1.711330674796592,25.0,0.8008519714431345,11,2020-04-13 04:00:00+00:00,11,5,3,1,0,0
060300010802,24,155.7037811279297,1.5382287044475946,10.0,0.725528753553172,16,2020-04-13 07:00:00+00:00,16,6,2,0,0,0
060300010802,72,220.9307403564453,1.7052003564785942,25.0,0.838264836197139,16,2021-06-22 09:00:00+00:00,16,4,2,1,0,0
060300010803,1,44.03770065307617,1.0668018001365764,2.0,0.48135388430227916,1,2012-08-09 18:00:00+00:00,1,0,0,0,0,0
060300010803,3,83.85264587402344,1.4836486443414265,10.0,0.68655832232221,7,2021-06-20 04:00:00+00:00,7,2,1,0,0,0
060300010803,6,118.84822845458984,1.737666300680835,25.0,0.8185300225704352,12,2021-06-20 05:00:00+00:00,12,7,4,1,0,0
060300010803,24,161.7311553955078,1.6164162269863573,10.0,0.766078656392144,22,2021-06-20 12:00:00+00:00,22,5,2,0,0,0
060300010803,72,193.6136932373047,1.507531586618079,10.0,0.7521331380568563,22,2021-06-22 09:00:00+00:00,22,6,4,0,0,0
060300010804,1,46.20620346069336,1.115077314722857,2.0,0.5091153492198227,1,2024-05-27 10:00:00+00:00,1,0,0,0,0,0
060300010804,3,69.41990661621094,1.2095097307036535,2.0,0.5729025058472699,9,2024-05-27 12:00:00+00:00,9,0,0,0,0,0
060300010804,6,116.18508911132812,1.6681874027258952,25.0,0.8048779750274011,12,2021-06-20 03:00:00+00:00,12,6,2,1,0,0
060300010804,24,167.99476623535156,1.6694501840255715,10.0,0.7947170009125865,22,2025-04-07 06:00:00+00:00,22,5,2,0,0,0
060300010804,72,216.97299194335938,1.6858161907507243,25.0,0.8402429501930043,23,2021-06-22 09:00:00+00:00,23,6,3,1,0,0
060300010805,1,51.09228515625,1.228682973318054,5.0,0.5612368383649442,1,2024-05-27 10:00:00+00:00,1,1,0,0,0,0
060300010805,3,68.3763198852539,1.1848065758783628,2.0,0.5596172713022628,6,2024-05-27 12:00:00+00:00,6,0,0,0,0,0
060300010805,6,110.28809356689453,1.5742282415215432,10.0,0.7566776562780041,10,2021-06-20 05:00:00+00:00,10,5,2,0,0,0
060300010805,24,162.138671875,1.6058417212182496,10.0,0.7633220442544353,17,2025-04-07 06:00:00+00:00,17,6,2,0,0,0
060300010805,72,208.1266326904297,1.6137144913947832,10.0,0.8009908346361887,19,2021-06-22 09:00:00+00:00,19,6,3,0,0,0
060300010806,1,53.82282638549805,1.2911118495714844,5.0,0.5933027362089947,1,2024-05-27 10:00:00+00:00,1,1,0,0,0,0
060300010806,3,70.79033660888672,1.215099348676847,5.0,0.5798257774777421,5,2024-05-27 12:00:00+00:00,5,1,0,0,0,0
060300010806,6,110.71208190917969,1.561862966584621,10.0,0.7577859641901846,12,2024-05-27 13:00:00+00:00,12,5,1,0,0,0
060300010806,24,166.1188507080078,1.6353099371290394,10.0,0.7778748473950142,16,2025-04-07 06:00:00+00:00,16,5,1,0,0,0
060300010806,72,220.11180114746094,1.7004973814157334,25.0,0.8419240936680187,17,2021-06-22 11:00:00+00:00,17,6,3,1,0,0
060300010807,1,42.750606536865234,1.032728160045968,2.0,0.47470596748110283,2,2024-05-27 10:00:00+00:00,2,0,0,0,0,0
060300010807,3,87.14317321777344,1.5040171201100354,10.0,0.7244705406831897,5,2021-06-20 03:00:00+00:00,5,2,1,0,0,0
060300010807,6,129.71507263183594,1.8383781251069933,50.0,0.9027064560880957,10,2021-06-20 05:00:00+00:00,10,5,1,1,1,0
060300010807,24,194.8824005126953,1.927648408987835,50.0,0.9214256755119468,15,2021-06-20 11:00:00+00:00,15,4,2,1,1,0
060300010807,72,241.44158935546875,1.8717694677334797,50.0,0.9347868838974371,21,2021-06-22 09:00:00+00:00,21,5,2,1,1,0
060300010901,1,55.59769821166992,1.3551674505253877,5.0,0.6276622209408487,2,2021-10-07 04:00:00+00:00,2,1,0,0,0,0
060300010901,3,106.31394958496094,1.838189337109445,50.0,0.9017531720897399,6,2021-10-07 05:00:00+00:00,6,1,1,1,1,0
060300010901,6,139.1895751953125,1.9694705064006839,50.0,0.9850170954200214,9,2021-10-07 06:00:00+00:00,9,3,2,1,1,0
060300010901,24,228.95748901367188,2.2640701630723084,100.0,1.088172979672212,13,2021-10-07 08:00:00+00:00,13,4,1,1,1,1
060300010901,72,265.60693359375,2.05837106182899,100.0,1.0369297348189577,17,2021-10-07 08:00:00+00:00,17,6,2,1,1,1
060300010902,1,55.68202590942383,1.3315574631909297,5.0,0.6178769098981712,2,2024-05-27 10:00:00+00:00,2,2,0,0,0,0
060300010902,3,74.39930725097656,1.2606462004875199,5.0,0.6134319637982666,5,2024-05-27 11:00:00+00:00,5,2,0,0,0,0
060300010902,6,124.65863800048828,1.7304944603451957,25.0,0.8552844926647398,10,2024-05-27 13:00:00+00:00,10,2,1,1,0,0
060300010902,24,189.7655029296875,1.8521666246204833,25.0,0.8824528953842932,12,2021-06-20 11:00:00+00:00,12,5,1,1,0,0
060300010902,72,234.83299255371094,1.8042832342406518,25.0,0.8913678787115633,17,2021-06-22 11:00:00+00:00,17,5,2,2,0,0
060300010903,1,45.00352096557617,1.0749641794684033,2.0,0.5002566410608434,1,2024-05-27 10:00:00+00:00,1,0,0,0,0,0
060300010903,3,76.66732025146484,1.2969541491517296,5.0,0.6338911584285145,4,2024-05-27 11:00:00+00:00,4,1,0,0,0,0
060300010903,6,120.70874786376953,1.6723488134456463,25.0,0.8296312613585587,7,2021-06-20 05:00:00+00:00,7,2,1,1,0,0
060300010903,24,189.9253692626953,1.8495260739683341,25.0,0.8807224883513427,11,2021-06-20 11:00:00+00:00,11,4,1,1,0,0
060300010903,72,233.3013916015625,1.7876200567552578,25.0,0.8814511496806184,16,2021-06-22 11:00:00+00:00,16,5,2,1,0,0
060300010904,1,46.58226776123047,1.1154335989997208,2.0,0.5187768550798914,1,2015-12-25 17:00:00+00:00,1,0,0,0,0,0
060300010904,3,92.71964263916016,1.5668319232139365,10.0,0.769867997252467,7,2024-05-27 11:00:00+00:00,7,1,1,0,0,0
060300010904,6,136.337890625,1.88427552155986,50.0,0.9412773629027191,10,2022-09-04 18:00:00+00:00,10,4,1,1,1,0
060300010904,24,212.32142639160156,2.067737033038684,50.0,0.9880407989334198,12,2025-04-07 06:00:00+00:00,12,4,1,1,1,0
060300010904,72,256.4739990234375,1.9646917596515265,50.0,0.9739553966042038,17,2021-06-22 11:00:00+00:00,17,5,2,1,1,0
060300010905,1,47.514835357666016,1.1644627015246427,2.0,0.5396176899022816,3,2020-04-13 03:00:00+00:00,3,0,0,0,0,0
060300010905,3,101.11518859863281,1.7429126192400484,25.0,0.8597848189671357,5,2021-10-07 04:00:00+00:00,5,1,1,1,0,0
060300010905,6,141.02444458007812,1.98154220114938,50.0,0.9961995750738235,9,2021-10-07 04:00:00+00:00,9,3,2,1,1,0
060300010905,24,226.4186553955078,2.2356640965576475,100.0,1.0751240398321142,15,2021-10-07 08:00:00+00:00,15,4,2,1,1,1
060300010905,72,261.5090637207031,2.027760633326021,100.0,1.023123973878204,16,2021-10-07 08:00:00+00:00,16,5,2,1,1,1
060300010906,1,44.15397262573242,1.0746123044607858,2.0,0.4967188043787168,1,2015-12-25 17:00:00+00:00,1,0,0,0,0,0
060300010906,3,102.9078140258789,1.7622949132509198,25.0,0.86537486955056,5,2022-09-04 16:00:00+00:00,5,2,1,1,0,0
060300010906,6,147.0472869873047,2.054899780749416,100.0,1.0289959763844019,10,2022-09-04 19:00:00+00:00,10,3,1,1,1,1
060300010906,24,231.8617401123047,2.282665785808756,100.0,1.0960057534856478,12,2021-10-07 08:00:00+00:00,12,5,1,1,1,1
060300010906,72,264.8552551269531,2.048767330588882,100.0,1.0282988893876794,18,2021-10-07 08:00:00+00:00,18,5,2,1,1,1
060300020101,1,44.80086898803711,1.1048571932701663,2.0,0.49987240595604215,1,2014-08-18 13:00:00+00:00,1,0,0,0,0,0
060300020101,3,116.90863037109375,2.0679492766343994,50.0,0.9842618844460852,7,2014-08-18 14:00:00+00:00,7,3,1,1,1,0
060300020101,6,132.73631286621094,1.9139706102722815,50.0,0.9384602594445448,12,2020-04-13 03:00:00+00:00,12,5,3,1,1,0
060300020101,24,199.70970153808594,1.9415426511121323,50.0,0.932935960007991,15,2015-12-26 10:00:00+00:00,15,4,2,1,1,0
060300020101,72,261.1746520996094,1.9665370919549268,50.0,0.979184907836021,20,2021-09-21 00:00:00+00:00,20,7,2,1,1,0
060300020102,3,74.68868255615234,1.3019941996520195,5.0,0.6245579142213176,6,2015-12-25 17:00:00+00:00,6,2,0,0,0,0
060300020102,6,107.6961898803711,1.532360602121289,10.0,0.7538626011253874,11,2025-08-13 16:00:00+00:00,11,3,1,0,0,0
060300020102,24,177.99667358398438,1.7239555256003978,25.0,0.8336597099882544,15,2021-09-19 20:00:00+00:00,15,4,1,1,0,0
060300020102,72,253.2776641845703,1.9065227707276455,50.0,0.9632927098161632,22,2021-09-21 00:00:00+00:00,22,10,4,1,1,0
060300020103,3,99.42945098876953,1.7569883414931473,25.0,0.8437837880330349,5,2014-08-18 14:00:00+00:00,5,2,1,1,0,0
060300020103,6,112.28289031982422,1.6188974611197915,10.0,0.798566751166058,10,2025-08-13 17:00:00+00:00,10,4,2,0,0,0
060300020103,24,184.80490112304688,1.7939880568647242,25.0,0.8655619053993243,16,2021-09-19 21:00:00+00:00,16,5,1,1,0,0
060300020103,72,256.5235595703125,1.9316200827132406,50.0,0.9705726688629771,20,2021-09-21 00:00:00+00:00,20,9,2,1,1,0
060300020104,1,45.38482666015625,1.0885445704256957,2.0,0.4985801574760254,1,2003-05-06 14:00:00+00:00,1,0,0,0,0,0
060300020104,3,75.41429138183594,1.290570989442924,5.0,0.6252244115114505,5,2013-07-11 04:00:00+00:00,5,2,0,0,0,0
060300020104,6,110.90603637695312,1.5550379247185584,10.0,0.767715777681135,8,2021-09-19 15:00:00+00:00,8,3,1,0,0,0
060300020104,24,181.61361694335938,1.7398524066110885,25.0,0.8388063909216874,14,2021-09-19 21:00:00+00:00,14,4,1,1,0,0
060300020104,72,256.6895751953125,1.9131162928874523,50.0,0.9714450226397477,22,2021-09-21 00:00:00+00:00,22,12,3,1,1,0
060300020105,1,50.57267761230469,1.2094180113081654,2.0,0.5581010708682322,2,2003-05-06 14:00:00+00:00,2,0,0,0,0,0
060300020105,3,74.44027709960938,1.271190489795796,5.0,0.6201225245482466,6,2012-01-23 11:00:00+00:00,6,2,0,0,0,0
060300020105,6,109.92404174804688,1.5432675256405195,10.0,0.7636338068978458,9,2021-09-19 14:00:00+00:00,9,3,1,0,0,0
060300020105,24,183.98556518554688,1.77162793533925,25.0,0.8507020458225629,15,2021-09-19 21:00:00+00:00,15,5,1,1,0,0
060300020105,72,254.99940490722656,1.91830991382525,50.0,0.9751251121009494,19,2021-09-21 00:00:00+00:00,19,11,3,1,1,0
060300020106,1,57.890777587890625,1.392033110385691,5.0,0.6446030046145462,1,2002-11-06 06:00:00+00:00,1,1,0,0,0,0
060300020106,3,84.23262023925781,1.455585846482502,10.0,0.7130094366539125,9,2013-09-21 13:00:00+00:00,9,3,1,0,0,0
060300020106,6,100.30011749267578,1.4197616011436485,10.0,0.7099396988402136,17,2022-02-23 10:00:00+00:00,17,6,1,0,0,0
060300020106,24,177.75775146484375,1.6992602593416817,25.0,0.8184816078654873,19,2021-09-19 22:00:00+00:00,19,6,3,1,0,0
060300020106,72,236.37353515625,1.753946202508732,25.0,0.8851120485173593,20,2021-09-21 00:00:00+00:00,20,10,4,1,0,0
060300020107,1,51.20103454589844,1.2293091664573244,5.0,0.5708598503334016,3,2025-08-13 15:00:00+00:00,3,1,0,0,0,0
060300020107,3,78.83440399169922,1.3488978851318465,5.0,0.6641366876860695,8,2021-03-18 04:00:00+00:00,8,3,0,0,0,0
060300020107,6,97.48319244384766,1.370037763655309,5.0,0.6858035817954876,11,2021-09-19 14:00:00+00:00,11,8,0,0,0,0
060300020107,24,170.9841766357422,1.6528750211556322,10.0,0.7970980827154553,18,2021-09-19 22:00:00+00:00,18,6,3,0,0,0
060300020107,72,239.8918914794922,1.8120336616196246,50.0,0.9212399550396803,22,2021-09-21 00:00:00+00:00,22,11,4,1,1,0
060300020201,1,50.8878059387207,1.2050698446509098,2.0,0.5634056217761932,3,2005-06-21 00:00:00+00:00,3,0,0,0,0,0
060300020201,3,70.84629821777344,1.1880803226032381,2.0,0.5882758609794937,7,2021-09-19 14:00:00+00:00,7,0,0,0,0,0
060300020201,6,103.92097473144531,1.437806183416554,10.0,0.7182590427162847,10,2021-09-19 14:00:00+00:00,10,4,2,0,0,0
060300020201,24,177.47715759277344,1.7187579758333345,25.0,0.8233267389578278,16,2021-09-19 22:00:00+00:00,16,7,1,1,0,0
060300020201,72,239.1509246826172,1.8258895065847576,50.0,0.9310617611747788,24,2021-09-21 00:00:00+00:00,24,10,3,1,1,0
060300020202,1,47.353694915771484,1.1525970235127232,2.0,0.5405531834201783,2,2025-05-21 02:00:00+00:00,2,0,0,0,0,0
060300020202,3,75.53955078125,1.2967759869438027,5.0,0.6474838205750373,7,2025-05-21 03:00:00+00:00,7,2,0,0,0,0
060300020202,6,106.95745086669922,1.5014229015761207,10.0,0.7608261779552973,8,2020-04-13 04:00:00+00:00,8,4,2,0,0,0
060300020202,24,178.64620971679688,1.757807177927931,25.0,0.8471275856593098,13,2020-04-13 07:00:00+00:00,13,3,3,1,0,0
060300020202,72,209.30990600585938,1.6190972933630141,25.0,0.8228747982460837,16,2021-09-21 12:00:00+00:00,16,7,2,1,0,0
060300020203,1,47.118343353271484,1.1270905694738897,2.0,0.5306243140494207,1,2002-11-06 06:00:00+00:00,1,0,0,0,0,0
060300020203,3,83.94033813476562,1.4130334457867826,10.0,0.7075029049663503,8,2021-09-19 14:00:00+00:00,8,2,1,0,0,0
060300020203,6,102.28160095214844,1.4140000314971042,10.0,0.7146411839938441,11,2021-09-19 14:00:00+00:00,11,5,1,0,0,0
060300020203,24,157.03195190429688,1.5359638997032679,10.0,0.73770446888582,19,2021-10-07 07:00:00+00:00,19,7,3,0,0,0
060300020203,72,193.441650390625,1.4959390859794655,10.0,0.7636877713607758,21,2021-09-21 11:00:00+00:00,21,9,3,0,0,0
060300020204,1,41.76555633544922,1.0265651308059682,2.0,0.4771055425376584,2,2015-12-25 16:00:00+00:00,2,0,0,0,0,0
060300020204,3,78.74187469482422,1.3539753853545822,5.0,0.6712114183332888,4,2021-10-07 04:00:00+00:00,4,2,0,0,0,0
060300020204,6,132.9896240234375,1.8597937173640862,50.0,0.9370823235418718,6,2021-10-07 03:00:00+00:00,6,4,2,2,1,0
060300020204,24,191.64056396484375,1.8881719540495847,50.0,0.9074435691448755,13,2021-10-07 07:00:00+00:00,13,4,2,2,1,0
060300020204,72,221.19398498535156,1.7150921039656086,25.0,0.8688727954780764,18,2021-10-07 08:00:00+00:00,18,6,3,1,0,0
060300020301,3,80.71582794189453,1.4343273194264663,10.0,0.6490625571033274,5,2015-12-25 16:00:00+00:00,5,1,1,0,0,0
060300020301,6,106.75208282470703,1.550943598248582,10.0,0.7155221650125592,7,2015-12-25 19:00:00+00:00,7,2,2,0,0,0
060300020301,24,170.629150390625,1.7158411696985358,25.0,0.8088417810544533,17,2021-09-19 21:00:00+00:00,17,4,2,1,0,0
060300020301,72,234.51901245117188,1.8416158773935514,50.0,0.9171060415034415,17,2021-09-21 08:00:00+00:00,17,10,5,4,1,0
060300020302,3,67.84000396728516,1.1987835817455912,2.0,0.5400863565131703,6,2015-12-25 16:00:00+00:00,6,0,0,0,0,0
060300020302,6,95.22955322265625,1.3752595790080555,5.0,0.6307240901529496,12,2021-09-19 21:00:00+00:00,12,2,0,0,0,0
060300020302,24,162.40426635742188,1.6304156596736947,10.0,0.7645259421793356,18,2021-09-19 21:00:00+00:00,18,6,2,0,0,0
060300020302,72,224.60438537597656,1.7637362687552751,25.0,0.8761834742309554,17,2021-09-21 09:00:00+00:00,17,10,5,3,0,0
060300020303,1,44.50677490234375,1.099447751592305,2.0,0.4924559488440456,2,2015-12-25 15:00:00+00:00,2,0,0,0,0,0
060300020303,3,70.6681137084961,1.2424225953705732,5.0,0.5799909140318967,6,2015-12-25 16:00:00+00:00,6,1,0,0,0,0
060300020303,6,102.46548461914062,1.4735645612018375,10.0,0.7020533773489991,9,2015-12-25 17:00:00+00:00,9,2,2,0,0,0
060300020303,24,176.0117645263672,1.745031557738278,25.0,0.8320258079507911,13,2021-09-19 21:00:00+00:00,13,3,1,1,0,0
060300020303,72,240.904541015625,1.863811782972188,50.0,0.9349277044017664,17,2021-09-21 00:00:00+00:00,17,9,5,1,1,0
060300020304,3,65.92462921142578,1.1555612853433992,2.0,0.5224045640942695,5,2015-12-25 16:00:00+00:00,5,0,0,0,0,0
060300020304,6,99.9505844116211,1.4314431140031627,10.0,0.6577336143844073,12,2021-09-19 21:00:00+00:00,12,3,1,0,0,0
060300020304,24,174.79855346679688,1.7469946309609639,25.0,0.8171569207723821,14,2021-09-19 22:00:00+00:00,14,5,2,1,0,0
060300020304,72,234.60630798339844,1.8360617660366065,50.0,0.9111903675398495,16,2021-09-21 09:00:00+00:00,16,9,5,2,1,0
060300020305,1,50.38332748413086,1.238430592630146,2.0,0.5528549168493793,2,2009-07-13 05:00:00+00:00,2,0,0,0,0,0
060300020305,3,70.32852935791016,1.2155183304491137,2.0,0.5614484769242075,9,2021-09-19 20:00:00+00:00,9,0,0,0,0,0
060300020305,6,110.1076889038086,1.555326435536409,10.0,0.7282552433297721,12,2021-09-19 21:00:00+00:00,12,3,1,0,0,0
060300020305,24,176.96011352539062,1.7544819654805082,25.0,0.824464331094631,15,2021-09-19 22:00:00+00:00,15,4,2,1,0,0
060300020305,72,234.63095092773438,1.8264101266818882,50.0,0.9118141328780953,18,2021-09-21 09:00:00+00:00,18,8,4,2,1,0
060300020306,1,43.239013671875,1.0647537391204633,2.0,0.47660033171536953,1,2013-12-22 07:00:00+00:00,1,0,0,0,0,0
060300020306,3,65.75682067871094,1.1423085813483171,2.0,0.5294984181209746,6,2017-08-10 12:00:00+00:00,6,0,0,0,0,0
060300020306,6,106.00019836425781,1.5055822504237706,10.0,0.7083314007337315,12,2021-09-19 21:00:00+00:00,12,2,1,0,0,0
060300020306,24,173.95230102539062,1.7279653516088052,25.0,0.8152608084984538,13,2021-09-19 21:00:00+00:00,13,4,2,1,0,0
060300020306,72,233.9435272216797,1.8235636571028815,50.0,0.9119569547323101,16,2021-09-21 00:00:00+00:00,16,8,5,2,1,0
060300020307,1,45.416343688964844,1.1202203325743119,2.0,0.5014998464111485,1,2013-12-22 07:00:00+00:00,1,0,0,0,0,0
060300020307,3,64.90060424804688,1.1328765093285966,2.0,0.525797934951646,6,2015-12-25 16:00:00+00:00,6,0,0,0,0,0
060300020307,6,100.68194580078125,1.437826064044397,10.0,0.6782384599580454,9,2019-12-01 06:00:00+00:00,9,3,1,0,0,0
060300020307,24,174.37277221679688,1.7344309182337252,25.0,0.8201666389926887,12,2021-09-19 21:00:00+00:00,12,4,1,1,0,0
060300020307,72,235.79554748535156,1.8372851904267933,50.0,0.9189055124619457,15,2021-09-21 00:00:00+00:00,15,7,5,1,1,0
060300020401,1,41.51642990112305,1.0074820853452133,2.0,0.4600001683209971,1,1999-05-06 04:00:00+00:00,1,0,0,0,0,0
060300020401,3,78.27529907226562,1.3478898216572808,5.0,0.6468445787226363,5,2012-01-23 10:00:00+00:00,5,1,0,0,0,0
060300020401,6,111.9931869506836,1.581234496520327,10.0,0.7706722079680146,8,2020-04-13 03:00:00+00:00,8,1,1,0,0,0
060300020401,24,176.50270080566406,1.728581498436837,25.0,0.8251576308882235,11,2021-03-18 09:00:00+00:00,11,3,1,1,0,0
060300020401,72,241.15121459960938,1.849371014034113,50.0,0.9328459978314056,17,2021-09-21 00:00:00+00:00,17,8,3,1,1,0
060300020402,1,49.41905975341797,1.1933167820700137,2.0,0.5546264925182434,3,2005-06-21 00:00:00+00:00,3,0,0,0,0,0
060300020402,3,81.59149169921875,1.3874750782443273,10.0,0.6816909384121527,8,2012-01-23 10:00:00+00:00,8,1,1,0,0,0
060300020402,6,111.0669174194336,1.5478343379210566,10.0,0.768135542652956,11,2021-09-19 14:00:00+00:00,11,2,1,0,0,0
060300020402,24,164.07342529296875,1.6093054606612727,10.0,0.7686766365714356,14,2021-09-19 14:00:00+00:00,14,5,1,0,0,0
060300020402,72,214.57205200195312,1.660744183682881,25.0,0.8435215157780852,19,2021-09-21 00:00:00+00:00,19,8,1,1,0,0
060300020403,1,46.74629592895508,1.141452135575796,2.0,0.523505858235495,1,2003-05-06 14:00:00+00:00,1,0,0,0,0,0
060300020403,3,78.48523712158203,1.3476318652201942,5.0,0.648637707546023,8,2015-12-25 17:00:00+00:00,8,1,0,0,0,0
060300020403,6,114.00414276123047,1.5998253158005182,10.0,0.7794488263936412,12,2020-04-13 03:00:00+00:00,12,1,1,0,0,0
060300020403,24,166.621337890625,1.6436373906870319,10.0,0.7819891978435237,12,2021-09-19 22:00:00+00:00,12,4,1,0,0,0
060300020403,72,217.31805419921875,1.6873289765858281,25.0,0.85228670204626,18,2021-09-21 00:00:00+00:00,18,8,2,1,0,0
060300020404,1,49.45083999633789,1.212596024851182,2.0,0.5618930943003323,1,2013-07-11 04:00:00+00:00,1,0,0,0,0,0
060300020404,3,80.10480499267578,1.3741338079449608,5.0,0.6740485317680985,8,2021-03-18 03:00:00+00:00,8,2,0,0,0,0
060300020404,6,108.70413208007812,1.518732992574942,10.0,0.7537036384220508,16,2021-10-07 03:00:00+00:00,16,4,1,0,0,0
060300020404,24,159.25009155273438,1.5691228710742975,10.0,0.7499534864402702,16,2021-09-19 14:00:00+00:00,16,5,1,0,0,0
060300020404,72,198.87875366210938,1.5451393461859608,10.0,0.7848580228462445,20,2021-09-21 11:00:00+00:00,20,7,2,0,0,0
060300020405,3,70.98074340820312,1.2188378117205043,5.0,0.6009396579163442,9,2021-10-07 00:00:00+00:00,9,1,0,0,0,0
060300020405,6,121.9327392578125,1.7019550839096538,25.0,0.8510168040930903,14,2021-10-07 03:00:00+00:00,14,6,1,1,0,0
060300020405,24,149.9908905029297,1.477205235332746,10.0,0.7076764625757332,15,2021-10-07 04:00:00+00:00,15,4,1,0,0,0
060300020405,72,173.6232452392578,1.346627361372425,5.0,0.6833728124574444,17,2021-10-07 18:00:00+00:00,17,7,0,0,0,0
060300020501,1,41.7467041015625,1.0195513618431937,2.0,0.458048664682588,1,2023-07-21 10:00:00+00:00,1,0,0,0,0,0
060300020501,3,82.22958374023438,1.4065196499015469,5.0,0.6565763829102642,9,2023-07-21 10:00:00+00:00,9,3,0,0,0,0
060300020501,6,111.38487243652344,1.5570406353624655,10.0,0.7353644559197333,13,2023-07-21 12:00:00+00:00,13,5,4,0,0,0
060300020501,24,181.9796905517578,1.7956328357025684,25.0,0.8438045988311333,16,2023-07-21 13:00:00+00:00,16,6,2,1,0,0
060300020501,72,236.89251708984375,1.8373649183814607,50.0,0.9198196056122236,20,2023-07-21 13:00:00+00:00,20,10,5,1,1,0
060300020502,1,53.02347183227539,1.2974190603793592,5.0,0.5884804044609203,5,2023-07-21 10:00:00+00:00,5,2,0,0,0,0
060300020502,3,85.06877136230469,1.4586772203717384,10.0,0.6901056811008319,11,2023-07-21 11:00:00+00:00,11,1,1,0,0,0
060300020502,6,104.66707611083984,1.465555992780055,10.0,0.7017841261658642,14,2023-07-21 12:00:00+00:00,14,6,2,0,0,0
060300020502,24,172.0615997314453,1.6992159604366066,25.0,0.8040851475091976,14,2023-07-21 14:00:00+00:00,14,5,2,1,0,0
060300020502,72,224.15841674804688,1.7424348427210985,25.0,0.8771065892453794,17,2023-07-22 00:00:00+00:00,17,9,3,1,0,0
060300020503,3,73.5513916015625,1.2605329515425248,5.0,0.6060663239780856,6,2021-09-19 19:00:00+00:00,6,2,0,0,0,0
060300020503,6,111.5686264038086,1.5597751375342586,10.0,0.7590828805400341,13,2021-09-19 20:00:00+00:00,13,5,1,0,0,0
060300020503,24,172.7191619873047,1.7082648145266242,25.0,0.8114515283269302,12,2021-09-19 22:00:00+00:00,12,6,1,1,0,0
060300020503,72,216.41079711914062,1.6838959030989509,25.0,0.8519840983131834,18,2021-09-20 23:00:00+00:00,18,7,2,1,0,0
060300020504,3,80.55487823486328,1.3708991980375451,5.0,0.6570750788260888,7,2015-12-25 17:00:00+00:00,7,2,0,0,0,0
060300020504,6,106.28672790527344,1.4780546013297162,10.0,0.7162210600715795,12,2015-12-25 20:00:00+00:00,12,5,2,0,0,0
060300020504,24,200.99337768554688,1.984319155448268,50.0,0.9378523319354614,16,2015-12-26 11:00:00+00:00,16,3,2,1,1,0
060300020504,72,249.171630859375,1.931703484074427,50.0,0.9750653656518147,18,2019-02-24 06:00:00+00:00,18,9,4,1,1,0
060300020505,3,76.98856353759766,1.3139754275925977,5.0,0.6293135577765129,5,2015-12-25 17:00:00+00:00,5,1,0,0,0,0
060300020505,6,106.14044189453125,1.4795428424575359,10.0,0.7166279924468189,14,2021-09-19 20:00:00+00:00,14,4,2,0,0,0
060300020505,24,192.04412841796875,1.8982393211234043,50.0,0.8984174656968227,16,2021-09-19 22:00:00+00:00,16,4,2,1,1,0
060300020505,72,241.1575927734375,1.874174742485195,50.0,0.9467616993446911,17,2021-09-21 07:00:00+00:00,17,11,3,1,1,0
060300020601,3,85.20708465576172,1.444719402008749,10.0,0.7116225192933225,5,2020-04-13 03:00:00+00:00,5,2,1,0,0,0
060300020601,6,135.82798767089844,1.878100999363127,50.0,0.9404006682681751,11,2021-03-31 14:00:00+00:00,11,5,2,1,1,0
060300020601,24,198.38943481445312,1.9357315583017327,50.0,0.9281820272430343,16,2021-03-18 09:00:00+00:00,16,3,1,1,1,0
060300020601,72,225.59866333007812,1.7290645180950983,25.0,0.8722578328498576,19,2021-03-18 09:00:00+00:00,19,6,1,1,0,0
060300020602,3,84.69505310058594,1.4267059617041677,10.0,0.705317269834104,4,2020-04-13 03:00:00+00:00,4,2,1,0,0,0
060300020602,6,140.3312225341797,1.931291506702105,50.0,0.9711152549071989,12,2021-03-31 14:00:00+00:00,12,3,2,1,1,0
060300020602,24,211.94326782226562,2.0479908588833675,50.0,0.9873321464722493,16,2021-03-18 09:00:00+00:00,16,2,1,1,1,0
060300020602,72,242.4251251220703,1.8358097953574717,50.0,0.9198344880006143,17,2021-03-18 09:00:00+00:00,17,5,1,1,1,0
060300020603,3,84.29110717773438,1.4232809942318614,10.0,0.702087738097519,5,2021-10-07 03:00:00+00:00,5,1,1,0,0,0
060300020603,6,142.86439514160156,1.9697249251721967,50.0,0.9886381324906409,9,2021-10-07 03:00:00+00:00,9,4,1,1,1,0
060300020603,24,221.1370849609375,2.147522793928692,100.0,1.0313137365504497,15,2021-10-07 03:00:00+00:00,15,4,1,1,1,1
060300020603,72,251.92251586914062,1.9202154346486757,50.0,0.962738979657337,18,2021-03-18 14:00:00+00:00,18,5,2,1,1,0
060300020604,1,43.91294479370117,1.058657649164417,2.0,0.49007960696464886,1,2024-05-27 09:00:00+00:00,1,0,0,0,0,0
060300020604,3,80.20506286621094,1.3575028481514981,5.0,0.6657179153288666,5,2017-05-28 08:00:00+00:00,5,3,0,0,0,0
060300020604,6,116.13446044921875,1.6053182814194342,10.0,0.798729211885377,10,2020-04-13 03:00:00+00:00,10,3,2,0,0,0
060300020604,24,171.18881225585938,1.6725874902246536,25.0,0.8019509625951424,13,2020-04-13 07:00:00+00:00,13,3,2,1,0,0
060300020604,72,219.48992919921875,1.6867011935982108,25.0,0.8526644663824419,15,2021-03-18 07:00:00+00:00,15,2,1,1,0,0
060300020605,1,43.003929138183594,1.033058365228344,2.0,0.480016528052255,1,2010-11-30 12:00:00+00:00,1,0,0,0,0,0
060300020605,3,88.29759979248047,1.4917464034108587,10.0,0.7355841434843111,5,2020-04-13 03:00:00+00:00,5,1,1,0,0,0
060300020605,6,112.5926284790039,1.5531506665188184,10.0,0.7777347422057339,13,2021-09-19 19:00:00+00:00,13,4,3,0,0,0
060300020605,24,167.43429565429688,1.6286653686878516,10.0,0.7823464011667273,15,2021-03-18 09:00:00+00:00,15,4,2,0,0,0
060300020605,72,201.59182739257812,1.5399680042276853,10.0,0.7769523580276172,19,2021-09-21 14:00:00+00:00,19,5,2,0,0,0
060300020606,1,48.63721466064453,1.178205976083745,2.0,0.5433578934034159,1,2024-05-27 09:00:00+00:00,1,0,0,0,0,0
060300020606,3,92.56842803955078,1.571010359120862,10.0,0.769572808047876,7,2017-05-28 08:00:00+00:00,7,1,1,0,0,0
060300020606,6,120.93161010742188,1.675838505496776,25.0,0.8321847819275984,15,2021-09-19 19:00:00+00:00,15,5,1,1,0,0
060300020606,24,173.2091827392578,1.7012251567786252,25.0,0.811845304451118,10,2021-09-19 22:00:00+00:00,10,4,2,1,0,0
060300020606,72,215.03236389160156,1.6605132883437188,25.0,0.8407333241413703,18,2021-09-20 21:00:00+00:00,18,4,1,1,0,0
060300020701,3,71.51759338378906,1.2423736966008136,5.0,0.5631484914233418,3,2014-04-29 01:00:00+00:00,3,1,0,0,0,0
060300020701,6,94.31670379638672,1.3376153239198358,5.0,0.6159147513290832,9,2013-07-04 21:00:00+00:00,9,4,0,0,0,0
060300020701,24,163.52796936035156,1.6223068322265213,10.0,0.7562226112763067,18,2021-09-19 20:00:00+00:00,18,4,2,0,0,0
060300020701,72,217.0188446044922,1.6833648473977452,25.0,0.8315889958530187,15,2021-09-21 08:00:00+00:00,15,9,6,3,0,0
060300020702,3,76.17550659179688,1.299010152790001,5.0,0.6060432639443979,8,2023-07-21 10:00:00+00:00,8,4,0,0,0,0
060300020702,6,105.86297607421875,1.475351284439133,10.0,0.6961441470962034,12,2023-07-21 12:00:00+00:00,12,5,2,0,0,0
060300020702,24,180.96327209472656,1.7815093875767487,25.0,0.8342132945930238,16,2023-07-21 23:00:00+00:00,16,5,2,1,0,0
060300020702,72,231.97227478027344,1.7905703737321634,25.0,0.8931274113939957,19,2023-07-22 00:00:00+00:00,19,9,5,1,0,0
060300020703,3,77.3031005859375,1.3103601852150901,5.0,0.6238479773781072,8,2015-12-25 16:00:00+00:00,8,1,0,0,0,0
060300020703,6,111.79147338867188,1.548824705074009,10.0,0.7453144274236081,10,2015-12-25 19:00:00+00:00,10,4,3,0,0,0
060300020703,24,199.71414184570312,1.9621595892241215,50.0,0.922870205427722,15,2021-09-19 21:00:00+00:00,15,5,3,1,1,0
060300020703,72,246.5356903076172,1.8971157828730347,50.0,0.9513917147151133,18,2021-09-21 21:00:00+00:00,18,9,5,1,1,0
060300020801,1,42.640220642089844,1.0469003937455015,2.0,0.46353648159707017,1,2003-05-06 13:00:00+00:00,1,0,0,0,0,0
060300020801,3,77.01254272460938,1.3260854198554597,5.0,0.6080952984515839,5,2014-04-29 01:00:00+00:00,5,2,0,0,0,0
060300020801,6,95.83474731445312,1.3468592788504754,5.0,0.6270460688467753,10,2021-09-18 23:00:00+00:00,10,4,0,0,0,0
060300020801,24,163.1657257080078,1.607599664249083,10.0,0.750151132663811,22,2021-09-19 18:00:00+00:00,22,4,2,0,0,0
060300020801,72,223.73077392578125,1.719255372330078,25.0,0.8472456396532573,19,2021-09-21 04:00:00+00:00,19,8,4,3,0,0
060300020802,3,96.36998748779297,1.6389917309807696,10.0,0.7687271660175072,5,2015-12-25 16:00:00+00:00,5,2,1,0,0,0
060300020802,6,104.67373657226562,1.4545443453131575,10.0,0.6901065819458961,11,2023-07-21 12:00:00+00:00,11,5,2,0,0,0
060300020802,24,180.4573211669922,1.7712573224973103,25.0,0.8287057116719728,17,2021-09-19 20:00:00+00:00,17,6,3,1,0,0
060300020802,72,229.0207061767578,1.7568080617400819,25.0,0.8730477741545886,20,2021-09-21 04:00:00+00:00,20,8,6,2,0,0
060300020803,3,77.06707763671875,1.30819610350605,5.0,0.6248467573394728,9,2015-12-25 16:00:00+00:00,9,2,0,0,0,0
060300020803,6,109.12088775634766,1.513292474697918,10.0,0.7310541925142416,10,2015-12-25 19:00:00+00:00,10,5,3,0,0,0
060300020803,24,204.6851348876953,2.009897465914454,50.0,0.9458629016014483,13,2021-09-19 21:00:00+00:00,13,5,2,1,1,0
060300020803,72,250.5604705810547,1.9246016219342976,50.0,0.9640463123979793,18,2021-09-21 07:00:00+00:00,18,10,5,1,1,0
060300020901,1,42.59965515136719,1.02876490253613,2.0,0.4769401880635557,1,2020-04-13 03:00:00+00:00,1,0,0,0,0,0
060300020901,3,105.96807098388672,1.7978143123774732,25.0,0.8866972065114725,4,2021-10-07 03:00:00+00:00,4,2,2,1,0,0
060300020901,6,154.29574584960938,2.135632881289819,100.0,1.0728859531513761,7,2021-10-07 03:00:00+00:00,7,5,3,2,2,1
060300020901,24,231.59706115722656,2.262321767538714,100.0,1.0858974767767013,15,2021-10-07 06:00:00+00:00,15,4,2,2,1,1
060300020901,72,263.8991394042969,2.0253395404481607,100.0,1.0152074368367585,21,2021-10-07 07:00:00+00:00,21,7,3,1,1,1
060300020902,3,84.75802612304688,1.4462543376474102,10.0,0.713023834786885,4,2021-10-07 03:00:00+00:00,4,2,1,0,0,0
060300020902,6,134.32305908203125,1.8662085800622195,50.0,0.9362795339879824,8,2021-10-07 03:00:00+00:00,8,4,2,2,1,0
060300020902,24,206.4249725341797,2.0245978783318876,50.0,0.9715071305439078,13,2021-10-07 07:00:00+00:00,13,2,2,1,1,0
060300020902,72,234.18014526367188,1.80517789624693,50.0,0.9107668876200048,18,2021-10-07 07:00:00+00:00,18,5,1,1,1,0
060300020903,1,43.0716438293457,1.059234651978747,2.0,0.4872234482720745,2,2013-07-11 04:00:00+00:00,2,0,0,0,0,0
060300020903,3,92.83653259277344,1.5963933241506856,10.0,0.7756356855491573,8,2021-03-18 03:00:00+00:00,8,2,1,0,0,0
060300020903,6,119.96349334716797,1.6795511837789958,25.0,0.8266122659093286,14,2021-09-19 18:00:00+00:00,14,5,1,1,0,0
060300020903,24,155.65269470214844,1.5378430405922545,10.0,0.7336342170827418,11,2021-09-19 22:00:00+00:00,11,5,1,0,0,0
060300020903,72,192.21737670898438,1.494637555967094,10.0,0.7579161396061465,18,2021-09-21 00:00:00+00:00,18,8,2,0,0,0
060300020904,1,43.46845245361328,1.0623400370009783,2.0,0.4894331947588914,2,2024-05-27 09:00:00+00:00,2,0,0,0,0,0
060300020904,3,91.60028076171875,1.5659987040813341,10.0,0.7657181665012343,6,2017-05-28 08:00:00+00:00,6,2,1,0,0,0
060300020904,6,119.99015808105469,1.6718790496668252,25.0,0.8288860325774045,12,2021-09-19 18:00:00+00:00,12,3,1,1,0,0
060300020904,24,151.83778381347656,1.497072550548058,10.0,0.7148093978371445,13,2021-09-19 22:00:00+00:00,13,4,1,0,0,0
060300020904,72,184.7980499267578,1.432506854859662,10.0,0.726245170486828,16,2021-09-20 23:00:00+00:00,16,6,1,0,0,0
060300020905,3,74.49310302734375,1.264433453791102,5.0,0.6057315985478701,7,2015-12-25 17:00:00+00:00,7,1,0,0,0,0
060300020905,6,104.82585144042969,1.4543775525506917,10.0,0.7043864979110455,12,2015-12-25 20:00:00+00:00,12,5,3,0,0,0
060300020905,24,204.2742462158203,2.0119042852366444,50.0,0.9497421893353191,15,2015-12-26 11:00:00+00:00,15,5,2,1,1,0
060300020905,72,251.30374145507812,1.9405862856994185,50.0,0.9775502128778868,17,2019-02-24 06:00:00+00:00,17,10,4,1,1,0
060300020906,3,77.95359802246094,1.3247148376601736,5.0,0.6433825811538,6,2015-12-25 17:00:00+00:00,6,2,0,0,0,0
060300020906,6,111.48471069335938,1.5478129955650275,10.0,0.7616045358291228,14,2020-04-13 03:00:00+00:00,14,4,2,0,0,0
060300020906,24,200.2895965576172,1.9720003812086337,50.0,0.9385790086735656,13,2016-11-30 17:00:00+00:00,13,3,2,1,1,0
060300020906,72,247.63633728027344,1.915263740406035,50.0,0.968448110642647,15,2019-02-24 06:00:00+00:00,15,6,2,1,1,0
060300021001,3,77.60035705566406,1.3103973627238548,5.0,0.6512090124887302,6,2020-04-13 03:00:00+00:00,6,3,0,0,0,0
060300021001,6,136.37730407714844,1.8799773706028298,50.0,0.9503903119365661,10,2021-03-18 02:00:00+00:00,10,4,2,1,1,0
060300021001,24,198.94830322265625,1.9152091120160804,50.0,0.9321224140194053,19,2021-03-18 08:00:00+00:00,19,3,1,1,1,0
060300021001,72,230.78651428222656,1.7436284711695098,25.0,0.8735702460088797,14,2021-03-18 08:00:00+00:00,14,6,2,1,0,0
060300021002,3,77.7154312133789,1.31311898883035,5.0,0.6501934247841007,4,2020-04-13 03:00:00+00:00,4,2,0,0,0,0
060300021002,6,118.1213607788086,1.629286228606588,25.0,0.8202592532720567,8,2021-03-31 14:00:00+00:00,8,4,2,1,0,0
060300021002,24,176.5186309814453,1.7063956412848578,25.0,0.8275257448638919,16,2020-04-13 07:00:00+00:00,16,2,2,1,0,0
060300021002,72,197.2467041015625,1.496508947001799,10.0,0.7533464655399863,12,2021-03-18 08:00:00+00:00,12,5,2,0,0,0
060300021003,1,45.616966247558594,1.0921497130536924,2.0,0.5150380827406473,1,2024-07-09 00:00:00+00:00,1,0,0,0,0,0
060300021003,3,75.72573852539062,1.2819838245393043,5.0,0.637118356906211,6,2020-04-13 03:00:00+00:00,6,1,0,0,0,0
060300021003,6,131.17776489257812,1.8113883962306803,50.0,0.9152891825924149,6,2020-04-13 03:00:00+00:00,6,5,2,1,1,0
060300021003,24,183.96534729003906,1.7720752942764968,25.0,0.8641409254383972,13,2020-04-13 06:00:00+00:00,13,2,1,1,0,0
060300021003,72,201.89060974121094,1.5308271826262303,10.0,0.7704009926954605,10,2021-03-18 07:00:00+00:00,10,4,2,0,0,0
060300021004,3,74.86355590820312,1.2681811596049324,5.0,0.6238967706801056,5,2017-05-28 08:00:00+00:00,5,3,0,0,0,0
060300021004,6,123.826904296875,1.7117873752650974,25.0,0.8555392048917474,10,2022-03-23 05:00:00+00:00,10,3,1,1,0,0
060300021004,24,171.74676513671875,1.668801272805489,25.0,0.805920169920674,14,2020-02-06 13:00:00+00:00,14,2,2,1,0,0
060300021004,72,202.90476989746094,1.5507706894192985,10.0,0.7832157812031546,13,2021-03-18 07:00:00+00:00,13,2,2,0,0,0
060300021005,3,81.54219818115234,1.384460135175652,10.0,0.6771462250181514,7,2016-11-30 10:00:00+00:00,7,2,1,0,0,0
060300021005,6,126.82936096191406,1.757103337581582,25.0,0.8726481241472286,10,2022-03-23 05:00:00+00:00,10,3,1,1,0,0
060300021005,24,186.275146484375,1.817638632772639,25.0,0.8736069930265697,11,2016-11-30 15:00:00+00:00,11,2,2,1,0,0
060300021005,72,220.25465393066406,1.6917060122054683,25.0,0.8546192652151057,11,2015-12-26 11:00:00+00:00,11,3,2,1,0,0
060300021006,3,71.69611358642578,1.2256936790358732,5.0,0.6074503162220191,3,2015-12-25 18:00:00+00:00,3,1,0,0,0,0
060300021006,6,137.33834838867188,1.9083555840670936,50.0,0.9621858488944434,7,2020-04-13 03:00:00+00:00,7,5,2,1,1,0
060300021006,24,199.85235595703125,1.9195563608551358,50.0,0.934780607859798,10,2024-09-14 20:00:00+00:00,10,4,1,1,1,0
060300021006,72,210.1005859375,1.594393778324646,10.0,0.803460852730719,11,2024-09-15 08:00:00+00:00,11,5,2,0,0,0
060300021007,3,77.840087890625,1.3234704496486926,5.0,0.653309294551571,5,2015-12-25 18:00:00+00:00,5,2,0,0,0,0
060300021007,6,137.27781677246094,1.902052517214411,50.0,0.9546230782821769,8,2020-04-13 03:00:00+00:00,8,3,2,1,1,0
060300021007,24,193.56243896484375,1.8721567419591445,50.0,0.9089886584334868,12,2020-02-06 13:00:00+00:00,12,2,1,1,1,0
060300021007,72,203.6431121826172,1.5519918639480281,10.0,0.7834713801642312,11,2021-03-18 07:00:00+00:00,11,3,2,0,0,0
060300021008,1,45.58201599121094,1.1103935278554655,2.0,0.5156214448583086,1,2010-11-30 09:00:00+00:00,1,0,0,0,0,0
060300021008,3,72.9007339477539,1.2565503462729664,5.0,0.6158672922212969,5,2015-12-25 18:00:00+00:00,5,1,0,0,0,0
060300021008,6,117.56088256835938,1.6440109120820325,25.0,0.8208690227356901,9,2015-12-25 21:00:00+00:00,9,3,3,1,0,0
060300021008,24,178.2051544189453,1.721074951060397,25.0,0.8307344224452516,9,2024-09-14 20:00:00+00:00,9,7,3,1,0,0
060300021008,72,198.6705780029297,1.5108453378777198,10.0,0.7592524111796145,11,2024-09-15 07:00:00+00:00,11,7,3,0,0,0
060300021009,1,52.562686920166016,1.295388924553465,5.0,0.6007904255989671,1,2015-12-25 16:00:00+00:00,1,1,0,0,0,0
060300021009,3,82.17308807373047,1.4408767107391947,10.0,0.7088912113056421,7,2024-09-14 12:00:00+00:00,7,5,1,0,0,0
060300021009,6,137.95263671875,1.9472528331671015,50.0,0.9788003859206917,12,2024-09-14 13:00:00+00:00,12,8,3,1,1,0
060300021009,24,209.7753448486328,2.0011567458996815,50.0,0.9604641870379438,13,2024-09-14 19:00:00+00:00,13,6,5,2,1,0
060300021009,72,277.3944396972656,2.0749023929578683,100.0,1.0305755931754454,17,2024-09-15 09:00:00+00:00,17,8,7,2,1,1
060300021010,3,68.18418884277344,1.184409646954182,2.0,0.5857973746384535,5,2015-12-25 18:00:00+00:00,5,0,0,0,0,0
060300021010,6,123.17347717285156,1.7271426058650234,25.0,0.8710945952718966,13,2024-09-14 13:00:00+00:00,13,5,2,1,0,0
060300021010,24,190.7096710205078,1.8162657693223951,25.0,0.8778971952722134,10,2024-09-14 19:00:00+00:00,10,6,4,1,0,0
060300021010,72,242.41119384765625,1.8187282452632727,50.0,0.9088859471007198,14,2024-09-15 10:00:00+00:00,14,7,5,1,1,0
060300021011,1,41.434547424316406,1.0286556052282407,2.0,0.47148342343443733,1,2020-08-26 12:00:00+00:00,1,0,0,0,0,0
060300021011,3,81.53205108642578,1.4358531877576861,10.0,0.6973511177296744,7,2015-12-25 16:00:00+00:00,7,3,2,0,0,0
060300021011,6,127.94868469238281,1.8172293011710365,50.0,0.9022063312898055,10,2020-04-13 02:00:00+00:00,10,4,2,1,1,0
060300021011,24,189.79776000976562,1.8355310481656353,25.0,0.8756012173066888,13,2024-09-15 01:00:00+00:00,13,6,4,2,0,0
060300021011,72,252.28387451171875,1.9071770681268148,50.0,0.9464040255797698,16,2024-09-15 08:00:00+00:00,16,9,6,2,1,0
060300021012,1,42.79216766357422,1.0496623508421494,2.0,0.4869502514367684,1,2010-11-30 09:00:00+00:00,1,0,0,0,0,0
060300021012,3,69.73765563964844,1.2140924384437262,5.0,0.5955088048126033,4,2015-12-25 18:00:00+00:00,4,1,0,0,0,0
060300021012,6,112.86226654052734,1.5878757472112255,10.0,0.7948003224120284,11,2020-04-13 02:00:00+00:00,11,5,1,0,0,0
060300021012,24,178.4200897216797,1.7141212418341722,25.0,0.8259301155361973,9,2024-09-14 19:00:00+00:00,9,6,3,1,0,0
060300021012,72,210.90785217285156,1.5932634235450345,10.0,0.7968530920342429,14,2024-09-15 08:00:00+00:00,14,7,5,0,0,0
060300021013,3,76.77462768554688,1.3323793160743382,5.0,0.6464519224907767,5,2015-12-25 17:00:00+00:00,5,2,0,0,0,0
060300021013,6,116.32548522949219,1.6364047542743536,25.0,0.8092251012017878,10,2020-04-13 02:00:00+00:00,10,4,2,1,0,0
060300021013,24,183.7099151611328,1.7858579558250525,25.0,0.8529614037528654,9,2024-09-14 21:00:00+00:00,9,6,3,2,0,0
060300021013,72,230.3150634765625,1.754249918630443,25.0,0.8765388023635213,14,2024-09-15 07:00:00+00:00,14,8,6,1,0,0
060300021014,3,75.41268920898438,1.2876481844866428,5.0,0.625767808359073,5,2015-12-25 17:00:00+00:00,5,1,0,0,0,0
060300021014,6,116.63758850097656,1.6232850418122422,10.0,0.8011823034096437,9,2015-12-25 20:00:00+00:00,9,6,3,0,0,0
060300021014,24,195.64283752441406,1.9136981988135462,50.0,0.9141075587351533,10,2015-12-26 11:00:00+00:00,10,4,3,2,1,0
060300021014,72,246.02517700195312,1.8903391085738006,50.0,0.951636227577351,12,2015-12-26 11:00:00+00:00,12,7,3,1,1,0
060300021101,3,95.45646667480469,1.6289753690994864,10.0,0.7671542588217287,6,2015-12-25 16:00:00+00:00,6,2,1,0,0,0
060300021101,6,100.69563293457031,1.4029852651153343,10.0,0.669461710133676,10,2015-12-25 19:00:00+00:00,10,5,1,0,0,0
060300021101,24,182.9077911376953,1.794932830680975,25.0,0.8411277003781227,18,2021-09-19 20:00:00+00:00,18,5,3,1,0,0
060300021101,72,234.3472900390625,1.791987720285667,25.0,0.887664070975052,20,2021-09-21 04:00:00+00:00,20,8,5,2,0,0
060300021102,3,80.39851379394531,1.3767260504019954,5.0,0.6629645545938113,8,2021-09-19 00:00:00+00:00,8,3,0,0,0,0
060300021102,6,115.95672607421875,1.6176760530589482,10.0,0.7903706207768416,11,2015-12-25 19:00:00+00:00,11,5,3,0,0,0
060300021102,24,211.10081481933594,2.0676885597801666,50.0,0.9784493857884983,13,2021-09-19 21:00:00+00:00,13,5,3,2,1,0
060300021102,72,262.3776550292969,2.009660973526924,100.0,1.0058784685703392,16,2021-09-21 06:00:00+00:00,16,7,7,1,1,1
060300021103,3,91.25930786132812,1.5668536254668421,10.0,0.7446702311501907,7,2015-12-25 16:00:00+00:00,7,2,1,0,0,0
060300021103,6,96.09870910644531,1.3448831771104097,5.0,0.6488163720541741,11,2015-12-25 18:00:00+00:00,11,5,0,0,0,0
060300021103,24,180.41842651367188,1.7686947221846967,25.0,0.8314951618149514,17,2015-12-26 10:00:00+00:00,17,5,2,1,0,0
060300021103,72,237.31881713867188,1.8088714897774045,25.0,0.8938884767399186,18,2019-02-24 05:00:00+00:00,18,9,4,3,0,0
060300021104,1,41.7807731628418,1.0327754176216866,2.0,0.470047920592697,1,2013-07-04 19:00:00+00:00,1,0,0,0,0,0
060300021104,3,84.66602325439453,1.4773875743152143,10.0,0.7103376686627733,7,2015-12-25 16:00:00+00:00,7,3,2,0,0,0
060300021104,6,118.55072021484375,1.675678335198367,25.0,0.8212937259947273,12,2015-12-25 19:00:00+00:00,12,6,3,1,0,0
060300021104,24,193.1837158203125,1.883438864870322,25.0,0.8918312564515801,14,2024-09-14 20:00:00+00:00,14,7,3,2,0,0
060300021104,72,249.2000274658203,1.8933767697347386,50.0,0.9385436262258086,16,2024-09-15 07:00:00+00:00,16,8,8,1,1,0
060300021105,3,82.1101303100586,1.410943282647198,10.0,0.6746438863743273,6,2015-12-25 16:00:00+00:00,6,2,1,0,0,0
060300021105,6,106.36038208007812,1.4878673289558064,10.0,0.7221801235691832,9,2015-12-25 19:00:00+00:00,9,5,2,0,0,0
060300021105,24,196.1562042236328,1.9196175348655844,50.0,0.9039936598884849,16,2021-09-19 20:00:00+00:00,16,6,4,1,1,0
060300021105,72,248.45555114746094,1.8944302551134604,50.0,0.9408325211605576,15,2019-02-24 06:00:00+00:00,15,8,5,2,1,0
060300021106,3,82.81808471679688,1.4582585324308053,10.0,0.6992750876292705,10,2015-12-25 16:00:00+00:00,10,2,1,0,0,0
060300021106,6,104.92906188964844,1.4946521474740815,10.0,0.7322225169894331,11,2015-12-25 19:00:00+00:00,11,5,2,0,0,0
060300021106,24,185.46969604492188,1.8120585882390583,25.0,0.8574214763367256,16,2024-09-15 01:00:00+00:00,16,7,2,1,0,0
060300021106,72,243.16665649414062,1.8474738938338573,50.0,0.9097547347194116,16,2024-09-15 07:00:00+00:00,16,9,6,3,1,0
060300021107,3,79.82825469970703,1.3896731488943854,5.0,0.6606446834020451,7,2014-04-29 00:00:00+00:00,7,2,0,0,0,0
060300021107,6,96.73461151123047,1.3692446690181164,5.0,0.6634383680712597,11,2015-12-25 18:00:00+00:00,11,3,0,0,0,0
060300021107,24,175.15676879882812,1.720333422228992,25.0,0.8120711069867093,16,2025-03-16 04:00:00+00:00,16,5,2,1,0,0
060300021107,72,231.96034240722656,1.7686709037036583,25.0,0.8690760205822857,17,2024-09-15 06:00:00+00:00,17,8,4,3,0,0
060300021201,1,40.66143798828125,1.0143177394778227,2.0,0.45980536121788734,1,1999-05-06 03:00:00+00:00,1,0,0,0,0,0
060300021201,3,80.73247528076172,1.428621811157364,10.0,0.6834573074799204,10,2023-03-02 05:00:00+00:00,10,1,1,0,0,0
060300021201,6,104.36153411865234,1.4944633383390558,10.0,0.7314979381214763,12,2025-03-16 02:00:00+00:00,12,3,3,0,0,0
060300021201,24,185.08157348632812,1.8150444612404877,25.0,0.8590797241396309,14,2025-03-16 03:00:00+00:00,14,7,2,1,0,0
060300021201,72,245.69053649902344,1.8708206511298786,50.0,0.9173536376123995,15,2024-09-15 07:00:00+00:00,15,8,5,3,1,0
060300021202,3,73.1445541381836,1.2811432646315994,5.0,0.5999814451664831,9,2022-02-23 04:00:00+00:00,9,2,0,0,0,0
060300021202,6,101.45265197753906,1.4503604030200243,10.0,0.6948504748728753,15,2025-03-16 01:00:00+00:00,15,3,1,0,0,0
060300021202,24,151.41029357910156,1.502610939504901,10.0,0.713814543875005,20,2025-03-16 04:00:00+00:00,20,7,3,0,0,0
060300021202,72,269.1436767578125,2.0678986013099627,100.0,1.0053831966989744,15,2024-09-15 06:00:00+00:00,15,7,5,2,1,1
060300021203,3,80.84479522705078,1.4003388704998687,5.0,0.6437580861784955,6,2009-07-05 10:00:00+00:00,6,2,0,0,0,0
060300021203,6,98.09888458251953,1.391919465869648,5.0,0.6548656697953397,6,2012-09-17 20:00:00+00:00,6,4,0,0,0,0
060300021203,24,149.3603515625,1.4743547025197157,10.0,0.7034504359387901,22,2024-09-14 20:00:00+00:00,22,5,2,0,0,0
060300021203,72,263.93719482421875,2.0185785354303,50.0,0.9748342117905325,19,2024-09-15 07:00:00+00:00,19,9,2,2,1,0
060300021204,3,74.1512451171875,1.2975575080759105,5.0,0.6048705534565344,8,2015-11-18 15:00:00+00:00,8,2,0,0,0,0
060300021204,6,98.62849426269531,1.4109683684814613,10.0,0.6733703501491336,10,2025-03-16 01:00:00+00:00,10,5,1,0,0,0
060300021204,24,154.88690185546875,1.5393945516719725,10.0,0.7330251572992798,19,2025-03-16 04:00:00+00:00,19,7,2,0,0,0
060300021204,72,273.4833679199219,2.1039770243103115,100.0,1.0198644015337153,15,2024-09-15 06:00:00+00:00,15,7,5,2,1,1
060300021205,3,78.95317077636719,1.393027321304361,5.0,0.6602683717756817,8,2019-12-01 01:00:00+00:00,8,2,0,0,0,0
060300021205,6,97.0632095336914,1.3924150360462755,10.0,0.6755755219698697,11,2025-03-16 01:00:00+00:00,11,5,1,0,0,0
060300021205,24,169.6441650390625,1.6786104320365252,25.0,0.7959856053921673,19,2025-03-16 03:00:00+00:00,19,6,3,1,0,0
060300021205,72,266.7969970703125,2.0455709987871757,50.0,0.9980402550177031,13,2024-09-15 07:00:00+00:00,13,8,6,3,1,0
060300030601,1,43.34333801269531,1.0753387959990235,2.0,0.48212137214120493,1,2015-12-25 15:00:00+00:00,1,0,0,0,0,0
060300030601,3,65.20835876464844,1.1550483420838435,2.0,0.5448323195829075,4,2015-12-25 17:00:00+00:00,4,0,0,0,0,0
060300030601,6,100.53878784179688,1.4529269380166097,10.0,0.7035415834947999,5,2010-11-30 14:00:00+00:00,5,3,2,0,0,0
060300030601,24,184.18174743652344,1.8168954860163689,25.0,0.8758755139581684,14,2021-09-19 20:00:00+00:00,14,4,1,1,0,0
060300030601,72,250.6380157470703,1.9260990466810481,50.0,0.9700506497303855,17,2021-09-21 00:00:00+00:00,17,8,5,1,1,0
060300040303,3,75.72384643554688,1.3120944615837487,5.0,0.6060794341431314,5,2014-04-29 00:00:00+00:00,5,3,0,0,0,0
060300040303,6,118.19347381591797,1.6725146221099458,25.0,0.789191776367366,7,2017-07-28 17:00:00+00:00,7,2,1,1,0,0
060300040303,24,142.69366455078125,1.4055089867500747,10.0,0.666071388650819,19,2025-03-16 04:00:00+00:00,19,7,2,0,0,0
060300040303,72,257.80841064453125,1.9649488240876123,50.0,0.9557615862832964,19,2021-10-07 03:00:00+00:00,19,8,5,2,1,0
060300040401,3,76.07630920410156,1.3170052034020179,5.0,0.6057393606860499,5,2012-09-17 21:00:00+00:00,5,2,0,0,0,0
060300040401,6,112.34272766113281,1.5870866123288656,10.0,0.7452542955132823,7,2017-07-28 16:00:00+00:00,7,3,1,0,0,0
060300040401,24,150.98902893066406,1.4848971635665484,10.0,0.7011287931242284,19,2025-03-16 04:00:00+00:00,19,7,2,0,0,0
060300040401,72,268.0155944824219,2.039959481968307,50.0,0.9941865452177588,17,2019-02-24 05:00:00+00:00,17,8,4,2,1,0
060300040402,3,78.1796875,1.3533840470743141,5.0,0.6184885227050069,6,2021-09-18 21:00:00+00:00,6,1,0,0,0,0
060300040402,6,106.19512176513672,1.499499564671248,10.0,0.6985916642401634,10,2021-09-18 23:00:00+00:00,10,2,1,0,0,0
060300040402,24,149.72915649414062,1.4743744362525046,10.0,0.6916944964342265,20,2025-03-16 06:00:00+00:00,20,6,1,0,0,0
060300040402,72,251.44744873046875,1.9215561830696466,50.0,0.939943875381185,20,2021-09-21 17:00:00+00:00,20,7,4,2,1,0
060300040403,1,49.17698287963867,1.2048959818991927,2.0,0.539900478136488,1,2003-05-06 13:00:00+00:00,1,0,0,0,0,0
060300040403,3,87.91243743896484,1.5136546475405932,10.0,0.7048551336090821,5,2014-10-14 04:00:00+00:00,5,3,1,0,0,0
060300040403,6,94.1419677734375,1.3228660433163313,5.0,0.6266146052627007,11,2017-07-28 17:00:00+00:00,11,6,0,0,0,0
060300040403,24,165.439208984375,1.6261645082594771,10.0,0.7644201681904751,21,2025-03-16 06:00:00+00:00,21,6,2,0,0,0
060300040403,72,240.77574157714844,1.835477242199622,50.0,0.8997437023926186,19,2019-02-24 05:00:00+00:00,19,8,5,3,1,0
060300040404,1,42.12087631225586,1.0345241507809266,2.0,0.4658963484597983,1,2003-05-06 13:00:00+00:00,1,0,0,0,0,0
060300040404,3,78.89655303955078,1.3726851461259113,5.0,0.6378506185174697,6,2014-04-29 00:00:00+00:00,6,3,0,0,0,0
060300040404,6,114.14952850341797,1.622416976086449,10.0,0.7705666139692612,8,2015-11-18 17:00:00+00:00,8,3,1,0,0,0
060300040404,24,143.9571075439453,1.423481342204915,10.0,0.6759534608899973,18,2024-09-14 20:00:00+00:00,18,6,3,0,0,0
060300040404,72,261.16949462890625,1.9990795395821022,50.0,0.9714574205172207,15,2024-09-15 06:00:00+00:00,15,7,4,2,1,0
060300040405,1,53.22944259643555,1.3076066478961164,5.0,0.5901840360308767,1,2003-05-06 13:00:00+00:00,1,1,0,0,0,0
060300040405,3,88.03765106201172,1.5243572605162357,10.0,0.7183519449919493,5,2014-04-29 00:00:00+00:00,5,3,1,0,0,0
060300040405,6,93.45015716552734,1.3191969338322702,5.0,0.6331005523689295,12,2019-12-01 05:00:00+00:00,12,5,0,0,0,0
060300040405,24,163.00845336914062,1.6049368611872885,10.0,0.7569837533275323,18,2025-03-16 06:00:00+00:00,18,5,2,0,0,0
060300040405,72,241.9374237060547,1.8471927046372068,50.0,0.9052773028830401,16,2019-02-24 05:00:00+00:00,16,7,4,3,1,0
060300050101,1,41.17845916748047,1.0250509334827347,2.0,0.47122877999770874,1,1995-04-21 03:00:00+00:00,1,0,0,0,0,0
060300050101,3,82.97896575927734,1.4700182736336318,10.0,0.7200156631051846,7,2024-09-14 12:00:00+00:00,7,3,2,0,0,0
060300050101,6,125.25176239013672,1.7851684150421658,25.0,0.8951224019969778,11,2024-09-14 13:00:00+00:00,11,5,3,1,0,0
060300050101,24,177.06729125976562,1.7032855840834802,25.0,0.8101628993596951,18,2025-03-16 03:00:00+00:00,18,6,2,1,0,0
060300050101,72,256.7847900390625,1.9198641969242982,50.0,0.9422758835592168,16,2024-09-15 09:00:00+00:00,16,7,6,2,1,0
060300050102,1,41.75419998168945,1.0356557188047815,2.0,0.4776099884583111,1,1995-04-21 03:00:00+00:00,1,0,0,0,0,0
060300050102,3,79.7972640991211,1.408828431344732,10.0,0.6911356997385183,10,2024-09-14 12:00:00+00:00,10,4,2,0,0,0
060300050102,6,119.5052719116211,1.695882143708984,25.0,0.85127145413313,14,2024-09-14 13:00:00+00:00,14,8,3,1,0,0
060300050102,24,186.8851318359375,1.7865729704522606,25.0,0.8524122857878645,17,2024-09-14 16:00:00+00:00,17,6,4,2,0,0
060300050102,72,284.0705261230469,2.1184938048915503,100.0,1.0445029455754744,17,2024-09-15 08:00:00+00:00,17,8,8,2,1,1
060300050103,1,41.479610443115234,1.03609039116294,2.0,0.4735917244268293,1,1995-04-21 03:00:00+00:00,1,0,0,0,0,0
060300050103,3,83.1766357421875,1.476821771201747,10.0,0.7168048112071437,9,2015-12-25 16:00:00+00:00,9,4,1,0,0,0
060300050103,6,114.04961395263672,1.6300888870576222,25.0,0.8100994124521994,12,2020-04-13 02:00:00+00:00,12,6,2,1,0,0
060300050103,24,182.18247985839844,1.7629068952048834,25.0,0.838423781930768,15,2024-09-15 01:00:00+00:00,15,6,4,2,0,0
060300050103,72,271.1461486816406,2.044828857870527,100.0,1.0084254680137419,17,2024-09-15 08:00:00+00:00,17,9,8,2,1,1
060300050104,1,42.26251220703125,1.0605040685750122,2.0,0.48268956120099943,1,1999-05-06 03:00:00+00:00,1,0,0,0,0,0
060300050104,3,81.32005310058594,1.4519567113193341,10.0,0.7016578568745971,9,2023-03-02 05:00:00+00:00,9,4,2,0,0,0
060300050104,6,117.89840698242188,1.697318857303658,25.0,0.840721765526347,13,2025-03-16 02:00:00+00:00,13,5,2,1,0,0
060300050104,24,182.56027221679688,1.7824704294614733,25.0,0.8455311717763374,16,2025-03-16 03:00:00+00:00,16,7,3,2,0,0
060300050104,72,246.9907989501953,1.8716588132344063,50.0,0.9170862175161774,16,2024-09-15 08:00:00+00:00,16,8,6,4,2,0
060300050105,1,41.796875,1.044422976460102,2.0,0.47300878262866314,1,1999-05-06 03:00:00+00:00,1,0,0,0,0,0
060300050105,3,76.09956359863281,1.3518683595430778,5.0,0.6452474834762415,7,2014-04-29 00:00:00+00:00,7,3,0,0,0,0
060300050105,6,105.46875762939453,1.518618311032438,10.0,0.7427071473405604,13,2025-03-16 01:00:00+00:00,13,4,2,0,0,0
060300050105,24,181.61607360839844,1.7917506175979758,25.0,0.8496332122781245,17,2025-03-16 03:00:00+00:00,17,7,3,1,0,0
060300050105,72,256.9261474609375,1.9646769267613082,50.0,0.9597999031697096,14,2024-09-15 07:00:00+00:00,14,8,6,3,2,0
060300050201,3,87.06700134277344,1.5065277059862656,10.0,0.701000246232278,6,2009-07-05 10:00:00+00:00,6,1,1,0,0,0
060300050201,6,106.84172058105469,1.5170185148264075,10.0,0.7227440944681971,9,2010-05-02 23:00:00+00:00,9,3,1,0,0,0
060300050201,24,150.36737060546875,1.4874364086244325,10.0,0.7112278306190695,20,2025-03-16 04:00:00+00:00,20,6,2,0,0,0
060300050201,72,260.8815612792969,2.0014813721585245,50.0,0.9647073729416401,20,2024-09-15 08:00:00+00:00,20,7,5,2,1,0
060300050202,1,42.99222946166992,1.0559531912507532,2.0,0.4787365423818642,2,1991-11-30 12:00:00+00:00,2,0,0,0,0,0
060300050202,3,79.30084228515625,1.3881642441397781,5.0,0.651016755113832,7,2015-08-06 18:00:00+00:00,7,1,0,0,0,0
060300050202,6,96.70745086669922,1.385946333581454,5.0,0.6661738724949554,12,2025-03-16 01:00:00+00:00,12,6,0,0,0,0
060300050202,24,159.82382202148438,1.5921789741292032,10.0,0.7601838969391076,19,2025-03-16 03:00:00+00:00,19,8,2,0,0,0
060300050202,72,272.51055908203125,2.1021458938084017,100.0,1.0167800584655065,16,2024-09-15 08:00:00+00:00,16,8,5,2,1,1
060300050301,1,46.05992889404297,1.1161030689345772,2.0,0.5258081133602569,2,2005-08-30 05:00:00+00:00,2,0,0,0,0,0
060300050301,3,101.14488220214844,1.734205155529549,25.0,0.8722805516219445,6,2005-08-30 06:00:00+00:00,6,2,2,1,0,0
060300050301,6,154.46673583984375,2.1430117343641664,100.0,1.094654670208423,8,2015-12-25 18:00:00+00:00,8,3,2,1,1,1
060300050301,24,178.0526123046875,1.6915156066973172,25.0,0.8068571354499274,15,2015-12-26 09:00:00+00:00,15,6,2,1,0,0
060300050301,72,225.2890625,1.6616815230935496,25.0,0.8144522542867468,18,2024-09-15 09:00:00+00:00,18,9,4,1,0,0
060300050302,1,43.01385498046875,1.049447826051034,2.0,0.4900759794969361,1,1995-04-21 03:00:00+00:00,1,0,0,0,0,0
060300050302,3,79.32173919677734,1.3737827184418654,10.0,0.6826719392749955,6,2015-12-25 17:00:00+00:00,6,4,1,0,0,0
060300050302,6,117.76856994628906,1.6427064819513268,25.0,0.8318368771762196,8,2020-04-13 02:00:00+00:00,8,5,3,1,0,0
060300050302,24,168.2164306640625,1.5882049389872275,10.0,0.7581206304868865,16,2024-09-14 16:00:00+00:00,16,6,2,0,0,0
060300050302,72,227.97787475585938,1.6763249486774345,25.0,0.8245781156596327,15,2024-09-15 09:00:00+00:00,15,7,6,1,0,0
060300050303,1,44.98271560668945,1.1242691609050446,2.0,0.5165461227802611,2,1999-05-06 03:00:00+00:00,2,0,0,0,0,0
060300050303,3,91.27413940429688,1.6233547319969537,10.0,0.7960667521825794,7,2014-04-29 00:00:00+00:00,7,3,2,0,0,0
060300050303,6,128.42066955566406,1.8473387594619515,50.0,0.9273435770737793,12,2015-12-25 18:00:00+00:00,12,3,3,1,1,0
060300050303,24,171.9279022216797,1.6857181771180783,25.0,0.8019585491394795,19,2025-03-16 03:00:00+00:00,19,9,2,1,0,0
060300050303,72,256.3319396972656,1.9465535085536811,50.0,0.9513509647378171,19,2024-09-15 09:00:00+00:00,19,7,6,4,1,0
060300050304,1,40.71007537841797,1.020816153300547,2.0,0.46340847537909846,1,2005-08-30 06:00:00+00:00,1,0,0,0,0,0
060300050304,3,83.4418716430664,1.4902380064666925,10.0,0.715531711236616,9,2024-04-30 09:00:00+00:00,9,4,1,0,0,0
060300050304,6,109.79302978515625,1.590395259754303,10.0,0.7833813264644106,12,2025-03-16 01:00:00+00:00,12,6,3,0,0,0
060300050304,24,177.77430725097656,1.7630711668344925,25.0,0.837926861136872,19,2025-03-16 03:00:00+00:00,19,8,4,1,0,0
060300050304,72,265.4077453613281,2.0371160477741936,50.0,0.99328937463809,16,2024-09-15 08:00:00+00:00,16,7,6,4,2,0
060300050507,1,52.398719787597656,1.2652843886567857,5.0,0.5876644936257764,2,2009-07-13 05:00:00+00:00,2,1,0,0,0,0
060300050507,3,74.12004089355469,1.2797408588922097,5.0,0.619532210291401,10,2014-10-14 01:00:00+00:00,10,3,0,0,0,0
060300050507,6,100.40721893310547,1.4266802382477484,10.0,0.7062751561089454,13,2017-10-23 08:00:00+00:00,13,3,1,0,0,0
060300050507,24,153.56944274902344,1.524211840893821,10.0,0.7292304604392392,17,2019-02-22 17:00:00+00:00,17,7,3,0,0,0
060300050507,72,230.43136596679688,1.7795246647367895,25.0,0.8550333140094337,24,2024-09-15 08:00:00+00:00,24,9,4,2,0,0
060300050508,3,80.83551788330078,1.3970346836463055,5.0,0.6657726984191323,7,2014-07-09 03:00:00+00:00,7,2,0,0,0,0
060300050508,6,99.9456558227539,1.4204125274296289,10.0,0.6929384452056011,10,2014-07-09 05:00:00+00:00,10,3,1,0,0,0
060300050508,24,148.71453857421875,1.4753619540610703,10.0,0.7063635345641516,22,2025-03-16 03:00:00+00:00,22,6,2,0,0,0
060300050508,72,256.3020935058594,1.975332635957668,50.0,0.9501956651418759,23,2024-09-15 08:00:00+00:00,23,7,5,2,1,0
060300050509,1,49.2032585144043,1.205084944952179,2.0,0.5541471504633106,2,1991-11-30 12:00:00+00:00,2,0,0,0,0,0
060300050509,3,87.529052734375,1.531734590897805,10.0,0.7372826832835592,5,2015-08-06 18:00:00+00:00,5,2,1,0,0,0
060300050509,6,105.31256866455078,1.5120556056803003,10.0,0.7461920835378133,8,2025-03-16 01:00:00+00:00,8,5,3,0,0,0
060300050509,24,160.94801330566406,1.607911678191988,10.0,0.7698528575523346,20,2024-09-15 02:00:00+00:00,20,7,1,0,0,0
060300050509,72,259.7158203125,2.013024269834568,50.0,0.9708227018545265,20,2024-09-15 08:00:00+00:00,20,9,4,2,1,0
060300050601,1,59.26917266845703,1.428980118701203,10.0,0.6735319251959306,4,2014-10-14 01:00:00+00:00,4,1,1,0,0,0
060300050601,3,82.7969970703125,1.4282642753869705,10.0,0.7079933853045699,10,2017-10-23 06:00:00+00:00,10,3,1,0,0,0
060300050601,6,96.36632537841797,1.3690455668160895,10.0,0.6911677703214478,12,2017-10-23 08:00:00+00:00,12,4,1,0,0,0
060300050601,24,146.95103454589844,1.457018169239034,10.0,0.6939347688955465,21,2024-09-15 02:00:00+00:00,21,6,1,0,0,0
060300050601,72,234.64878845214844,1.8142235654772862,25.0,0.8679273637451027,23,2024-09-15 09:00:00+00:00,23,6,5,3,0,0
060300050602,1,50.1221809387207,1.2089753570125705,2.0,0.5721798138412508,3,2010-05-01 21:00:00+00:00,3,0,0,0,0,0
060300050602,3,72.09124755859375,1.2447013462396832,5.0,0.6201469306467534,8,2025-04-06 05:00:00+00:00,8,2,0,0,0,0
060300050602,6,90.65206909179688,1.2889956850984874,5.0,0.6525760358489615,12,2017-10-23 07:00:00+00:00,12,3,0,0,0,0
060300050602,24,144.77020263671875,1.434613095753346,10.0,0.6809767219861892,18,2024-09-15 02:00:00+00:00,18,6,2,0,0,0
060300050602,72,229.95469665527344,1.7767570501345362,25.0,0.8475550308262779,20,2024-09-15 09:00:00+00:00,20,6,5,3,0,0
060300050603,1,46.96698760986328,1.1340877376746947,2.0,0.5379476520422076,1,1979-09-13 12:00:00+00:00,1,0,0,0,0,0
060300050603,3,76.25949096679688,1.3178079226145156,5.0,0.6591980551173652,9,2021-09-18 00:00:00+00:00,9,1,0,0,0,0
060300050603,6,98.93692016601562,1.4066539165681322,10.0,0.7140675544902212,13,2021-09-18 03:00:00+00:00,13,3,2,0,0,0
060300050603,24,151.679443359375,1.4993734981339253,10.0,0.7103099714179762,20,2024-09-15 02:00:00+00:00,20,5,1,0,0,0
060300050603,72,236.90267944335938,1.8248091389780081,25.0,0.8686990054200721,19,2024-09-15 09:00:00+00:00,19,6,5,2,0,0
060300050604,1,52.9461669921875,1.2866482385437357,5.0,0.6008173292546699,2,2009-07-13 05:00:00+00:00,2,1,0,0,0,0
060300050604,3,80.36172485351562,1.3964328420171308,10.0,0.6868015514601599,7,2015-08-06 17:00:00+00:00,7,2,1,0,0,0
060300050604,6,98.73500061035156,1.4100891104367261,10.0,0.7086817283619781,10,2017-10-23 08:00:00+00:00,10,4,2,0,0,0
060300050604,24,146.6649627685547,1.4583631105051527,10.0,0.6968171276755449,18,2024-09-15 02:00:00+00:00,18,7,1,0,0,0
060300050604,72,236.3448028564453,1.8285711438522594,25.0,0.8781645306550143,25,2024-09-15 08:00:00+00:00,25,6,5,2,0,0
060300050605,1,49.233009338378906,1.206929504627615,2.0,0.5628627416636179,2,2007-08-25 05:00:00+00:00,2,0,0,0,0,0
060300050605,3,85.88877868652344,1.5043821497996568,10.0,0.7434176502904685,8,2019-08-25 23:00:00+00:00,8,2,1,0,0,0
060300050605,6,103.0477523803711,1.479460787454579,10.0,0.7471201218837545,11,2025-03-16 01:00:00+00:00,11,4,1,0,0,0
060300050605,24,157.66404724121094,1.5692094551287639,10.0,0.7490291421658084,20,2024-09-15 02:00:00+00:00,20,5,2,0,0,0
060300050605,72,250.62838745117188,1.937007690800564,50.0,0.931517457826976,19,2024-09-15 08:00:00+00:00,19,8,5,3,1,0
060300050701,1,50.16878890991211,1.222783294989002,5.0,0.5765682042450619,2,2019-04-14 07:00:00+00:00,2,1,0,0,0,0
060300050701,3,112.1978988647461,1.9357671395298894,50.0,0.9775284688518345,8,2020-01-11 18:00:00+00:00,8,3,3,1,1,0
060300050701,6,161.2129669189453,2.2574355676607416,200.0,1.1576014824079603,9,2020-01-11 20:00:00+00:00,9,4,3,1,1,1
060300050701,24,182.26089477539062,1.7568423887373357,25.0,0.8375640588632797,17,2020-02-06 12:00:00+00:00,17,8,2,1,0,0
060300050701,72,224.7091064453125,1.678369606909248,25.0,0.8194773547565259,21,2024-09-15 09:00:00+00:00,21,10,5,1,0,0
060300050702,1,47.99414825439453,1.199100237935492,2.0,0.5528215135667585,3,2025-03-15 20:00:00+00:00,3,0,0,0,0,0
060300050702,3,98.4223861694336,1.7515854809289597,25.0,0.8625918775114071,11,2025-03-15 22:00:00+00:00,11,4,2,1,0,0
060300050702,6,113.21768188476562,1.6381245995028955,25.0,0.8258095539699705,13,2025-03-16 01:00:00+00:00,13,6,4,2,0,0
060300050702,24,161.72454833984375,1.6074188458369043,10.0,0.7662801535478251,18,2025-03-16 02:00:00+00:00,18,11,3,0,0,0
060300050702,72,264.7874755859375,2.0362840070247072,50.0,0.9905862600960257,20,2025-03-16 02:00:00+00:00,20,9,6,5,2,0
060300050703,1,46.97911071777344,1.1611680192996128,2.0,0.543125186171547,2,2005-08-30 06:00:00+00:00,2,0,0,0,0,0
060300050703,3,94.6654052734375,1.663921892751493,25.0,0.833448886854652,9,2025-03-15 22:00:00+00:00,9,3,2,1,0,0
060300050703,6,128.89950561523438,1.844794627936909,50.0,0.9416759703155652,10,2025-03-16 01:00:00+00:00,10,4,3,1,1,0
060300050703,24,147.19871520996094,1.4512433024877949,10.0,0.6915490298475476,17,2025-03-16 02:00:00+00:00,17,10,2,0,0,0
060300050703,72,234.05931091308594,1.786612574909101,25.0,0.8668789011467858,20,2025-03-16 02:00:00+00:00,20,9,7,3,0,0
060300050801,1,45.9163818359375,1.14042341076211,2.0,0.5196823541809609,2,1991-11-30 12:00:00+00:00,2,0,0,0,0,0
060300050801,3,84.26324462890625,1.4926533977777643,10.0,0.7153989322146705,8,2015-08-06 18:00:00+00:00,8,2,1,0,0,0
060300050801,6,100.7052230834961,1.4566066179771657,10.0,0.7164105027992008,13,2025-03-16 01:00:00+00:00,13,5,2,0,0,0
060300050801,24,165.23777770996094,1.6530784488171886,25.0,0.7892321690863284,22,2025-03-16 02:00:00+00:00,22,8,3,1,0,0
060300050801,72,278.474853515625,2.156229291595029,100.0,1.0454883242010946,17,2024-09-15 08:00:00+00:00,17,7,6,4,1,1
060300050802,1,48.44560241699219,1.2078577899328466,2.0,0.5556786253875515,3,2025-03-15 20:00:00+00:00,3,0,0,0,0,0
060300050802,3,94.84944915771484,1.6861213478462673,25.0,0.8256956004683338,11,2025-03-15 22:00:00+00:00,11,1,1,1,0,0
060300050802,6,109.34558868408203,1.583701351580632,10.0,0.7947548327785713,11,2025-03-16 01:00:00+00:00,11,5,4,0,0,0
060300050802,24,164.11033630371094,1.6372052729491102,10.0,0.7812016497468821,19,2025-03-16 02:00:00+00:00,19,10,3,0,0,0
060300050802,72,274.7550048828125,2.1212246063458595,100.0,1.0295210081464845,17,2025-03-16 02:00:00+00:00,17,8,6,5,2,1
060300050803,1,60.18472671508789,1.487215628399199,10.0,0.6902222058271664,3,2019-08-25 22:00:00+00:00,3,3,2,0,0,0
060300050803,3,108.6080322265625,1.9154464988079742,50.0,0.9453101715476255,12,2019-12-01 01:00:00+00:00,12,3,2,1,1,0
060300050803,6,123.92649841308594,1.7867439664167974,50.0,0.9021739065873914,16,2025-03-16 01:00:00+00:00,16,7,3,1,1,0
060300050803,24,160.8417205810547,1.603038021890371,10.0,0.7654242624424246,22,2025-03-16 02:00:00+00:00,22,11,3,0,0,0
060300050803,72,259.88409423828125,2.007428479977081,50.0,0.9692433752030386,18,2024-09-15 08:00:00+00:00,18,9,6,4,1,0
060300050804,1,49.800453186035156,1.2113283531050862,5.0,0.5762552328222634,4,2025-03-15 20:00:00+00:00,4,1,0,0,0,0
060300050804,3,99.58700561523438,1.715276566030417,25.0,0.8741502033886499,11,2025-03-15 21:00:00+00:00,11,3,3,2,0,0
060300050804,6,149.30691528320312,2.09436637584229,100.0,1.0810174676520667,13,2025-03-16 01:00:00+00:00,13,7,4,2,1,1
060300050804,24,171.77008056640625,1.6660965274696327,25.0,0.7932880485851785,24,2025-03-16 02:00:00+00:00,24,8,1,1,0,0
060300050804,72,223.0419921875,1.6751698911864976,25.0,0.8120746175653816,24,2025-03-16 02:00:00+00:00,24,10,5,1,0,0
060300050805,1,47.595516204833984,1.162000012929608,2.0,0.5519285383757626,3,2025-03-15 20:00:00+00:00,3,0,0,0,0,0
060300050805,3,90.42593383789062,1.5687870225661331,10.0,0.7966235420380733,11,2025-03-15 21:00:00+00:00,11,1,1,0,0,0
060300050805,6,112.36943054199219,1.5918940698088568,25.0,0.8195190167734069,15,2025-03-16 00:00:00+00:00,15,6,3,1,0,0
060300050805,24,139.3734893798828,1.3651293960207163,5.0,0.6486873154079188,19,2025-03-16 02:00:00+00:00,19,7,0,0,0,0
060300050805,72,221.80389404296875,1.6836328189404768,25.0,0.8101986715977462,19,2025-03-16 02:00:00+00:00,19,7,5,3,0,0
060300050806,1,47.34553527832031,1.1479663753147562,2.0,0.5445559810440529,1,1979-09-13 12:00:00+00:00,1,0,0,0,0,0
060300050806,3,79.28492736816406,1.3728714542333875,10.0,0.6902108456296097,8,2021-09-18 00:00:00+00:00,8,4,1,0,0,0
060300050806,6,111.65019226074219,1.5861478652771661,25.0,0.8091989328147475,8,2021-09-18 02:00:00+00:00,8,3,2,1,0,0
060300050806,24,148.87347412109375,1.4654416587131587,10.0,0.6945420170118014,20,2024-09-15 02:00:00+00:00,20,7,1,0,0,0
060300050806,72,241.3408966064453,1.847323194292053,25.0,0.8808226196481116,18,2024-09-15 10:00:00+00:00,18,8,5,2,0,0
060300050807,1,42.57400131225586,1.024123303588532,2.0,0.49162436482746485,1,1979-09-13 12:00:00+00:00,1,0,0,0,0,0
060300050807,3,78.90254211425781,1.3461962405028685,5.0,0.6875374236167655,9,2025-03-15 21:00:00+00:00,9,2,0,0,0,0
060300050807,6,127.60081481933594,1.7796338263806855,50.0,0.916960332167499,11,2025-03-16 00:00:00+00:00,11,4,2,1,1,0
060300050807,24,155.50933837890625,1.5040827554764593,10.0,0.7113948807676165,18,2025-03-16 02:00:00+00:00,18,4,1,0,0,0
060300050807,72,224.8107452392578,1.6862445044146395,25.0,0.8061241185423109,18,2025-03-16 02:00:00+00:00,18,7,5,1,0,0
060300050808,1,48.04399108886719,1.17068261604119,2.0,0.5544894376605772,1,1979-09-13 12:00:00+00:00,1,0,0,0,0,0
060300050808,3,85.36680603027344,1.48261618835523,10.0,0.747233042440119,11,2020-07-12 16:00:00+00:00,11,1,1,0,0,0
060300050808,6,100.81498718261719,1.4330720041085858,10.0,0.7332069991726436,16,2025-03-16 00:00:00+00:00,16,3,2,0,0,0
060300050808,24,144.36521911621094,1.4195082931298453,10.0,0.6736406018099776,22,2025-03-16 02:00:00+00:00,22,6,1,0,0,0
060300050808,72,237.6163787841797,1.8135418002781407,25.0,0.8682019253833103,17,2024-09-15 10:00:00+00:00,17,8,5,3,0,0
060300050901,1,44.267581939697266,1.0553098487521508,2.0,0.5014558650202419,1,1979-09-13 12:00:00+00:00,1,0,0,0,0,0
060300050901,3,83.89137268066406,1.4376475441742587,10.0,0.7062568675109062,7,2025-04-06 04:00:00+00:00,7,4,1,0,0,0
060300050901,6,119.30339050292969,1.6884719760461022,25.0,0.8333748201209727,11,2025-04-06 07:00:00+00:00,11,4,2,1,0,0
060300050901,24,187.95176696777344,1.8485046942603758,25.0,0.8569437285920475,19,2025-04-06 21:00:00+00:00,19,6,3,1,0,0
060300050901,72,206.29769897460938,1.57879797357662,10.0,0.7387712837616563,19,2024-09-15 09:00:00+00:00,19,8,6,0,0,0
060300050902,1,49.84476089477539,1.192710969637158,2.0,0.5679528930875837,2,2010-05-01 21:00:00+00:00,2,0,0,0,0,0
060300050902,3,80.18816375732422,1.3773773091734043,5.0,0.6823405002374394,8,2025-04-06 04:00:00+00:00,8,3,0,0,0,0
060300050902,6,109.83306121826172,1.5563910736086581,10.0,0.7766389747259393,10,2025-04-06 07:00:00+00:00,10,5,1,0,0,0
060300050902,24,175.34576416015625,1.7278156118990131,25.0,0.8068010092812491,20,2025-04-06 21:00:00+00:00,20,5,1,1,0,0
060300050902,72,216.2527618408203,1.6600209678649291,10.0,0.7811789654597605,20,2024-09-15 09:00:00+00:00,20,7,5,0,0,0
060300051001,1,54.5186882019043,1.308298845216254,5.0,0.6236467931782439,3,2021-09-17 23:00:00+00:00,3,2,0,0,0,0
060300051001,3,116.64842987060547,2.0042805871728264,100.0,1.002112436647994,11,2025-04-06 05:00:00+00:00,11,4,2,2,1,1
060300051001,6,148.61376953125,2.102413179246628,100.0,1.06183950695937,15,2025-03-16 00:00:00+00:00,15,6,3,1,1,1
060300051001,24,163.5165252685547,1.6071886266436146,10.0,0.7558349179353936,21,2025-03-16 01:00:00+00:00,21,6,2,0,0,0
060300051001,72,229.82925415039062,1.7600583394294211,25.0,0.8324370970326304,21,2024-09-15 09:00:00+00:00,21,9,5,2,0,0
060300051002,1,44.078338623046875,1.0541430852372144,2.0,0.5039879090567269,1,1979-09-13 12:00:00+00:00,1,0,0,0,0,0
060300051002,3,95.5615005493164,1.6314940143960552,25.0,0.8188183391850589,7,2021-09-18 00:00:00+00:00,7,3,2,1,0,0
060300051002,6,115.0702896118164,1.6138422860774937,25.0,0.8161559258297778,9,2025-03-16 00:00:00+00:00,9,4,3,1,0,0
060300051002,24,142.4060821533203,1.3851663896018578,5.0,0.6492572168660321,18,2025-03-16 02:00:00+00:00,18,5,0,0,0,0
060300051002,72,234.00753784179688,1.7695776330588686,25.0,0.8350319438109279,19,2024-09-15 09:00:00+00:00,19,8,4,2,0,0
060300051003,1,47.106327056884766,1.1279539078444696,2.0,0.5376345649558243,2,2010-05-01 21:00:00+00:00,2,0,0,0,0,0
060300051003,3,86.17117309570312,1.4790682276631892,10.0,0.7360677798309538,11,2025-04-06 05:00:00+00:00,11,4,3,0,0,0
060300051003,6,113.27873229980469,1.6026210770374592,10.0,0.8042188422763561,14,2025-04-06 07:00:00+00:00,14,7,3,0,0,0
060300051003,24,160.81813049316406,1.5817915300644467,10.0,0.7409690704900312,19,2025-03-16 01:00:00+00:00,19,7,2,0,0,0
060300051003,72,218.53115844726562,1.674807863795286,25.0,0.789830714006233,21,2024-09-15 09:00:00+00:00,21,8,5,1,0,0
060300051004,1,44.50525665283203,1.060134485743067,2.0,0.505227762373739,1,1979-09-13 12:00:00+00:00,1,0,0,0,0,0
060300051004,3,86.09049987792969,1.4687604814971431,10.0,0.7274925246721793,10,2025-04-06 04:00:00+00:00,10,2,1,0,0,0
060300051004,6,100.97025299072266,1.4191378369533363,10.0,0.7067048163170168,13,2025-04-06 07:00:00+00:00,13,4,2,0,0,0
060300051004,24,143.00241088867188,1.3957525641236952,5.0,0.6491431256889937,20,2025-03-16 01:00:00+00:00,20,5,0,0,0,0
060300051004,72,220.30589294433594,1.6721098800594798,10.0,0.7836850782052494,18,2024-09-15 09:00:00+00:00,18,7,4,0,0,0
060300051202,1,43.136985778808594,1.0202462809569144,2.0,0.4838963659442363,1,1979-09-13 12:00:00+00:00,1,0,0,0,0,0
060300051202,3,80.56016540527344,1.368372767700182,5.0,0.6672662466485808,7,2025-04-06 04:00:00+00:00,7,4,0,0,0,0
060300051202,6,124.64617919921875,1.7500318954044172,25.0,0.8551395405798112,9,2025-04-06 07:00:00+00:00,9,4,3,1,0,0
060300051202,24,200.37408447265625,1.9578964611545013,50.0,0.9011124439783,15,2025-04-06 21:00:00+00:00,15,6,2,1,1,0
060300051202,72,216.19094848632812,1.6421503142629095,10.0,0.763984253506907,16,2021-03-28 10:00:00+00:00,16,7,5,0,0,0
060300051203,3,83.27151489257812,1.418845805897342,10.0,0.6899576851940824,5,2025-04-06 04:00:00+00:00,5,1,1,0,0,0
060300051203,6,115.92230224609375,1.6358512951377522,25.0,0.7968764014911465,14,2025-04-06 06:00:00+00:00,14,2,1,1,0,0
060300051203,24,202.26258850097656,1.9870621013131746,50.0,0.9144107874955913,13,2010-05-02 19:00:00+00:00,13,7,3,1,1,0
060300051203,72,216.9587860107422,1.6593164727060432,10.0,0.7727179147933727,15,2019-02-23 10:00:00+00:00,15,8,5,0,0,0
060300060101,1,63.757774353027344,1.502818410244135,10.0,0.7217749189141721,4,2022-04-16 08:00:00+00:00,4,2,2,0,0,0
060300060101,3,110.08782196044922,1.826718288039497,50.0,0.9279973466718312,7,2015-12-25 17:00:00+00:00,7,2,2,1,1,0
060300060101,6,146.07614135742188,1.959941843059347,100.0,1.003102105201768,13,2020-04-13 01:00:00+00:00,13,3,2,2,2,1
060300060101,24,198.21621704101562,1.8217460078693515,25.0,0.8702309813111979,15,2020-04-13 06:00:00+00:00,15,4,2,1,0,0
060300060101,72,226.8404083251953,1.620313617790302,10.0,0.7962529698998024,15,2024-09-15 09:00:00+00:00,15,6,4,0,0,0
060300060102,1,62.52513885498047,1.4698606184545033,10.0,0.7041482282208159,4,2025-04-06 06:00:00+00:00,4,1,1,0,0,0
060300060102,3,115.03466796875,1.9065674856886945,50.0,0.9611557449860727,6,2025-04-06 07:00:00+00:00,6,3,2,1,1,0
060300060102,6,165.9597930908203,2.221303781709612,200.0,1.1287105737251404,14,2025-04-06 10:00:00+00:00,14,4,2,2,1,1
060300060102,24,225.99752807617188,2.062090995696241,50.0,0.985827262347377,13,2020-04-13 06:00:00+00:00,13,4,2,1,1,0
060300060102,72,260.0646057128906,1.8484395836012673,50.0,0.909803968630344,14,2024-09-15 09:00:00+00:00,14,5,4,1,1,0
060300060103,1,75.35802459716797,1.7612098923415895,25.0,0.8524411110727081,3,2015-12-25 15:00:00+00:00,3,2,1,1,0,0
060300060103,3,126.76902770996094,2.0793147569203243,100.0,1.0595387111864563,6,2018-05-29 21:00:00+00:00,6,4,3,2,1,1
060300060103,6,159.9696044921875,2.1256312857864805,100.0,1.0860758425104406,13,2020-08-26 13:00:00+00:00,13,4,3,2,2,1
060300060103,24,204.8115234375,1.8743946911498317,25.0,0.8912488149880768,12,2020-04-13 06:00:00+00:00,12,4,2,2,0,0
060300060103,72,233.0347900390625,1.6527680166745413,25.0,0.8083103282971329,16,2020-08-29 07:00:00+00:00,16,6,4,1,0,0
060300060104,1,72.35630798339844,1.7048659432313837,25.0,0.8265382806667919,3,2020-08-26 12:00:00+00:00,3,3,1,1,0,0
060300060104,3,149.11383056640625,2.46248380808059,500.0,1.2662906895337933,6,2020-08-26 13:00:00+00:00,6,4,2,2,2,1
060300060104,6,188.15042114257812,2.5259447269836675,500.0,1.302743603221371,10,2020-08-26 13:00:00+00:00,10,4,3,2,2,2
060300060104,24,207.33563232421875,1.9383349288081724,50.0,0.9173775090710333,11,2020-08-26 14:00:00+00:00,11,6,4,2,1,0
060300060104,72,253.49240112304688,1.8286422983815682,25.0,0.8853300330222209,14,2020-08-29 07:00:00+00:00,14,8,4,2,0,0
060300060105,1,44.44041061401367,1.0457916396077453,2.0,0.503014625412314,1,2020-07-12 17:00:00+00:00,1,0,0,0,0,0
060300060105,3,82.54851531982422,1.3652490502375627,10.0,0.6927198986668273,9,2025-03-15 21:00:00+00:00,9,4,1,0,0,0
060300060105,6,113.53672790527344,1.5310909394202212,10.0,0.7799058119161072,11,2025-03-16 00:00:00+00:00,11,6,2,0,0,0
060300060105,24,153.9837188720703,1.4527096192078455,10.0,0.6798453413301421,16,2025-03-16 02:00:00+00:00,16,6,2,0,0,0
060300060105,72,247.7725830078125,1.8050604135008166,25.0,0.857620798529237,19,2025-03-16 02:00:00+00:00,19,10,5,2,0,0
060300060106,1,44.07275390625,1.0314020370664063,2.0,0.4934737321249231,2,2025-05-19 07:00:00+00:00,2,0,0,0,0,0
060300060106,3,77.20185852050781,1.2765533622578473,5.0,0.6364887925187158,7,2025-04-06 05:00:00+00:00,7,2,0,0,0,0
060300060106,6,123.81953430175781,1.6748169921207077,25.0,0.8362807087722677,9,2025-04-06 08:00:00+00:00,9,3,3,1,0,0
060300060106,24,169.508056640625,1.604300541848787,10.0,0.7402187960458372,18,2025-03-16 01:00:00+00:00,18,6,2,0,0,0
060300060106,72,255.66798400878906,1.874083597134892,25.0,0.875059854078321,19,2025-03-16 01:00:00+00:00,19,11,6,2,0,0
060300060201,1,60.9906120300293,1.4529016416636236,10.0,0.6969055080689625,6,2022-06-08 05:00:00+00:00,6,1,1,0,0,0
060300060201,3,109.2259521484375,1.8325719835564112,50.0,0.9369025639583087,9,2022-04-16 09:00:00+00:00,9,3,1,1,1,0
060300060201,6,160.52389526367188,2.1839775188076618,200.0,1.1268016908979743,8,2020-08-26 13:00:00+00:00,8,5,1,1,1,1
060300060201,24,193.1048583984375,1.8121751960000512,25.0,0.8650830709610904,14,2020-08-26 15:00:00+00:00,14,6,1,1,0,0
060300060201,72,220.39857482910156,1.6037571871526846,10.0,0.7847626052775253,21,2024-09-15 09:00:00+00:00,21,10,3,0,0,0
060300060202,1,56.95918273925781,1.354691320451485,5.0,0.6547268752385597,6,2020-08-26 10:00:00+00:00,6,2,0,0,0,0
060300060202,3,111.84941101074219,1.8705573001243303,50.0,0.964351704668325,12,2020-08-26 11:00:00+00:00,12,6,2,2,1,0
060300060202,6,168.5415802001953,2.2918035447696203,200.0,1.1894875350463876,14,2025-03-16 01:00:00+00:00,14,6,2,2,2,1
060300060202,24,209.17218017578125,1.9755329692419703,50.0,0.9413663851645182,21,2025-03-16 02:00:00+00:00,21,5,2,1,1,0
060300060202,72,224.17001342773438,1.6373609499953365,10.0,0.7963914820980094,22,2024-09-15 09:00:00+00:00,22,8,5,0,0,0
060300060203,1,45.11119079589844,1.0729875160651852,2.0,0.5186891265192386,1,1996-07-08 04:00:00+00:00,1,0,0,0,0,0
060300060203,3,86.91329956054688,1.4561565146317417,10.0,0.7492254414187922,13,2025-03-31 12:00:00+00:00,13,3,2,0,0,0
060300060203,6,140.0676727294922,1.9136255123919836,50.0,0.9907033407643325,14,2025-03-31 14:00:00+00:00,14,4,3,2,1,0
060300060203,24,178.0281219482422,1.695212970819875,25.0,0.8034586056892874,19,2025-03-16 02:00:00+00:00,19,5,2,1,0,0
060300060203,72,223.08045959472656,1.6424347650307174,10.0,0.7901850448471743,22,2025-03-16 02:00:00+00:00,22,6,5,0,0,0
060300060204,1,44.03617858886719,1.0391097395619624,2.0,0.5009731285815974,1,2025-05-19 07:00:00+00:00,1,0,0,0,0,0
060300060204,3,76.14698028564453,1.2667911046082214,5.0,0.6443986055369775,9,2025-03-31 11:00:00+00:00,9,1,0,0,0,0
060300060204,6,115.36296081542969,1.5675982264874546,10.0,0.8010473310203949,11,2025-03-31 13:00:00+00:00,11,5,1,0,0,0
060300060204,24,159.9896697998047,1.5187883181432993,10.0,0.7130168612756737,17,2025-03-16 02:00:00+00:00,17,3,1,0,0,0
060300060204,72,239.8538360595703,1.760306787566819,25.0,0.836656206989438,16,2025-03-16 02:00:00+00:00,16,8,5,1,0,0
060300060205,1,62.52490997314453,1.476644274149717,10.0,0.7156646409588371,2,2019-04-14 07:00:00+00:00,2,2,1,0,0,0
060300060205,3,109.46063232421875,1.8142595846270462,50.0,0.9343622141955481,9,2020-08-26 13:00:00+00:00,9,3,2,2,1,0
060300060205,6,159.50247192382812,2.148367879999307,200.0,1.1115832541260293,10,2020-08-26 13:00:00+00:00,10,4,2,2,2,2
060300060205,24,193.50799560546875,1.811553729288293,25.0,0.8611606595549957,14,2025-03-16 02:00:00+00:00,14,6,2,1,0,0
060300060205,72,231.5720977783203,1.6750402970551779,25.0,0.8135664928525993,18,2020-08-29 07:00:00+00:00,18,8,5,1,0,0
060300060206,1,46.78767776489258,1.103817219094573,2.0,0.5324989354868074,1,2020-07-12 17:00:00+00:00,1,0,0,0,0,0
060300060206,3,94.87108612060547,1.5737461322111879,10.0,0.8028621547435406,11,2025-03-31 12:00:00+00:00,11,3,2,0,0,0
060300060206,6,114.94414520263672,1.5554139862367156,10.0,0.7971804486940687,12,2025-03-31 13:00:00+00:00,12,5,5,0,0,0
060300060206,24,175.37265014648438,1.6603553464354193,10.0,0.7809577684146137,17,2025-03-16 02:00:00+00:00,17,6,1,0,0,0
060300060206,72,237.68064880371094,1.7369645526084914,25.0,0.828805206816343,20,2025-03-16 02:00:00+00:00,20,7,5,1,0,0
060300060207,1,46.37077331542969,1.0886128175074528,2.0,0.5220311451228892,1,2025-05-19 07:00:00+00:00,1,0,0,0,0,0
060300060207,3,75.2431640625,1.247253688360041,5.0,0.6259814359496969,6,2025-03-15 21:00:00+00:00,6,2,0,0,0,0
060300060207,6,120.01731872558594,1.626800085705477,25.0,0.8188156584956408,8,2025-03-16 00:00:00+00:00,8,3,3,1,0,0
060300060207,24,163.00360107421875,1.5450273626472064,10.0,0.7176521570359384,18,2025-03-16 01:00:00+00:00,18,6,2,0,0,0
060300060207,72,252.74874877929688,1.8537932631035952,25.0,0.8713054528920411,20,2025-03-16 01:00:00+00:00,20,9,6,1,0,0
060300060301,3,75.68913269042969,1.2639810697089107,5.0,0.6394180821033145,7,2025-03-15 21:00:00+00:00,7,1,0,0,0,0
060300060301,6,115.00605773925781,1.5709364278357463,10.0,0.797971030836859,8,2025-03-16 00:00:00+00:00,8,2,2,0,0,0
060300060301,24,148.93629455566406,1.4180878427994994,10.0,0.6632660926875134,17,2025-03-16 02:00:00+00:00,17,4,1,0,0,0
060300060301,72,239.58763122558594,1.7664420962005971,25.0,0.8352123520183306,18,2025-03-16 02:00:00+00:00,18,8,5,1,0,0
060300060302,1,50.93265914916992,1.1938373507610087,2.0,0.5696444224096383,2,2023-03-25 04:00:00+00:00,2,0,0,0,0,0
060300060302,3,89.79989624023438,1.4965740229369928,10.0,0.7370143993153723,7,2025-04-06 05:00:00+00:00,7,2,1,0,0,0
060300060302,6,140.39793395996094,1.9211557384341884,50.0,0.9455250132526711,7,2025-04-06 08:00:00+00:00,7,3,1,1,1,0
060300060302,24,187.97711181640625,1.7960590272118573,25.0,0.8221281912290148,18,2025-03-16 01:00:00+00:00,18,7,2,1,0,0
060300060302,72,251.4412841796875,1.8612316660521837,25.0,0.861410694543904,19,2019-02-23 12:00:00+00:00,19,8,6,2,0,0
060300060303,1,50.76681137084961,1.1950826703735846,2.0,0.5697433086796835,3,2023-03-25 04:00:00+00:00,3,0,0,0,0,0
060300060303,3,94.68721771240234,1.5876488998018337,10.0,0.7824769692643152,7,2025-04-06 05:00:00+00:00,7,3,1,0,0,0
060300060303,6,150.7218017578125,2.0763049598512655,100.0,1.0242991800961787,7,2025-04-06 08:00:00+00:00,7,4,1,1,1,1
060300060303,24,197.22946166992188,1.8925489988735424,25.0,0.8698168073976099,19,2025-03-16 01:00:00+00:00,19,5,2,1,0,0
060300060303,72,260.5635070800781,1.937380819954142,50.0,0.8995857809959876,18,2024-09-15 10:00:00+00:00,18,7,5,2,1,0
060300060304,1,68.67562103271484,1.6188618389209257,10.0,0.7747604797434902,3,2023-03-25 04:00:00+00:00,3,1,1,0,0,0
060300060304,3,93.39381408691406,1.5635572849244628,10.0,0.7795893553785744,7,2025-04-06 05:00:00+00:00,7,2,2,0,0,0
060300060304,6,140.0716552734375,1.922832920889819,50.0,0.9613783201053453,11,2025-03-16 00:00:00+00:00,11,3,2,1,1,0
060300060304,24,183.39590454101562,1.7531710683867334,25.0,0.812400770819666,17,2025-03-16 01:00:00+00:00,17,5,1,1,0,0
060300060304,72,242.0381317138672,1.7928574257790744,25.0,0.8389156076622231,23,2025-03-16 01:00:00+00:00,23,9,5,2,0,0
060300060305,3,74.43913269042969,1.2564363361911741,5.0,0.6321669109908783,5,2010-12-12 02:00:00+00:00,5,1,0,0,0,0
060300060305,6,117.4466323852539,1.625217746158326,25.0,0.8215677268902196,7,2025-03-16 00:00:00+00:00,7,2,1,1,0,0
060300060305,24,148.83560180664062,1.4304924407503787,10.0,0.668100711923067,16,2025-03-16 02:00:00+00:00,16,4,1,0,0,0
060300060305,72,235.5977783203125,1.756634092276187,25.0,0.8277194736861988,18,2024-09-15 10:00:00+00:00,18,7,5,2,0,0
060300060306,1,48.9852294921875,1.1565430598355395,2.0,0.5510854388012253,2,2023-03-25 04:00:00+00:00,2,0,0,0,0,0
060300060306,3,84.07007598876953,1.4160447985594407,10.0,0.6980293439547118,6,2025-04-06 05:00:00+00:00,6,3,1,0,0,0
060300060306,6,139.62481689453125,1.933558804653592,50.0,0.9549315100194107,7,2025-04-06 07:00:00+00:00,7,3,1,1,1,0
060300060306,24,183.56640625,1.76829497940134,25.0,0.8145721714960547,19,2025-04-06 21:00:00+00:00,19,6,1,1,0,0
060300060306,72,249.54403686523438,1.8636142351186973,25.0,0.866816396130775,19,2024-09-15 10:00:00+00:00,19,7,5,2,0,0
060300060307,1,45.85896682739258,1.085604073061089,2.0,0.5166347774468873,2,2023-03-25 04:00:00+00:00,2,0,0,0,0,0
060300060307,3,82.27833557128906,1.392863984801193,10.0,0.685207577800085,5,2025-04-06 04:00:00+00:00,5,3,1,0,0,0
060300060307,6,123.27177429199219,1.718268953386877,25.0,0.8474545197097342,8,2025-04-06 07:00:00+00:00,8,3,2,1,0,0
060300060307,24,164.4982147216797,1.5936534601782741,10.0,0.7350627822954781,18,2025-04-06 21:00:00+00:00,18,6,2,0,0,0
060300060307,72,234.23768615722656,1.7609486342769836,25.0,0.8198488278685138,18,2024-09-15 10:00:00+00:00,18,8,5,2,0,0
