huc12_a,huc12_b
031300020601,031501080904
031300020601,031300020602
031300020601,031501080905
031300020601,031501080802
031300020602,031300020802
031300020602,031300020603
031300020602,031501080904
031300020603,031300020803
031300020603,031300020802
031300020802,031300020806
031300020802,031300020803
031300020802,031300020804
031300020802,031501090301
031300020802,031501080904
031300020803,031300020806
031300020804,031300020806
031300020804,031300020805
031300020804,031501090304
031300020804,031501090301
031300020805,031300020901
031300020805,031300020903
031300020805,031300020808
031300020805,031300020806
031300020805,031501090304
031300020806,031300020808
031300020808,031300020903
031300020901,031300020902
031300020901,031501090204
031300020901,031501090203
031300020901,031300020903
031300020901,031501090304
031300020902,031300021104
031300020902,031501090201
031300020902,031501090204
031300020902,031300021105
031300020902,031300020903
031300020903,031300021105
031300020903,031300020908
031300020903,031300020907
031300020907,031300021105
031300020907,031300020908
031300020908,031300021109
031300020908,031300021105
031300021104,031501100102
031300021104,031501090503
031300021104,031300021107
031300021104,031501090501
031300021104,031501090202
031300021104,031501090201
031300021104,031300021105
031300021105,031300021108
031300021105,031300021107
031300021105,031300021109
031300021106,031501100202
031300021106,031501100102
031300021106,031300030401
031300021106,031300021301
031300021106,031300021108
031300021106,031300021107
031300021107,031501100102
031300021107,031300021108
031300021108,031300021301
031300021108,031300021302
031300021108,031300021109
031300021109,031300021302
031300021301,031300030402
031300021301,031300030401
031300021301,031300021306
031300021301,031300021302
031300021302,031300021306
031300021306,031300030403
031300021306,031300030304
031300021306,031300030301
031300021306,031300030402
031300030301,031300030305
031300030301,031300030403
031300030301,031300030304
031300030304,031300030306
031300030304,031300030305
031300030305,031300030306
031300030305,031300030403
031300030306,031300030602
031300030306,031300030505
031300030306,031300030403
031300030401,031300030503
031300030401,031300030501
031300030401,031300030502
031300030401,031501100202
031300030401,031300030402
031300030402,031300030503
031300030402,031300030403
031300030403,031300030505
031300030403,031300030504
031300030403,031300030503
031300030501,031300030801
031300030501,031300030503
031300030501,031300030502
031300030501,031501100203
031300030501,031501100201
031300030501,031501100202
031300030502,031300030503
031300030503,031300030803
031300030503,031300030802
031300030503,031300030801
031300030503,031300030504
031300030504,031300030802
031300030504,031300030505
031300030505,031300030802
031300030505,031300030605
031300030505,031300030602
031300030602,031300030606
031300030602,031300030605
031300030605,031300030606
031300030605,031300030802
031300030606,031300030804
031300030606,031300030802
031300030801,031300031102
031300030801,031300030803
031300030801,031501100203
031300030802,031300030804
031300030802,031300030803
031300030803,031300030904
031300030803,031300031103
031300030803,031300030804
031300030803,031300031102
031300030804,031300030904
031300030804,031300030903
031300030903,031300030905
031300030903,031300030904
031300030904,031300030905
031300030904,031300031103
031300030905,031300031302
031300030905,031300031205
031300030905,031300031103
031300031001,031300031203
031300031001,031300031003
031300031001,031300031202
031300031001,031402020201
031300031001,031300031002
031300031002,031501100703
031300031002,031300031003
031300031002,031402020201
031300031002,031501100601
031300031002,031300031101
031300031002,031501100502
031300031002,031501100205
031300031002,031501100203
031300031003,031300031203
031300031003,031300031205
031300031003,031300031204
031300031003,031300031101
031300031003,031300031103
031300031003,031300031102
031300031101,031300031102
031300031101,031501100203
031300031102,031300031103
031300031102,031501100203
031300031103,031300031205
031300031201,031402020102
031300031201,031402020101
031300031201,031402020205
031300031201,031300031203
031300031201,031300031202
031300031201,031402020201
031300031202,031300031203
031300031202,031402020201
031300031203,031402020102
031300031203,031300031306
031300031203,031300031304
031300031203,031300031301
031300031203,031300031204
031300031204,031300031301
031300031204,031300031205
031300031205,031300031302
031300031205,031300031301
031300031301,031300031303
031300031301,031300031307
031300031301,031300031306
031300031301,031300031302
031300031302,031300031303
031300031303,031300031313
031300031303,031300031307
031300031304,031300031305
031300031304,031402020102
031300031304,031300031306
031300031305,031402010401
031300031305,031402010101
031300031305,031300031309
031300031305,031402020102
031300031305,031300031306
031300031306,031300031309
031300031306,031300031307
031300031307,031300031313
031300031307,031300031310
031300031307,031300031309
031300031308,031402010102
031300031308,031300031312
031300031308,031402010101
031300031308,031300031310
031300031308,031300031309
031300031309,031402010101
031300031309,031300031310
031300031310,031300031312
031300031310,031300031313
031300031311,031300040302
031300031311,031300031600
031300031311,031402010102
031300031311,031300031312
031300031311,031300031313
031300031312,031300040302
031300031312,031402010102
031300031312,031300031313
031300031313,031300031600
031300031600,031300040304
031300031600,031300040104
031300031600,031300040302
031300040104,031300040206
031300040104,031300040304
031300040104,031300040403
031300040206,031300040501
031300040206,031300040405
031300040206,031300040403
031300040301,031300040304
031300040301,031402010202
031300040301,031300040303
031300040301,031402010201
031300040301,031402010104
031300040301,031300040302
031300040302,031300040304
031300040302,031402010104
031300040302,031402010102
031300040303,031300040401
031300040303,031300040304
031300040303,031402010202
031300040304,031300040402
031300040304,031300040404
031300040304,031300040401
031300040304,031300040403
031300040401,031300040402
031300040401,031402010202
031300040402,031300040604
031300040402,031402010205
031300040402,031300040605
031300040402,031402010207
031300040402,031300040502
031300040402,031402010204
031300040402,031300040404
031300040402,031402010202
031300040403,031300040405
031300040403,031300040404
031300040404,031300040502
031300040404,031300040405
031300040405,031300040502
031300040405,031300040501
031300040501,031300040504
031300040501,031300040502
031300040502,031300040607
031300040502,031300040504
031300040502,031300040605
031300040504,031300040702
031300040504,031300040607
031300040601,031300120101
031300040601,031300120201
031300040601,031300040602
031300040601,031300040603
031300040602,031300120101
031300040602,031402010501
031300040602,031402010503
031300040602,031300040603
031300040602,031402010206
031300040603,031300120201
031300040603,031300040606
031300040603,031300040607
031300040603,031402010206
031300040603,031300040604
031300040603,031402010205
031300040604,031300040607
031300040604,031402010205
031300040604,031300040605
031300040605,031300040607
031300040606,031300120201
031300040606,031300040701
031300040606,031300040702
031300040606,031300040607
031300040607,031300040702
031300040701,031300120202
031300040701,031300120201
031300040701,031300040703
031300040701,031300040702
031300040702,031300040703
031300040703,031300040709
031300040703,031300040710
031300040703,031300120202
031300040709,031300120203
031300040709,031300040801
031300040709,031300040710
031300040709,031300120202
031300040710,031300040801
031300040801,031300120203
031300120101,031300120104
031300120101,031300120102
031300120101,031300120103
031300120101,031402010501
031300120101,031300120201
031300120102,031300120105
031300120102,031402030701
031300120102,031300120104
031300120102,031402030201
031300120102,031402010501
031300120103,031300120104
031300120103,031300120106
031300120103,031300120201
031300120104,031300120105
031300120104,031300120106
031300120105,031300120107
031300120105,031402030701
031300120105,031300120106
031300120106,031300120107
031300120106,031300120203
031300120106,031300120201
031300120107,031300120203
031300120201,031300120203
031300120201,031300120202
031300120202,031300120203
031401030101,031402020607
031401030101,031402020606
031401030101,031402020604
031401030101,031402020603
031401030101,031401030102
031401030101,031402020601
031401030102,031401030301
031401030102,031402020607
031401030102,031403010402
031401030102,031401030103
031401030102,031402020601
031401030102,031402020409
031401030102,031403010401
031401030102,031403010303
031401030103,031401030302
031401030103,031401030301
031401030103,031401030104
031401030103,031403010402
031401030104,031401030302
031401030104,031401030201
031401030104,031403010403
031401030104,031403010404
031401030104,031403010402
031401030201,031401030304
031401030201,031401030203
031401030201,031401030302
031401030201,031403010501
031401030201,031403010405
031401030201,031403010403
031401030202,031401040102
031401030202,031401040101
031401030202,031401030203
031401030202,031403010502
031401030202,031403010503
031401030203,031401040102
031401030203,031401030401
031401030203,031401030305
031401030203,031401030304
031401030203,031403010502
031401030203,031403010501
031401030301,031401030304
031401030301,031401030302
031401030301,031402020702
031401030301,031402020607
031401030302,031401030304
031401030303,031401030602
031401030303,031401030305
031401030303,031401030304
031401030303,031401030601
031401030303,031402020802
031401030303,031402020701
031401030303,031402020702
031401030304,031401030305
031401030304,031402020702
031401030305,031401030602
031401030305,031401030402
031401030305,031401030401
031401030401,031401040104
031401030401,031401040102
031401030401,031401030403
031401030401,031401030402
031401030402,031401030403
031401030402,031401030602
031401030403,031401040201
031401030403,031401040104
031401030601,031401030602
031401030601,031402020803
031401030601,031402020802
031401040101,031401040102
031401040101,031401040103
031401040101,031403010503
031401040102,031401040104
031401040102,031401040103
031401040103,031401040104
031401040103,031401040105
031401040103,031403040503
031401040103,031403040501
031401040103,031403010503
031401040104,031401040201
031401040104,031401040105
031401040105,031401040301
031401040105,031403040502
031401040105,031403040503
031401040301,031403040502
031401040301,031401040303
031401040303,031403040502
031401040303,031401040401
031401040401,031403040502
031401040401,031401040402
031401040401,031403040505
031401040402,031401040404
031401040402,031403040505
031401040404,031403050402
031401040404,031403040605
031401040404,031403040506
031401040404,031403040505
031401060101,031401060302
031401060101,031401060103
031401060101,031401060301
031401060101,031401060102
031401060101,031403050102
031401060101,031403050101
031401060101,031502040501
031401060102,031401060103
031401060102,031401060201
031401060102,031502040501
031401060102,031502040703
031401060103,031401060104
031401060103,031401060302
031401060103,031401060203
031401060103,031401060201
031401060104,031401060401
031401060104,031401060302
031401060104,031401060203
031401060201,031401060202
031401060201,031401060203
031401060201,031602040201
031401060201,031602040104
031401060201,031502040704
031401060201,031502040703
031401060202,031602040203
031401060202,031401060503
031401060202,031602040502
031401060202,031401060203
031401060202,031602040201
031401060203,031401060401
031401060203,031401060503
031401060301,031403050401
031401060301,031403050501
031401060301,031401060302
031401060301,031403050102
031401060302,031403050501
031401060401,031401060402
031401060401,031401060503
031401060402,031401060506
031401060402,031401060505
031401060402,031401060403
031401060402,031401060503
031401060403,031401060701
031401060403,031401060505
031401060501,031401060504
031401060501,031401060503
031401060501,031602040501
031401060501,031602040502
031401060502,031602050201
031401060502,031401060602
031401060502,031401060504
031401060503,031401060506
031401060503,031401060504
031401060503,031602040501
031401060503,031602040502
031401060504,031602050201
031401060504,031401060602
031401060504,031401060506
031401060504,031602040501
031401060505,031401060507
031401060505,031401060702
031401060505,031401060701
031401060505,031401060506
031401060506,031401060602
031401060506,031401060507
031401060507,031401060603
031401060507,031401060602
031401060507,031401060703
031401060507,031401060702
031401060601,031602050203
031401060601,031602050202
031401060601,031401070202
031401060601,031401070201
031401060601,031401060603
031401060601,031401060602
031401060602,031602050202
031401060602,031602050201
031401060602,031401060603
031401060603,031401070202
031401060603,031401070104
031401060603,031401060703
031401060701,031401060702
031401060702,031401060703
031401060703,031401070104
031401060703,031401070103
031401070103,031401070104
031401070104,031401070204
031401070104,031401070203
031401070104,031401070202
031401070201,031602050203
031401070201,031602050206
031401070201,031401070203
031401070201,031401070202
031401070202,031401070203
031401070203,031401070204
031401070203,031602050206
031401070204,031401070205
031401070204,031602050208
031401070204,031401070300
031401070204,031602050206
031401070205,031602050208
031401070205,031401070300
031401070300,031602050208
031401070300,031700090203
031401070300,031700091500
031402010101,031402010103
031402010101,031402010401
031402010101,031402010102
031402010102,031402010104
031402010102,031402010103
031402010103,031402010104
031402010103,031402010405
031402010103,031402010401
031402010104,031402010201
031402010104,031402010405
031402010201,031402010203
031402010201,031402010202
031402010201,031402010405
031402010202,031402010204
031402010202,031402010203
031402010203,031402010406
031402010203,031402010204
031402010203,031402010405
031402010204,031402010207
031402010204,031402010208
031402010204,031402010407
031402010204,031402010406
031402010205,031402010206
031402010205,031402010207
031402010206,031402010503
031402010206,031402010207
031402010206,031402010208
031402010207,031402010208
031402010208,031402010504
031402010208,031402010602
031402010208,031402010503
031402010208,031402010407
031402010301,031402010303
031402010301,031402010302
031402010301,031402020502
031402010301,031402020302
031402010302,031402010304
031402010302,031402010406
031402010302,031402010303
031402010302,031402010403
031402010302,031402020302
031402010303,031402010304
031402010303,031402010701
031402010303,031402020502
031402010304,031402010601
031402010304,031402010407
031402010304,031402010701
031402010304,031402010406
031402010401,031402010405
031402010401,031402010404
031402010401,031402010402
031402010401,031402020102
031402010402,031402010404
031402010402,031402010403
031402010402,031402020302
031402010402,031402020104
031402010402,031402020102
031402010403,031402010406
031402010403,031402010404
031402010403,031402020302
031402010404,031402010406
031402010404,031402010405
031402010405,031402010406
031402010406,031402010407
031402010407,031402010602
031402010407,031402010601
031402010501,031402030201
031402010501,031402010502
031402010501,031402010503
031402010502,031402030201
031402010502,031402011001
031402010502,031402011002
031402010502,031402010504
031402010502,031402010503
031402010503,031402010504
031402010504,031402011002
031402010504,031402011003
031402010504,031402010604
031402010504,031402010603
031402010504,031402010602
031402010601,031402010603
031402010601,031402010903
031402010601,031402010602
031402010601,031402010703
031402010601,031402010701
031402010602,031402010603
031402010603,031402010904
031402010603,031402010604
031402010603,031402010903
031402010604,031402011003
031402010604,031402010904
031402010701,031402010703
031402010701,031402010702
031402010701,031402020504
031402010701,031402020502
031402010702,031402010801
031402010702,031402010803
031402010702,031402010703
031402010702,031402020505
031402010702,031402020504
031402010703,031402010903
031402010703,031402010803
031402010801,031402010802
031402010801,031402010803
031402010801,031402020506
031402010801,031402020505
031402010802,031402010901
031402010802,031402011102
031402010802,031402010803
031402010802,031402020506
031402010803,031402010901
031402010803,031402010903
031402010901,031402010902
031402010901,031402010903
031402010901,031402011102
031402010902,031402010904
031402010902,031402010903
031402010902,031402011201
031402010902,031402011102
031402010903,031402010904
031402010904,031402011202
031402010904,031402011004
031402010904,031402011003
031402010904,031402011201
031402011001,031402030203
031402011001,031402030102
031402011001,031402030201
031402011001,031402030101
031402011001,031402011004
031402011001,031402011002
031402011002,031402011004
031402011002,031402011003
031402011003,031402011004
031402011004,031402030101
031402011004,031402011202
031402011101,031402011103
031402011101,031402011102
031402011101,031402020602
031402011101,031402020507
031402011102,031402011104
031402011102,031402011103
031402011102,031402011201
031402011102,031402020507
031402011102,031402020506
031402011103,031402020905
031402011103,031402011106
031402011103,031402020610
031402011103,031402011104
031402011103,031402020608
031402011103,031402020602
031402011104,031402011106
031402011104,031402011105
031402011104,031402011201
031402011105,031402011106
031402011105,031402011202
031402011105,031402011201
031402011106,031402020906
031402011106,031402020905
031402011106,031402011203
031402011106,031402011202
031402011201,031402011202
031402011202,031402011203
031402011202,031402030103
031402011202,031402030101
031402011203,031402020906
031402011203,031402030103
031402020101,031402020104
031402020101,031402020103
031402020101,031402020102
031402020101,031402020205
031402020102,031402020104
031402020103,031402020104
031402020103,031402020207
031402020103,031402020205
031402020104,031402020302
031402020104,031402020301
031402020104,031402020207
031402020201,031402020205
031402020201,031501100703
031402020201,031402020202
031402020201,031402020203
031402020202,031402020205
031402020202,031402020203
031402020203,031402020205
031402020203,031402020204
031402020203,031501100703
031402020203,031403010101
031402020204,031402020205
031402020204,031403010101
031402020205,031402020207
031402020205,031402020206
031402020205,031403010101
031402020206,031402020301
031402020206,031402020207
031402020206,031403010104
031402020206,031403010101
031402020207,031402020301
031402020301,031402020303
031402020301,031402020302
031402020301,031403010104
031402020302,031402020303
031402020302,031402020502
031402020303,031402020403
031402020303,031402020501
031402020303,031402020402
031402020303,031402020401
031402020303,031402020502
031402020303,031403010105
031402020303,031403010104
031402020401,031403010205
031402020401,031402020403
031402020401,031402020405
031402020401,031402020402
031402020401,031403010204
031402020401,031403010105
031402020402,031402020403
031402020403,031402020407
031402020403,031402020408
031402020403,031402020505
031402020403,031402020503
031402020403,031402020501
031402020403,031402020405
031402020404,031402020407
031402020404,031403010302
031402020404,031402020405
031402020405,031402020407
031402020405,031403010302
031402020405,031403010301
031402020405,031403010205
031402020406,031402020409
031402020406,031402020407
031402020406,031403010303
031402020406,031403010302
031402020407,031402020409
031402020407,031403010302
031402020407,031402020408
031402020408,031402020409
031402020408,031402020507
031402020408,031402020506
031402020408,031402020505
031402020409,031402020603
031402020409,031402020601
031402020409,031403010303
031402020409,031402020507
031402020501,031402020503
031402020501,031402020504
031402020501,031402020502
031402020502,031402020504
031402020503,031402020505
031402020503,031402020504
031402020504,031402020505
031402020505,031402020506
031402020506,031402020507
031402020507,031402020603
031402020507,031402020602
031402020601,031402020603
031402020602,031402020605
031402020602,031402020603
031402020602,031402020608
031402020603,031402020605
031402020603,031402020604
031402020604,031402020606
031402020604,031402020605
031402020605,031402020606
031402020605,031402020608
031402020606,031402020609
031402020606,031402020607
031402020606,031402020608
031402020607,031402020702
031402020607,031402020609
031402020608,031402020609
031402020608,031402020610
031402020609,031402020702
031402020609,031402020610
031402020610,031402020803
031402020610,031402020702
031402020610,031402020901
031402020610,031402020905
031402020701,031402020802
031402020701,031402020702
031402020702,031402020803
031402020702,031402020802
031402020802,031402020803
031402020803,031402020903
031402020803,031402020901
031402020901,031402020903
031402020901,031402020904
031402020901,031402020905
031402020903,031402020904
031402020904,031402030104
031402020904,031402020906
031402020904,031402020905
031402020905,031402020906
031402020906,031402030104
031402020906,031402030103
031402030101,031402030103
031402030101,031402030102
031402030102,031402030105
031402030102,031402030203
031402030102,031402030103
031402030103,031402030104
031402030103,031402030105
031402030104,031402030105
031402030105,031402030203
031402030201,031402030701
031402030201,031402030203
031403010101,031403010104
031403010101,031501100702
031403010101,031501100701
031403010101,031501100703
031403010102,031403010104
031403010102,031403010103
031403010102,031501100702
031403010103,031403010105
031403010103,031403010201
031403010103,031403010104
031403010103,031501100702
031403010103,031501100802
031403010104,031403010105
031403010104,031501100702
031403010105,031403010204
031403010105,031403010201
031403010201,031403010204
031403010201,031501100802
031403010201,031403010202
031403010201,031403020101
031403010201,031502010302
031403010201,031502010304
031403010202,031403010204
031403010202,031403010203
031403010202,031403020101
031403010203,031403010205
031403010203,031403010204
031403010203,031403020102
031403010203,031403020101
031403010204,031403010205
031403010205,031403010301
031403010205,031403020402
031403010205,031403020104
031403010205,031403020102
031403010301,031403010302
031403010301,031403020402
031403010302,031403010303
031403010302,031403020403
031403010302,031403020402
031403010303,031403010401
031403010303,031403020403
031403010303,031403020404
031403010401,031403010402
031403010401,031403020501
031403010401,031403020404
031403010402,031403010404
031403010402,031403020504
031403010402,031403020501
031403010403,031403010405
031403010403,031403010404
031403010404,031403010405
031403010404,031403020506
031403010404,031403020504
031403010405,031403010501
031403010405,031403020506
031403010501,031403010502
031403010501,031403030504
031403010501,031403020505
031403010501,031403020506
031403010502,031403010503
031403010502,031403030703
031403010502,031403030504
031403010503,031403040501
031403010503,031403030704
031403010503,031403030703
031403020101,031403020102
031403020101,031403020103
031403020101,031502010301
031403020101,031502010303
031403020101,031502010302
031403020102,031403020104
031403020102,031403020103
031403020103,031403020104
031403020103,031403020201
031403020103,031502010301
031403020103,031502010401
031403020103,031502010307
031403020104,031403020402
031403020104,031403020202
031403020104,031403020201
031403020201,031403020202
031403020201,031403020301
031403020201,031502010401
031403020202,031403020402
031403020202,031403020401
031403020202,031403020302
031403020202,031403020301
031403020301,031403020303
031403020301,031403030405
031403020301,031403020302
031403020301,031403030401
031403020301,031502010402
031403020301,031502010401
031403020302,031403020404
031403020302,031403020303
031403020302,031403020401
031403020303,031403020501
031403020303,031403020404
031403020303,031403030404
031403020303,031403030405
031403020401,031403020403
031403020401,031403020402
031403020401,031403020404
031403020402,031403020403
031403020403,031403020404
031403020404,031403020501
031403020501,031403020504
031403020501,031403020502
031403020501,031403030404
031403020501,031403030405
031403020502,031403020504
031403020502,031403020503
031403020502,031403030406
031403020502,031403030405
031403020503,031403020504
031403020503,031403030501
031403020503,031403030406
031403020504,031403020505
031403020504,031403020506
031403020504,031403030502
031403020504,031403030501
031403020505,031403030504
031403020505,031403020506
031403020505,031403030502
031403030101,031502030203
031403030101,031502030403
031403030101,031403030202
031403030101,031403030201
031403030101,031403030102
031403030101,031502030202
031403030102,031403030202
031403030102,031403030406
031403030102,031403030405
031403030102,031403030403
031403030102,031403030402
031403030102,031502030202
031403030102,031502030201
031403030201,031502030403
031403030201,031403030204
031403030201,031403030202
031403030201,031403030203
031403030202,031403030204
031403030202,031403030501
031403030202,031403030406
031403030203,031403030302
031403030203,031502030401
031403030203,031502030403
031403030203,031403030204
031403030204,031403030603
031403030204,031403030305
031403030204,031403030303
031403030204,031403030302
031403030204,031403030601
031403030204,031403030501
031403030301,031403040102
031403030301,031502040201
031403030301,031502030405
031403030301,031403040103
031403030301,031403030304
031403030301,031403030303
031403030301,031502030402
031403030301,031502030404
031403030302,031403030303
031403030302,031502030402
031403030302,031502030401
031403030303,031403030305
031403030303,031403030304
031403030303,031502030402
031403030304,031403040105
031403030304,031403030305
031403030304,031403040103
031403030305,031403040106
031403030305,031403030602
031403030305,031403040105
031403030305,031403030601
031403030401,031403030405
031403030401,031403030403
031403030401,031403030402
031403030401,031502010802
031403030401,031502010402
031403030402,031403030403
031403030402,031502030201
031403030402,031502010801
031403030402,031502010802
031403030403,031403030405
031403030404,031403030405
031403030405,031403030406
031403030406,031403030501
031403030501,031403030603
031403030501,031403030502
031403030502,031403030504
031403030502,031403030503
031403030502,031403030603
031403030503,031403030504
031403030503,031403030603
031403030504,031403030703
031403030504,031403030604
031403030504,031403030603
031403030601,031403030602
031403030601,031403030604
031403030601,031403030603
031403030602,031403040106
031403030602,031403030701
031403030602,031403030604
031403030603,031403030604
031403030604,031403030703
031403030604,031403030701
031403030701,031403040106
031403030701,031403030703
031403030701,031403030702
031403030702,031403040202
031403030702,031403040201
031403030702,031403040106
031403030702,031403030704
031403030702,031403030703
031403030703,031403030704
031403030704,031403040202
031403030704,031403040501
031403040101,031403040104
031403040101,031403040302
031403040101,031502040301
031403040101,031403040102
031403040101,031403040103
031403040102,031502040301
031403040102,031502040203
031403040102,031502040201
031403040102,031403040103
031403040103,031403040104
031403040103,031403040105
031403040104,031403040107
031403040104,031403040105
031403040104,031403040302
031403040105,031403040106
031403040105,031403040107
031403040106,031403040201
031403040106,031403040402
031403040106,031403040107
031403040107,031403040401
031403040107,031403040402
031403040107,031403040302
031403040201,031403040202
031403040201,031403040403
031403040201,031403040402
031403040201,031403040203
031403040202,031403040503
031403040202,031403040501
031403040202,031403040505
031403040202,031403040504
031403040202,031403040203
031403040203,031403040403
031403040203,031403040505
031403040203,031403040404
031403040301,031403040601
031403040301,031403040304
031403040301,031403050203
031403040301,031403040302
031403040302,031403040304
031403040302,031403050203
031403040302,031403040401
031403040302,031502040302
031403040302,031502040301
031403040302,031403040303
031403040303,031403040304
031403040303,031403040403
031403040303,031403040401
031403040303,031403040305
031403040304,031403040604
031403040304,031403040601
031403040304,031403040305
031403040305,031403040604
031403040305,031403040403
031403040305,031403040404
031403040401,031403040403
031403040401,031403040402
031403040402,031403040403
031403040403,031403040404
031403040404,031403040506
031403040404,031403040604
031403040404,031403040505
031403040501,031403040503
031403040502,031403040503
031403040502,031403040505
031403040503,031403040505
031403040503,031403040504
031403040504,031403040505
031403040505,031403040506
031403040506,031403040605
031403040506,031403040604
031403040601,031403040604
031403040601,031403040602
031403040601,031403050205
031403040601,031403050203
031403040602,031403040603
031403040602,031403040604
031403040602,031403050206
031403040602,031403050205
031403040603,031403040605
031403040603,031403050301
031403040603,031403040604
031403040603,031403050206
031403040604,031403040605
031403040605,031403050402
031403040605,031403050302
031403040605,031403050301
031403050101,031403050206
031403050101,031403050102
031403050101,031502040501
031403050101,031502040502
031403050102,031403050401
031403050102,031403050301
031403050102,031403050206
031403050201,031403050203
031403050201,031403050204
031403050201,031403050202
031403050201,031502040302
031403050202,031502040502
031403050202,031403050204
031403050202,031502040404
031403050202,031502040403
031403050202,031502040302
031403050202,031502040303
031403050203,031403050205
031403050203,031403050204
031403050203,031502040302
031403050204,031403050205
031403050204,031502040502
031403050205,031403050206
031403050205,031502040502
031403050206,031403050301
031403050206,031502040502
031403050301,031403050401
031403050301,031403050302
031403050302,031403050402
031403050302,031403050401
031403050401,031403050402
031403050401,031403050501
031501050101,031501050903
031501050101,031501050904
031501050101,031501050907
031501050106,031501050301
031501050106,031501050206
031501050106,031501050907
031501050204,031501050206
031501050204,031501050604
031501050206,031501050301
031501050206,031501050302
031501050206,031501050207
031501050206,031501050605
031501050206,031501050604
031501050207,031501050302
031501050207,031501050304
031501050207,031501051002
031501050207,031501050605
031501050301,031501050907
031501050301,031501050302
031501050302,031501050907
031501050302,031501050303
031501050302,031501050304
031501050303,031501050907
031501050303,031501050909
031501050303,031501050304
031501050303,031501051002
031501050304,031501051002
031501050501,031501050502
031501050501,031501050802
031501050501,031501050705
031501050501,031501050701
031501050502,031501050605
031501050502,031501050807
031501050502,031501050604
031501050502,031501050802
031501050604,031501050605
031501050605,031501051002
031501050605,031501050807
031501050701,031501050705
031501050701,031501050702
031501050702,031501050705
031501050702,031501050704
031501050702,031501050703
031501050703,031501050704
031501050703,060200011101
031501050703,060200011102
031501050704,031501060101
031501050704,031501050802
031501050704,031501050705
031501050704,060200011101
031501050705,031501050802
031501050801,031501050803
031501050801,031501060101
031501050801,031501050806
031501050801,031501050802
031501050802,031501050807
031501050802,031501060101
031501050802,031501050806
031501050803,031501050804
031501050803,031501060102
031501050803,031501060101
031501050803,031501050806
031501050804,031501051001
031501050804,031501050805
031501050804,031501060102
031501050804,031501050806
031501050805,031501051002
031501050805,031501050807
031501050805,031501051001
031501050805,031501050806
031501050806,031501050807
031501050807,031501051002
031501050901,031501080303
031501050901,031501050902
031501050901,031501080403
031501050901,031501060501
031501050901,031501060502
031501050901,031501050905
031501050901,031501050906
031501050901,031501050904
031501050902,031501080303
031501050902,031501080205
031501050902,031501050903
031501050902,031501050904
031501050903,031501080205
031501050903,031501050904
031501050904,031501050906
031501050904,031501050907
031501050905,031501060502
031501050905,031501060402
031501050905,031501050906
031501050905,031501050908
031501050906,031501050908
031501050906,031501050907
031501050907,031501050908
031501050907,031501050909
031501050908,031501060201
031501050908,031501060402
031501050908,031501050909
031501050909,031501060201
031501050909,031501051002
031501050909,031501051003
031501051001,031501060107
031501051001,031501051002
031501051001,031501051003
031501051001,031501060102
031501051002,031501051003
031501051003,031501060201
031501051003,031501060204
031501051003,031501060107
031501060101,031501060102
031501060101,060300010703
031501060101,060300010702
031501060101,060200011101
031501060102,031501060107
031501060102,031501060106
031501060102,031501060103
031501060102,060300010703
031501060102,060300010801
031501060102,060300010803
031501060103,031501060104
031501060103,031501060106
031501060103,060300010802
031501060103,060300010801
031501060104,031501060108
031501060104,031501060105
031501060104,031501060106
031501060104,060300010802
031501060105,031601110102
031501060105,031501060306
031501060105,031501060304
031501060105,031501060108
031501060105,031601110101
031501060105,060300010802
031501060106,031501060107
031501060106,031501060108
031501060107,031501060204
031501060107,031501060108
031501060108,031501060204
031501060108,031501060309
031501060108,031501060306
031501060201,031501060404
031501060201,031501060203
031501060201,031501060202
031501060201,031501060204
031501060201,031501060402
031501060202,031501060203
031501060202,031501060204
031501060203,031501060405
031501060203,031501060404
031501060203,031501060204
031501060203,031501060309
031501060204,031501060309
031501060301,031502020101
031501060301,031502020102
031501060301,031501060307
031501060301,031501060302
031501060301,031501060303
031501060302,031502020101
031501060302,031601110303
031501060302,031601110207
031501060302,031501060303
031501060302,031601110204
031501060303,031501060307
031501060303,031601110204
031501060303,031601110102
031501060303,031501060305
031501060303,031501060304
031501060304,031601110102
031501060304,031501060305
031501060304,031501060306
031501060305,031501060307
031501060305,031501060306
031501060306,031501060307
031501060306,031501060309
031501060307,031501060805
031501060307,031502020102
031501060307,031501060308
031501060307,031501060309
031501060308,031501060805
031501060308,031501060602
031501060308,031501060601
031501060308,031501060309
031501060309,031501060601
031501060309,031501060409
031501060309,031501060405
031501060401,031501060407
031501060401,031501060403
031501060401,031501060504
031501060401,031501060502
031501060401,031501060402
031501060402,031501060403
031501060402,031501060404
031501060402,031501060502
031501060403,031501060407
031501060403,031501060406
031501060403,031501060405
031501060403,031501060404
031501060404,031501060405
031501060405,031501060409
031501060405,031501060406
031501060406,031501060407
031501060406,031501060408
031501060406,031501060409
031501060407,031501060513
031501060407,031501060507
031501060407,031501060506
031501060407,031501060505
031501060407,031501060408
031501060407,031501060504
031501060408,031501060513
031501060408,031501060604
031501060408,031501060603
031501060408,031501060409
031501060409,031501060603
031501060409,031501060601
031501060501,031501080404
031501060501,031501060504
031501060501,031501080403
031501060501,031501060502
031501060502,031501060504
031501060503,031501081003
031501060503,031501081002
031501060503,031501060508
031501060503,031501060507
031501060503,031501060504
031501060504,031501081002
031501060504,031501060507
031501060504,031501080404
031501060505,031501060507
031501060505,031501060506
031501060506,031501060512
031501060506,031501060513
031501060506,031501060507
031501060507,031501060508
031501060507,031501060512
031501060508,031501081003
031501060508,031501060509
031501060508,031501060511
031501060508,031501060512
031501060509,031501081003
031501060509,031501060701
031501060509,031501060510
031501060509,031501060511
031501060510,031501060701
031501060510,031501060702
031501060510,031501060703
031501060510,031501060511
031501060510,031501060801
031501060510,031501060514
031501060511,031501060512
031501060511,031501060514
031501060512,031501060513
031501060512,031501060514
031501060513,031501060514
031501060513,031501060604
031501060514,031501060803
031501060514,031501060801
031501060514,031501060605
031501060514,031501060604
031501060601,031501060602
031501060601,031501060603
031501060602,031501060806
031501060602,031501060805
031501060602,031501060605
031501060602,031501060603
031501060603,031501060605
031501060603,031501060604
031501060604,031501060605
031501060605,031501060803
031501060605,031501060806
031501060701,031501090102
031501060701,031501090101
031501060701,031501081003
031501060701,031501090402
031501060701,031501070701
031501060701,031501060702
031501060702,031501070701
031501060702,031501070101
031501060702,031501070103
031501060702,031501060703
031501060703,031501070301
031501060703,031501070106
031501060703,031501070103
031501060703,031501060809
031501060703,031501060802
031501060703,031501060810
031501060703,031501060801
031501060801,031501060802
031501060801,031501060803
031501060802,031501060809
031501060802,031501060803
031501060802,031501060810
031501060803,031501060810
031501060803,031501060808
031501060803,031501060806
031501060804,031502020103
031501060804,031501070201
031501060804,031501060807
031501060804,031501060805
031501060805,031502020103
031501060805,031501060807
031501060805,031501060806
031501060805,031502020102
031501060806,031501060807
031501060806,031501060808
031501060807,031501070201
031501060807,031501070203
031501060807,031501060810
031501060807,031501060808
031501060808,031501060810
031501060809,031501060810
031501060810,031501070301
031501060810,031501070106
031501060810,031501070205
031501060810,031501070203
031501070101,031501070701
031501070101,031501070102
031501070101,031501070106
031501070101,031501070103
031501070102,031501070602
031501070102,031501070601
031501070102,031501070702
031501070102,031501070701
031501070102,031501070104
031501070102,031501070106
031501070103,031501070106
031501070104,031501070602
031501070104,031501070501
031501070104,031501070303
031501070104,031501070105
031501070104,031501070106
031501070105,031501070303
031501070105,031501070301
031501070105,031501070106
031501070106,031501070301
031501070201,031502020103
031501070201,031501070202
031501070201,031502020201
031501070201,031502020202
031501070201,031501070204
031501070201,031501070203
031501070202,031501070302
031501070202,031501070403
031501070202,031501070401
031501070202,031502020203
031501070202,031502020201
031501070202,031501070204
031501070202,031501070205
031501070203,031501070204
031501070203,031501070205
031501070204,031501070205
031501070205,031501070304
031501070205,031501070302
031501070205,031501070301
031501070301,031501070303
031501070301,031501070304
031501070302,031501070503
031501070302,031501070406
031501070302,031501070304
031501070302,031501070403
031501070303,031501070501
031501070303,031501070304
031501070304,031501070503
031501070304,031501070501
031501070401,031501070402
031501070401,031501070403
031501070401,031502020203
031501070402,031501070405
031501070402,031502020403
031501070402,031501070406
031501070402,031501070403
031501070402,031502020203
031501070403,031501070406
031501070404,031502020402
031501070404,031502020401
031501070404,031501070405
031501070404,031501070801
031501070404,031501070406
031501070405,031502020401
031501070405,031502020403
031501070405,031501070406
031501070406,031501070801
031501070406,031501070503
031501070501,031501070602
031501070501,031501070502
031501070501,031501070503
031501070502,031501070603
031501070502,031501070602
031501070502,031501070803
031501070502,031501070503
031501070503,031501070803
031501070503,031501070801
031501070601,031501070602
031501070601,031501070706
031501070601,031501070702
031501070602,031501070708
031501070602,031501070603
031501070602,031501070706
031501070603,031501070709
031501070603,031501070708
031501070603,031501070803
031501070701,031501070702
031501070701,031501090403
031501070701,031501090402
031501070702,031501070706
031501070702,031501070703
031501070702,031501090405
031501070702,031501090403
031501070703,031501070705
031501070703,031501070706
031501070703,031501090405
031501070704,031501090701
031501070704,031501090803
031501070704,031501070705
031501070704,031501070707
031501070704,031501070708
031501070705,031501090803
031501070705,031501070708
031501070705,031501070706
031501070705,031501090406
031501070705,031501090405
031501070706,031501070708
031501070707,031501070906
031501070707,031501090702
031501070707,031501090701
031501070707,031501070904
031501070707,031501070903
031501070707,031501070709
031501070707,031501070708
031501070708,031501070709
031501070709,031501070906
031501070709,031501070803
031501070801,031502011001
031501070801,031502011003
031501070801,031502020402
031501070801,031501070802
031501070801,031501070803
031501070802,031502010902
031501070802,031502011001
031501070802,031502010601
031501070802,031501070901
031501070802,031501070803
031501070803,031501070906
031501070803,031501070901
031501070901,031501070902
031501070901,031501070906
031501070901,031502010202
031501070901,031502010102
031501070901,031502010601
031501070902,031502010101
031501070902,031501070906
031501070902,031502010102
031501070903,031501070905
031501070903,031501090703
031501070903,031501090702
031501070903,031501070904
031501070904,031501070905
031501070904,031501070906
031501070905,031501100902
031501070905,031501070907
031501070905,031501070906
031501070905,031501100402
031501070905,031501090703
031501070906,031501070907
031501070906,031502010101
031501070907,031501100902
031501070907,031502010104
031501070907,031501100905
031501070907,031502010101
031501080205,031501080305
031501080205,031501080303
031501080303,031501080305
031501080303,031501080403
031501080304,031501080801
031501080304,031501080402
031501080304,031501080305
031501080305,031501080402
031501080305,031501080403
031501080401,031501080803
031501080401,031501080405
031501080401,031501080801
031501080401,031501080402
031501080402,031501080405
031501080402,031501080801
031501080402,031501080403
031501080403,031501080405
031501080403,031501080404
031501080404,031501081004
031501080404,031501081002
031501080404,031501080405
031501080405,031501080803
031501080405,031501081004
031501080405,031501081001
031501080704,031501080803
031501080704,031501080801
031501080801,031501080803
031501080802,031501080905
031501080802,031501080803
031501080803,031501080905
031501080803,031501080901
031501080803,031501081001
031501080901,031501080905
031501080901,031501080903
031501080901,031501081001
031501080902,031501080904
031501080902,031501080905
031501080903,031501080906
031501080903,031501080905
031501080903,031501081006
031501080903,031501081004
031501080903,031501081001
031501080904,031501090105
031501080904,031501090301
031501080904,031501090104
031501080904,031501080906
031501080904,031501080905
031501080905,031501080906
031501080906,031501090105
031501080906,031501081006
031501081001,031501081004
031501081002,031501081003
031501081002,031501081004
031501081003,031501090101
031501081003,031501081005
031501081003,031501081006
031501081003,031501081004
031501081004,031501081006
031501081005,031501090101
031501081005,031501081006
031501081006,031501090105
031501081006,031501090101
031501090101,031501090105
031501090101,031501090102
031501090102,031501090401
031501090102,031501090103
031501090102,031501090105
031501090102,031501090402
031501090103,031501090308
031501090103,031501090106
031501090103,031501090401
031501090103,031501090105
031501090104,031501090106
031501090104,031501090105
031501090104,031501090107
031501090104,031501090303
031501090104,031501090301
031501090105,031501090106
031501090106,031501090308
031501090106,031501090107
031501090107,031501090305
031501090107,031501090308
031501090107,031501090303
031501090201,031501090202
031501090201,031501090204
031501090202,031501090501
031501090202,031501090306
031501090202,031501090204
031501090202,031501090205
031501090203,031501090204
031501090203,031501090205
031501090203,031501090304
031501090204,031501090205
031501090205,031501090306
031501090205,031501090309
031501090205,031501090305
031501090205,031501090304
031501090301,031501090304
031501090301,031501090302
031501090301,031501090303
031501090302,031501090304
031501090302,031501090303
031501090303,031501090305
031501090303,031501090304
031501090304,031501090305
031501090305,031501090309
031501090305,031501090308
031501090306,031501090503
031501090306,031501090502
031501090306,031501090501
031501090306,031501090309
031501090307,031501090801
031501090307,031501090308
031501090307,031501090404
031501090307,031501090401
031501090308,031501090309
031501090308,031501090801
031501090308,031501090401
031501090309,031501090504
031501090309,031501090502
031501090309,031501090802
031501090309,031501090801
031501090401,031501090404
031501090401,031501090402
031501090402,031501090404
031501090402,031501090403
031501090403,031501090404
031501090403,031501090405
031501090404,031501090801
031501090404,031501090405
031501090405,031501090801
031501090405,031501090406
031501090406,031501090803
031501090406,031501090802
031501090406,031501090801
031501090501,031501090503
031501090502,031501090503
031501090502,031501090504
031501090503,031501100102
031501090503,031501100101
031501090503,031501090602
031501090503,031501090601
031501090503,031501090504
031501090504,031501090805
031501090504,031501090602
031501090504,031501090804
031501090504,031501090802
031501090601,031501100101
031501090601,031501100103
031501090601,031501100401
031501090601,031501090602
031501090602,031501090805
031501090602,031501100401
031501090701,031501090702
031501090701,031501090803
031501090702,031501090704
031501090702,031501090703
031501090702,031501090805
031501090702,031501090803
031501090702,031501090804
031501090703,031501100402
031501090703,031501090704
031501090704,031501100402
031501090704,031501090805
031501090801,031501090802
031501090802,031501090803
031501090802,031501090804
031501090803,031501090804
031501090804,031501090805
031501090805,031501100406
031501090805,031501100402
031501090805,031501100401
031501100101,031501100102
031501100101,031501100103
031501100102,031501100301
031501100102,031501100202
031501100102,031501100103
031501100103,031501100302
031501100103,031501100303
031501100103,031501100301
031501100103,031501100104
031501100103,031501100401
031501100104,031501100304
031501100104,031501100406
031501100104,031501100303
031501100104,031501100403
031501100104,031501100401
031501100201,031501100203
031501100201,031501100204
031501100201,031501100202
031501100202,031501100204
031501100202,031501100301
031501100203,031501100205
031501100203,031501100204
031501100204,031501100302
031501100204,031501100205
031501100204,031501100301
031501100205,031501100502
031501100205,031501100302
031501100205,031501100501
031501100301,031501100302
031501100302,031501100503
031501100302,031501100304
031501100302,031501100303
031501100302,031501100501
031501100303,031501100304
031501100304,031501100503
031501100304,031501100504
031501100304,031501100406
031501100304,031501100403
031501100401,031501100406
031501100402,031501100406
031501100402,031501100902
031501100402,031501100404
031501100402,031501100405
031501100403,031501100406
031501100404,031501100406
031501100404,031501100405
031501100405,031501100406
031501100405,031501100903
031501100405,031501100902
031501100406,031501100504
031501100406,031501100903
031501100501,031501100502
031501100501,031501100503
031501100502,031501100601
031501100502,031501100602
031501100502,031501100603
031501100502,031501100503
031501100503,031501100603
031501100503,031501100604
031501100503,031501100504
031501100504,031501100604
031501100504,031501100903
031501100601,031501100703
031501100601,031501100602
031501100602,031501100703
031501100602,031501100603
031501100603,031501100703
031501100603,031501100604
031501100604,031501100703
031501100604,031501100704
031501100604,031501100804
031501100604,031501100903
031501100701,031501100702
031501100701,031501100703
031501100702,031501100802
031501100702,031501100703
031501100702,031501100704
031501100703,031501100704
031501100704,031501100802
031501100704,031501100804
031501100801,031501100802
031501100801,031502010304
031501100801,031501100803
031501100802,031502010304
031501100802,031501100803
031501100802,031501100804
031501100803,031502010304
031501100803,031501100901
031501100803,031501100804
031501100804,031501100901
031501100804,031501100903
031501100901,031502010304
031501100901,031501100904
031501100901,031501100903
031501100902,031501100904
031501100902,031501100903
031501100902,031501100905
031501100903,031501100904
031501100904,031502010304
031501100904,031502010308
031501100904,031501100905
031501100905,031502010309
031501100905,031502010308
031501100905,031502010104
031502010101,031502010104
031502010101,031502010103
031502010101,031502010102
031502010102,031502010103
031502010102,031502010201
031502010102,031502010202
031502010103,031502010104
031502010103,031502010105
031502010103,031502010106
031502010103,031502010201
031502010104,031502010310
031502010104,031502010309
031502010104,031502010105
031502010105,031502010310
031502010105,031502010107
031502010105,031502010106
031502010106,031502010107
031502010106,031502010203
031502010106,031502010201
031502010107,031502010310
031502010107,031502010311
031502010107,031502010501
031502010107,031502010203
031502010201,031502010203
031502010201,031502010202
031502010202,031502010504
031502010202,031502010203
031502010202,031502010602
031502010202,031502010603
031502010202,031502010601
031502010203,031502010501
031502010203,031502010504
031502010301,031502010303
031502010301,031502010307
031502010301,031502010305
031502010302,031502010303
031502010302,031502010304
031502010303,031502010305
031502010303,031502010304
031502010304,031502010305
031502010304,031502010308
031502010305,031502010306
031502010305,031502010307
031502010305,031502010308
031502010306,031502010307
031502010307,031502010401
031502010307,031502010404
031502010307,031502010310
031502010307,031502010309
031502010307,031502010308
031502010308,031502010309
031502010309,031502010310
031502010310,031502010404
031502010310,031502010406
031502010310,031502010311
031502010311,031502010406
031502010311,031502010407
031502010311,031502010501
031502010401,031502010402
031502010401,031502010404
031502010402,031502010802
031502010402,031502010404
031502010402,031502010403
031502010402,031502010405
031502010403,031502010404
031502010403,031502010406
031502010403,031502010405
031502010404,031502010406
031502010405,031502010802
031502010405,031502010803
031502010405,031502010406
031502010405,031502010502
031502010405,031502010407
031502010406,031502010407
031502010407,031502010502
031502010407,031502010503
031502010407,031502010501
031502010501,031502010503
031502010501,031502010504
031502010502,031502010803
031502010502,031502010805
031502010502,031502010701
031502010502,031502010505
031502010502,031502010503
031502010503,031502010505
031502010503,031502010504
031502010504,031502010505
031502010504,031502010602
031502010504,031502010603
031502010505,031502010701
031502010505,031502010702
031502010505,031502010603
031502010601,031502010902
031502010601,031502010603
031502010602,031502010603
031502010603,031502010704
031502010603,031502010705
031502010603,031502010903
031502010603,031502010902
031502010603,031502010702
031502010603,031502010703
031502010701,031502010706
031502010701,031502010805
031502010701,031502010807
031502010701,031502010702
031502010702,031502010706
031502010702,031502010703
031502010703,031502010706
031502010703,031502010704
031502010704,031502010706
031502010704,031502010705
031502010705,031502011202
031502010705,031502010706
031502010705,031502010903
031502010706,031502011202
031502010706,031502010807
031502010801,031502030201
031502010801,031502030205
031502010801,031502010802
031502010801,031502010803
031502010801,031502010805
031502010802,031502010803
031502010803,031502010805
031502010804,031502030206
031502010804,031502010806
031502010804,031502030205
031502010804,031502010805
031502010804,031502010807
031502010805,031502030205
031502010805,031502010807
031502010806,031502030206
031502010806,031502030208
031502010806,031502011201
031502010806,031502010807
031502010807,031502011201
031502010807,031502011202
031502010901,031502010903
031502010901,031502011005
031502010901,031502010902
031502010902,031502010903
031502010902,031502011005
031502010902,031502011004
031502010902,031502011001
031502010903,031502011202
031502010903,031502011204
031502010903,031502011006
031502010903,031502011005
031502011001,031502011004
031502011001,031502011003
031502011002,031502020802
031502011002,031502020404
031502011002,031502011004
031502011002,031502011003
031502011003,031502020404
031502011003,031502011004
031502011003,031502020402
031502011004,031502011006
031502011004,031502011005
031502011004,031502011101
031502011004,031502020804
031502011004,031502020802
031502011005,031502011006
031502011006,031502011102
031502011006,031502011204
031502011006,031502011205
031502011006,031502011101
031502011101,031502011102
031502011101,031502020804
031502011102,031502011207
031502011102,031502020901
031502011102,031502020805
031502011102,031502011205
031502011102,031502020804
031502011201,031502030208
031502011201,031502011203
031502011201,031502011202
031502011202,031502011203
031502011202,031502011204
031502011203,031502030208
031502011203,031502011206
031502011203,031502011207
031502011203,031502011204
031502011204,031502011206
031502011204,031502011205
031502011205,031502011206
031502011205,031502011207
031502011206,031502011207
031502011207,031502030303
031502011207,031502030208
031502011207,031502020902
031502011207,031502020901
031502020101,031502020104
031502020101,031601110406
031502020101,031601110306
031502020101,031601110303
031502020101,031502020301
031502020101,031502020102
031502020102,031502020103
031502020102,031502020104
031502020103,031502020104
031502020103,031502020202
031502020103,031502020204
031502020104,031502020204
031502020104,031502020301
031502020201,031502020203
031502020201,031502020202
031502020202,031502020203
031502020202,031502020204
031502020203,031502020403
031502020203,031502020206
031502020203,031502020204
031502020204,031502020206
031502020204,031502020303
031502020204,031502020301
031502020205,031502020403
031502020205,031502020206
031502020206,031502020405
031502020206,031502020403
031502020206,031502020407
031502020206,031502020303
031502020301,031502020303
031502020301,031601120101
031502020301,031601110408
031502020301,031601110406
031502020302,031502020407
031502020302,031502020406
031502020302,031601120302
031502020302,031502020303
031502020302,031601120102
031502020302,031601120104
031502020302,031601120303
031502020303,031502020407
031502020303,031601120102
031502020303,031601120101
031502020401,031502020402
031502020401,031502020403
031502020402,031502020404
031502020402,031502020405
031502020402,031502020403
031502020403,031502020405
031502020404,031502020802
031502020404,031502020503
031502020404,031502020405
031502020405,031502020503
031502020405,031502020407
031502020406,031502020501
031502020406,031502020407
031502020406,031601120303
031502020407,031502020503
031502020407,031502020502
031502020407,031502020501
031502020501,031502020502
031502020501,031601130104
031502020501,031601120502
031502020501,031601120303
031502020502,031502020503
031502020502,031502020504
031502020502,031601130104
031502020503,031502020801
031502020503,031502020802
031502020503,031502020506
031502020503,031502020504
031502020504,031502020506
031502020504,031502020505
031502020504,031601130102
031502020504,031601130104
031502020505,031502020506
031502020505,031601130103
031502020505,031502020507
031502020505,031601130102
031502020506,031502020601
031502020506,031502020603
031502020506,031502020801
031502020506,031502020507
031502020507,031601130501
031502020507,031502020601
031502020507,031601130401
031502020507,031601130103
031502020601,031502020602
031502020601,031601130501
031502020601,031502020603
031502020602,031502020702
031502020602,031502030102
031502020602,031502020701
031502020602,031601130501
031502020602,031601130503
031502020602,031502020603
031502020603,031502020702
031502020603,031502020803
031502020603,031502020801
031502020701,031502020902
031502020701,031502030106
031502020701,031502020703
031502020701,031502020702
031502020701,031502030102
031502020702,031502020703
031502020702,031502020805
031502020702,031502020803
031502020703,031502020902
031502020703,031502020805
031502020801,031502020803
031502020801,031502020802
031502020802,031502020804
031502020802,031502020803
031502020803,031502020805
031502020803,031502020804
031502020804,031502020805
031502020805,031502020902
031502020805,031502020901
031502020901,031502020902
031502020902,031502030303
031502020902,031502030109
031502020902,031502030301
031502020902,031502030106
031502030101,031502030107
031502030101,031502030104
031502030101,031502030102
031502030101,031601130702
031502030101,031601130703
031502030102,031502030106
031502030102,031502030107
031502030102,031601130703
031502030102,031601130503
031502030103,031601130704
031502030103,031502030503
031502030103,031502030502
031502030103,031502030108
031502030103,031502030105
031502030103,031601130702
031502030104,031502030107
031502030104,031502030105
031502030104,031601130702
031502030105,031502030108
031502030105,031502030109
031502030105,031502030107
031502030105,031601130702
031502030106,031502030109
031502030106,031502030107
031502030107,031502030109
031502030108,031502030505
031502030108,031502030504
031502030108,031502030502
031502030108,031502030109
031502030108,031502030110
031502030109,031502030110
031502030109,031502030301
031502030110,031502030303
031502030110,031502030505
031502030110,031502030301
031502030201,031502030202
031502030201,031502030205
031502030202,031502030203
031502030202,031502030204
031502030202,031502030205
031502030203,031502030406
031502030203,031502030204
031502030203,031502030207
031502030203,031502030403
031502030204,031502030207
031502030204,031502030206
031502030204,031502030205
031502030205,031502030206
031502030206,031502030209
031502030206,031502030207
031502030206,031502030208
031502030207,031502030407
031502030207,031502030302
031502030207,031502030209
031502030207,031502030406
031502030208,031502030209
031502030208,031502030303
031502030209,031502030302
031502030209,031502030303
031502030301,031502030303
031502030302,031502030407
031502030302,031502030408
031502030302,031502030303
031502030303,031502030408
031502030303,031502030505
031502030401,031502030402
031502030401,031502030403
031502030402,031502030406
031502030402,031502030403
031502030402,031502030404
031502030403,031502030406
031502030404,031502030405
031502030404,031502030406
031502030405,031502040201
031502030405,031502040202
031502030405,031502030407
031502030405,031502030406
031502030406,031502030407
031502030407,031502040202
031502030407,031502030802
031502030407,031502030408
031502030408,031502030802
031502030408,031502030701
031502030408,031502030505
031502030501,031602010103
031502030501,031602010102
031502030501,031502030702
031502030501,031502030503
031502030502,031502030505
031502030502,031502030504
031502030502,031502030503
031502030503,031602010102
031502030503,031601130704
031502030503,031502030701
031502030503,031502030702
031502030503,031502030505
031502030504,031502030505
031502030505,031502030701
031502030601,031502030605
031502030601,031602010603
031502030601,031602010601
031502030601,031502030603
031502030602,031502030603
031502030602,031502030604
031502030602,031602010101
031502030603,031502030605
031502030603,031602010601
031502030603,031602010602
031502030603,031602010301
031502030603,031502030604
031502030603,031602010101
031502030603,031602010106
031502030604,031502030605
031502030604,031602010101
031502030604,031602010103
031502030604,031502030606
031502030604,031502030702
031502030605,031602030602
031502030605,031502030803
031502030605,031602010603
031502030605,031502030606
031502030606,031502030803
031502030606,031502030805
031502030606,031502030703
031502030606,031502030702
031502030701,031502030703
031502030701,031502030802
031502030701,031502030702
031502030702,031602010103
031502030702,031502030703
031502030703,031502030805
031502030703,031502030802
031502030801,031502040101
031502030801,031502030804
031502030801,031502040202
031502030801,031502030802
031502030802,031502030804
031502030802,031502030805
031502030802,031502040202
031502030803,031602030601
031502030803,031602030602
031502030803,031502040103
031502030803,031502030805
031502030804,031502040101
031502030804,031502030805
031502030805,031502040102
031502030805,031502040103
031502030805,031502040101
031502040101,031502040204
031502040101,031502040102
031502040101,031502040202
031502040102,031502040205
031502040102,031502040204
031502040102,031502040206
031502040102,031502040105
031502040102,031502040103
031502040103,031502040104
031502040103,031602030601
031502040103,031502040105
031502040104,031502040401
031502040104,031602030603
031502040104,031602030601
031502040104,031502040105
031502040105,031502040401
031502040105,031502040405
031502040105,031502040206
031502040201,031502040203
031502040201,031502040204
031502040201,031502040202
031502040202,031502040204
031502040203,031502040301
031502040203,031502040205
031502040203,031502040204
031502040204,031502040205
031502040205,031502040301
031502040205,031502040304
031502040205,031502040206
031502040206,031502040405
031502040206,031502040304
031502040301,031502040302
031502040301,031502040304
031502040302,031502040303
031502040302,031502040304
031502040303,031502040403
031502040303,031502040304
031502040304,031502040403
031502040304,031502040405
031502040401,031502040402
031502040401,031602030606
031502040401,031602030604
031502040401,031602030603
031502040401,031502040405
031502040402,031502040602
031502040402,031502040603
031502040402,031602030606
031502040402,031502040405
031502040403,031502040404
031502040403,031502040405
031502040404,031502040502
031502040404,031502040602
031502040404,031502040405
031502040405,031502040602
031502040501,031502040502
031502040501,031502040703
031502040501,031502040701
031502040501,031502040503
031502040502,031502040503
031502040502,031502040601
031502040502,031502040602
031502040503,031502040705
031502040503,031502040701
031502040503,031502040601
031502040503,031502040604
031502040601,031502040604
031502040601,031502040602
031502040602,031502040604
031502040602,031502040603
031502040603,031602030902
031502040603,031502040604
031502040603,031602030606
031502040604,031502040705
031502040604,031602031101
031502040604,031602030903
031502040604,031602030902
031502040701,031502040705
031502040701,031502040703
031502040701,031502040702
031502040702,031502040705
031502040702,031502040703
031502040703,031502040705
031502040703,031502040704
031502040704,031602040103
031502040704,031502040705
031502040704,031602040104
031502040705,031602040103
031502040705,031602031103
031502040705,031602031101
031601010501,031601030106
031601010501,031601030105
031601010501,031601030401
031601010501,031601010502
031601010501,031601010503
031601010501,060300060105
031601010501,060300060104
031601010502,031601030401
031601010502,031601010505
031601010502,031601010504
031601010502,031601010503
031601010503,031601010504
031601010503,031601010601
031601010503,060300060105
031601010504,031601010505
031601010504,031601010601
031601010505,031601030402
031601010505,031601030401
031601010601,060300060105
031601010601,060300060106
031601030101,031601030107
031601030101,031601030103
031601030101,031601030102
031601030101,031601100302
031601030101,060300060103
031601030102,031601070103
031601030102,031601070102
031601030102,031601030107
031601030102,031601090301
031601030102,031601100302
031601030103,031601030107
031601030103,031601030104
031601030103,060300060103
031601030104,031601030107
031601030104,031601030105
031601030104,060300060103
031601030105,031601030107
031601030105,031601030106
031601030105,060300060103
031601030105,060300060104
031601030106,031601030107
031601030106,031601030302
031601030106,031601030401
031601030107,031601070103
031601030107,031601050101
031601030107,031601030301
031601030107,031601030302
031601030201,031601050301
031601030201,031601050102
031601030201,031601030202
031601030201,031601050101
031601030201,031601030303
031601030201,031601030301
031601030202,031601050301
031601030202,031601030305
031601030202,031601030306
031601030202,031601030304
031601030202,031601030303
031601030301,031601050101
031601030301,031601030303
031601030301,031601030302
031601030302,031601030303
031601030302,031601030402
031601030302,031601030401
031601030303,031601030304
031601030303,031601030402
031601030304,031601030306
031601030304,031601030501
031601030304,031601030402
031601030305,031601050304
031601030305,031601050301
031601030305,031601050402
031601030305,031601030306
031601030306,031601050402
031601030306,031601050401
031601030306,031601030601
031601030306,031601030501
031601030306,031601030503
031601030401,031601030402
031601030402,031601030501
031601030402,031601030503
031601030402,031601030502
031601030501,031601030503
031601030502,031601030503
031601030503,031601030601
031601050101,031601050102
031601050101,031601070104
031601050101,031601070103
031601050102,031601050302
031601050102,031601050103
031601050102,031601050301
031601050102,031601070201
031601050102,031601070104
031601050103,031601050201
031601050103,031601050302
031601050103,031601070201
031601050201,031601060201
031601050201,031601070203
031601050201,031601070204
031601050201,031601050202
031601050201,031601050302
031601050201,031601070201
031601050202,031601060201
031601050202,031601050203
031601050202,031601050302
031601050203,031601060202
031601050203,031601060201
031601050203,031601050204
031601050203,031601050403
031601050203,031601050302
031601050204,031601060202
031601050204,031601050502
031601050204,031601050205
031601050204,031601050403
031601050205,031601050502
031601050205,031601050405
031601050205,031601050403
031601050301,031601050302
031601050301,031601050304
031601050302,031601050403
031601050302,031601050303
031601050302,031601050304
031601050303,031601050403
031601050303,031601050304
031601050303,031601050404
031601050304,031601050404
031601050304,031601050402
031601050401,031601050405
031601050401,031601050402
031601050402,031601050405
031601050402,031601050404
031601050403,031601050405
031601050403,031601050404
031601050404,031601050405
031601050502,031601060202
031601050502,031601060305
031601050502,031601060304
031601050502,031601060301
031601050502,031601050503
031601050503,031601060301
031601060201,031601060202
031601060201,031601060401
031601060201,031601070203
031601060202,031601060402
031601060202,031601060401
031601060202,031601060203
031601060202,031601060305
031601060203,031601060502
031601060203,031601060501
031601060203,031601060308
031601060203,031601060402
031601060203,031601060305
031601060301,031601060308
031601060301,031601060304
031601060304,031601060308
031601060304,031601060305
031601060305,031601060308
031601060308,031601060502
031601060401,031601060402
031601060401,031601060405
031601060401,031601070205
031601060401,031601070206
031601060401,031601070203
031601060402,031601060501
031601060402,031601060404
031601060402,031601060403
031601060402,031601060405
031601060403,031601060407
031601060403,031601060404
031601060403,031601060405
031601060404,031601060506
031601060404,031601060501
031601060404,031601060408
031601060404,031601060407
031601060405,031601070302
031601060405,031601060406
031601060405,031601060407
031601060405,031601070301
031601060405,031601070205
031601060406,031601070305
031601060406,031601070303
031601060406,031601070302
031601060406,031601060408
031601060406,031601060407
031601060407,031601060408
031601060408,031601070306
031601060408,031601070305
031601060408,031601060507
031601060408,031601060506
031601060501,031601060506
031601060501,031601060503
031601060501,031601060502
031601060502,031601060505
031601060502,031601060504
031601060502,031601060503
031601060503,031601060505
031601060503,031601060506
031601060504,031601080903
031601060504,031601060601
031601060504,031601060505
031601060505,031601060601
031601060505,031601060507
031601060505,031601060506
031601060506,031601060507
031601060507,031601060603
031601060507,031601070306
031601060507,031601060601
031601060601,031601081102
031601060601,031601060603
031601060601,031601080903
031601060602,031601060603
031601060602,031601060604
031601060602,031601070306
031601060603,031601081102
031601060603,031601060609
031601060603,031601060604
031601060603,031601070306
031601060604,031601060609
031601060604,031601060606
031601060604,031601060605
031601060604,031601070306
031601060605,031601060607
031601060605,031601060606
031601060605,031601070306
031601060605,031601070304
031601060605,031601130606
031601060605,031601130605
031601060606,031601060609
031601060606,031601060607
031601060607,031601130803
031601060607,031601060609
031601060607,031601060608
031601060607,031601130606
031601060608,031601060705
031601060608,031601060704
031601060608,031601130803
031601060608,031601060609
031601060609,031601060705
031601060609,031601060702
031601060609,031601060701
031601060609,031601081102
031601060701,031601060702
031601060701,031601081005
031601060701,031601081102
031601060702,031602020404
031601060702,031602020403
031601060702,031601060705
031601060702,031601060703
031601060702,031601081004
031601060702,031601081005
031601060703,031602020404
031601060703,031602020701
031601060703,031602020405
031601060703,031601060706
031601060703,031601060705
031601060704,031601060706
031601060704,031601060705
031601060704,031601060708
031601060704,031601130801
031601060704,031601130803
031601060705,031601060706
031601060706,031602020703
031601060706,031602020701
031601060706,031601060707
031601060706,031601060708
031601060707,031602020703
031601060707,031602010401
031601060707,031601060709
031601060707,031601060708
031601060708,031601060709
031601060708,031601130804
031601060708,031601130801
031601060709,031602010401
031601060709,031601130806
031601060709,031601130804
031601070101,031601070106
031601070101,031601070102
031601070101,031601090402
031601070101,031601090401
031601070102,031601070106
031601070102,031601070103
031601070102,031601090302
031601070102,031601090301
031601070102,031601090401
031601070103,031601070106
031601070103,031601070104
031601070104,031601070201
031601070104,031601070106
031601070105,031601120401
031601070105,031601070201
031601070105,031601120402
031601070105,031601070106
031601070105,031601090502
031601070105,031601090402
031601070106,031601070201
031601070106,031601090402
031601070201,031601070204
031601070201,031601070202
031601070201,031601120401
031601070202,031601070206
031601070202,031601120410
031601070202,031601120405
031601070202,031601070204
031601070202,031601120403
031601070202,031601120401
031601070203,031601070206
031601070203,031601070204
031601070204,031601070206
031601070205,031601070301
031601070205,031601070206
031601070206,031601070301
031601070206,031601120410
031601070301,031601070302
031601070301,031601130202
031601070301,031601120412
031601070301,031601120410
031601070302,031601130601
031601070302,031601070303
031601070302,031601130204
031601070302,031601130202
031601070303,031601070304
031601070303,031601070305
031601070303,031601130603
031601070303,031601130601
031601070304,031601070306
031601070304,031601070305
031601070304,031601130605
031601070304,031601130603
031601070305,031601070306
031601080903,031601081102
031601080903,031601081101
031601081002,031601081004
031601081002,031601081003
031601081003,031601081004
031601081003,031601081005
031601081003,031601081101
031601081004,031602020401
031601081004,031602020402
031601081004,031602020403
031601081004,031601081005
031601081005,031601081102
031601081005,031601081101
031601081101,031601081102
031601090101,031601090107
031601090101,031601090109
031601090101,060300020602
031601090101,060300020603
031601090101,060300010903
031601090101,060300010904
031601090101,060300020901
031601090102,031601090103
031601090102,031601090109
031601090102,031601090105
031601090102,060300020602
031601090103,031601090106
031601090103,031601090109
031601090103,031601090105
031601090104,031601090106
031601090104,031601100501
031601090104,060300021001
031601090104,031601090105
031601090104,060300020602
031601090105,031601090106
031601090105,060300020602
031601090106,031601090202
031601090106,031601100502
031601090106,031601090108
031601090106,031601100501
031601090106,031601090109
031601090107,031601090203
031601090107,031601110301
031601090107,031601110208
031601090107,031601110202
031601090107,031601090109
031601090107,060300010903
031601090108,031601090201
031601090108,031601090202
031601090108,031601090203
031601090108,031601090109
031601090109,031601090203
031601090109,060300020602
031601090201,031601090202
031601090201,031601090203
031601090202,031601090205
031601090202,031601090204
031601090202,031601100504
031601090202,031601100502
031601090202,031601090203
031601090203,031601110308
031601090203,031601090205
031601090203,031601110305
031601090203,031601110301
031601090204,031601100507
031601090204,031601090206
031601090204,031601090205
031601090204,031601100505
031601090204,031601100504
031601090205,031601110404
031601090205,031601110308
031601090205,031601110402
031601090205,031601090206
031601090206,031601110404
031601090206,031601100507
031601090206,031601090602
031601090301,031601090302
031601090301,031601100302
031601090301,031601090303
031601090302,031601090401
031601090302,031601090304
031601090302,031601090303
031601090303,031601100302
031601090303,031601090304
031601090303,031601090305
031601090303,031601100304
031601090303,031601100303
031601090304,031601090403
031601090304,031601090307
031601090304,031601090401
031601090304,031601090305
031601090305,031601090307
031601090305,031601100305
031601090305,031601100304
031601090306,031601090307
031601090306,031601090309
031601090306,031601100306
031601090306,031601100305
031601090307,031601090403
031601090307,031601090601
031601090307,031601090309
031601090307,031601100305
031601090308,031601090601
031601090308,031601090309
031601090309,031601090601
031601090309,031601100507
031601090309,031601100506
031601090309,031601100306
031601090309,031601090602
031601090401,031601090403
031601090401,031601090402
031601090402,031601090502
031601090402,031601090403
031601090403,031601090502
031601090403,031601090405
031601090403,031601090601
031601090404,031601090503
031601090404,031601090502
031601090404,031601090405
031601090405,031601090503
031601090405,031601090604
031601090405,031601090502
031601090405,031601090601
031601090501,031601120403
031601090501,031601090503
031601090501,031601120201
031601090501,031601090502
031601090502,031601120403
031601090502,031601120402
031601090502,031601090503
031601090503,031601120203
031601090503,031601090604
031601090503,031601120202
031601090503,031601120201
031601090601,031601090604
031601090601,031601090603
031601090601,031601090602
031601090602,031601110404
031601090602,031601090603
031601090602,031601100507
031601090603,031601090604
031601090603,031601110410
031601090603,031601110404
031601090604,031601120203
031601090604,031601110413
031601090604,031601110412
031601090604,031601110410
031601100101,031601100103
031601100101,031601100201
031601100101,031601100102
031601100101,060300050302
031601100101,060300050102
031601100101,060300021009
031601100102,031601100301
031601100102,060300060102
031601100102,031601100103
031601100102,060300050302
031601100103,031601100301
031601100103,031601100303
031601100103,031601100104
031601100103,031601100201
031601100104,031601100301
031601100104,031601100304
031601100104,031601100105
031601100104,031601100303
031601100104,031601100203
031601100104,031601100201
031601100105,031601100305
031601100105,031601100304
031601100105,031601100203
031601100201,031601100203
031601100201,031601100202
031601100201,060300021010
031601100201,060300021009
031601100202,031601100203
031601100202,031601100402
031601100202,060300021006
031601100202,060300021010
031601100203,031601100306
031601100203,031601100305
031601100203,031601100404
031601100203,031601100403
031601100203,031601100402
031601100301,031601100302
031601100301,060300060102
031601100301,031601100303
031601100302,060300060103
031601100302,060300060102
031601100302,031601100303
031601100303,031601100304
031601100304,031601100305
031601100305,031601100306
031601100306,031601100507
031601100306,031601100506
031601100306,031601100408
031601100306,031601100404
031601100401,031601100407
031601100401,031601100403
031601100401,031601100402
031601100401,060300021006
031601100401,031601100405
031601100402,031601100403
031601100402,060300021006
031601100403,031601100404
031601100403,031601100407
031601100404,031601100408
031601100404,031601100407
031601100405,031601100407
031601100405,060300021006
031601100405,031601100406
031601100405,031601100503
031601100405,031601100501
031601100405,060300021003
031601100406,031601100504
031601100406,031601100407
031601100406,031601100503
031601100407,031601100408
031601100407,031601100504
031601100408,031601100507
031601100408,031601100505
031601100408,031601100504
031601100501,031601100502
031601100501,031601100503
031601100501,060300021001
031601100501,060300021003
031601100502,031601100504
031601100502,031601100503
031601100503,031601100504
031601100504,031601100505
031601100505,031601100507
031601100506,031601100507
031601110101,031601110102
031601110101,031601110107
031601110101,031601110103
031601110101,060300010802
031601110102,031601110204
031601110102,031601110205
031601110102,031601110201
031601110102,031601110107
031601110103,031601110107
031601110103,031601110104
031601110103,031601110105
031601110103,060300010802
031601110104,031601110107
031601110104,031601110106
031601110104,031601110105
031601110105,031601110106
031601110105,060300010903
031601110105,060300010902
031601110105,060300010802
031601110105,060300010806
031601110106,031601110202
031601110106,031601110107
031601110106,060300010903
031601110107,031601110201
031601110107,031601110202
031601110201,031601110205
031601110201,031601110202
031601110202,031601110208
031601110202,031601110203
031601110202,031601110205
031601110202,060300010903
031601110203,031601110207
031601110203,031601110208
031601110203,031601110206
031601110203,031601110205
031601110204,031601110207
031601110204,031601110206
031601110204,031601110205
031601110205,031601110206
031601110206,031601110207
031601110207,031601110303
031601110207,031601110302
031601110207,031601110305
031601110207,031601110301
031601110207,031601110208
031601110208,031601110301
031601110301,031601110305
031601110302,031601110303
031601110302,031601110305
031601110303,031601110306
031601110303,031601110304
031601110303,031601110305
031601110304,031601110306
031601110304,031601110308
031601110304,031601110305
031601110305,031601110308
031601110306,031601110406
031601110306,031601110307
031601110306,031601110308
031601110307,031601110405
031601110307,031601110401
031601110307,031601110406
031601110307,031601110308
031601110307,031601110402
031601110308,031601110402
031601110401,031601110405
031601110401,031601110403
031601110401,031601110404
031601110401,031601110402
031601110402,031601110404
031601110403,031601110407
031601110403,031601110405
031601110403,031601110410
031601110403,031601110404
031601110404,031601110410
031601110405,031601110407
031601110405,031601110406
031601110406,031601110407
031601110406,031601110408
031601110407,031601110409
031601110407,031601110410
031601110407,031601110408
031601110408,031601120101
031601110408,031601120103
031601110408,031601110409
031601110409,031601120103
031601110409,031601110411
031601110409,031601110412
031601110409,031601110410
031601110410,031601110412
031601110411,031601110413
031601110411,031601120103
031601110411,031601110412
031601110412,031601110413
031601110413,031601120106
031601110413,031601120203
031601110413,031601120103
031601120101,031601120102
031601120101,031601120104
031601120101,031601120103
031601120102,031601120104
031601120103,031601120104
031601120103,031601120106
031601120104,031601120302
031601120104,031601120105
031601120104,031601120106
031601120105,031601120302
031601120105,031601120303
031601120105,031601120106
031601120105,031601120203
031601120106,031601120203
031601120201,031601120403
031601120201,031601120301
031601120201,031601120202
031601120201,031601120406
031601120201,031601120404
031601120202,031601120301
031601120202,031601120306
031601120202,031601120203
031601120203,031601120303
031601120203,031601120306
031601120301,031601120501
031601120301,031601120411
031601120301,031601120407
031601120301,031601120306
031601120301,031601120406
031601120302,031601120303
031601120303,031601120502
031601120303,031601120305
031601120303,031601120306
031601120303,031601120304
031601120304,031601120306
031601120305,031601120504
031601120305,031601120502
031601120305,031601120306
031601120306,031601120504
031601120306,031601120505
031601120306,031601120501
031601120401,031601120403
031601120401,031601120402
031601120402,031601120403
031601120403,031601120405
031601120403,031601120404
031601120404,031601120405
031601120404,031601120408
031601120404,031601120406
031601120405,031601120410
031601120405,031601120409
031601120405,031601120408
031601120406,031601120407
031601120406,031601120408
031601120407,031601120411
031601120407,031601120408
031601120408,031601120409
031601120408,031601120411
031601120409,031601120410
031601120409,031601120411
031601120410,031601120412
031601120410,031601120413
031601120410,031601120411
031601120411,031601120413
031601120411,031601120501
031601120412,031601130202
031601120412,031601120505
031601120412,031601130201
031601120412,031601120413
031601120413,031601120505
031601120413,031601120501
031601120501,031601120505
031601120502,031601130104
031601120502,031601130101
031601120502,031601120504
031601120503,031601130205
031601120503,031601130104
031601120503,031601130101
031601120503,031601120504
031601120503,031601130203
031601120504,031601130101
031601120504,031601130203
031601120504,031601120505
031601120505,031601130203
031601120505,031601130201
031601130101,031601130104
031601130102,031601130103
031601130102,031601130104
031601130103,031601130401
031601130103,031601130302
031601130103,031601130105
031601130103,031601130104
031601130104,031601130105
031601130104,031601130205
031601130105,031601130302
031601130105,031601130205
031601130105,031601130602
031601130201,031601130202
031601130201,031601130203
031601130202,031601130204
031601130202,031601130203
031601130203,031601130205
031601130203,031601130204
031601130204,031601130205
031601130204,031601130602
031601130204,031601130601
031601130205,031601130602
031601130301,031601130401
031601130301,031601130604
031601130301,031601130302
031601130302,031601130401
031601130302,031601130604
031601130302,031601130602
031601130401,031601130501
031601130401,031601130504
031601130401,031601130502
031601130401,031601130402
031601130401,031601130604
031601130402,031601130507
031601130402,031601130506
031601130402,031601130502
031601130402,031601130604
031601130402,031601130607
031601130402,031601130605
031601130501,031601130503
031601130501,031601130504
031601130502,031601130506
031601130502,031601130504
031601130503,031601130703
031601130503,031601130701
031601130503,031601130505
031601130503,031601130506
031601130503,031601130504
031601130504,031601130506
031601130505,031601130802
031601130505,031601130507
031601130505,031601130706
031601130505,031601130701
031601130505,031601130707
031601130505,031601130506
031601130506,031601130507
031601130507,031601130802
031601130507,031601130803
031601130507,031601130607
031601130601,031601130602
031601130601,031601130603
031601130602,031601130604
031601130602,031601130603
031601130603,031601130604
031601130603,031601130605
031601130604,031601130605
031601130605,031601130607
031601130605,031601130606
031601130606,031601130803
031601130606,031601130607
031601130607,031601130803
031601130701,031601130705
031601130701,031601130703
031601130701,031601130706
031601130702,031601130704
031601130702,031601130705
031601130702,031601130703
031601130703,031601130705
031601130704,031602010102
031601130704,031602010105
031601130704,031601130708
031601130704,031601130705
031601130705,031601130708
031601130705,031601130706
031601130706,031601130708
031601130706,031601130707
031601130707,031601130804
031601130707,031601130802
031601130707,031601130708
031601130708,031602010105
031601130708,031601130805
031601130708,031601130806
031601130708,031601130804
031601130801,031601130804
031601130801,031601130803
031601130802,031601130804
031601130802,031601130803
031601130803,031601130804
031601130804,031601130806
031601130805,031602010105
031601130805,031601130806
031601130806,031602010404
031601130806,031602010105
031601130806,031602010401
031602010101,031602010106
031602010101,031602010103
031602010102,031602010106
031602010102,031602010103
031602010102,031602010104
031602010102,031602010105
031602010103,031602010106
031602010104,031602010106
031602010104,031602010105
031602010105,031602010108
031602010105,031602010107
031602010105,031602010404
031602010105,031602010106
031602010106,031602010301
031602010106,031602010108
031602010107,031602010109
031602010107,031602010108
031602010107,031602010406
031602010107,031602010404
031602010108,031602010301
031602010108,031602010109
031602010109,031602010407
031602010109,031602010301
031602010109,031602010302
031602010109,031602010408
031602010109,031602010406
031602010201,031602010202
031602010201,031602020602
031602010201,031602020603
031602010202,031602010503
031602010202,031602010504
031602010202,031602010203
031602010202,031602010403
031602010202,031602020602
031602010202,031602020603
031602010202,031602020702
031602010203,031602010504
031602010203,031602010506
031602010203,031602010403
031602010203,031602010408
031602010301,031602010602
031602010301,031602010302
031602010302,031602010602
031602010302,031602010901
031602010302,031602010408
031602010401,031602010404
031602010401,031602020703
031602010401,031602010402
031602010402,031602010407
031602010402,031602010404
031602010402,031602010405
031602010402,031602020703
031602010403,031602010407
031602010403,031602010408
031602010403,031602020702
031602010403,031602020703
031602010404,031602010406
031602010404,031602010405
031602010405,031602010407
031602010405,031602010406
031602010406,031602010407
031602010407,031602010408
031602010407,031602020703
031602010408,031602010506
031602010408,031602010901
031602010501,031602010804
031602010501,031602010801
031602010501,031602010502
031602010501,031602010904
031602010501,031602010505
031602010502,031602010503
031602010502,031602010505
031602010503,031602010504
031602010503,031602010505
031602010504,031602010505
031602010504,031602010506
031602010505,031602010904
031602010505,031602010902
031602010505,031602010506
031602010506,031602010902
031602010506,031602010901
031602010601,031602010603
031602010601,031602010602
031602010602,031602010603
031602010602,031602010604
031602010602,031602010901
031602010603,031602030602
031602010603,031602010703
031602010603,031602010701
031602010603,031602010604
031602010604,031602010701
031602010604,031602010905
031602010604,031602010903
031602010604,031602010901
031602010701,031602010703
031602010701,031602010905
031602010702,031602030202
031602010702,031602030201
031602010702,031602030203
031602010702,031602010703
031602010702,031602010704
031602010703,031602030602
031602010703,031602030202
031602010703,031602010704
031602010703,031602010905
031602010704,031602010907
031602010704,031602030203
031602010704,031602010905
031602010801,031602010802
031602010801,031602010804
031602010801,031700020504
031602010802,031602010803
031602010802,031602010806
031602010802,031700020505
031602010802,031602010804
031602010802,031700020504
031602010803,031700020602
031602010803,031700020603
031602010803,031602010807
031602010803,031700020507
031602010803,031602010806
031602010803,031700020505
031602010804,031602010806
031602010804,031602010805
031602010804,031602010904
031602010805,031602010807
031602010805,031602010806
031602010805,031602010906
031602010805,031602010904
031602010806,031602010807
031602010807,031700020604
031602010807,031700020602
031602010807,031602010908
031602010807,031602010909
031602010807,031602010906
031602010901,031602010903
031602010901,031602010902
031602010902,031602010904
031602010902,031602010903
031602010903,031602010905
031602010903,031602010904
031602010904,031602010906
031602010904,031602010905
031602010905,031602010907
031602010905,031602010906
031602010906,031602010909
031602010906,031602010907
031602010907,031602030302
031602010907,031602010909
031602010907,031602030203
031602010908,031700020604
031602010908,031602030101
031602010908,031602030103
031602010908,031602030104
031602010908,031602030301
031602010908,031602010909
031602010909,031602030301
031602010909,031602030302
031602020305,031602020502
031602020305,031602020401
031602020401,031602020502
031602020401,031602020604
031602020401,031602020404
031602020401,031602020402
031602020402,031602020404
031602020402,031602020403
031602020403,031602020404
031602020404,031602020604
031602020404,031602020405
031602020405,031602020604
031602020405,031602020702
031602020405,031602020701
031602020502,031602020603
031602020502,031602020604
031602020602,031602020603
031602020603,031602020604
031602020603,031602020702
031602020604,031602020702
031602020701,031602020702
031602020701,031602020703
031602020702,031602020703
031602030101,031602030102
031602030101,031700020604
031602030101,031602030103
031602030102,031700080101
031602030102,031602030701
031602030102,031700020604
031602030102,031602030103
031602030103,031602030701
031602030103,031602030501
031602030103,031602030104
031602030104,031602030501
031602030104,031602030502
031602030104,031602030301
031602030104,031602030302
031602030201,031602030205
031602030201,031602030202
031602030201,031602030203
031602030202,031602030402
031602030202,031602030401
031602030202,031602030603
031602030202,031602030602
031602030202,031602030205
031602030203,031602030302
031602030203,031602030205
031602030204,031602030302
031602030204,031602030205
031602030205,031602030403
031602030205,031602030401
031602030205,031602030502
031602030205,031602030302
031602030301,031602030302
031602030302,031602030502
031602030401,031602030403
031602030401,031602030402
031602030402,031602030901
031602030402,031602030403
031602030402,031602030605
031602030402,031602030604
031602030402,031602030603
031602030403,031602030901
031602030403,031602030502
031602030501,031602030704
031602030501,031602030701
031602030501,031602030502
031602030502,031602030704
031602030502,031602030901
031602030601,031602030603
031602030601,031602030602
031602030602,031602030603
031602030603,031602030604
031602030604,031602030605
031602030604,031602030606
031602030605,031602030607
031602030605,031602030901
031602030605,031602030606
031602030606,031602030902
031602030606,031602030607
031602030607,031602030903
031602030607,031602030902
031602030607,031602030901
031602030701,031700080101
031602030701,031602030702
031602030701,031602030704
031602030702,031700080104
031602030702,031700080102
031602030702,031700080101
031602030702,031602031002
031602030702,031602030801
031602030702,031602030703
031602030702,031602030704
031602030703,031602030801
031602030703,031602030704
031602030703,031602030802
031602030703,031602030705
031602030704,031602030705
031602030704,031602030901
031602030705,031602030802
031602030705,031602030903
031602030705,031602030901
031602030801,031602031002
031602030801,031602030802
031602030802,031602031103
031602030802,031602031002
031602030802,031602030903
031602030901,031602030903
031602030902,031602030903
031602030903,031602031103
031602030903,031602031101
031602031001,031602040101
031602031001,031602031102
031602031001,031602031103
031602031001,031700080203
031602031001,031700080202
031602031001,031602031002
031602031002,031602031103
031602031002,031700080104
031602031002,031700080202
031602031101,031602031103
031602031102,031602040101
031602031102,031602040102
031602031102,031602040103
031602031102,031602031103
031602031103,031602040103
031602040101,031602040302
031602040101,031700080205
031602040101,031602040102
031602040101,031700080203
031602040102,031602040302
031602040102,031602040301
031602040102,031602040105
031602040102,031602040106
031602040102,031602040103
031602040103,031602040106
031602040103,031602040104
031602040104,031602040106
031602040104,031602040201
031602040105,031602040403
031602040105,031602040402
031602040105,031602040401
031602040105,031602040301
031602040105,031602040202
031602040105,031602040106
031602040106,031602040202
031602040106,031602040201
031602040201,031602040203
031602040201,031602040202
031602040202,031602040403
031602040202,031602040203
031602040203,031602040403
031602040203,031602040502
031602040301,031602040402
031602040301,031602040302
031602040302,031602040402
031602040302,031602040303
031602040302,031700080501
031602040302,031700080205
031602040303,031602040305
031602040303,031602040402
031602040303,031602040304
031602040303,031700080502
031602040303,031700080501
031602040304,031602040504
031602040304,031602040305
031602040304,031700080601
031602040304,031700080502
031602040305,031602040505
031602040305,031602040504
031602040305,031602040403
031602040305,031602040402
031602040401,031602040403
031602040401,031602040402
031602040402,031602040403
031602040403,031602040505
031602040403,031602040502
031602040501,031602050201
031602040501,031602040503
031602040501,031602040502
031602040502,031602040503
031602040502,031602040505
031602040503,031602050201
031602040503,031602040505
031602040504,031602050105
031602040504,031602050101
031602040504,031602040505
031602040504,031602050102
031602040504,031700080601
031602040505,031602050205
031602040505,031602050201
031602040505,031602050300
031602040505,031602050105
031602050101,031602050103
031602050101,031602050105
031602050101,031602050102
031602050102,031602050104
031602050102,031602050103
031602050102,031700080602
031602050102,031700080601
031602050103,031602050104
031602050103,031602050300
031602050103,031602050105
031602050104,031700090103
031602050104,031700090102
031602050104,031700080701
031602050104,031700080602
031602050104,031602050300
031602050104,031602050105
031602050105,031700090201
031602050105,031700090103
031602050105,031602050300
031602050201,031602050205
031602050201,031602050202
031602050202,031602050203
031602050202,031602050204
031602050202,031602050205
031602050203,031602050207
031602050203,031602050204
031602050203,031602050206
031602050204,031602050207
031602050204,031602050205
031602050204,031602050300
031602050205,031602050300
031602050206,031602050208
031602050206,031602050207
031602050206,031602050300
031602050207,031602050300
031602050208,031700090203
031602050208,031602050300
031602050300,031700090202
031602050300,031700090201
031602050300,031700090203
031700020504,031700020505
031700020505,031700020507
031700020507,031700020603
031700020602,031700020605
031700020602,031700020604
031700020602,031700020603
031700020604,031700080101
031700020604,031700020605
031700020605,031700020607
031700020605,031700080101
031700020607,031700080103
031700020607,031700080102
031700020607,031700080101
031700030204,031700080201
031700030204,031700080105
031700030204,031700080103
031700030402,031700080206
031700030402,031700080204
031700080101,031700080102
031700080102,031700080105
031700080102,031700080104
031700080102,031700080103
031700080103,031700080105
031700080104,031700080105
031700080104,031700080202
031700080105,031700080201
031700080105,031700080202
031700080201,031700080204
031700080201,031700080202
031700080202,031700080204
031700080202,031700080203
031700080203,031700080205
031700080203,031700080204
031700080204,031700080206
031700080204,031700080205
031700080205,031700080303
031700080205,031700080206
031700080205,031700080501
031700080206,031700080303
031700080302,031700080303
031700080303,031700080404
031700080303,031700080402
031700080303,031700080502
031700080303,031700080501
031700080402,031700080404
031700080402,031700080403
031700080403,031700080405
031700080403,031700080404
031700080404,031700080405
031700080404,031700080601
031700080404,031700080502
031700080405,031700080603
031700080405,031700080601
031700080501,031700080502
031700080502,031700080601
031700080601,031700080602
031700080601,031700080603
031700080602,031700080701
031700080602,031700080603
031700080603,031700080701
031700080701,031700090102
031700080701,031700080702
031700080702,031700090101
031700080702,031700090102
031700090101,031700090201
031700090101,031700090102
031700090102,031700090201
031700090102,031700090103
031700090103,031700090201
031700090201,031700090202
031700090201,031700091500
031700090202,031700090203
031700090202,031700091500
031700090203,031700091500
060200011101,060300010702
060200011101,060200011102
060200011101,060200011103
060200011102,060200011103
060200011103,060300010702
060200011103,060300010401
060200011103,060300010202
060200011204,060300010202
060200011204,060300010203
060200011204,060300010201
060300010201,060300010205
060300010201,060300010203
060300010201,060300010204
060300010202,060300010401
060300010202,060300010403
060300010202,060300010402
060300010202,060300010205
060300010202,060300010203
060300010203,060300010205
060300010204,060300010205
060300010204,060300010307
060300010204,060300010304
060300010204,060300010302
060300010205,060300010408
060300010205,060300010403
060300010205,060300010307
060300010302,060300010304
060300010302,060300010303
060300010303,060300010304
060300010303,060300010306
060300010303,060300020101
060300010304,060300010307
060300010304,060300010306
060300010305,060300010307
060300010305,060300010405
060300010305,060300010404
060300010305,060300010306
060300010305,060300020101
060300010306,060300010307
060300010306,060300020101
060300010307,060300010408
060300010307,060300010405
060300010401,060300010702
060300010401,060300010406
060300010401,060300010403
060300010401,060300010402
060300010402,060300010403
060300010403,060300010407
060300010403,060300010406
060300010403,060300010408
060300010404,060300020106
060300010404,060300010602
060300010404,060300010601
060300010404,060300010405
060300010404,060300020101
060300010405,060300010408
060300010405,060300010602
060300010406,060300010503
060300010406,060300010501
060300010406,060300010701
060300010406,060300010702
060300010406,060300010407
060300010406,060300010502
060300010407,060300010408
060300010407,060300010502
060300010407,060300010606
060300010408,060300010606
060300010408,060300010602
060300010501,060300010503
060300010501,060300010502
060300010502,060300010503
060300010502,060300010505
060300010502,060300010504
060300010502,060300010606
060300010503,060300010703
060300010503,060300010701
060300010503,060300010704
060300010503,060300010505
060300010504,060300010505
060300010504,060300010606
060300010505,060300010901
060300010505,060300010705
060300010505,060300010704
060300010505,060300010606
060300010601,060300020106
060300010601,060300010603
060300010601,060300010602
060300010602,060300010606
060300010602,060300010603
060300010603,060300010604
060300010603,060300020106
060300010603,060300010606
060300010603,060300010605
060300010604,060300020202
060300010604,060300020203
060300010604,060300020106
060300010604,060300010605
060300010605,060300020202
060300010605,060300010606
060300010606,060300010901
060300010606,060300020202
060300010701,060300010703
060300010701,060300010702
060300010702,060300010703
060300010703,060300010803
060300010703,060300010705
060300010703,060300010704
060300010704,060300010705
060300010705,060300010901
060300010705,060300010803
060300010705,060300010804
060300010705,060300010807
060300010801,060300010802
060300010801,060300010806
060300010801,060300010805
060300010801,060300010803
060300010802,060300010806
060300010803,060300010805
060300010803,060300010804
060300010804,060300010805
060300010804,060300010807
060300010805,060300010806
060300010805,060300010807
060300010806,060300010903
060300010806,060300010902
060300010806,060300010807
060300010807,060300010903
060300010807,060300010906
060300010807,060300010901
060300010901,060300010906
060300010901,060300010905
060300010901,060300020202
060300010902,060300010903
060300010903,060300010904
060300010903,060300010906
060300010904,060300020902
060300010904,060300020901
060300010904,060300010906
060300010905,060300010906
060300010905,060300020204
060300010905,060300020202
060300010906,060300020902
060300010906,060300020204
060300020101,060300020106
060300020101,060300020103
060300020102,060300020107
060300020102,060300020104
060300020102,060300020303
060300020102,060300020103
060300020102,060300030601
060300020103,060300020107
060300020103,060300020106
060300020103,060300030601
060300020104,060300020107
060300020104,060300020105
060300020104,060300020401
060300020104,060300020303
060300020105,060300020203
060300020105,060300020201
060300020105,060300020107
060300020105,060300020401
060300020106,060300020203
060300020106,060300020107
060300020107,060300020203
060300020201,060300020203
060300020201,060300020402
060300020201,060300020401
060300020202,060300020204
060300020202,060300020203
060300020203,060300020404
060300020203,060300020204
060300020203,060300020402
060300020204,060300020902
060300020204,060300020405
060300020204,060300020404
060300020301,060300020307
060300020301,060300020302
060300020301,060300020303
060300020301,060300030601
060300020302,060300020307
060300020302,060300020304
060300020303,060300020401
060300020303,060300020307
060300020303,060300030601
060300020304,060300020701
060300020304,060300020305
060300020304,060300020306
060300020304,060300020307
060300020305,060300020701
060300020305,060300020502
060300020305,060300020403
060300020305,060300020501
060300020305,060300020306
060300020306,060300020403
060300020306,060300020307
060300020307,060300020403
060300020307,060300020402
060300020307,060300020401
060300020401,060300020402
060300020402,060300020404
060300020402,060300020403
060300020403,060300020404
060300020403,060300020502
060300020404,060300020405
060300020404,060300020903
060300020404,060300020502
060300020405,060300020902
060300020405,060300020904
060300020405,060300020903
060300020501,060300020504
060300020501,060300020702
060300020501,060300020701
060300020501,060300020505
060300020501,060300020503
060300020501,060300020502
060300020502,060300020903
060300020502,060300020503
060300020503,060300020904
060300020503,060300020903
060300020503,060300020505
060300020504,060300020906
060300020504,060300020905
060300020504,060300020702
060300020504,060300020505
060300020505,060300020906
060300020505,060300020904
060300020601,060300020603
060300020601,060300020605
060300020601,060300020902
060300020601,060300020606
060300020601,060300020904
060300020602,060300021001
060300020602,060300021002
060300020602,060300020603
060300020602,060300020605
060300020603,060300020605
060300020603,060300020902
060300020603,060300020901
060300020604,060300021002
060300020604,060300021004
060300020604,060300021005
060300020604,060300020906
060300020604,060300020605
060300020604,060300020606
060300020605,060300021002
060300020605,060300020606
060300020606,060300020906
060300020606,060300020904
060300020701,060300020702
060300020701,060300020801
060300020702,060300020905
060300020702,060300020703
060300020702,060300020802
060300020702,060300020801
060300020703,060300020906
060300020703,060300020905
060300020703,060300020803
060300020703,060300020802
060300020801,060300021101
060300020801,060300020802
060300020801,060300040402
060300020802,060300020803
060300020802,060300021101
060300020803,060300020906
060300020803,060300021102
060300020803,060300021101
060300020901,060300020902
060300020902,060300020904
060300020903,060300020904
060300020904,060300020906
060300020905,060300020906
060300020906,060300021005
060300020906,060300021014
060300020906,060300021102
060300021001,060300021003
060300021001,060300021002
060300021002,060300021003
060300021002,060300021004
060300021003,060300021006
060300021003,060300021007
060300021003,060300021004
060300021004,060300021007
060300021004,060300021005
060300021005,060300021007
060300021005,060300021014
060300021006,060300021010
060300021006,060300021007
060300021006,060300021014
060300021006,060300021008
060300021007,060300021014
060300021008,060300021010
060300021008,060300021014
060300021008,060300021012
060300021008,060300021013
060300021009,060300021010
060300021009,060300050102
060300021009,060300050103
060300021009,060300021012
060300021009,060300021011
060300021010,060300021012
060300021011,060300050103
060300021011,060300021012
060300021011,060300021013
060300021011,060300021104
060300021011,060300021106
060300021012,060300021013
060300021013,060300021014
060300021013,060300021102
060300021013,060300021104
060300021014,060300021102
060300021101,060300021102
060300021101,060300021105
060300021101,060300021103
060300021101,060300040403
060300021101,060300040402
060300021102,060300021104
060300021102,060300021105
060300021103,060300021105
060300021103,060300021107
060300021103,060300040405
060300021103,060300040403
060300021104,060300021106
060300021104,060300021105
060300021105,060300021106
060300021105,060300021107
060300021106,060300050103
060300021106,060300021201
060300021106,060300021107
060300021107,060300021201
060300021107,060300021205
060300021107,060300040405
060300021201,060300050103
060300021201,060300050104
060300021201,060300050105
060300021201,060300021205
060300021202,060300021205
060300021202,060300021204
060300021202,060300040404
060300021202,060300040405
060300021203,060300050202
060300021203,060300050201
060300021203,060300021204
060300021203,060300040404
060300021204,060300050801
060300021204,060300050202
060300021204,060300021205
060300021204,060300040404
060300021205,060300050801
060300021205,060300050105
060300021205,060300040405
060300040303,060300040404
060300040303,060300040405
060300040303,060300040403
060300040303,060300040401
060300040401,060300040403
060300040401,060300040402
060300040402,060300040403
060300040403,060300040405
060300040404,060300040405
060300050101,060300050303
060300050101,060300050302
060300050101,060300050102
060300050101,060300050104
060300050102,060300050302
060300050102,060300050103
060300050102,060300050104
060300050103,060300050104
060300050104,060300050303
060300050104,060300050105
060300050104,060300050304
060300050105,060300050801
060300050105,060300050304
060300050201,060300050202
060300050201,060300050509
060300050201,060300050508
060300050202,060300050801
060300050202,060300050509
060300050301,060300060102
060300050301,060300060101
060300050301,060300060201
060300050301,060300050701
060300050301,060300050303
060300050301,060300050302
060300050302,060300060102
060300050302,060300050303
060300050303,060300050701
060300050303,060300050703
060300050303,060300050702
060300050303,060300050802
060300050303,060300050304
060300050304,060300050802
060300050304,060300050801
060300050507,060300050604
060300050507,060300050602
060300050507,060300050509
060300050507,060300050508
060300050508,060300050509
060300050509,060300050605
060300050509,060300050801
060300050509,060300050604
060300050601,060300050604
060300050601,060300050602
060300050602,060300050605
060300050602,060300050902
060300050602,060300050603
060300050602,060300050604
060300050603,060300051002
060300050603,060300050806
060300050603,060300050605
060300050603,060300051003
060300050603,060300050902
060300050603,060300051001
060300050604,060300050605
060300050605,060300050808
060300050605,060300050806
060300050605,060300050803
060300050605,060300050801
060300050701,060300060201
060300050701,060300050804
060300050701,060300050703
060300050702,060300050703
060300050702,060300050802
060300050703,060300050805
060300050703,060300050808
060300050703,060300050804
060300050703,060300050802
060300050703,060300050803
060300050801,060300050802
060300050801,060300050803
060300050802,060300050803
060300050803,060300050808
060300050804,060300060201
060300050804,060300060202
060300050804,060300060203
060300050804,060300050807
060300050804,060300050805
060300050805,060300050807
060300050805,060300050808
060300050806,060300050808
060300050806,060300051002
060300050807,060300060203
060300050807,060300050808
060300050807,060300051002
060300050807,060300060301
060300050807,060300060305
060300050808,060300051002
060300050901,060300051004
060300050901,060300051202
060300050901,060300050902
060300050901,060300051203
060300050902,060300051004
060300050902,060300051003
060300051001,060300051002
060300051001,060300051004
060300051001,060300051003
060300051002,060300060305
060300051002,060300060307
060300051002,060300051004
060300051003,060300051004
060300051004,060300060307
060300051004,060300051202
060300051202,060300060307
060300051202,060300051203
060300060101,060300060103
060300060101,060300060102
060300060101,060300060201
060300060101,060300060205
060300060102,060300060103
060300060103,060300060104
060300060103,060300060205
060300060104,060300060105
060300060104,060300060206
060300060104,060300060205
060300060105,060300060206
060300060105,060300060106
060300060105,060300060207
060300060106,060300060207
060300060106,060300060304
060300060106,060300060302
060300060201,060300060205
060300060201,060300060202
060300060202,060300060205
060300060202,060300060203
060300060203,060300060206
060300060203,060300060204
060300060203,060300060205
060300060203,060300060301
060300060204,060300060206
060300060204,060300060207
060300060204,060300060301
060300060205,060300060206
060300060206,060300060207
060300060207,060300060301
060300060207,060300060304
060300060301,060300060304
060300060301,060300060305
060300060302,060300060304
060300060302,060300060303
060300060303,060300060304
060300060303,060300060306
060300060304,060300060305
060300060304,060300060306
060300060305,060300060306
060300060305,060300060307
060300060306,060300060307
